STATE,ST_CASE,VE_TOTAL,VE_FORMS,PVH_INVL,PEDS,PERNOTMVIT,PERMVIT,PERSONS,COUNTY,CITY,DAY,MONTH,YEAR,DAY_WEEK,HOUR,MINUTE,NHS,RUR_URB,FUNC_SYS,RD_OWNER,ROUTE,TWAY_ID,TWAY_ID2,MILEPT,LATITUDE,LONGITUD,SP_JUR,HARM_EV,MAN_COLL,RELJCT1,RELJCT2,TYP_INT,WRK_ZONE,REL_ROAD,LGT_COND,WEATHER1,WEATHER2,WEATHER,SCH_BUS,RAIL,NOT_HOUR,NOT_MIN,ARR_HOUR,ARR_MIN,HOSP_HR,HOSP_MN,CF1,CF2,CF3,FATALS,DRUNK_DR,RANK
4,40029,2,2,0,0,0,2,2,25,0,29,1,2015,5,8,24,1,1,3,1,2,US-93,,1639,34.336,-113.147,0,12,2,0,1,1,0,1,1,10,0,10,0,0,8,24,8,50,88,88,0,0,0,2,0,0
4,40030,2,2,0,0,0,8,8,21,0,30,1,2015,6,7,45,0,1,4,1,3,SR-77,,1226,32.829,-110.7,0,12,2,0,1,1,0,1,4,2,0,2,0,0,7,51,8,16,9,42,0,0,0,3,0,1
4,40031,1,1,0,0,0,2,2,25,0,30,1,2015,6,14,56,1,1,1,1,1,I-17,,2965,34.671,-111.778,0,1,0,0,1,1,0,3,1,2,0,2,0,0,14,55,15,5,16,59,0,0,0,2,0,1
4,40034,1,1,0,0,0,3,3,12,0,4,1,2015,1,17,50,1,1,1,1,1,I-10,,538,33.609,-113.623,0,1,0,1,19,1,0,4,2,1,0,1,0,0,17,51,18,32,99,99,0,0,0,1,0,1
4,40036,3,3,0,0,0,8,8,13,490,8,1,2015,5,15,57,1,2,2,1,3,SR-101,,540,33.402,-111.891,0,12,1,1,18,1,0,1,1,1,0,1,0,0,16,0,16,5,99,99,28,0,0,1,0,2
4,40045,3,3,0,0,0,5,5,13,370,24,1,2015,7,19,3,1,2,1,1,1,I-10,,1464,33.462,-112.052,0,12,1,1,18,1,0,1,3,1,0,1,0,0,19,6,19,13,99,99,0,0,0,1,0,1
4,40046,3,3,0,0,0,5,5,5,0,31,1,2015,7,17,59,1,1,1,1,1,I-17,,3210,34.919,-111.643,0,12,1,0,1,1,0,1,1,1,0,1,0,0,18,1,18,15,99,99,0,0,0,1,1,1
4,40050,1,1,0,1,1,1,1,21,405,11,1,2015,1,20,36,0,1,4,1,3,SR-87,,1500,33.111,-111.719,3,8,0,0,1,1,0,1,2,2,10,2,0,0,99,99,99,99,88,88,0,0,0,1,0,1
4,40066,1,1,0,0,0,6,6,15,0,4,2,2015,4,15,4,1,1,3,1,3,SR-68,,91,35.199,-114.42,0,17,0,0,1,1,0,3,1,1,0,1,0,0,15,5,15,16,16,9,0,0,0,1,0,2
4,40068,2,2,0,0,0,2,2,13,0,5,2,2015,5,16,48,0,1,5,1,3,SR-88,,2153,33.532,-111.366,0,35,0,0,1,1,0,4,1,1,0,1,0,0,16,48,17,30,88,88,0,0,0,1,0,1
4,40070,2,2,0,0,0,3,3,19,0,6,2,2015,6,7,3,0,2,4,1,3,SR-86,SAN JOAQUIN RD,1634,32.155,-111.116,0,12,6,0,2,3,0,1,1,1,0,1,0,0,7,5,7,8,7,51,0,0,0,1,0,1
4,40071,1,1,0,0,0,2,2,7,300,7,2,2015,7,9,11,1,2,3,1,2,US-60,,2448,33.402,-110.864,0,5,0,0,1,1,0,1,1,1,0,1,0,0,9,33,9,41,10,36,0,0,0,1,0,0
4,40075,2,2,0,0,0,3,3,3,580,12,2,2015,5,18,30,1,1,1,1,1,I-10,,3405,32.266,-109.844,0,12,1,1,18,1,0,1,2,1,0,1,0,0,18,38,18,42,99,99,0,0,0,1,0,1
4,40076,1,1,0,0,0,2,2,5,0,13,2,2015,6,4,30,1,1,1,1,1,I-40,,2066,35.204,-111.488,0,52,0,0,1,1,0,3,2,1,0,1,0,0,4,32,4,40,99,99,0,0,0,1,0,1
4,40078,2,2,0,0,0,4,4,17,0,15,2,2015,1,5,52,1,1,3,1,2,US-160,,3920,36.704,-110.275,3,12,8,0,1,1,0,1,2,1,0,1,0,0,5,52,5,56,99,99,0,0,0,1,0,0
4,40080,1,1,0,1,1,1,1,13,420,15,2,2015,1,21,5,1,2,2,1,2,US-60,,1743,33.386,-111.929,0,8,0,1,18,1,0,1,3,1,0,1,0,0,21,8,21,18,88,88,0,0,0,1,0,0
4,40081,1,1,0,0,0,1,1,7,0,16,2,2015,2,12,40,0,1,4,1,3,SR-77,,1469,33.088,-110.715,0,24,0,0,1,1,0,4,1,1,0,1,0,0,12,51,13,14,14,40,0,0,0,1,0,1
4,40082,1,1,0,1,1,1,1,13,368,16,2,2015,2,23,16,1,2,3,4,6,NORTHERN AVE,,0,33.552,-112.23,0,8,0,0,1,1,0,1,2,1,0,1,0,0,23,16,23,25,88,88,23,0,0,1,0,2
4,40085,1,1,0,0,0,1,1,19,295,18,2,2015,4,15,46,1,2,1,1,1,I-10,,2442,32.388,-111.117,0,42,0,0,1,1,0,4,1,1,0,1,0,0,15,47,16,5,88,88,0,0,0,1,0,1
4,40087,1,1,0,0,0,1,1,13,80,20,2,2015,6,9,36,1,2,2,1,3,SR-202,,497,33.287,-111.876,0,21,0,1,19,1,0,4,1,1,0,1,0,0,9,39,9,49,88,88,0,0,0,1,0,2
4,40088,1,1,0,0,0,4,4,19,530,20,2,2015,6,15,23,1,1,1,1,1,I-10,,2754,32.063,-110.776,0,1,0,1,19,1,0,3,1,1,0,1,0,0,15,23,15,25,99,99,0,0,0,3,0,1
4,40092,3,3,0,0,0,3,3,13,290,24,2,2015,3,7,1,1,2,2,1,2,US-60,,1855,33.387,-111.735,0,12,6,1,18,1,0,1,4,10,0,10,0,0,6,59,7,7,7,30,28,0,0,1,0,0
4,40093,3,3,0,0,0,3,3,21,110,25,2,2015,4,9,47,0,1,4,1,3,SR-87,KENWORTHY RD,1334,33.003,-111.541,0,12,9,0,3,3,0,1,1,1,0,1,0,0,9,51,9,55,10,29,0,0,0,1,0,1
4,40094,1,1,0,1,1,1,1,13,0,26,2,2015,5,5,50,1,1,3,1,3,SR-347,MARICOPA RD,1875,33.25,-111.977,3,8,0,0,3,3,0,1,2,1,0,1,0,0,5,50,5,55,88,88,0,0,0,1,0,2
4,40095,1,1,0,0,0,1,1,3,0,27,2,2015,6,16,49,1,1,3,1,3,SR-90,,3100,31.669,-110.35,0,41,0,0,1,1,0,4,1,1,0,1,0,0,16,50,16,54,88,88,0,0,0,1,0,1
4,40097,1,1,0,1,1,1,1,5,0,23,2,2015,2,20,0,1,1,3,1,2,US-160,,3231,36.124,-111.207,3,8,0,0,1,1,0,1,2,10,0,10,0,0,20,0,20,3,20,13,0,0,0,1,0,0
4,40121,1,1,0,0,0,1,1,15,0,20,2,2015,6,1,27,0,1,5,1,3,SR-66,,1100,35.554,-113.322,3,1,0,0,99,99,0,99,6,99,0,99,0,0,99,99,99,99,99,99,0,0,0,1,0,0
4,40126,1,1,0,0,0,1,1,13,200,24,2,2015,3,1,25,1,2,3,1,2,US-60,71ST AVE,1525,33.562,-112.212,0,35,0,0,3,2,0,3,3,1,0,1,0,0,1,25,1,29,1,50,0,0,0,1,1,0
4,40130,3,3,0,0,0,7,7,25,0,1,3,2015,1,12,15,1,1,3,1,2,US-93,,1751,34.194,-113.057,0,12,1,0,1,1,0,1,1,2,0,2,0,0,12,18,12,44,88,88,14,0,0,1,0,0
4,40135,1,1,0,0,0,1,1,13,420,4,3,2015,4,23,59,1,2,2,1,3,SR-101,,470,33.502,-111.888,3,25,0,0,1,1,1,3,3,1,0,1,0,0,0,2,0,5,88,88,18,0,0,1,1,2
4,40137,1,1,0,0,0,1,1,13,0,5,3,2015,5,6,37,1,1,3,1,3,SR-87,,1918,33.582,-111.662,3,58,0,0,1,1,0,3,2,1,0,1,0,0,6,46,6,55,88,88,0,0,0,1,0,1
4,40145,2,2,0,0,0,2,2,25,0,11,3,2015,4,7,12,1,1,3,1,3,SR-69,,2649,34.349,-112.153,0,12,1,0,1,1,0,1,1,1,0,1,0,0,7,13,7,16,8,27,0,0,0,1,0,2
4,40148,2,2,0,0,0,2,2,13,0,12,3,2015,5,5,54,1,1,3,1,3,SR-347,MARICOPA RD,1875,33.25,-111.978,3,12,9,0,3,2,0,1,2,10,0,10,0,0,5,55,5,55,88,88,0,0,0,1,1,2
4,40151,2,2,0,0,0,2,2,13,368,14,3,2015,7,2,48,1,2,3,4,6,NORTHERN AVE,,0,33.552,-112.232,0,12,1,0,1,1,0,1,2,1,0,1,0,0,2,49,2,56,3,17,0,0,0,1,1,2
4,40154,1,1,0,0,0,1,1,7,0,15,3,2015,1,19,31,1,1,3,1,3,SR-87,,2480,34.179,-111.337,0,1,0,0,1,1,0,1,3,1,0,1,0,0,19,37,19,47,88,88,0,0,0,1,0,1
4,40155,1,1,0,1,1,1,1,13,370,16,3,2015,2,6,49,1,2,3,4,6,INDIAN SCHOOL RD,20TH AVE,0,33.495,-112.102,0,15,0,0,2,2,0,1,1,1,0,1,0,0,6,50,6,56,7,12,0,0,0,1,0,1
4,40157,1,1,0,1,1,1,1,15,0,16,3,2015,2,22,9,1,1,3,1,3,SR-68,HOPE RD,243,35.22,-114.174,0,8,0,0,2,2,0,1,2,1,0,1,0,0,22,13,22,14,88,88,0,0,0,1,0,2
4,40158,1,1,0,0,0,6,6,5,0,16,3,2015,2,23,32,1,1,1,1,1,I-40,,2085,35.203,-111.454,0,1,0,0,1,1,0,4,2,1,0,1,0,0,23,39,99,99,99,99,0,0,0,1,0,1
4,40159,2,2,0,0,0,2,2,1,0,17,3,2015,3,1,1,1,1,1,1,1,I-40,,3128,35.068,-109.762,1,12,99,0,1,1,0,1,2,1,0,1,0,0,1,6,1,20,99,99,19,0,0,1,0,1
4,40161,2,2,0,0,0,7,7,25,0,17,3,2015,3,19,23,1,1,1,1,1,I-17,,2586,34.271,-112.115,0,12,99,0,1,1,0,1,2,1,0,1,0,0,19,25,19,32,20,10,0,0,0,1,0,1
4,40168,2,2,0,0,0,3,3,19,0,23,3,2015,2,17,13,1,1,1,1,1,I-10,,2950,31.968,-110.471,0,12,1,0,1,1,0,1,1,1,0,1,0,0,17,14,17,33,88,88,0,0,0,1,0,1
4,40169,2,2,0,0,0,3,3,5,0,24,3,2015,3,6,19,1,1,1,1,1,I-40,,2260,35.123,-111.168,0,12,2,0,1,1,0,1,1,1,0,1,0,0,6,19,7,0,88,88,0,0,0,1,1,1
4,40170,2,1,1,0,0,5,5,19,530,26,3,2015,5,21,2,1,2,1,1,1,I-10,,2689,32.123,-110.871,0,59,0,1,19,1,0,8,2,1,0,1,0,0,21,6,21,10,99,99,20,0,0,1,0,1
4,40175,1,1,0,0,0,1,1,5,0,29,3,2015,1,6,50,1,1,1,1,1,I-17,,3178,34.874,-111.635,0,1,0,1,19,1,0,3,1,10,0,10,0,0,6,50,6,52,88,88,0,0,0,1,0,1
4,40182,1,1,0,0,0,1,1,7,0,21,3,2015,7,11,0,0,1,4,1,3,SR-77,,1441,33.052,-110.718,0,1,0,0,1,1,0,4,1,1,0,1,0,0,11,5,11,31,12,55,0,0,0,1,0,1
4,40183,1,1,0,0,0,1,1,13,490,27,3,2015,6,1,52,1,2,2,1,2,US-60,,1724,33.388,-111.961,0,1,0,1,19,1,0,8,3,10,0,10,0,0,1,52,1,52,88,88,0,0,0,1,1,0
4,40184,2,2,0,0,0,2,2,19,530,31,3,2015,3,16,12,1,2,1,1,1,I-10,,2558,32.256,-110.997,0,12,7,0,1,1,0,1,1,1,0,1,0,0,16,12,16,18,16,33,14,0,0,1,0,1
4,40186,2,2,0,0,0,4,4,21,0,11,3,2015,4,14,44,1,1,1,1,1,I-10,,1782,33.089,-111.82,3,12,7,0,1,1,0,1,1,1,0,1,0,0,14,46,14,50,99,99,0,0,0,1,0,1
4,40191,1,1,0,0,0,6,6,1,0,28,3,2015,7,4,17,0,1,5,1,2,US-191,,4530,36.232,-109.6,3,35,0,0,1,1,0,4,6,98,0,98,0,0,99,99,99,99,99,99,0,0,0,1,1,0
4,40194,2,2,0,0,0,2,2,13,370,20,3,2015,6,17,53,1,2,3,4,6,INDIAN SCHOOL RD,28TH ST,0,33.495,-112.022,0,12,6,0,2,2,0,1,1,1,0,1,0,0,17,24,17,27,17,54,0,0,0,1,1,1
4,40200,2,2,0,0,0,2,2,1,0,14,3,2015,7,5,6,0,1,5,1,2,US-191,,4554,36.266,-109.601,3,12,2,0,1,1,0,1,2,1,0,1,0,0,5,8,99,99,5,48,0,0,0,1,1,0
4,40206,3,3,0,0,0,3,3,13,370,19,3,2015,5,11,9,0,2,4,4,6,NORTHERN AVE,21ST AVE,0,33.553,-112.104,0,12,6,0,2,3,0,1,1,10,0,10,0,0,11,10,11,15,11,25,14,0,0,1,0,2
4,40213,1,1,0,0,0,1,1,13,60,2,4,2015,5,10,15,1,2,3,1,3,SR-85,,1532,33.41,-112.626,0,1,0,0,1,1,0,4,1,1,0,1,0,0,10,15,10,25,10,45,0,0,0,1,0,1
4,40215,3,3,0,0,0,5,5,25,0,3,4,2015,6,11,30,1,1,3,1,2,US-93,,1809,34.142,-112.978,0,12,8,0,1,1,0,1,1,1,0,1,0,0,11,30,11,58,12,48,0,0,0,3,0,0
4,40217,1,1,0,0,0,1,1,21,70,4,4,2015,7,1,51,1,2,1,1,1,I-10,,1966,32.855,-111.687,0,1,0,0,1,1,0,4,2,1,0,1,0,0,1,54,2,10,88,88,0,0,0,1,1,1
4,40218,2,2,0,0,0,2,2,19,530,5,4,2015,1,12,45,0,2,3,4,6,1ST AVE,,0,32.29,-110.961,0,12,6,0,8,1,0,1,1,1,0,1,0,0,12,45,12,51,88,88,0,0,0,1,0,2
4,40221,2,2,0,0,0,2,2,17,0,7,4,2015,3,7,15,1,1,3,1,3,SR-77,WHITE MOUNTAIN LAKES RD,3496,34.359,-110.053,0,12,6,0,2,3,0,1,1,1,0,1,0,0,7,15,7,29,8,9,0,0,0,1,0,1
4,40224,2,2,0,0,0,2,2,13,490,9,4,2015,5,16,50,1,2,2,1,2,US-60,,1763,33.386,-111.893,0,12,7,1,18,1,0,1,1,1,0,1,0,0,16,51,16,57,17,26,0,0,0,1,0,0
4,40226,1,1,0,0,0,1,1,25,0,10,4,2015,6,13,15,1,1,1,1,1,I-17,,2521,34.188,-112.133,0,1,0,0,1,1,0,4,1,1,0,1,0,0,13,16,13,27,14,30,0,0,0,1,0,1
4,40228,1,1,0,0,0,1,1,15,0,11,4,2015,7,12,15,1,1,3,1,3,SR-68,,90,35.199,-114.42,0,1,0,0,1,1,0,3,1,1,0,1,0,0,12,17,12,29,13,10,0,0,0,1,0,2
4,40231,2,2,0,0,0,3,3,19,0,12,4,2015,1,19,45,1,2,3,1,3,SR-77,,837,32.453,-110.932,0,12,1,0,1,1,1,1,3,1,0,1,0,0,19,47,20,14,21,1,0,0,0,1,1,1
4,40232,1,1,0,0,0,3,3,5,0,15,4,2015,4,1,47,1,1,3,1,2,US-160,,3145,36.097,-111.35,3,17,0,0,1,1,0,4,2,1,0,1,0,0,1,39,1,51,2,15,0,0,0,2,0,0
4,40233,2,2,0,0,0,2,2,21,0,16,4,2015,5,17,56,1,1,3,1,2,US-60,,2282,33.304,-111.087,0,12,2,0,1,1,0,1,1,1,0,1,0,0,18,0,18,14,88,88,0,0,0,1,1,0
4,40235,2,2,0,0,0,2,2,25,373,18,4,2015,7,22,28,1,2,3,1,3,SR-69,,2835,34.562,-112.26,0,12,2,0,1,1,0,1,2,1,0,1,0,0,22,28,22,34,23,0,0,0,0,1,1,2
4,40240,3,3,0,0,0,8,8,5,0,21,4,2015,3,21,36,1,1,1,1,1,I-17,,3282,35.01,-111.685,0,1,0,0,1,1,0,3,2,1,0,1,0,0,21,39,22,41,99,99,14,0,0,2,0,1
4,40247,1,1,0,0,0,1,1,13,0,26,3,2015,5,15,30,1,1,3,1,3,SR-87,,2212,33.9,-111.456,0,1,0,0,1,1,0,4,1,1,0,1,0,0,16,18,16,35,17,5,0,0,0,1,0,1
4,40248,1,1,0,0,0,2,2,3,0,12,4,2015,1,17,50,1,1,1,1,1,I-10,,3274,32.137,-110.004,0,35,0,0,1,1,0,4,1,10,0,10,0,0,17,56,18,7,18,40,0,0,0,1,0,1
4,40249,2,2,0,0,0,4,4,5,170,16,4,2015,5,14,5,1,2,1,1,1,I-40,,1960,35.171,-111.652,0,12,6,0,7,1,0,1,1,10,0,10,0,0,14,7,14,16,14,33,0,0,0,1,0,1
4,40250,3,3,0,0,0,3,3,21,0,23,4,2015,5,11,42,1,1,3,1,3,SR-347,,1825,33.18,-112.002,3,12,1,0,8,1,0,1,1,1,0,1,0,0,11,42,11,55,88,88,0,0,0,1,1,2
4,40251,2,2,0,0,0,2,2,23,0,24,4,2015,6,3,20,0,1,5,1,3,SR-82,,256,31.614,-110.72,0,12,6,0,1,1,0,1,3,1,0,1,0,0,3,20,3,33,88,88,0,0,0,1,0,2
4,40253,1,1,0,0,0,1,1,19,0,6,1,2015,3,99,99,0,1,5,1,3,SR-83,,570,31.985,-110.681,0,99,99,0,99,99,0,99,1,99,0,99,0,0,11,35,11,40,12,42,0,0,0,1,0,2
4,40263,1,1,0,1,1,1,1,17,565,18,4,2015,7,19,34,0,2,4,1,3,SR-73,FALCON WAY,3384,33.828,-109.972,3,8,0,0,3,3,0,1,6,1,0,1,0,0,99,99,99,99,88,88,0,0,0,1,0,2
4,40274,2,2,0,0,0,6,6,13,370,30,4,2015,5,18,22,1,2,3,4,6,INDIAN SCHOOL RD,,0,33.495,-112.201,0,12,6,0,8,1,0,1,5,1,0,1,0,0,18,23,18,25,18,46,0,0,0,1,0,1
4,40275,1,1,0,0,0,1,1,13,0,28,3,2015,7,10,53,1,2,1,1,1,I-10,,1640,33.262,-111.953,3,99,0,0,99,99,0,99,1,99,0,99,0,0,99,99,99,99,88,88,0,0,0,1,1,1
4,40276,1,1,0,0,0,1,1,13,370,1,5,2015,6,7,11,1,2,1,1,1,I-10,,1394,33.463,-112.174,0,1,0,1,19,1,0,4,1,1,0,1,0,0,7,11,7,16,7,31,0,0,0,1,0,1
4,40279,1,1,0,0,0,7,7,5,0,3,5,2015,1,19,34,1,1,1,1,1,I-17,,3185,34.883,-111.64,0,1,0,0,1,1,0,3,2,1,0,1,0,0,19,35,19,45,99,99,0,0,0,1,0,1
4,40281,1,1,0,0,0,1,1,25,0,8,5,2015,6,11,32,0,1,5,1,3,SR-260,,2320,34.493,-111.708,0,1,0,0,1,1,0,1,1,10,0,10,0,0,11,32,11,53,88,88,0,0,0,1,0,0
4,40282,1,1,0,0,0,1,1,5,0,8,5,2015,6,12,28,1,1,3,1,2,US-89,,4398,35.504,-111.549,0,1,0,0,1,1,0,4,1,6,0,6,0,0,12,28,12,45,88,88,0,0,0,1,0,0
4,40292,2,2,0,0,0,3,3,23,330,16,5,2015,7,11,9,0,2,4,1,3,SR-82,RANCHO GRANDE DR,22,31.356,-110.917,0,12,6,0,2,3,0,1,1,1,0,1,0,0,11,9,11,15,11,35,0,0,0,2,0,2
4,40297,1,1,0,0,0,1,1,13,60,19,5,2015,3,20,8,1,2,1,1,1,I-10,,1193,33.457,-112.519,0,1,0,0,1,1,0,4,2,1,0,1,0,0,20,8,20,16,20,47,0,0,0,1,1,1
4,40299,1,1,0,0,0,1,1,13,290,22,5,2015,6,13,23,1,2,2,1,3,SR-202,,125,33.449,-111.851,0,1,0,1,18,1,1,1,1,10,0,10,0,0,13,23,13,31,13,54,28,0,0,1,0,2
4,40302,1,1,0,0,0,1,1,1,0,23,5,2015,7,6,49,0,1,5,1,3,SR-61,,3572,34.312,-109.77,0,5,0,0,1,1,0,4,2,1,0,1,0,0,7,13,7,32,88,88,0,0,0,1,1,2
4,40304,1,1,0,0,0,1,1,13,490,26,5,2015,3,0,46,1,2,2,1,3,SR-101,,528,33.418,-111.891,0,59,0,1,19,1,0,4,3,1,0,1,0,0,0,48,0,55,88,88,0,0,0,1,0,2
4,40305,1,1,0,0,0,1,1,13,290,26,5,2015,3,13,47,1,2,2,1,3,SR-202,,166,33.465,-111.787,0,30,0,0,1,1,1,4,1,1,0,1,0,0,13,50,14,2,88,88,0,0,0,1,1,2
4,40306,2,2,0,0,0,3,3,5,0,28,5,2015,5,5,18,1,1,3,1,2,US-89,,4597,35.781,-111.457,3,12,6,0,1,1,0,2,1,1,0,1,0,0,5,18,5,51,99,99,0,0,0,1,1,0
4,40310,2,2,0,0,0,3,3,17,232,31,5,2015,1,15,15,1,1,3,1,3,SR-260,,3044,34.432,-110.59,0,12,2,0,1,1,0,1,1,10,0,10,0,0,15,16,15,25,16,55,0,0,0,2,0,0
4,40319,1,1,0,0,0,2,2,5,0,22,5,2015,6,13,0,1,1,1,1,1,I-40,,2150,35.178,-111.347,0,1,0,0,1,1,0,4,1,10,0,10,0,0,13,4,13,12,99,99,0,0,0,1,0,1
4,40320,1,1,0,1,1,1,1,21,0,28,5,2015,5,18,37,0,1,4,1,3,SR-77,,993,32.617,-110.818,0,9,0,0,1,1,0,2,1,1,0,1,0,0,18,37,18,39,99,96,0,0,0,1,1,1
4,40324,2,2,0,1,1,4,4,13,370,1,5,2015,6,20,8,0,2,4,4,6,NORTHERN AVE,13TH ST,0,33.553,-112.055,0,8,0,0,3,2,0,1,3,1,0,1,0,0,99,99,99,99,88,88,0,0,0,1,0,2
4,40336,1,1,0,1,1,1,1,1,0,14,5,2015,5,4,0,1,1,3,1,2,US-160,,4330,36.94,-109.642,3,8,0,0,1,1,0,2,2,10,0,10,0,0,99,99,99,99,88,88,0,0,0,1,0,0
4,40340,4,4,0,0,0,8,8,7,210,15,5,2015,6,22,30,1,2,3,1,2,US-70,MONTECITO DR,2534,33.379,-110.748,0,12,6,0,2,2,0,1,3,10,0,10,0,0,99,99,99,99,99,99,14,0,0,1,1,0
4,40357,2,2,0,0,0,2,2,12,0,4,6,2015,5,0,27,1,1,1,1,1,I-10,,342,33.655,-113.959,0,12,1,0,1,1,0,1,2,1,0,1,0,0,0,28,0,41,88,88,0,0,0,1,1,1
4,40360,3,3,0,0,0,3,3,13,370,6,6,2015,7,4,46,1,2,1,1,1,I-10,,1430,33.462,-112.094,0,12,7,1,17,1,0,1,3,10,0,10,0,0,4,47,4,50,88,88,14,0,0,1,0,1
4,40361,1,1,0,0,0,2,2,7,0,6,6,2015,7,16,17,1,1,3,1,3,SR-87,,2461,34.159,-111.323,0,35,0,0,1,1,0,4,1,1,0,1,0,0,16,23,16,31,17,50,0,0,0,1,0,1
4,40362,1,1,0,0,0,1,1,7,0,6,6,2015,7,20,1,1,1,3,1,3,SR-87,,2308,33.985,-111.383,0,1,0,0,1,1,0,4,2,1,0,1,0,0,20,4,20,30,88,88,0,0,0,1,0,1
4,40363,1,1,0,1,1,1,1,17,0,6,6,2015,7,20,14,1,1,3,1,3,SR-260,,3574,34.083,-109.906,3,8,0,0,1,1,0,1,2,1,0,1,0,0,20,19,20,25,20,50,0,0,0,1,0,0
4,40366,1,1,0,1,1,1,1,25,0,7,6,2015,1,17,22,1,1,1,1,1,I-17,,2950,34.654,-111.794,0,8,0,0,1,1,0,1,1,1,0,1,0,0,17,22,17,29,88,88,19,0,0,1,0,1
4,40367,2,2,0,0,0,2,2,25,386,7,6,2015,1,17,59,0,2,4,4,3,SR-89,,3158,34.585,-112.424,0,1,0,0,8,1,0,1,1,1,0,1,0,0,17,59,18,8,18,39,0,0,0,1,0,1
4,40368,1,1,0,0,0,1,1,5,0,8,6,2015,2,1,30,1,1,3,1,2,US-89,,4886,36.191,-111.393,3,35,0,0,1,1,0,4,2,1,0,1,0,0,6,15,6,30,88,88,0,0,0,1,0,0
4,40369,1,1,0,2,2,1,1,5,0,8,6,2015,2,5,4,1,1,3,1,2,US-160,,3248,36.134,-111.181,3,9,0,0,1,1,0,2,4,1,0,1,0,0,5,4,5,6,5,24,0,0,0,1,0,0
4,40372,1,1,0,0,0,3,3,17,610,9,6,2015,3,18,12,1,2,1,1,1,I-40,,2514,35.039,-110.737,0,1,0,0,1,1,0,4,1,1,0,1,0,0,18,13,18,18,18,36,0,0,0,1,0,1
4,40373,1,1,0,0,0,2,2,5,590,11,6,2015,5,10,54,1,1,1,1,1,I-40,,1658,35.262,-112.155,0,42,0,1,19,1,0,4,1,10,0,10,0,0,10,54,10,59,99,99,0,0,0,1,0,1
4,40375,1,1,0,0,0,1,1,27,0,12,6,2015,6,4,30,1,1,1,1,1,I-8,,496,32.713,-113.826,0,1,0,0,1,1,0,4,2,1,0,1,0,0,4,32,4,52,88,88,0,0,0,1,0,0
4,40377,2,2,0,0,0,2,2,17,430,13,6,2015,7,9,0,1,2,3,1,3,SR-77,,3594,34.488,-110.082,0,12,6,0,8,1,0,1,1,1,0,1,0,0,9,0,9,4,9,37,0,0,0,1,0,1
4,40378,1,1,0,0,0,1,1,5,0,14,6,2015,1,21,26,0,1,6,1,3,SR-99,,638,35.19,-110.938,0,1,0,0,1,1,0,4,2,1,0,1,0,0,21,29,21,45,88,88,0,0,0,1,1,2
4,40379,2,2,0,0,0,6,6,17,240,18,6,2015,5,11,9,1,1,3,1,3,SR-77,,3878,34.89,-110.162,0,12,6,0,1,1,0,1,1,1,0,1,0,0,11,10,11,22,99,99,0,0,0,1,0,1
4,40381,2,2,0,0,0,3,3,19,530,19,6,2015,6,13,38,1,2,3,1,3,SR-77,,715,32.29,-110.978,0,12,1,0,1,1,0,1,1,1,0,1,0,0,13,39,13,42,14,3,0,0,0,1,0,1
4,40384,3,3,0,0,0,4,4,13,490,22,6,2015,2,7,7,1,2,2,1,3,SR-202,,85,33.436,-111.912,0,1,0,1,18,1,0,1,1,1,0,1,0,0,7,7,7,13,7,29,14,0,0,1,0,2
4,40386,1,1,0,1,1,1,1,19,0,22,6,2015,2,22,48,0,2,4,1,3,SR-86,,1693,32.177,-111.021,0,8,0,0,1,1,0,2,2,1,0,1,0,0,22,40,22,48,88,88,0,0,0,1,0,1
4,40388,1,1,0,0,0,1,1,12,0,24,6,2015,4,19,57,0,1,5,1,3,SR-72,,293,33.907,-113.982,0,1,0,0,1,1,0,1,5,1,0,1,0,0,19,57,20,1,88,88,0,0,0,1,0,2
4,40389,1,1,0,0,0,1,1,21,0,25,6,2015,5,14,58,1,1,1,1,1,I-10,,1755,33.122,-111.845,3,1,0,1,19,1,0,3,1,1,0,1,0,0,15,0,15,9,15,36,0,0,0,1,0,1
4,40392,1,1,0,0,0,3,3,17,240,27,6,2015,7,21,49,1,1,1,1,1,I-40,,2884,34.925,-110.136,0,1,0,0,1,1,0,3,2,10,0,10,0,0,21,49,21,55,88,88,0,0,0,3,0,1
4,40393,1,1,0,0,0,1,1,13,0,28,6,2015,1,18,0,1,1,1,1,1,I-10,,995,33.477,-112.848,0,1,0,0,1,1,0,2,1,1,0,1,0,0,18,3,18,15,88,88,0,0,0,1,0,1
4,40397,2,2,0,1,1,4,4,7,0,30,6,2015,3,20,42,0,1,4,1,2,US-70,,2585,33.355,-110.667,3,8,0,0,1,1,0,1,6,99,0,99,0,0,99,99,99,99,88,88,14,0,0,1,0,0
4,40412,1,1,0,1,1,1,1,9,0,18,6,2015,5,20,40,0,1,4,1,2,US-70,,99999,100,1000,3,8,0,0,99,99,0,1,6,99,0,99,0,0,99,98,99,98,88,88,0,0,0,1,0,0
4,40415,1,1,0,1,1,3,3,13,370,20,6,2015,7,20,46,1,2,3,4,6,INDIAN SCHOOL RD,,0,33.495,-112.049,0,8,0,0,1,1,0,1,3,1,0,1,0,0,20,47,20,51,21,5,0,0,0,1,0,1
4,40416,1,1,0,0,0,1,1,1,0,24,6,2015,4,5,19,0,1,5,1,2,US-191,,4523,36.222,-109.603,3,1,0,0,99,99,0,99,6,99,0,99,0,0,99,98,99,98,88,88,0,0,0,1,0,0
4,40422,2,2,0,0,0,5,5,13,370,28,6,2015,1,11,14,0,2,4,4,6,BROADWAY RD,16TH ST,0,33.407,-112.047,0,12,6,0,2,2,0,1,1,1,0,1,0,0,99,99,99,99,99,99,0,0,0,2,0,1
4,40424,3,3,0,0,0,8,8,13,0,28,5,2015,5,13,14,1,1,3,1,3,SR-85,,1230,32.977,-112.67,0,12,6,0,1,1,0,1,1,1,0,1,0,0,13,16,13,26,14,41,14,0,0,2,0,1