STATE,ST_CASE,VE_TOTAL,VE_FORMS,PVH_INVL,PEDS,PERNOTMVIT,PERMVIT,PERSONS,COUNTY,CITY,DAY,MONTH,YEAR,DAY_WEEK,HOUR,MINUTE,NHS,RUR_URB,FUNC_SYS,RD_OWNER,ROUTE,TWAY_ID,TWAY_ID2,MILEPT,LATITUDE,LONGITUD,SP_JUR,HARM_EV,MAN_COLL,RELJCT1,RELJCT2,TYP_INT,WRK_ZONE,REL_ROAD,LGT_COND,WEATHER1,WEATHER2,WEATHER,SCH_BUS,RAIL,NOT_HOUR,NOT_MIN,ARR_HOUR,ARR_MIN,HOSP_HR,HOSP_MN,CF1,CF2,CF3,FATALS,DRUNK_DR,RANK
12,120056,1,1,0,0,0,5,5,107,0,14,1,2015,4,20,20,0,1,4,1,3,SR-100,,0,29.729,-81.855,0,1,0,0,1,1,0,1,2,1,0,1,0,0,99,99,99,99,99,99,0,0,0,1,0,1
12,120057,1,1,0,0,0,1,1,57,2950,9,1,2015,6,21,41,1,2,2,1,3,SR-60,,99998,27.958,-82.538,0,25,0,1,5,1,0,4,3,1,0,1,0,0,99,99,99,99,88,88,0,0,0,1,0,2
12,120059,2,2,0,0,0,2,2,95,0,15,1,2015,5,8,1,1,2,3,1,3,SR-50,,99998,28.557,-81.118,0,1,0,0,1,1,0,1,1,10,0,10,0,0,99,99,99,99,88,88,0,0,0,1,0,0
12,120060,1,1,0,1,1,1,1,117,0,15,1,2015,5,7,45,1,1,3,1,3,SR-46,,99998,28.724,-81.094,0,8,0,0,1,1,0,1,1,10,0,10,0,0,99,99,99,99,99,99,0,0,0,1,0,1
12,120063,2,2,0,0,0,4,4,101,0,12,1,2015,2,9,58,1,2,3,1,2,US-301,,99998,28.19,-82.203,0,12,6,0,1,1,0,1,1,10,0,10,0,0,10,0,10,7,99,99,0,0,0,1,0,0
12,120065,2,2,0,0,0,3,3,86,2030,15,1,2015,5,22,20,1,2,3,1,2,US-1,96TH ST,99998,25.864,-80.179,0,12,6,0,2,2,0,1,3,1,0,1,0,0,99,99,99,99,99,99,0,0,0,2,0,1
12,120068,1,1,0,0,0,3,3,95,0,16,1,2015,6,2,20,1,2,1,1,1,I-4,,99998,28.596,-81.386,0,25,0,0,1,1,0,3,3,2,0,2,0,0,99,99,99,99,99,99,0,0,0,1,1,1
12,120069,1,1,0,1,1,2,2,99,3190,16,1,2015,6,20,44,1,2,1,1,1,I-95,,99998,26.699,-80.071,0,8,0,0,1,1,0,1,3,1,0,1,0,0,99,99,99,99,99,99,0,0,0,1,0,1
12,120070,2,2,0,0,0,3,3,31,1510,17,1,2015,7,20,10,0,2,4,1,3,SR-111,PLYMOUTH ST,0,30.303,-81.73,0,12,2,0,2,2,0,1,3,1,0,1,0,0,99,99,99,99,88,88,0,0,0,1,1,1
12,120072,2,2,0,0,0,3,3,63,0,17,1,2015,7,15,3,1,1,3,1,2,US-231,I-10,99998,30.754,-85.381,0,12,6,1,2,3,0,1,1,1,0,1,0,0,99,99,99,99,88,88,0,0,0,1,0,0
12,120078,2,2,0,0,0,3,3,57,0,13,1,2015,3,18,55,1,2,3,1,3,SR-60,HORTON RD,99998,27.937,-82.088,0,12,6,1,2,2,0,1,2,1,0,1,0,0,99,99,99,99,99,99,0,0,0,1,0,2
12,120079,1,1,0,0,0,2,2,15,0,14,1,2015,4,1,2,1,1,1,1,1,I-75,,99998,26.87,-81.975,0,1,0,1,5,1,0,4,3,10,0,10,0,0,99,99,99,99,99,99,0,0,0,1,1,2
12,120080,1,1,0,1,1,1,1,89,0,14,1,2015,4,23,43,1,1,1,1,1,I-95,,99998,30.584,-81.647,0,8,0,0,1,1,0,1,2,1,0,1,0,0,99,99,99,99,88,88,0,0,0,1,0,1
12,120081,2,2,0,0,0,2,2,99,0,15,1,2015,5,18,35,1,2,3,1,2,US-441,,99998,26.615,-80.205,0,12,1,0,1,1,0,1,3,1,0,1,0,0,99,99,99,99,99,99,0,0,0,1,0,0
12,120083,1,1,0,1,1,1,1,109,0,16,1,2015,6,22,40,1,2,3,1,2,US-1,,99998,29.994,-81.375,0,9,0,0,1,1,0,2,2,1,0,1,0,0,99,99,99,99,88,88,0,0,0,1,0,1
12,120084,2,2,0,0,0,3,3,57,2540,16,1,2015,6,16,28,1,2,2,1,1,I-4,SR-400,99998,28.032,-82.134,0,12,6,1,2,2,0,1,1,1,0,1,0,0,99,99,99,99,99,99,0,0,0,1,0,1
12,120087,2,2,0,0,0,6,6,81,0,18,1,2015,1,4,35,1,2,1,1,1,I-75,,99998,27.597,-82.507,0,12,1,0,1,1,0,1,2,1,0,1,0,0,99,99,99,99,99,99,0,0,0,1,1,2
12,120088,1,1,0,1,1,1,1,83,0,18,1,2015,1,5,38,1,1,3,1,3,SR-40,,99998,29.175,-81.871,0,9,0,0,1,1,0,1,2,1,0,1,0,0,99,99,99,99,99,99,0,0,0,1,0,0
12,120089,1,1,0,1,1,2,2,95,2360,18,1,2015,1,0,30,1,2,3,1,3,SR-436,,99998,28.534,-81.31,0,8,0,0,1,1,0,1,3,1,0,1,0,0,99,99,99,99,88,88,0,0,0,1,0,2
12,120092,1,1,0,1,1,1,1,33,0,19,1,2015,2,0,31,1,2,3,1,2,US-29,,99998,30.522,-87.273,0,8,0,0,1,1,0,1,2,1,0,1,0,0,99,99,99,99,99,99,0,0,0,1,0,0
12,120093,2,2,0,0,0,3,3,115,0,19,1,2015,2,2,33,0,2,4,1,3,SR-72,CR-773,0,27.269,-82.498,0,12,6,0,2,2,0,1,3,10,0,10,0,0,88,88,88,88,88,88,14,0,0,1,1,2
12,120096,2,2,0,2,2,2,2,81,0,20,1,2015,3,6,55,1,2,3,1,2,US-41,,99998,27.43,-82.575,0,8,0,0,1,1,0,1,4,1,0,1,0,0,99,99,99,99,99,99,0,0,0,1,0,0
12,120101,2,2,0,0,0,2,2,83,2270,21,1,2015,4,13,24,1,2,3,1,2,US-441,NW 22ND ST,99998,29.21,-82.143,0,12,6,0,2,2,0,1,1,10,0,10,0,0,99,99,99,99,99,99,0,0,0,1,0,0
12,120103,1,1,0,0,0,1,1,11,1420,21,1,2015,4,21,42,1,2,1,1,1,I-95,,99998,26.005,-80.167,0,25,0,0,1,1,2,3,3,1,0,1,0,0,99,99,99,99,99,99,0,0,0,1,1,1
12,120104,2,2,0,0,0,2,2,71,1070,9,1,2015,6,22,46,1,2,3,1,3,SR-31,,99998,26.698,-81.773,0,12,1,0,1,1,0,1,3,1,0,1,0,0,99,99,99,99,99,99,0,0,0,1,0,2
12,120105,2,2,0,0,0,3,3,115,0,21,1,2015,4,18,23,1,2,3,1,2,US-41,SPENCER AVE,99998,27.131,-82.454,0,12,6,0,2,3,0,1,5,1,0,1,0,0,99,99,99,99,99,99,0,0,0,1,0,0
12,120106,1,1,0,0,0,1,1,11,2570,21,1,2015,4,20,34,1,2,3,1,2,US-1,,99998,26.247,-80.101,0,33,0,0,1,1,0,4,3,1,0,1,0,0,99,99,99,99,88,88,0,0,0,1,0,1
12,120107,1,1,0,1,1,1,1,31,1510,21,1,2015,4,18,22,1,2,2,1,2,US-90,,99998,30.289,-81.559,0,8,0,0,1,1,0,1,3,1,0,1,0,0,99,99,99,99,99,99,0,0,0,1,0,0
12,120108,2,2,0,1,1,2,2,105,0,21,1,2015,4,6,10,1,2,3,1,2,US-17,,99998,27.985,-81.749,0,8,0,0,1,1,0,1,2,1,0,1,0,0,88,88,88,88,88,88,0,0,0,1,0,1
12,120109,2,2,0,0,0,8,8,57,2950,21,1,2015,4,22,55,1,2,3,1,2,US-92,FLORIDA AVE N,99998,27.996,-82.459,0,12,6,0,2,2,0,1,3,1,0,1,0,0,99,99,99,99,99,99,0,0,0,1,0,1
12,120110,3,3,0,0,0,4,4,21,0,22,1,2015,5,11,10,1,1,1,1,1,I-75,,99998,26.169,-81.076,0,12,6,0,1,1,0,1,1,1,0,1,0,0,99,99,99,99,99,99,0,0,0,1,0,2
12,120111,2,2,0,0,0,3,3,109,0,22,1,2015,5,19,29,1,2,3,1,2,US-1,ISLAND LANDING DR,99998,29.98,-81.363,0,12,1,0,3,3,0,1,2,1,0,1,0,0,99,99,99,99,99,99,0,0,0,1,0,1
12,120112,2,1,1,0,1,1,2,99,3190,22,1,2015,5,21,35,1,2,1,1,1,I-95,,99998,26.751,-80.09,0,14,0,0,1,1,0,2,3,1,0,1,0,0,88,88,88,88,88,88,0,0,0,1,1,1
12,120113,2,2,0,2,2,2,2,33,0,22,1,2015,5,18,0,0,2,4,1,3,SR-291,,99998,30.521,-87.213,0,8,0,0,1,1,3,1,2,1,0,1,0,0,99,99,99,99,99,99,0,0,0,1,0,2
12,120117,2,2,0,0,0,3,3,91,0,23,1,2015,6,17,55,1,2,3,1,2,US-98,TOMMY LN,99998,30.411,-86.752,0,1,0,0,2,3,0,1,3,10,0,10,0,0,99,99,99,99,99,99,0,0,0,1,1,0
12,120118,1,1,0,0,0,1,1,86,1340,23,1,2015,6,6,54,1,2,1,1,1,I-75,,99998,25.898,-80.334,0,31,0,0,1,1,0,4,1,1,0,1,0,0,99,99,99,99,99,99,0,0,0,1,0,2
12,120119,1,1,0,0,0,1,1,83,0,24,1,2015,7,19,5,0,1,7,2,4,CR-42,,99998,28.966,-81.66,0,38,0,0,1,1,0,5,2,1,0,1,0,0,99,99,99,99,88,88,0,0,0,1,1,2
12,120120,2,2,0,0,0,6,6,63,0,24,1,2015,7,18,8,1,1,3,1,3,SR-77,CR-162,99998,30.881,-85.525,0,12,6,1,2,2,0,1,2,1,0,1,0,0,99,99,99,99,99,99,0,0,0,4,0,1
12,120121,1,1,0,0,0,1,1,87,2975,24,1,2015,7,2,23,1,2,3,1,2,US-1,,99998,25.011,-80.516,0,1,0,0,1,1,0,4,3,1,0,1,0,0,99,99,99,99,88,88,0,0,0,1,1,1
12,120122,1,1,0,0,0,2,2,127,2580,24,1,2015,7,10,30,1,2,1,1,1,I-95,,99998,29.07,-81.011,0,42,0,0,1,1,0,4,1,10,0,10,0,0,99,99,99,99,99,99,0,0,0,1,0,1
12,120123,2,2,0,0,0,5,5,121,0,24,1,2015,7,21,48,0,1,3,1,3,SR-51,CR-250,99998,30.246,-83.047,0,12,6,1,2,3,0,1,2,1,0,1,0,0,99,99,99,99,99,99,0,0,0,1,0,2
12,120125,1,1,0,1,1,2,2,83,0,24,1,2015,7,21,40,1,2,1,1,1,I-75,,99998,29.203,-82.184,0,8,0,0,1,1,0,1,3,1,0,1,0,0,99,99,99,99,88,88,0,0,0,1,0,2
12,120127,2,2,0,0,0,2,2,99,820,25,1,2015,1,23,32,1,2,1,1,1,I-95,,99998,26.439,-80.091,0,1,0,0,1,1,4,1,3,1,0,1,0,0,99,98,99,98,88,88,3,0,0,1,0,1
12,120129,2,2,0,0,0,2,2,71,1070,25,1,2015,1,1,30,0,2,3,1,3,SR-82,PALM AVE,99998,26.641,-81.856,0,12,6,0,2,2,0,1,3,1,0,1,0,0,99,99,99,99,99,99,0,0,0,1,0,2
12,120132,2,2,0,0,0,3,3,73,0,26,1,2015,2,1,5,1,2,1,1,1,I-10,,99998,30.478,-84.101,0,12,6,0,1,1,0,1,2,1,0,1,0,0,99,99,99,99,99,99,0,0,0,1,0,1
12,120136,2,2,0,0,0,2,2,109,0,27,1,2015,3,12,5,0,2,4,1,3,SR-13,FRIENDSHIP DR,0,30.088,-81.631,0,1,0,0,3,3,0,1,1,1,0,1,0,0,99,99,99,99,99,99,0,0,0,1,0,2
12,120138,2,1,1,1,1,1,1,57,0,27,1,2015,3,23,6,1,2,1,1,1,I-4,,99998,27.998,-82.342,0,8,0,0,1,1,0,2,3,1,0,1,0,0,99,99,99,99,88,88,23,0,0,1,0,1
12,120139,2,2,0,0,0,4,4,99,1750,28,1,2015,4,9,31,0,2,4,1,2,US-1,,0,26.636,-80.057,0,12,1,0,1,1,0,1,1,1,0,1,0,0,99,99,99,99,99,99,0,0,0,1,0,1
12,120140,2,2,0,0,0,5,5,33,0,28,1,2015,4,12,15,1,2,3,1,2,US-29,KENMORE RD,99998,30.491,-87.26,0,12,6,0,2,2,0,1,1,1,0,1,0,0,99,99,99,99,99,99,0,0,0,1,0,0
12,120141,2,2,0,0,0,3,3,9,2005,28,1,2015,4,18,14,1,2,3,1,3,SR-520,1500 SR-520,99998,28.357,-80.662,0,12,6,1,2,3,0,1,5,1,0,1,0,0,99,99,99,99,99,99,0,0,0,1,1,2
12,120145,1,1,0,1,1,1,1,33,0,29,1,2015,5,23,56,1,2,3,1,2,US-29,,99998,30.521,-87.273,0,15,0,0,1,1,0,1,2,1,0,1,0,0,99,98,99,98,88,88,0,0,0,1,0,0
12,120146,1,1,0,1,1,1,1,31,1510,29,1,2015,5,23,45,0,2,4,1,3,SR-103,,99998,30.275,-81.756,0,8,0,0,1,1,0,1,2,1,0,1,0,0,99,99,99,99,99,99,0,0,0,1,0,2
12,120151,3,3,0,0,0,6,6,131,0,30,1,2015,6,19,0,1,1,3,1,2,US-98,,99998,30.375,-86.254,0,12,1,0,1,1,0,1,2,1,0,1,0,0,99,99,99,99,99,99,0,0,0,1,1,0
12,120155,2,2,0,0,0,2,2,107,0,30,1,2015,6,16,20,1,1,3,1,2,US-17,,99998,29.573,-81.636,0,12,2,0,1,1,0,1,1,1,0,1,0,0,99,99,99,99,99,99,0,0,0,1,1,1
12,120159,2,2,0,0,0,2,2,73,0,31,1,2015,7,7,57,1,2,3,1,2,US-27,TALPECO RD,99998,30.493,-84.324,0,12,6,1,2,2,0,1,1,1,0,1,0,0,99,99,99,99,99,99,0,0,0,1,1,0
12,120160,2,2,0,0,0,3,3,101,0,31,1,2015,7,22,10,1,2,3,1,2,US-19,VIVA VIA DR,99998,28.39,-82.669,0,12,1,0,3,2,4,1,3,1,0,1,0,0,22,11,22,17,88,88,3,0,0,1,1,0
12,120162,2,2,0,0,0,9,9,75,0,31,1,2015,7,11,40,0,1,3,1,2,US-41,30TH ST,99998,29.374,-82.456,0,12,6,0,2,2,0,1,1,1,0,1,0,0,99,99,99,99,99,99,0,0,0,3,0,0
12,120163,1,1,0,0,0,1,1,11,0,31,1,2015,7,12,45,1,1,3,1,2,US-27,,99998,26.251,-80.473,0,1,0,0,1,1,0,3,1,1,0,1,0,0,99,99,99,99,99,99,0,0,0,1,0,0
12,120168,1,1,0,0,0,2,2,99,0,1,2,2015,1,4,24,1,1,3,1,2,US-98,,99998,26.726,-80.651,0,1,0,0,1,1,0,3,2,1,0,1,0,0,99,99,99,99,88,88,0,0,0,1,1,0
12,120170,1,1,0,0,0,3,3,33,0,1,2,2015,1,12,58,1,2,1,1,1,I-10,,99998,30.502,-87.182,0,24,0,0,1,1,0,4,1,2,0,2,0,0,99,99,99,99,99,99,0,0,0,2,0,1
12,120176,1,1,0,1,1,1,1,5,0,3,2,2015,3,12,30,1,1,3,1,2,US-231,,99998,30.319,-85.458,0,8,0,0,1,1,0,1,1,10,0,10,0,0,99,99,99,99,99,99,0,0,0,1,0,0
12,120179,1,1,0,0,0,1,1,71,0,4,2,2015,4,5,20,0,2,3,1,3,SR-82,,99998,26.525,-81.588,0,30,0,0,1,1,0,4,2,1,0,1,0,0,99,99,99,99,99,99,0,0,0,1,0,2
12,120182,1,1,0,1,1,3,3,31,1510,4,2,2015,4,20,10,0,2,4,1,3,SR-152,US-1,0,30.221,-81.586,0,8,0,1,3,2,0,1,3,2,0,2,0,0,99,99,99,99,88,88,0,0,0,1,1,1
12,120184,1,1,0,0,0,1,1,57,2950,5,2,2015,5,14,30,1,2,3,1,3,SR-60,,99998,28.052,-82.415,0,24,0,0,1,1,0,4,1,1,0,1,0,0,99,99,99,99,99,99,0,0,0,1,0,2
12,120188,2,2,0,0,0,2,2,86,0,6,2,2015,6,3,30,1,2,2,1,3,SR-821,,99998,25.469,-80.453,0,12,1,0,1,1,0,1,2,1,0,1,0,0,99,99,99,99,99,99,0,0,0,1,0,1
12,120189,1,1,0,0,0,1,1,57,0,7,2,2015,7,3,45,1,2,3,1,2,US-92,,99998,28.014,-82.253,0,53,0,0,1,1,0,4,2,1,0,1,0,0,99,99,99,99,88,88,0,0,0,1,1,1
12,120190,2,2,0,0,0,4,4,105,0,7,2,2015,7,10,30,1,1,3,1,2,US-17,,99998,28.199,-81.582,0,12,6,0,8,1,0,1,1,1,0,1,0,0,99,99,99,99,88,88,0,0,0,2,0,1
12,120194,1,1,0,0,0,2,2,11,0,8,2,2015,1,8,20,1,1,1,1,1,I-75,,99998,26.157,-80.769,0,1,0,0,1,1,0,4,1,1,0,1,0,0,99,99,99,99,99,99,0,0,0,1,0,2
12,120195,1,1,0,1,1,3,3,71,0,8,2,2015,1,5,5,1,2,1,1,1,I-75,,99998,26.435,-81.779,0,8,0,0,1,1,0,1,2,1,0,1,0,0,99,99,99,99,88,88,0,0,0,1,0,2
12,120197,2,2,0,0,0,2,2,86,0,8,2,2015,1,20,20,1,1,2,1,2,US-441,,99998,25.923,-80.214,0,33,0,1,5,1,0,4,3,1,0,1,0,0,99,99,99,99,99,99,0,0,0,1,0,0
12,120200,1,1,0,1,1,1,1,86,2010,8,2,2015,1,19,3,1,2,3,1,2,US-1,,99998,25.732,-80.254,0,8,0,0,1,1,0,1,3,1,0,1,0,0,99,99,99,99,99,99,0,0,0,1,0,1
12,120202,1,1,0,0,0,1,1,31,1510,10,2,2015,3,9,37,1,2,3,1,3,SR-115,,99998,30.327,-81.586,0,25,0,0,1,1,0,4,1,10,0,10,0,0,99,99,99,99,88,88,0,0,0,1,0,2
12,120203,2,2,0,0,0,4,4,105,1690,10,2,2015,3,19,50,0,2,3,1,3,SR-33,COMBEE RD,99998,28.118,-81.908,0,12,6,0,2,2,0,1,3,1,0,1,0,0,99,99,99,99,99,99,0,0,0,1,0,1
12,120204,1,1,0,1,1,1,1,31,1510,11,2,2015,4,16,37,1,2,3,1,3,SR-111,BROADWAY AVE,99998,30.333,-81.731,0,9,0,0,2,2,0,1,1,1,0,1,0,0,99,99,99,99,99,99,0,0,0,1,0,1
12,120205,2,2,0,0,0,4,4,57,2950,11,2,2015,4,11,30,1,2,3,1,2,US-41,LEROY SELMON EXPRESSWAY RAMP,99998,27.949,-82.402,0,12,6,1,2,2,0,1,1,1,0,1,0,0,99,99,99,99,99,99,0,0,0,1,0,0
12,120207,2,2,0,0,0,6,6,75,540,12,2,2015,5,0,35,1,1,3,1,2,US-19,,99998,29.472,-82.859,0,12,1,0,1,1,0,1,3,1,0,1,0,0,99,99,99,99,99,99,0,0,0,1,1,0
12,120209,2,2,0,0,0,2,2,105,0,13,2,2015,6,12,0,1,2,1,1,1,I-4,,99998,28.135,-81.913,0,57,0,0,1,1,0,3,1,1,0,1,0,0,99,99,99,99,88,88,0,0,0,1,0,1
12,120210,2,2,0,0,0,3,3,109,0,13,2,2015,6,20,47,1,2,3,1,3,SR-16,S FRANCIS RD,99998,29.958,-81.463,0,12,6,0,2,3,0,1,3,1,0,1,0,0,99,99,99,99,99,99,0,0,0,1,2,2
12,120214,3,3,0,0,0,4,4,11,2083,14,2,2015,7,20,27,1,2,3,1,3,SR-817,PEMBROKE RD,99998,25.991,-80.247,0,12,6,0,3,2,0,1,2,1,0,1,0,0,99,99,99,99,99,99,0,0,0,1,0,2
12,120215,2,2,0,0,0,4,4,97,0,15,2,2015,1,9,2,1,2,3,1,3,SR-60,,99998,27.775,-81.12,0,12,2,0,1,1,0,1,1,1,0,1,0,0,99,99,99,99,99,99,0,0,0,1,0,2
12,120217,3,3,0,0,0,3,3,103,0,16,2,2015,2,11,41,1,2,3,1,2,US-19,,99998,28.118,-82.765,0,12,6,0,1,1,0,1,1,10,0,10,0,0,99,99,99,99,99,99,0,0,0,1,1,0
12,120220,2,2,0,0,0,2,2,86,0,16,2,2015,2,12,55,1,2,3,1,3,SR-976,SW 67TH AVE,99998,25.733,-80.303,0,12,6,0,2,2,0,1,1,1,0,1,0,0,99,99,99,99,99,99,0,0,0,1,0,2
12,120222,2,2,0,0,0,2,2,61,0,17,2,2015,3,14,20,1,2,3,1,2,US-1,LANCE ST,99998,27.782,-80.452,0,12,6,0,2,3,0,1,1,1,0,1,0,0,99,99,99,99,99,99,0,0,0,1,0,1
12,120225,2,2,0,1,1,3,3,69,960,18,2,2015,4,20,40,0,2,4,1,3,SR-19,,99998,28.888,-81.687,0,8,0,0,1,1,0,1,5,1,0,1,0,0,99,99,99,99,88,88,0,0,0,1,0,2
12,120227,1,1,0,0,0,1,1,95,2360,19,2,2015,5,9,36,1,2,1,1,1,I-4,,99998,28.5,-81.428,0,30,0,0,1,1,0,4,1,1,0,1,0,0,99,99,99,99,88,88,0,0,0,1,0,1
12,120231,1,1,0,0,0,1,1,1,0,18,2,2015,4,13,35,1,1,3,1,2,US-301,,99998,29.511,-82.101,0,42,0,0,1,1,0,4,1,1,0,1,0,0,99,99,99,99,88,88,0,0,0,1,0,0
12,120233,2,2,0,0,0,3,3,89,0,18,2,2015,4,11,51,1,1,3,1,3,SR-200,I-95 RAMP,99998,30.619,-81.651,0,12,6,1,2,2,0,1,1,1,0,1,0,0,99,99,99,99,99,99,0,0,0,1,0,1
12,120234,1,1,0,1,1,1,1,95,2360,21,2,2015,7,12,13,1,2,3,1,3,SR-50,SHINE AVE,99998,28.553,-81.363,0,8,0,0,3,2,0,4,1,1,0,1,0,0,99,99,99,99,99,99,0,0,0,1,0,0
12,120236,1,1,0,1,1,1,1,71,0,21,2,2015,7,6,23,1,2,3,1,3,SR-78,WOODWARD AVE,99998,26.682,-81.897,0,8,0,1,2,2,0,1,2,1,0,1,0,0,99,99,99,99,99,99,0,0,0,1,0,1
12,120237,1,1,0,0,0,2,2,33,0,21,2,2015,7,22,30,1,1,3,1,2,US-29,,99998,30.727,-87.35,0,34,0,0,1,1,0,4,2,2,0,2,0,0,99,99,99,99,99,99,0,0,0,1,0,0
12,120238,2,2,0,0,0,2,2,86,0,21,2,2015,7,5,21,1,2,1,1,1,I-95,,99998,25.834,-80.206,0,12,1,0,1,1,0,1,3,1,0,1,0,0,99,99,99,99,88,88,0,0,0,1,0,1
12,120239,1,1,0,1,1,1,1,31,1510,22,2,2015,1,3,45,1,2,3,1,2,US-1,,99998,30.373,-81.666,0,8,0,0,1,1,0,1,3,1,0,1,0,0,99,99,99,99,88,88,0,0,0,1,1,1
12,120241,1,1,0,1,1,1,1,109,0,22,2,2015,1,9,2,0,2,4,1,3,SR-A1A,,99998,29.803,-81.265,0,9,0,0,1,1,0,1,1,1,0,1,0,0,99,99,99,99,99,99,0,0,0,1,0,1
12,120242,1,1,0,1,1,1,1,33,0,22,2,2015,1,20,45,1,2,3,1,2,US-29,,99998,30.6,-87.314,0,8,0,0,1,1,0,1,2,1,0,1,0,0,99,99,99,99,88,88,0,0,0,1,0,0
12,120243,1,1,0,0,0,1,1,31,1510,22,2,2015,1,0,30,1,2,3,1,3,SR-10,SR-113,99998,30.322,-81.559,0,33,0,0,3,2,0,4,3,1,0,1,0,0,99,99,99,99,99,99,0,0,0,1,1,2
12,120247,2,2,0,0,0,3,3,69,0,23,2,2015,2,16,15,0,1,7,4,4,CR-42,OHIO ST,99998,29.017,-81.496,0,12,6,1,2,3,0,1,1,1,0,1,0,0,99,99,99,99,99,99,0,0,0,2,0,2
12,120248,1,1,0,1,1,1,1,115,0,24,2,2015,3,19,58,1,2,3,1,2,US-41,,99998,27.05,-82.393,0,8,0,0,1,1,0,1,2,10,0,10,0,0,99,99,99,99,88,88,0,0,0,1,0,0
12,120251,2,2,0,0,0,3,3,57,0,25,2,2015,4,4,53,1,2,3,1,2,US-92,,99998,28.02,-82.175,0,12,2,0,1,1,0,1,2,5,0,5,0,0,99,99,99,99,99,99,0,0,0,1,0,1
12,120253,3,3,0,0,0,6,6,87,0,25,2,2015,4,11,53,1,1,3,1,2,US-1,,99998,24.692,-81.195,0,12,2,0,1,1,0,1,1,5,0,5,0,0,99,99,99,99,99,99,14,0,0,1,0,1
12,120254,2,2,0,0,0,2,2,86,2023,26,2,2015,5,0,17,1,2,3,1,3,SR-817,NW 167TH ST,99998,25.927,-80.245,0,12,6,0,2,2,0,1,3,1,0,1,0,0,99,99,99,99,99,99,0,0,0,1,1,2
12,120255,2,2,0,0,0,2,2,29,0,26,2,2015,5,0,31,1,1,3,1,2,US-19,CR-358,99998,29.654,-83.176,0,12,2,1,2,3,0,1,2,2,0,2,0,0,99,99,99,99,88,88,0,0,0,1,1,0
12,120258,1,1,0,1,1,1,1,89,3326,26,2,2015,5,3,0,1,1,1,1,1,I-95,,99998,30.624,-81.651,0,8,0,0,1,1,0,1,2,2,0,2,0,0,99,99,99,99,88,88,0,0,0,1,0,1
12,120261,2,2,0,0,0,3,3,87,1568,28,2,2015,7,1,15,1,2,3,1,2,US-1,,99998,25.155,-80.388,0,12,2,0,1,1,0,1,2,10,0,10,0,0,99,99,99,99,99,99,0,0,0,1,1,1
12,120262,2,2,0,0,0,3,3,113,0,20,2,2015,6,15,0,1,2,3,1,2,US-98,BAYSHORE RD,99998,30.376,-87.117,0,12,6,0,2,3,0,1,1,10,0,10,0,0,99,99,99,99,99,99,0,0,0,1,0,0
12,120263,1,1,0,0,0,2,2,119,0,27,2,2015,6,14,20,1,1,1,1,1,I-75,,99998,28.654,-82.152,0,1,0,0,1,1,0,3,1,10,0,10,0,0,14,25,14,30,99,99,0,0,0,2,0,2
12,120267,1,1,0,1,1,1,1,11,760,1,3,2015,1,2,44,1,2,3,1,3,SR-84,,99998,26.088,-80.171,0,9,0,0,1,1,0,1,3,1,0,1,0,0,99,99,99,99,88,88,0,0,0,1,0,2
12,120268,2,2,0,0,0,2,2,63,0,3,3,2015,3,4,22,0,1,5,1,3,SR-69,NORTHSIDE CHURCH RD,99998,30.828,-85.052,0,12,6,0,2,3,0,1,2,5,0,5,0,0,99,99,99,99,88,88,0,0,0,1,0,2
12,120269,1,1,0,1,1,1,1,86,0,2,3,2015,2,20,0,1,2,3,1,2,US-1,,99998,25.51,-80.436,0,9,0,0,1,1,0,1,3,1,0,1,0,0,99,99,99,99,99,99,0,0,0,1,0,1
12,120274,1,1,0,1,1,1,1,103,0,3,3,2015,3,19,46,1,2,3,1,2,US-19,,99998,27.882,-82.787,0,8,0,0,1,1,0,1,2,1,0,1,0,0,99,99,99,99,88,88,0,0,0,1,0,0
12,120277,2,2,0,0,0,2,2,101,0,6,3,2015,6,21,15,1,2,3,1,2,US-19,ALT US-19,99998,28.183,-82.74,0,12,1,0,3,2,0,1,3,1,0,1,0,0,99,99,99,99,88,88,0,0,0,1,1,0
12,120279,1,1,0,0,0,2,2,109,0,26,2,2015,5,12,13,1,1,1,1,1,I-95,,99998,30.075,-81.499,0,1,0,0,1,1,0,4,1,1,0,1,0,0,99,99,99,99,99,99,0,0,0,1,0,1
12,120280,1,1,0,0,0,12,12,81,0,28,2,2015,7,16,59,1,1,1,1,1,I-75,,99998,27.643,-82.458,0,1,0,0,1,1,0,4,1,10,0,10,0,0,99,99,99,99,99,99,0,0,0,1,1,2
12,120281,2,2,0,0,0,3,3,117,480,28,2,2015,7,2,25,1,2,3,1,3,SR-436,LAKE HOWELL LN,99998,28.632,-81.319,0,12,2,0,3,2,0,1,3,2,0,2,0,0,99,99,99,99,99,99,0,0,0,2,2,2
12,120285,2,2,0,0,0,4,4,9,0,9,3,2015,2,14,45,1,2,3,1,2,US-1,CARVER LN,99998,28.277,-80.694,0,12,6,0,2,3,4,1,1,1,0,1,0,0,99,99,99,99,99,99,0,0,0,1,0,1