STATE,ST_CASE,VE_TOTAL,VE_FORMS,PVH_INVL,PEDS,PERNOTMVIT,PERMVIT,PERSONS,COUNTY,CITY,DAY,MONTH,YEAR,DAY_WEEK,HOUR,MINUTE,NHS,RUR_URB,FUNC_SYS,RD_OWNER,ROUTE,TWAY_ID,TWAY_ID2,MILEPT,LATITUDE,LONGITUD,SP_JUR,HARM_EV,MAN_COLL,RELJCT1,RELJCT2,TYP_INT,WRK_ZONE,REL_ROAD,LGT_COND,WEATHER1,WEATHER2,WEATHER,SCH_BUS,RAIL,NOT_HOUR,NOT_MIN,ARR_HOUR,ARR_MIN,HOSP_HR,HOSP_MN,CF1,CF2,CF3,FATALS,DRUNK_DR,RANK
12,121599,1,1,0,0,0,1,1,15,0,23,8,2015,1,7,34,1,2,3,1,2,US-41,,99998,26.858,-81.988,0,42,0,0,1,1,0,4,1,1,0,1,0,0,99,99,99,99,99,99,0,0,0,1,0,0
12,121600,2,2,0,0,0,8,8,87,1580,23,8,2015,1,0,54,1,2,3,1,2,US-1,,99998,24.601,-81.648,0,24,0,0,1,1,0,4,2,1,0,1,0,0,99,99,99,99,99,99,0,0,0,3,1,1
12,121603,1,1,0,1,1,1,1,57,2950,18,8,2015,3,11,26,1,2,3,1,3,SR-43,COLUMBUS DR,99998,27.966,-82.406,0,9,0,1,2,2,0,1,1,1,0,1,0,0,99,99,99,99,99,99,0,0,0,1,0,2
12,121604,2,2,0,0,0,2,2,83,2270,19,8,2015,4,7,30,0,1,3,1,3,SR-40,8585 W HWY 40,99998,29.187,-82.261,0,12,6,0,8,1,2,1,1,1,0,1,0,0,99,99,99,99,99,99,0,0,0,1,0,0
12,121611,1,1,0,0,0,1,1,113,0,30,8,2015,1,4,30,0,2,7,1,3,SR-89,,99998,30.888,-87.16,0,1,0,0,1,1,0,4,2,1,0,1,0,0,99,99,99,99,88,88,0,0,0,1,1,1
12,121618,1,1,0,1,1,1,1,9,454,23,8,2015,1,20,2,1,2,3,1,3,SR-A1A,,99998,28.378,-80.606,0,8,0,0,1,1,0,1,5,10,0,10,0,0,99,99,99,99,88,88,0,0,0,1,0,1
12,121622,1,1,0,1,1,1,1,71,312,17,8,2015,2,16,23,1,2,3,1,2,US-41,,99998,26.676,-81.883,0,9,0,0,1,1,0,1,1,1,0,1,0,0,99,99,99,99,0,0,0,0,0,1,0,0
12,121626,1,1,0,0,0,1,1,11,0,25,8,2015,3,20,45,1,1,1,1,1,I-75,,99998,26.147,-80.675,0,38,0,0,1,1,0,4,2,10,0,10,0,0,99,99,99,99,88,88,0,0,0,1,0,2
12,121627,2,2,0,0,0,5,5,69,0,25,8,2015,3,18,10,1,2,3,1,2,US-27,HIGHLAND LAKES BLVD,99998,28.731,-81.866,0,12,6,0,2,3,0,1,1,1,0,1,0,0,99,99,99,99,99,99,0,0,0,3,0,1
12,121628,2,2,0,0,0,2,2,31,1510,25,8,2015,3,23,11,1,1,1,1,1,I-95,,99998,30.126,-81.526,0,12,1,0,1,1,1,1,2,10,0,10,0,0,99,99,99,99,99,99,0,0,0,1,0,1
12,121631,1,1,0,1,1,1,1,97,1590,29,8,2015,7,22,50,1,2,3,1,2,US-17,N JOHN YOUNG PKWY,99998,28.304,-81.416,0,15,0,1,3,2,0,1,3,2,0,2,0,0,99,99,99,99,88,88,0,0,0,1,0,1
12,121632,2,2,0,0,0,3,3,115,0,29,8,2015,7,20,54,1,1,1,1,1,I-75,,99998,27.11,-82.354,0,12,6,1,18,1,4,1,3,10,0,10,0,0,99,99,99,99,99,99,19,0,0,1,0,2
12,121640,1,1,0,1,1,1,1,31,1510,2,9,2015,4,6,0,1,2,3,1,3,SR-10,ACME ST,99998,30.314,-81.573,0,8,0,0,3,2,0,1,3,1,0,1,0,0,99,99,99,99,0,0,0,0,0,1,0,2
12,121643,2,2,0,0,0,2,2,79,0,19,8,2015,4,17,30,1,1,3,1,3,SR-53,,99998,30.553,-83.428,0,12,6,0,1,1,0,1,1,1,0,1,0,0,99,99,99,99,99,99,0,0,0,1,0,2
12,121644,2,2,0,0,0,3,3,103,570,21,8,2015,6,13,15,1,2,3,1,3,SR-60,SKY HARBOR DR,99998,27.961,-82.723,0,12,6,0,8,1,0,1,1,2,0,2,0,0,99,99,99,99,99,99,0,0,0,1,0,2
12,121645,1,1,0,1,1,1,1,97,0,21,8,2015,6,20,52,1,2,3,1,2,US-192,,99998,28.246,-81.264,0,8,0,0,1,1,0,1,2,1,0,1,0,0,99,99,99,99,99,99,0,0,0,1,0,1
12,121649,1,1,0,0,0,2,2,31,1520,29,8,2015,7,2,50,1,2,2,1,3,SR-202,,99998,30.256,-81.4,0,59,0,0,1,1,0,4,2,1,0,1,0,0,99,99,99,99,99,99,0,0,0,1,1,2
12,121651,1,1,0,0,0,1,1,86,1345,3,9,2015,5,23,0,0,2,5,1,2,US-27,,99998,25.891,-80.367,0,30,0,0,1,1,0,4,3,1,0,1,0,0,99,99,99,99,88,88,0,0,0,1,0,0
12,121655,1,1,0,0,0,1,1,11,1050,16,8,2015,1,21,5,1,2,1,1,1,I-95,,99998,26.119,-80.169,0,59,0,1,19,1,0,4,3,1,0,1,0,0,99,99,99,99,99,99,0,0,0,1,1,1
12,121657,2,2,0,0,0,3,3,11,1420,29,8,2015,7,6,3,1,2,1,1,1,I-95,,99998,26.048,-80.163,0,12,1,1,18,1,4,1,4,1,0,1,0,0,99,99,99,99,99,99,23,0,0,1,0,1
12,121658,1,1,0,0,0,1,1,39,0,31,8,2015,2,8,23,1,1,1,1,1,I-10,,99998,30.528,-84.504,0,42,0,0,1,1,0,3,1,5,0,5,0,0,99,99,99,99,88,88,0,0,0,1,0,1
12,121659,2,2,0,0,0,2,2,13,0,1,9,2015,3,19,18,1,1,3,1,3,SR-71,,99998,30.228,-85.205,0,12,2,0,1,1,0,1,1,1,0,1,0,0,99,99,99,99,99,99,0,0,0,1,0,2
12,121660,2,2,0,0,0,2,2,93,0,4,9,2015,6,17,20,1,2,3,1,2,US-441,,99998,27.209,-80.79,0,12,1,0,8,1,0,1,5,10,0,10,0,0,99,99,99,99,99,99,0,0,0,1,0,0
12,121662,1,1,0,0,0,1,1,11,1050,3,9,2015,5,3,12,1,2,1,1,1,I-95,,99998,26.204,-80.141,0,42,0,1,19,1,0,4,3,1,0,1,0,0,99,99,99,99,99,99,0,0,0,1,1,1
12,121665,1,1,0,0,0,2,2,127,0,16,8,2015,1,18,30,1,2,1,1,1,I-95,,99998,30.183,-81.558,0,32,0,0,1,1,0,3,1,1,0,1,0,0,99,99,99,99,99,99,0,0,0,1,0,1
12,121666,1,1,0,1,1,1,1,109,2690,25,8,2015,3,21,10,1,2,3,1,2,US-1,DATIL PEPPER RD,99998,29.778,-81.317,0,9,0,0,2,2,0,1,2,1,0,1,0,0,99,99,99,99,88,88,0,0,0,1,0,1
12,121667,1,1,0,0,0,1,1,9,0,27,8,2015,5,15,5,1,2,1,1,1,I-95,,99998,28.145,-80.706,0,24,0,0,1,1,0,3,1,2,0,2,0,0,99,99,99,99,99,99,0,0,0,1,0,1
12,121669,2,1,1,2,2,1,1,21,0,30,8,2015,1,0,5,1,1,1,1,1,I-75,,99998,26.159,-81.683,0,14,0,0,1,1,0,4,2,10,0,10,0,0,99,99,99,99,99,99,19,0,0,1,1,2
12,121671,3,3,0,0,0,5,5,86,0,31,8,2015,2,23,0,1,2,3,1,3,SR-817,,99998,25.957,-80.246,0,42,0,0,1,1,0,3,3,1,0,1,0,0,99,99,99,99,88,88,14,0,0,1,1,2
12,121680,2,2,0,1,1,3,3,11,1050,22,8,2015,7,22,37,1,2,3,1,2,US-1,6TH ST,99998,26.13,-80.138,0,8,0,0,3,2,0,1,3,2,0,2,0,0,99,99,99,99,99,99,0,0,0,1,0,1
12,121686,2,2,0,0,0,2,2,5,0,24,7,2015,6,20,25,1,2,3,1,2,US-98,CR-3037,99998,30.251,-85.934,0,12,1,0,3,3,0,1,3,1,0,1,0,0,99,99,99,99,99,99,0,0,0,1,0,0
12,121687,1,1,0,1,1,1,1,103,2730,6,8,2015,5,20,32,0,1,7,25,6,1ST AVE,,99998,27.77,-82.714,0,1,0,0,1,1,0,1,3,1,0,1,0,0,99,99,99,99,99,99,0,0,0,1,0,2
12,121689,1,1,0,0,0,1,1,127,0,15,8,2015,7,3,30,1,1,3,1,2,US-17,,99998,29.278,-81.476,0,31,0,0,1,1,0,4,2,1,0,1,0,0,99,99,99,99,88,88,0,0,0,1,1,1
12,121691,1,1,0,1,1,2,2,91,0,27,8,2015,5,19,50,0,2,4,1,2,US-90,,0,30.76,-86.548,0,8,0,0,1,1,0,1,2,1,0,1,0,0,99,99,99,99,99,99,0,0,0,1,0,0
12,121693,1,1,0,0,0,1,1,83,0,30,8,2015,1,4,40,1,1,1,1,1,I-75,,99998,29.374,-82.23,0,24,0,0,1,1,0,3,2,1,0,1,0,0,99,99,99,99,99,99,0,0,0,1,1,2
12,121694,1,1,0,1,1,2,2,103,0,31,8,2015,2,21,58,1,2,3,1,2,US-19,,99998,28.094,-82.74,0,8,0,0,1,1,0,1,3,10,0,10,0,0,99,99,99,99,88,88,0,0,0,1,0,0
12,121697,1,1,0,1,1,1,1,99,0,19,8,2015,4,1,33,0,2,3,1,3,SR-704,HAVERHILL RD,99998,26.707,-80.119,0,8,0,0,3,2,0,1,3,1,0,1,0,0,99,99,99,99,88,88,0,0,0,1,0,2
12,121698,3,3,0,1,1,3,3,103,2530,12,6,2015,6,23,10,1,2,3,1,2,US-19,,99998,27.857,-82.696,0,8,0,0,1,1,0,1,3,1,0,1,0,0,99,99,99,99,88,88,0,0,0,1,0,0
12,121699,2,2,0,0,0,2,2,57,0,3,9,2015,5,22,47,1,2,1,1,1,I-4,,99998,28.027,-82.155,0,12,7,1,18,1,0,1,3,1,0,1,0,0,99,99,99,99,99,99,0,0,0,1,0,1
12,121700,1,1,0,0,0,1,1,11,771,4,9,2015,6,13,41,0,2,4,1,3,SR-84,,0,26.108,-80.288,0,38,0,1,19,1,0,4,1,1,0,1,0,0,99,99,99,99,99,99,0,0,0,1,0,2
12,121702,2,2,0,0,0,3,3,119,0,5,9,2015,7,11,25,1,1,3,1,3,SR-44,,99998,28.872,-82.088,0,12,6,0,8,1,0,1,1,1,0,1,0,0,99,99,99,99,88,88,0,0,0,1,0,2
12,121703,3,3,0,0,0,6,6,57,0,5,9,2015,7,0,13,1,1,3,1,3,SR-39,,99998,28.109,-82.144,0,12,1,0,1,1,0,1,2,10,0,10,0,0,99,99,99,99,99,99,0,0,0,2,1,2
12,121705,1,1,0,1,1,1,1,69,580,29,9,2015,3,20,20,1,2,3,1,2,US-27,,99998,28.534,-81.736,0,8,0,0,1,1,0,1,2,10,0,10,0,0,99,99,99,99,99,99,0,0,0,1,0,0
12,121706,1,1,0,0,0,1,1,39,0,9,9,2015,4,17,5,1,1,1,1,1,I-10,,99998,30.519,-84.483,0,42,0,0,1,1,0,3,1,1,0,1,0,0,99,99,99,99,88,88,0,0,0,1,0,1
12,121707,2,2,0,0,0,2,2,15,0,9,9,2015,4,21,14,1,1,2,1,1,I-75,CR-769,99998,27.021,-82.048,0,12,2,1,2,2,0,1,3,1,0,1,0,0,99,99,99,99,99,99,0,0,0,1,1,2
12,121708,1,1,0,1,1,4,4,83,0,10,9,2015,5,6,48,1,1,1,1,1,I-75,,99998,29.384,-82.234,0,8,0,0,1,1,0,1,2,10,0,10,0,0,99,99,99,99,99,99,0,0,0,1,0,2
12,121709,2,2,0,0,0,2,2,9,0,10,9,2015,5,17,56,1,2,1,1,1,I-95,,99998,28.01,-80.639,0,12,1,0,1,1,0,2,1,1,0,1,0,0,99,99,99,99,99,99,0,0,0,1,0,1
12,121710,1,1,0,1,1,1,1,57,0,11,9,2015,6,3,2,1,2,3,1,2,US-41,,99998,27.85,-82.382,0,8,0,0,1,1,0,1,3,10,0,10,0,0,99,99,99,99,88,88,0,0,0,1,0,0
12,121712,1,1,0,1,1,1,1,21,0,12,9,2015,7,18,35,1,1,3,1,2,US-41,,99998,26.014,-81.622,0,9,0,0,1,1,0,1,1,1,0,1,0,0,99,99,99,99,99,99,0,0,0,1,0,0
12,121713,1,1,0,0,0,1,1,57,0,13,9,2015,1,3,45,1,2,3,1,2,US-41,,99998,28.145,-82.282,0,24,0,0,1,1,0,3,3,1,0,1,0,0,99,99,99,99,88,88,0,0,0,1,1,0
12,121714,1,1,0,0,0,4,4,105,1110,12,7,2015,1,22,14,1,1,3,1,2,US-27,,99998,27.689,-81.562,0,32,0,0,1,1,0,4,2,1,0,1,0,0,99,99,99,99,99,99,0,0,0,4,0,1
12,121715,2,2,0,0,0,2,2,11,2260,23,7,2015,5,3,59,1,2,1,1,1,I-95,,99998,26.158,-80.164,0,12,6,1,18,1,0,1,3,1,0,1,0,0,99,99,99,99,88,88,0,0,0,1,1,1
12,121717,2,2,0,0,0,3,3,99,1750,17,8,2015,2,20,59,0,2,4,1,2,US-1,16TH AVE N,99998,26.635,-80.057,0,12,2,0,2,2,0,1,3,10,0,10,0,0,99,99,99,99,99,99,0,0,0,1,0,1
12,121722,2,2,0,0,0,3,3,75,0,27,8,2015,5,17,30,1,1,3,1,2,US-27,,99998,29.475,-82.768,0,12,1,0,1,1,0,1,1,1,0,1,0,0,99,99,99,99,99,99,0,0,0,1,1,0
12,121724,2,2,0,0,0,3,3,86,0,29,8,2015,7,22,40,1,2,3,1,2,US-1,NARAJA LAKES BLVD,99998,25.512,-80.434,0,12,1,1,18,1,0,1,3,10,0,10,0,0,99,99,99,99,99,99,0,0,0,1,0,1
12,121725,2,2,0,0,0,2,2,67,0,2,9,2015,4,6,35,1,1,3,1,2,US-27,,99998,29.991,-83.008,0,12,2,0,1,1,0,1,3,10,0,10,0,0,99,99,99,99,88,88,0,0,0,2,0,0
12,121726,2,2,0,0,0,2,2,103,0,28,8,2015,6,1,44,1,2,3,1,2,US-19,,99998,28.123,-82.74,0,12,1,0,1,1,0,1,3,1,0,1,0,0,99,99,99,99,99,99,0,0,0,1,0,0
12,121730,2,2,0,0,0,2,2,17,0,5,9,2015,7,23,23,1,2,3,1,3,SR-44,,99998,28.858,-82.421,0,12,2,0,1,1,0,1,2,1,0,1,0,0,99,99,99,99,99,99,0,0,0,1,0,2
12,121731,2,2,0,0,0,4,4,71,0,6,9,2015,1,21,15,1,2,3,1,3,SR-82,ALABAMA RD,99998,26.559,-81.662,0,1,0,0,3,3,0,1,2,10,0,10,0,0,99,99,99,99,88,88,0,0,0,2,1,2
12,121737,2,2,0,0,0,3,3,57,0,10,9,2015,5,19,14,1,2,3,1,2,US-41,SAFFOLD PARK DR,99998,27.705,-82.446,0,12,6,0,2,3,0,1,1,1,0,1,0,0,99,99,99,99,99,99,0,0,0,1,0,0
12,121739,1,1,0,1,1,1,1,83,0,10,9,2015,5,21,3,1,2,3,1,3,SR-40,,99998,29.213,-82.063,0,8,0,0,1,1,0,1,3,1,0,1,0,0,99,99,99,99,99,99,0,0,0,1,0,0
12,121740,2,2,0,0,0,5,5,13,0,11,9,2015,6,14,0,1,1,3,1,3,SR-69,CR-286,99998,30.576,-85.022,0,12,6,0,2,2,0,1,1,10,0,10,0,0,99,99,99,99,99,99,0,0,0,2,0,2
12,121741,1,1,0,1,1,1,1,39,0,12,9,2015,7,0,8,0,2,4,1,2,US-90,,0,30.493,-84.428,0,8,0,0,1,1,0,1,2,1,0,1,0,0,99,99,99,99,99,99,0,0,0,1,0,0
12,121742,2,2,0,0,0,3,3,1,0,12,9,2015,7,14,30,1,1,3,1,2,US-301,SR-26,99998,29.717,-82.14,0,12,9,0,3,2,0,1,1,2,0,2,0,0,99,99,99,99,99,99,0,0,0,1,0,0
12,121743,2,2,0,1,1,4,4,86,2023,12,9,2015,7,20,1,1,2,2,1,3,SR-91,,99998,25.954,-80.229,0,8,0,0,1,1,0,1,2,2,0,2,0,0,99,99,99,99,88,88,0,0,0,1,0,2
12,121746,1,1,0,1,1,1,1,97,0,14,9,2015,2,5,37,1,2,3,1,2,US-441,,99998,28.316,-81.404,0,8,0,0,1,1,0,1,2,10,0,10,0,0,99,99,99,99,88,88,0,0,0,1,0,0
12,121749,1,1,0,1,1,1,1,11,1826,13,9,2015,1,22,14,1,2,3,1,2,US-1,,99998,26.291,-80.095,0,8,0,0,1,1,0,1,2,1,0,1,0,0,99,99,99,99,88,88,0,0,0,1,0,1
12,121756,1,1,0,1,1,1,1,11,3193,6,9,2015,1,3,39,1,2,3,1,2,US-27,,99998,26.088,-80.434,0,8,0,0,1,1,0,1,2,1,0,1,0,0,99,99,99,99,99,99,0,0,0,1,0,0
12,121761,2,2,0,0,0,2,2,5,0,16,9,2015,4,17,25,1,2,3,1,2,US-98,SANDY LANE,99998,30.301,-85.852,0,12,6,0,2,3,0,1,1,10,0,10,0,0,99,99,99,99,99,99,0,0,0,1,0,0
12,121762,1,1,0,1,1,1,1,86,2010,17,9,2015,5,5,48,1,2,3,1,3,SR-9,,99998,25.762,-80.239,0,8,0,0,1,1,0,1,3,10,0,10,0,0,99,99,99,99,99,99,0,0,0,1,0,2
12,121765,1,1,0,1,1,1,1,95,2290,17,9,2015,5,4,23,1,2,3,1,3,SR-50,,99998,28.552,-81.542,0,8,0,0,1,1,4,1,2,1,0,1,0,0,99,99,99,99,88,88,0,0,0,1,0,0
12,121766,1,1,0,1,1,1,1,81,0,18,9,2015,6,5,48,1,2,3,1,2,US-301,,99998,27.466,-82.532,0,8,0,0,1,1,0,1,2,10,0,10,0,0,99,99,99,99,88,88,0,0,0,1,0,0
12,121767,1,1,0,1,1,1,1,86,2010,18,9,2015,6,17,6,1,2,3,1,2,US-441,SW 8TH ST,99998,25.766,-80.207,0,8,0,0,3,2,0,1,1,10,0,10,0,0,99,99,99,99,99,99,0,0,0,1,0,0
12,121768,3,3,0,0,0,7,7,109,0,18,9,2015,6,1,20,1,1,1,1,1,I-95,,99998,29.899,-81.406,0,24,0,0,1,1,0,3,2,1,0,1,0,0,99,99,99,99,99,99,0,0,0,1,0,1
12,121770,2,2,0,0,0,6,6,83,0,19,9,2015,7,0,25,1,1,1,1,1,I-75,,99998,28.982,-82.136,0,12,1,0,1,1,0,1,2,1,0,1,0,0,99,99,99,99,99,99,0,0,0,1,0,2
12,121771,2,2,0,0,0,2,2,81,340,20,9,2015,1,6,33,1,2,3,1,2,US-41,SR-64,99998,27.495,-82.563,0,12,6,0,2,2,0,1,3,1,0,1,0,0,99,99,99,99,99,99,0,0,0,1,0,0
12,121776,1,1,0,1,1,1,1,5,2456,18,9,2015,6,21,33,1,2,3,1,2,US-98,,99998,30.113,-85.601,0,8,0,0,1,1,0,1,2,1,0,1,0,0,99,99,99,99,99,99,0,0,0,1,0,0
12,121778,3,3,0,0,0,4,4,69,0,22,9,2015,3,20,42,1,2,3,1,2,US-192,BALI BLVD,99998,28.347,-81.661,0,12,1,0,3,3,0,1,2,1,0,1,0,0,99,99,99,99,99,99,0,0,0,1,1,1
12,121780,1,1,0,1,1,1,1,99,3190,6,10,2015,3,20,29,0,2,4,1,2,US-1,,0,26.722,-80.053,0,8,0,0,1,1,0,1,3,10,0,10,0,0,99,99,99,99,88,88,0,0,0,1,0,1
12,121781,2,2,0,0,0,4,4,69,0,6,9,2015,1,4,18,1,1,2,1,3,SR-91,,99998,28.653,-81.809,0,12,1,0,1,1,0,1,2,1,0,1,0,0,4,24,4,38,99,99,0,0,0,3,0,2
12,121789,2,2,0,0,0,5,5,87,1505,5,9,2015,7,14,30,1,2,3,1,2,US-1,,99998,24.931,-80.62,0,12,8,0,1,1,0,1,1,1,0,1,0,0,99,99,99,99,99,99,0,0,0,1,0,1
12,121790,1,1,0,1,1,1,1,95,0,8,9,2015,3,20,49,1,2,3,1,3,SR-436,,99998,28.599,-81.307,0,8,0,0,1,1,0,1,3,10,0,10,0,0,99,99,99,99,88,88,0,0,0,1,0,2
12,121791,1,1,0,1,1,1,1,95,0,12,9,2015,7,11,11,1,2,3,1,3,SR-436,HANGING MOSS RD,99998,28.579,-81.309,0,8,0,0,3,3,0,10,1,10,0,10,0,0,99,99,99,99,88,88,0,0,0,1,1,2
12,121795,1,1,0,1,1,1,1,86,2010,15,9,2015,3,12,21,1,2,2,1,3,SR-821,,99998,25.667,-80.387,0,30,0,0,1,1,2,4,1,1,0,1,0,0,99,99,99,99,88,88,19,0,0,1,0,1
12,121796,1,1,0,1,1,1,1,87,1580,16,9,2015,4,17,33,1,2,3,1,3,SR-A1A,,99998,24.552,-81.761,0,33,0,0,1,1,0,4,1,1,0,1,0,0,99,99,99,99,99,99,0,0,0,1,1,1
12,121798,1,1,0,1,1,1,1,53,0,18,9,2015,6,11,29,1,2,3,1,3,SR-50,,99998,28.521,-82.565,0,8,0,0,1,1,0,1,1,1,0,1,0,0,99,99,99,99,99,99,0,0,0,1,0,0
12,121800,2,2,0,0,0,2,2,107,2420,18,9,2015,6,6,1,1,2,3,1,3,SR-19,GREEN RD,99998,29.622,-81.7,0,12,6,0,2,3,0,1,2,10,0,10,0,0,99,99,99,99,88,88,0,0,0,1,0,2
12,121801,2,2,0,0,0,2,2,23,0,19,9,2015,7,0,20,1,1,1,1,1,I-75,,99998,30.083,-82.636,0,12,1,0,1,1,0,1,2,10,0,10,0,0,99,99,99,99,88,88,0,0,0,1,2,2
12,121802,2,2,0,0,0,4,4,99,2431,19,9,2015,7,20,38,1,2,1,1,1,I-95,,99998,26.84,-80.102,0,12,1,1,18,1,0,1,3,1,0,1,0,0,99,99,99,99,99,99,0,0,0,1,0,1
12,121805,2,2,0,0,0,7,7,47,0,20,9,2015,1,15,5,1,1,1,1,1,I-75,,99998,30.403,-82.887,0,12,1,0,1,1,0,1,1,1,0,1,0,0,99,99,99,99,99,99,0,0,0,1,0,2
12,121807,1,1,0,0,0,2,2,31,1510,27,6,2015,7,19,5,0,2,4,1,2,US-90,9700 HWY 90,99998,30.317,-81.819,0,10,0,0,6,1,0,1,1,10,0,10,0,627835X,99,99,99,99,99,99,0,0,0,1,0,0
12,121809,1,1,0,0,0,1,1,1,0,20,9,2015,1,1,45,1,1,3,1,2,US-301,,99998,29.673,-82.121,0,34,0,0,1,1,0,4,2,1,0,1,0,0,99,99,99,99,99,99,0,0,0,1,0,0
12,121810,4,4,0,0,0,5,5,5,0,22,9,2015,3,7,20,1,2,3,1,2,US-231,,99998,30.234,-85.578,0,12,1,0,1,1,0,1,1,1,0,1,0,0,99,99,99,99,99,99,0,0,0,1,0,0
12,121815,1,1,0,1,1,1,1,86,0,28,9,2015,2,22,45,1,2,3,1,3,SR-976,,99998,25.733,-80.327,0,8,0,0,1,1,0,1,3,1,0,1,0,0,99,99,99,99,99,99,0,0,0,1,0,2
12,121817,2,2,0,0,0,3,3,101,0,19,9,2015,7,20,30,0,6,96,96,4,CR-41,PHELPS RD,99998,28.279,-82.204,0,12,1,0,3,3,0,1,3,10,0,10,0,0,99,99,99,99,99,99,0,0,0,2,1,2
12,121819,2,2,0,0,0,2,2,101,0,21,9,2015,2,19,36,1,2,3,1,2,US-19,FLORA AVE,99998,28.177,-82.741,0,12,6,0,2,2,0,1,5,1,0,1,0,0,99,99,99,99,99,99,0,0,0,1,0,0
12,121821,2,2,0,0,0,2,2,17,0,23,9,2015,4,11,46,1,2,3,1,2,US-19,KINGSTON DR,99998,28.829,-82.579,0,12,6,0,2,3,0,1,1,1,0,1,0,0,99,99,99,99,99,99,0,0,0,1,0,0
12,121823,1,1,0,1,1,1,1,69,0,24,9,2015,5,20,30,0,2,7,25,6,NORTHERN AVE,,99998,28.841,-81.77,0,8,0,0,1,1,0,1,2,1,0,1,0,0,99,99,99,99,88,88,0,0,0,1,0,2
12,121825,1,1,0,1,1,1,1,3,0,26,9,2015,7,3,23,1,1,1,1,1,I-10,,99998,30.251,-82.212,0,8,0,0,1,1,0,1,2,1,0,1,0,0,99,99,99,99,88,88,0,0,0,1,0,1
12,121829,2,2,0,0,0,2,2,103,570,24,8,2015,2,17,27,1,2,3,1,2,US-19,,99998,28.014,-82.736,0,12,1,1,5,1,0,1,1,1,0,1,0,0,99,99,99,99,99,99,0,0,0,1,0,0
12,121831,2,2,0,0,0,5,5,11,0,8,9,2015,3,21,15,1,1,3,1,2,US-27,,99998,26.144,-80.442,0,12,2,0,1,1,0,1,2,10,0,10,0,0,99,99,99,99,99,99,0,0,0,4,1,1
12,121832,2,2,0,0,0,2,2,11,771,18,9,2015,6,7,37,1,2,3,1,2,US-441,,99998,26.072,-80.207,0,12,6,0,1,1,0,1,1,1,0,1,0,0,99,99,99,99,99,99,0,0,0,1,0,0
12,121834,1,1,0,0,0,1,1,83,0,20,9,2015,1,20,5,0,1,7,25,4,CR-42,,99998,28.983,-82.136,0,5,0,0,1,1,0,1,2,1,0,1,0,0,99,99,99,99,99,99,0,0,0,1,0,2
12,121835,1,1,0,0,0,1,1,31,1510,27,9,2015,1,4,37,1,2,3,1,2,US-90,,99998,30.318,-81.478,0,42,0,0,1,1,0,3,3,10,0,10,0,0,99,99,99,99,88,88,0,0,0,1,1,0
12,121838,1,1,0,0,0,2,2,103,2960,21,9,2015,2,15,45,1,2,3,1,2,US-19,BECKETT WAY,99998,28.167,-82.74,0,59,0,0,3,2,0,4,1,1,0,1,0,0,99,99,99,99,99,99,0,0,0,2,0,0
12,121843,5,5,0,0,0,7,7,71,0,28,9,2015,2,18,30,1,2,3,1,3,SR-82,,99998,26.582,-81.715,0,12,1,0,1,1,0,1,1,10,0,10,0,0,99,99,99,99,99,99,0,0,0,1,0,2
12,121844,2,2,0,0,0,2,2,57,0,30,9,2015,4,17,1,1,2,3,1,2,US-41,RIVERVIEW DR,99998,27.864,-82.385,0,12,6,0,2,2,0,1,1,1,0,1,0,0,99,99,99,99,88,88,0,0,0,1,0,0
12,121847,2,2,0,0,0,2,2,127,0,1,10,2015,5,18,35,1,2,1,1,1,I-95,,99998,29.082,-81.017,0,12,1,0,1,1,4,1,3,1,0,1,0,0,99,99,99,99,88,88,0,0,0,1,1,1
12,121849,1,1,0,0,0,3,3,1,0,28,9,2015,2,20,44,1,1,1,1,1,I-75,,99998,29.512,-82.302,0,42,0,0,1,1,0,3,2,2,0,2,0,0,99,99,99,99,99,99,0,0,0,1,1,2
12,121857,1,1,0,1,1,2,2,115,0,13,9,2015,1,9,47,9,6,96,96,2,US-41,,99998,27.052,-82.401,0,8,0,0,1,1,0,1,1,1,0,1,0,0,99,99,99,99,99,99,0,0,0,1,0,0
12,121859,2,2,0,0,0,3,3,95,0,23,9,2015,4,8,23,1,1,3,1,3,SR-520,SR-528,99998,28.453,-80.979,0,12,6,1,3,4,0,1,1,10,0,10,0,0,99,99,99,99,99,99,0,0,0,1,0,2
12,121861,1,1,0,0,0,1,1,99,2431,24,9,2015,5,6,40,1,2,1,1,1,I-95,,99998,26.883,-80.127,0,59,0,0,1,1,0,4,3,10,0,10,0,0,99,99,99,99,88,88,0,0,0,1,1,1
12,121862,2,2,0,0,0,3,3,11,0,25,9,2015,6,23,30,1,2,1,1,1,I-75,,99998,25.965,-80.352,0,12,1,0,1,1,4,1,2,1,0,1,0,0,99,99,99,99,99,99,0,0,0,1,1,2
12,121863,2,2,0,0,0,3,3,85,0,26,9,2015,7,21,41,1,1,1,1,1,I-95,,99998,27.135,-80.359,0,12,2,0,1,1,0,1,2,10,0,10,0,0,99,99,99,99,99,99,0,0,0,2,1,1
12,121864,1,1,0,0,0,2,2,75,0,30,9,2015,4,6,42,1,1,3,1,2,US-27,,99998,29.475,-82.781,0,42,0,0,1,1,0,4,2,5,0,5,0,0,99,99,99,99,99,99,0,0,0,1,0,0