STATE,ST_CASE,VE_TOTAL,VE_FORMS,PVH_INVL,PEDS,PERNOTMVIT,PERMVIT,PERSONS,COUNTY,CITY,DAY,MONTH,YEAR,DAY_WEEK,HOUR,MINUTE,NHS,RUR_URB,FUNC_SYS,RD_OWNER,ROUTE,TWAY_ID,TWAY_ID2,MILEPT,LATITUDE,LONGITUD,SP_JUR,HARM_EV,MAN_COLL,RELJCT1,RELJCT2,TYP_INT,WRK_ZONE,REL_ROAD,LGT_COND,WEATHER1,WEATHER2,WEATHER,SCH_BUS,RAIL,NOT_HOUR,NOT_MIN,ARR_HOUR,ARR_MIN,HOSP_HR,HOSP_MN,CF1,CF2,CF3,FATALS,DRUNK_DR,RANK
12,122123,2,2,0,0,0,2,2,101,0,1,11,2015,1,7,2,1,2,3,1,2,US-41,SR-595,99998,28.185,-82.467,0,33,0,0,3,4,0,4,1,1,0,1,0,0,99,99,99,99,88,88,0,0,0,1,1,0
12,122124,2,2,0,0,0,3,3,79,0,3,11,2015,3,10,55,0,1,3,1,2,US-90,,99998,30.471,-83.567,0,12,6,0,1,1,0,1,1,2,0,2,0,0,99,99,99,99,99,99,0,0,0,1,0,0
12,122126,2,2,0,0,0,2,2,99,0,25,10,2015,1,0,39,1,2,3,1,3,SR-809,,99998,26.619,-80.113,0,12,1,0,1,1,0,1,3,1,0,1,0,0,99,99,99,99,99,99,0,0,0,1,0,1
12,122128,2,2,0,0,0,3,3,119,0,6,11,2015,6,20,11,1,1,1,1,1,I-75,,99998,28.615,-82.19,0,12,6,0,1,1,4,1,2,1,0,1,0,0,20,12,20,18,99,99,0,0,0,1,0,2
12,122129,2,2,0,1,1,7,7,87,0,7,11,2015,7,5,53,1,2,3,1,2,US-1,,99998,24.86,-80.722,0,8,0,0,1,1,0,1,2,10,0,10,0,0,99,99,99,99,88,88,0,0,0,1,0,1
12,122137,1,1,0,1,1,3,3,9,3000,5,11,2015,5,17,45,1,2,3,1,2,US-1,JESS PARRISH COURT,99998,28.627,-80.824,0,9,0,1,2,3,0,1,5,1,0,1,0,0,99,99,99,99,88,88,0,0,0,1,0,1
12,122142,1,1,0,0,0,5,5,21,0,31,10,2015,7,3,29,1,1,1,1,1,I-75,,99998,26.155,-81.635,0,57,0,0,1,1,0,4,2,1,0,1,0,0,99,99,99,99,99,99,0,0,0,2,0,2
12,122143,2,2,0,0,0,3,3,63,0,2,11,2015,2,7,50,1,1,3,1,2,US-231,CR-162,99998,30.887,-85.368,0,12,6,0,2,2,0,1,1,2,0,2,0,0,99,99,99,99,99,99,0,0,0,1,0,0
12,122146,2,2,0,0,0,3,3,103,0,7,11,2015,7,18,16,1,2,3,1,2,US-19,CONGRESS AVE,99998,28.045,-82.739,0,12,6,0,2,3,0,1,5,1,0,1,0,0,99,99,99,99,99,99,0,0,0,1,0,0
12,122147,2,2,0,0,0,3,3,69,0,10,11,2015,3,19,20,0,1,4,1,3,SR-19,CR-445A,99998,29.117,-81.618,0,12,2,1,2,3,0,1,2,1,0,1,0,0,99,99,99,99,99,99,0,0,0,1,0,2
12,122148,1,1,0,0,0,2,2,97,0,10,11,2015,3,21,47,1,2,1,1,1,I-4,,99998,28.301,-81.576,0,1,0,1,19,1,0,3,3,10,0,10,0,0,99,99,99,99,99,99,0,0,0,1,0,1
12,122149,2,2,0,0,0,4,4,63,0,12,11,2015,5,7,45,1,1,3,1,2,US-90,,99998,30.716,-84.957,0,12,2,0,1,1,0,1,1,10,0,10,0,0,99,99,99,99,99,99,0,0,0,1,0,0
12,122151,3,2,1,0,1,3,4,23,0,13,9,2015,1,6,35,1,2,1,1,1,I-75,,99998,30.211,-82.705,0,14,0,0,1,1,0,4,4,1,0,1,0,0,99,99,99,99,99,99,0,0,0,1,0,2
12,122153,1,1,0,0,0,1,1,75,0,2,10,2015,6,21,30,1,1,3,1,2,US-27,US-27,99998,29.431,-82.604,0,30,0,0,1,1,0,4,2,10,0,10,0,0,99,99,99,99,99,99,0,0,0,1,1,0
12,122156,1,1,0,2,2,2,2,23,0,2,11,2015,2,20,0,1,2,3,1,2,US-441,SW FOREST LAWN WAY,99998,30.141,-82.634,0,8,0,0,2,4,0,1,2,1,0,1,0,0,99,99,99,99,99,99,0,0,0,1,0,0
12,122158,1,1,0,1,1,1,1,95,3290,12,11,2015,5,11,3,1,2,3,1,3,SR-50,DANIELS RD,99998,28.551,-81.584,0,8,0,0,8,1,0,1,1,1,0,1,0,0,99,99,99,99,99,99,0,0,0,1,0,0
12,122159,1,1,0,1,1,1,1,9,630,12,11,2015,5,18,11,1,2,3,1,3,SR-A1A,6TH ST S,99998,28.308,-80.61,0,15,0,0,1,1,0,1,3,1,0,1,0,0,99,99,99,99,99,99,0,0,0,1,0,1
12,122164,2,2,0,0,0,2,2,19,0,11,10,2015,1,0,35,1,1,3,1,3,SR-21,,99998,29.886,-81.916,0,12,2,0,1,1,0,1,2,10,0,10,0,0,99,99,99,99,99,99,0,0,0,1,1,2
12,122167,1,1,0,1,1,1,1,43,0,23,10,2015,6,7,9,1,1,3,1,2,US-27,CR-720,99998,26.811,-81.082,0,8,0,0,2,2,0,1,1,10,0,10,0,0,99,99,99,99,88,88,0,0,0,1,0,0
12,122170,2,2,0,0,0,3,3,33,0,27,10,2015,3,7,32,1,2,3,1,2,US-29,W DETROIT BLVD,99998,30.519,-87.273,0,12,6,0,2,2,0,1,1,2,0,2,1,0,99,99,99,99,99,99,0,0,0,1,0,0
12,122172,1,1,0,0,0,1,1,31,1510,29,10,2015,5,23,0,1,2,1,1,1,I-295,,99998,30.172,-81.529,0,42,0,0,1,1,0,4,2,1,0,1,0,0,99,99,99,99,88,88,0,0,0,1,0,2
12,122174,1,1,0,1,1,1,1,31,1510,31,10,2015,7,23,15,1,2,1,1,1,I-10,,99998,30.289,-81.985,0,8,0,0,1,1,0,1,2,10,0,10,0,0,99,99,99,99,88,88,0,0,0,1,0,1
12,122175,5,5,0,0,0,6,6,109,0,1,11,2015,1,22,32,1,1,1,1,1,I-95,,99998,29.984,-81.461,0,12,1,1,18,1,0,1,2,1,0,1,0,0,99,99,99,99,99,99,27,0,0,1,0,1
12,122176,1,1,0,1,1,2,2,109,0,2,11,2015,2,18,25,1,2,3,1,2,US-1,SR-312,99998,29.867,-81.323,0,8,0,0,3,2,0,1,5,10,0,10,0,0,99,99,99,99,99,99,0,0,0,1,0,1
12,122177,2,2,0,0,0,3,3,89,0,6,11,2015,6,19,40,1,1,3,1,2,US-17,,99998,30.589,-81.6,0,12,2,0,1,1,0,1,2,1,0,1,0,0,99,99,99,99,88,88,0,0,0,1,0,1
12,122178,1,1,0,1,1,1,1,127,1410,6,11,2015,6,17,53,1,2,3,1,2,US-1,2ND ST,99998,29.229,-81.033,0,8,0,0,3,2,0,1,1,1,0,1,0,0,99,99,99,99,99,99,0,0,0,1,0,1
12,122179,2,2,0,0,0,5,5,53,0,8,11,2015,1,23,25,1,1,1,1,1,I-75,,99998,28.522,-82.237,0,12,1,0,1,1,0,1,2,10,0,10,0,0,99,99,99,99,88,88,0,0,0,1,0,2
12,122186,1,1,0,0,0,1,1,125,0,20,11,2015,6,1,30,0,2,4,1,3,SR-121,,99998,30.003,-82.369,0,1,0,0,1,1,0,5,2,10,0,10,0,0,99,99,99,99,88,88,0,0,0,1,1,2
12,122187,5,5,0,0,0,6,6,101,2590,6,10,2015,3,16,45,1,2,3,1,2,US-19,,99998,28.271,-82.725,0,12,6,0,1,1,0,1,1,1,0,1,0,0,99,99,99,99,99,99,0,0,0,1,0,0
12,122193,2,2,0,0,0,2,2,95,0,14,11,2015,7,17,54,0,2,4,1,3,SR-15,LEE VISTA BLVD,99998,28.466,-81.276,0,12,2,0,2,2,0,1,1,1,0,1,0,0,99,99,99,99,99,99,0,0,0,1,0,0
12,122195,1,1,0,1,1,1,1,31,1510,15,11,2015,1,22,34,1,2,3,1,2,US-90,,99998,30.287,-81.544,0,8,0,0,1,1,0,1,3,1,0,1,0,0,99,99,99,99,88,88,0,0,0,1,0,0
12,122202,3,3,0,0,0,11,11,9,0,1,11,2015,1,4,0,1,2,1,1,1,I-95,,99998,28.331,-80.776,0,12,6,0,1,1,0,1,2,1,0,1,0,0,99,99,99,99,99,99,19,0,0,1,1,1
12,122203,1,1,0,1,1,1,1,103,570,3,11,2015,3,13,50,1,2,3,1,2,US-19,,99998,27.959,-82.788,0,8,0,0,1,1,0,1,1,1,0,1,0,0,99,99,99,99,99,99,0,0,0,1,0,0
12,122205,2,2,0,1,1,3,3,109,0,4,11,2015,4,21,55,1,2,3,1,3,SR-16,,99998,29.973,-81.527,0,8,0,0,1,1,0,1,2,10,0,10,0,0,99,99,99,99,99,99,0,0,0,1,0,2
12,122206,2,2,0,0,0,2,2,86,2023,6,11,2015,6,1,5,1,2,3,1,2,US-441,NW 189 ST,99998,25.948,-80.205,0,12,6,0,2,2,0,1,3,10,0,10,0,0,99,99,99,99,99,99,0,0,0,1,0,0
12,122208,1,1,0,0,0,2,2,11,0,6,11,2015,6,23,39,1,2,2,1,1,I-95,,99998,26.137,-80.167,0,39,0,0,5,1,0,4,3,1,0,1,0,0,99,99,99,99,99,99,0,0,0,1,1,1
12,122209,2,2,0,0,0,3,3,43,0,7,11,2015,7,16,35,1,1,3,1,3,SR-29,,99998,26.811,-81.414,0,12,6,0,1,1,0,1,1,2,0,2,0,0,99,99,99,99,99,99,0,0,0,1,0,2
12,122211,2,2,0,0,0,2,2,105,0,9,11,2015,2,15,47,1,1,3,1,2,US-27,,99998,27.755,-81.588,0,1,0,0,1,1,0,3,1,2,0,2,0,0,99,99,99,99,99,99,0,0,0,1,1,0
12,122212,3,3,0,1,1,4,4,95,0,9,11,2015,2,19,25,1,2,3,1,2,US-441,,99998,28.616,-81.437,0,8,0,0,1,1,0,1,2,1,0,1,0,0,99,99,99,99,88,88,0,0,0,1,0,0
12,122215,2,2,0,0,0,6,6,97,0,13,11,2015,6,18,43,1,2,3,1,3,SR-15,THOMPKINS DR,99998,28.32,-81.238,0,12,6,0,2,2,0,1,2,1,0,1,0,0,99,99,99,99,99,99,0,0,0,1,1,0
12,122216,2,2,0,0,0,3,3,99,3190,15,11,2015,1,17,52,1,2,3,1,3,SR-704,OKEECHOBEE BLVD,99998,26.708,-80.152,0,12,6,0,2,3,0,1,3,1,0,1,0,0,99,99,99,99,99,99,0,0,0,1,0,2
12,122218,1,1,0,1,1,1,1,57,0,16,11,2015,2,6,18,1,2,3,1,2,US-41,,99998,27.824,-82.382,0,8,0,0,1,1,0,1,2,1,0,1,0,0,99,99,99,99,88,88,0,0,0,1,0,0
12,122220,2,2,0,0,0,10,10,63,0,4,10,2015,1,15,50,1,1,1,1,1,I-10,,99998,30.661,-85.044,0,12,6,0,1,1,0,1,1,10,0,10,0,0,99,99,99,99,99,99,0,0,0,5,0,1
12,122221,1,1,0,0,0,1,1,127,0,17,10,2015,7,10,16,1,2,1,1,1,I-4,,99998,29.149,-81.09,0,25,0,0,1,1,4,3,1,1,0,1,0,0,99,99,99,99,99,99,0,0,0,1,0,1
12,122222,1,1,0,0,0,2,2,35,0,27,10,2015,3,1,40,1,2,3,1,2,US-1,,99998,29.409,-81.201,0,1,0,0,1,1,0,3,2,10,0,10,0,0,99,99,99,99,99,99,0,0,0,1,1,1
12,122224,2,2,0,0,0,2,2,99,290,31,10,2015,7,19,16,1,2,3,1,2,US-1,15TH ST,99998,26.336,-80.087,0,12,6,0,2,2,0,1,3,1,0,1,0,0,99,99,99,99,88,88,0,0,0,1,0,1
12,122225,1,1,0,1,1,1,1,11,1050,31,10,2015,7,3,45,0,2,4,1,3,SR-A1A,,99998,26.109,-80.107,0,8,0,0,1,1,0,1,3,1,0,1,0,0,99,99,99,99,99,99,0,0,0,1,0,1
12,122228,2,2,0,0,0,3,3,101,0,8,11,2015,1,0,27,1,2,3,1,2,US-19,DARLINGTON RD,99998,28.195,-82.74,0,12,6,1,2,2,0,1,3,1,0,1,0,0,99,99,99,99,99,99,0,0,0,1,0,0
12,122229,3,3,0,0,0,3,3,57,0,8,11,2015,1,22,16,1,2,3,1,2,US-41,RALEIGH ST,99998,27.915,-82.402,0,12,6,0,2,3,0,1,2,10,0,10,0,0,99,99,99,99,88,88,14,0,0,1,1,0
12,122230,1,1,0,1,1,1,1,57,2950,9,11,2015,2,23,28,1,2,3,1,2,US-92,LINCOLN AVE,99998,27.996,-82.497,0,8,0,0,3,2,0,1,3,10,0,10,0,0,99,99,99,99,88,88,0,0,0,1,0,1
12,122231,1,1,0,0,0,1,1,115,0,10,11,2015,3,12,13,1,2,3,1,2,US-41,SOUTHWOOD ST,99998,27.269,-82.533,0,33,0,0,3,3,0,4,1,10,0,10,0,0,99,99,99,99,99,99,0,0,0,1,0,0
12,122232,1,1,0,1,1,6,6,107,0,13,11,2015,6,19,50,1,1,3,1,2,US-17,,99998,29.486,-81.569,0,9,0,0,8,1,0,1,2,1,0,1,0,0,99,99,99,99,88,88,0,0,0,1,0,1
12,122233,1,1,0,1,1,5,5,75,0,14,11,2015,7,20,45,1,1,3,1,2,US-19,,99998,29.547,-82.898,0,8,0,0,1,1,0,1,2,1,0,1,0,0,99,99,99,99,88,88,0,0,0,1,0,0
12,122234,1,1,0,1,1,2,2,109,0,14,11,2015,7,21,57,1,2,3,1,2,US-1,,99998,29.808,-81.322,0,8,0,0,1,1,0,1,2,1,0,1,0,0,99,99,99,99,99,99,0,0,0,1,0,1
12,122235,1,1,0,0,0,1,1,65,0,15,11,2015,1,18,6,1,1,1,1,1,I-10,,99998,30.473,-83.823,0,21,0,0,1,1,0,4,5,1,0,1,0,0,99,99,99,99,88,88,0,0,0,1,1,1
12,122236,2,2,0,0,0,4,4,101,0,15,11,2015,1,20,45,1,2,3,1,3,SR-54,,99998,28.219,-82.261,0,12,6,0,1,1,0,1,2,1,0,1,0,0,20,47,20,53,99,99,0,0,0,2,1,2
12,122237,2,2,0,0,0,3,3,9,0,16,11,2015,2,13,54,1,1,3,1,3,SR-520,SATELLITE BLVD,99998,28.365,-80.846,0,12,6,0,2,3,0,1,1,10,0,10,0,0,99,99,99,99,99,99,0,0,0,1,0,2
12,122238,2,2,0,1,1,2,2,79,0,16,11,2015,2,20,35,1,1,1,1,1,I-10,,99998,30.435,-83.468,0,12,6,0,1,1,0,1,2,10,0,10,0,0,99,99,99,99,99,99,19,0,0,1,0,1
12,122240,1,1,0,0,0,2,2,99,0,17,11,2015,3,4,5,1,2,3,1,2,US-441,,99998,26.813,-80.65,0,59,0,0,1,1,0,4,2,1,0,1,0,0,99,99,99,99,99,99,0,0,0,1,0,0
12,122241,2,2,0,0,0,2,2,115,0,19,11,2015,5,15,35,1,2,3,1,2,US-41,SEABOARD AVE,99998,27.092,-82.433,0,12,6,0,2,3,0,1,1,10,0,10,0,0,99,99,99,99,99,99,0,0,0,1,0,0
12,122242,2,2,0,0,0,2,2,85,0,17,11,2015,3,17,33,1,2,3,1,3,SR-5,MORNINGSIDE DR SE,99998,27.124,-80.191,0,12,6,0,2,3,0,1,1,1,0,1,0,0,99,99,99,99,99,99,0,0,0,1,0,1
12,122243,2,2,0,0,0,2,2,55,0,18,11,2015,4,22,46,1,2,3,1,2,US-27,DAVIS CITRUS RD,99998,27.551,-81.509,0,12,1,0,1,1,0,1,2,1,0,1,0,0,99,99,99,99,88,88,0,0,0,1,1,0
12,122244,2,2,0,0,0,3,3,31,1510,19,11,2015,5,18,18,1,2,1,1,1,I-10,,99998,30.31,-81.831,0,12,7,0,1,1,0,1,2,10,0,10,0,0,99,99,99,99,99,99,0,0,0,1,0,1
12,122246,2,2,0,0,0,2,2,33,2490,12,11,2015,5,16,41,1,2,3,1,2,US-98,PACE BLVD,99998,30.412,-87.242,0,12,6,0,2,2,0,1,5,1,0,1,0,0,99,99,99,99,99,99,0,0,0,1,0,0
12,122249,2,2,0,0,0,2,2,53,0,19,11,2015,5,17,0,0,1,7,25,3,SR-50,,99998,28.508,-82.147,0,12,2,0,1,1,0,1,1,2,0,2,0,0,99,99,99,99,99,99,0,0,0,1,1,0
12,122250,1,1,0,0,0,2,2,31,1510,20,11,2015,6,0,54,1,2,1,1,1,I-95,,99998,30.211,-81.565,0,42,0,0,1,1,0,4,3,10,0,10,0,0,99,99,99,99,99,99,0,0,0,1,1,1
12,122252,7,7,0,0,0,9,9,1,0,18,11,2015,4,17,11,1,2,1,1,1,I-75,,99998,29.618,-82.386,0,24,0,0,1,1,0,3,5,10,0,10,0,0,99,99,99,99,99,99,0,0,0,1,0,2
12,122256,3,3,0,0,0,7,7,23,0,20,11,2015,6,14,56,1,1,1,1,1,I-10,,99998,30.273,-82.788,0,12,7,0,1,1,0,1,1,1,0,1,0,0,99,99,99,99,99,99,0,0,0,1,0,1
12,122258,1,1,0,0,0,1,1,55,0,20,11,2015,6,19,20,1,2,3,1,2,US-98,,99998,27.434,-81.321,0,30,0,0,1,1,0,4,2,10,0,10,0,0,99,99,99,99,88,88,0,0,0,1,1,0
12,122260,1,1,0,0,0,1,1,11,790,20,11,2015,6,22,40,1,2,1,1,1,I-95,,99998,26.318,-80.118,0,1,0,0,1,1,0,1,3,1,0,1,0,0,99,99,99,99,88,88,0,0,0,1,1,1
12,122261,1,1,0,1,1,1,1,11,2916,21,11,2015,7,1,4,1,2,3,1,3,SR-84,,99998,26.127,-80.362,0,8,0,0,1,1,0,1,3,1,0,1,0,0,99,99,99,99,88,88,0,0,0,1,0,2
12,122265,1,1,0,0,0,1,1,101,0,22,11,2015,1,3,38,1,1,3,1,2,US-98,,99998,28.285,-82.121,0,1,0,0,1,1,0,4,2,10,0,10,0,0,99,99,99,99,88,88,0,0,0,1,0,0
12,122266,1,1,0,0,0,1,1,109,0,22,11,2015,1,4,41,1,1,1,1,1,I-95,,99998,29.683,-81.32,0,42,0,0,1,1,0,3,2,2,0,2,0,0,99,99,99,99,88,88,0,0,0,1,1,1
12,122267,2,1,1,0,1,2,3,86,0,22,11,2015,1,7,35,1,2,2,1,3,SR-826,,99998,25.781,-80.321,0,18,0,0,1,1,4,3,1,10,0,10,0,0,99,99,99,99,88,88,0,0,0,1,0,2
12,122269,3,3,0,0,0,4,4,127,0,20,11,2015,6,21,33,1,2,3,1,2,US-92,CR-4047,99998,29.061,-81.267,0,12,2,0,2,3,0,1,2,1,0,1,0,0,99,99,99,99,99,99,0,0,0,1,0,1
12,122272,1,1,0,1,1,2,2,105,1270,16,11,2015,2,18,33,1,2,3,1,2,US-17,LEE JACKSON HWY,99998,28.128,-81.615,0,9,0,0,2,4,0,1,2,1,0,1,0,0,99,99,99,99,99,99,0,0,0,1,0,1
12,122275,1,1,0,1,1,1,1,15,0,16,11,2015,2,14,7,0,2,7,1,2,US-41,MURDOCK CIRCLE,99998,27.01,-82.142,0,9,0,0,3,2,0,1,1,1,0,1,1,0,99,99,99,99,99,99,0,0,0,1,0,0
12,122277,2,2,0,0,0,2,2,7,0,24,11,2015,3,8,35,0,2,4,1,3,SR-100,CR-21B,99998,29.805,-82.062,0,12,6,0,2,3,0,1,1,1,0,1,0,0,99,99,99,99,88,88,0,0,0,1,0,1
12,122278,1,1,0,0,0,1,1,9,0,26,11,2015,5,3,50,1,2,3,1,3,SR-520,KIWANIS ISLAND PARK RD,99998,28.357,-80.678,0,33,0,0,3,4,0,3,3,10,0,10,0,0,99,99,99,99,88,88,0,0,0,1,0,2
12,122279,2,2,0,0,0,5,5,99,3190,26,11,2015,5,5,10,1,2,1,1,1,I-95,SR-80,99998,26.676,-80.071,0,33,0,1,3,2,0,4,3,10,0,10,0,0,99,99,99,99,99,99,0,0,0,1,0,1
12,122280,2,2,0,0,0,3,3,86,1340,29,11,2015,1,3,7,1,2,2,1,3,SR-826,,99998,25.873,-80.323,0,25,0,0,1,1,0,3,3,10,0,10,0,0,99,99,99,99,99,99,0,0,0,1,0,2
12,122281,1,1,0,1,1,1,1,117,0,29,11,2015,1,5,40,1,2,3,1,3,SR-436,,99998,28.669,-81.437,0,33,0,0,1,1,0,4,2,10,0,10,0,0,99,99,99,99,88,88,0,0,0,1,0,2
12,122282,1,1,0,1,1,3,3,101,2180,17,10,2015,7,23,29,1,2,3,1,2,US-19,,99998,28.249,-82.728,0,8,0,0,1,1,0,1,3,1,0,1,0,0,99,99,99,99,88,88,0,0,0,1,0,0
12,122286,2,2,0,0,0,3,3,21,0,25,11,2015,4,10,37,1,1,1,1,1,I-75,,99998,26.168,-81.095,0,18,0,0,1,1,0,1,1,1,0,1,0,0,99,99,99,99,99,99,0,0,0,1,0,2
12,122291,1,1,0,0,0,2,2,86,0,23,11,2015,2,6,2,1,2,3,1,2,US-1,,99998,25.644,-80.334,0,30,0,0,1,1,0,4,1,1,0,1,0,0,99,99,99,99,99,99,0,0,0,1,0,1
12,122297,1,1,0,1,1,1,1,81,340,27,11,2015,6,18,5,0,2,3,1,3,SR-64,,99998,27.496,-82.629,0,8,0,0,1,1,0,1,2,1,0,1,0,0,99,99,99,99,99,99,0,0,0,1,0,2
12,122300,2,2,0,2,2,3,3,69,1820,19,11,2015,5,18,42,1,2,3,1,2,US-441,,99998,28.823,-81.785,0,12,1,0,1,1,0,1,3,2,0,2,0,0,99,99,99,99,99,99,19,0,0,2,0,0
12,122302,1,1,0,1,1,3,3,95,0,26,11,2015,5,19,34,1,2,3,1,3,SR-50,,99998,28.555,-81.112,0,8,0,0,1,1,0,1,2,1,0,1,0,0,99,99,99,99,88,88,0,0,0,1,0,0
12,122303,2,2,0,0,0,4,4,9,0,29,11,2015,1,15,50,0,2,4,1,3,SR-A1A,MALTESE LN,99998,27.89,-80.464,0,12,7,0,2,3,0,1,1,1,0,1,0,0,99,99,99,99,99,99,0,0,0,1,0,1
12,122304,2,2,0,0,0,3,3,17,0,25,11,2015,4,13,5,1,2,3,1,3,SR-44,S RUN FOR THE ROSES DR,99998,28.857,-82.419,0,12,6,1,2,3,0,1,1,1,0,1,0,0,99,99,99,99,88,88,0,0,0,1,0,2
12,122307,1,1,0,1,1,1,1,5,2450,6,11,2015,6,0,14,1,2,3,1,2,US-231,,99998,30.23,-85.583,0,9,0,0,1,1,0,1,3,5,0,5,0,0,99,99,99,99,88,88,0,0,0,1,0,0
12,122311,2,2,0,0,0,2,2,86,2230,27,11,2015,6,9,8,1,2,3,1,3,SR-826,3RD CT,99998,25.928,-80.193,0,12,6,0,2,3,0,1,1,1,0,1,0,0,99,99,99,99,99,99,0,0,0,1,0,2
12,122312,1,1,0,0,0,1,1,133,0,19,11,2015,5,6,45,1,1,1,1,1,I-10,,99998,30.778,-85.6,0,42,0,0,1,1,0,4,4,2,0,2,0,0,99,99,99,99,88,88,0,0,0,1,0,1
12,122315,1,1,0,0,0,1,1,69,0,23,11,2015,2,15,15,1,2,3,1,2,US-27,,99998,28.642,-81.808,0,42,0,0,1,1,0,4,1,1,0,1,0,0,99,99,99,99,99,99,0,0,0,1,0,0
12,122318,3,3,0,0,0,5,5,21,0,25,11,2015,4,15,35,0,2,4,1,3,SR-84,LAKEWOOD BLVD,99998,26.139,-81.758,0,12,6,0,2,2,0,1,1,1,0,1,0,0,99,99,99,99,99,99,0,0,0,1,0,2
12,122322,1,1,0,1,1,1,1,103,0,27,11,2015,6,0,48,1,2,3,1,2,US-19,54TH AVE N,99998,27.821,-82.68,0,8,0,0,2,2,0,1,3,1,0,1,0,0,99,99,99,99,99,99,0,0,0,1,0,0
12,122323,2,2,0,0,0,4,4,101,0,28,11,2015,7,20,51,1,2,3,1,2,US-301,SR-39,99998,28.217,-82.18,0,12,2,1,2,4,0,1,2,1,0,1,0,0,20,52,20,59,99,99,0,0,0,1,0,0
12,122326,1,1,0,0,0,1,1,21,0,29,11,2015,1,12,56,1,1,3,1,2,US-41,,99998,25.961,-81.498,0,24,0,0,1,1,0,4,1,1,0,1,0,0,99,99,99,99,88,88,0,0,0,1,0,0
12,122333,2,2,0,0,0,3,3,27,0,21,10,2015,4,11,25,1,1,3,1,2,US-17,CR-760A,99998,27.151,-81.89,0,12,6,1,2,2,0,1,1,1,0,1,0,0,99,99,99,99,99,99,0,0,0,1,0,1
12,122334,2,2,0,0,0,2,2,105,0,2,11,2015,2,18,40,1,2,5,1,1,I-4,CR-557,99998,28.182,-81.744,0,12,6,1,2,3,0,1,2,10,0,10,0,0,99,99,99,99,99,99,0,0,0,1,0,1
12,122341,2,2,0,0,0,5,5,85,2900,1,12,2015,3,12,5,1,2,3,1,2,US-1,FISCHER ST,99998,27.186,-80.245,0,12,6,0,2,2,0,1,1,1,0,1,0,0,99,99,99,99,99,99,0,0,0,1,0,1
12,122342,3,3,0,0,0,7,7,95,2360,2,12,2015,4,2,0,1,2,3,1,2,US-17,SR-600,99998,28.553,-81.396,0,12,1,0,3,2,0,1,3,1,0,1,0,0,99,99,99,99,99,99,0,0,0,1,1,1
12,122344,1,1,0,1,1,2,2,83,2270,3,12,2015,5,20,7,1,2,3,1,3,SR-40,,99998,29.201,-82.082,0,8,0,1,18,1,0,1,3,10,0,10,0,0,99,99,99,99,88,88,0,0,0,1,0,0
12,122347,2,2,0,0,0,3,3,127,2375,7,12,2015,2,6,17,1,2,3,1,2,US-1,,99998,29.312,-81.101,0,5,0,0,1,1,0,1,2,10,0,10,0,0,99,99,99,99,99,99,0,0,0,1,0,1
12,122348,1,1,0,0,0,1,1,129,0,7,12,2015,2,16,40,1,1,3,1,2,US-98,,99998,30.196,-84.194,0,42,0,0,1,1,0,4,1,1,0,1,0,0,99,99,99,99,88,88,0,0,0,1,0,0
12,122349,1,1,0,0,0,1,1,127,780,5,12,2015,7,11,38,1,2,1,1,1,I-95,,99998,29.213,-81.101,0,1,0,0,1,1,0,1,1,2,0,2,0,0,99,99,99,99,99,99,19,0,0,1,0,1
12,122350,1,1,0,1,1,1,1,111,1080,11,10,2015,1,21,15,1,2,3,1,3,SR-68,25TH ST,99998,27.447,-80.35,0,15,0,0,3,2,0,1,3,1,0,1,0,0,99,99,99,99,99,99,0,0,0,1,0,2
12,122351,2,2,0,0,0,2,2,57,0,24,11,2015,3,18,1,1,2,3,1,2,US-41,,99998,27.769,-82.392,0,12,6,0,8,1,0,1,5,1,0,1,0,0,99,99,99,99,99,99,0,0,0,1,0,0
12,122352,1,1,0,0,0,1,1,86,0,22,11,2015,1,13,15,1,2,3,1,3,SR-94,,99998,25.688,-80.474,0,18,0,0,1,1,4,4,1,2,0,2,0,0,99,99,99,99,88,88,0,0,0,1,0,2
12,122353,2,2,0,0,0,2,2,31,0,16,11,2015,2,10,8,1,2,3,1,3,SR-13,OLD RIVER RD,99998,30.171,-81.629,0,12,6,0,2,2,0,1,1,1,0,1,0,0,99,99,99,99,99,99,0,0,0,1,0,2
12,122355,2,2,0,0,0,3,3,9,2424,23,11,2015,2,15,11,1,2,3,1,2,US-1,,99998,28.052,-80.588,0,12,6,0,1,1,0,1,1,1,0,1,0,0,99,99,99,99,99,99,0,0,0,1,0,1
12,122360,1,1,0,1,1,1,1,57,0,2,12,2015,4,15,36,1,2,3,1,2,US-41,,99998,27.894,-82.402,0,9,0,0,1,1,0,1,1,1,0,1,0,0,99,99,99,99,88,88,0,0,0,1,0,0