STATE,ST_CASE,VE_TOTAL,VE_FORMS,PVH_INVL,PEDS,PERNOTMVIT,PERMVIT,PERSONS,COUNTY,CITY,DAY,MONTH,YEAR,DAY_WEEK,HOUR,MINUTE,NHS,RUR_URB,FUNC_SYS,RD_OWNER,ROUTE,TWAY_ID,TWAY_ID2,MILEPT,LATITUDE,LONGITUD,SP_JUR,HARM_EV,MAN_COLL,RELJCT1,RELJCT2,TYP_INT,WRK_ZONE,REL_ROAD,LGT_COND,WEATHER1,WEATHER2,WEATHER,SCH_BUS,RAIL,NOT_HOUR,NOT_MIN,ARR_HOUR,ARR_MIN,HOSP_HR,HOSP_MN,CF1,CF2,CF3,FATALS,DRUNK_DR,RANK
12,122595,2,2,0,0,0,2,2,7,0,22,12,2015,3,17,40,1,1,3,1,2,US-301,,99998,29.846,-82.159,0,12,1,0,1,1,0,1,2,10,0,10,0,0,99,99,99,99,99,99,0,0,0,1,0,0
12,122597,1,1,0,1,1,2,2,109,2690,23,12,2015,4,17,45,1,2,3,1,2,US-1,,99998,29.876,-81.324,0,8,0,0,1,1,0,1,2,10,0,10,0,0,99,99,99,99,99,99,0,0,0,1,0,1
12,122599,1,1,0,0,0,4,4,3,0,26,12,2015,7,17,30,1,1,1,1,1,I-10,,99998,30.254,-82.336,0,42,0,0,1,1,0,4,1,1,0,1,0,0,99,99,99,99,99,99,0,0,0,3,0,1
12,122600,1,1,0,0,0,1,1,75,0,27,12,2015,1,12,15,1,1,3,1,2,US-19,,99998,29.185,-82.68,0,1,0,0,1,1,0,3,1,1,0,1,0,0,99,99,99,99,88,88,0,0,0,1,0,0
12,122601,2,2,0,0,0,2,2,31,1510,27,12,2015,1,20,30,1,2,1,1,1,I-295,,99998,30.432,-81.577,0,42,0,0,1,1,0,4,3,10,0,10,0,0,99,99,99,99,88,88,14,0,0,1,0,2
12,122603,1,1,0,0,0,1,1,75,0,28,12,2015,2,20,51,1,1,3,1,2,US-19,,99998,29.316,-82.761,0,1,0,0,1,1,0,4,2,1,0,1,0,0,99,99,99,99,88,88,0,0,0,1,0,0
12,122605,1,1,0,0,0,1,1,7,0,15,12,2015,3,7,35,0,1,4,1,3,SR-16,,99998,30.028,-82.158,0,42,0,0,1,1,0,4,1,2,0,2,0,0,99,99,99,99,88,88,0,0,0,1,0,2
12,122606,3,3,0,0,0,10,10,117,0,26,12,2015,7,18,32,1,2,3,1,3,SR-436,LAKE BRANTLEY RD,99998,28.667,-81.431,0,12,1,0,3,2,0,1,3,10,0,10,0,0,99,99,99,99,99,99,0,0,0,1,1,2
12,122607,1,1,0,0,0,1,1,86,1340,27,12,2015,1,19,48,1,2,3,1,2,US-27,,99998,25.838,-80.301,0,59,0,0,1,1,0,4,3,10,0,10,0,0,99,99,99,99,99,99,0,0,0,1,0,0
12,122610,1,1,0,0,0,7,7,111,0,29,12,2015,3,7,20,1,2,2,1,3,SR-91,,99998,27.396,-80.394,0,1,0,0,1,1,0,4,1,1,0,1,0,0,99,99,99,99,99,99,0,0,0,1,0,2
12,122611,1,1,0,1,1,1,1,11,0,17,12,2015,5,11,14,1,2,3,1,2,US-441,DAVIE BLVD,99998,26.104,-80.202,0,8,0,0,2,2,0,1,1,1,0,1,0,0,99,99,99,99,88,88,0,0,0,1,0,0
12,122612,5,5,0,0,0,8,8,86,0,30,12,2015,4,0,45,1,2,1,1,1,I-95,,99998,25.943,-80.188,0,12,7,0,1,1,0,1,3,1,0,1,0,0,99,99,99,99,99,99,0,0,0,5,1,1
12,122613,1,1,0,1,1,1,1,5,2450,24,12,2015,5,19,58,1,2,3,1,3,SR-77,,99998,30.192,-85.65,0,8,0,0,1,1,0,1,3,1,0,1,0,0,99,99,99,99,88,88,0,0,0,1,0,1
12,122614,3,3,0,0,0,4,4,127,0,28,12,2015,2,22,55,1,2,1,1,1,I-95,,99998,29.157,-81.077,0,12,1,0,1,1,0,1,3,1,0,1,0,0,99,99,99,99,99,99,0,0,0,1,0,1
12,122615,1,1,0,1,1,1,1,11,1781,29,12,2015,3,19,33,1,2,3,1,2,US-441,,99998,26.177,-80.203,0,8,0,0,1,1,0,1,3,1,0,1,0,0,99,99,99,99,99,99,0,0,0,1,0,0
12,122617,1,1,0,0,0,1,1,115,0,31,12,2015,5,12,2,1,2,1,1,1,I-75,,99998,27.269,-82.449,0,18,0,0,1,1,0,1,1,10,0,10,0,0,99,99,99,99,88,88,0,0,0,1,0,2
12,122620,2,2,0,0,0,2,2,31,1510,8,12,2015,3,13,46,1,2,1,1,1,I-295,,99998,30.236,-81.763,0,12,1,0,1,1,0,1,1,1,0,1,0,0,99,99,99,99,99,99,0,0,0,1,0,2
12,122621,2,2,0,0,0,2,2,103,570,17,12,2015,5,6,50,1,2,3,1,2,US-19,,99998,27.955,-82.788,0,12,1,0,1,1,0,1,4,10,0,10,1,0,99,99,99,99,99,99,0,0,0,1,0,0
12,122623,2,2,0,0,0,3,3,85,0,24,12,2015,5,12,30,1,2,3,1,2,US-1,,99998,27.234,-80.268,0,12,7,0,1,1,0,1,1,10,0,10,0,0,99,99,99,99,99,99,0,0,0,1,0,1
12,122625,1,1,0,1,1,2,2,101,0,28,12,2015,2,1,28,1,2,3,1,2,US-19,TROUBLE CREEK RD,99998,28.224,-82.734,0,8,0,1,3,2,0,1,3,1,0,1,0,0,1,29,1,33,99,99,0,0,0,1,0,0
12,122626,1,1,0,0,0,1,1,86,0,30,12,2015,4,5,36,1,2,2,1,3,SR-826,,99998,25.925,-80.176,0,59,0,1,19,1,0,4,3,1,0,1,0,0,99,99,99,99,88,88,0,0,0,1,0,2
12,122630,2,2,0,0,0,5,5,109,0,31,12,2015,5,19,0,1,2,3,1,2,US-1,WATSON RD,99998,29.8,-81.32,0,12,6,0,2,2,0,1,2,10,0,10,0,0,99,99,99,99,99,99,0,0,0,1,0,1
12,122631,2,2,0,0,0,3,3,39,0,24,12,2015,5,22,40,0,1,5,1,3,SR-267,,99998,30.411,-84.669,0,12,2,0,1,1,0,1,2,1,0,1,0,0,99,99,99,99,99,99,0,0,0,1,1,2
12,122633,1,1,0,0,0,1,1,9,0,5,11,2015,5,14,0,1,2,3,1,2,US-1,CHAMBERLAN TER,99998,27.859,-80.492,0,1,0,0,3,3,0,4,1,1,0,1,0,0,99,99,99,99,99,99,0,0,0,1,1,1
12,122634,1,1,0,1,1,1,1,103,570,8,11,2015,1,21,30,1,2,3,1,3,SR-60,,99998,27.961,-82.747,0,8,0,0,1,1,0,1,3,2,0,2,0,0,99,99,99,99,99,99,0,0,0,1,0,2
12,122636,2,2,0,0,0,2,2,119,0,19,11,2015,5,17,45,0,2,3,1,3,SR-44,CR-157,99998,28.827,-81.993,0,12,1,0,3,2,0,1,6,2,0,2,0,0,99,99,99,99,99,99,0,0,0,1,0,2
12,122637,2,2,0,0,0,2,2,95,0,20,11,2015,6,2,30,1,2,2,1,3,SR-91,,99998,28.522,-81.509,0,25,0,0,1,1,0,3,3,1,0,1,0,0,99,99,99,99,99,99,0,0,0,1,0,2
12,122641,2,2,0,0,0,2,2,127,2190,5,12,2015,7,21,14,1,2,3,1,3,SR-44,,99998,29.017,-81.372,0,12,2,0,1,1,0,1,2,1,0,1,0,0,99,99,99,99,99,99,0,0,0,1,0,2
12,122642,1,1,0,1,1,1,1,127,787,8,12,2015,3,21,28,1,2,3,1,2,US-17,,99998,28.89,-81.305,0,8,0,0,1,1,0,1,2,1,0,1,0,0,99,99,99,99,88,88,0,0,0,1,0,1
12,122650,1,1,0,1,1,1,1,97,0,16,12,2015,4,23,16,1,2,3,1,2,US-192,,99998,28.328,-81.471,0,8,0,0,1,1,0,1,3,1,0,1,0,0,99,99,99,99,99,99,0,0,0,1,0,1
12,122651,1,1,0,1,1,1,1,99,0,17,12,2015,5,23,55,1,2,3,1,3,SR-809,,99998,26.682,-80.112,0,9,0,0,1,1,0,1,3,1,0,1,0,0,99,99,99,99,88,88,0,0,0,1,0,1
12,122652,3,3,0,0,0,11,11,105,0,19,12,2015,7,15,37,1,2,1,1,1,I-4,,99998,28.234,-81.648,0,12,1,0,1,1,0,1,1,1,0,1,0,0,99,99,99,99,99,99,0,0,0,1,0,1
12,122653,2,2,0,0,0,4,4,57,0,20,12,2015,1,20,30,1,2,1,1,1,I-75,,99998,27.76,-82.371,0,12,1,0,1,1,0,1,2,1,0,1,0,0,99,99,99,99,88,88,0,0,0,2,1,2
12,122654,1,1,0,1,1,1,1,71,0,22,12,2015,3,6,36,1,2,3,1,3,SR-78,NEW POST RD,99998,26.687,-81.866,0,8,0,0,3,2,0,1,3,1,0,1,0,0,99,99,99,99,88,88,0,0,0,1,0,1
12,122655,1,1,0,1,1,1,1,81,0,22,12,2015,3,20,35,1,2,3,1,2,US-41,57TH AVE,99998,27.441,-82.575,0,8,0,0,3,2,0,1,3,1,0,1,0,0,99,99,99,99,99,99,0,0,0,1,0,0
12,122658,2,2,0,0,0,3,3,57,0,25,12,2015,6,14,46,1,2,3,1,2,US-301,SUMMERFIELD SQUARE DR,99998,27.794,-82.335,0,12,6,1,3,3,0,1,1,1,0,1,0,0,99,99,99,99,99,99,0,0,0,1,1,0
12,122660,2,2,0,0,0,4,4,71,1070,27,12,2015,1,19,6,1,2,3,1,3,SR-80,PALM BEACH BLVD,99998,26.571,-81.88,0,12,6,0,16,1,0,1,1,1,0,1,0,0,99,99,99,99,99,99,0,0,0,1,2,2
12,122664,1,1,0,1,1,1,1,105,0,29,12,2015,3,4,56,0,2,4,1,3,SR-37,,99998,27.986,-81.957,0,8,0,0,1,1,0,1,3,1,0,1,0,0,99,99,99,99,88,88,0,0,0,1,0,1
12,122666,1,1,0,1,1,3,3,103,2960,31,12,2015,5,20,45,0,2,4,1,2,US-19,OSCAR HILL RD,99998,28.159,-82.757,0,8,0,0,1,1,0,1,2,1,0,1,0,0,99,99,99,99,99,99,0,0,0,1,0,0
12,122667,1,1,0,1,1,1,1,57,2950,19,11,2015,5,10,35,0,2,4,1,3,SR-45,,99998,27.979,-82.451,0,9,0,0,1,1,0,1,1,1,0,1,0,0,99,99,99,99,99,99,0,0,0,1,0,0
12,122668,2,2,0,0,0,4,4,105,0,23,12,2015,4,23,10,1,1,3,1,2,US-98,,99998,27.733,-81.687,0,12,2,0,1,1,0,1,2,1,0,1,0,0,99,99,99,99,99,99,0,0,0,4,1,1
12,122673,1,1,0,1,1,1,1,57,2950,7,11,2015,7,2,30,1,2,3,1,2,US-92,,99998,27.996,-82.464,0,8,0,0,1,1,0,1,3,1,0,1,0,0,99,99,99,99,99,99,0,0,0,1,0,1
12,122675,2,2,0,1,1,2,2,117,2770,8,12,2015,3,17,45,1,2,3,1,2,US-17,24TH PLACE,99998,28.789,-81.273,0,9,0,0,3,2,0,1,1,1,0,1,0,0,99,99,99,99,99,99,0,0,0,1,0,1
12,122676,2,2,0,0,0,2,2,99,0,11,2,2015,4,22,31,1,2,3,1,3,SR-80,KIRK RD,99998,26.677,-80.104,0,12,6,0,2,2,0,1,3,1,0,1,0,0,99,99,99,99,99,99,0,0,0,1,0,2
12,122678,1,1,0,1,1,1,1,86,2010,27,9,2015,1,16,1,1,2,3,1,2,US-27,NW 3RD AVE,99998,25.81,-80.201,0,8,0,0,3,2,0,1,1,1,0,1,0,0,99,99,99,99,99,99,0,0,0,1,0,0
12,122679,2,2,0,1,1,4,4,69,1820,20,10,2015,3,20,26,1,2,3,1,2,US-27,,99998,28.839,-81.893,0,8,0,0,1,1,0,1,3,1,0,1,0,0,99,99,99,99,88,88,14,0,0,1,0,0
12,122680,2,2,0,0,0,2,2,55,1730,30,10,2015,6,13,9,1,2,3,1,2,US-27,US-27,99998,27.286,-81.358,0,12,6,1,2,3,0,1,1,1,0,1,0,0,99,99,99,99,99,99,0,0,0,1,0,0
12,122682,1,1,0,0,0,2,2,115,2780,29,11,2015,1,2,58,1,2,3,1,2,US-41,,99998,27.334,-82.545,0,33,0,0,1,1,0,3,3,1,0,1,0,0,99,99,99,99,99,99,0,0,0,1,1,0
12,122685,2,2,0,0,0,2,2,27,0,14,12,2015,2,18,46,1,2,3,1,2,US-17,NE CUBITIS AVE,99998,27.309,-81.819,0,12,6,1,2,3,0,1,2,1,0,1,0,0,99,99,99,99,99,99,0,0,0,1,0,1
12,122687,1,1,0,1,1,1,1,86,2010,16,12,2015,4,18,12,1,2,3,1,3,SR-94,SW 109TH AVE,99998,25.687,-80.366,0,8,0,0,2,3,0,1,5,1,0,1,0,0,99,99,99,99,99,99,0,0,0,1,0,2
12,122689,3,3,0,0,0,3,3,9,1990,17,12,2015,5,15,59,1,2,3,1,2,US-1,NEW HAVEN AVE E,99998,28.079,-80.603,0,12,6,0,2,2,0,1,1,1,0,1,0,0,99,99,99,99,99,99,0,0,0,1,0,1
12,122691,2,2,0,0,0,2,2,103,0,18,12,2015,6,21,20,1,2,3,1,2,US-92,,99998,27.878,-82.586,0,12,1,0,1,1,0,1,3,1,0,1,0,0,99,99,99,99,99,99,0,0,0,1,0,1
12,122692,3,3,0,0,0,10,10,105,0,18,12,2015,6,18,32,0,1,4,1,3,SR-37,US-640,99998,27.851,-81.977,0,12,6,0,2,2,0,1,2,1,0,1,0,0,99,99,99,99,99,99,0,0,0,1,0,1
12,122694,2,2,0,1,1,3,3,85,0,19,12,2015,7,1,15,1,1,1,1,1,I-95,,99998,27.086,-80.252,0,8,0,0,1,1,0,1,6,10,0,10,0,0,99,99,99,99,99,99,23,0,0,1,1,1
12,122698,1,1,0,0,0,2,2,101,0,21,12,2015,2,21,20,1,2,3,1,3,SR-54,,99998,28.23,-82.198,0,38,0,0,1,1,0,4,2,1,0,1,0,0,21,23,21,30,99,99,0,0,0,1,1,2
12,122700,1,1,0,1,1,2,2,11,1050,24,12,2015,5,18,10,1,2,3,1,2,US-1,,99998,26.09,-80.137,0,8,0,0,1,1,0,1,3,1,0,1,0,0,99,99,99,99,99,99,0,0,0,1,0,1
12,122702,1,1,0,0,0,1,1,86,0,25,12,2015,6,2,40,1,2,1,1,1,I-95,,99998,25.847,-80.208,0,25,0,0,1,1,0,3,3,1,0,1,0,0,99,99,99,99,99,99,0,0,0,1,1,1
12,122708,2,2,0,0,0,3,3,31,1510,31,12,2015,5,9,15,1,2,2,1,3,SR-202,,99998,30.25,-81.538,0,12,1,0,1,1,0,1,1,1,0,1,0,0,99,99,99,99,99,99,0,0,0,1,0,2
12,122709,1,1,0,0,0,2,2,91,2200,19,12,2015,7,23,37,1,2,3,1,3,SR-85,,99998,30.516,-86.507,0,33,0,0,1,1,0,4,3,1,0,1,0,0,99,99,99,99,99,99,0,0,0,1,1,1
12,122711,1,1,0,0,0,1,1,83,0,28,7,2015,3,9,20,1,2,1,1,1,I-75,,99998,29.231,-82.188,0,1,0,0,1,1,0,1,1,1,0,1,0,0,99,99,99,99,99,99,0,0,0,1,0,2
12,122713,1,1,0,0,0,1,1,99,0,8,8,2015,7,23,8,1,2,3,1,3,SR-809,,99998,26.641,-80.113,0,33,0,0,1,1,0,4,3,10,0,10,0,0,99,99,99,99,88,88,0,0,0,1,0,1
12,122716,1,1,0,0,0,1,1,69,1960,6,11,2015,6,16,19,1,2,3,1,3,SR-50,TUSCANOOGA RD,99998,28.578,-81.9,0,1,0,0,3,3,0,1,1,1,0,1,0,0,99,99,99,99,99,99,0,0,0,1,0,0
12,122717,2,2,0,0,0,4,4,9,620,28,12,2015,2,23,40,1,2,3,1,2,US-1,,99998,28.358,-80.732,0,12,6,0,1,1,0,1,3,1,0,1,0,0,99,99,99,99,99,99,0,0,0,1,0,1
12,122721,1,1,0,1,1,1,1,71,0,21,12,2015,2,15,30,1,2,3,1,3,SR-80,,99998,26.673,-81.819,0,8,0,0,1,1,0,1,1,1,0,1,0,0,99,99,99,99,99,99,0,0,0,1,0,2
12,122726,2,2,0,0,0,3,3,97,1590,23,12,2015,4,18,34,1,2,3,1,2,US-192,NEBRASKA AVE,99998,28.305,-81.394,0,12,2,0,2,3,0,1,3,1,0,1,0,0,99,99,99,99,99,99,0,0,0,1,1,1
12,122735,2,2,0,0,0,2,2,1,1370,9,2,2015,2,18,55,1,1,3,1,2,US-41,,99998,29.827,-82.593,0,33,0,0,1,1,0,4,3,5,0,5,0,0,99,99,99,99,99,99,0,0,0,1,0,0
12,122738,2,2,0,0,0,3,3,105,0,24,5,2015,1,19,45,1,2,3,1,2,US-27,,99998,28.211,-81.64,0,12,1,0,1,1,0,1,1,1,0,1,0,0,99,99,99,99,88,88,0,0,0,1,1,0
12,122742,3,3,0,0,0,4,4,105,0,8,3,2015,1,20,50,1,2,3,1,2,US-27,SAND MINE RD,99998,28.31,-81.668,0,12,1,0,3,2,0,1,3,1,0,1,0,0,99,99,99,99,99,99,0,0,0,1,1,0
12,122744,1,1,0,1,1,1,1,127,2850,27,10,2015,3,0,3,1,2,3,1,2,US-1,,99998,29.164,-80.998,0,8,0,0,1,1,0,1,3,10,0,10,0,0,99,99,99,99,99,99,0,0,0,1,0,1
12,122747,2,2,0,0,0,4,4,57,0,1,12,2015,3,15,55,1,2,3,1,2,US-301,BLOOMINGDALE AVE,99998,27.793,-82.384,0,12,6,0,8,1,0,1,1,1,0,1,0,0,99,99,99,99,99,99,0,0,0,1,0,0
12,122748,2,2,0,0,0,2,2,57,0,5,12,2015,7,20,24,1,2,3,1,2,US-301,,99998,27.938,-82.461,0,12,1,0,1,1,0,1,2,1,0,1,0,0,99,99,99,99,99,99,0,0,0,1,0,0
12,122752,2,2,0,0,0,6,6,86,0,28,9,2015,2,15,49,1,2,3,1,3,SR-9,NW 27TH AVE,99998,25.855,-80.242,0,12,6,0,2,2,0,1,1,1,0,1,0,0,99,99,99,99,99,99,0,0,0,1,0,2
12,122754,3,3,0,0,0,5,5,86,2920,9,3,2015,2,18,40,1,2,3,1,3,SR-A1A,89TH ST,99998,25.875,-80.122,0,12,6,1,2,2,0,1,1,1,0,1,0,0,19,0,19,8,88,88,0,0,0,1,0,1
12,122755,1,1,0,0,0,1,1,101,2590,26,12,2015,7,9,41,1,2,3,1,2,US-19,GRAND BLVD,99998,28.274,-82.722,0,1,0,0,3,2,0,1,1,10,0,10,0,0,99,99,99,99,99,99,0,0,0,1,0,0
12,122756,1,1,0,1,1,1,1,11,771,11,10,2015,1,1,42,0,2,4,1,3,SR-84,136TH AVE,0,26.118,-80.33,0,8,0,0,3,2,0,1,3,1,0,1,0,0,99,99,99,99,99,99,0,0,0,1,0,2
12,122758,2,2,0,0,0,6,6,45,2600,11,4,2015,7,2,29,1,1,3,1,2,US-98,,99998,29.833,-85.314,0,12,2,0,1,1,0,1,3,5,0,5,0,0,99,99,99,99,88,88,0,0,0,1,1,0
12,122759,1,1,0,0,0,3,3,86,2025,8,4,2015,4,1,20,1,2,3,1,3,SR-7,N MIAMI LAKEWAY,99998,25.911,-80.313,0,33,0,0,3,3,0,4,3,1,0,1,0,0,99,99,99,99,88,88,0,0,0,3,0,2
12,122763,1,1,0,1,1,1,1,105,1690,25,10,2015,1,2,12,1,2,3,1,2,US-98,,99998,28.028,-81.929,0,8,0,0,1,1,0,1,3,1,0,1,0,0,99,99,99,99,88,88,0,0,0,1,0,0
12,122764,2,2,0,0,0,2,2,105,1690,3,9,2015,5,6,28,1,2,3,1,2,US-92,,99998,28.055,-81.959,0,12,6,0,1,1,0,1,3,1,0,1,0,0,99,99,99,99,99,99,0,0,0,1,0,1
12,122766,1,1,0,1,1,1,1,127,780,19,5,2015,3,11,3,1,2,3,1,2,US-92,,99998,29.222,-81.007,0,9,0,0,8,1,0,1,1,1,0,1,0,0,99,99,99,99,99,99,0,0,0,1,0,1
12,122768,1,1,0,0,0,1,1,57,0,17,12,2015,5,2,42,1,1,2,1,1,I-4,,99998,28.004,-82.315,0,1,0,1,5,1,0,4,3,1,0,1,0,0,99,99,99,99,99,99,0,0,0,1,0,1
12,122769,2,2,0,1,1,2,2,99,2674,17,12,2015,5,6,38,1,2,3,1,3,SR-7,BELVEDERE RD,99998,26.691,-80.202,0,8,0,0,3,2,0,1,4,10,0,10,0,0,99,99,99,99,88,88,0,0,0,1,0,2
12,122770,1,1,0,1,1,1,1,99,0,8,12,2015,3,6,18,1,2,3,1,3,SR-704,HAVERHILL RD,99998,26.707,-80.119,0,8,0,0,3,2,0,1,4,10,0,10,0,0,99,99,99,99,88,88,0,0,0,1,0,2
12,122771,1,1,0,1,1,1,1,21,2150,12,12,2015,7,23,19,1,2,3,1,2,US-41,,99998,26.138,-81.783,0,9,0,0,1,1,0,1,3,1,0,1,0,0,99,99,99,99,99,99,0,0,0,1,0,0
12,122778,1,1,0,1,1,1,1,127,2340,5,4,2015,1,21,10,1,2,3,1,2,US-17,,99998,28.964,-81.299,0,8,0,0,1,1,0,1,2,1,0,1,0,0,99,99,99,99,88,88,0,0,0,1,0,1
12,122779,1,1,0,1,1,5,5,115,2780,31,12,2015,5,20,54,1,2,3,1,2,US-41,,99998,27.376,-82.555,0,8,0,0,1,1,0,1,3,1,0,1,0,0,99,99,99,99,88,88,0,0,0,1,0,0
12,122780,2,2,0,0,0,8,8,87,2975,30,12,2015,4,15,57,1,2,3,1,2,US-1,,99998,25.017,-80.512,0,12,6,0,8,1,0,1,1,1,0,1,0,0,99,99,99,99,99,99,0,0,0,1,0,1
12,122781,1,1,0,1,1,3,3,57,0,24,12,2015,5,19,51,1,2,3,1,2,US-301,,99998,28.006,-82.356,0,8,0,0,8,1,0,1,5,1,0,1,0,0,99,99,99,99,99,99,0,0,0,1,0,0
12,122783,2,2,0,0,0,2,2,19,2350,9,12,2015,4,17,11,1,2,3,1,2,US-17,,99998,30.189,-81.703,0,1,0,0,1,1,0,1,5,1,0,1,0,0,99,99,99,99,99,99,0,0,0,1,0,1
12,122784,1,1,0,0,0,1,1,31,1510,30,12,2015,4,21,10,1,2,2,1,2,US-1,,99998,30.344,-81.637,0,24,0,1,5,1,0,4,3,1,0,1,0,0,99,99,99,99,99,99,0,0,0,1,1,1
12,122785,1,1,0,0,0,1,1,103,2730,9,12,2015,4,23,40,1,2,1,1,1,I-275,,99998,27.786,-82.661,0,24,0,0,1,1,0,3,3,1,0,1,0,0,99,99,99,99,99,99,0,0,0,1,0,1
12,122788,1,1,0,1,1,1,1,115,3050,12,3,2015,5,10,32,1,2,3,1,2,US-41,,99998,27.101,-82.433,0,8,0,0,1,1,4,4,1,10,0,10,0,0,99,99,99,99,88,88,0,0,0,1,0,0
12,122792,1,1,0,1,1,2,2,99,0,27,11,2015,6,22,28,1,2,3,1,3,SR-809,,99998,26.624,-80.113,0,8,0,0,1,1,0,1,3,1,0,1,0,0,99,99,99,99,88,88,0,0,0,1,0,1
12,122796,1,1,0,1,1,1,1,9,1990,20,12,2015,1,21,25,1,2,3,1,2,US-1,AURORA RD,99998,28.135,-80.633,0,8,0,0,3,2,0,1,3,10,0,10,0,0,99,99,99,99,99,99,0,0,0,1,0,1
12,122797,2,2,0,0,0,3,3,117,30,29,12,2015,3,19,29,1,2,3,1,3,SR-436,HERMITS TRL,99998,28.663,-81.363,0,12,6,0,8,1,0,1,3,1,0,1,0,0,99,99,99,99,99,99,0,0,0,1,0,2
12,122798,2,2,0,0,0,3,3,11,1927,31,12,2015,5,20,30,1,2,3,1,2,US-441,SW 4TH ST,99998,26.226,-80.205,0,12,6,0,3,3,0,1,3,1,0,1,0,0,99,99,99,99,99,99,0,0,0,1,0,0
12,122801,1,1,0,1,1,1,1,86,1030,17,4,2015,6,6,33,1,2,3,1,2,US-1,,99998,25.426,-80.474,0,8,0,0,1,1,0,1,4,1,0,1,0,0,99,99,99,99,88,88,0,0,0,1,0,1
12,122806,2,2,0,0,0,3,3,86,0,2,12,2015,4,11,6,1,2,3,1,3,SR-94,SW 77TH AVE,99998,25.688,-80.319,0,12,6,1,2,3,0,1,1,1,0,1,0,0,99,99,99,99,99,99,0,0,0,1,0,2
13,130006,1,1,0,0,0,2,2,13,0,3,1,2015,7,4,12,0,2,4,1,3,SR-11,,10,33.915,-83.718,0,42,0,0,1,1,0,4,2,2,0,2,0,0,99,98,99,98,88,88,0,0,0,2,0,2
13,130009,1,1,0,0,0,3,3,71,0,4,1,2015,1,13,28,0,1,4,1,3,SR-33,,221,31.331,-83.847,0,42,0,0,1,1,0,4,1,1,0,1,0,0,13,18,13,31,14,36,0,0,0,1,0,1
13,130010,2,2,0,0,0,5,5,147,0,4,1,2015,1,16,59,0,1,5,1,3,SR-51,,76,34.356,-82.985,0,12,2,0,1,1,0,1,1,10,0,10,0,0,16,56,16,59,18,5,0,0,0,2,0,2
13,130011,1,1,0,1,1,1,1,51,4475,5,1,2015,2,5,0,0,1,5,1,3,SR-21,GRANGE RD,76,32.135,-81.173,0,9,0,0,2,3,0,1,2,10,0,10,0,0,99,98,99,98,88,88,0,0,0,1,0,2
13,130014,2,2,0,0,0,2,2,113,4278,6,1,2015,3,14,14,1,2,3,1,3,SR-74,LEXINGTON PASS,71,33.425,-84.604,0,12,6,0,2,2,0,1,1,1,0,1,0,0,14,14,14,17,15,0,0,0,0,1,0,2
13,130018,2,2,0,0,0,4,4,229,0,7,1,2015,4,18,27,0,1,4,1,3,SR-15,LOWMAN RD,164,31.428,-82.22,0,12,2,0,2,3,0,1,5,1,0,1,0,0,20,24,21,45,23,0,0,0,0,2,0,0
13,130021,1,1,0,1,1,1,1,15,0,9,1,2015,6,19,45,1,2,1,1,1,I-75,,37,34.091,-84.724,0,8,0,0,1,1,0,4,2,1,0,1,0,0,99,99,99,99,99,99,23,0,0,1,0,2
13,130024,2,2,0,0,0,3,3,297,0,9,1,2015,6,14,10,0,1,5,1,3,SR-83,,61,33.796,-83.647,0,12,2,0,1,1,0,1,1,10,0,10,0,0,14,11,14,18,15,9,0,0,0,1,0,2
13,130028,1,1,0,0,0,1,1,145,0,10,1,2015,7,2,0,0,1,4,1,3,SR-18,,37,32.859,-84.984,0,59,0,0,1,1,0,4,2,1,0,1,0,0,3,18,3,39,88,88,0,0,0,1,1,2
13,130031,1,1,0,0,0,1,1,255,0,11,1,2015,1,14,19,1,1,1,1,1,I-75,,15,33.294,-84.111,0,24,0,0,1,1,0,3,1,10,0,10,0,0,14,16,14,23,99,99,0,0,0,1,0,2
13,130032,2,2,0,0,0,2,2,51,0,12,1,2015,2,18,32,1,2,1,1,1,I-16,,1,32.113,-81.36,0,12,1,0,1,1,0,1,2,5,0,5,0,0,20,34,20,45,22,6,0,0,0,1,0,1
13,130033,1,1,0,0,0,1,1,71,0,12,1,2015,2,8,55,0,1,4,1,3,SR-111,,112,31.166,-83.845,0,32,0,0,1,1,0,4,1,1,0,1,0,0,8,42,8,57,9,34,0,0,0,1,0,1
13,130035,2,2,0,0,0,2,2,143,0,12,1,2015,2,12,32,0,1,5,1,3,SR-113,MORGAN RD,15,33.784,-85.064,0,12,6,0,2,2,0,1,1,5,0,5,0,0,12,36,12,47,13,27,0,0,0,1,0,1
13,130041,1,1,0,0,0,1,1,147,0,14,1,2015,4,23,39,0,1,5,1,3,SR-51,,168,34.437,-82.933,0,34,0,0,1,1,0,4,2,10,0,10,0,0,23,36,23,43,0,38,0,0,0,1,1,2
13,130042,1,1,0,1,1,1,1,217,0,14,1,2015,4,19,5,0,2,4,1,3,SR-36,,106,33.528,-83.852,0,8,0,0,1,1,0,1,2,10,0,10,0,0,18,52,18,56,88,88,0,0,0,1,0,1
13,130043,1,1,0,0,0,1,1,121,4790,15,1,2015,5,10,44,1,2,3,1,3,SR-9,,230,34.065,-84.32,0,33,0,0,1,1,0,4,1,10,0,10,0,0,99,99,99,99,99,99,0,0,0,1,0,2