STATE,ST_CASE,VE_TOTAL,VE_FORMS,PVH_INVL,PEDS,PERNOTMVIT,PERMVIT,PERSONS,COUNTY,CITY,DAY,MONTH,YEAR,DAY_WEEK,HOUR,MINUTE,NHS,RUR_URB,FUNC_SYS,RD_OWNER,ROUTE,TWAY_ID,TWAY_ID2,MILEPT,LATITUDE,LONGITUD,SP_JUR,HARM_EV,MAN_COLL,RELJCT1,RELJCT2,TYP_INT,WRK_ZONE,REL_ROAD,LGT_COND,WEATHER1,WEATHER2,WEATHER,SCH_BUS,RAIL,NOT_HOUR,NOT_MIN,ARR_HOUR,ARR_MIN,HOSP_HR,HOSP_MN,CF1,CF2,CF3,FATALS,DRUNK_DR,RANK
13,130045,1,1,0,1,1,1,1,135,0,15,1,2015,5,22,19,1,2,3,1,3,SR-20,BROADMOOR BLVD,47,34.102,-84.022,0,8,0,0,3,2,0,1,2,10,0,10,0,0,21,49,21,52,22,20,0,0,0,1,0,2
13,130048,2,2,0,0,0,2,2,89,0,17,1,2015,7,14,15,1,2,1,1,1,I-85,,26,33.84,-84.313,0,12,1,0,1,1,0,1,1,1,0,1,0,0,14,15,14,31,15,1,0,0,0,1,0,1
13,130050,1,1,0,0,0,3,3,241,1170,17,1,2015,7,4,0,0,1,4,1,3,SR-2,,144,34.893,-83.596,0,24,0,0,1,1,0,4,2,10,0,10,0,0,9,28,9,45,10,47,0,0,0,1,0,2
13,130051,3,3,0,0,0,5,5,51,4475,18,1,2015,1,20,49,0,2,3,1,3,SR-21,INTERNATIONAL TRADE PARKWAY,133,32.178,-81.188,0,12,1,0,3,2,0,1,3,1,0,1,0,0,20,51,20,52,21,36,0,0,0,1,1,2
13,130052,1,1,0,0,0,1,1,81,0,18,1,2015,1,23,30,0,1,4,1,3,SR-7,,19,31.817,-83.727,0,59,0,0,1,1,0,4,2,1,0,1,0,0,99,98,99,98,88,88,0,0,0,1,0,2
13,130053,1,1,0,1,1,2,2,153,0,18,1,2015,1,0,1,0,1,4,1,3,SR-247,,67,32.653,-83.612,0,8,0,0,1,1,0,1,2,1,0,1,0,0,99,98,99,98,88,88,0,0,0,1,0,1
13,130054,1,1,0,0,0,1,1,311,1190,18,1,2015,1,6,18,0,1,4,1,3,SR-115,,20,34.543,-83.827,0,42,0,0,1,1,0,4,2,1,0,1,0,0,99,98,99,98,88,88,0,0,0,1,0,2
13,130057,1,1,0,1,1,2,2,135,3100,20,1,2015,3,18,23,1,2,3,1,3,SR-124,,137,33.951,-83.982,0,8,0,0,1,1,0,1,2,1,0,1,0,0,99,98,99,98,88,88,0,0,0,1,0,1
13,130059,3,1,2,0,0,1,1,151,0,20,1,2015,3,16,31,1,2,1,1,1,I-75,,84,33.411,-84.16,0,14,0,0,1,1,1,4,1,1,0,1,0,0,16,31,16,48,17,42,0,0,0,1,0,2
13,130063,1,1,0,1,1,1,1,45,970,22,1,2015,5,11,20,0,1,5,1,3,SR-5,,169,33.463,-85.028,0,8,0,0,1,1,0,1,1,10,0,10,0,0,99,98,99,98,88,88,0,0,0,1,0,1
13,130064,1,1,0,1,1,1,1,121,4882,22,1,2015,5,6,32,1,2,1,1,1,I-285,,247,33.911,-84.368,0,8,0,0,1,1,0,1,2,1,0,1,0,0,99,98,99,98,88,88,0,0,0,1,0,2
13,130072,3,3,0,0,0,5,5,89,0,24,1,2015,7,1,15,1,2,1,1,1,I-85,,12,33.832,-84.336,0,12,2,0,1,1,0,1,2,2,0,2,0,0,1,23,1,35,2,1,0,0,0,1,0,1
13,130073,3,3,0,0,0,3,3,97,0,24,1,2015,7,15,48,1,2,3,1,3,SR-6,SR-5,8,33.797,-84.643,0,12,1,0,3,2,0,1,1,1,0,1,0,0,15,49,15,53,88,88,0,0,0,1,1,2
13,130074,2,2,0,0,0,2,2,139,0,24,1,2015,7,22,32,0,2,6,1,3,SR-347,,75,34.121,-83.877,0,12,6,0,1,1,0,1,2,1,0,1,0,0,99,99,99,99,99,99,0,0,0,1,1,2
13,130078,3,3,0,0,0,6,6,89,0,25,1,2015,1,13,0,0,2,3,1,3,SR-124,,54,33.774,-84.076,0,12,6,0,1,1,0,1,1,1,0,1,0,0,13,0,13,4,14,31,0,0,0,1,0,1
13,130080,1,1,0,0,0,2,2,295,9997,25,1,2015,1,11,30,0,1,5,1,3,SR-157,,220,34.773,-85.44,0,42,0,0,1,1,0,4,1,1,0,1,0,0,99,98,99,98,88,88,0,0,0,2,0,2
13,130081,1,1,0,1,1,1,1,9,0,26,1,2015,2,10,58,1,2,3,1,3,SR-24,,217,33.173,-83.282,0,8,0,0,8,1,0,1,1,10,0,10,0,0,99,98,99,98,88,88,0,0,0,1,0,2
13,130083,1,1,0,0,0,1,1,3,5960,27,1,2015,3,2,30,1,1,4,1,3,SR-135,,60,31.361,-82.996,0,42,0,0,1,1,0,4,2,1,0,1,0,0,99,99,99,99,99,99,0,0,0,1,0,1
13,130085,2,2,0,0,0,2,2,151,3220,27,1,2015,3,7,53,0,2,4,1,3,SR-42,,0,33.319,-84.054,0,12,6,0,8,1,0,1,1,1,0,1,0,0,7,53,7,56,9,40,0,0,0,1,0,1
13,130086,2,2,0,0,0,3,3,151,0,27,1,2015,3,14,5,1,2,1,1,1,I-75,,24,33.332,-84.122,0,12,1,0,1,1,0,1,1,10,0,10,0,0,14,6,14,13,14,54,0,0,0,1,0,2
13,130087,2,2,0,0,0,2,2,223,1500,27,1,2015,3,16,22,0,2,6,1,3,SR-61,,69,33.865,-84.842,0,12,2,0,1,1,0,1,1,1,0,1,0,0,99,99,99,99,99,99,0,0,0,1,1,2
13,130089,2,2,0,0,0,2,2,233,1010,27,1,2015,3,15,39,0,2,4,1,3,SR-6,SR-100,82,34.004,-85.28,0,12,6,0,2,2,0,1,1,1,0,1,0,0,15,34,15,39,16,37,0,0,0,1,0,2
13,130090,2,2,0,0,0,2,2,209,0,28,1,2015,4,15,52,1,1,3,1,3,SR-30,,69,32.189,-82.527,0,12,1,0,1,1,0,1,1,1,0,1,0,0,99,98,99,98,88,88,0,0,0,1,0,1
13,130092,2,2,0,0,0,4,4,35,2890,31,1,2015,7,16,33,0,1,4,1,3,SR-36,CEDAR CREEK ROAD,130,33.348,-83.957,0,12,2,0,1,1,0,1,1,1,0,1,0,0,99,99,99,99,99,99,0,0,0,1,0,1
13,130096,1,1,0,0,0,1,1,67,0,1,2,2015,1,5,0,1,2,1,1,1,I-285,,65,33.887,-84.466,0,59,0,0,1,1,1,3,2,1,0,1,0,0,7,32,7,37,88,88,0,0,0,1,1,2
13,130097,1,1,0,0,0,3,3,83,0,1,2,2015,1,12,40,1,1,1,1,1,I-59,,189,34.957,-85.462,0,35,0,0,1,1,0,4,1,2,0,2,0,0,12,50,12,55,13,28,0,0,0,1,0,1
13,130102,2,2,0,0,0,2,2,303,0,1,2,2015,1,15,12,1,1,3,1,3,SR-88,RIDGE RD,0,32.994,-82.771,0,12,6,0,2,2,0,1,1,1,0,1,0,0,15,12,15,15,15,41,0,0,0,1,0,1
13,130110,1,1,0,0,0,2,2,295,0,4,2,2015,4,16,10,0,1,5,1,3,SR-157,,242,34.893,-85.405,0,24,0,0,1,1,0,4,1,10,0,10,0,0,16,17,16,31,17,17,0,0,0,1,0,2
13,130114,3,3,0,0,0,5,5,89,0,6,2,2015,6,16,6,1,2,1,1,1,I-285,,77,33.886,-84.251,0,12,7,0,1,1,1,1,1,1,0,1,0,0,99,99,99,99,99,99,0,0,0,1,0,2
13,130116,1,1,0,1,1,1,1,121,4882,6,2,2015,6,4,29,1,2,1,1,1,I-285,,215,33.907,-84.431,0,8,0,0,1,1,0,1,2,1,0,1,0,0,4,29,4,36,5,12,19,0,0,1,0,2
13,130117,2,2,0,0,0,3,3,149,0,6,2,2015,6,15,30,1,1,3,1,2,US-27 / SR-1,FIVE NOTCH RD,100,33.313,-85.101,0,12,6,0,2,2,0,1,1,1,0,1,0,0,99,99,99,99,88,88,0,0,0,2,0,2
13,130127,2,2,0,0,0,5,5,257,0,8,2,2015,1,11,56,1,2,3,1,3,SR-17,CAWTHON RD,125,34.538,-83.351,0,12,6,0,2,2,0,1,1,10,0,10,0,0,99,98,99,98,88,88,0,0,0,2,0,2
13,130130,2,2,0,0,0,3,3,73,0,9,2,2015,2,13,33,1,2,1,1,1,I-20,,80,33.502,-82.366,0,24,0,0,1,1,0,3,1,2,0,2,0,0,13,33,13,53,14,25,19,0,0,1,0,1
13,130134,1,1,0,0,0,1,1,137,0,10,2,2015,3,13,0,0,1,4,1,3,SR-17,,113,34.621,-83.576,0,42,0,0,1,1,0,4,1,1,0,1,0,0,12,53,13,2,13,23,0,0,0,1,0,2
13,130139,2,2,0,0,0,3,3,45,0,12,2,2015,5,11,28,1,1,2,1,2,US-27 / SR-1,,30,33.468,-85.118,0,12,1,0,1,1,0,1,1,1,0,1,0,0,99,99,99,99,99,99,0,0,0,1,0,2
13,130146,2,2,0,0,0,6,6,35,0,14,2,2015,7,23,10,1,1,1,1,1,I-75,,3,33.208,-84.061,0,12,7,0,1,1,0,1,2,1,0,1,0,0,99,99,99,99,99,99,0,0,0,1,1,2
13,130149,1,1,0,1,1,2,2,139,2285,15,2,2015,1,20,16,1,2,3,1,3,SR-11,MONROE DRIVE,77,34.284,-83.8,0,15,0,0,3,2,0,1,2,1,0,1,0,0,20,16,20,21,20,39,0,0,0,1,0,2
13,130150,1,1,0,0,0,2,2,241,3810,15,2,2015,1,1,25,1,1,3,1,3,SR-15,,99999,34.913,-83.387,0,33,0,0,1,1,0,4,3,1,0,1,0,0,99,99,99,99,99,99,0,0,0,1,0,0
13,130151,1,1,0,0,0,1,1,35,0,16,2,2015,2,23,26,0,2,4,1,3,SR-42,,60,33.28,-83.922,0,34,0,0,1,1,0,4,2,2,0,2,0,0,99,98,99,98,88,88,0,0,0,1,1,1
13,130153,3,3,0,0,0,3,3,113,0,16,2,2015,2,23,6,1,2,3,1,3,SR-54,VETERANS PARKWAY,68,33.448,-84.518,0,12,6,0,2,2,0,1,2,2,0,2,0,0,99,98,99,98,88,88,0,0,0,1,0,2
13,130155,1,1,0,0,0,1,1,319,2870,16,2,2015,2,15,48,0,1,4,1,3,SR-57,,133,32.813,-83.17,0,30,0,0,1,1,0,4,1,10,0,10,0,0,99,98,99,98,88,88,0,0,0,1,0,2
13,130156,2,2,0,0,0,3,3,69,1760,17,2,2015,3,18,33,0,2,4,1,3,SR-135,GINGERWOOD ROAD,56,31.466,-82.882,0,12,2,0,2,3,0,1,2,10,0,10,0,0,99,99,99,99,99,99,0,0,0,1,0,1
13,130157,1,1,0,0,0,2,2,39,6010,17,2,2015,3,23,32,1,1,1,1,1,I-95,,130,30.936,-81.687,0,42,0,0,1,1,0,4,2,10,0,10,0,0,0,7,0,14,88,88,0,0,0,2,1,1
13,130158,1,1,0,0,0,3,3,77,3950,18,2,2015,4,0,3,1,2,3,1,3,SR-34,,173,33.404,-84.715,0,34,0,0,1,1,0,4,2,1,0,1,0,0,0,6,0,13,0,31,0,0,0,1,0,2
13,130160,2,1,1,0,1,1,2,287,0,20,2,2015,6,3,38,1,1,1,1,1,I-75,,152,31.785,-83.69,0,14,0,0,1,1,0,2,2,1,0,1,0,0,99,98,99,98,88,88,0,0,0,1,0,2
13,130161,1,1,0,0,0,1,1,171,0,21,2,2015,7,3,19,1,1,1,1,1,I-75,,0,33.188,-84.056,0,42,0,0,1,1,0,4,2,1,0,1,0,0,99,98,99,98,88,88,0,0,0,1,0,2
13,130162,1,1,0,0,0,1,1,179,0,21,2,2015,7,13,19,1,1,1,1,1,I-95,,90,31.776,-81.379,0,1,0,0,1,1,0,4,1,1,0,1,0,0,13,20,13,28,88,88,0,0,0,1,0,1
13,130168,1,1,0,0,0,1,1,121,4790,22,2,2015,1,11,28,1,2,3,1,3,SR-140,OLD DOGWOOD ROAD,81,34.022,-84.326,0,30,0,0,3,3,0,4,1,2,0,2,0,0,99,98,99,98,88,88,0,0,0,1,0,1
13,130169,2,2,0,0,0,2,2,129,860,22,2,2015,1,14,35,1,2,3,1,3,SR-53,MASON ROAD,126,34.451,-84.88,0,12,2,0,2,3,0,1,1,2,0,2,0,0,99,99,99,99,99,99,0,0,0,1,1,2
13,130172,4,4,0,0,0,12,12,151,0,22,2,2015,1,19,16,1,2,1,1,1,I-75,,132,33.577,-84.341,0,12,1,0,1,1,1,1,2,2,0,2,0,0,19,29,19,36,20,10,0,0,0,1,0,2
13,130175,2,2,0,0,0,5,5,35,0,24,2,2015,3,3,10,1,1,1,1,1,I-75,,34,33.247,-84.085,0,12,1,0,1,1,0,1,2,2,0,2,0,0,99,99,99,99,99,99,0,0,0,1,0,2
13,130178,1,1,0,1,1,1,1,279,5700,25,2,2015,4,20,5,0,1,4,1,3,SR-292,,128,32.19,-82.24,0,8,0,0,1,1,0,1,2,2,0,2,0,0,99,98,99,98,88,88,0,0,0,1,0,2
13,130179,1,1,0,1,1,1,1,23,0,26,2,2015,5,13,52,0,1,5,1,3,SR-126,COUNTRY CLUB ROAD,22,32.399,-83.305,0,9,0,0,2,2,0,1,1,10,0,10,0,0,13,52,13,57,14,23,0,0,0,1,0,2
13,130180,2,2,0,0,0,3,3,135,3230,26,2,2015,5,14,25,1,2,3,1,3,SR-10,KRISAM CREEK DRIVE,119,33.854,-83.933,0,12,6,0,2,3,0,1,1,1,0,1,0,0,14,26,14,32,88,88,0,0,0,1,0,2
13,130182,2,2,0,0,0,2,2,45,5935,27,2,2015,6,13,19,0,1,4,1,3,SR-16,MILITARY ROAD,232,33.52,-84.95,0,12,6,0,2,2,0,1,1,1,0,1,0,0,13,18,13,31,14,34,0,0,0,2,0,2
13,130184,1,1,0,0,0,1,1,121,280,27,2,2015,6,3,52,1,2,1,1,1,I-85,,196,33.687,-84.402,0,42,0,0,1,1,0,3,3,1,0,1,0,0,3,52,99,98,88,88,0,0,0,1,1,1
13,130185,2,2,0,0,0,3,3,31,5204,28,2,2015,7,6,6,0,1,4,1,3,SR-119,,39,32.308,-81.493,0,12,2,0,1,1,0,1,2,10,0,10,0,0,6,4,6,16,7,50,0,0,0,1,0,2
13,130188,1,1,0,1,1,1,1,255,2510,28,2,2015,7,5,30,1,2,2,1,3,SR-3,,56,33.275,-84.291,0,8,0,0,1,1,0,1,3,1,0,1,0,0,99,99,99,99,99,99,0,0,0,1,0,2
13,130189,1,1,0,0,0,3,3,285,5890,28,2,2015,7,2,12,0,2,4,1,3,SR-14,,10,32.886,-85.169,0,59,0,0,1,1,0,4,3,1,0,1,0,0,2,24,2,29,99,99,0,0,0,1,0,2
13,130194,2,2,0,0,0,8,8,107,0,1,3,2015,1,11,55,1,1,1,1,1,I-16,,37,32.401,-82.307,0,12,2,0,1,1,0,1,1,1,0,1,0,0,99,99,99,99,99,99,0,0,0,4,0,1
13,130196,4,4,0,0,0,8,8,63,0,2,3,2015,2,6,17,0,2,4,1,3,SR-139,,27,33.603,-84.433,0,12,2,0,1,1,0,1,2,5,0,5,0,0,99,99,99,99,99,99,0,0,0,1,0,1
13,130199,5,5,0,0,0,10,10,179,0,2,3,2015,2,6,26,1,1,1,1,1,I-95,,73,31.743,-81.386,0,12,7,0,1,1,0,1,1,5,0,5,0,0,6,27,6,36,8,2,0,0,0,1,0,1
13,130202,2,2,0,0,0,2,2,141,0,3,3,2015,3,17,30,1,1,4,1,3,SR-15,JONES ST,95,33.287,-82.975,0,12,6,0,2,2,0,1,1,10,0,10,0,0,99,99,99,99,99,99,0,0,0,1,0,0
13,130203,2,2,0,0,0,2,2,29,0,4,3,2015,4,21,53,1,1,1,1,1,I-16,,43,32.191,-81.472,0,12,1,0,1,1,0,1,2,1,0,1,0,0,99,98,99,98,88,88,0,0,0,1,0,1
13,130205,2,2,0,0,0,4,4,187,0,4,3,2015,4,19,40,0,1,5,1,3,SR-115,,26,34.501,-83.937,0,12,2,0,1,1,0,1,2,10,0,10,0,0,19,43,19,47,20,58,0,0,0,1,0,2
13,130208,1,1,0,0,0,2,2,131,0,5,3,2015,5,11,13,0,2,4,1,3,SR-111,,144,30.846,-84.237,0,34,0,0,1,1,0,4,1,1,0,1,0,0,11,18,11,25,12,8,0,0,0,2,0,1
13,130210,2,2,0,0,0,6,6,79,0,6,3,2015,6,19,42,0,1,5,1,3,SR-42,,46,32.667,-83.871,0,12,2,0,1,1,0,1,2,1,0,1,0,0,19,42,20,1,21,8,0,0,0,2,1,1
13,130217,1,1,0,0,0,1,1,185,0,7,3,2015,7,10,19,1,2,1,1,1,I-75,,173,30.836,-83.327,0,42,0,0,1,1,0,4,1,1,0,1,0,0,99,98,99,98,88,88,0,0,0,1,0,2
13,130221,2,2,0,0,0,2,2,187,0,8,3,2015,1,11,0,0,1,4,1,3,SR-9,,48,34.521,-84.052,0,12,7,0,1,1,0,1,1,1,0,1,0,0,99,99,99,99,99,99,0,0,0,1,0,2
13,130224,1,1,0,0,0,1,1,133,0,9,3,2015,2,11,15,1,1,5,1,3,SR-15,,261,33.709,-83.291,0,24,0,0,1,1,0,4,1,1,0,1,0,0,99,99,99,99,99,99,0,0,0,1,0,0
13,130225,1,1,0,0,0,1,1,135,0,9,3,2015,2,15,13,1,2,1,1,1,I-85,,25,33.918,-84.197,0,21,0,0,1,1,0,4,1,1,0,1,0,0,99,98,99,98,88,88,0,0,0,1,0,1
13,130228,1,1,0,1,1,1,1,97,0,10,3,2015,3,23,14,1,2,3,2,3,SR-92,,44,33.712,-84.663,0,8,0,0,1,1,0,1,2,1,0,1,0,0,99,98,99,98,88,88,0,0,0,1,0,2
13,130230,1,1,0,0,0,1,1,243,0,10,3,2015,3,18,45,1,1,3,1,2,US-27 / SR-1,,30,31.662,-84.828,0,1,0,0,1,1,0,4,1,10,0,10,0,0,99,99,99,99,99,99,0,0,0,1,0,2
13,130234,1,1,0,0,0,1,1,55,0,12,3,2015,5,6,0,0,1,5,1,3,SR-100,,75,34.384,-85.363,0,32,0,0,1,1,0,4,2,10,0,10,0,0,99,99,99,99,99,99,0,0,0,1,0,1
13,130241,1,1,0,0,0,2,2,131,0,14,3,2015,7,0,43,0,1,4,1,3,SR-112,,127,31.079,-84.261,0,1,0,0,1,1,0,4,2,1,0,1,0,0,99,99,99,99,99,99,0,0,0,1,1,2
13,130244,1,1,0,0,0,1,1,63,0,15,3,2015,1,20,29,0,2,3,1,3,SR-3,,54,33.502,-84.35,0,42,0,0,1,1,0,4,2,1,0,1,0,0,20,30,20,34,23,33,0,0,0,1,0,2
13,130245,1,1,0,0,0,1,1,225,0,15,3,2015,1,22,40,0,1,5,1,3,SR-42,,25,32.655,-83.804,0,1,0,0,1,1,0,4,2,1,0,1,0,0,99,99,99,99,99,99,20,0,0,1,0,1
13,130249,4,4,0,0,0,4,4,135,3100,16,3,2015,2,7,22,1,2,3,1,3,SR-20,,143,33.985,-83.985,0,12,6,0,1,1,0,1,3,1,0,1,0,0,7,26,7,28,7,43,0,0,0,2,0,2
13,130250,2,2,0,0,0,3,3,135,2470,16,3,2015,2,8,22,0,2,4,1,3,SR-84,LAKEMEADOW LANE,13,33.871,-83.979,0,12,8,0,3,3,0,1,1,1,0,1,0,0,8,23,8,30,88,88,0,0,0,1,1,2
13,130251,6,6,0,0,0,7,7,143,0,16,3,2015,2,16,36,1,1,1,1,1,I-20,,16,33.807,-85.117,0,12,1,0,1,1,0,1,1,1,0,1,0,0,16,39,16,48,17,23,19,0,0,1,1,1
13,130253,4,4,0,0,0,10,10,63,0,17,3,2015,3,0,56,1,2,1,1,1,I-75,,84,33.618,-84.398,0,12,2,0,1,1,0,1,3,1,0,1,0,0,0,57,1,7,1,27,0,0,0,1,1,2
13,130254,2,2,0,0,0,2,2,105,1950,17,3,2015,3,7,5,1,1,3,1,3,SR-17,,69,34.047,-82.81,0,12,6,0,8,1,0,1,2,1,0,1,0,0,7,9,7,20,88,88,0,0,0,1,0,2
13,130256,1,1,0,0,0,1,1,85,1590,17,3,2015,3,17,0,0,1,5,1,3,SR-52,,52,34.56,-84.299,0,42,0,0,1,1,0,4,1,1,0,1,0,0,99,98,99,98,88,88,0,0,0,1,0,0
13,130257,2,2,0,0,0,2,2,45,970,18,3,2015,4,7,11,1,2,3,1,3,SR-166,OLD NEWNAN ROAD,174,33.573,-85.044,0,12,6,0,2,2,0,1,2,1,0,1,0,0,7,11,7,16,7,35,0,0,0,1,0,1
13,130258,1,1,0,0,0,1,1,73,0,18,3,2015,4,7,3,0,1,4,1,3,SR-10,,60,33.407,-82.229,0,34,0,0,1,1,0,4,2,1,0,1,0,0,7,4,7,12,88,88,0,0,0,1,0,2
13,130266,1,1,0,1,1,1,1,57,920,20,3,2015,6,21,44,0,2,3,1,3,SR-92,,50,34.089,-84.586,0,8,0,0,1,1,0,1,2,10,0,10,0,0,99,98,99,98,88,88,0,0,0,1,0,2
13,130267,2,2,0,0,0,2,2,121,280,20,3,2015,6,22,19,1,2,1,1,1,I-285,,98,33.785,-84.495,0,12,1,0,1,1,0,1,3,1,0,1,0,0,99,98,99,98,88,88,0,0,0,1,1,2
13,130270,3,3,0,0,0,5,5,223,2740,21,3,2015,7,13,45,1,2,3,2,3,SR-6,HIGHLAND FALLS BLVD.,136,33.902,-84.771,0,12,2,0,2,2,0,1,1,1,0,1,0,0,13,38,13,43,14,20,0,0,0,1,0,2
13,130272,1,1,0,1,1,3,3,89,0,22,3,2015,1,2,10,0,2,4,1,3,SR-12,,31,33.745,-84.219,0,8,0,0,1,1,0,1,3,2,0,2,0,0,99,98,99,98,88,88,0,0,0,1,0,2
13,130273,1,1,0,1,1,1,1,97,1770,22,3,2015,1,0,1,0,2,3,1,3,SR-92,MIDWAY ROAD,81,33.747,-84.699,0,8,0,0,3,2,0,1,2,2,0,2,0,0,0,3,0,11,88,88,0,0,0,1,0,2
13,130274,2,2,0,0,0,4,4,107,0,22,3,2015,1,10,45,0,1,6,1,3,SR-56,,151,32.641,-82.314,0,12,1,0,1,1,0,1,1,2,0,2,0,0,10,46,10,55,11,21,0,0,0,1,0,2
13,130277,1,1,0,0,0,1,1,121,280,23,3,2015,2,21,19,1,2,1,1,1,I-285,,98,33.765,-84.494,0,24,0,0,1,1,0,4,3,1,0,1,0,0,21,19,21,35,21,53,0,0,0,1,0,2
13,130279,1,1,0,0,0,2,2,307,0,23,3,2015,2,12,6,0,1,3,1,3,SR-520,,59,31.954,-84.585,0,32,0,0,1,1,0,4,1,10,0,10,0,0,12,9,12,16,13,12,0,0,0,2,0,2
13,130282,1,1,0,1,1,1,1,27,0,26,3,2015,5,12,10,1,1,3,1,3,SR-38,,11,30.793,-83.698,0,9,0,0,1,1,0,1,1,10,0,10,0,0,99,98,99,98,88,88,0,0,0,1,0,2
13,130283,2,2,0,0,0,2,2,189,0,26,3,2015,5,7,55,1,1,3,1,3,SR-17,,45,33.402,-82.478,0,12,2,0,1,1,0,1,1,1,0,1,0,0,7,57,8,5,10,17,0,0,0,1,0,2
13,130290,1,1,0,1,1,1,1,195,0,30,3,2015,2,7,37,1,2,3,1,3,SR-8,,6,34.032,-83.315,0,8,0,0,1,1,0,2,4,2,0,2,0,0,99,98,99,98,88,88,0,0,0,1,1,2
13,130296,2,2,0,0,0,3,3,21,3390,8,1,2015,5,18,20,1,2,1,1,1,I-16,,13,32.849,-83.629,0,12,1,0,1,1,0,1,2,1,0,1,0,0,17,53,18,4,18,56,19,0,0,1,0,1
13,130310,2,2,0,0,0,3,3,177,0,1,4,2015,4,16,34,0,1,5,1,3,SR-195,CHOKEE RD,105,31.872,-84.07,0,12,6,0,2,2,0,1,1,1,0,1,0,0,99,98,99,98,88,88,0,0,0,1,0,1
13,130311,2,2,0,0,0,6,6,189,0,1,4,2015,4,21,5,1,2,1,1,1,I-20,,54,33.51,-82.514,0,12,1,0,1,1,0,1,2,1,0,1,0,0,99,99,99,99,99,99,0,0,0,1,0,1
13,130313,3,3,0,0,0,4,4,89,0,2,4,2015,5,16,0,1,2,3,1,3,SR-155,,10,33.66,-84.191,0,12,7,0,1,1,0,1,1,1,0,1,0,0,16,9,16,15,17,30,0,0,0,1,0,1
13,130314,2,2,0,0,0,5,5,151,0,2,4,2015,5,17,20,1,2,3,1,3,SR-20,,156,33.396,-84.246,0,12,1,0,1,1,0,1,1,10,0,10,1,0,17,35,17,48,19,5,0,0,0,1,0,2
13,130315,2,2,0,0,0,3,3,235,0,2,4,2015,5,16,0,0,1,5,1,3,SR-257,POWERS CEMETERY RD,176,32.298,-83.404,0,12,6,0,2,3,0,1,1,1,0,1,0,0,99,99,99,99,99,99,0,0,0,2,0,2
13,130318,2,2,0,0,0,2,2,145,0,3,4,2015,6,8,17,0,1,4,1,3,SR-103,,57,32.774,-85.081,0,12,2,0,1,1,0,1,1,1,0,1,0,0,99,98,99,98,88,88,0,0,0,2,0,2
13,130324,2,2,0,0,0,2,2,313,0,4,4,2015,7,19,18,0,2,4,1,3,SR-71,WESTBROOK RD,7,34.806,-84.956,0,12,2,0,2,2,0,1,1,1,0,1,0,0,19,19,19,25,19,44,0,0,0,1,1,2
13,130328,1,1,0,0,0,12,12,157,0,6,4,2015,2,6,49,1,2,1,1,1,I-85,,193,34.229,-83.501,0,34,0,0,1,1,0,4,2,1,0,1,0,0,6,49,7,3,8,3,0,0,0,3,0,1
13,130329,1,1,0,1,1,2,2,15,0,7,4,2015,3,3,0,1,1,1,1,1,I-75,,207,34.294,-84.823,0,8,0,0,1,1,0,1,2,1,0,1,0,0,99,98,99,98,88,88,0,0,0,1,0,2
13,130333,2,2,0,0,0,2,2,85,0,8,4,2015,4,15,53,1,1,3,1,3,SR-53,,0,34.418,-84.254,0,12,6,0,8,1,0,1,1,1,0,1,0,0,99,98,99,98,88,88,0,0,0,1,0,2
13,130334,1,1,0,0,0,4,4,127,0,8,4,2015,4,11,54,1,2,1,1,1,I-95,,64,31.199,-81.537,0,1,0,0,1,1,0,1,1,1,0,1,0,0,11,57,12,2,12,27,0,0,0,2,0,1
13,130336,1,1,0,0,0,1,1,217,0,8,4,2015,4,14,25,1,2,3,1,3,SR-138,,12,33.726,-83.899,0,42,0,0,1,1,0,4,1,1,0,1,0,0,99,98,99,98,88,88,0,0,0,1,0,1
13,130337,1,1,0,0,0,4,4,303,0,8,4,2015,4,21,20,1,1,3,1,3,SR-24,,273,32.964,-82.953,0,18,0,0,1,1,1,4,1,1,0,1,0,0,99,99,99,99,99,99,0,0,0,2,1,2
13,130338,1,1,0,0,0,1,1,57,6040,9,4,2015,5,14,34,1,2,3,1,3,SR-92,,144,34.081,-84.453,0,59,0,0,1,1,0,4,1,10,0,10,0,0,99,99,99,99,99,99,0,0,0,1,0,2
13,130339,2,2,0,0,0,2,2,121,1250,9,4,2015,5,7,38,1,2,1,1,1,I-285,,620,33.62,-84.464,0,12,7,0,1,1,0,1,1,1,0,1,0,0,7,45,7,46,7,58,0,0,0,1,0,2
13,130340,2,2,0,0,0,2,2,157,0,9,4,2015,5,18,0,1,2,1,1,1,I-85,,90,34.136,-83.672,0,12,7,0,1,1,0,1,1,1,0,1,0,0,99,98,99,98,88,88,0,0,0,1,0,1
13,130346,1,1,0,1,1,1,1,225,0,11,4,2015,7,20,45,1,2,1,1,1,I-75,,54,32.611,-83.743,0,8,0,1,5,1,0,4,3,1,0,1,0,0,20,55,21,0,88,88,0,0,0,1,1,2
13,130347,2,2,0,0,0,2,2,309,0,11,4,2015,7,13,30,0,1,5,1,3,SR-19,,150,32.133,-82.656,0,12,2,0,1,1,0,1,1,1,0,1,0,0,99,99,99,99,99,99,0,0,0,1,1,2
13,130348,1,1,0,0,0,1,1,11,0,12,4,2015,1,7,24,0,1,5,1,3,SR-63,,61,34.375,-83.402,0,24,0,0,1,1,0,4,4,1,0,1,0,0,99,98,99,98,88,88,0,0,0,1,0,2