STATE,ST_CASE,VE_TOTAL,VE_FORMS,PVH_INVL,PEDS,PERNOTMVIT,PERMVIT,PERSONS,COUNTY,CITY,DAY,MONTH,YEAR,DAY_WEEK,HOUR,MINUTE,NHS,RUR_URB,FUNC_SYS,RD_OWNER,ROUTE,TWAY_ID,TWAY_ID2,MILEPT,LATITUDE,LONGITUD,SP_JUR,HARM_EV,MAN_COLL,RELJCT1,RELJCT2,TYP_INT,WRK_ZONE,REL_ROAD,LGT_COND,WEATHER1,WEATHER2,WEATHER,SCH_BUS,RAIL,NOT_HOUR,NOT_MIN,ARR_HOUR,ARR_MIN,HOSP_HR,HOSP_MN,CF1,CF2,CF3,FATALS,DRUNK_DR,RANK
13,130352,1,1,0,0,0,2,2,185,0,12,4,2015,1,4,10,0,1,5,1,3,SR-135,,59,30.923,-83.081,0,34,0,0,1,1,0,4,2,10,0,10,0,0,99,99,99,99,99,99,0,0,0,1,1,1
13,130353,1,1,0,0,0,1,1,211,0,12,4,2015,1,17,46,1,1,1,1,1,I-20,,228,33.539,-83.312,0,32,0,0,1,1,0,4,1,1,0,1,0,0,99,98,99,98,88,88,0,0,0,1,1,1
13,130356,1,1,0,0,0,1,1,75,40,13,4,2015,2,9,41,1,2,1,1,1,I-75,,73,31.129,-83.437,0,52,0,0,1,1,0,4,1,2,0,2,0,0,99,99,99,99,99,99,0,0,0,1,0,2
13,130363,1,1,0,1,1,1,1,157,0,17,3,2015,3,18,0,1,1,1,1,1,I-85,,179,34.226,-83.509,0,8,0,0,1,1,0,1,1,1,0,1,0,0,18,7,18,14,18,54,0,0,0,1,0,1
13,130364,1,1,0,0,0,1,1,255,2510,18,3,2015,4,0,23,1,2,3,1,3,SR-3,,25,33.225,-84.289,0,35,0,0,1,1,0,4,2,1,0,1,0,0,0,25,0,29,2,4,0,0,0,1,0,2
13,130365,1,1,0,1,1,1,1,121,280,13,4,2015,2,5,47,1,2,1,1,1,I-75,,92,33.778,-84.391,0,8,0,0,1,1,0,1,3,2,0,2,0,0,5,47,6,1,88,88,0,0,0,1,0,2
13,130369,2,2,0,0,0,3,3,97,1770,15,4,2015,4,4,47,1,2,1,1,1,I-20,,86,33.728,-84.764,0,12,1,0,1,1,0,1,3,2,0,2,0,0,4,50,4,58,5,50,0,0,0,1,1,1
13,130370,2,2,0,0,0,2,2,175,0,15,4,2015,4,15,0,0,1,3,1,3,SR-29,TATTNALL LAKE ROAD,222,32.61,-82.984,0,12,6,0,3,3,0,1,1,10,0,10,0,0,99,99,99,99,99,99,0,0,0,1,0,2
13,130371,2,2,0,0,0,2,2,223,0,15,4,2015,4,22,12,1,1,3,1,3,SR-6,CLEAR CREEK DRIVE,39,33.919,-84.929,0,12,6,0,2,2,0,1,2,1,0,1,0,0,22,28,22,34,23,35,0,0,0,1,0,2
13,130372,1,1,0,0,0,1,1,169,0,16,4,2015,5,16,4,1,1,4,1,3,SR-49,,121,32.985,-83.41,0,34,0,0,1,1,0,4,1,2,0,2,0,0,16,4,16,13,88,88,0,0,0,1,0,1
13,130374,1,1,0,0,0,3,3,13,5980,17,4,2015,6,16,4,0,2,6,1,3,SR-53,,26,34.018,-83.709,0,35,0,0,1,1,0,4,1,2,0,2,0,0,99,98,99,98,88,88,0,0,0,2,0,2
13,130376,3,3,0,0,0,3,3,121,280,18,4,2015,7,4,37,1,2,1,1,1,I-285,,94,33.772,-84.496,0,12,6,0,1,1,0,1,3,2,0,2,0,0,4,37,4,45,88,88,23,19,0,1,0,2
13,130377,1,1,0,1,1,1,1,165,0,18,4,2015,7,1,55,1,1,3,1,3,SR-23,,100,32.793,-81.953,0,8,0,0,1,1,0,1,2,2,0,2,0,0,1,53,1,59,88,88,0,0,0,1,0,0
13,130378,2,2,0,0,0,2,2,99,0,19,4,2015,1,1,1,1,1,3,1,3,SR-62,,21,31.389,-84.955,0,12,2,0,1,1,0,1,2,2,0,2,0,0,99,98,99,98,88,88,0,0,0,1,0,0
13,130382,1,1,0,0,0,2,2,57,6040,20,4,2015,2,4,43,1,2,3,1,3,SR-92,,44,34.089,-84.597,0,33,0,0,1,1,0,4,2,2,0,2,0,0,4,55,5,11,5,52,20,0,0,1,0,2
13,130385,7,7,0,0,0,12,12,29,0,22,4,2015,4,5,50,1,1,1,1,1,I-16,,33,32.195,-81.479,0,12,1,0,1,1,0,1,2,1,0,1,0,0,6,26,6,45,8,5,0,0,0,5,0,1
13,130386,1,1,0,1,1,6,6,129,0,22,4,2015,4,21,0,0,2,4,1,3,SR-3,,12,34.539,-84.937,0,8,0,0,1,1,0,1,2,2,0,2,0,0,99,98,99,98,88,88,0,0,0,1,0,2
13,130389,3,3,0,0,0,5,5,59,270,23,4,2015,5,5,24,1,2,3,1,3,SR-15,,56,33.986,-83.42,0,12,1,0,8,1,0,1,2,1,0,1,0,0,5,37,5,42,5,59,0,0,0,1,0,0
13,130391,1,1,0,0,0,1,1,223,0,23,4,2015,5,5,26,0,1,4,1,3,SR-120,,79,33.862,-84.912,0,42,0,0,1,1,0,4,2,1,0,1,0,0,5,30,6,20,6,58,0,0,0,1,0,1
13,130395,1,1,0,0,0,1,1,15,0,25,4,2015,7,0,2,1,2,1,1,1,I-75,,177,34.401,-84.919,0,42,0,0,1,1,0,4,2,10,0,10,0,0,99,98,99,98,88,88,0,0,0,1,0,2
13,130397,2,2,0,0,0,2,2,135,800,25,4,2015,7,20,36,1,2,3,1,3,SR-20,BRANDSMART WAY,94,34.053,-83.995,0,12,6,0,2,2,0,1,3,1,0,1,0,0,20,36,20,49,21,28,0,0,0,1,0,2
13,130398,2,2,0,0,0,3,3,139,2285,25,4,2015,7,21,50,0,2,4,1,3,SR-13,,18,34.154,-83.956,0,12,2,0,1,1,0,1,2,1,0,1,0,0,21,50,21,53,23,22,0,0,0,2,1,2
13,130401,3,3,0,1,1,4,4,59,270,26,4,2015,1,20,57,1,2,3,1,3,SR-10,SR-15,23,33.978,-83.378,0,12,1,0,1,1,0,1,2,1,0,1,0,0,21,6,21,11,21,57,23,0,0,1,0,2
13,130405,2,2,0,0,0,2,2,135,3100,26,4,2015,1,20,44,0,2,4,1,3,SR-20,,178,33.94,-83.982,0,12,2,0,8,1,0,1,2,1,0,1,0,0,99,98,99,98,88,88,0,0,0,1,1,2
13,130407,1,1,0,0,0,1,1,317,0,26,4,2015,1,16,38,0,1,5,1,3,SR-44,,240,33.86,-82.66,0,32,0,0,1,1,0,4,1,1,0,1,0,0,99,98,99,98,88,88,0,0,0,1,0,2
13,130408,1,1,0,1,1,1,1,121,280,27,4,2015,2,23,21,1,2,3,1,3,SR-154,,240,33.691,-84.511,0,8,0,0,1,1,0,1,3,1,0,1,0,0,23,21,23,28,23,51,0,0,0,1,0,2
13,130413,1,1,0,1,1,1,1,321,0,28,4,2015,3,4,0,1,2,3,1,3,SR-33,,135,31.522,-83.836,0,8,0,0,1,1,0,1,2,10,0,10,0,0,99,98,99,98,88,88,0,0,0,1,0,1
13,130415,1,1,0,0,0,1,1,263,0,29,4,2015,4,18,28,1,1,3,1,3,SR-96,,28,32.592,-84.497,0,34,0,0,1,1,0,4,1,1,0,1,0,0,99,99,99,99,99,99,0,0,0,1,0,2
13,130418,2,1,1,0,0,1,1,305,0,24,3,2015,3,14,8,0,2,4,1,3,SR-169,,5,31.618,-81.896,0,34,0,0,1,1,0,4,1,10,0,10,0,0,14,10,14,26,14,51,0,0,0,1,0,2
13,130419,2,2,0,0,0,7,7,15,2010,30,1,2015,6,19,40,1,2,1,1,1,I-75,,64,34.119,-84.74,0,12,7,0,1,1,0,1,3,1,0,1,0,0,19,40,19,50,20,41,0,0,0,1,0,2
13,130423,2,2,0,0,0,3,3,89,0,1,5,2015,6,0,33,1,2,1,1,1,I-20,,86,33.712,-84.217,0,12,6,0,1,1,0,1,2,1,0,1,0,0,0,37,0,44,1,6,19,23,0,1,0,1
13,130424,1,1,0,0,0,1,1,159,0,1,5,2015,6,5,0,0,1,4,1,3,SR-11,,173,33.357,-83.749,0,42,0,0,1,1,0,4,2,10,1,10,0,0,99,98,99,98,88,88,0,0,0,1,1,2
13,130426,1,1,0,0,0,2,2,69,0,2,5,2015,7,23,50,0,2,4,1,3,SR-158,,168,31.495,-82.883,0,59,0,0,1,1,0,4,2,1,0,1,0,0,99,99,99,99,99,99,0,0,0,1,1,2
13,130427,2,2,0,0,0,2,2,85,0,2,5,2015,7,15,0,0,1,5,1,3,SR-136,,118,34.487,-84.172,0,12,2,0,1,1,0,1,1,1,0,1,0,0,99,99,99,99,99,99,0,0,0,1,0,2
13,130436,1,1,0,0,0,1,1,135,0,4,5,2015,2,7,14,0,2,4,1,3,SR-120,,104,33.968,-84.019,0,35,0,0,1,1,0,4,1,1,0,1,0,0,99,98,99,98,88,88,0,0,0,1,0,1
13,130437,1,1,0,1,1,1,1,157,0,4,5,2015,2,13,35,0,2,4,1,3,SR-53,,10,34.139,-83.793,0,9,0,0,1,1,0,1,1,1,0,1,0,0,99,98,99,98,88,88,0,0,0,1,0,2
13,130441,1,1,0,0,0,1,1,47,4680,6,5,2015,4,17,55,1,2,1,1,1,I-75,,65,34.912,-85.136,0,59,0,0,1,1,0,4,1,10,0,10,0,0,99,99,99,99,99,99,0,0,0,1,1,2
13,130447,1,1,0,1,1,1,1,231,0,7,5,2015,5,13,4,0,1,4,1,3,SR-18,,75,33.068,-84.46,0,9,0,0,1,1,0,2,1,1,0,1,0,0,13,5,13,17,88,88,0,0,0,1,0,2
13,130453,2,2,0,0,0,3,3,57,0,10,5,2015,1,19,1,0,1,5,1,3,SR-108,,99999,34.413,-84.393,0,12,2,0,1,1,0,1,1,1,0,1,0,0,19,13,19,25,20,20,0,0,0,1,0,1
13,130456,1,1,0,1,1,1,1,257,0,10,5,2015,1,21,8,1,1,3,1,3,SR-17,FREEMAN RD CONN,3,34.481,-83.181,0,8,0,0,3,3,0,2,2,10,0,10,0,0,99,99,99,99,99,99,0,0,0,1,0,2
13,130458,2,2,0,0,0,2,2,15,980,12,5,2015,3,6,3,1,2,1,1,1,I-75,,105,34.166,-84.758,0,12,6,0,1,1,0,1,4,2,0,2,0,0,99,98,99,98,88,88,6,0,0,1,0,2
13,130464,1,1,0,0,0,2,2,207,0,13,5,2015,4,12,58,1,1,1,1,1,I-75,,116,33.026,-83.906,0,25,0,0,1,1,0,3,1,1,0,1,0,0,12,14,12,24,12,51,0,0,0,1,0,2
13,130465,2,2,0,0,0,2,2,67,0,14,5,2015,5,21,24,1,2,1,1,1,I-75,,25,33.906,-84.476,0,12,1,0,1,1,0,1,2,10,0,10,0,0,21,24,21,29,22,39,0,0,0,1,1,2
13,130467,1,1,0,1,1,1,1,223,2740,14,5,2015,5,21,53,1,2,3,1,3,SR-92,SEABOARD ST,69,33.883,-84.759,0,8,0,0,3,3,0,1,2,1,0,1,0,0,99,99,99,99,99,99,0,0,0,1,0,2
13,130468,1,1,0,0,0,3,3,279,0,15,5,2015,6,11,31,0,1,4,1,3,SR-15,,149,32.138,-82.402,0,42,0,0,1,1,0,4,1,1,0,1,0,0,11,38,11,46,12,21,0,0,0,1,0,0
13,130473,3,2,1,0,0,2,2,63,0,16,4,2015,5,13,2,0,1,4,1,3,SR-54,,68,33.56,-84.345,0,12,6,0,8,1,0,1,1,10,0,10,0,0,13,3,13,6,13,50,0,0,0,1,0,2
13,130474,2,2,0,0,0,2,2,237,0,22,4,2015,4,4,41,0,1,3,1,3,SR-24,PEA RIDGE ROAD,36,33.238,-83.319,0,12,6,0,2,2,0,1,2,1,0,1,0,0,4,45,4,52,5,22,0,0,0,1,0,2
13,130476,1,1,0,0,0,1,1,159,3730,18,5,2015,2,20,2,0,1,4,1,3,SR-16,,10,33.311,-83.808,0,42,0,0,1,1,0,4,2,2,0,2,0,0,99,98,99,98,88,88,0,0,0,1,0,2
13,130481,2,2,0,1,1,3,3,251,0,20,5,2015,4,16,2,0,1,3,1,3,SR-21,,20,32.56,-81.483,0,12,1,0,1,1,0,1,1,10,0,10,0,0,16,10,16,29,16,55,0,0,0,2,0,2
13,130483,2,2,0,0,0,2,2,199,0,21,5,2015,5,15,46,0,1,4,1,3,SR-56,,69,32.926,-84.655,0,12,8,0,1,1,0,1,1,1,0,1,0,0,99,99,99,99,99,99,0,0,0,1,0,2
13,130486,2,2,0,0,0,4,4,313,1510,21,5,2015,5,7,30,1,2,3,1,3,SR-3,WILLOWDALE ROAD,201,34.799,-84.994,0,12,6,0,2,3,0,1,1,1,0,1,0,0,7,31,7,38,8,41,0,0,0,1,0,2
13,130488,2,2,0,0,0,4,4,85,0,22,5,2015,6,21,25,0,1,6,1,3,SR-9,JEWEL SLATON ROAD,2,34.338,-84.119,0,12,6,0,2,3,0,1,2,1,0,1,0,0,99,99,99,99,99,99,0,0,0,1,0,2
13,130490,2,2,0,0,0,2,2,177,3120,23,5,2015,7,20,39,1,2,3,1,3,SR-520,OAKLAND PARKWAY,54,31.647,-84.26,0,12,2,0,3,2,0,1,3,1,0,1,0,0,99,98,99,98,88,88,0,0,0,2,2,2
13,130492,1,1,0,0,0,1,1,63,1250,24,5,2015,1,19,3,0,2,4,1,3,SR-139,,25,33.618,-84.451,0,1,0,0,1,1,0,1,1,1,0,1,0,0,19,3,19,6,88,88,0,0,0,1,0,1
13,130494,1,1,0,0,0,1,1,207,0,24,5,2015,1,18,24,0,1,4,1,3,SR-87,,39,32.84,-83.625,0,34,0,0,1,1,0,4,1,1,0,1,0,0,18,24,18,33,88,88,0,0,0,1,1,1
13,130497,2,2,0,0,0,2,2,5,110,25,5,2015,2,7,43,1,1,3,1,3,SR-4,SR-32,89,31.539,-82.463,0,12,6,0,2,2,0,1,1,1,0,1,0,0,7,39,7,41,7,53,0,0,0,1,0,2
13,130501,1,1,0,1,1,1,1,161,2630,25,5,2015,2,15,8,1,1,3,1,3,SR-135,,147,31.853,-82.613,0,8,0,0,1,1,0,1,1,10,0,10,0,0,15,9,15,11,88,88,0,0,0,1,0,1
13,130503,1,1,0,0,0,1,1,31,4577,26,5,2015,3,3,45,0,1,4,1,3,SR-73,,1,32.265,-81.873,0,32,0,0,1,1,0,4,2,10,0,10,0,0,99,98,99,98,88,88,0,0,0,1,1,2
13,130505,2,2,0,0,0,3,3,217,0,26,5,2015,3,22,27,1,1,1,1,1,I-20,,45,33.613,-83.902,0,12,2,0,1,1,0,1,2,10,0,10,0,0,22,13,22,25,23,27,0,0,0,1,0,1
13,130509,3,3,0,0,0,3,3,265,0,28,5,2015,5,15,25,1,1,1,1,1,I-20,,21,33.529,-82.965,0,12,6,0,1,1,0,1,1,10,0,10,0,0,15,30,15,57,17,29,0,0,0,1,0,1
13,130510,1,1,0,0,0,2,2,289,0,28,5,2015,5,14,19,1,1,1,1,1,I-16,,93,32.658,-83.448,0,1,0,0,1,1,0,3,1,1,0,1,0,0,14,5,14,23,15,5,0,0,0,1,0,1
13,130511,2,2,0,0,0,5,5,291,540,28,5,2015,5,16,49,0,1,3,1,3,SR-11,,231,34.971,-84.063,0,12,2,0,1,1,0,1,1,10,0,10,0,0,16,55,17,6,17,42,0,0,0,1,1,2
13,130512,2,2,0,0,0,4,4,321,696,28,5,2015,5,6,0,0,1,4,1,3,SR-112,SR-133,37,31.423,-83.954,0,12,6,0,2,2,0,1,1,1,0,1,0,0,6,0,6,10,7,8,0,0,0,1,0,2
13,130513,1,1,0,0,0,1,1,45,4770,29,5,2015,6,7,5,0,1,5,1,3,SR-5,,90,33.466,-85.142,0,42,0,0,1,1,0,4,4,10,0,10,0,0,99,98,99,98,88,88,0,0,0,1,0,1
13,130521,2,2,0,0,0,3,3,55,0,31,5,2015,1,12,15,1,2,3,1,3,SR-1,,139,34.322,-85.172,0,12,2,0,1,1,0,1,1,1,0,1,0,0,12,19,12,27,13,6,0,0,0,1,0,1
13,130523,1,1,0,0,0,1,1,115,4760,31,5,2015,1,7,31,1,1,3,1,3,SR-20,,252,34.21,-85.095,2,1,0,0,1,1,0,1,1,1,0,1,0,0,7,31,7,36,7,56,0,0,0,1,0,2
13,130534,1,1,0,0,0,1,1,89,1815,3,6,2015,4,6,18,1,2,1,1,1,I-285,,26,33.92,-84.307,0,24,0,0,1,1,0,4,1,10,0,10,0,0,99,98,99,98,88,88,0,0,0,1,0,2
13,130536,1,1,0,0,0,1,1,15,0,4,6,2015,5,5,17,0,2,4,1,3,SR-140,,25,34.373,-84.964,0,42,0,0,1,1,0,4,2,1,0,1,0,0,99,98,99,98,88,88,0,0,0,1,0,1
13,130539,1,1,0,0,0,1,1,153,0,23,5,2015,7,1,59,1,1,3,1,3,SR-96,,40,32.554,-83.629,0,35,0,0,1,1,1,4,2,1,0,1,0,0,99,98,99,98,88,88,3,0,0,1,1,2
13,130540,2,2,0,0,0,3,3,185,5680,4,6,2015,5,7,54,1,2,3,1,3,SR-133,CLUBHOUSE DR,18,30.842,-83.326,0,12,6,0,2,3,0,1,1,1,0,1,0,0,7,54,7,58,8,28,0,0,0,1,0,2
13,130541,2,2,0,0,0,3,3,297,0,4,6,2015,5,18,8,1,2,3,1,3,SR-138,,4,33.731,-83.881,0,12,1,0,1,1,0,1,1,1,0,1,0,0,99,99,99,99,99,99,0,0,0,1,0,1
13,130542,2,2,0,0,0,2,2,73,0,5,6,2015,6,13,24,1,2,3,1,3,SR-104,,20,33.51,-82.101,0,12,6,0,8,1,0,1,1,1,0,1,0,0,13,26,13,31,13,49,0,0,0,1,0,2
13,130545,1,1,0,0,0,1,1,303,0,5,6,2015,6,15,6,0,1,5,1,3,SR-24,W BROWN DR,44,32.989,-82.616,0,34,0,0,3,3,0,4,1,10,0,10,0,0,15,0,15,12,88,88,0,0,0,1,0,2
13,130546,3,3,0,0,0,4,4,97,1770,6,6,2015,7,21,6,1,2,3,1,3,SR-92,MALONE RD,127,33.77,-84.748,0,12,6,0,2,2,0,1,2,1,0,1,0,0,21,6,21,9,88,88,0,0,0,1,0,2
13,130552,1,1,0,0,0,1,1,289,0,7,6,2015,1,1,0,1,1,3,1,3,SR-96,,10,32.542,-83.519,0,42,0,0,1,1,0,4,2,1,0,1,0,0,99,98,99,98,88,88,0,0,0,1,1,2
13,130555,3,3,0,0,0,3,3,45,0,8,6,2015,2,12,55,0,2,5,1,3,SR-113,,31,33.638,-85.055,0,12,2,0,1,1,0,1,1,1,0,1,0,0,99,99,99,99,99,99,14,0,0,1,1,1
13,130557,2,2,0,0,0,4,4,223,0,9,6,2015,3,8,17,0,2,4,1,3,SR-61,,21,34.043,-84.839,0,12,6,0,1,1,0,1,1,1,0,1,0,0,99,99,99,99,99,99,0,0,0,1,0,2
13,130560,2,2,0,0,0,3,3,85,0,11,6,2015,5,12,25,0,1,4,1,3,SR-9,,85,34.439,-84.098,0,12,2,0,1,1,0,1,1,1,0,1,0,0,12,25,12,29,13,4,0,0,0,1,0,2
13,130563,2,2,0,0,0,4,4,321,0,11,6,2015,5,9,30,1,1,4,1,3,SR-133,SR-112,66,31.423,-83.954,0,12,6,0,2,2,0,1,1,1,0,1,0,0,9,32,9,39,10,26,0,0,0,2,0,2
13,130564,2,2,0,0,0,2,2,13,0,13,6,2015,7,4,50,0,2,5,1,3,SR-211,,218,34.084,-83.8,0,12,2,0,1,1,0,1,2,1,0,1,0,0,99,99,99,99,99,99,0,0,0,1,1,2
13,130567,2,2,0,0,0,2,2,301,0,13,6,2015,7,5,14,1,1,1,1,1,I-20,,89,33.493,-82.674,0,12,6,0,1,1,0,1,2,1,0,1,0,0,5,18,5,29,99,99,0,0,0,1,0,1
13,130571,3,3,0,0,0,5,5,217,1380,14,6,2015,1,15,36,1,2,1,1,1,I-20,,64,33.614,-83.831,0,12,1,0,1,1,0,1,1,1,0,1,0,0,99,99,99,99,99,99,0,0,0,1,0,1
13,130576,1,1,0,0,0,1,1,209,0,15,6,2015,2,23,1,0,1,5,1,3,SR-56,,11,32.03,-82.493,0,34,0,0,1,1,0,4,2,1,0,1,0,0,99,98,99,98,88,88,20,0,0,1,1,2
13,130579,1,1,0,0,0,1,1,287,0,16,6,2015,3,22,51,1,1,1,1,1,I-75,,18,31.619,-83.57,0,1,0,0,1,1,0,4,2,1,0,1,0,0,99,98,99,98,88,88,0,0,0,1,0,2
13,130583,2,2,0,0,0,4,4,223,0,17,6,2015,4,21,33,0,2,4,1,3,SR-61,OLD VILLA RICA RD,90,33.895,-84.835,0,12,6,0,2,3,0,1,2,10,0,10,0,0,99,99,99,99,99,99,0,0,0,2,0,2
13,130585,1,1,0,0,0,1,1,77,0,20,3,2015,6,20,50,0,1,4,1,3,SR-14,,96,33.312,-84.777,0,1,0,0,1,1,0,4,2,10,0,10,0,0,99,99,99,99,99,99,0,0,0,1,1,2
13,130586,2,2,0,0,0,2,2,11,0,12,6,2015,6,9,42,1,1,3,1,3,SR-15,POTTERY FACTORY DRIVE,5,34.251,-83.461,0,12,1,0,3,2,0,1,1,10,0,10,0,0,9,42,9,46,10,54,0,0,0,1,0,0
13,130587,2,2,0,0,0,5,5,31,0,12,6,2015,6,16,45,1,1,3,1,3,SR-67,TWO CHOP ROAD,303,32.563,-81.878,0,12,6,0,2,2,0,1,1,1,0,1,0,0,99,99,99,99,99,99,0,0,0,1,0,2
13,130591,2,2,0,0,0,2,2,313,1510,18,6,2015,5,10,52,0,2,4,1,3,SR-71,,27,34.827,-84.944,0,43,0,0,1,1,0,4,1,10,0,10,0,0,10,54,10,57,11,54,0,0,0,1,0,2
13,130592,2,2,0,0,0,4,4,283,0,19,6,2015,6,3,35,1,1,1,1,1,I-16,,58,32.434,-82.596,0,12,1,0,1,1,0,1,2,1,0,1,0,0,99,98,99,98,88,88,0,0,0,3,0,1
13,130593,2,2,0,0,0,3,3,23,1220,20,6,2015,7,11,38,0,2,4,1,3,SR-87,ASH STREET,71,32.405,-83.34,0,12,6,0,2,2,0,1,1,1,0,1,0,0,11,38,11,45,12,45,0,0,0,1,0,1
13,130596,2,2,0,0,0,4,4,163,0,20,6,2015,7,9,43,1,1,4,1,3,SR-4,,241,33.151,-82.387,0,12,2,0,1,1,0,1,1,1,0,1,0,0,9,47,10,3,10,32,0,0,0,1,0,2
13,130597,2,2,0,0,0,2,2,183,0,20,6,2015,7,14,35,1,1,4,1,3,SR-23,,191,31.834,-81.908,0,12,6,0,1,1,0,1,1,1,0,1,0,0,99,99,99,99,99,99,0,0,0,1,0,0
13,130598,1,1,0,1,1,1,1,15,0,20,6,2015,7,23,15,1,2,3,1,3,SR-3,,109,34.2,-84.797,0,8,0,0,1,1,0,1,2,1,0,1,0,0,99,98,99,98,88,88,0,0,0,1,0,2
13,130599,1,1,0,0,0,1,1,19,0,21,6,2015,1,23,0,0,1,4,1,3,SR-11,,33,31.09,-83.206,0,34,0,0,1,1,0,4,2,1,0,1,0,0,99,98,99,98,88,88,0,0,0,1,1,2
13,130602,2,2,0,0,0,6,6,121,280,21,6,2015,1,5,3,1,2,1,1,1,I-75,,3,33.652,-84.396,0,12,2,0,1,1,0,1,3,1,0,1,0,0,99,99,99,99,99,99,0,0,0,3,1,2
13,130607,1,1,0,0,0,1,1,233,1010,21,6,2015,1,2,30,0,1,5,1,3,SR-100,,54,33.908,-85.31,0,42,0,0,1,1,0,4,6,1,0,1,0,0,99,98,99,98,88,88,0,0,0,1,0,1
13,130608,1,1,0,0,0,1,1,281,0,21,6,2015,1,15,13,0,1,5,1,3,SR-75,,139,34.974,-83.74,0,1,0,0,1,1,0,1,1,1,0,1,0,0,99,99,99,99,99,99,0,0,0,1,0,1
13,130609,2,2,0,0,0,2,2,31,0,22,6,2015,2,16,34,0,1,3,1,3,SR-73,,9,32.284,-81.877,0,12,6,0,1,1,0,1,1,2,0,2,0,0,99,98,99,98,88,88,0,0,0,1,0,2
13,130610,1,1,0,0,0,2,2,51,4910,22,6,2015,2,20,19,1,2,2,1,3,SR-204,,247,32.067,-81.114,0,52,0,0,1,1,0,3,3,10,0,10,0,0,20,47,20,59,21,25,0,0,0,1,0,2
13,130613,2,2,0,0,0,3,3,15,0,24,6,2015,4,16,37,1,2,1,1,1,I-75,,267,34.359,-84.89,0,12,7,0,1,1,0,1,1,1,0,1,0,0,99,98,99,98,88,88,0,0,0,1,0,2
13,130614,2,2,0,0,0,2,2,45,0,24,6,2015,4,14,32,0,2,4,1,3,SR-166,,222,33.615,-84.991,0,12,2,0,1,1,0,1,1,1,0,1,0,0,14,32,14,39,15,50,0,0,0,1,0,1
13,130616,1,1,0,0,0,1,1,65,0,24,6,2015,4,10,28,1,1,3,1,3,SR-31,,7,31.145,-82.966,0,42,0,0,1,1,0,4,1,1,0,1,0,0,99,98,99,98,88,88,0,0,0,1,0,2
13,130617,2,2,0,0,0,7,7,129,0,24,6,2015,4,6,14,1,1,3,1,3,SR-225,,78,34.616,-84.868,0,12,8,0,1,1,0,1,4,1,0,1,0,0,99,98,99,98,88,88,0,0,0,1,0,2
13,130621,1,1,0,0,0,1,1,63,0,25,6,2015,5,10,27,0,2,4,1,3,SR-54,,58,33.544,-84.35,0,1,0,0,1,1,0,4,1,1,0,1,0,0,99,98,99,98,88,88,0,0,0,1,0,2
13,130622,4,4,0,0,0,5,5,67,0,25,6,2015,5,11,5,1,2,1,1,1,I-75,,40,33.916,-84.481,0,12,7,0,1,1,0,1,1,1,0,1,0,0,11,19,11,20,12,0,0,0,0,1,0,2
13,130624,1,1,0,1,1,1,1,121,1250,26,6,2015,6,16,35,1,2,1,1,1,I-285,,615,33.619,-84.459,0,8,0,0,1,1,0,1,1,1,0,1,0,0,99,98,99,98,88,88,0,0,0,1,0,2
13,130625,2,2,0,0,0,3,3,175,1848,26,6,2015,6,12,47,1,2,3,1,3,SR-26,BUCKEYE ROAD,196,32.55,-82.877,0,12,6,0,2,2,0,1,1,1,0,1,0,0,99,99,99,99,99,99,0,0,0,1,0,1
13,130626,2,2,0,0,0,3,3,189,5470,26,6,2015,6,17,0,1,1,3,1,3,SR-17,OLD MILLEDGEVILLE ROAD,52,33.414,-82.482,0,12,6,0,2,2,0,1,1,1,0,1,0,0,17,12,17,20,18,22,0,0,0,1,0,2
13,130629,2,2,0,0,0,4,4,15,980,27,6,2015,7,3,28,1,2,1,1,1,I-75,,87,34.162,-84.756,0,12,6,0,1,1,0,1,2,1,0,1,0,0,3,26,3,38,4,9,19,0,0,1,0,2
13,130631,1,1,0,0,0,1,1,83,0,27,6,2015,7,3,35,1,1,1,1,1,I-24,,35,34.976,-85.418,0,35,0,0,1,1,0,4,2,10,0,10,0,0,99,98,99,98,88,88,0,0,0,1,0,1
13,130635,1,1,0,0,0,3,3,135,800,27,6,2015,7,6,58,1,2,1,1,1,I-85,,226,34.089,-83.837,0,43,0,0,1,1,0,3,4,2,0,2,0,0,6,58,7,16,7,39,0,0,0,1,0,1
13,130636,1,1,0,0,0,1,1,227,0,27,6,2015,7,17,6,0,1,5,1,3,SR-53,,177,34.479,-84.542,0,42,0,0,1,1,0,4,1,1,0,1,0,0,99,98,99,98,88,88,0,0,0,1,0,2
13,130640,1,1,0,0,0,3,3,191,0,30,6,2015,3,11,43,1,1,1,1,1,I-95,,44,31.397,-81.449,0,20,0,0,1,1,1,4,1,1,0,1,0,0,11,45,11,50,12,23,0,0,0,2,0,1
13,130647,1,1,0,0,0,2,2,139,0,2,7,2015,5,16,53,0,2,4,1,3,SR-13,,120,34.253,-83.845,0,42,0,0,1,1,0,4,1,2,0,2,0,0,16,52,17,2,17,26,0,0,0,1,0,2
13,130654,1,1,0,0,0,2,2,45,3860,5,7,2015,1,2,58,0,2,5,1,3,SR-16,,43,33.637,-85.195,0,34,0,0,1,1,0,4,3,10,0,10,0,0,2,54,3,5,3,47,0,0,0,1,1,2
13,130659,1,1,0,0,0,5,5,119,0,7,7,2015,3,17,19,1,1,1,1,1,I-85,,165,34.438,-83.139,0,24,0,0,1,1,0,4,1,10,0,10,0,0,17,17,17,26,17,58,0,0,0,1,0,1
13,130661,1,1,0,0,0,1,1,255,0,7,7,2015,3,5,10,0,1,4,1,3,SR-16,,64,33.241,-84.389,0,42,0,0,1,1,0,4,2,5,0,5,0,0,99,99,99,99,99,99,0,0,0,1,0,2