STATE,ST_CASE,VE_TOTAL,VE_FORMS,PVH_INVL,PEDS,PERNOTMVIT,PERMVIT,PERSONS,COUNTY,CITY,DAY,MONTH,YEAR,DAY_WEEK,HOUR,MINUTE,NHS,RUR_URB,FUNC_SYS,RD_OWNER,ROUTE,TWAY_ID,TWAY_ID2,MILEPT,LATITUDE,LONGITUD,SP_JUR,HARM_EV,MAN_COLL,RELJCT1,RELJCT2,TYP_INT,WRK_ZONE,REL_ROAD,LGT_COND,WEATHER1,WEATHER2,WEATHER,SCH_BUS,RAIL,NOT_HOUR,NOT_MIN,ARR_HOUR,ARR_MIN,HOSP_HR,HOSP_MN,CF1,CF2,CF3,FATALS,DRUNK_DR,RANK
13,130667,2,2,0,0,0,2,2,9,0,10,7,2015,6,16,55,0,1,4,1,3,SR-49,,39,33.027,-83.327,0,12,2,0,1,1,0,1,1,10,0,10,0,0,16,57,17,6,17,49,0,0,0,2,1,1
13,130668,1,1,0,0,0,2,2,11,0,10,7,2015,6,2,31,1,2,1,1,1,I-85,,3,34.255,-83.463,0,35,0,0,1,1,0,4,2,1,0,1,0,0,99,99,99,99,99,99,0,0,0,1,1,1
13,130672,2,2,0,0,0,3,3,97,0,11,7,2015,7,4,53,1,2,3,1,3,SR-92,MARONEY MILL RD,135,33.781,-84.748,0,12,6,0,2,2,0,1,2,1,0,1,0,0,99,99,99,99,99,99,0,0,0,1,2,2
13,130674,2,2,0,0,0,2,2,151,3360,11,7,2015,7,0,35,1,2,1,1,1,I-75,CR-824 / JODECO RD,46,33.482,-84.216,0,12,1,1,3,2,0,1,2,1,0,1,0,0,99,99,99,99,99,99,0,0,0,1,1,2
13,130676,1,1,0,0,0,1,1,115,0,12,7,2015,1,19,18,1,2,3,1,2,US-27 / SR-1,,52,34.171,-85.209,0,59,0,0,1,1,0,4,1,1,0,1,0,0,19,17,19,21,88,88,0,0,0,1,0,2
13,130677,1,1,0,0,0,1,1,157,0,12,7,2015,1,3,12,1,2,1,1,1,I-85,,11,34.135,-83.675,0,24,0,0,1,1,0,4,2,1,0,1,0,0,99,98,99,98,88,88,0,0,0,1,0,1
13,130683,2,2,0,0,0,3,3,135,0,14,7,2015,3,17,2,1,2,1,1,1,I-85,,121,34.005,-84.072,0,12,7,0,1,1,0,1,1,1,0,1,0,0,17,2,17,12,88,88,0,0,0,1,0,1
13,130685,2,2,0,0,0,3,3,303,0,14,7,2015,3,14,45,0,1,4,1,3,SR-15,,69,32.871,-82.779,0,12,6,0,1,1,0,1,1,10,0,10,0,0,14,50,15,11,15,48,0,0,0,1,0,0
13,130686,4,4,0,0,0,4,4,245,310,15,7,2015,4,15,12,1,2,1,1,1,I-20,,13,33.491,-82.094,0,12,1,0,1,1,0,1,1,1,0,1,0,0,15,12,15,30,16,14,14,0,0,1,0,1
13,130689,1,1,0,0,0,1,1,313,0,15,7,2015,4,16,23,1,2,1,1,1,I-75,,91,34.751,-85.002,0,1,0,0,1,1,0,1,1,1,0,1,0,0,99,99,99,99,99,99,0,0,0,1,0,2
13,130698,3,3,0,0,0,4,4,211,0,19,7,2015,1,12,25,1,1,3,1,3,SR-24,,27,33.5,-83.44,0,12,2,0,1,1,0,1,1,1,0,1,0,0,99,99,99,99,99,99,0,0,0,1,0,2
13,130700,3,3,0,0,0,7,7,121,280,20,7,2015,2,22,45,1,2,1,1,1,I-20,,33,33.761,-84.486,0,12,1,0,1,1,0,1,3,1,0,1,0,0,22,47,22,52,23,16,0,0,0,1,0,1
13,130704,2,2,0,0,0,2,2,213,1080,21,7,2015,3,21,57,0,1,4,1,3,SR-61,HIAWASSEE ROAD,7,34.609,-84.713,0,12,1,0,2,2,0,1,2,10,0,10,0,0,21,55,22,8,23,13,0,0,0,1,1,2
13,130706,2,2,0,0,0,3,3,97,0,22,7,2015,4,7,19,1,2,3,1,3,SR-6,OAKRIDGE DRIVE,29,33.783,-84.609,0,12,1,0,3,2,0,1,1,1,0,1,0,0,99,98,99,98,88,88,0,0,0,1,0,2
13,130707,2,2,0,0,0,2,2,121,280,23,7,2015,5,11,14,1,2,1,1,1,I-20,,23,33.766,-84.501,0,12,1,0,1,1,0,1,1,1,0,1,0,0,99,98,99,98,88,88,0,0,0,1,0,1
13,130711,2,2,0,0,0,3,3,297,0,24,7,2015,6,6,0,0,1,4,1,3,SR-11,,65,33.728,-83.695,0,12,1,0,1,1,0,1,2,1,0,1,0,0,6,2,6,11,7,2,0,0,0,1,1,2
13,130713,2,2,0,0,0,3,3,151,0,25,7,2015,7,2,47,1,1,1,1,1,I-75,,98,33.439,-84.193,0,12,1,0,1,1,1,1,2,1,0,1,0,0,2,49,2,54,88,88,3,0,0,1,1,2
13,130716,1,1,0,0,0,2,2,269,0,25,7,2015,7,15,58,0,1,3,1,3,SR-96,,147,32.57,-84.283,0,35,0,0,1,1,0,4,1,1,0,1,0,0,99,99,99,99,99,99,0,0,0,1,0,2
13,130717,1,1,0,0,0,1,1,273,0,25,7,2015,7,5,36,1,1,3,1,3,SR-50,,29,31.771,-84.56,0,42,0,0,1,1,0,4,2,1,0,1,0,0,5,35,5,48,6,37,0,0,0,1,0,0
13,130718,1,1,0,1,1,1,1,45,5730,26,7,2015,1,21,45,0,2,4,1,3,SR-101,,5,33.732,-84.939,0,8,0,0,1,1,0,1,2,1,0,1,0,0,99,98,99,98,88,88,0,0,0,1,0,2
13,130719,3,3,0,0,0,4,4,63,0,26,7,2015,1,22,42,1,2,1,1,1,I-75,,9,33.556,-84.302,0,12,6,0,1,1,0,1,2,1,0,1,0,0,22,43,22,49,23,37,0,0,0,1,0,2
13,130723,1,1,0,0,0,3,3,301,5800,26,7,2015,1,11,18,1,1,1,1,1,I-20,,3,33.498,-82.81,0,42,0,0,1,1,0,4,1,1,0,1,0,0,99,98,99,98,88,88,0,0,0,3,0,1
13,130724,1,1,0,0,0,1,1,163,0,28,7,2015,3,7,49,0,1,4,1,3,SR-47,,49,33.246,-82.387,0,42,0,0,1,1,0,4,1,1,0,1,0,0,99,98,99,98,88,88,0,0,0,1,0,2
13,130725,3,3,0,0,0,4,4,179,0,28,7,2015,3,16,36,0,2,4,1,3,SR-119,ARNOLD DRIVE,120,31.768,-81.632,0,12,1,0,3,2,0,1,1,1,0,1,0,0,16,37,16,45,17,13,0,0,0,1,0,2
13,130728,2,2,0,0,0,2,2,179,2730,29,7,2015,4,18,9,1,2,3,1,3,SR-38,,71,31.851,-81.583,0,12,2,0,1,1,0,1,1,1,0,1,0,0,18,10,18,15,18,33,0,0,0,1,0,2
13,130729,5,5,0,0,0,5,5,245,310,29,7,2015,4,16,15,0,2,4,1,3,SR-56,,52,33.313,-81.954,0,12,7,0,1,1,1,1,1,1,0,1,0,0,16,17,16,33,17,15,0,0,0,1,1,2
13,130734,1,1,0,0,0,1,1,167,0,31,7,2015,6,8,10,0,1,4,1,3,SR-57,,258,32.692,-82.508,0,42,0,0,1,1,0,4,1,1,0,1,0,0,99,98,99,98,88,88,0,0,0,1,0,2
13,130735,1,1,0,0,0,1,1,289,0,31,7,2015,6,14,59,1,1,3,1,3,SR-96,,79,32.571,-83.408,0,42,0,0,1,1,0,4,1,10,0,10,0,0,99,98,99,98,88,88,0,0,0,1,0,2
13,130736,1,1,0,0,0,4,4,13,5980,10,6,2015,4,19,9,0,2,4,1,3,SR-11,,49,33.966,-83.718,0,42,0,0,1,1,0,4,1,1,0,1,0,0,19,9,19,12,19,52,0,0,0,1,0,2
13,130737,2,2,0,0,0,2,2,185,5680,15,7,2015,4,11,34,1,2,3,1,3,SR-133,LANKFORD DR,8,30.834,-83.312,0,12,2,0,2,3,0,1,1,10,0,10,0,0,99,99,99,99,99,99,0,0,0,1,0,2
13,130740,1,1,0,0,0,1,1,95,90,1,8,2015,7,12,17,1,2,4,1,3,SR-133,,159,31.59,-84.156,0,32,0,0,1,1,0,5,1,1,0,1,0,0,12,17,12,23,88,88,0,0,0,1,0,2
13,130741,2,2,0,0,0,6,6,181,0,1,8,2015,7,15,38,0,1,4,1,3,SR-47,,154,33.707,-82.346,0,12,6,0,8,1,0,1,1,1,0,1,0,0,15,41,15,50,16,24,0,0,0,1,0,2
13,130743,1,1,0,0,0,2,2,73,0,2,8,2015,1,3,49,0,1,4,1,3,SR-47,,43,33.641,-82.307,0,3,0,0,1,1,1,5,2,1,0,1,0,0,3,51,3,57,88,88,0,0,0,2,0,2
13,130745,2,2,0,0,0,3,3,97,1770,2,8,2015,1,3,24,1,2,1,1,1,I-20,,125,33.754,-84.707,0,12,1,0,1,1,0,1,2,1,0,1,0,0,3,25,3,32,4,8,0,0,0,1,2,1
13,130747,2,2,0,0,0,5,5,5,0,4,8,2015,3,19,39,1,1,4,1,3,SR-32,,129,31.545,-82.384,0,12,2,0,1,1,0,1,2,1,0,1,0,0,19,42,19,46,20,8,0,0,0,1,0,2
13,130748,3,2,1,0,0,2,2,27,0,4,8,2015,3,13,54,0,1,4,1,3,SR-122,SR-333,101,31.001,-83.574,0,12,6,0,2,2,0,1,1,1,0,1,0,0,13,56,14,8,14,40,0,0,0,1,0,2
13,130749,2,2,0,0,0,2,2,51,0,4,8,2015,3,8,0,1,2,1,1,1,I-16,,51,32.081,-81.272,0,12,1,0,1,1,0,1,1,1,0,1,0,0,99,98,99,98,88,88,0,0,0,1,0,1
13,130750,1,1,0,0,0,1,1,121,280,4,8,2015,3,21,45,1,2,1,1,1,I-75,,35,33.697,-84.405,0,1,0,0,1,1,0,1,3,1,0,1,0,0,21,45,21,50,22,19,0,0,0,1,0,2
13,130754,1,1,0,0,0,4,4,283,0,6,8,2015,5,21,27,1,1,1,1,1,I-16,,32,32.435,-82.653,0,34,0,0,1,1,0,3,2,10,0,10,0,0,21,31,21,41,22,32,0,0,0,1,0,1
13,130755,1,1,0,0,0,1,1,13,300,7,8,2015,6,6,55,0,2,4,1,3,SR-8,,24,34.013,-83.828,0,30,0,0,1,1,0,4,2,10,0,10,0,0,99,98,99,98,88,88,0,0,0,1,1,2
13,130757,1,1,0,0,0,1,1,85,0,7,8,2015,6,19,10,1,1,5,1,3,SR-52,,55,34.567,-84.309,0,42,0,0,1,1,0,4,1,1,0,1,0,0,99,98,99,98,88,88,20,0,0,1,0,0
13,130758,4,4,0,0,0,6,6,135,0,7,8,2015,6,21,45,1,2,1,1,1,I-85,,272,34.088,-83.841,0,12,6,0,1,1,0,1,2,1,0,1,0,0,21,45,22,10,88,88,0,0,0,1,0,1
13,130759,2,2,0,0,0,2,2,245,310,7,8,2015,6,13,41,1,2,3,1,2,US-278,TUBMAN HOME RD,134,33.439,-82.013,0,12,6,0,2,2,0,1,1,1,0,1,0,0,99,99,99,99,99,99,0,0,0,1,0,0
13,130763,1,1,0,0,0,1,1,271,0,8,8,2015,7,7,48,0,1,5,1,3,SR-149,,23,32.028,-82.898,0,34,0,0,1,1,0,4,1,1,0,1,0,0,99,98,99,98,88,88,0,0,0,1,0,2
13,130764,2,2,0,0,0,4,4,21,3390,9,8,2015,1,18,36,1,2,1,1,1,I-75,,117,32.838,-83.648,0,12,7,0,1,1,0,1,1,1,0,1,0,0,99,99,99,99,99,99,0,0,0,1,0,2
13,130771,1,1,0,0,0,1,1,81,1340,11,8,2015,3,18,5,1,2,1,1,1,I-75,,107,31.955,-83.751,0,21,0,0,1,1,0,6,1,10,0,10,0,0,99,98,99,98,88,88,0,0,0,1,0,2
13,130773,3,3,0,0,0,4,4,225,0,11,8,2015,3,1,0,1,2,1,1,1,I-75,,30,32.567,-83.744,0,24,0,0,1,1,0,3,2,2,0,2,0,0,0,53,1,6,99,99,0,0,0,1,0,2
13,130782,2,2,0,0,0,3,3,15,0,15,8,2015,7,19,4,0,1,5,1,3,SR-140,,129,34.368,-84.797,0,12,1,0,8,1,0,1,1,1,0,1,0,0,19,4,19,22,20,20,0,0,0,1,1,1
13,130785,2,2,0,0,0,2,2,201,0,15,8,2015,7,2,2,0,1,4,1,3,SR-91,JOHNNY FREEMAN RD,217,31.184,-84.57,0,12,6,0,2,2,0,1,2,1,0,1,0,0,99,99,99,99,99,99,0,0,0,1,0,2
13,130788,2,2,0,0,0,3,3,47,0,13,6,2015,7,22,37,1,2,3,1,2,US-27 / SR-1,TWIN CEDARS RD,5,34.861,-85.255,0,12,6,0,2,2,0,1,2,1,0,1,0,0,22,35,22,35,99,99,0,0,0,1,0,2
13,130789,1,1,0,0,0,1,1,83,0,24,6,2015,4,15,28,1,1,1,1,1,I-24,,19,34.969,-85.43,0,24,0,0,1,1,0,4,1,1,0,1,0,0,15,10,15,18,15,47,0,0,0,1,0,1
13,130791,1,1,0,0,0,1,1,49,4835,17,8,2015,2,18,25,0,1,5,1,3,SR-23,,130,30.521,-82.038,0,53,0,0,1,1,0,4,1,2,0,2,0,0,18,25,18,26,19,10,0,0,0,1,1,0
13,130793,1,1,0,0,0,1,1,63,0,17,8,2015,2,5,2,1,2,1,1,1,I-285,,31,33.626,-84.421,0,25,0,0,1,1,0,3,3,1,0,1,0,0,99,98,99,98,88,88,0,0,0,1,1,2
13,130795,1,1,0,0,0,2,2,11,0,18,8,2015,3,6,17,1,2,1,1,1,I-85,,1,34.299,-83.405,0,42,0,0,1,1,0,4,2,2,0,2,0,0,6,15,6,26,99,99,0,0,0,1,0,1
13,130797,4,4,0,0,0,4,4,121,4790,18,8,2015,3,11,51,1,2,3,1,3,SR-140,NESBIT FERRY ROAD,121,33.989,-84.274,0,12,1,0,3,2,0,1,1,10,0,10,0,0,99,99,99,99,99,99,0,0,0,1,0,1
13,130802,2,2,0,0,0,3,3,135,800,20,8,2015,5,6,44,1,2,3,1,3,SR-20,MALL GRAND LANE,84,34.067,-83.987,0,12,6,0,2,2,0,1,4,1,0,1,0,0,6,45,6,49,7,12,0,0,0,1,0,2
13,130803,2,2,0,0,0,3,3,151,0,20,8,2015,5,2,12,1,2,1,1,1,I-75,,163,33.505,-84.231,0,12,1,0,1,1,1,1,2,10,0,10,0,0,2,11,2,30,88,88,0,0,0,1,0,2
13,130805,3,3,0,0,0,3,3,121,4882,21,8,2015,6,17,51,1,2,1,1,1,I-285,,255,33.911,-84.369,0,12,1,0,1,1,0,1,1,1,0,1,0,0,99,99,99,99,99,99,0,0,0,1,1,2
13,130809,1,1,0,1,1,3,3,303,2600,22,8,2015,7,2,25,1,1,4,1,3,SR-15,,26,32.785,-82.744,0,8,0,0,1,1,0,1,2,10,0,10,0,0,99,98,99,98,88,88,0,0,0,1,0,0
13,130812,1,1,0,1,1,1,1,151,0,23,8,2015,1,21,7,1,2,3,1,3,SR-155,,149,33.531,-84.139,0,8,0,0,1,1,0,1,2,10,0,10,0,0,99,98,99,98,88,88,0,0,0,1,0,1
13,130814,2,2,0,0,0,3,3,199,0,23,8,2015,1,18,55,0,1,5,1,3,SR-54,,59,33.197,-84.779,0,12,6,0,8,1,0,1,1,1,0,1,0,0,99,99,99,99,99,99,0,0,0,1,0,2
13,130817,2,2,0,0,0,2,2,67,4490,24,8,2015,2,20,16,1,2,3,1,3,SR-6,R D SAILORS PARKWAY,20,33.868,-84.697,0,12,6,0,2,2,0,1,5,1,0,1,0,0,20,19,20,32,21,7,0,0,0,1,0,2
13,130818,1,1,0,0,0,1,1,175,0,24,8,2015,2,13,10,0,1,5,1,3,SR-199,,69,32.455,-82.803,0,34,0,0,1,1,0,4,1,1,0,1,0,0,99,98,99,98,88,88,0,0,0,1,0,2
13,130820,2,2,0,0,0,4,4,63,0,25,8,2015,3,16,37,1,2,3,1,3,SR-138,SCOTT ROAD,19,33.55,-84.425,0,12,6,0,2,2,0,1,1,1,0,1,0,0,16,56,17,3,17,50,0,0,0,2,0,1
13,130823,4,4,0,1,1,4,4,45,5420,26,8,2015,4,6,28,1,2,1,1,1,I-20,,94,33.717,-85.023,0,8,0,0,1,1,0,1,2,1,0,1,0,0,6,30,6,40,88,88,0,0,0,1,0,1
13,130826,3,3,0,0,0,3,3,97,0,27,8,2015,5,15,40,1,2,3,1,3,SR-6,WESTFORK BLVD,18,33.791,-84.626,0,12,6,0,2,2,0,1,1,1,0,1,0,0,99,98,99,98,88,88,0,0,0,1,0,2
13,130827,1,1,0,0,0,1,1,279,0,27,8,2015,5,14,42,1,1,3,1,3,SR-4,,258,32.29,-82.303,0,1,0,0,1,1,1,1,1,1,0,1,0,0,99,99,99,99,99,99,0,0,0,1,0,2
13,130829,2,2,0,0,0,5,5,99,2900,29,8,2015,7,18,49,0,1,3,1,3,SR-38,,49,31.084,-84.98,0,12,2,0,1,1,0,1,1,1,0,1,0,0,18,53,19,10,19,48,0,0,0,3,1,2
13,130832,1,1,0,0,0,1,1,47,0,30,8,2015,1,6,40,1,1,4,1,3,SR-151,,38,34.82,-85.14,0,35,0,0,1,1,0,4,1,2,0,2,0,0,6,47,6,58,7,37,0,0,0,1,0,2
13,130834,1,1,0,0,0,1,1,95,0,30,8,2015,1,20,54,1,2,3,1,3,SR-3,,74,31.543,-84.115,0,58,0,0,1,1,0,1,3,1,0,1,0,0,20,54,20,59,88,88,0,0,0,1,0,2
13,130835,1,1,0,0,0,2,2,97,0,30,8,2015,1,10,53,1,2,1,1,1,I-20,,156,33.768,-84.655,0,1,0,0,1,1,0,1,1,2,0,2,0,0,10,54,11,2,11,30,0,0,0,1,0,1
13,130837,2,2,0,0,0,2,2,151,0,31,8,2015,2,18,24,0,2,4,1,3,SR-42,,18,33.333,-84.079,0,12,2,0,1,1,0,1,1,1,0,1,0,0,18,25,18,29,19,30,0,0,0,1,0,1
13,130842,1,1,0,1,1,1,1,175,0,2,9,2015,4,3,22,1,2,1,1,1,I-16,,145,32.499,-82.984,0,8,0,0,1,1,1,1,2,10,0,10,0,0,3,38,3,43,4,0,0,0,0,1,0,1
13,130843,2,2,0,0,0,2,2,303,0,2,9,2015,4,17,23,0,1,5,1,3,SR-24,,11,32.982,-82.558,0,1,0,0,1,1,0,4,1,1,0,1,0,0,99,98,99,98,88,88,14,0,0,1,1,2
13,130844,1,1,0,0,0,1,1,35,0,3,9,2015,5,16,0,1,1,1,1,1,I-75,,44,33.268,-84.099,0,24,0,0,1,1,0,3,1,10,0,10,0,0,99,98,99,98,88,88,0,0,0,1,0,2
13,130849,2,2,0,0,0,3,3,115,0,4,9,2015,6,21,12,0,1,4,1,3,SR-140,,27,34.381,-85.131,0,12,6,0,1,1,0,1,2,10,0,10,0,0,21,13,21,20,88,88,0,0,0,3,0,1
13,130853,3,3,0,0,0,7,7,251,4170,4,9,2015,6,10,20,0,1,5,1,3,SR-17,SR-24,6,32.522,-81.533,0,12,6,0,2,2,0,1,1,1,0,1,0,0,10,16,10,36,12,13,0,0,0,1,0,2
13,130858,2,2,0,0,0,2,2,121,2060,6,9,2015,1,2,48,1,2,3,1,3,SR-138,JONESBORO RD,17,33.572,-84.565,0,12,6,0,2,99,0,1,2,1,0,1,0,0,2,52,2,56,3,50,0,0,0,1,1,1
13,130859,1,1,0,1,1,1,1,135,0,6,9,2015,1,22,59,1,2,3,1,3,SR-140,PEACHTREE CORNERS CIR,9,33.959,-84.247,0,8,0,0,3,2,0,1,2,1,0,1,0,0,99,98,99,98,88,88,0,0,0,1,0,1
13,130860,1,1,0,0,0,1,1,11,0,7,9,2015,2,12,33,0,1,5,1,3,SR-198,,0,34.421,-83.484,0,42,0,0,1,1,0,4,1,1,0,1,0,0,99,99,99,99,99,99,0,0,0,1,0,1
13,130862,1,1,0,0,0,1,1,89,1815,7,9,2015,2,23,18,1,2,1,1,1,I-285,,32,33.92,-84.296,0,25,0,0,1,1,0,3,2,1,0,1,0,0,99,98,99,98,88,88,0,0,0,1,1,2
13,130864,2,2,0,0,0,6,6,165,0,7,9,2015,2,17,25,0,1,4,1,3,SR-17,,153,32.822,-82.046,0,12,2,0,1,1,0,1,1,10,0,10,0,0,17,36,17,48,18,0,0,0,0,1,0,2
13,130868,2,2,0,0,0,3,3,137,0,8,9,2015,3,15,25,0,1,4,1,3,SR-115,,22,34.592,-83.602,0,12,6,0,8,1,0,1,1,10,0,10,0,0,15,40,15,46,16,7,0,0,0,1,0,2
13,130869,3,3,0,0,0,12,12,247,0,8,9,2015,3,6,28,1,2,3,1,3,SR-138,,172,33.719,-83.926,0,12,6,0,1,1,0,1,2,1,0,1,0,0,6,40,6,52,7,31,0,0,0,1,0,1
13,130870,1,1,0,1,1,1,1,297,3230,8,9,2015,3,5,28,0,1,4,1,3,SR-81,,175,33.824,-83.878,0,8,0,0,1,1,0,1,2,1,0,1,0,0,5,31,5,37,88,88,0,0,0,1,0,2
13,130877,1,1,0,0,0,1,1,139,0,10,9,2015,5,21,42,0,1,5,1,3,SR-52,,6,34.484,-83.842,0,42,0,0,1,1,0,4,1,10,0,10,0,0,21,40,21,49,22,20,0,0,0,1,0,0
13,130881,2,2,0,0,0,3,3,139,2285,11,9,2015,6,13,44,1,2,3,1,3,SR-60,VIRGINIA CIR,120,34.324,-83.835,0,12,6,0,2,99,0,1,1,1,0,1,0,0,13,46,13,50,14,9,0,0,0,1,0,2
13,130882,1,1,0,0,0,1,1,291,0,11,9,2015,6,18,48,1,1,3,1,3,SR-180,,114,34.81,-83.848,0,42,0,0,1,1,0,4,1,1,0,1,0,0,18,54,19,10,19,43,0,0,0,1,0,1
13,130883,1,1,0,1,1,1,1,297,0,11,9,2015,6,7,25,0,2,4,1,3,SR-20,,62,33.788,-83.958,0,8,0,0,1,1,0,1,2,1,0,1,0,0,7,26,7,38,88,88,0,0,0,1,0,2
13,130885,2,2,0,0,0,3,3,71,0,12,9,2015,7,20,18,0,1,4,1,3,SR-133,,61,31.101,-83.659,0,12,6,0,1,1,0,1,2,10,0,10,0,0,20,19,20,31,21,7,0,0,0,1,1,2
13,130888,1,1,0,0,0,1,1,67,0,13,9,2015,1,15,57,1,2,1,1,1,I-75,,154,34.056,-84.599,0,42,0,0,1,1,0,4,1,1,0,1,0,0,15,59,16,9,16,33,0,0,0,1,0,2
13,130892,2,2,0,0,0,3,3,259,0,13,9,2015,1,14,19,1,1,3,1,2,US-27 / SR-1,GREEN GROVE RD,85,32.042,-84.8,0,12,6,0,2,2,0,1,1,1,0,1,0,0,14,19,14,28,15,6,0,0,0,1,0,2
13,130893,1,1,0,0,0,1,1,185,0,14,9,2015,2,3,59,0,1,5,1,3,SR-94,,45,30.783,-83.163,0,34,0,0,1,1,0,4,2,1,0,1,0,0,99,98,99,98,88,88,0,0,0,1,1,2
13,130901,2,2,0,0,0,2,2,121,0,2,9,2015,4,21,26,0,2,4,1,3,SR-139,,164,33.77,-84.52,0,12,2,0,8,1,0,1,2,1,0,1,0,0,21,26,21,36,22,7,0,0,0,1,0,1
13,130903,2,2,0,0,0,2,2,157,0,15,9,2015,3,14,7,0,1,4,1,3,SR-53,,79,34.066,-83.722,0,12,2,0,1,1,0,1,1,1,0,1,0,0,14,8,14,18,15,40,0,0,0,1,0,2
13,130908,1,1,0,1,1,1,1,63,0,17,9,2015,5,21,11,0,2,3,1,3,SR-3,,78,33.532,-84.364,0,8,0,0,1,1,0,1,3,1,0,1,0,0,99,98,99,98,88,88,0,0,0,1,0,2
13,130912,2,2,0,0,0,3,3,97,0,18,9,2015,6,0,41,1,2,1,1,1,I-20,,187,33.777,-84.602,0,12,1,0,1,1,0,1,2,1,0,1,0,0,99,99,99,99,99,99,0,0,0,1,0,1
13,130916,2,2,0,0,0,5,5,121,1250,19,9,2015,7,0,30,1,2,2,1,3,SR-14,,18,33.615,-84.5,0,12,2,0,1,1,0,1,2,1,0,1,0,0,0,35,0,38,1,15,0,0,0,1,0,2
13,130917,2,2,0,0,0,3,3,123,2000,19,9,2015,7,18,6,1,1,3,1,3,SR-52,,75,34.644,-84.39,0,12,6,0,1,1,0,1,1,1,0,1,0,0,18,6,18,12,19,51,0,0,0,1,0,0
13,130922,1,1,0,1,1,4,4,135,3100,20,9,2015,1,21,10,0,2,4,1,3,SR-20,FOREST PLACE,180,33.937,-83.98,0,9,0,0,2,3,0,1,3,1,0,1,0,0,21,11,21,15,88,88,0,0,0,1,0,2
13,130928,1,1,0,0,0,1,1,139,2285,22,9,2015,3,20,58,0,2,4,1,3,SR-60,,59,34.246,-83.802,0,35,0,0,1,1,0,4,2,10,0,10,0,0,99,98,99,98,88,88,0,0,0,1,1,2
13,130935,1,1,0,0,0,1,1,151,0,24,9,2015,5,13,0,1,2,1,1,1,I-75,,98,33.428,-84.182,0,24,0,0,1,1,0,4,1,10,0,10,0,0,13,3,13,6,88,88,0,0,0,1,0,2
13,130939,2,2,0,0,0,2,2,213,1080,25,9,2015,6,0,4,0,2,3,11,3,SR-52,,33,34.783,-84.815,0,12,1,0,1,1,0,1,3,2,0,2,0,0,0,4,0,9,1,30,0,0,0,1,0,0
13,130940,2,1,1,0,1,1,2,15,0,26,9,2015,7,18,53,1,2,1,1,1,I-75,,257,34.348,-84.879,0,14,0,0,1,1,0,2,1,2,0,2,0,0,99,98,99,98,88,88,0,0,0,1,0,2
13,130947,2,1,1,2,2,2,2,121,1250,26,9,2015,7,11,28,1,2,1,1,1,I-85,,166,33.659,-84.432,0,14,0,0,1,1,0,2,1,2,0,2,0,0,11,28,12,30,13,15,19,0,0,1,0,1
13,130952,1,1,0,1,1,1,1,113,4278,27,9,2015,1,1,1,0,2,3,1,3,SR-74,,59,33.441,-84.591,0,8,0,0,1,1,0,2,2,2,0,2,0,0,1,2,1,7,2,2,0,0,0,1,1,2
13,130953,1,1,0,0,0,1,1,321,0,27,9,2015,1,1,10,0,1,5,1,3,SR-313,,181,31.786,-83.894,0,1,0,0,1,1,0,1,2,10,0,10,0,0,99,98,99,98,88,88,0,0,0,1,1,1
13,130955,3,3,0,0,0,4,4,57,0,28,9,2015,2,12,16,0,2,4,1,3,SR-140,AVERY ROAD,189,34.207,-84.455,0,12,7,0,3,3,0,1,1,2,0,2,0,0,11,43,11,55,12,29,0,0,0,1,0,1
13,130958,1,1,0,1,1,1,1,89,9997,28,9,2015,2,20,39,1,2,1,1,1,I-85,,11,33.833,-84.337,0,8,0,1,5,1,0,1,2,2,0,2,0,0,20,39,20,42,21,1,0,0,0,1,0,1
13,130959,1,1,0,0,0,1,1,97,0,28,9,2015,2,6,41,1,2,1,1,1,I-20,,25,33.721,-84.846,0,42,0,0,1,1,0,4,2,2,0,2,0,0,99,98,99,98,88,88,0,0,0,1,0,1
13,130960,1,1,0,0,0,1,1,241,1170,28,9,2015,2,11,9,1,1,3,1,3,SR-2,,0,34.893,-83.596,0,18,0,0,1,1,0,1,1,2,0,2,0,0,11,2,11,20,11,49,0,0,0,1,0,2
13,130961,2,2,0,0,0,3,3,321,0,28,9,2015,2,17,4,0,1,4,1,3,SR-133,,10,31.349,-83.932,0,1,0,0,1,1,0,1,1,10,0,10,0,0,16,59,17,11,88,88,0,0,0,2,0,2
13,130962,2,2,0,0,0,2,2,75,0,30,9,2015,4,6,55,0,1,4,1,3,SR-7,DARDEN ROAD,193,31.295,-83.47,0,12,6,0,2,2,0,1,2,5,0,5,0,0,99,98,99,98,88,88,0,0,0,1,1,2
13,130967,2,2,0,0,0,4,4,91,0,1,10,2015,5,17,49,0,1,5,1,3,SR-87,,127,32.156,-83.196,0,12,1,0,1,1,0,1,1,2,0,2,0,0,17,50,17,55,99,99,0,0,0,1,0,1
13,130973,1,1,0,0,0,3,3,315,0,2,10,2015,6,23,0,0,1,5,1,3,SR-112,,73,31.985,-83.46,0,42,0,0,1,1,0,4,2,2,0,2,0,0,23,5,23,59,1,2,0,0,0,1,0,2
13,130974,2,2,0,0,0,4,4,45,0,3,10,2015,7,23,0,1,1,3,1,2,US-27 / SR-1,,30,33.467,-85.12,0,12,2,0,1,1,0,1,2,2,0,2,0,0,23,0,23,11,0,11,0,0,0,1,1,2
13,130977,2,1,1,1,1,1,1,121,280,4,10,2015,1,0,47,1,2,1,1,1,I-20,,86,33.745,-84.399,0,8,0,0,1,1,0,8,2,2,0,2,0,0,0,47,0,55,1,19,23,0,0,1,0,1