STATE,ST_CASE,VE_TOTAL,VE_FORMS,PVH_INVL,PEDS,PERNOTMVIT,PERMVIT,PERSONS,COUNTY,CITY,DAY,MONTH,YEAR,DAY_WEEK,HOUR,MINUTE,NHS,RUR_URB,FUNC_SYS,RD_OWNER,ROUTE,TWAY_ID,TWAY_ID2,MILEPT,LATITUDE,LONGITUD,SP_JUR,HARM_EV,MAN_COLL,RELJCT1,RELJCT2,TYP_INT,WRK_ZONE,REL_ROAD,LGT_COND,WEATHER1,WEATHER2,WEATHER,SCH_BUS,RAIL,NOT_HOUR,NOT_MIN,ARR_HOUR,ARR_MIN,HOSP_HR,HOSP_MN,CF1,CF2,CF3,FATALS,DRUNK_DR,RANK
17,170280,2,2,0,0,0,2,2,173,0,6,6,2015,7,14,47,0,1,4,1,3,SR-32,1875N,278,39.488,-88.608,0,12,6,0,2,3,0,1,1,1,0,1,0,0,14,47,99,99,99,99,0,0,0,1,0,2
17,170309,1,1,0,1,1,1,1,43,9000,1,1,2015,5,20,49,1,2,3,1,3,SR-59,,221,41.827,-88.202,0,8,0,0,1,1,0,1,3,1,0,1,0,0,20,49,99,99,99,99,0,0,0,1,0,2
17,170315,2,2,0,0,0,2,2,47,0,24,5,2015,1,11,55,0,1,4,1,3,SR-130,,108,38.411,-88.057,0,12,2,0,1,1,0,1,1,1,0,1,0,0,11,34,99,99,99,99,0,0,0,2,0,2
17,170316,3,3,0,0,0,4,4,87,0,27,5,2015,4,11,3,0,1,4,1,2,US-45,,475,37.6,-88.732,0,12,1,0,1,1,1,1,1,1,0,1,0,0,11,5,99,99,99,99,0,0,0,1,0,0
17,170317,2,2,0,0,0,2,2,163,1240,6,5,2015,4,22,56,1,2,3,1,3,SR-3,,1401,38.554,-90.193,0,12,6,0,1,1,0,1,2,1,0,1,0,0,23,56,99,99,99,99,0,0,0,1,1,2
17,170318,2,2,0,0,0,3,3,157,0,14,5,2015,5,8,40,1,1,3,1,3,SR-154,CR-11  (COUNTY LINE RD),252,38.088,-89.593,0,12,6,0,2,2,0,1,1,2,0,2,0,0,8,40,99,99,99,99,0,0,0,1,0,2
17,170319,1,1,0,0,0,1,1,203,0,19,5,2015,3,21,57,1,1,3,1,2,US-24,,1474,40.719,-89.32,0,24,0,0,1,1,0,4,2,1,0,1,0,0,21,57,99,99,88,88,0,0,0,1,0,1
17,170321,2,2,0,0,0,3,3,157,0,3,6,2015,4,12,15,0,1,4,1,3,SR-150,,84,37.972,-89.739,0,12,2,0,1,1,0,1,1,1,0,1,0,0,12,15,99,99,99,99,0,0,0,1,0,0
17,170322,2,2,0,0,0,9,9,97,4620,7,6,2015,1,22,13,1,2,1,1,1,I-94,,205,42.218,-87.897,0,24,0,0,1,1,0,4,3,1,0,1,0,0,22,15,99,99,99,99,14,0,0,1,0,0
17,170323,2,2,0,0,0,2,2,183,0,12,6,2015,6,16,51,1,1,1,1,1,I-74,,2116,40.11,-87.685,0,12,1,0,1,1,1,1,1,10,0,10,0,0,16,51,99,99,88,88,28,0,0,1,0,0
17,170325,3,3,0,0,0,4,4,35,0,16,6,2015,3,16,10,1,1,1,1,1,I-70,,1186,39.226,-88.227,0,12,1,0,1,1,1,1,1,1,0,1,0,0,16,14,99,99,99,99,3,0,0,2,0,1
17,170328,2,2,0,0,0,2,2,133,0,22,6,2015,2,19,3,0,1,4,1,3,SR-156,,9,38.309,-90.259,0,24,0,0,1,1,0,4,1,1,0,1,0,0,19,3,99,99,99,99,0,0,0,1,0,2
17,170329,1,1,0,1,1,2,2,111,2100,16,6,2015,3,10,27,1,2,3,1,3,SR-31,,430,42.25,-88.287,0,8,0,0,1,1,0,1,1,1,0,1,0,0,10,27,99,99,99,99,0,0,0,1,0,2
17,170333,1,1,0,0,0,2,2,191,0,13,6,2015,7,6,9,1,1,1,1,1,I-64,,1098,38.264,-88.36,0,34,0,0,1,1,0,3,1,1,0,1,0,0,6,9,99,99,99,99,0,0,0,1,0,1
17,170334,2,2,0,0,0,2,2,11,0,18,6,2015,5,11,47,1,1,3,1,3,SR-26,,627,41.491,-89.466,0,12,2,0,1,1,0,1,1,1,0,1,0,0,11,47,99,99,99,99,0,0,0,1,0,1
17,170335,2,2,0,0,0,3,3,103,0,20,6,2015,7,13,11,1,1,3,1,3,SR-2,,175,41.887,-89.425,0,12,2,0,1,1,0,1,1,1,0,1,0,0,13,11,99,99,99,99,0,0,0,1,0,2
17,170341,2,2,0,0,0,2,2,163,0,25,6,2015,5,13,59,0,1,4,1,3,SR-13,,220,38.338,-89.909,0,12,2,0,1,1,0,1,1,1,0,1,0,0,13,59,99,99,99,99,0,0,0,1,0,2
17,170342,2,2,0,0,0,2,2,199,5250,25,6,2015,5,9,25,1,1,3,1,3,SR-13,E MAIN ST,1066,37.733,-88.891,0,12,6,0,2,2,0,1,1,1,0,1,0,0,9,26,99,99,99,99,0,0,0,1,0,2
17,170346,2,2,0,0,0,4,4,189,0,23,6,2015,3,17,54,0,1,4,1,3,SR-15,CH-13 (WEAVER CREEK),423,38.364,-89.551,0,12,6,0,2,2,0,1,1,1,0,1,0,0,17,54,99,99,99,99,0,0,0,1,0,0
17,170349,2,2,0,0,0,2,2,37,0,25,6,2015,5,6,39,0,1,4,1,3,SR-64,SCHAFER RD,732,42.001,-88.859,0,12,6,0,2,2,0,1,1,1,0,1,0,0,6,39,99,99,99,99,0,0,0,1,0,2
17,170351,1,1,0,0,0,2,2,143,0,27,6,2015,7,12,40,1,1,3,1,3,SR-29,,1278,40.845,-89.543,0,1,0,0,1,1,0,1,1,1,0,1,0,0,12,40,99,99,99,99,0,0,0,2,0,2
17,170352,2,2,0,0,0,2,2,63,0,29,6,2015,2,5,27,1,1,3,1,3,SR-47,,817,41.269,-88.42,0,12,2,0,1,1,0,1,1,2,0,2,0,0,5,27,99,99,99,99,0,0,0,1,0,2
17,170353,1,1,0,0,0,1,1,143,0,28,6,2015,1,13,49,0,1,5,1,3,SR-91,SR-90,111,40.927,-89.677,0,33,0,0,3,4,0,4,1,1,0,1,0,0,13,49,99,99,88,88,0,0,0,1,1,2
17,170354,3,3,0,0,0,3,3,49,2650,24,6,2015,4,0,17,1,2,1,1,1,I-57,,1590,39.117,-88.57,0,12,1,0,1,1,1,1,3,1,0,1,0,0,0,17,99,99,99,99,28,0,0,1,0,0
17,170363,1,1,0,0,0,1,1,17,0,5,7,2015,1,5,37,1,1,4,1,3,SR-125,,95,39.968,-90.267,0,34,0,0,1,1,0,4,4,1,0,1,0,0,6,34,99,99,88,88,0,0,0,1,1,2
17,170373,4,4,0,0,0,4,4,119,0,20,4,2015,2,8,9,1,1,3,1,3,SR-4,,854,38.762,-89.801,0,12,1,1,18,1,1,1,1,1,0,1,0,0,8,9,99,99,99,99,28,0,0,1,0,2
17,170376,1,1,0,0,0,3,3,163,2610,1,6,2015,2,23,23,1,2,1,1,1,I-64,,33,38.628,-90.138,0,1,0,1,18,1,0,1,3,1,0,1,0,0,23,23,99,99,99,99,0,0,0,1,0,1
17,170385,1,1,0,0,0,1,1,99,0,27,6,2015,7,1,41,1,1,1,1,1,I-80,,776,41.372,-89.078,0,42,0,0,1,1,0,4,2,1,0,1,0,0,7,44,99,99,88,88,18,0,0,1,1,0
17,170392,2,2,0,0,0,2,2,63,0,10,7,2015,6,15,25,1,1,1,1,1,I-80,,1152,41.416,-88.375,0,12,1,0,1,1,0,1,1,1,0,1,0,0,15,27,99,99,88,88,23,0,0,1,0,0
17,170394,3,3,0,0,0,3,3,197,0,6,7,2015,2,16,11,1,2,1,1,1,I-80,,1341,41.513,-88.057,0,12,6,0,1,1,0,1,1,1,0,1,0,0,16,11,99,99,99,99,0,0,0,1,0,0
17,170400,2,2,0,0,0,2,2,115,0,7,7,2015,3,8,35,1,1,3,1,3,SR-121,,842,39.947,-89.105,0,12,2,0,1,1,0,1,1,1,0,1,0,0,8,35,99,99,88,88,0,0,0,2,0,2
17,170401,2,2,0,0,0,2,2,95,0,11,5,2015,2,21,8,0,2,4,1,3,SR-41,,311,40.861,-90.405,0,12,2,0,1,1,0,1,2,1,0,1,0,0,21,8,99,99,99,99,0,0,0,1,0,1
17,170404,1,1,0,0,0,1,1,43,0,13,7,2015,2,1,2,1,2,1,1,1,I-55,,2719,41.725,-87.991,0,25,0,0,1,1,0,3,3,1,0,1,0,0,1,2,99,99,99,99,0,0,0,1,0,1
17,170413,1,1,0,0,0,1,1,149,0,19,7,2015,1,6,5,0,1,5,3,4,CR-2,,0,39.708,-90.837,0,44,0,0,1,1,0,1,2,2,0,2,0,0,6,15,99,99,99,99,7,0,0,1,0,2
17,170418,3,3,0,0,0,3,3,115,2250,20,6,2015,7,23,39,0,2,4,1,3,SR-48,,610,39.916,-88.888,0,5,0,0,1,1,0,1,3,2,0,2,0,0,23,41,99,99,99,99,14,0,0,2,2,1
17,170420,5,5,0,0,0,11,11,63,0,28,6,2015,1,13,20,1,2,1,1,1,I-80,,1120,41.388,-88.424,0,34,0,0,1,1,0,4,1,1,0,1,0,0,13,22,99,99,99,99,0,0,0,1,0,0
17,170421,2,1,1,0,1,1,2,89,0,18,7,2015,7,6,10,1,2,1,1,1,I-90,,529,42.075,-88.322,0,14,0,0,1,1,0,4,1,1,0,1,0,0,6,10,99,99,99,99,0,0,0,1,0,0
17,170423,2,2,0,0,0,2,2,181,0,21,7,2015,3,13,43,1,1,3,1,2,US-51,WATER VALLEY RD,416,37.54,-89.221,0,12,6,0,2,2,0,1,1,1,0,1,0,0,13,43,99,99,88,88,0,0,0,1,0,0
17,170424,1,1,0,1,1,1,1,1,0,20,6,2015,7,4,36,0,1,4,1,2,US-24,,47,39.991,-91.394,0,9,0,0,1,1,0,1,2,1,0,1,0,0,4,36,99,99,99,99,0,0,0,1,0,1
17,170426,2,2,0,0,0,3,3,119,3900,9,6,2015,3,14,25,0,2,4,4,6,BROADWAY,IBERG RD,0,38.736,-89.653,0,12,6,0,2,2,0,1,1,1,0,1,0,0,14,25,99,99,99,99,0,0,0,1,0,2
17,170433,2,2,0,0,0,2,2,145,0,24,7,2015,6,10,1,1,1,3,1,3,SR-154,,446,38.083,-89.241,0,12,1,0,1,1,0,1,1,1,0,1,0,0,10,1,99,99,99,99,0,0,0,1,0,2
17,170435,1,1,0,0,0,1,1,31,6380,22,7,2015,4,13,35,1,2,1,1,1,I-57,,3471,41.593,-87.721,0,24,0,0,1,1,0,4,1,1,0,1,0,0,13,38,99,99,88,88,0,0,0,1,0,0
17,170437,1,1,0,0,0,2,2,113,0,21,7,2015,3,10,50,1,2,1,1,1,I-74,,1345,40.436,-89.007,0,1,0,0,1,1,0,3,1,1,0,1,0,0,10,56,99,99,99,99,0,0,0,1,0,0
17,170443,1,1,0,1,1,1,1,31,6525,21,7,2015,3,16,15,0,2,4,1,6,WESTERN AVE,,0,41.513,-87.674,0,9,0,0,1,1,0,1,1,1,0,1,0,0,16,15,99,99,99,99,0,0,0,1,0,2
17,170448,2,2,0,0,0,4,4,103,0,23,7,2015,5,14,45,0,1,4,1,2,US-52,ROCKYFORD RD,580,41.776,-89.342,0,12,6,0,2,2,0,1,1,1,0,1,0,0,14,45,99,99,99,99,0,0,0,1,0,0
17,170455,2,2,0,0,0,3,3,143,0,19,2,2015,5,17,32,0,1,4,1,3,SR-78,,964,40.931,-89.927,0,12,2,0,1,1,0,1,1,1,0,1,0,0,17,32,99,99,99,99,0,0,0,1,1,1
17,170459,2,2,0,0,0,5,5,197,0,18,6,2015,5,13,6,1,2,1,1,1,I-55,,2441,41.396,-88.193,0,12,1,0,1,1,0,1,1,1,0,1,0,0,13,6,99,99,99,99,0,0,0,1,0,1
17,170465,2,2,0,0,0,2,2,105,0,4,8,2015,3,16,32,0,1,4,1,3,SR-116,1800N,1531,40.892,-88.34,0,12,2,0,3,4,0,1,1,1,0,1,0,0,16,32,99,99,99,99,0,0,0,1,0,1
17,170466,3,3,0,0,0,5,5,31,1670,2,8,2015,1,0,0,1,2,1,1,1,I-57,,3540,41.675,-87.662,0,12,7,0,1,1,0,1,2,1,0,1,0,0,0,5,99,99,99,99,0,0,0,1,1,0
17,170469,1,1,0,0,0,1,1,89,0,18,6,2015,5,15,0,1,1,3,1,3,SR-64,,898,41.958,-88.547,0,30,0,0,1,1,0,4,1,1,0,1,0,0,15,5,99,99,99,99,0,0,0,1,0,2
17,170473,3,3,0,0,0,3,3,157,0,5,7,2015,1,8,51,1,1,3,1,3,SR-154,,56,38.19,-89.896,0,18,0,0,1,1,0,1,1,1,0,1,0,0,9,0,99,99,88,88,19,0,0,1,0,2
17,170476,2,2,0,0,0,3,3,55,9230,18,7,2015,7,21,0,0,2,4,1,3,SR-37,,643,37.876,-88.933,0,12,6,0,1,1,0,1,2,1,0,1,0,0,21,4,99,99,99,99,0,0,0,1,1,1
17,170477,2,2,0,0,0,6,6,199,2010,22,7,2015,4,12,12,1,1,3,1,3,SR-13,SAMUEL RD,980,37.745,-89.045,0,12,6,0,2,2,1,1,1,1,0,1,0,0,12,15,99,99,99,99,0,0,0,2,0,2
17,170478,1,1,0,0,0,1,1,1,0,10,7,2015,6,23,30,0,1,4,1,3,SR-104,,206,39.873,-91.073,0,7,0,0,1,1,0,1,2,1,0,1,0,0,23,32,99,99,99,99,0,0,0,1,0,2
17,170483,1,1,0,1,1,1,1,31,1670,25,7,2015,7,23,34,1,2,3,4,6,WESTERN AVE,CONGRESS PKWY,0,41.875,-87.686,0,8,0,0,2,2,0,1,3,1,0,1,0,0,23,44,99,99,99,99,0,0,0,1,0,2
17,170486,2,2,0,0,0,3,3,99,0,5,8,2015,4,22,7,0,1,4,1,2,US-6,,909,41.359,-88.955,0,12,8,0,1,1,0,1,2,1,0,1,0,0,22,7,99,99,99,99,0,0,0,1,1,0
17,170492,1,1,0,0,0,5,5,121,0,7,8,2015,6,13,53,1,1,1,1,1,I-57,,1172,38.637,-88.973,0,1,0,0,1,1,0,4,1,1,0,1,0,0,13,53,99,99,99,99,0,0,0,1,1,0
17,170493,2,2,0,0,0,2,2,197,887,8,8,2015,7,2,57,1,2,1,1,1,I-55,,2690,41.701,-88.037,0,12,2,1,18,1,0,1,3,1,0,1,0,0,2,57,99,99,88,88,0,0,0,2,2,1
17,170495,2,2,0,0,0,2,2,127,0,12,8,2015,4,11,3,1,1,1,1,1,I-24,,375,37.154,-88.683,0,12,1,0,1,1,1,1,1,1,0,1,0,0,11,5,99,99,88,88,3,0,0,1,0,1
17,170501,2,2,0,0,0,6,6,43,0,12,8,2015,4,20,5,1,2,3,1,3,SR-59,JOLIET ST,238,41.851,-88.203,0,12,1,0,3,2,0,1,5,1,0,1,0,0,20,7,99,99,99,99,0,0,0,1,0,2
17,170505,2,2,0,0,0,2,2,77,0,14,8,2015,6,15,17,1,2,3,1,3,SR-127,KIMMEL BRIDGE RD,780,37.809,-89.322,0,12,6,0,2,2,0,1,1,1,0,1,0,0,15,17,99,99,99,99,0,0,0,1,0,2
17,170506,2,2,0,0,0,2,2,101,0,9,8,2015,1,21,8,1,2,3,1,2,US-50,,1599,38.71,-87.545,0,12,1,0,1,1,0,1,2,1,0,1,0,0,21,8,99,99,99,99,0,0,0,1,1,2
17,170510,1,1,0,0,0,1,1,157,0,13,7,2015,2,21,23,0,1,4,1,3,SR-150,,72,37.964,-89.759,0,59,0,0,1,1,0,4,2,1,0,1,0,0,21,23,99,99,88,88,0,0,0,1,1,0
17,170512,1,1,0,0,0,2,2,35,0,31,7,2015,6,20,26,1,1,1,1,1,I-57,,1780,39.347,-88.426,0,34,0,0,1,1,0,3,2,1,0,1,0,0,20,26,99,99,99,99,0,0,0,1,1,0
17,170517,2,2,0,0,0,4,4,19,0,15,8,2015,7,12,38,1,1,1,1,1,I-57,,2553,40.376,-88.141,0,12,7,0,1,1,0,1,1,1,0,1,0,0,12,40,99,99,99,99,0,0,0,1,0,0
17,170521,2,2,0,0,0,6,6,201,0,17,8,2015,2,15,36,1,2,1,31,1,I-90,,1269,42.311,-88.965,0,25,0,0,1,1,0,3,1,1,0,1,0,0,15,36,99,99,99,99,0,0,0,1,0,0
17,170522,2,2,0,0,0,2,2,143,0,17,8,2015,2,15,50,0,1,5,1,2,US-150,,737,40.804,-89.806,0,12,2,0,1,1,0,1,1,2,0,2,0,0,16,8,99,99,99,96,0,0,0,1,0,0
17,170526,1,1,0,0,0,2,2,115,0,12,8,2015,4,22,50,1,1,3,1,2,US-36,CR-57,1473,39.806,-88.815,0,35,0,0,3,3,0,4,2,1,0,1,0,0,22,51,99,99,99,99,0,0,0,1,1,1
17,170537,1,1,0,0,0,1,1,51,0,27,8,2015,5,8,50,1,2,1,1,1,I-70,,667,38.979,-89.102,0,34,0,1,5,1,1,3,1,1,0,1,0,0,8,58,99,99,99,99,0,0,0,1,0,0
17,170538,1,1,0,0,0,2,2,165,0,29,8,2015,7,8,26,1,1,3,1,3,SR-13,,1230,37.73,-88.598,0,35,0,0,1,1,0,3,1,1,0,1,0,0,8,38,99,99,99,99,0,0,0,1,0,2
17,170539,2,2,0,0,0,2,2,63,0,24,8,2015,2,20,3,1,1,1,1,1,I-55,,2300,41.221,-88.283,0,12,1,0,1,1,0,1,2,1,0,1,0,0,20,6,99,99,99,99,0,0,0,1,0,1
17,170544,4,4,0,0,0,12,12,75,0,22,8,2015,7,16,45,1,1,1,1,1,I-57,,2832,40.754,-88.006,0,12,1,1,18,1,1,1,1,1,0,1,0,0,16,48,99,99,99,99,3,0,0,1,0,0
17,170552,1,1,0,0,0,1,1,101,0,23,6,2015,3,10,21,1,1,3,1,2,US-50,,1571,38.718,-87.595,0,42,0,0,1,1,0,4,1,1,0,1,0,0,99,99,99,99,88,88,0,0,0,1,0,2
17,170556,2,2,0,0,0,2,2,191,0,24,7,2015,6,14,20,0,1,4,1,3,SR-15,825N,1142,38.374,-88.291,0,12,2,0,2,2,0,1,1,1,0,1,0,0,14,23,99,99,99,99,0,0,0,1,0,0
17,170564,1,1,0,0,0,1,1,111,8224,12,8,2015,4,13,13,1,2,3,1,3,SR-173,N SOLON RD,422,42.48,-88.277,0,30,0,0,3,3,0,4,1,1,0,1,0,0,13,15,99,99,99,99,0,0,0,1,0,2
17,170565,2,2,0,0,0,2,2,107,0,14,8,2015,6,19,47,1,1,1,1,1,I-55,,1164,40.038,-89.469,0,12,2,0,1,1,0,1,2,1,0,1,0,0,19,50,99,99,88,88,0,0,0,1,0,1
17,170567,2,2,0,0,0,6,6,103,2380,15,8,2015,7,10,22,1,2,3,1,3,SR-38,SINK HOLLOW RD,18,41.838,-89.439,0,12,2,0,2,3,0,1,1,1,0,1,0,0,10,22,99,99,99,99,0,0,0,1,1,2
17,170573,3,3,0,0,0,5,5,55,0,31,8,2015,2,22,32,0,1,4,1,3,SR-14,,127,37.987,-89.004,0,12,2,0,1,1,0,1,2,1,0,1,0,0,22,42,99,99,99,99,0,0,0,1,0,2
17,170575,1,1,0,0,0,1,1,197,887,30,8,2015,1,18,30,1,2,1,1,1,I-55,I-SS S/B TRUCK SCALE RAMP,2663,41.677,-88.083,0,30,0,0,5,1,0,8,1,1,0,1,0,0,18,30,99,99,99,99,0,0,0,1,1,1
17,170589,1,1,0,0,0,4,4,19,0,28,8,2015,6,12,12,1,1,1,1,1,I-57,,2490,40.294,-88.184,0,34,0,0,1,1,0,4,1,1,0,1,0,0,12,14,99,99,99,99,0,0,0,1,1,0
17,170590,1,1,0,2,2,1,1,163,0,8,9,2015,3,15,44,1,2,3,1,2,US-50,,288,38.585,-89.87,0,8,0,0,1,1,0,4,1,2,0,2,1,0,15,44,99,99,99,99,0,0,0,1,0,2
17,170593,2,2,0,0,0,3,3,93,9630,24,8,2015,2,7,34,1,2,3,1,3,SR-71,,586,41.607,-88.48,0,12,2,0,1,1,0,1,1,1,0,1,0,0,7,36,99,99,99,99,0,0,0,1,0,2
17,170597,2,2,0,0,0,2,2,75,0,11,9,2015,6,19,24,1,1,3,1,3,SR-1,CR-1330 (E 1330N RD),2454,40.705,-87.684,0,12,2,0,3,3,0,1,1,1,0,1,0,0,19,24,99,99,99,99,0,0,0,1,0,1
17,170618,1,1,0,0,0,1,1,99,0,6,9,2015,1,0,47,0,1,5,1,3,SR-251,,272,41.024,-89.047,0,34,0,0,1,1,0,4,2,1,0,1,0,0,0,47,99,99,88,88,0,0,0,1,1,2
17,170619,2,2,0,0,0,3,3,27,1370,6,9,2015,1,21,8,0,1,4,1,3,SR-127,,1116,38.645,-89.373,0,12,1,0,1,1,0,1,3,1,0,1,0,0,21,8,99,99,99,99,0,0,0,1,0,2
17,170620,3,3,0,0,0,5,5,93,0,11,9,2015,6,7,8,0,2,4,1,2,US-52,GROVE RD,1261,41.512,-88.35,0,12,6,0,2,2,0,1,1,2,0,2,0,0,7,8,99,99,99,99,0,0,0,1,0,0
17,170621,2,2,0,0,0,2,2,97,0,26,8,2015,4,3,55,1,2,3,1,3,SR-173,,496,42.478,-88.138,0,12,1,0,1,1,0,1,2,1,0,1,0,0,3,55,99,99,99,99,0,0,0,1,2,2
17,170624,1,1,0,0,0,2,2,189,0,19,9,2015,7,12,58,1,2,1,1,1,I-64,,392,38.451,-89.55,0,1,0,0,1,1,1,4,1,1,0,1,0,0,13,1,99,99,99,99,0,0,0,1,0,1
17,170627,2,1,1,1,2,1,2,107,0,20,9,2015,1,21,0,1,1,1,1,1,I-55,,1184,40.063,-89.449,0,8,0,0,1,1,0,2,2,1,0,1,0,0,21,10,99,99,88,88,23,0,0,1,0,1
17,170632,2,2,0,0,0,5,5,31,1670,20,9,2015,1,2,54,1,2,1,1,1,I-90,,815,41.982,-87.8,0,12,1,1,20,1,0,1,3,1,0,1,0,0,2,56,99,99,99,99,0,0,0,1,1,0
17,170633,2,2,0,0,0,2,2,115,9997,22,9,2015,3,7,40,1,2,3,1,2,US-36,,1450,39.816,-88.856,0,12,6,0,8,1,0,1,1,1,0,1,0,0,7,42,99,99,99,99,0,0,0,1,0,1
17,170636,3,3,0,0,0,3,3,61,0,26,9,2015,7,20,39,0,1,4,1,3,SR-267,,243,39.293,-90.209,0,12,8,0,1,1,0,1,2,1,0,1,0,0,20,39,99,99,99,99,0,0,0,1,1,2
17,170639,2,2,0,0,0,6,6,99,0,29,9,2015,3,13,20,0,1,4,1,2,US-34,CR-64,1544,41.589,-88.798,0,12,6,0,2,2,0,1,1,10,0,10,0,0,13,20,99,99,99,99,0,0,0,2,1,0
17,170643,1,1,0,1,1,1,1,31,1670,4,10,2015,1,18,52,1,2,3,4,6,WESTERN AVE,HOWARD ST,0,42.02,-87.69,0,8,0,0,3,2,0,1,3,1,0,1,0,0,18,54,99,99,99,99,0,0,0,1,0,2
17,170649,2,2,0,0,0,4,4,141,0,4,9,2015,6,16,59,0,1,5,1,3,SR-251,BIG MOUND RD,1039,42.078,-89.076,0,12,6,0,2,2,0,1,1,1,0,1,0,0,16,59,99,99,99,99,0,0,0,2,0,2
17,170650,1,1,0,0,0,1,1,57,4950,23,9,2015,4,20,13,0,1,4,1,3,SR-116,,418,40.706,-90.276,0,34,0,0,1,1,0,4,2,1,0,1,0,0,20,13,99,99,88,88,0,0,0,1,0,1
17,170651,2,2,0,0,0,3,3,57,0,23,9,2015,4,7,35,0,1,4,1,3,SR-95,,95,40.487,-90.331,0,11,0,0,1,1,0,1,1,1,0,1,0,0,7,35,99,99,88,88,0,0,0,1,0,1
17,170652,1,1,0,1,1,1,1,111,0,20,9,2015,1,19,39,1,2,3,1,2,US-14,KISHWAUKEE VALLED RD,167,42.316,-88.473,0,9,0,0,2,2,0,1,2,1,0,1,0,0,19,39,99,99,99,99,0,0,0,1,0,0
17,170661,1,1,0,1,1,1,1,51,0,5,10,2015,2,0,16,0,1,5,1,2,US-40,,797,39.01,-88.894,0,8,0,0,1,1,0,1,2,1,0,1,0,0,0,20,99,99,88,88,0,0,0,1,0,0
17,170662,1,1,0,0,0,1,1,163,0,1,10,2015,5,19,25,1,1,1,1,1,I-64,,211,38.562,-89.834,0,1,0,0,1,1,1,4,5,1,0,1,0,0,19,30,99,99,88,88,0,0,0,1,0,1
17,170672,2,2,0,0,0,2,2,31,1670,17,5,2015,1,10,23,1,2,3,4,6,WESTERN AVE,,0,41.715,-87.682,0,12,6,0,8,1,0,1,1,1,0,1,0,0,10,23,99,99,99,99,0,0,0,1,1,2
17,170679,1,1,0,0,0,1,1,31,1670,19,9,2015,7,4,10,1,2,1,1,1,I-57,,3559,41.7,-87.654,0,25,0,0,1,1,0,3,3,2,0,2,0,0,4,16,99,99,99,99,0,0,0,1,0,0
17,170680,1,1,0,0,0,1,1,141,0,25,9,2015,6,18,9,1,1,3,1,3,SR-2,,214,41.936,-89.393,0,42,0,0,1,1,0,4,1,1,0,1,0,0,18,7,99,99,99,99,0,0,0,1,0,2
17,170682,1,1,0,0,0,1,1,189,0,3,10,2015,7,23,56,0,1,7,2,4,CR-12,,0,38.253,-89.665,0,34,0,0,1,1,0,4,2,1,0,1,0,0,23,56,99,99,88,88,0,0,0,1,0,2
17,170688,3,2,1,0,1,4,5,27,0,13,10,2015,3,11,0,1,1,1,1,1,I-64,,355,38.49,-89.598,0,14,0,0,1,1,0,2,1,1,0,1,0,0,11,2,99,99,99,99,23,0,0,1,0,1
17,170694,1,1,0,0,0,1,1,37,0,17,10,2015,7,0,1,1,1,3,1,3,SR-23,POPLAR RD,1047,42.153,-88.647,0,34,0,0,3,2,0,4,2,1,0,1,0,0,0,13,99,99,88,88,0,0,0,1,1,0
17,170695,1,1,0,0,0,3,3,165,0,17,10,2015,7,16,27,1,1,3,1,3,SR-13,,1187,37.734,-88.676,0,1,0,0,1,1,0,1,1,1,0,1,0,0,16,29,99,99,99,99,0,0,0,1,0,2
17,170699,1,1,0,0,0,1,1,69,0,19,10,2015,2,16,18,0,1,4,1,3,SR-1,,84,37.582,-88.188,0,1,0,0,1,1,0,4,1,1,0,1,0,0,16,41,99,99,88,88,0,0,0,1,1,1
17,170703,1,1,0,0,0,3,3,121,0,16,10,2015,6,2,0,1,1,1,1,1,I-57,,1253,38.737,-88.913,0,34,0,0,1,1,0,4,2,1,0,1,0,0,2,4,99,99,99,99,0,0,0,1,0,0
17,170704,1,1,0,1,1,1,1,97,9997,13,10,2015,3,21,0,1,2,3,1,3,SR-137,,185,42.419,-87.826,0,8,0,0,1,1,0,1,2,1,0,1,0,0,21,0,99,99,99,99,0,0,0,1,0,1
17,170707,1,1,0,0,0,1,1,183,0,20,10,2015,3,0,2,0,1,4,1,3,SR-119,,27,40.299,-87.607,0,58,0,0,1,1,0,8,2,1,0,1,0,0,0,2,99,99,99,99,0,0,0,1,1,2
17,170709,1,1,0,1,1,2,2,63,0,11,10,2015,1,0,11,1,1,1,1,1,I-55,,2208,41.121,-88.395,0,8,0,0,1,1,0,1,2,1,0,1,0,0,0,13,99,99,88,88,0,0,0,1,0,1
17,170710,1,1,0,0,0,1,1,105,0,22,10,2015,5,21,40,1,1,1,1,1,I-55,,2038,40.945,-88.587,0,1,0,0,1,1,0,3,2,1,0,1,0,0,21,48,99,99,99,99,0,0,0,1,0,1
17,170712,2,2,0,0,0,3,3,19,0,23,10,2015,6,18,10,1,1,3,1,3,SR-47,,156,40.329,-88.385,0,12,2,0,1,1,0,1,1,1,0,1,0,0,18,11,99,99,99,99,0,0,0,1,0,2
17,170726,4,4,0,0,0,5,5,31,1670,20,7,2015,2,13,15,0,2,4,4,6,WESTERN AVE,,0,42.015,-87.69,0,12,8,0,1,1,0,1,1,1,0,1,0,0,13,15,99,99,99,99,14,0,0,1,0,2
17,170733,2,2,0,0,0,4,4,103,0,9,10,2015,6,14,37,0,1,5,1,3,SR-251,CHICAGO RD (SHAW RD),776,41.707,-89.091,0,12,6,0,2,2,0,1,1,1,0,1,0,0,14,37,99,99,99,99,0,0,0,1,1,2