STATE,ST_CASE,VE_TOTAL,VE_FORMS,PVH_INVL,PEDS,PERNOTMVIT,PERMVIT,PERSONS,COUNTY,CITY,DAY,MONTH,YEAR,DAY_WEEK,HOUR,MINUTE,NHS,RUR_URB,FUNC_SYS,RD_OWNER,ROUTE,TWAY_ID,TWAY_ID2,MILEPT,LATITUDE,LONGITUD,SP_JUR,HARM_EV,MAN_COLL,RELJCT1,RELJCT2,TYP_INT,WRK_ZONE,REL_ROAD,LGT_COND,WEATHER1,WEATHER2,WEATHER,SCH_BUS,RAIL,NOT_HOUR,NOT_MIN,ARR_HOUR,ARR_MIN,HOSP_HR,HOSP_MN,CF1,CF2,CF3,FATALS,DRUNK_DR,RANK
18,180306,2,2,0,0,0,5,5,5,990,11,6,2015,5,17,5,1,2,1,1,1,I- 65,,685,39.196,-85.959,0,12,1,0,1,1,0,1,1,1,0,1,0,0,99,99,99,99,99,99,27,0,0,3,0,0
18,180309,3,3,0,0,0,5,5,87,2500,3,3,2015,3,13,0,0,1,4,1,2,US- 20,SR- 3,0,41.642,-85.277,0,12,6,0,2,2,0,1,1,2,0,2,0,0,99,99,99,99,99,99,0,0,0,1,0,0
18,180328,2,2,0,0,0,2,2,89,1730,24,6,2015,4,5,23,0,2,3,1,2,US- 20,,0,41.602,-87.326,0,12,6,0,1,1,0,1,1,1,0,1,0,0,99,99,99,99,99,99,0,0,0,1,0,0
18,180333,2,1,1,0,1,1,2,97,2210,16,6,2015,3,10,0,1,2,1,1,1,I- 65,,1230,39.861,-86.271,0,14,0,0,5,1,0,4,1,1,0,1,0,0,99,99,99,99,99,99,23,0,0,1,0,0
18,180356,3,3,0,0,0,6,6,89,2515,12,6,2015,6,13,25,1,2,1,1,1,I-90,,182,41.589,-87.274,0,12,6,0,1,1,0,1,1,2,0,2,0,0,99,99,99,99,99,99,0,0,0,1,0,0
18,180366,2,2,0,0,0,2,2,29,2610,15,7,2015,4,6,30,1,1,1,1,1,I-275,,160,39.128,-84.834,0,12,1,0,1,1,1,1,1,1,0,1,0,0,99,99,99,99,99,99,0,0,0,1,0,1
18,180370,1,1,0,0,0,1,1,39,480,17,7,2015,6,14,50,0,1,7,2,4,CR-6,,0,41.724,-85.863,0,42,0,0,1,1,0,4,1,1,0,1,0,0,99,99,99,99,88,88,0,0,0,1,0,2
18,180371,2,2,0,0,0,2,2,91,2570,17,7,2015,6,17,40,0,1,4,1,2,US- 20,,0,41.679,-86.696,0,12,1,0,1,1,0,1,1,1,0,1,0,0,99,99,99,99,99,99,0,0,0,1,0,0
18,180372,1,1,0,0,0,2,2,97,2210,26,6,2015,6,22,32,1,2,1,1,1,I-70,,830,39.787,-86.134,0,25,0,0,1,1,0,4,2,2,0,2,0,0,99,99,99,99,99,99,0,0,0,1,0,0
18,180375,3,3,0,0,0,3,3,87,4490,1,7,2015,4,5,26,0,1,5,1,3,SR-5,,0,41.648,-85.58,0,12,8,0,1,1,0,1,4,10,0,10,0,0,99,99,99,99,99,99,0,0,0,1,0,1
18,180386,1,1,0,0,0,2,2,61,1030,24,7,2015,6,21,50,1,1,1,1,1,I-64,,1015,38.239,-86.131,0,1,0,0,1,1,0,1,2,1,0,1,0,0,99,99,99,99,99,99,0,0,0,1,0,1
18,180416,1,1,0,0,0,1,1,23,970,30,7,2015,5,15,44,1,1,1,1,1,I- 65,,1520,40.229,-86.619,0,1,0,0,1,1,0,1,1,1,0,1,0,0,99,99,99,99,99,99,0,0,0,1,0,0
18,180420,1,1,0,0,0,3,3,81,1370,15,6,2015,2,22,49,1,1,1,1,1,I- 65,,836,39.41,-85.955,0,42,0,0,1,1,1,4,2,1,0,1,0,0,99,99,99,99,99,99,0,0,0,1,0,0
18,180430,2,2,0,0,0,4,4,165,1150,5,8,2015,4,9,53,0,1,5,1,2,US-36,CR- 360,0,39.79,-87.393,0,12,6,0,2,2,0,1,1,1,0,1,0,0,99,99,99,99,99,99,0,0,0,1,0,1
18,180437,2,2,0,0,0,2,2,39,1410,10,8,2015,2,22,44,1,1,2,1,2,US- 20,,0,41.636,-85.985,0,12,1,0,1,1,0,1,2,1,0,1,0,0,99,99,99,99,99,99,0,0,0,1,0,0
18,180450,2,2,0,0,0,3,3,29,4310,22,7,2015,4,23,59,1,1,1,1,1,I-74,,1635,39.286,-84.974,0,12,2,0,1,1,0,1,3,1,0,1,0,0,99,99,99,99,99,99,0,0,0,1,0,0
18,180458,7,7,0,0,0,10,10,157,5200,23,7,2015,5,23,54,1,1,1,1,1,I-65,,1774,40.484,-86.857,0,12,1,0,1,1,1,1,2,1,0,1,0,0,99,99,99,99,99,99,0,0,0,5,0,1
18,180466,1,1,0,0,0,7,7,81,1650,5,8,2015,4,12,49,1,2,1,1,1,I- 65,,888,39.484,-86.014,0,32,0,0,1,1,1,4,1,1,0,1,0,0,99,99,99,99,99,99,3,0,0,1,0,0
18,180482,2,2,0,0,0,2,2,85,3960,3,8,2015,2,14,13,0,1,5,1,3,SR-13,CR-500,0,41.162,-85.715,0,12,2,0,2,3,0,1,1,1,0,1,0,0,99,99,99,99,99,99,0,0,0,1,0,2
18,180491,2,2,0,0,0,3,3,81,1950,15,8,2015,7,16,48,1,2,1,1,1,I- 65,,1005,39.627,-86.074,0,20,0,0,1,1,1,4,1,1,0,1,0,0,99,99,99,99,99,99,3,0,0,1,0,0
18,180497,2,2,0,0,0,3,3,105,380,3,9,2015,5,9,42,0,1,3,1,3,SR- 37,VICTOR PIKE,0,39.106,-86.551,0,12,6,0,2,2,1,1,1,1,0,1,0,0,99,99,99,99,99,99,0,0,0,1,0,0
18,180506,1,1,0,1,1,1,1,3,1580,7,9,2015,2,16,46,0,1,5,1,3,SR- 37,,0,41.151,-84.986,0,15,0,0,1,1,0,6,1,1,0,1,0,0,99,99,99,99,99,99,0,0,0,1,0,0
18,180520,2,2,0,0,0,2,2,89,1730,16,9,2015,4,10,51,0,2,3,1,2,US- 20,,0,41.594,-87.226,0,12,1,0,1,1,0,1,1,1,0,1,0,0,99,99,99,99,99,99,0,0,0,1,0,0
18,180523,2,2,0,0,0,2,2,177,4120,17,9,2015,5,13,5,0,1,3,1,2,US-40,AIRPORT RD,0,39.82,-84.968,0,12,1,0,2,3,0,1,1,1,0,1,0,0,99,99,99,99,99,99,0,0,0,1,0,0
18,180527,2,2,0,0,0,3,3,135,5350,19,9,2015,7,13,15,0,1,3,1,2,US-27,,0,40.118,-84.955,0,12,2,0,1,1,0,1,1,10,0,10,0,0,99,99,99,99,99,99,0,0,0,1,1,0
18,180530,1,1,0,1,1,2,2,167,4840,10,9,2015,5,8,26,0,2,3,1,2,US-41,HONEY CREEK ST,0,39.383,-87.395,0,9,0,0,2,3,0,1,2,1,0,1,0,0,99,99,99,99,99,99,0,0,0,1,0,0
18,180537,2,2,0,0,0,2,2,181,3130,20,9,2015,1,15,30,0,1,4,1,2,US-421,CR-900,0,40.883,-86.879,0,12,6,0,2,2,0,1,1,10,0,10,0,0,99,99,99,99,99,99,0,0,0,1,1,0
18,180543,1,1,0,0,0,1,1,39,1410,27,9,2015,1,21,5,0,2,5,2,4,CR-4,,0,41.739,-85.948,0,1,0,0,1,1,0,4,2,1,0,1,0,0,99,99,99,99,88,88,0,0,0,1,1,2
18,180545,2,2,0,0,0,2,2,119,4630,15,9,2015,3,17,16,0,1,3,1,2,US-231,,0,39.299,-86.743,0,12,6,0,1,1,0,1,1,1,0,1,0,0,99,99,99,99,99,99,0,0,0,1,0,0
18,180546,2,2,0,0,0,3,3,181,3130,16,9,2015,4,13,35,0,1,4,1,2,US-421,QUARRY RD,0,40.861,-86.879,0,12,6,0,2,3,0,1,1,1,0,1,0,0,99,99,99,99,99,99,0,0,0,1,0,0
18,180550,2,1,1,0,0,1,1,33,220,22,9,2015,3,3,22,1,1,1,1,1,I-69,,0,41.357,-85.087,0,14,0,0,1,1,1,1,2,1,0,1,0,0,99,99,99,99,99,99,19,0,0,1,0,0
18,180566,1,1,0,1,1,1,1,57,1540,28,9,2015,2,22,28,0,2,3,1,3,SR- 37,,0,39.986,-86.004,0,8,0,0,1,1,0,1,2,1,0,1,0,0,99,99,99,99,88,88,0,0,0,1,0,0
18,180573,1,1,0,0,0,1,1,5,990,7,10,2015,4,16,55,1,1,1,1,1,I- 65,,646,39.143,-85.958,0,57,0,0,1,1,0,3,1,1,0,1,0,0,99,99,99,99,99,99,0,0,0,1,0,0
18,180576,1,1,0,0,0,12,12,59,1890,28,7,2015,3,16,11,1,1,1,1,1,I-70,,1070,39.829,-85.59,0,42,0,0,1,1,0,4,1,1,0,1,0,0,99,99,99,99,99,99,0,0,0,1,0,0
18,180583,2,2,0,0,0,2,2,127,612,9,10,2015,6,17,25,0,2,3,1,2,US- 20,BURNS BLVD,0,41.6,-87.131,0,12,6,0,2,3,1,1,1,1,0,1,0,0,99,99,99,99,99,99,0,0,0,1,0,0
18,180608,2,2,0,0,0,3,3,151,160,17,10,2015,7,22,41,0,1,4,1,2,US- 20,,0,41.635,-85.127,0,12,6,0,1,1,0,1,2,1,0,1,0,0,99,99,99,99,99,99,0,0,0,1,0,0
18,180625,1,1,0,0,0,1,1,177,1920,22,10,2015,5,10,40,0,1,5,1,3,SR-38,,0,39.893,-85.031,0,53,0,0,1,1,0,4,1,1,0,1,0,0,99,99,99,99,99,99,0,0,0,1,0,2
18,180631,1,1,0,1,1,1,1,71,4440,24,10,2015,7,3,18,1,1,1,1,1,I-65,,0,38.96,-85.844,0,8,0,0,1,1,0,1,3,1,0,1,0,0,99,99,99,99,99,99,0,0,0,1,0,1
18,180633,1,1,0,0,0,1,1,127,4030,24,10,2015,7,19,50,1,2,3,1,2,US-20,,0,41.637,-87.053,0,34,0,0,1,1,0,4,2,2,0,2,0,0,99,99,99,99,99,99,0,0,0,1,1,0
18,180637,2,2,0,1,1,1,1,151,160,29,10,2015,5,7,25,0,1,4,1,2,US- 20,,0,41.634,-85.137,0,12,8,0,1,1,0,1,2,1,0,1,0,0,99,99,99,99,99,99,0,0,0,1,0,0
18,180667,1,1,0,1,1,1,1,89,1730,3,11,2015,3,15,10,0,2,3,1,2,US- 20,,0,41.602,-87.345,0,8,0,0,1,1,1,1,1,1,0,1,0,0,99,99,99,99,99,99,0,0,0,1,0,0
18,180668,2,2,0,0,0,3,3,127,4025,30,9,2015,4,21,15,1,2,3,1,2,US- 20,,0,41.595,-87.189,0,12,6,0,1,1,0,1,2,1,0,1,0,0,99,99,99,99,99,99,0,0,0,1,1,0
18,180708,2,2,0,0,0,5,5,107,5150,24,11,2015,3,21,43,1,1,1,1,1,I-74,,290,40.096,-86.989,0,12,1,0,1,1,0,1,2,1,0,1,0,0,99,99,99,99,99,99,0,0,0,1,0,0
18,180711,1,1,0,0,0,3,3,39,1410,29,11,2015,1,22,30,1,1,1,1,1,I-80,,876,41.732,-86.045,0,52,0,0,1,1,0,4,2,1,0,1,0,0,99,99,99,99,99,99,0,0,0,2,0,0
18,180712,1,1,0,0,0,1,1,43,1788,26,11,2015,5,5,1,1,2,1,1,1,I-64,,1180,38.285,-85.914,0,43,0,0,1,1,0,3,2,1,0,1,0,0,99,99,99,99,99,99,0,0,0,1,0,1
18,180724,1,1,0,0,0,1,1,109,2890,6,12,2015,1,0,4,1,1,3,1,3,SR- 37,OLD SR- 37,0,39.517,-86.301,0,3,0,0,1,1,0,4,2,5,0,5,0,0,99,99,99,99,99,99,0,0,0,1,0,0
18,180725,14,14,0,0,0,19,19,65,1280,13,11,2015,6,20,17,1,1,1,1,1,I-70,,1266,39.853,-85.356,0,12,1,0,1,1,1,1,2,1,0,1,0,0,99,99,99,99,99,99,0,0,0,1,0,0
18,180732,1,1,0,0,0,1,1,39,480,10,12,2015,5,15,39,0,1,4,1,2,US- 20,,0,41.667,-85.854,0,42,0,0,1,1,0,4,1,10,0,10,0,0,99,99,99,99,99,99,0,0,0,1,0,0
18,180744,1,1,0,1,1,2,2,89,2515,4,11,2015,4,14,3,1,2,1,1,1,I-65,,2589,41.563,-87.307,0,8,0,0,1,1,0,1,1,1,0,1,0,0,99,99,99,99,88,88,0,0,0,1,0,1
18,180765,2,2,0,0,0,3,3,151,190,28,12,2015,2,12,39,1,1,1,1,1,I-69,,3400,41.53,-85.056,0,24,0,0,1,1,0,4,1,3,12,3,0,0,99,99,99,99,99,99,0,0,0,1,0,0
18,180773,2,2,0,0,0,4,4,89,1730,23,12,2015,4,22,6,1,2,1,1,1,I-80,,58,41.57,-87.415,0,12,1,0,1,1,0,1,3,1,0,1,0,0,99,99,99,99,99,99,0,0,0,1,1,0
18,180782,2,2,0,0,0,9,9,109,2890,30,12,2015,4,18,54,1,1,3,1,3,SR- 37,,0,39.509,-86.319,0,12,6,0,1,1,0,1,2,1,0,1,0,0,99,99,99,99,99,99,0,0,0,4,1,1
18,180789,2,2,0,0,0,7,7,57,3590,27,12,2015,1,18,8,1,2,3,1,3,SR-32,LITTLE CHICAGO RD,99999,40.043,-86.071,0,12,6,0,2,2,0,1,3,10,0,10,0,0,99,99,99,99,99,99,0,0,0,1,0,2
19,190001,1,1,0,0,0,1,1,193,0,1,1,2015,5,1,45,1,1,2,1,2,US-20,,156,42.475,-96.105,0,1,0,0,1,1,0,4,2,1,0,1,0,0,88,88,88,88,88,88,0,0,0,1,1,0
19,190003,2,2,0,0,0,2,2,107,0,3,1,2015,7,7,46,0,1,4,1,3,SR-149,CR-G13 110TH ST,383,41.497,-92.093,0,12,6,0,2,2,0,1,1,5,0,5,0,0,99,99,99,99,99,99,0,0,0,1,0,2
19,190007,2,2,0,0,0,3,3,171,0,16,1,2015,6,15,58,1,1,3,1,2,US-30,CR-AA AVE,2,42.006,-92.761,0,12,6,0,2,2,0,1,1,1,0,1,0,0,88,88,88,88,88,88,0,0,0,2,0,0
19,190008,1,1,0,0,0,1,1,193,0,16,1,2015,6,21,39,1,1,3,1,2,US-20,,51,42.475,-96.311,0,1,0,0,1,1,0,3,2,1,0,1,0,0,21,41,21,53,22,16,0,0,0,1,0,0
19,190009,1,1,0,0,0,1,1,181,0,18,1,2015,1,18,41,0,1,3,1,3,SR-92,,52,41.366,-93.673,0,35,0,0,1,1,0,4,2,1,0,1,0,0,88,88,88,88,88,88,0,0,0,1,1,2
19,190010,1,1,0,0,0,1,1,47,0,18,1,2015,1,9,39,0,1,4,2,3,SR-141,,138,42.037,-95.414,0,42,0,0,1,1,0,4,1,1,0,1,0,0,88,88,88,88,88,88,0,0,0,1,0,2
19,190013,2,2,0,0,0,2,2,25,0,22,1,2015,5,13,55,1,1,3,1,2,US-20,CR-N65 SIGOURNEY AVE,99998,42.45,-94.553,0,12,6,0,2,2,0,1,1,10,0,10,0,0,13,57,14,7,88,88,0,0,0,1,0,0
19,190016,1,1,0,0,0,1,1,47,0,28,1,2015,4,10,46,0,1,4,1,3,SR-141,CR-200TH ST,108,42.037,-95.479,0,35,0,0,1,1,0,4,1,1,0,1,0,0,88,88,88,88,88,88,0,0,0,1,0,2
19,190018,2,2,0,0,0,3,3,171,0,4,2,2015,4,14,0,1,1,3,1,2,US-30,CR-V18,208,41.964,-92.383,0,12,6,0,2,2,0,1,1,1,0,1,0,0,99,99,99,99,99,99,0,0,0,2,0,0
19,190019,2,2,0,0,0,3,3,95,0,9,2,2015,2,15,37,1,1,4,1,2,US-6,CR-V44 D AVE,31,41.742,-92.24,0,12,6,0,2,2,0,1,1,1,0,1,0,0,99,99,99,99,99,99,0,0,0,1,0,0
19,190022,3,3,0,0,0,8,8,155,1900,13,2,2015,6,22,16,1,2,3,1,2,US-6,,27,41.262,-95.869,0,12,2,0,1,1,0,1,3,1,0,1,0,0,22,16,22,20,22,32,0,0,0,1,0,0
19,190023,1,1,0,0,0,3,3,135,0,14,2,2015,7,2,30,1,1,3,1,2,US-34,,114,41.011,-92.882,0,42,0,0,1,1,0,4,2,1,0,1,0,0,99,99,99,99,99,99,0,0,0,1,1,0
19,190025,1,1,0,0,0,1,1,155,0,15,1,2015,5,6,55,1,1,1,1,1,I-680,,209,41.499,-95.747,0,24,0,0,1,1,0,4,2,1,0,1,0,0,88,88,88,88,88,88,0,0,0,1,0,1
19,190031,6,6,0,0,0,7,7,33,0,25,2,2015,4,11,35,1,1,3,1,2,US-18,,252,43.119,-93.063,0,12,7,0,1,1,0,1,1,4,11,4,0,0,99,99,99,99,99,99,19,0,0,1,0,1
19,190032,2,2,0,0,0,3,3,107,0,7,3,2015,7,23,53,0,1,4,1,3,SR-78,CR-V63 270TH AVE,64,41.178,-92.083,0,12,6,0,2,2,0,1,2,10,0,10,0,0,99,99,99,99,99,99,0,0,0,1,0,1
19,190036,2,2,0,0,0,3,3,33,1590,19,3,2015,5,12,44,1,2,1,1,1,I-35,,160,43.137,-93.356,0,12,1,0,1,1,0,1,1,10,0,10,0,0,12,42,12,50,13,14,0,0,0,1,0,1
19,190040,1,1,0,0,0,3,3,137,0,22,3,2015,1,2,9,1,1,3,1,2,US-34,,180,40.982,-95.044,0,1,0,0,1,1,0,4,2,1,0,1,0,0,99,99,99,99,99,99,0,0,0,1,1,0
19,190042,2,2,0,0,0,2,2,67,0,25,3,2015,4,12,50,1,1,3,1,2,US-18,,4,43.117,-93.014,0,12,1,0,1,1,0,1,1,10,0,10,0,0,12,46,12,59,13,27,0,0,0,1,0,1
19,190045,1,1,0,0,0,1,1,49,0,16,3,2015,2,5,36,0,1,3,1,3,SR-141,,199,41.817,-93.913,0,1,0,0,1,1,0,1,2,1,0,1,0,0,88,88,88,88,88,88,0,0,0,1,0,2
19,190047,2,2,0,0,0,2,2,99,0,13,3,2015,6,8,33,1,1,3,1,2,US-65,SR-117,27,41.81,-93.309,0,12,6,0,2,2,0,1,1,5,0,5,0,0,8,30,8,42,9,19,0,0,0,1,0,0
19,190049,2,2,0,0,0,2,2,181,0,31,3,2015,3,17,55,0,1,3,1,3,SR-92,,52,41.367,-93.693,0,12,2,0,1,1,0,1,1,1,0,1,0,0,18,5,18,24,19,3,0,0,0,1,0,2
19,190051,1,1,0,0,0,1,1,141,0,4,4,2015,7,3,50,0,1,3,1,3,SR-60,CR-270TH ST,85,43.257,-95.813,0,1,0,0,3,2,0,3,2,1,0,1,0,0,4,0,4,13,4,25,0,0,0,1,1,2
19,190059,2,2,0,0,0,6,6,11,0,9,4,2015,5,16,11,0,1,3,1,3,SR-150,CR-55TH ST,114,42.226,-91.895,0,12,6,0,2,3,0,1,1,10,0,10,0,0,88,88,88,88,88,88,0,0,0,5,0,1
19,190061,1,1,0,0,0,1,1,61,0,17,4,2015,6,7,5,0,1,3,1,3,SR-3,,10,42.603,-91.107,0,35,0,0,1,1,0,4,1,1,0,1,0,0,88,88,88,88,88,88,0,0,0,1,0,2
19,190064,3,3,0,0,0,5,5,13,1330,20,4,2015,2,15,26,0,2,3,4,3,SR-58,GREENHILL RD,254,42.499,-92.453,0,12,6,0,2,2,0,1,1,10,0,10,0,0,88,88,88,88,88,88,0,0,0,1,0,1
19,190066,2,2,0,0,0,2,2,109,0,22,4,2015,4,7,46,1,1,3,1,2,US-18,,29,43.083,-94.379,0,12,2,0,1,1,0,1,1,1,0,1,0,0,99,99,99,99,99,99,0,0,0,1,0,1
19,190067,2,2,0,0,0,3,3,9,0,16,4,2015,5,19,5,1,1,3,1,2,US-71,CR-170 ST,179,41.76,-94.938,0,12,6,0,2,2,0,1,1,1,0,1,0,0,99,99,99,99,99,99,0,0,0,1,0,0
19,190071,1,1,0,0,0,1,1,163,790,29,4,2015,4,0,17,1,2,1,1,1,I-74,,32,41.548,-90.521,0,59,0,0,1,1,0,4,2,1,0,1,0,0,0,19,0,27,0,41,0,0,0,1,0,0
19,190073,1,1,0,1,1,1,1,79,0,1,5,2015,6,22,4,1,1,3,1,2,US-20,,146,42.449,-93.644,0,8,0,0,1,1,0,1,2,1,0,1,0,0,88,88,88,88,88,88,0,0,0,1,0,0
19,190075,1,1,0,0,0,1,1,95,0,3,5,2015,1,1,0,1,1,1,1,1,I-80,,141,41.687,-92.025,0,38,0,0,1,1,0,4,2,10,0,10,0,0,88,88,88,88,88,88,0,0,0,1,1,0
19,190078,1,1,0,0,0,1,1,181,0,9,5,2015,7,5,41,0,2,3,1,3,SR-5,,129,41.505,-93.578,0,43,0,0,1,1,0,4,4,10,0,10,0,0,5,42,5,45,6,8,0,0,0,1,1,1
19,190079,1,1,0,0,0,2,2,155,1900,6,5,2015,4,22,0,1,2,1,1,1,I-29,,98,41.257,-95.907,0,42,0,0,1,1,0,4,3,10,2,2,0,0,22,1,22,7,22,32,0,0,0,1,1,0
19,190081,2,2,0,0,0,2,2,121,0,12,5,2015,3,16,42,0,1,3,1,3,SR-92,,197,41.354,-93.892,0,12,2,0,1,1,0,1,1,1,0,1,0,0,99,99,99,99,99,99,0,0,0,1,1,2
19,190084,3,3,0,0,0,3,3,29,0,16,5,2015,7,7,5,1,1,1,1,1,I-80,,39,41.497,-95.076,0,12,2,0,1,1,0,1,1,10,0,10,0,0,99,99,99,99,99,99,0,0,0,1,1,0
19,190091,2,2,0,0,0,2,2,135,0,28,5,2015,5,23,17,1,1,3,1,2,US-34,SR-5,152,41.015,-92.809,0,12,1,0,3,2,0,1,3,1,0,1,0,0,23,31,23,35,23,47,0,0,0,1,1,0
19,190092,1,1,0,0,0,2,2,103,4050,22,5,2015,6,8,12,1,2,1,1,1,I-80,N DUBUQUE ST,153,41.687,-91.54,0,24,0,0,1,1,1,4,1,1,0,1,0,0,8,13,8,22,8,31,0,0,0,1,0,0
19,190094,1,1,0,0,0,1,1,163,2080,2,6,2015,3,18,52,1,2,1,1,1,I-74,,0,41.598,-90.527,0,24,0,1,5,1,0,4,1,1,0,1,0,0,88,88,88,88,88,88,0,0,0,1,1,0
19,190096,2,2,0,0,0,2,2,153,0,4,6,2015,5,12,55,0,1,3,1,3,SR-141,CR-NW TOWNER DR,31,41.725,-93.775,0,12,6,0,2,2,0,1,1,10,0,10,0,0,88,88,88,88,88,88,0,0,0,1,0,2
19,190097,2,2,0,0,0,3,3,89,0,6,6,2015,7,10,57,0,1,5,1,3,SR-139,CR-34 POLE LINE RD,0,43.371,-92.08,0,12,6,0,2,2,0,1,1,1,0,1,0,0,10,58,11,3,11,27,0,0,0,2,0,2
19,190099,2,2,0,0,0,4,4,57,0,7,6,2015,1,14,4,1,1,3,1,2,US-30,CR-SUMMER ST,27,40.738,-91.16,0,12,6,0,2,2,0,1,1,10,0,10,0,0,14,5,14,11,99,99,0,0,0,1,0,0
19,190105,3,3,0,0,0,4,4,81,0,21,5,2015,5,16,48,0,1,3,1,2,US-18,,200,43.11,-93.577,0,12,2,0,1,1,0,1,1,1,0,1,0,0,16,58,17,9,17,43,0,0,0,1,0,1
19,190107,3,3,0,0,0,4,4,31,0,4,6,2015,5,11,23,1,1,1,1,1,I-80,,185,41.633,-90.999,0,12,1,0,1,1,1,1,1,1,0,1,0,0,88,88,88,88,88,88,0,0,0,1,0,0
19,190109,1,1,0,0,0,5,5,87,0,20,6,2015,7,14,11,1,1,3,1,2,US-34,,68,40.986,-91.6,0,1,0,0,1,1,0,4,1,1,0,1,0,0,99,99,99,99,99,99,0,0,0,1,0,0
19,190110,1,1,0,1,1,1,1,59,0,23,6,2015,3,23,59,1,1,3,1,2,US-71,,111,43.409,-95.127,0,9,0,0,1,1,0,1,3,10,0,10,0,0,88,88,88,88,88,88,0,0,0,1,0,0
19,190114,2,2,0,0,0,2,2,133,0,29,6,2015,2,14,7,1,1,1,1,1,I-29,,149,42.076,-96.173,0,12,6,0,1,1,0,1,1,5,0,5,0,0,88,88,88,88,88,88,0,0,0,2,1,0
19,190116,1,1,0,0,0,1,1,5,0,2,7,2015,5,11,1,0,1,4,1,3,SR-76,,302,43.364,-91.521,0,1,0,0,1,1,0,4,1,1,0,1,0,0,88,88,88,88,88,88,0,0,0,1,0,2
19,190118,1,1,0,0,0,3,3,163,2080,6,7,2015,2,2,9,1,2,1,1,1,I-80,,165,41.598,-90.582,0,35,0,0,1,1,0,4,2,1,0,1,0,0,99,99,99,99,99,99,0,0,0,2,1,0
19,190119,2,2,0,0,0,2,2,35,0,12,6,2015,6,23,2,0,1,4,1,3,SR-143,CR-C16/450 ST,38,42.866,-95.8,0,12,6,0,2,2,0,1,2,1,0,1,0,0,23,2,23,13,23,49,0,0,0,1,1,2
19,190125,1,1,0,0,0,1,1,125,6650,3,6,2015,4,20,7,0,2,3,1,3,SR-163,,116,41.393,-92.929,0,1,0,0,1,1,0,1,5,1,0,1,0,0,88,88,88,88,88,88,0,0,0,1,0,2
19,190127,2,2,0,0,0,2,2,111,0,16,7,2015,5,5,46,0,1,4,1,3,SR-16,CR-X38 330TH ST,256,40.74,-91.277,0,12,6,0,2,2,0,1,4,10,0,10,0,0,88,88,88,88,88,88,0,0,0,1,0,2
19,190131,2,1,1,0,0,2,2,31,0,26,7,2015,1,4,35,1,1,1,1,1,I-80,,153,41.643,-91.068,0,14,0,0,1,1,0,2,2,10,0,10,0,0,88,88,88,88,88,88,0,0,0,2,1,0
19,190133,1,1,0,1,1,1,1,11,0,20,7,2015,2,23,20,1,1,3,1,2,US-30,,140,41.964,-92.016,0,8,0,0,1,1,0,1,2,1,0,1,0,0,88,88,88,88,88,88,23,0,0,1,0,0
19,190136,2,2,0,0,0,2,2,113,5290,11,7,2015,7,10,49,0,2,3,1,3,SR-100,,62,42.017,-91.581,0,12,6,0,1,1,0,1,1,10,2,2,0,0,10,50,10,58,11,18,0,0,0,1,0,1
19,190138,2,2,0,0,0,2,2,59,0,18,7,2015,7,15,4,0,1,4,1,3,SR-9,CR-M27 135TH AVE,31,43.43,-95.324,0,12,6,0,2,2,0,1,1,1,0,1,0,0,99,99,99,99,99,99,0,0,0,1,0,2
19,190143,2,2,0,0,0,2,2,155,1900,2,8,2015,1,9,8,1,2,1,1,1,I-29,,105,41.268,-95.908,0,12,6,0,1,1,0,1,1,1,0,1,0,0,88,88,88,88,88,88,0,0,0,1,0,0
19,190149,2,2,0,0,0,8,8,181,0,12,8,2015,4,8,53,1,1,4,1,2,US-69,CR-B76,25,41.187,-93.598,0,12,6,0,2,2,0,1,1,1,0,1,0,0,99,99,99,99,99,99,0,0,0,2,0,0
19,190151,1,1,0,0,0,2,2,195,0,13,8,2015,5,9,9,1,1,4,1,2,US-65,,50,43.336,-93.211,0,1,0,0,1,1,0,4,1,1,0,1,0,0,99,99,99,99,99,99,0,0,0,1,0,0
19,190152,1,1,0,0,0,1,1,63,0,15,8,2015,7,2,0,0,1,4,1,3,SR-15,,105,43.402,-94.453,0,1,0,0,1,1,0,4,2,1,0,1,0,0,88,88,88,88,88,88,0,0,0,1,1,0
19,190154,1,1,0,0,0,1,1,5,0,16,8,2015,1,13,33,0,1,4,1,3,SR-76,,39,43.13,-91.218,0,17,0,0,1,1,0,4,1,1,0,1,0,0,88,88,88,88,88,88,0,0,0,1,0,2
19,190155,2,2,0,0,0,2,2,149,0,16,8,2015,1,15,45,1,1,3,1,2,US-75,,226,42.859,-96.175,0,12,2,0,1,1,0,1,1,10,0,10,0,0,99,99,99,99,99,99,0,0,0,1,0,0
19,190159,2,2,0,0,0,7,7,69,0,15,8,2015,7,10,50,1,1,1,1,1,I-35,,24,42.65,-93.471,0,12,1,0,1,1,0,1,1,1,0,1,0,0,10,59,11,24,11,54,0,0,0,2,0,1
19,190163,2,2,0,0,0,2,2,163,2080,14,8,2015,6,10,45,1,2,1,1,1,I-280,,45,41.537,-90.676,0,12,2,0,1,1,1,1,1,1,0,1,0,0,99,99,99,99,99,99,0,0,0,1,0,1