STATE,ST_CASE,VE_TOTAL,VE_FORMS,PVH_INVL,PEDS,PERNOTMVIT,PERMVIT,PERSONS,COUNTY,CITY,DAY,MONTH,YEAR,DAY_WEEK,HOUR,MINUTE,NHS,RUR_URB,FUNC_SYS,RD_OWNER,ROUTE,TWAY_ID,TWAY_ID2,MILEPT,LATITUDE,LONGITUD,SP_JUR,HARM_EV,MAN_COLL,RELJCT1,RELJCT2,TYP_INT,WRK_ZONE,REL_ROAD,LGT_COND,WEATHER1,WEATHER2,WEATHER,SCH_BUS,RAIL,NOT_HOUR,NOT_MIN,ARR_HOUR,ARR_MIN,HOSP_HR,HOSP_MN,CF1,CF2,CF3,FATALS,DRUNK_DR,RANK
19,190165,2,2,0,1,1,2,2,57,0,21,8,2015,6,20,46,1,1,3,1,2,US-34,,94,40.833,-91.259,0,8,0,0,1,1,0,1,2,1,0,1,0,0,20,51,20,58,88,88,19,0,0,1,0,0
19,190169,2,2,0,0,0,2,2,59,0,14,8,2015,6,13,57,1,1,3,1,2,US-71,,108,43.405,-95.127,0,12,1,0,1,1,0,1,1,1,0,1,0,0,13,58,14,2,14,17,0,0,0,1,0,0
19,190175,3,3,0,0,0,8,8,181,0,31,8,2015,2,7,12,0,1,3,1,3,SR-5,CR-SCOTCH RIDGE RD,100,41.499,-93.498,0,12,2,0,2,2,0,1,1,1,0,1,0,0,7,13,7,22,7,41,0,0,0,1,0,1
19,190176,2,2,0,0,0,4,4,129,0,28,8,2015,6,22,32,1,1,3,1,2,US-34,,220,41.031,-95.527,0,12,2,0,1,1,0,1,2,10,0,10,0,0,22,36,22,44,99,99,99,99,99,1,0,0
19,190177,2,2,0,0,0,3,3,129,0,30,8,2015,1,15,24,1,1,3,1,2,US-34,CR-L31 195TH ST,68,41.046,-95.804,0,12,6,0,2,2,0,1,1,10,0,10,0,0,99,99,99,99,99,99,0,0,0,1,0,0
19,190185,2,2,0,0,0,2,2,111,4250,3,9,2015,5,7,17,1,2,3,1,2,US-61,CARBIDE LN,27,40.422,-91.426,0,12,6,0,2,2,0,1,1,1,0,1,0,0,88,88,88,88,88,88,0,0,0,1,0,0
19,190190,1,1,0,0,0,1,1,161,0,13,9,2015,1,13,45,1,1,3,1,2,US-20,,99999,42.454,-94.921,0,1,0,0,1,1,0,4,1,1,0,1,0,0,13,46,13,53,14,4,0,0,0,1,0,0
19,190191,2,2,0,0,0,2,2,69,0,3,7,2015,6,12,37,0,1,3,1,3,SR-3,,54,42.745,-93.392,0,12,2,0,1,1,0,1,1,1,0,1,0,0,88,88,88,88,88,88,0,0,0,1,0,2
19,190193,1,1,0,0,0,1,1,111,0,23,8,2015,1,7,15,0,1,3,1,3,SR-2,CR-204 AVE,113,40.635,-91.517,0,3,0,0,3,3,0,5,9,99,0,99,0,0,88,88,88,88,88,88,0,0,0,1,1,2
19,190198,1,1,0,0,0,2,2,149,0,22,9,2015,3,14,23,0,1,4,1,3,SR-12,,130,42.735,-96.613,0,1,0,0,1,1,0,4,1,1,0,1,0,0,99,99,99,99,99,99,0,0,0,1,0,2
19,190205,2,2,0,0,0,3,3,29,0,26,9,2015,7,12,48,1,1,1,1,1,I-80,,76,41.497,-95.005,0,1,0,0,1,1,0,1,1,1,0,1,0,0,12,50,12,56,99,99,0,0,0,1,0,0
19,190207,1,1,0,0,0,2,2,133,0,30,7,2015,5,7,54,1,1,1,1,1,I-29,,94,42.006,-96.117,0,1,0,0,1,1,0,3,1,10,0,10,0,0,8,9,8,30,9,2,0,0,0,1,0,0
19,190217,2,2,0,0,0,2,2,145,0,5,10,2015,2,16,55,1,1,3,1,2,US-71,CR-2ND ST,53,40.659,-95.032,0,12,6,0,2,2,0,1,1,1,0,1,0,0,16,56,17,0,17,49,0,0,0,1,0,0
19,190219,1,1,0,0,0,2,2,103,0,10,10,2015,7,11,15,1,1,1,1,1,I-80,,1744,41.687,-91.499,0,21,0,1,19,1,0,4,1,1,0,1,0,0,11,18,11,26,99,99,0,0,0,1,0,0
19,190224,2,2,0,0,0,4,4,43,0,29,10,2015,5,17,23,0,1,4,1,3,SR-13,CR-B65 205TH ST,269,42.928,-91.344,0,12,6,0,2,2,0,1,1,10,0,10,0,0,17,26,17,38,18,4,0,0,0,1,0,2
19,190226,2,2,0,0,0,2,2,139,0,6,10,2015,3,8,34,0,1,3,1,2,US-6,SR-38 F65,96,41.567,-91.038,0,12,6,0,2,2,0,1,1,10,0,10,0,0,8,39,9,2,9,30,0,0,0,1,0,0
19,190230,2,2,0,0,0,3,3,81,0,4,10,2015,1,10,15,1,1,3,1,2,US-18,,31,43.097,-93.902,0,12,2,0,1,1,0,1,1,10,0,10,0,0,10,2,10,8,10,29,0,0,0,1,0,1
19,190233,1,1,0,0,0,1,1,181,0,1,11,2015,1,0,30,1,1,3,1,2,US-65,,245,41.471,-93.558,0,1,0,0,1,1,0,4,2,1,0,1,0,0,88,88,88,88,88,88,0,0,0,1,1,0
19,190235,2,2,0,0,0,2,2,55,0,14,9,2015,2,18,10,0,1,4,1,3,SR-38,,244,42.576,-91.342,0,12,1,0,1,1,0,1,1,10,0,10,0,0,88,88,88,88,88,88,0,0,0,1,0,2
19,190237,2,2,0,0,0,4,4,105,0,6,9,2015,1,21,59,0,1,4,1,3,SR-38,,99,42.063,-91.11,0,12,2,0,1,1,0,1,2,1,0,1,0,0,22,20,22,31,99,99,0,0,0,3,0,2
19,190239,1,1,0,1,1,1,1,153,8980,26,10,2015,2,23,12,1,2,1,1,1,I-35,,99999,41.55,-93.776,0,8,0,0,1,1,0,1,3,1,0,1,0,0,23,17,23,27,23,46,19,0,0,1,0,1
19,190243,2,2,0,0,0,4,4,193,0,13,11,2015,6,23,32,1,1,1,1,1,I-29,,31,42.258,-96.259,0,12,1,0,1,1,2,1,2,1,0,1,0,0,99,99,99,99,99,99,0,0,0,1,1,0
19,190247,1,1,0,0,0,2,2,61,6660,17,11,2015,3,8,21,0,2,3,1,3,SR-163,,129,41.39,-92.901,0,42,0,0,1,1,0,4,1,10,2,2,0,0,99,99,99,99,99,99,0,0,0,1,0,2
19,190248,1,1,0,0,0,4,4,99,0,17,11,2015,3,12,26,1,1,1,1,1,I-80,,188,41.682,-92.984,0,1,0,0,1,1,0,4,1,10,2,2,0,0,12,25,12,34,99,99,0,0,0,2,0,0
19,190253,3,3,0,0,0,4,4,111,0,29,11,2015,1,20,58,0,1,3,1,3,SR-27,,33,40.511,-91.566,0,12,2,0,1,1,0,1,2,2,0,2,0,0,99,99,99,99,99,99,0,0,0,1,1,2
19,190254,2,2,0,0,0,2,2,111,0,29,11,2015,1,20,58,0,1,3,1,3,SR-27,,33,40.511,-91.566,0,12,6,0,1,1,0,1,2,2,0,2,0,0,88,88,88,88,88,88,0,0,0,1,0,2
19,190259,1,1,0,1,1,1,1,83,0,13,9,2015,1,22,30,1,1,3,1,2,US-65,,249,42.537,-93.262,0,8,0,0,1,1,0,1,2,99,0,99,0,0,88,88,88,88,88,88,0,0,0,1,0,0
19,190261,2,2,0,0,0,3,3,33,0,5,12,2015,7,11,0,1,1,1,1,1,I-35,,39,42.971,-93.349,0,12,6,0,1,1,0,1,1,1,0,1,0,0,88,88,88,88,88,88,0,0,0,2,0,1
19,190263,2,2,0,0,0,4,4,35,0,6,12,2015,1,12,53,1,1,4,1,2,US-59,,233,42.906,-95.544,0,12,2,0,1,1,0,1,1,5,0,5,0,0,99,99,99,99,99,99,0,0,0,1,0,0
19,190276,2,2,0,0,0,2,2,157,0,22,12,2015,3,16,8,0,1,4,2,3,SR-146,,223,41.791,-92.727,0,12,2,0,1,1,0,1,1,10,0,10,0,0,88,88,88,88,88,88,0,0,0,1,0,2
20,200006,2,2,0,0,0,2,2,121,4320,14,1,2015,4,0,20,0,1,3,1,3,SR-68,,500,38.621,-94.812,0,12,2,0,1,1,0,1,2,1,0,1,0,0,0,29,0,39,2,13,0,0,0,1,1,2
20,200009,3,3,0,0,0,5,5,169,0,5,1,2015,2,8,2,0,1,3,1,3,SR-140,,267,38.8,-97.754,0,12,8,0,1,1,0,1,1,1,0,1,0,0,8,4,8,16,8,44,0,0,0,2,0,1
20,200010,2,2,0,0,0,2,2,79,0,5,1,2015,2,18,4,1,1,3,1,2,US-50,,2772,38.077,-97.297,0,12,2,0,1,1,0,1,2,1,0,1,0,0,18,6,18,16,88,88,0,0,0,1,0,2
20,200011,2,2,0,0,0,2,2,193,1060,17,1,2015,7,17,23,1,1,1,1,1,I-70,,494,39.365,-101.14,0,12,7,0,7,1,0,1,1,1,0,1,0,0,17,28,17,40,88,88,0,0,0,1,0,0
20,200014,1,1,0,1,1,1,1,91,3080,24,1,2015,7,17,50,1,2,1,1,1,I-35,,2262,38.983,-94.708,0,8,0,1,5,1,0,8,3,1,0,1,0,0,17,56,18,2,88,88,0,0,0,1,0,1
20,200015,3,3,0,0,0,3,3,121,4320,26,1,2015,2,8,24,0,1,3,1,3,SR-68,,428,38.622,-94.959,0,12,8,0,1,1,0,1,1,1,0,1,0,0,8,23,8,35,9,19,0,0,0,1,0,2
20,200016,1,1,0,0,0,2,2,127,0,1,2,2015,1,16,10,0,1,3,2,2,US-56,,3350,38.653,-96.794,0,1,0,0,1,1,0,4,1,4,0,4,0,0,16,11,16,30,17,10,0,0,0,1,0,0
20,200017,1,1,0,0,0,1,1,45,0,4,2,2015,4,13,41,1,1,1,31,1,I-70,,1966,38.997,-95.354,0,21,0,0,1,1,0,4,1,4,0,4,0,0,88,88,88,88,88,88,0,0,0,1,0,0
20,200019,1,1,0,0,0,1,1,91,4285,5,1,2015,2,18,48,1,2,2,1,2,US-69,,0,38.908,-94.692,0,30,0,0,1,1,0,4,3,1,0,1,0,0,18,50,18,58,19,24,0,0,0,1,0,0
20,200022,1,1,0,0,0,2,2,161,0,17,1,2015,7,8,47,1,1,1,1,1,I-70,,3175,39.068,-96.473,0,38,0,0,1,1,0,4,1,1,0,1,0,0,8,48,9,4,9,34,0,0,0,1,0,0
20,200025,1,1,0,0,0,1,1,193,2020,5,2,2015,5,20,2,0,1,3,1,2,US-24,,630,39.394,-100.907,0,31,0,0,1,1,0,4,2,1,0,1,0,0,20,1,20,17,20,44,0,0,0,1,1,1
20,200028,2,2,0,0,0,2,2,133,0,11,2,2015,4,13,15,1,1,3,1,2,US-169,,309,37.406,-95.501,0,12,8,0,1,1,0,1,1,1,0,1,0,0,13,20,13,29,88,88,0,0,0,1,0,0
20,200029,2,2,0,0,0,3,3,149,0,13,2,2015,6,13,10,0,1,3,1,3,SR-13,,129,39.399,-96.52,0,12,2,0,1,1,0,1,1,1,0,1,0,0,13,15,13,30,88,88,0,0,0,1,0,2
20,200030,2,2,0,0,0,2,2,135,0,13,2,2015,6,10,33,0,1,3,1,3,SR-96,N G RD,0,38.45,-100.119,0,12,1,0,3,2,0,1,1,1,0,1,0,0,99,99,99,99,99,99,0,0,0,1,0,2
20,200031,1,1,0,0,0,1,1,91,3705,13,2,2015,6,3,58,1,2,1,1,1,I-35,,0,39.041,-94.671,0,24,0,1,5,1,0,4,3,1,0,1,0,0,4,2,99,99,88,88,0,0,0,1,1,1
20,200038,2,2,0,0,0,4,4,85,0,11,2,2015,4,19,10,1,1,3,1,2,US-75,SR-214,1735,39.245,-95.719,0,12,6,0,2,2,0,1,2,1,0,1,0,0,19,10,19,15,20,0,0,0,0,1,0,0
20,200046,2,2,0,0,0,4,4,3,0,28,2,2015,7,13,25,1,1,3,1,2,US-169,,900,38.179,-95.268,0,12,6,0,1,1,0,1,1,4,0,4,0,0,13,38,13,48,14,36,0,0,0,1,0,0
20,200047,1,1,0,1,1,1,1,35,0,11,3,2015,4,20,37,1,1,3,1,2,US-77,,232,37.304,-97.007,0,8,0,0,1,1,0,1,2,1,0,1,0,0,20,38,20,44,88,88,19,0,0,1,0,0
20,200048,1,1,0,0,0,1,1,53,0,18,3,2015,4,7,0,0,1,3,1,3,SR-141,,13,38.585,-97.962,0,26,0,0,1,1,0,4,2,1,0,1,0,0,8,42,9,2,10,25,0,0,0,1,0,2
20,200051,2,2,0,0,0,2,2,209,2820,17,2,2015,3,8,50,1,2,3,1,3,SR-32,78TH STREET,260,39.073,-94.758,0,7,0,0,2,3,0,1,1,1,0,1,0,0,8,57,9,4,88,88,0,0,0,1,0,2
20,200054,1,1,0,0,0,1,1,173,5880,22,3,2015,1,13,0,1,2,2,1,2,US-54,,0,37.679,-97.23,0,33,0,0,1,1,0,4,1,1,0,1,0,0,13,0,13,3,88,88,19,0,0,1,0,0
20,200057,2,2,0,0,0,3,3,59,0,13,3,2015,6,23,28,1,1,1,1,1,I-35,,1822,38.571,-95.282,0,12,1,1,5,1,0,2,2,1,0,1,0,0,23,36,23,42,0,7,0,0,0,1,0,1
20,200061,1,1,0,0,0,3,3,195,5590,5,4,2015,1,14,19,1,1,1,1,1,I-70,,1398,38.971,-99.663,0,38,0,0,1,1,0,4,1,1,0,1,0,0,14,38,15,9,15,24,0,0,0,1,0,0
20,200067,2,2,0,0,0,2,2,87,4240,11,2,2015,4,14,59,0,1,4,1,2,US-59,SR-16,1778,39.206,-95.311,0,12,6,0,8,1,0,1,1,1,0,1,0,0,15,20,15,20,88,88,0,0,0,1,0,0
20,200069,1,1,0,0,0,2,2,159,0,25,3,2015,4,7,45,0,1,3,1,3,SR-4,,1405,38.522,-98.462,0,32,0,0,1,1,0,4,1,1,0,1,0,0,7,51,8,0,8,21,0,0,0,1,1,2
20,200071,2,2,0,0,0,4,4,87,0,6,4,2015,2,14,56,1,1,3,1,2,US-24,,3818,39.087,-95.415,0,12,8,0,1,1,0,1,1,1,0,1,0,0,15,0,15,16,15,49,0,0,0,1,0,1
20,200075,2,2,0,0,0,3,3,115,0,17,4,2015,6,18,44,1,1,3,1,2,US-56,US-77,0,38.363,-96.967,0,12,6,0,2,2,0,1,1,1,0,1,0,0,18,47,18,52,99,99,0,0,0,2,0,0
20,200077,3,3,0,0,0,3,3,41,0,2,3,2015,2,20,8,1,1,1,1,1,I-70,,2811,38.961,-97.106,0,12,1,1,18,1,0,1,2,1,0,1,0,0,20,16,20,21,20,30,0,0,0,1,0,0
20,200078,1,1,0,0,0,1,1,111,0,20,4,2015,2,3,15,0,1,4,1,3,SR-99,,1130,38.506,-96.171,0,35,0,0,1,1,0,4,2,1,0,1,0,0,3,15,3,39,88,88,0,0,0,1,1,2
20,200080,1,1,0,0,0,1,1,91,4140,11,4,2015,7,20,5,1,1,3,1,3,SR-7,,0,38.939,-94.851,0,31,0,1,5,1,0,3,2,1,0,1,0,0,20,10,20,17,20,37,0,0,0,1,1,2
20,200082,3,3,0,0,0,6,6,31,0,12,5,2015,3,7,50,1,1,3,1,2,US-75,10TH RD,0,38.17,-95.739,0,12,1,0,2,3,0,1,1,1,0,1,0,0,7,53,7,55,8,10,0,0,0,1,0,0
20,200089,3,3,0,0,0,6,6,15,0,17,4,2015,6,13,23,1,1,3,1,2,US-54,,2709,37.811,-96.532,0,12,2,0,1,1,0,1,1,1,0,1,0,0,13,25,13,39,14,5,14,0,0,3,0,0
20,200095,2,2,0,0,0,3,3,157,0,9,5,2015,7,10,59,1,1,3,1,2,US-81,MARBLE RD,2193,39.841,-97.634,0,12,6,0,2,2,0,1,1,1,0,1,0,0,11,4,11,7,11,20,0,0,0,1,0,0
20,200099,3,3,0,0,0,5,5,9,0,14,5,2015,5,16,53,1,1,3,1,2,US-56,,2129,38.478,-98.569,0,12,1,0,1,1,1,1,1,1,0,1,0,0,16,53,17,1,18,24,0,0,0,1,1,0
20,200100,1,1,0,0,0,1,1,127,0,18,5,2015,2,22,40,0,1,3,1,3,SR-177,,636,38.632,-96.493,0,11,0,0,1,1,0,1,2,1,0,1,0,0,22,40,22,46,88,88,0,0,0,1,0,2
20,200103,1,1,0,0,0,1,1,75,0,26,5,2015,3,16,54,1,1,3,1,2,US-50,,220,37.957,-101.649,0,1,0,0,1,1,0,4,1,1,0,1,0,0,17,2,17,10,17,25,0,0,0,1,0,2
20,200104,1,1,0,0,0,2,2,113,3820,9,5,2015,7,14,28,0,1,5,1,3,SR-260,,30,38.217,-97.519,0,42,0,0,1,1,0,4,1,2,0,2,0,0,14,31,14,37,15,20,0,0,0,1,0,0
20,200105,2,2,0,0,0,3,3,151,0,9,5,2015,7,12,0,1,1,3,1,2,US-54,,0,37.646,-98.602,0,12,6,0,1,1,0,1,1,2,0,2,0,0,12,11,12,21,13,0,0,0,0,1,0,0
20,200106,3,3,0,0,0,5,5,151,0,23,5,2015,7,11,5,1,1,3,1,2,US-54,,1258,37.626,-98.961,0,12,2,0,1,1,0,1,1,2,0,2,0,0,11,8,11,20,12,5,0,0,0,2,0,0
20,200107,2,2,0,0,0,9,9,191,5730,25,5,2015,2,9,41,0,1,4,1,2,US-160,I-35 TOLL BOTH ROAD,0,37.276,-97.338,0,12,6,0,2,3,0,1,1,1,0,1,0,0,9,41,10,0,10,50,0,0,0,1,0,0
20,200108,1,1,0,0,0,3,3,49,0,26,5,2015,3,22,6,0,1,4,1,3,SR-99,,395,37.517,-96.253,0,1,0,0,1,1,0,4,2,1,0,1,0,0,22,8,22,20,99,99,0,0,0,2,0,2
20,200109,2,2,0,0,0,3,3,67,5490,30,5,2015,7,10,35,0,1,5,1,4,CR-5,V-7000 N RD,0,37.678,-101.29,0,12,6,0,2,2,0,1,1,1,0,1,0,0,10,43,10,58,11,15,0,0,0,2,0,2
20,200110,2,2,0,0,0,2,2,15,173,30,5,2015,7,14,29,1,2,3,1,2,US-54,YORKTOWN STREET,2279,37.679,-97.126,0,12,1,0,3,2,1,1,1,1,0,1,0,0,14,30,14,35,15,20,0,0,0,1,0,0
20,200117,2,2,0,0,0,2,2,59,0,14,5,2015,5,15,42,0,1,3,1,3,SR-68,IDAHO RD,194,38.609,-95.379,0,12,6,0,2,2,0,1,1,1,0,1,0,0,15,41,15,49,88,88,0,0,0,1,0,2
20,200121,1,1,0,0,0,5,5,45,0,9,6,2015,3,14,30,0,1,3,1,2,US-40,,3758,38.993,-95.388,0,34,0,0,1,1,0,4,1,1,0,1,0,0,14,36,14,56,15,43,0,0,0,1,0,0
20,200128,2,2,0,0,0,2,2,9,0,16,6,2015,3,16,19,1,1,3,1,3,SR-156,,1350,38.449,-98.613,0,12,2,0,1,1,0,4,1,1,0,1,0,0,16,21,16,31,88,88,0,0,0,1,0,2
20,200129,2,2,0,0,0,2,2,199,5080,19,6,2015,6,12,22,0,1,3,1,2,US-40,,211,38.903,-101.669,0,12,6,0,1,1,0,1,1,1,0,1,0,0,11,23,11,37,99,99,0,0,0,1,0,0
20,200130,1,1,0,0,0,1,1,161,0,24,6,2015,4,2,0,1,1,3,1,2,US-77,,1753,39.219,-96.933,0,35,0,0,1,1,0,4,2,1,0,1,0,0,88,88,88,88,88,88,0,0,0,1,0,0
20,200132,3,3,0,0,0,4,4,17,0,27,6,2015,7,10,55,0,1,3,1,3,SR-150,,125,38.362,-96.734,0,12,6,0,1,1,0,1,1,1,0,1,0,0,10,58,11,14,11,41,14,0,0,1,0,0
20,200134,1,1,0,1,1,2,2,37,0,7,6,2015,1,8,25,0,1,4,1,3,SR-146,,112,37.602,-95.047,0,9,0,0,1,1,0,1,1,1,0,1,0,0,8,25,8,41,88,88,0,0,0,1,0,2
20,200142,1,1,0,0,0,1,1,201,0,2,7,2015,5,10,0,0,1,3,1,3,SR-9,,2018,39.666,-97.111,0,38,0,0,1,1,0,4,9,99,0,99,0,0,88,88,88,88,88,88,0,0,0,1,0,2
20,200143,2,2,0,0,0,3,3,199,5630,8,7,2015,4,14,0,0,1,3,1,2,US-40,SR-27,250,38.907,-101.599,0,12,6,0,2,2,0,1,1,1,0,1,0,0,13,6,13,13,14,3,0,0,0,1,0,0
20,200144,1,1,0,0,0,1,1,29,0,11,7,2015,7,12,15,0,1,4,1,3,SR-9,US-81,1604,39.566,-97.712,0,31,0,0,3,4,0,4,1,1,0,1,0,0,12,21,12,26,12,36,0,0,0,1,0,2
20,200146,1,1,0,1,1,2,2,209,580,12,7,2015,1,0,51,0,1,3,1,3,SR-7,130TH STREERT,0,38.362,-98.57,0,8,0,0,2,3,0,1,3,1,0,1,0,0,0,54,0,59,88,88,0,0,0,1,0,2
20,200148,1,1,0,0,0,4,4,167,0,13,7,2015,2,19,10,1,1,1,1,1,I-70,,1873,38.858,-98.813,0,1,0,0,1,1,0,3,1,1,0,1,0,0,19,13,19,18,19,31,0,0,0,1,0,0
20,200150,2,2,0,0,0,3,3,177,0,15,7,2015,4,14,14,1,1,3,1,3,SR-4,,3344,39.077,-95.614,0,12,2,0,1,1,0,2,1,1,0,1,0,0,14,19,14,27,14,47,0,0,0,1,0,2
20,200155,1,1,0,0,0,1,1,63,2130,21,7,2015,3,15,24,0,1,3,1,3,SR-23,,1514,38.971,-100.483,0,1,0,0,1,1,0,4,1,1,0,1,0,0,15,30,15,48,16,9,0,0,0,1,0,0
20,200156,1,1,0,0,0,1,1,103,0,21,7,2015,3,21,26,0,1,3,1,3,SR-5,,0,39.208,-94.863,0,34,0,0,1,1,0,4,2,1,0,1,0,0,21,34,21,43,88,88,0,0,0,1,1,1
20,200158,1,1,0,0,0,4,4,27,0,22,7,2015,4,10,16,1,1,3,1,2,US-24,,2723,39.38,-97.206,0,1,0,0,1,1,0,4,1,1,0,1,0,0,10,19,10,27,11,14,0,0,0,2,0,1
20,200165,2,2,0,0,0,2,2,17,0,28,7,2015,3,1,55,1,1,1,31,1,I-35,,1161,38.292,-96.356,0,12,1,0,1,1,0,1,2,1,0,1,0,0,3,23,7,10,88,88,26,0,0,1,0,1
20,200168,1,1,0,0,0,1,1,133,0,31,7,2015,6,5,15,0,1,3,1,3,SR-47,US-59,0,37.529,-95.27,0,1,0,0,3,3,0,1,2,1,0,1,0,0,5,23,5,29,88,88,0,0,0,1,0,2
20,200172,1,1,0,0,0,1,1,89,0,4,8,2015,3,14,10,1,1,3,1,2,US-36,,2181,39.784,-98.032,0,1,0,0,1,1,0,4,1,1,0,1,0,0,14,31,14,44,88,88,0,0,0,1,0,1
20,200175,2,2,0,0,0,3,3,179,2580,7,8,2015,6,7,30,0,1,3,1,3,SR-23,,1678,39.177,-100.443,0,12,2,0,1,1,0,1,1,5,0,5,0,0,7,28,7,53,8,15,0,0,0,1,1,0
20,200178,1,1,0,1,1,2,2,91,3080,11,8,2015,3,13,15,1,1,2,1,3,SR-10,,242,38.948,-94.893,0,8,0,0,1,1,0,1,1,1,0,1,0,0,13,16,13,24,13,59,0,0,0,1,0,2
20,200183,2,2,0,0,0,2,2,133,0,15,8,2015,7,12,30,1,1,3,1,2,US-169,,420,37.561,-95.471,0,12,2,0,1,1,0,1,1,1,0,1,0,0,12,35,12,41,88,88,0,0,0,1,0,0
20,200192,1,1,0,0,0,6,6,63,2140,4,8,2015,3,11,3,1,1,1,1,1,I-70,,940,39.111,-100.488,0,1,0,0,1,1,0,3,1,1,0,1,0,0,11,16,12,10,12,22,0,0,0,3,0,1
20,200193,1,1,0,0,0,1,1,23,520,10,8,2015,2,8,45,0,1,3,1,2,US-36,,287,39.757,-101.525,0,43,0,0,1,1,0,4,1,1,0,1,0,0,10,11,10,19,10,41,0,0,0,1,0,1
20,200194,1,1,0,0,0,2,2,179,0,10,8,2015,2,9,35,0,1,3,1,3,SR-23,,1718,39.227,-100.443,0,1,0,0,1,1,0,1,1,1,0,1,0,0,9,37,9,50,10,11,0,0,0,1,0,0
20,200197,1,1,0,0,0,2,2,21,0,22,8,2015,7,20,36,0,1,3,1,2,US-69,,0,37,-94.832,0,32,0,0,1,1,0,4,2,1,0,1,0,0,20,36,20,43,21,15,0,0,0,1,0,0
20,200198,2,2,0,0,0,3,3,209,2820,27,8,2015,5,22,29,1,2,3,1,2,US-69,FREEMAN COURT,0,39.122,-94.627,0,12,6,0,2,3,0,1,3,1,0,1,0,0,22,30,22,44,22,56,0,0,0,1,1,0
20,200199,2,2,0,0,0,2,2,83,2760,27,8,2015,5,21,45,0,1,3,1,3,SR-156,,612,38.093,-99.798,0,12,8,0,1,1,0,1,2,2,0,2,0,0,22,0,22,7,22,28,0,0,0,2,0,2
20,200203,3,3,0,0,0,3,3,155,0,2,9,2015,4,7,5,1,1,3,1,3,SR-14,,1048,38.075,-98.179,0,12,8,0,1,1,0,1,1,1,0,1,0,0,7,10,7,17,8,18,0,0,0,1,0,2
20,200204,1,1,0,0,0,1,1,91,3705,2,9,2015,4,1,25,1,2,2,1,2,US-69,,0,39.036,-94.669,0,42,0,0,1,1,0,4,2,1,0,1,0,0,1,37,1,42,88,88,0,0,0,1,0,0
20,200205,2,2,0,0,0,2,2,21,0,3,9,2015,5,15,17,0,1,3,1,3,SR-66,80TH STREET,0,37.075,-94.686,0,12,6,0,2,2,0,1,1,1,0,1,0,0,15,17,15,24,16,24,0,0,0,1,1,0
20,200206,2,2,0,0,0,2,2,69,0,4,9,2015,6,16,18,1,1,3,1,2,US-56,CR-21,0,37.641,-100.288,0,12,6,0,3,2,0,1,1,1,0,1,0,0,16,23,16,35,17,25,0,0,0,1,0,0
20,200208,1,1,0,0,0,2,2,103,0,4,9,2015,6,20,24,0,1,3,1,3,SR-32,,25,39.001,-95.142,0,1,0,0,1,1,0,4,2,1,0,1,0,0,20,29,20,31,20,42,0,0,0,1,1,2
20,200212,2,2,0,0,0,4,4,175,2890,6,9,2015,1,6,42,1,1,3,1,2,US-54,,215,37.189,-100.71,0,12,2,0,1,1,0,1,2,1,0,1,0,0,6,42,6,54,7,15,0,0,0,1,0,0
20,200216,2,2,0,0,0,3,3,99,0,9,9,2015,4,10,1,0,1,3,1,2,US-160,US-59,0,37.193,-95.268,0,12,6,0,2,3,0,1,1,1,0,1,0,0,10,2,10,10,10,47,0,0,0,1,0,0
20,200217,2,2,0,0,0,4,4,15,0,11,9,2015,6,15,50,1,1,3,1,2,US-54,100TH STREET,2435,37.679,-96.844,0,12,6,0,2,2,0,1,1,1,0,1,0,0,15,52,16,6,16,30,0,0,0,1,0,0
20,200218,1,1,0,0,0,1,1,5,0,12,9,2015,7,11,20,0,1,4,1,3,SR-7,,0,39.647,-95.138,0,31,0,0,1,1,0,4,1,1,0,1,0,0,11,27,11,36,88,88,0,0,0,1,0,2
20,200220,1,1,0,0,0,1,1,87,0,15,9,2015,3,21,17,1,1,3,1,2,US-24,,3890,39.055,-95.298,0,30,0,0,1,1,0,4,2,1,0,1,0,0,88,88,88,88,88,88,0,0,0,1,0,1
20,200221,1,1,0,0,0,2,2,157,0,16,9,2015,4,18,43,1,1,2,1,2,US-81,,2186,39.787,-97.652,0,1,0,0,1,1,0,1,1,1,0,1,0,0,18,44,18,50,18,59,0,0,0,1,0,0
20,200222,1,1,0,0,0,1,1,55,1950,17,9,2015,5,15,5,1,1,3,1,2,US-83,,750,38.047,-100.884,0,1,0,0,1,1,0,4,1,1,0,1,0,0,15,13,15,15,88,88,0,0,0,1,0,0
20,200225,1,1,0,0,0,1,1,43,468,22,9,2015,3,16,40,0,1,5,1,3,SR-20,,0,39.74,-95.175,0,1,0,0,1,1,0,1,1,1,0,1,0,0,16,45,17,4,88,88,0,0,0,1,1,2
20,200226,2,2,0,0,0,2,2,39,0,24,9,2015,5,1,57,1,1,3,1,2,US-83,,1989,39.639,-100.536,0,12,2,0,1,1,0,1,2,1,0,1,0,0,1,58,2,17,3,29,0,0,0,1,1,0
20,200227,1,1,0,0,0,1,1,149,0,24,9,2015,5,22,10,1,1,3,1,2,US-24,,3248,39.208,-96.417,0,1,0,0,1,1,0,4,2,1,0,1,0,0,22,19,22,35,88,88,0,0,0,1,0,1
20,200233,3,3,0,0,0,4,4,177,5400,5,9,2015,7,15,30,1,2,2,1,2,US-24,,3656,39.091,-95.71,0,12,2,0,1,1,0,1,1,1,0,1,0,0,15,44,15,54,16,23,0,0,0,1,0,1
20,200235,1,1,0,0,0,3,3,41,0,5,9,2015,7,21,20,1,1,3,1,2,US-56,,3250,38.642,-96.948,0,34,0,0,1,1,0,4,2,1,0,1,0,0,21,26,21,36,22,5,0,0,0,1,1,0