STATE,ST_CASE,VE_TOTAL,VE_FORMS,PVH_INVL,PEDS,PERNOTMVIT,PERMVIT,PERSONS,COUNTY,CITY,DAY,MONTH,YEAR,DAY_WEEK,HOUR,MINUTE,NHS,RUR_URB,FUNC_SYS,RD_OWNER,ROUTE,TWAY_ID,TWAY_ID2,MILEPT,LATITUDE,LONGITUD,SP_JUR,HARM_EV,MAN_COLL,RELJCT1,RELJCT2,TYP_INT,WRK_ZONE,REL_ROAD,LGT_COND,WEATHER1,WEATHER2,WEATHER,SCH_BUS,RAIL,NOT_HOUR,NOT_MIN,ARR_HOUR,ARR_MIN,HOSP_HR,HOSP_MN,CF1,CF2,CF3,FATALS,DRUNK_DR,RANK
20,200237,1,1,0,0,0,3,3,87,0,26,9,2015,7,5,5,1,1,2,1,2,US-59,SR-4,0,39.413,-95.323,0,1,0,0,3,3,0,4,2,1,0,1,0,0,5,10,5,27,99,99,0,0,0,2,1,0
20,200238,2,1,1,0,0,1,1,95,0,27,9,2015,1,7,30,1,1,2,1,2,US-54,,1550,37.638,-98.43,0,14,0,1,5,1,0,2,1,1,0,1,0,0,7,34,7,45,88,88,20,0,0,1,0,0
20,200239,1,1,0,0,0,1,1,131,0,9,9,2015,4,23,15,1,1,3,1,2,US-36,,3300,39.841,-95.949,0,35,0,0,1,1,0,4,2,1,0,1,0,0,88,88,88,88,88,88,0,0,0,1,1,1
20,200240,1,1,0,0,0,1,1,177,5400,28,9,2015,2,2,24,1,2,1,1,1,I-70,,3610,39.058,-95.675,0,23,0,1,19,1,0,4,2,1,0,1,0,0,2,23,2,32,2,53,0,0,0,1,0,0
20,200241,2,2,0,0,0,2,2,85,0,2,10,2015,6,8,5,1,1,2,1,2,US-75,134TH,1754,39.289,-95.719,0,12,6,0,16,1,0,1,1,1,0,1,0,0,8,9,8,20,88,88,0,0,0,1,0,0
20,200242,1,1,0,0,0,2,2,91,1480,7,10,2015,4,20,20,1,1,1,1,1,I-35,,2046,38.756,-94.972,0,1,0,0,1,1,0,3,2,1,0,1,0,0,20,30,20,39,88,88,0,0,0,2,1,1
20,200243,2,2,0,0,0,2,2,61,0,8,10,2015,5,3,35,1,1,3,1,2,US-77,,1683,39.209,-96.932,0,12,6,0,1,1,0,1,2,1,0,1,0,0,3,52,99,99,88,88,0,0,0,1,0,0
20,200245,3,3,0,0,0,4,4,151,0,8,10,2015,5,13,30,1,1,2,1,2,US-54,,1454,37.637,-98.867,0,12,1,0,1,1,1,1,1,1,0,1,0,0,13,32,13,41,13,55,0,0,0,1,0,0
20,200249,1,1,0,0,0,5,5,55,0,13,10,2015,3,14,24,1,1,2,1,2,US-50,,652,37.964,-100.852,0,1,0,0,1,1,0,4,1,1,0,1,0,0,14,28,14,35,14,53,0,0,0,2,0,2
20,200253,1,1,0,0,0,1,1,45,0,19,10,2015,2,0,30,0,1,3,1,2,US-24,,0,39.029,-95.241,0,34,0,0,1,1,0,4,2,1,0,1,0,0,0,39,0,50,1,33,0,0,0,1,1,1
20,200254,2,2,0,0,0,2,2,209,2820,19,10,2015,2,17,23,1,2,3,1,3,SR-32,S 78TH STREET,257,39.073,-94.758,0,12,1,0,3,3,0,1,1,1,0,1,0,0,17,23,17,31,88,88,0,0,0,1,0,2
20,200258,2,2,0,0,0,2,2,207,0,30,10,2015,6,17,5,1,1,3,1,2,US-54,,3131,37.879,-95.768,0,12,2,0,1,1,0,1,1,2,0,2,0,0,17,7,17,13,88,88,0,0,0,1,0,0
20,200261,2,2,0,0,0,2,2,21,0,21,9,2015,2,19,56,0,1,3,1,3,SR-66,,0,37.075,-94.662,0,12,2,0,4,1,0,1,2,1,0,1,0,0,20,5,20,8,20,29,0,0,0,1,0,0
20,200265,1,1,0,0,0,1,1,87,0,12,10,2015,2,4,25,0,1,3,1,2,US-69,,1721,39.136,-95.328,0,42,0,0,1,1,0,4,3,1,0,1,0,0,4,33,4,42,5,26,0,0,0,1,0,0
20,200268,2,2,0,0,0,3,3,127,1180,25,10,2015,1,16,2,0,1,3,1,3,SR-177,,781,38.816,-96.501,0,12,2,0,1,1,0,1,1,1,0,1,0,0,16,19,16,29,17,43,0,0,0,1,0,2
20,200272,2,2,0,0,0,2,2,99,0,3,11,2015,3,7,45,0,1,3,1,2,US-59,PRATT RD,209,37.194,-95.25,0,12,6,0,2,2,0,1,1,5,0,5,0,0,7,52,8,1,8,25,19,0,0,1,0,0
20,200278,2,2,0,0,0,6,6,113,3430,7,11,2015,7,22,44,1,1,3,1,2,US-56,ARCADIAN CT,0,38.369,-97.649,0,12,1,0,3,2,0,1,3,1,0,1,0,0,22,47,22,53,23,25,0,0,0,1,2,0
20,200282,2,2,0,0,0,2,2,175,3160,10,11,2015,3,18,14,1,1,3,1,2,US-54,,180,37.149,-100.749,0,12,2,0,1,1,0,1,2,1,0,1,0,0,99,99,99,99,88,88,0,0,0,1,0,0
20,200284,2,2,0,0,0,2,2,167,0,10,11,2015,3,19,13,0,1,3,1,2,US-281,,1393,38.819,-98.855,0,12,2,0,1,1,0,1,2,1,0,1,0,0,19,14,19,19,19,51,0,0,0,1,0,0
20,200285,2,2,0,0,0,2,2,53,0,14,11,2015,7,15,55,1,1,3,1,3,SR-156,6TH RD,1524,38.609,-98.387,0,12,6,0,2,2,0,1,1,1,0,1,0,0,15,59,16,10,17,22,0,0,0,1,0,2
20,200287,1,1,0,0,0,1,1,117,3560,16,11,2015,2,19,29,1,1,3,1,2,US-36,,0,39.842,-96.651,0,43,0,0,1,1,0,4,3,1,0,1,0,0,19,30,19,33,19,55,0,0,0,1,0,1
20,200292,1,1,0,0,0,1,1,209,2820,22,11,2015,1,2,50,1,2,1,31,1,I-70,,4197,39.092,-94.636,0,59,0,0,1,1,0,4,3,1,0,1,0,0,3,0,3,12,3,26,0,0,0,1,0,0
20,200296,1,1,0,0,0,3,3,83,2290,26,11,2015,5,13,55,0,1,3,1,3,SR-156,,630,38.094,-99.76,0,1,0,0,1,1,0,4,1,12,0,12,0,0,14,8,14,43,14,53,0,0,0,1,0,2
20,200297,2,2,0,0,0,9,9,55,2498,26,11,2015,5,16,35,1,1,2,1,2,US-50,,607,38.003,-100.98,0,1,0,0,1,1,0,3,1,12,0,12,0,0,16,36,18,40,18,55,14,0,0,1,0,2
20,200300,2,2,0,0,0,6,6,15,0,27,11,2015,6,16,55,1,2,1,1,1,I-35,,558,37.712,-97.13,0,24,0,0,1,1,0,4,2,1,0,1,0,0,17,0,17,14,18,9,0,0,0,2,0,1
20,200302,1,1,0,0,0,12,12,121,3320,28,11,2015,7,15,24,1,1,2,1,2,US-69,,1080,38.434,-94.687,0,1,0,0,1,1,0,3,1,2,0,2,0,0,15,26,15,44,16,25,0,0,0,1,0,0
20,200304,1,1,0,1,1,1,1,103,5390,17,11,2015,3,21,41,1,1,1,1,1,I-70,,2098,39.025,-95.128,0,8,0,0,1,1,0,3,2,1,0,1,0,0,21,44,21,57,88,88,19,23,0,1,0,0
20,200307,1,1,0,0,0,2,2,205,0,21,11,2015,7,22,5,0,1,3,1,3,SR-39,,230,37.689,-95.578,0,32,0,0,1,1,0,4,2,1,0,1,0,0,21,56,22,17,23,48,0,0,0,1,1,2
20,200309,3,3,0,0,0,3,3,1,0,1,12,2015,3,10,12,1,1,3,1,2,US-169,OREGON RD,710,37.951,-95.381,0,12,6,0,2,2,0,1,1,1,0,1,0,0,10,17,10,24,10,49,0,0,0,1,0,0
20,200312,1,1,0,0,0,5,5,197,0,3,12,2015,5,16,22,1,1,1,1,1,I-70,,3429,39.059,-96.004,0,1,0,1,19,1,0,4,1,1,0,1,0,0,16,31,16,48,17,21,0,0,0,1,0,0
20,200317,1,1,0,0,0,1,1,17,3570,11,12,2015,6,8,25,1,1,1,31,1,I-35,,1008,38.149,-96.497,0,1,0,0,1,1,0,4,1,1,0,1,0,0,8,28,8,56,99,99,0,0,0,1,0,1
20,200318,2,2,0,0,0,3,3,103,0,11,12,2015,6,16,42,0,1,5,1,3,SR-5,,0,39.249,-94.975,0,12,6,0,1,1,0,1,5,1,0,1,0,0,16,44,16,49,17,44,0,0,0,1,0,1
20,200319,2,2,0,0,0,3,3,69,2680,13,12,2015,1,16,16,1,1,3,1,2,US-50,,860,37.87,-100.602,0,12,6,0,1,1,0,1,5,11,10,11,0,0,16,16,16,43,17,16,0,0,0,1,0,2
20,200320,2,2,0,0,0,5,5,145,0,13,12,2015,1,17,27,1,1,3,1,2,US-56,,1900,38.254,-99.002,0,12,6,0,1,1,0,1,2,2,0,2,0,0,17,29,17,41,17,58,0,0,0,1,1,0
20,200322,3,3,0,0,0,4,4,151,4570,17,12,2015,5,7,0,1,1,3,1,3,SR-61,,130,37.766,-98.54,0,12,8,0,1,1,0,1,3,10,0,10,0,0,7,13,7,23,88,88,0,0,0,2,0,2
20,200323,1,1,0,0,0,1,1,61,2790,20,12,2015,1,22,35,1,1,3,1,2,US-77,,1496,38.95,-96.859,0,24,0,0,1,1,0,4,2,1,0,1,0,0,22,35,22,42,88,88,0,0,0,1,0,0
20,200325,2,2,0,0,0,2,2,81,5260,22,12,2015,3,1,29,1,1,3,1,2,US-83,170 RD,377,37.504,-100.871,0,12,6,0,2,2,0,1,2,1,0,1,0,0,1,30,1,42,88,88,0,0,0,1,1,0
20,200326,2,2,0,0,0,3,3,161,3490,22,12,2015,3,14,25,1,1,3,1,2,US-24,SR-13,3113,39.247,-96.605,0,12,6,0,2,2,0,1,1,1,0,1,0,0,14,39,14,46,15,15,0,0,0,1,0,1
20,200327,2,2,0,0,0,7,7,57,538,23,12,2015,4,18,2,1,1,3,1,2,US-54,,730,37.486,-99.891,0,12,2,0,1,1,0,1,2,1,0,1,0,0,18,4,18,25,19,21,0,0,0,3,0,0
20,200328,2,2,0,0,0,2,2,173,5880,23,12,2015,4,15,55,1,2,2,1,2,US-54,,0,37.678,-97.348,0,12,1,0,1,1,0,1,1,1,0,1,0,0,15,55,16,2,16,16,0,0,0,1,1,0
20,200329,1,1,0,0,0,1,1,113,0,26,12,2015,7,16,35,0,1,3,1,2,US-56,,0,38.377,-97.381,0,42,0,0,1,1,0,4,1,3,12,3,0,0,16,45,16,50,18,5,0,0,0,1,0,0
21,210003,2,2,0,0,0,3,3,113,2410,1,1,2015,5,20,8,1,2,3,1,2,US-27,,136,37.942,-84.546,0,12,1,0,1,1,0,1,2,10,0,10,0,0,20,10,20,17,88,88,0,0,0,1,1,0
21,210004,1,1,0,0,0,1,1,229,0,2,1,2015,6,0,8,0,1,5,1,3,SR-55,,93,37.751,-85.256,0,42,0,0,1,1,0,4,2,1,0,1,0,0,0,12,0,20,88,88,0,0,0,1,0,2
21,210007,2,2,0,0,0,1,1,111,2090,4,1,2015,1,21,10,1,2,1,1,1,I-65,,1290,38.169,-85.721,0,12,1,0,1,1,0,1,3,10,0,10,0,0,99,99,99,99,88,88,0,0,0,1,0,1
21,210008,2,2,0,0,0,2,2,231,2260,5,1,2015,2,17,27,0,1,5,1,3,SR-90,,114,36.847,-84.861,0,12,2,0,1,1,0,1,1,10,0,10,0,0,17,27,17,28,88,88,0,0,0,2,0,2
21,210009,1,1,0,0,0,1,1,43,0,6,1,2015,3,6,22,0,1,5,1,2,US-60,,27,38.295,-83.283,0,35,0,0,1,1,0,4,1,10,0,10,0,0,6,22,6,34,88,88,0,0,0,1,0,0
21,210013,2,2,0,0,0,2,2,115,3340,8,1,2015,5,5,23,0,1,4,1,3,SR-3,,11,37.75,-82.703,0,12,6,0,1,1,0,1,2,1,0,1,0,0,99,99,99,99,99,99,0,0,0,1,0,2
21,210014,2,2,0,0,0,2,2,25,2362,2,1,2015,6,16,28,1,1,3,1,3,SR-15,,34,37.43,-83.303,0,12,2,0,1,1,0,1,1,10,0,10,0,0,99,99,99,99,99,99,0,0,0,1,0,0
21,210015,1,1,0,0,0,1,1,7,0,3,1,2015,7,14,46,1,1,3,1,2,US-60,,29,37.004,-89.061,0,42,0,0,1,1,0,4,1,2,5,2,0,0,14,42,14,52,15,44,0,0,0,1,0,0
21,210016,2,2,0,0,0,5,5,173,0,9,1,2015,6,1,7,1,1,1,1,1,I-64,,1070,38.072,-83.997,0,12,1,0,1,1,0,1,2,10,0,10,0,0,1,7,1,19,88,88,0,0,0,1,0,1
21,210017,1,1,0,0,0,1,1,215,0,11,1,2015,1,3,58,0,1,4,1,3,SR-55,,128,38.113,-85.346,0,42,0,0,1,1,0,4,2,1,0,1,0,0,4,5,4,15,88,88,0,0,0,1,1,2
21,210018,1,1,0,0,0,3,3,205,0,11,1,2015,1,7,20,0,1,5,1,3,SR-32,,127,38.185,-83.338,0,35,0,0,1,1,0,4,4,1,0,1,0,0,7,27,7,36,8,3,0,0,0,1,0,2
21,210019,1,1,0,1,1,1,1,67,1980,3,1,2015,7,17,57,1,2,2,1,2,US-60,,96,38.042,-84.464,0,8,0,0,1,1,0,1,3,10,0,10,0,0,17,58,18,1,18,24,0,0,0,1,0,0
21,210021,2,2,0,0,0,4,4,67,1980,14,1,2015,4,15,15,1,2,3,1,2,US-60,,63,38.049,-84.535,0,12,2,0,1,1,0,1,1,1,0,1,0,0,15,15,15,30,15,36,0,0,0,2,0,0
21,210022,1,1,0,0,0,3,3,111,2090,6,1,2015,3,10,35,1,2,3,1,2,US-31W,,193,38.245,-85.787,0,42,0,0,1,1,0,4,1,1,0,1,0,0,99,99,99,99,99,99,0,0,0,1,0,1
21,210026,1,1,0,0,0,1,1,107,2450,15,1,2015,5,14,52,0,1,5,1,2,US-62,,129,37.194,-87.491,0,42,0,0,1,1,0,4,1,10,0,10,0,0,16,18,16,49,88,88,0,0,0,1,0,0
21,210027,2,2,0,0,0,5,5,111,2090,18,1,2015,1,4,5,1,2,2,1,2,US-31W,,116,38.143,-85.84,0,12,6,0,8,1,0,1,2,10,0,10,0,0,4,5,4,7,99,99,0,0,0,1,2,1
21,210029,3,3,0,0,0,5,5,145,0,20,1,2015,3,12,7,1,1,3,1,2,US-60,,10,37.072,-88.852,0,12,8,0,1,1,0,1,1,1,0,1,0,0,12,9,12,22,12,53,0,0,0,1,0,0
21,210031,1,1,0,0,0,1,1,103,0,20,1,2015,3,17,20,0,1,5,1,3,SR-55,,66,38.559,-85.195,0,42,0,0,1,1,0,4,5,1,0,1,0,0,17,21,17,32,88,88,0,0,0,1,0,2
21,210035,1,1,0,0,0,1,1,211,0,23,1,2015,6,16,31,1,1,1,1,1,I-64,,365,38.183,-85.187,0,35,0,0,1,1,0,3,1,3,0,3,0,0,16,34,16,40,88,88,0,0,0,1,0,1
21,210036,1,1,0,0,0,3,3,197,0,23,1,2015,6,9,0,0,1,4,1,3,SR-11,,214,37.871,-83.931,0,35,0,0,1,1,0,4,9,4,0,4,0,0,23,40,23,48,0,15,1,0,0,1,1,2
21,210037,2,2,0,0,0,4,4,59,0,24,1,2015,7,19,54,0,1,4,1,2,US-60,,52,37.811,-87.239,0,12,2,0,1,1,0,1,2,1,0,1,0,0,19,58,20,5,20,40,0,0,0,2,1,0
21,210040,1,1,0,0,0,2,2,191,0,26,1,2015,2,13,6,0,1,5,1,2,US-27,,35,38.623,-84.307,0,1,0,0,1,1,0,4,1,10,0,10,0,0,13,10,13,17,99,99,0,0,0,1,0,0
21,210041,2,2,0,0,0,2,2,135,0,26,1,2015,2,9,0,1,1,3,1,3,SR-9,,1,38.501,-83.18,0,12,2,0,1,1,0,1,1,10,0,10,0,0,9,38,9,51,10,19,0,0,0,1,0,2
21,210043,1,1,0,0,0,4,4,33,0,26,1,2015,2,19,48,0,1,5,1,2,US-62,,102,37.124,-87.833,0,52,0,0,1,1,0,4,2,10,0,10,0,0,19,51,20,2,20,26,0,0,0,2,1,0
21,210044,1,1,0,0,0,2,2,141,0,23,1,2015,6,17,40,0,1,6,1,3,SR-107,,30,37.011,-87.005,0,42,0,0,1,1,0,4,2,4,0,4,0,0,17,41,18,8,18,53,0,0,0,1,0,2
21,210046,2,2,0,0,0,3,3,191,0,29,1,2015,5,11,56,0,1,5,1,2,US-27,,88,38.687,-84.352,0,12,2,0,1,1,0,1,1,10,0,10,0,0,11,59,12,0,99,99,0,0,0,1,0,0
21,210047,3,3,0,0,0,5,5,217,0,21,1,2015,4,15,2,1,1,5,1,3,SR-55,,42,37.259,-85.364,0,12,1,0,1,1,1,1,1,1,0,1,0,0,15,3,15,11,99,99,3,0,0,1,0,2
21,210051,2,2,0,0,0,2,2,23,0,31,1,2015,7,7,30,0,1,5,1,3,SR-8,,101,38.766,-84.061,0,12,2,0,1,1,0,1,4,1,0,1,0,0,7,30,7,41,99,99,0,0,0,1,0,2
21,210054,1,1,0,0,0,1,1,179,0,1,1,2015,5,0,44,0,1,6,1,3,SR-247,,115,37.706,-85.529,0,32,0,0,1,1,0,4,6,1,0,1,0,0,0,45,0,55,88,88,0,0,0,1,1,1
21,210056,2,2,0,0,0,2,2,37,3560,12,1,2015,2,12,54,1,1,4,1,3,SR-9,GLORIA TERRELL DRIVE,165,39.01,-84.469,0,12,6,0,2,2,0,1,1,10,0,10,0,0,12,55,12,55,13,38,0,0,0,1,0,2
21,210057,2,2,0,0,0,2,2,155,1910,15,1,2015,5,11,58,0,2,4,1,3,SR-49,DEPOT ST. NORTH,176,37.571,-85.259,0,12,6,0,2,2,0,1,1,7,0,7,0,0,11,58,11,59,12,0,0,0,0,1,0,1
21,210060,2,2,0,0,0,2,2,207,2810,19,1,2015,2,8,55,0,1,5,1,3,SR-80,ROY DRIVE,43,37.068,-85.065,0,12,2,0,2,3,0,1,1,1,0,1,0,0,8,55,8,56,99,99,0,0,0,1,0,2
21,210061,2,2,0,0,0,3,3,179,343,23,1,2015,6,12,57,0,1,5,1,2,US-62,,21,37.785,-85.675,0,12,2,0,1,1,0,1,1,4,0,4,0,0,13,0,13,14,14,14,0,0,0,1,0,0
21,210062,1,1,0,1,1,1,1,205,2270,30,1,2015,6,20,5,0,2,4,1,2,US-60,,89,38.192,-83.42,0,8,0,0,1,1,0,1,2,1,0,1,0,0,20,7,20,10,88,88,0,0,0,1,0,0
21,210063,1,1,0,0,0,1,1,7,0,21,1,2015,4,19,7,0,1,3,1,2,US-60,,144,37.079,-88.909,0,42,0,0,1,1,0,5,2,10,0,10,0,0,19,7,19,14,88,88,0,0,0,1,0,0
21,210064,2,2,0,0,0,7,7,99,0,1,2,2015,1,13,25,0,1,5,1,2,US-31W,,71,37.228,-85.888,0,12,6,0,1,1,0,1,1,2,0,2,0,0,99,99,99,99,99,99,0,0,0,1,0,1
21,210066,1,1,0,0,0,2,2,145,2520,1,2,2015,1,1,48,1,1,2,1,2,US-45,I-24 RAMP,81,37.053,-88.649,0,25,0,1,5,1,0,3,3,1,0,1,0,0,1,51,1,59,2,11,0,0,0,1,1,0
21,210069,4,4,0,0,0,6,6,67,1980,8,2,2015,1,20,40,1,1,1,1,1,I-75,,991,37.899,-84.356,0,24,0,0,1,1,0,4,2,10,0,10,0,0,20,42,20,59,21,32,14,0,0,1,0,2
21,210070,5,5,0,0,0,5,5,111,2090,9,2,2015,2,7,30,1,1,2,1,2,US-31W,,20,38.024,-85.917,0,18,0,0,1,1,0,1,1,10,0,10,0,0,7,30,7,45,8,30,0,0,0,1,0,1
21,210072,2,1,1,1,2,1,2,15,1150,6,2,2015,6,0,30,0,1,3,1,2,US-25,,102,38.994,-84.625,0,8,0,0,1,1,3,1,2,1,0,1,0,0,0,30,0,34,1,40,0,0,0,1,1,0
21,210076,3,3,0,0,0,5,5,67,1980,9,2,2015,2,15,56,1,1,2,1,2,US-60,,10,38.041,-84.632,0,12,7,0,1,1,0,1,1,10,0,10,0,0,15,56,16,3,16,40,0,0,0,1,0,0
21,210081,2,2,0,0,0,2,2,117,813,18,2,2015,4,11,24,1,1,1,1,1,I-75,BUTTERMILK PIKE RAMP,99999,39.044,-84.58,0,12,1,1,17,1,0,1,1,4,0,4,0,0,11,25,11,30,11,59,0,0,0,1,1,2
21,210082,2,2,0,0,0,3,3,229,0,18,2,2015,4,17,5,0,1,3,1,2,US-150,,91,37.695,-85.206,0,12,2,0,1,1,0,1,5,11,0,11,0,0,17,7,17,12,17,34,0,0,0,1,1,0
21,210083,2,2,0,0,0,3,3,157,0,20,2,2015,6,16,23,0,1,3,1,2,US-68,,4,36.977,-88.477,0,12,2,0,1,1,0,1,1,1,0,1,0,0,16,24,16,38,17,6,0,0,0,1,1,0
21,210084,3,3,0,0,0,5,5,111,2090,22,2,2015,1,13,14,1,2,3,1,2,US-31W,,11,38.013,-85.927,0,12,6,0,1,1,0,1,1,10,0,10,0,0,99,99,99,99,99,99,0,0,0,1,0,1
21,210085,2,2,0,0,0,2,2,137,0,21,2,2015,7,10,32,0,1,5,1,3,SR-78,,91,37.509,-84.714,0,12,2,0,1,1,0,1,1,2,0,2,0,0,99,99,99,99,99,99,0,0,0,1,0,1
21,210087,3,3,0,0,0,4,4,199,0,27,2,2015,6,11,28,1,1,5,1,3,SR-80,,321,37.157,-84.418,0,12,8,0,1,1,0,2,1,10,0,10,0,0,11,33,11,46,12,33,0,0,0,1,0,2
21,210089,2,2,0,0,0,2,2,37,250,3,2,2015,3,18,2,0,2,4,1,3,SR-8,BERRY AVE,16,39.104,-84.486,0,12,6,0,2,2,0,1,1,1,0,1,0,0,18,3,18,7,19,20,20,0,0,1,1,2
21,210090,1,1,0,0,0,1,1,69,0,12,2,2015,5,16,5,0,1,5,1,3,SR-111,,102,38.356,-83.67,0,38,0,0,1,1,0,5,1,10,0,10,0,0,16,14,16,23,88,88,0,0,0,1,0,1
21,210092,1,1,0,0,0,1,1,203,0,14,2,2015,7,20,56,0,1,4,1,2,US-150,,96,37.351,-84.35,0,42,0,0,1,1,0,4,2,10,0,10,0,0,20,59,21,4,22,5,0,0,0,1,0,0
21,210093,1,1,0,1,1,2,2,29,0,14,2,2015,7,19,49,1,2,1,1,1,I-65,,1211,38.058,-85.699,0,8,0,0,1,1,0,1,2,10,0,10,0,0,19,50,20,0,20,21,0,0,0,1,0,1
21,210095,1,1,0,0,0,1,1,9,0,17,1,2015,7,14,37,0,1,3,1,2,US-31E,NARROWS RD,41,36.886,-86.022,0,1,0,0,3,3,0,4,1,1,0,1,0,0,14,38,14,53,15,16,0,0,0,1,0,0
21,210096,1,1,0,0,0,1,1,29,0,5,2,2015,5,17,22,0,1,5,1,3,SR-44,,44,38.006,-85.835,0,1,0,0,1,1,0,4,1,1,0,1,0,0,17,23,17,32,18,10,0,0,0,1,0,2
21,210100,4,4,0,0,0,7,7,185,0,7,3,2015,7,1,13,1,2,1,1,1,I-71,,176,38.37,-85.441,0,12,1,0,1,1,0,1,2,1,0,1,0,0,1,17,1,23,2,30,19,0,0,1,0,1
21,210101,2,2,0,0,0,3,3,15,0,7,3,2015,7,11,39,1,1,1,1,1,I-275,,136,39.103,-84.825,0,12,1,0,1,1,0,1,1,1,0,1,0,0,11,42,11,54,88,88,0,0,0,2,0,2
21,210102,1,1,0,0,0,1,1,195,0,8,3,2015,1,10,29,0,1,7,1,3,SR-195,,99999,37.329,-82.443,0,42,0,0,1,1,0,4,1,1,0,1,0,0,10,31,11,0,88,88,0,0,0,1,0,1
21,210105,1,1,0,0,0,1,1,115,3025,9,3,2015,2,21,26,0,1,5,1,3,SR-201,,76,37.932,-82.831,0,30,0,0,1,1,0,4,2,10,0,10,0,0,21,30,21,44,22,15,0,0,0,1,0,2
21,210107,3,3,0,0,0,5,5,79,0,11,3,2015,4,7,37,0,1,3,1,2,US-27,SR-1845,154,37.75,-84.62,0,12,6,0,2,3,0,1,2,5,0,5,0,0,7,18,7,22,7,50,0,0,0,1,0,0
21,210108,2,2,0,0,0,2,2,111,2090,11,3,2015,4,16,1,0,2,3,1,2,US-31W,DRIVEWAY ACCESS SHOPPING CENTE,79,38.098,-85.873,0,12,6,0,8,1,0,1,1,1,0,1,0,0,16,1,16,8,16,35,0,0,0,1,0,1
21,210112,2,2,0,0,0,2,2,73,1220,9,3,2015,2,15,43,0,2,3,1,2,US-60,COUNTRY LANE,119,38.191,-84.824,0,12,6,0,2,2,0,1,1,10,0,10,0,0,88,88,88,88,88,88,0,0,0,1,0,0
21,210115,2,2,0,0,0,2,2,117,1050,15,3,2015,1,7,20,1,2,1,1,1,I-275,,832,39.032,-84.59,0,12,1,0,1,1,0,1,4,1,0,1,0,0,7,23,7,31,7,43,0,0,0,1,0,1
21,210117,1,1,0,0,0,2,2,163,360,16,3,2015,2,17,59,0,1,4,1,3,SR-144,,280,37.89,-86.109,0,53,0,0,1,1,0,4,1,1,0,1,0,0,18,1,18,6,99,99,0,0,0,1,0,2
21,210121,3,3,0,0,0,3,3,35,0,15,3,2015,1,12,55,0,1,4,1,3,SR-299,SR-80,38,36.652,-88.396,0,12,6,0,2,2,0,1,1,1,0,1,0,0,13,1,13,8,13,35,0,0,0,1,0,0
21,210124,4,4,0,0,0,4,4,145,2520,16,3,2015,2,14,47,1,2,3,1,2,US-60,,147,37.069,-88.604,0,12,6,0,1,1,0,1,1,1,0,1,0,0,14,49,14,55,15,15,0,0,0,1,0,0
21,210125,4,4,0,0,0,6,6,93,2724,18,3,2015,4,10,44,1,2,2,1,2,US-31W,LINCOLN TRAIL BLVD EAST,277,37.84,-85.938,0,12,6,0,2,2,0,1,1,1,0,1,0,0,10,45,10,53,11,49,0,0,0,1,0,1
21,210128,2,2,0,0,0,3,3,221,0,18,3,2015,4,16,4,0,1,2,1,2,US-68,I-24 RAMP,244,36.883,-87.734,0,12,6,1,5,1,0,1,1,1,0,1,0,0,16,7,16,12,16,38,0,0,0,1,0,0
21,210134,1,1,0,0,0,2,2,43,1330,13,3,2015,6,3,26,0,1,5,1,2,US-60,,99998,38.333,-82.96,0,31,0,0,1,1,0,5,3,10,0,10,0,0,3,29,3,34,4,11,0,0,0,1,0,0
21,210135,2,2,0,0,0,3,3,11,0,26,3,2015,5,19,23,0,1,5,1,3,SR-36,,114,38.153,-83.762,0,12,2,0,1,1,0,1,2,2,0,2,0,0,19,22,19,39,20,8,0,0,0,2,1,1
21,210136,2,2,0,0,0,4,4,95,1943,31,3,2015,3,17,49,0,1,5,1,3,SR-38,,128,36.897,-83.139,0,12,6,0,1,1,0,1,1,1,0,1,0,0,17,56,18,13,88,88,0,0,0,1,0,2
21,210138,1,1,0,1,1,3,3,111,2090,22,3,2015,1,15,26,0,2,7,4,6,RIVER RD,,1,38.259,-85.745,0,9,0,0,1,1,1,1,1,1,0,1,0,0,15,26,15,28,15,50,0,0,0,1,0,0
21,210140,1,1,0,1,1,1,1,111,2090,26,3,2015,5,21,51,1,2,2,1,2,US-31E,,99,38.191,-85.646,0,8,0,0,1,1,0,1,2,10,0,10,0,0,21,52,21,54,22,20,0,0,0,1,0,0
21,210144,1,1,0,0,0,1,1,87,0,14,1,2015,4,3,40,0,1,5,1,2,US-68,,47,37.163,-85.535,0,30,0,0,1,1,0,4,2,11,0,11,0,0,3,46,4,0,88,88,0,0,0,1,0,0
21,210145,2,2,0,0,0,2,2,87,0,21,1,2015,4,16,52,0,1,4,1,3,SR-61,,81,37.238,-85.499,0,12,6,0,1,1,0,1,1,1,0,1,0,0,16,55,17,0,17,48,0,0,0,1,0,2
21,210146,2,2,0,0,0,2,2,85,0,24,3,2015,3,12,9,0,1,5,1,3,SR-54,RAY PRIDDY RD,155,37.483,-86.346,0,12,6,0,2,2,0,1,1,1,0,1,0,0,12,9,12,17,12,37,0,0,0,1,0,2
21,210151,2,2,0,0,0,6,6,1,740,28,3,2015,7,12,32,0,1,4,1,3,SR-80,SR-55 BYPASS,117,37.089,-85.32,0,12,6,0,2,2,0,1,1,1,0,1,0,0,12,34,12,38,12,56,0,0,0,3,0,2