STATE,ST_CASE,VE_TOTAL,VE_FORMS,PVH_INVL,PEDS,PERNOTMVIT,PERMVIT,PERSONS,COUNTY,CITY,DAY,MONTH,YEAR,DAY_WEEK,HOUR,MINUTE,NHS,RUR_URB,FUNC_SYS,RD_OWNER,ROUTE,TWAY_ID,TWAY_ID2,MILEPT,LATITUDE,LONGITUD,SP_JUR,HARM_EV,MAN_COLL,RELJCT1,RELJCT2,TYP_INT,WRK_ZONE,REL_ROAD,LGT_COND,WEATHER1,WEATHER2,WEATHER,SCH_BUS,RAIL,NOT_HOUR,NOT_MIN,ARR_HOUR,ARR_MIN,HOSP_HR,HOSP_MN,CF1,CF2,CF3,FATALS,DRUNK_DR,RANK
21,210582,1,1,0,1,1,1,1,113,2410,5,11,2015,5,19,9,0,1,5,1,3,SR-39,,93,37.88,-84.573,0,8,0,0,1,1,0,1,2,1,0,1,0,0,19,11,19,11,19,33,0,0,0,1,0,2
21,210586,1,1,0,0,0,1,1,41,0,12,11,2015,5,6,40,0,1,5,1,3,SR-36,,23,38.736,-85.289,0,32,0,0,1,1,0,4,4,1,0,1,0,0,6,48,6,58,88,88,0,0,0,1,0,1
21,210588,4,4,0,0,0,5,5,35,0,12,11,2015,5,16,29,0,1,5,1,3,SR-94,,133,36.627,-88.256,0,12,2,0,1,1,0,1,5,1,0,1,0,0,16,34,16,40,17,1,0,0,0,1,0,2
21,210593,1,1,0,0,0,1,1,19,0,16,11,2015,2,8,10,0,1,5,1,3,SR-5,,66,38.447,-82.713,0,53,0,0,1,1,0,5,1,1,0,1,0,0,8,16,8,33,88,88,0,0,0,1,1,1
21,210594,2,2,0,0,0,2,2,111,2090,15,11,2015,1,13,15,1,2,3,1,3,SR-155,SR-913,82,38.187,-85.548,0,12,6,0,2,3,0,1,1,1,0,1,0,0,13,15,13,16,13,59,0,0,0,1,0,1
21,210595,2,2,0,0,0,3,3,15,0,8,11,2015,1,11,45,1,1,5,1,3,SR-18,BOONE AIRE RD,140,39.009,-84.664,0,12,6,0,2,3,0,1,1,1,0,1,0,0,11,45,11,48,11,59,0,0,0,1,0,2
21,210596,4,4,0,0,0,4,4,111,2694,18,11,2015,4,14,23,0,1,3,1,2,US-42,,94,38.33,-85.623,0,12,6,0,1,1,1,1,1,2,0,2,0,0,14,24,14,30,15,3,0,0,0,1,1,0
21,210598,2,2,0,0,0,2,2,135,0,20,11,2015,6,12,0,1,1,3,1,3,SR-9,,163,38.586,-83.401,0,12,1,0,1,1,0,1,1,1,0,1,0,0,12,8,12,51,13,41,0,0,0,1,1,2
21,210602,2,2,0,0,0,2,2,151,2750,27,11,2015,6,12,26,1,1,3,1,2,US-25,GREATHOUSE DRIVE,168,37.752,-84.268,0,12,6,0,2,2,0,1,1,10,0,10,0,0,12,26,12,31,13,10,0,0,0,1,0,0
21,210603,2,2,0,0,0,2,2,197,0,27,11,2015,6,14,30,0,1,5,1,3,SR-11,,55,37.82,-83.724,0,12,2,0,1,1,0,1,1,1,0,1,0,0,14,25,14,30,15,15,0,0,0,1,1,2
21,210604,2,2,0,0,0,5,5,5,0,30,11,2015,2,13,15,0,1,5,1,2,US-62,,139,37.985,-84.969,0,12,2,0,1,1,0,1,1,10,0,10,0,0,13,17,13,25,14,27,0,0,0,1,0,0
21,210607,3,3,0,0,0,3,3,111,2090,22,11,2015,1,10,48,1,2,3,1,2,US-31W,ORELL RD EAST,67,38.082,-85.882,0,12,6,0,2,3,0,1,1,1,0,1,0,0,10,48,10,48,11,22,0,0,0,1,0,1
21,210608,2,2,0,0,0,2,2,107,0,24,11,2015,3,15,56,0,1,6,1,3,SR-112,,72,37.249,-87.541,0,12,6,0,1,1,0,1,1,1,0,1,0,0,15,54,16,7,16,37,0,0,0,1,0,2
21,210609,2,1,1,1,1,1,1,29,2990,27,11,2015,6,4,41,1,2,1,1,1,I-65,,1160,37.986,-85.701,0,14,0,0,1,1,0,2,3,1,0,1,0,0,4,43,4,52,5,28,15,0,0,1,1,1
21,210611,1,1,0,0,0,1,1,9,0,26,10,2015,2,12,34,0,1,4,1,3,SR-90,,179,36.923,-85.802,0,35,0,0,1,1,0,4,1,10,0,10,0,0,12,34,12,48,88,88,0,0,0,1,0,1
21,210612,2,2,0,0,0,4,4,197,0,6,11,2015,6,16,42,0,1,5,1,3,SR-15,,53,37.881,-83.954,0,12,6,0,1,1,0,1,1,10,0,10,0,0,16,43,16,50,99,99,0,0,0,1,0,0
21,210613,1,1,0,0,0,3,3,211,0,25,11,2015,4,1,27,0,1,4,1,3,SR-12,,66,38.266,-85.031,0,11,0,0,1,1,0,1,2,10,0,10,0,0,1,30,1,38,2,21,0,0,0,1,0,2
21,210614,1,1,0,0,0,1,1,219,0,4,11,2015,4,20,14,0,1,5,1,3,SR-104,,9,36.653,-87.305,0,35,0,0,1,1,0,4,2,1,0,1,0,0,20,40,20,55,88,88,0,0,0,1,0,2
21,210615,1,1,0,0,0,2,2,197,0,15,9,2015,3,20,0,0,1,5,1,3,SR-11,,114,37.829,-83.799,0,35,0,0,1,1,0,4,2,1,0,1,0,0,99,99,99,99,99,99,0,0,0,1,0,2
21,210623,1,1,0,0,0,1,1,171,0,26,10,2015,2,5,29,0,1,6,1,3,SR-100,,76,36.702,-85.855,0,34,0,0,1,1,0,4,4,2,0,2,0,0,5,32,6,15,88,88,0,0,0,1,1,1
21,210624,2,2,0,0,0,4,4,173,1741,20,11,2015,6,7,2,0,1,4,1,2,US-460,KY-213,174,37.976,-83.851,0,12,6,1,2,3,0,1,1,1,0,1,0,0,7,2,7,14,88,88,0,0,0,1,0,0
21,210625,2,2,0,0,0,4,4,61,0,30,11,2015,2,12,33,0,1,5,1,3,SR-70,PATTON RD,60,37.23,-86.339,0,12,6,0,3,4,0,1,1,10,0,10,0,0,12,36,12,43,99,99,0,0,0,1,0,1
21,210627,2,2,0,0,0,3,3,181,0,2,12,2015,4,5,16,1,1,3,1,2,US-68,,74,38.269,-84.034,0,12,2,0,1,1,0,1,2,5,0,5,0,0,5,21,5,27,6,21,0,0,0,1,1,0
21,210628,2,2,0,0,0,3,3,67,1980,2,12,2015,4,10,58,1,1,3,1,2,US-60,,18,38.043,-84.616,0,24,0,0,1,1,0,4,1,10,0,10,0,0,10,59,11,7,11,52,0,0,0,2,0,0
21,210633,2,2,0,0,0,2,2,29,1920,1,12,2015,3,17,0,0,1,4,1,3,SR-61,BALL PARK RD,20,37.829,-85.727,0,12,6,0,2,2,0,1,1,1,0,1,0,0,17,0,17,12,17,35,0,0,0,1,0,2
21,210634,2,2,0,0,0,3,3,213,0,10,12,2015,5,21,28,0,1,3,1,3,SR-100,,61,36.732,-86.638,0,12,6,0,1,1,0,1,2,1,0,1,0,0,21,29,21,38,22,25,0,0,0,1,1,1
21,210635,1,1,0,0,0,1,1,35,0,10,12,2015,5,22,17,0,1,5,1,3,SR-121,,62,36.552,-88.181,0,42,0,0,1,1,0,4,2,10,0,10,0,0,22,19,22,27,22,56,0,0,0,1,0,2
21,210636,2,2,0,0,0,2,2,117,800,11,12,2015,6,8,25,1,2,1,1,1,I-75,,1915,39.091,-84.523,0,12,7,0,1,1,0,1,1,10,0,10,0,0,8,27,8,42,88,88,0,0,0,1,1,2
21,210645,2,2,0,0,0,3,3,213,1230,13,12,2015,1,13,22,0,1,5,1,2,US-31W,,17,36.657,-86.554,0,12,2,0,1,1,0,1,1,10,0,10,0,0,13,23,13,40,14,55,0,0,0,2,0,1
21,210650,2,2,0,0,0,4,4,179,0,20,12,2015,1,7,12,0,1,4,1,2,US-31E,,204,37.897,-85.473,0,12,2,0,1,1,0,1,2,10,0,10,0,0,7,12,7,24,99,99,0,0,0,3,1,1
21,210652,1,1,0,0,0,1,1,231,0,12,12,2015,7,6,18,0,1,5,1,3,SR-92,,135,36.779,-84.808,0,42,0,0,1,1,0,4,2,1,0,1,0,0,6,18,6,27,7,39,0,0,0,1,1,2
21,210654,2,2,0,0,0,2,2,93,0,22,12,2015,3,9,5,1,1,1,1,1,I-65,,968,37.742,-85.796,0,24,0,0,1,1,0,4,1,10,0,10,0,0,9,10,9,21,88,88,0,0,0,1,0,1
21,210655,1,1,0,0,0,1,1,45,0,22,12,2015,3,20,45,0,1,5,1,3,SR-78,,89,37.466,-84.875,0,38,0,0,1,1,0,4,2,2,0,2,0,0,20,48,21,7,88,88,0,0,0,1,1,1
21,210658,1,1,0,1,1,1,1,237,0,23,12,2015,4,18,0,0,1,5,1,3,SR-191,,9,37.737,-83.537,0,8,0,0,1,1,0,1,3,2,0,2,0,0,88,88,88,88,88,88,18,0,0,1,0,0
21,210659,2,2,0,0,0,3,3,67,1980,23,12,2015,4,22,28,1,2,3,1,2,US-60,ELKHORN RD,117,38.041,-84.425,0,12,6,0,2,2,0,1,3,2,0,2,0,0,22,27,22,32,22,54,0,0,0,1,0,0
21,210661,1,1,0,0,0,1,1,87,0,24,12,2015,5,9,56,0,1,5,1,2,US-68,,105,37.227,-85.515,0,34,0,0,1,1,0,4,1,10,0,10,0,0,9,56,10,2,88,88,0,0,0,1,0,0
21,210662,2,2,0,0,0,6,6,71,0,24,12,2015,5,17,45,0,1,3,1,3,SR-114,,85,37.657,-82.83,0,12,2,0,1,1,0,1,5,1,0,1,0,0,99,99,99,99,99,99,0,0,0,4,0,2
21,210663,1,1,0,0,0,3,3,59,0,25,12,2015,6,11,49,0,1,5,1,3,SR-81,SR-1207,25,37.634,-87.193,0,59,0,0,1,1,0,4,1,10,0,10,0,0,11,54,12,4,12,35,0,0,0,1,0,2
21,210664,1,1,0,0,0,2,2,67,1980,26,12,2015,7,20,14,1,1,2,1,2,US-25,SR-1973,216,38.148,-84.541,0,30,0,0,3,3,0,4,3,10,0,10,0,0,20,48,20,58,21,27,0,0,0,1,1,0
21,210666,3,3,0,2,2,6,6,3,0,22,12,2015,3,9,50,0,1,4,1,2,US-31E,,96,36.768,-86.202,0,54,11,0,1,1,2,1,1,10,0,10,0,0,9,45,9,48,10,6,14,0,0,1,0,0
21,210667,1,1,0,1,1,1,1,117,800,28,12,2015,2,17,50,1,2,3,1,3,SR-8,CLAY WIDE BAILEY BRIDGE,68,39.087,-84.518,0,8,0,0,3,2,0,1,3,2,0,2,0,0,17,54,18,9,18,30,0,0,0,1,0,2
21,210668,2,2,0,0,0,2,2,107,2150,15,12,2015,3,15,0,0,1,5,1,3,SR-70,DAVES ST.,191,37.329,-87.49,0,12,6,0,2,2,0,1,1,1,0,1,0,0,15,3,15,9,15,32,0,0,0,1,0,1
21,210670,3,3,0,0,0,3,3,231,0,30,12,2015,4,7,26,0,1,4,1,3,SR-90,FRAZER CHAPEL RD,230,36.957,-84.705,0,12,6,0,2,2,0,1,4,1,0,1,0,0,7,36,7,42,88,88,0,0,0,1,0,1
21,210671,1,1,0,1,1,1,1,111,0,10,12,2015,5,18,59,1,2,3,1,2,US-42,,57,38.28,-85.636,0,8,0,0,1,1,0,1,2,1,0,1,0,0,99,99,99,99,99,99,0,0,0,1,0,0
21,210672,1,1,0,0,0,1,1,157,0,31,12,2015,5,6,10,0,1,5,1,3,SR-58,JACK TREAS RD,29,36.788,-88.439,0,32,0,0,3,2,0,4,4,1,0,1,0,0,6,19,6,28,88,88,0,0,0,1,0,1
21,210674,2,2,0,0,0,5,5,111,2090,29,12,2015,3,18,33,9,2,3,1,2,US-31W,SAINT PAULS CHURCH RD,99998,38.151,-85.837,0,12,6,0,2,2,0,1,3,10,0,10,0,0,99,99,99,99,99,99,0,0,0,1,0,1
21,210675,2,2,0,0,0,2,2,155,1910,24,12,2015,5,17,18,9,1,5,1,3,SR-55,SR-2154,99998,37.591,-85.251,0,12,6,0,2,2,0,1,5,10,0,10,0,0,17,19,17,24,18,30,0,0,0,1,0,2
21,210676,1,1,0,0,0,1,1,27,847,26,12,2015,7,16,14,0,1,4,1,3,SR-86,,246,37.714,-86.227,0,42,0,0,1,1,0,4,1,10,0,10,0,0,16,1,16,20,88,88,0,0,0,1,1,1
21,210679,2,2,0,0,0,3,3,117,1660,31,12,2015,5,21,59,0,2,4,1,3,SR-17,PELLY RD,135,38.96,-84.534,0,12,2,0,3,2,0,1,2,1,0,1,0,0,22,0,22,5,22,58,0,0,0,2,1,2
21,210680,2,2,0,0,0,2,2,227,350,15,12,2015,3,7,12,1,2,3,1,2,US-68,OLD BARREN RIVER RD,138,37.005,-86.455,0,12,6,0,2,2,0,1,1,1,0,1,0,0,7,12,7,19,7,39,0,0,0,1,0,0
21,210681,2,2,0,0,0,2,2,121,414,13,10,2015,3,13,35,0,1,5,1,3,SR-11,SR-1530,37,36.804,-83.942,0,12,6,0,2,3,0,1,1,1,0,1,0,0,13,35,13,45,99,99,0,0,0,1,0,2
21,210682,2,2,0,0,0,5,5,209,0,23,5,2015,7,7,11,1,1,1,1,1,I-64,,701,38.151,-84.592,0,12,6,0,1,1,0,1,4,1,0,1,0,0,7,15,7,25,7,51,0,0,0,1,0,1
21,210683,1,1,0,0,0,3,3,209,0,7,7,2015,3,11,14,0,1,6,1,3,SR-32,,103,38.32,-84.648,0,38,0,0,1,1,0,5,1,10,0,10,0,0,11,15,11,27,12,1,0,0,0,1,1,2
21,210685,1,1,0,0,0,7,7,235,0,29,11,2015,1,8,16,1,1,1,1,1,I-75,,213,36.876,-84.15,0,24,0,0,1,1,0,4,2,2,0,2,0,0,8,25,8,32,9,30,0,0,0,1,0,2
21,210686,4,4,0,0,0,6,6,93,0,22,12,2015,3,10,0,1,1,1,1,1,I-65,,955,37.731,-85.816,0,12,1,0,1,1,0,1,1,1,0,1,0,0,88,88,88,88,88,88,19,27,0,1,0,1
21,210690,2,2,0,0,0,2,2,137,0,24,12,2015,5,13,26,1,1,3,1,2,US-127,SR-2141,82,37.538,-84.804,0,12,2,0,3,2,0,1,1,1,0,1,0,0,99,99,99,99,99,99,0,0,0,1,0,0
21,210692,2,2,0,0,0,3,3,95,1420,28,11,2015,7,19,47,0,1,4,1,2,US-421,SR-1115,134,36.811,-83.312,0,12,6,0,2,2,0,1,3,10,0,10,0,0,99,99,99,99,99,99,0,0,0,1,0,0
22,220001,2,2,0,0,0,7,7,69,0,18,1,2015,1,17,0,0,1,4,1,2,US-71,,1207,31.772,-92.991,0,12,2,0,1,1,0,1,1,1,0,1,0,0,17,0,17,18,18,3,0,0,0,4,0,0
22,220002,2,2,0,0,0,3,3,105,982,18,1,2015,1,22,20,1,1,1,1,1,I-12,,437,30.479,-90.398,0,12,7,0,1,1,0,1,2,1,0,1,0,0,22,20,22,26,88,88,0,0,0,1,1,1
22,220003,1,1,0,0,0,1,1,19,1250,19,1,2015,2,16,37,1,2,1,1,1,I-10,,325,30.236,-93.191,0,24,0,1,19,1,0,4,1,1,0,1,0,0,88,88,88,88,88,88,0,0,0,1,1,1
22,220004,1,1,0,0,0,1,1,23,0,19,1,2015,2,16,44,0,1,5,1,3,SR-82,,527,29.788,-93.114,0,39,0,0,1,1,0,4,1,1,0,1,0,0,17,3,17,13,88,88,0,0,0,1,1,2
22,220010,1,1,0,0,0,1,1,83,0,24,1,2015,7,7,50,1,1,1,1,1,I-20,,1467,32.455,-91.609,0,32,0,0,1,1,0,4,1,1,0,1,0,0,88,88,88,88,88,88,0,0,0,1,0,1
22,220012,1,1,0,1,1,1,1,101,190,1,1,2015,5,2,20,1,2,3,1,2,US-90,,1739,29.693,-91.221,0,8,0,0,1,1,0,1,2,1,0,1,0,0,2,20,2,28,88,88,0,0,0,1,0,0
22,220013,2,2,0,0,0,2,2,41,0,1,1,2015,5,14,45,0,1,4,1,3,SR-17,,205,32.377,-91.507,0,12,2,0,1,1,0,1,1,2,0,2,0,0,14,57,15,5,15,40,0,0,0,1,0,2
22,220014,1,1,0,0,0,3,3,91,0,1,1,2015,5,16,55,0,1,5,1,3,SR-38,,75,30.927,-90.72,0,42,0,0,1,1,0,5,1,1,0,1,0,0,17,8,17,31,18,41,0,0,0,1,1,2
22,220020,2,2,0,0,0,5,5,51,1190,4,1,2015,1,11,48,1,2,1,1,1,I-10,,2222,30.007,-90.27,0,12,99,0,1,1,0,1,1,1,0,1,0,0,11,50,11,57,88,88,0,0,0,1,0,1
22,220021,2,2,0,0,0,2,2,33,150,6,1,2015,3,13,0,0,2,3,1,2,US-190,FOUNTAINBLEAU DR,1859,30.465,-91.02,0,12,6,0,2,2,0,1,1,10,0,10,0,0,13,0,13,5,13,25,0,0,0,1,0,0
22,220022,3,3,0,0,0,4,4,19,1250,7,1,2015,4,5,50,0,2,4,1,2,US-90,,263,30.237,-93.297,0,12,2,0,1,1,0,1,2,10,0,10,0,0,5,54,6,3,6,36,0,0,0,1,0,0
22,220028,1,1,0,0,0,5,5,19,0,10,1,2015,7,21,26,0,1,4,1,3,SR-12,,65,30.327,-93.639,0,42,0,0,1,1,0,5,2,2,0,2,0,0,21,28,21,50,23,0,0,0,0,1,1,2
22,220033,2,2,0,0,0,2,2,113,0,15,1,2015,5,12,25,0,1,5,1,3,SR-82,,1212,29.843,-92.187,0,12,2,0,1,1,0,1,1,2,0,2,0,0,12,37,12,53,13,33,0,0,0,1,0,2
22,220034,1,1,0,1,1,2,2,39,0,16,1,2015,6,4,40,0,1,4,1,3,SR-13,,429,30.573,-92.431,0,8,0,0,1,1,0,1,2,1,0,1,0,0,4,51,4,55,5,28,0,0,0,1,0,2
22,220036,1,1,0,1,1,3,3,97,0,16,1,2015,6,20,40,1,1,2,1,2,US-190,SR-3174,1376,30.54,-91.772,0,8,0,0,7,1,0,1,2,1,0,1,0,0,20,44,21,14,88,88,0,0,0,1,0,0
22,220039,1,1,0,0,0,1,1,57,9997,28,1,2015,4,20,7,0,2,5,1,3,SR-308,,390,29.758,-90.739,0,30,0,0,1,1,0,4,3,1,0,1,0,0,88,88,88,88,88,88,0,0,0,1,1,2
22,220040,1,1,0,1,1,1,1,123,0,29,1,2015,5,5,42,0,1,4,1,3,SR-17,,547,32.847,-91.395,0,8,0,0,1,1,0,1,2,1,0,1,0,0,5,43,5,47,5,57,0,0,0,1,0,2
22,220041,2,2,0,0,0,3,3,51,1190,29,1,2015,5,11,15,0,2,4,1,3,SR-49,38TH ST,31,30.025,-90.239,0,12,6,0,2,2,0,1,1,1,0,1,0,0,11,15,11,20,11,46,0,0,0,1,0,1
22,220042,3,3,0,0,0,3,3,33,150,30,1,2015,6,13,45,1,2,1,1,1,I-10,,1553,30.439,-91.19,0,12,1,0,1,1,0,1,1,1,0,1,0,0,99,99,99,99,88,88,28,14,0,1,1,1
22,220046,1,1,0,0,0,1,1,73,2410,31,1,2015,7,22,15,1,2,1,1,1,I-20,,1180,32.511,-92.195,0,1,0,1,5,1,0,4,2,10,0,10,0,0,22,21,22,25,22,43,0,0,0,1,1,1
22,220047,1,1,0,0,0,1,1,97,0,24,1,2015,7,21,5,1,1,3,1,2,US-190,,1304,30.547,-91.895,0,32,0,0,1,1,0,5,2,1,0,1,0,0,21,16,21,30,22,0,0,0,0,1,1,0
22,220048,2,2,0,0,0,3,3,75,163,23,1,2015,6,8,22,1,2,3,1,3,SR-27,,679,29.872,-90.009,0,33,0,0,1,1,0,4,1,2,0,2,0,0,8,13,8,19,99,99,0,0,0,1,1,2
22,220050,2,2,0,0,0,2,2,7,0,1,2,2015,1,6,22,0,1,4,1,3,SR-70,,168,29.92,-91.218,0,12,2,0,1,1,0,1,4,10,0,10,0,0,88,88,88,88,88,88,0,0,0,2,1,2
22,220053,2,2,0,0,0,4,4,111,0,10,2,2015,3,7,50,0,1,4,1,3,SR-2,,1163,32.754,-92.335,0,12,2,0,1,1,0,1,1,1,0,1,0,0,7,54,8,23,9,22,0,0,0,2,0,2
22,220055,1,1,0,0,0,1,1,89,0,10,2,2015,3,20,10,1,1,3,1,2,US-90,,2257,29.822,-90.477,0,24,0,0,1,1,0,4,2,1,0,1,0,0,20,11,20,24,88,88,0,0,0,1,1,0
22,220056,3,3,0,2,2,1,1,53,0,11,2,2015,4,21,55,1,1,1,1,1,I-10,,524,30.247,-92.864,0,12,11,0,1,1,0,1,2,1,0,1,0,0,21,58,22,6,22,42,19,23,15,1,0,1
22,220062,1,1,0,1,1,1,1,109,1070,13,2,2015,6,21,57,0,2,4,1,3,SR-58,,4,29.479,-90.574,0,8,0,0,1,1,0,1,2,1,0,1,0,0,22,28,22,51,88,88,0,0,0,1,1,1
22,220064,2,2,0,0,0,3,3,95,1270,15,2,2015,1,14,55,1,2,3,1,2,US-61 AIRLINE HWY,SR-3224,267,30.073,-90.496,0,1,0,0,3,2,0,1,1,10,0,10,0,0,15,4,15,7,15,36,26,14,0,1,0,0
22,220066,1,1,0,0,0,1,1,31,0,18,2,2015,4,2,45,0,1,7,1,3,SR-177,,95,31.941,-93.453,0,42,0,0,1,1,0,5,2,1,0,1,0,0,3,51,4,20,88,88,0,0,0,1,0,2
22,220068,1,1,0,0,0,1,1,109,0,21,2,2015,7,13,22,0,1,5,1,3,SR-57,,132,29.445,-90.702,0,34,0,0,1,1,0,4,1,10,0,10,0,0,13,26,13,41,88,88,0,0,0,1,0,2
22,220069,2,2,0,0,0,2,2,45,9898,21,2,2015,7,18,0,0,2,5,1,3,SR-88,,5,30.049,-91.904,0,12,8,0,1,1,0,1,5,1,0,1,0,0,18,2,18,22,88,88,0,0,0,1,1,1
22,220070,1,1,0,0,0,1,1,75,0,22,2,2015,1,16,23,0,1,5,1,3,SR-39,,315,29.846,-89.971,0,59,0,0,1,1,0,4,1,1,0,1,0,0,16,29,16,41,17,20,0,0,0,1,0,2
22,220079,2,2,0,0,0,2,2,53,2390,15,2,2015,1,6,52,1,2,1,1,1,I-10,,544,30.247,-92.831,0,12,6,0,1,1,0,1,4,5,0,5,0,0,6,56,7,10,88,88,0,0,0,1,0,1
22,220080,2,2,0,0,0,5,5,5,870,15,2,2015,1,19,11,1,2,3,1,2,US-61,CR-EAST ASCENSION ROAD,559,30.236,-90.912,0,12,6,0,2,2,0,1,3,1,0,1,0,0,19,12,19,16,19,52,0,0,0,1,0,0
22,220081,2,2,0,1,1,4,4,33,150,16,2,2015,2,2,21,1,2,1,1,1,I-10,,1550,30.44,-91.195,0,12,1,1,18,1,0,1,3,1,0,1,0,0,2,30,2,38,3,6,23,0,0,1,0,1
22,220083,2,2,0,1,1,3,3,55,1230,18,2,2015,4,1,46,1,2,1,1,1,I-10,,1008,30.247,-92.062,0,8,0,0,1,1,0,1,2,1,0,1,0,0,1,46,1,52,88,88,0,0,0,1,0,1
22,220086,2,2,0,0,0,2,2,5,870,22,2,2015,1,5,18,1,2,1,1,1,I-10,,1778,30.216,-90.951,0,12,1,0,1,1,0,1,2,10,0,10,0,0,5,21,5,31,6,31,0,0,0,1,0,1
22,220087,2,2,0,0,0,4,4,33,2490,26,2,2015,5,18,3,1,2,3,1,3,SR-64,SR-964,33,30.655,-91.193,0,12,6,0,2,2,0,1,1,1,0,1,0,0,18,2,18,17,19,18,0,0,0,1,0,2
22,220093,2,2,0,0,0,2,2,125,0,20,1,2015,3,14,0,1,1,3,1,2,US-61,,1133,30.884,-91.356,0,12,1,0,1,1,0,1,1,1,0,1,0,0,13,47,13,51,14,26,0,0,0,1,0,0
22,220098,1,1,0,0,0,1,1,97,0,1,3,2015,1,3,0,0,1,4,1,3,SR-35,,469,30.46,-92.202,0,35,0,0,1,1,0,5,2,10,0,10,0,0,7,45,8,1,88,88,0,0,0,1,1,1
22,220101,2,2,0,0,0,2,2,109,0,4,3,2015,4,11,14,1,2,3,1,3,SR-20,HAUSLEY STREET,151,29.777,-90.818,0,12,6,0,8,1,0,1,1,1,0,1,0,0,11,21,11,26,11,49,0,0,0,1,0,2
22,220102,2,2,0,0,0,3,3,15,0,5,3,2015,5,0,40,1,1,1,1,1,I-20,,377,32.577,-93.45,0,57,0,0,1,1,0,3,2,3,0,3,0,0,0,52,1,7,2,1,0,0,0,1,0,1
22,220106,2,2,0,0,0,4,4,1,0,6,3,2015,6,15,36,0,1,5,1,3,SR-92,MUSKRAT RD,156,30.125,-92.395,0,12,6,0,2,2,0,1,1,1,0,1,0,0,15,40,16,12,16,48,0,0,0,1,0,2
22,220108,1,1,0,1,1,2,2,113,1835,6,3,2015,6,19,45,0,1,5,1,3,SR-82,,936,29.648,-92.459,0,8,0,0,1,1,0,1,2,1,0,1,0,0,19,58,20,31,88,88,0,0,0,1,1,2
22,220109,1,1,0,2,2,1,1,51,1488,7,3,2015,7,12,10,1,2,3,1,3,SR-45,,202,29.863,-90.097,0,59,0,0,1,1,0,4,1,1,0,1,0,0,12,11,99,99,12,38,0,0,0,1,0,0
22,220111,1,1,0,0,0,1,1,65,0,9,3,2015,2,18,0,0,1,5,1,2,US-80,,1854,32.381,-91.126,0,42,0,0,1,1,0,4,2,10,0,10,0,0,88,88,88,88,88,88,0,0,0,1,1,1
22,220120,2,2,0,0,0,4,4,79,0,15,3,2015,1,12,30,0,1,5,1,3,SR-121,,186,31.135,-92.759,0,1,0,0,8,1,0,1,1,10,0,10,0,0,12,31,12,50,13,30,0,0,0,2,0,2
22,220121,2,2,0,0,0,6,6,101,780,15,3,2015,1,16,20,0,2,6,1,3,SR-87,,381,29.785,-91.492,0,12,2,0,1,1,0,1,1,1,0,1,0,0,16,38,16,52,17,44,0,0,0,1,1,1
22,220123,1,1,0,1,1,1,1,65,0,17,3,2015,3,0,28,1,1,3,1,2,US-65,,626,32.483,-91.151,0,8,0,0,1,1,0,1,2,10,0,10,0,0,0,29,0,38,88,88,23,0,0,1,0,0
22,220125,1,1,0,0,0,1,1,7,0,17,3,2015,3,1,24,0,2,6,1,3,SR-308,,263,29.831,-90.925,0,34,0,0,1,1,0,4,2,1,0,1,0,0,1,29,1,41,2,19,20,0,0,1,1,2
22,220126,2,2,0,0,0,2,2,95,1270,16,3,2015,2,10,4,0,2,4,1,2,US-61,SR-44,257,30.067,-90.481,0,12,6,0,2,2,0,1,1,1,0,1,0,0,10,5,10,11,10,26,0,0,0,1,0,0
22,220131,2,2,0,0,0,2,2,85,0,21,3,2015,7,23,40,0,1,5,1,3,SR-118,,39,31.472,-93.395,0,12,2,0,1,1,0,1,2,10,0,10,0,0,23,44,23,56,0,45,0,0,0,1,0,2
22,220137,3,3,0,0,0,4,4,1,1980,25,3,2015,4,9,45,1,2,1,1,1,I-10,,883,30.252,-92.27,0,12,1,1,18,1,0,1,1,1,0,1,0,0,9,45,9,46,10,14,19,27,0,1,0,1
22,220138,1,1,0,0,0,2,2,121,0,26,3,2015,5,9,0,0,1,5,1,3,SR-76,,144,30.478,-91.382,0,32,0,0,1,1,0,4,1,1,0,1,0,0,9,4,9,25,99,99,0,0,0,1,0,2
22,220139,2,2,0,0,0,3,3,55,330,26,3,2015,5,23,43,1,2,1,1,1,I-49,,34,30.307,-92.029,0,12,1,0,1,1,0,1,3,1,0,1,0,0,23,43,23,52,0,26,0,0,0,1,1,0
22,220141,1,1,0,1,1,1,1,39,1995,27,3,2015,6,6,10,0,1,4,1,3,SR-13,JOHNSON STREET,501,30.676,-92.427,0,8,0,0,2,3,0,1,2,1,0,1,0,0,6,12,6,20,88,88,0,0,0,1,0,2
22,220143,1,1,0,0,0,1,1,105,980,27,3,2015,6,22,8,1,2,1,1,1,I-12,,405,30.479,-90.451,0,24,0,1,19,1,0,3,2,10,0,10,0,0,22,10,22,14,88,88,0,0,0,1,1,1
22,220148,1,1,0,0,0,1,1,65,0,31,3,2015,3,22,4,1,1,1,1,1,I-20,,1576,32.431,-91.423,0,1,0,1,5,1,0,8,3,1,0,1,0,0,22,4,22,15,22,43,0,0,0,1,1,1
22,220151,1,1,0,0,0,2,2,53,0,2,4,2015,5,1,58,1,1,3,1,2,US-165,,22,30.257,-92.978,0,32,0,0,1,1,0,4,2,10,0,10,0,0,2,0,2,33,2,55,0,0,0,1,0,0