STATE,ST_CASE,VE_TOTAL,VE_FORMS,PVH_INVL,PEDS,PERNOTMVIT,PERMVIT,PERSONS,COUNTY,CITY,DAY,MONTH,YEAR,DAY_WEEK,HOUR,MINUTE,NHS,RUR_URB,FUNC_SYS,RD_OWNER,ROUTE,TWAY_ID,TWAY_ID2,MILEPT,LATITUDE,LONGITUD,SP_JUR,HARM_EV,MAN_COLL,RELJCT1,RELJCT2,TYP_INT,WRK_ZONE,REL_ROAD,LGT_COND,WEATHER1,WEATHER2,WEATHER,SCH_BUS,RAIL,NOT_HOUR,NOT_MIN,ARR_HOUR,ARR_MIN,HOSP_HR,HOSP_MN,CF1,CF2,CF3,FATALS,DRUNK_DR,RANK
22,220153,2,2,0,0,0,5,5,45,0,3,4,2015,6,18,42,0,2,5,1,3,SR-86,,58,30.011,-91.728,0,12,2,0,1,1,0,1,1,1,0,1,0,0,18,43,18,54,20,12,0,0,0,1,0,1
22,220155,1,1,0,0,0,1,1,83,0,4,4,2015,7,2,30,0,1,5,1,3,SR-133,,290,32.448,-91.861,0,35,0,0,1,1,0,4,2,10,0,10,0,0,2,37,2,54,3,17,0,0,0,1,1,2
22,220157,2,2,0,1,1,1,1,105,0,5,4,2015,1,3,50,1,1,1,1,1,I-55,,193,30.353,-90.417,0,8,0,0,1,1,0,1,2,1,0,1,0,0,3,52,4,5,88,88,19,23,0,1,1,1
22,220158,1,1,0,0,0,2,2,57,0,5,4,2015,1,15,14,0,2,4,1,3,SR-1,,541,29.59,-90.453,0,32,0,0,1,1,0,4,1,1,0,1,0,0,99,99,99,99,99,99,0,0,0,1,1,1
22,220161,1,1,0,0,0,3,3,103,1840,8,4,2015,4,23,21,1,2,1,1,1,I-59,,40,30.362,-89.742,0,1,0,0,1,1,0,1,2,10,0,10,0,0,23,23,23,31,0,20,0,0,0,1,0,1
22,220163,1,1,0,0,0,1,1,43,0,10,4,2015,6,0,1,0,1,5,1,3,SR-8,,694,31.44,-92.677,0,1,0,0,1,1,0,4,2,10,0,10,0,0,0,18,0,30,88,88,0,0,0,1,1,2
22,220165,1,1,0,0,0,1,1,71,1690,12,4,2015,1,13,24,1,2,1,1,1,I-10,,2473,30.058,-89.942,0,31,0,0,1,1,0,4,1,1,0,1,0,0,99,99,99,99,88,88,0,0,0,1,0,1
22,220172,1,1,0,0,0,1,1,105,1910,16,4,2015,5,99,99,1,2,3,1,2,US-51,I-55,2,30.415,-90.435,0,59,0,1,5,1,0,4,9,5,10,5,0,0,88,88,88,88,88,88,0,0,0,1,1,0
22,220177,2,2,0,0,0,2,2,1,0,19,4,2015,1,1,40,1,1,1,1,1,I-10,,692,30.237,-92.586,0,12,1,0,1,1,0,1,2,1,0,1,0,0,1,41,1,54,2,29,0,0,0,1,1,1
22,220178,1,1,0,1,1,3,3,73,1560,21,4,2015,3,1,34,1,2,3,1,2,US-165,,1748,32.467,-92.083,0,9,0,0,1,1,0,1,2,1,0,1,0,0,99,98,99,98,88,88,0,0,0,1,0,0
22,220179,2,2,0,0,0,3,3,109,1070,21,4,2015,3,14,40,0,2,4,1,3,SR-56,,215,29.529,-90.599,0,12,2,0,1,1,0,1,1,1,0,1,0,0,14,45,14,50,15,29,0,0,0,1,0,2
22,220185,2,2,0,0,0,6,6,103,1400,29,4,2015,4,20,3,0,2,3,1,2,US-190,,2577,30.334,-89.994,0,12,1,0,1,1,0,1,2,1,0,1,0,0,20,8,20,16,20,46,0,0,0,1,0,0
22,220188,1,1,0,1,1,1,1,5,870,9,4,2015,5,19,41,1,2,3,1,2,US-61,LOWES AVE,571,30.25,-90.924,0,8,0,0,2,3,0,1,2,1,0,1,0,0,19,51,19,56,88,88,0,0,0,1,0,0
22,220190,2,2,0,1,1,2,2,105,1645,27,4,2015,2,22,50,0,2,4,1,2,US-51,,371,30.55,-90.483,0,8,0,0,1,1,0,1,2,2,0,2,0,0,99,98,99,98,88,88,0,0,0,1,1,0
22,220191,1,1,0,1,1,1,1,17,2130,13,4,2015,2,22,34,1,2,1,1,1,I-20,,105,32.451,-93.866,0,8,0,0,1,1,0,1,3,99,0,99,0,0,22,34,22,53,88,88,0,0,0,1,0,1
22,220195,1,1,0,0,0,1,1,63,1947,11,4,2015,7,17,58,0,1,4,1,3,SR-16,,73,30.332,-90.832,0,41,0,0,1,1,0,4,1,10,0,10,0,0,18,0,18,26,88,88,0,0,0,1,1,2
22,220197,2,2,0,0,0,3,3,71,1690,8,5,2015,6,3,41,1,2,1,1,1,I-10,,2492,30.079,-89.92,0,12,1,0,1,1,0,1,3,1,0,1,0,0,3,43,3,50,4,30,0,0,0,1,1,1
22,220201,1,1,0,0,0,1,1,89,9898,1,3,2015,1,17,40,1,2,3,1,2,US-90,,2392,29.916,-90.302,0,33,0,0,1,1,0,4,2,10,0,10,0,0,17,45,17,59,18,28,0,0,0,1,1,0
22,220204,1,1,0,0,0,1,1,55,330,3,5,2015,1,15,57,1,2,1,1,1,I-49,,57,30.34,-92.04,0,42,0,0,1,1,0,4,1,1,0,1,0,0,15,59,16,9,16,52,0,0,0,1,0,0
22,220205,1,1,0,0,0,1,1,33,0,3,5,2015,1,19,13,0,1,4,1,3,SR-64,,119,30.632,-91.058,0,32,0,0,1,1,0,4,5,1,0,1,0,0,19,22,19,34,88,88,0,0,0,1,1,2
22,220207,2,2,0,0,0,4,4,5,0,5,5,2015,3,17,57,1,2,3,1,2,US-61 AIRLINE HWY,SR-73,618,30.304,-90.973,0,12,6,0,2,2,0,1,1,1,0,1,0,0,17,58,18,3,18,24,0,0,0,1,0,0
22,220208,2,2,0,0,0,2,2,1,0,6,5,2015,4,7,23,0,1,5,1,3,SR-91,,457,30.473,-92.466,0,12,6,0,1,1,0,1,1,1,0,1,0,0,7,24,7,45,9,5,0,0,0,1,0,2
22,220209,1,1,0,0,0,1,1,79,0,6,5,2015,4,15,35,0,1,5,1,3,SR-112,,614,31.107,-92.637,0,53,0,0,1,1,0,4,1,1,0,1,0,0,15,44,16,5,88,88,2,0,0,1,0,2
22,220210,2,2,0,0,0,3,3,113,10,7,5,2015,5,14,5,0,2,4,1,3,SR-14,GROSSE ISLE RD,832,29.965,-92.074,0,12,6,0,2,2,0,1,1,1,0,1,0,0,14,8,14,16,14,34,0,0,0,1,0,2
22,220212,1,1,0,0,0,1,1,33,150,21,2,2015,7,4,1,1,2,3,1,2,US-61 AIRLINE HWY,,720,30.419,-91.072,0,30,0,0,1,1,0,4,3,1,0,1,0,0,4,2,4,4,4,35,0,0,0,1,1,0
22,220214,1,1,0,1,1,1,1,33,150,23,5,2015,7,19,26,1,2,3,1,2,US-61 AIRLINE HWY,PRESCOTT RD,776,30.489,-91.121,0,9,0,0,3,2,0,1,1,1,0,1,0,0,19,26,19,33,19,54,0,0,0,1,0,0
22,220216,2,2,0,0,0,2,2,63,0,24,4,2015,6,17,30,0,1,5,1,3,SR-42,,310,30.366,-90.78,0,12,1,0,1,1,0,1,1,1,0,1,0,0,17,46,18,5,88,88,0,0,0,1,0,1
22,220217,1,1,0,0,0,1,1,63,0,26,4,2015,1,23,42,0,1,5,1,3,SR-42,,321,30.379,-90.77,0,42,0,0,1,1,0,4,2,1,0,1,0,0,23,43,23,56,88,88,0,0,0,1,1,1
22,220218,2,2,0,0,0,3,3,55,1230,29,4,2015,4,7,50,1,2,1,1,1,I-10,,942,30.248,-92.173,0,12,1,0,1,1,0,1,1,1,0,1,0,0,7,54,8,10,8,43,19,0,0,1,0,1
22,220221,2,2,0,0,0,2,2,27,1020,3,5,2015,1,10,22,0,1,4,1,2,US-79,,833,32.953,-93.131,0,12,6,0,8,1,0,1,1,10,0,10,0,0,10,23,11,8,99,99,0,0,0,1,0,0
22,220222,1,1,0,0,0,1,1,17,2130,4,5,2015,2,15,5,1,2,1,1,1,I-49,,1988,32.384,-93.752,0,1,0,0,1,1,0,4,1,1,0,1,0,0,15,7,15,11,15,27,0,0,0,1,0,0
22,220224,3,3,0,0,0,3,3,65,0,8,5,2015,6,0,25,1,1,3,1,2,US-65,,610,32.46,-91.144,0,12,2,0,1,1,0,1,2,1,0,1,0,0,0,34,0,40,88,88,0,0,0,2,0,0
22,220225,2,2,0,0,0,2,2,99,0,8,5,2015,6,15,15,0,1,4,1,3,SR-70,,151,29.899,-91.21,0,1,0,0,8,1,0,1,1,1,0,1,0,0,15,22,15,47,16,14,0,0,0,1,1,2
22,220226,2,2,0,0,0,3,3,103,0,9,5,2015,7,0,30,0,1,3,1,2,US-190,,2357,30.504,-90.204,0,12,6,0,1,1,0,1,2,1,0,1,0,0,0,31,1,40,1,44,20,0,0,2,1,0
22,220228,2,2,0,0,0,7,7,81,0,10,5,2015,1,2,44,0,1,4,1,2,US-84,,325,32.082,-93.508,0,12,7,0,1,1,0,1,2,10,0,10,0,0,2,55,3,3,4,13,0,0,0,1,1,0
22,220233,2,2,0,0,0,5,5,121,30,14,5,2015,5,18,45,1,2,3,1,3,SR-1,,1428,30.351,-91.258,0,12,6,0,7,1,0,1,1,1,0,1,0,0,18,45,19,0,19,40,0,0,0,1,1,1
22,220234,3,3,0,0,0,8,8,39,0,15,5,2015,6,13,1,1,1,1,1,1,I-49,,455,30.846,-92.229,0,12,1,0,1,1,0,1,1,2,0,2,0,0,13,6,13,27,14,26,23,0,0,2,0,0
22,220240,3,3,0,0,0,3,3,99,0,19,5,2015,3,10,30,0,1,4,1,3,SR-96,,19,30.129,-91.912,0,12,2,0,1,1,0,1,1,10,0,10,0,0,10,38,10,50,88,88,19,0,0,1,1,2
22,220243,1,1,0,1,1,1,1,101,190,22,5,2015,6,1,25,1,2,3,1,2,US-90,,1719,29.686,-91.253,0,8,0,0,1,1,0,1,2,1,0,1,0,0,1,20,99,98,88,88,0,0,0,1,0,0
22,220244,1,1,0,0,0,2,2,5,648,22,5,2015,6,21,15,1,2,3,1,2,US-61 AIRLINE HWY,,587,30.268,-90.94,0,32,0,0,1,1,0,4,2,1,0,1,0,0,21,35,21,42,22,35,0,0,0,1,0,0
22,220246,3,3,0,0,0,6,6,45,1680,24,5,2015,1,2,35,1,2,3,1,2,US-90,,1275,29.991,-91.867,0,12,2,0,1,1,0,1,2,10,0,10,0,0,2,45,2,49,3,29,14,0,0,1,1,0
22,220247,1,1,0,0,0,1,1,29,2026,24,5,2015,1,3,0,1,2,3,1,2,US-84,,1742,31.611,-91.532,0,42,0,0,1,1,0,4,2,1,0,1,0,0,3,2,3,16,88,88,0,0,0,1,1,0
22,220249,1,1,0,0,0,1,1,63,0,27,5,2015,4,3,25,0,1,5,1,3,SR-42,,326,30.386,-90.77,0,32,0,0,1,1,0,4,2,1,0,1,0,0,3,34,3,47,88,88,0,0,0,1,1,1
22,220251,2,2,0,0,0,2,2,77,0,29,5,2015,6,2,10,1,1,3,1,2,US-190,SR-1,1580,30.543,-91.436,0,12,1,0,1,1,0,1,2,1,0,1,0,0,2,17,2,52,88,88,0,0,0,1,1,0
22,220254,2,2,0,0,0,3,3,105,980,23,5,2015,7,19,45,1,2,3,1,2,US-51,,347,30.515,-90.483,0,12,2,0,1,1,0,1,3,1,0,1,0,0,19,51,19,57,20,23,0,0,0,1,1,0
22,220257,1,1,0,0,0,2,2,109,1070,20,3,2015,6,23,34,0,2,4,1,3,SR-56,,228,29.535,-90.617,0,53,0,0,1,1,0,4,2,1,0,1,0,0,23,37,0,1,0,19,0,0,0,1,1,2
22,220272,2,2,0,0,0,2,2,57,850,8,6,2015,2,8,35,0,2,4,1,3,SR-1,,320,29.363,-90.255,0,12,6,0,8,1,0,1,1,1,0,1,0,0,8,39,8,46,88,88,0,0,0,1,0,1
22,220274,2,2,0,0,0,3,3,103,2180,14,6,2015,1,11,36,1,2,1,1,1,I-10,,2694,30.301,-89.722,0,12,1,0,1,1,0,1,1,1,0,1,0,0,11,40,11,50,12,14,0,0,0,2,0,1
22,220283,1,1,0,1,1,1,1,15,230,7,6,2015,1,2,2,1,2,1,1,1,I-20,,224,32.526,-93.696,0,8,0,0,1,1,0,1,3,1,0,1,0,0,99,98,99,98,88,88,0,0,0,1,0,1
22,220286,2,2,0,0,0,3,3,63,0,4,6,2015,5,11,30,0,1,5,1,3,SR-43,,125,30.607,-90.614,0,5,0,0,1,1,0,1,1,1,0,1,0,0,11,25,11,52,12,12,0,0,0,1,0,2
22,220289,2,2,0,0,0,3,3,121,0,20,6,2015,7,12,25,1,1,1,1,1,I-10,,1570,30.449,-91.249,0,12,1,0,1,1,0,1,1,1,0,1,0,0,12,27,12,32,13,38,19,27,0,1,0,1
22,220290,2,2,0,0,0,2,2,57,9898,21,6,2015,1,2,28,0,2,4,1,3,SR-1,NORTH SERVICE RD,674,29.709,-90.576,0,33,0,0,1,1,0,3,3,10,0,10,0,0,2,29,2,34,3,13,0,0,0,1,1,1
22,220291,1,1,0,1,1,1,1,101,348,21,6,2015,1,23,15,1,2,2,1,2,US-90,,1614,29.733,-91.42,0,8,0,0,1,1,0,1,2,1,0,1,0,0,88,88,88,88,88,88,0,0,0,1,0,0
22,220295,2,1,1,0,0,1,1,57,1970,27,6,2015,7,22,32,0,2,4,1,3,SR-1,,732,29.738,-90.664,0,35,0,0,1,1,0,4,2,10,0,10,0,0,22,33,22,46,88,88,14,0,0,1,0,1
22,220296,1,1,0,0,0,1,1,33,150,28,6,2015,1,0,15,1,1,3,1,2,US-61,,947,30.68,-91.266,0,59,0,0,1,1,0,4,2,2,0,2,0,0,0,23,0,37,88,88,0,0,0,1,1,0
22,220298,2,1,1,0,0,1,1,57,1970,22,6,2015,2,2,19,0,1,5,1,3,SR-308,,444,29.739,-90.657,0,59,0,0,1,1,0,4,3,10,0,10,0,0,2,23,2,34,2,51,0,0,0,1,1,2
22,220301,4,4,0,0,0,8,8,55,2120,25,6,2015,5,15,40,1,2,1,1,1,I-10,,991,30.247,-92.09,0,12,2,0,1,1,0,1,1,2,0,2,0,0,15,40,15,44,16,15,0,0,0,1,0,1
22,220303,1,1,0,1,1,1,1,47,0,30,6,2015,3,3,35,1,1,3,1,3,SR-1,,1367,30.272,-91.222,0,8,0,0,1,1,0,1,2,1,0,1,0,0,3,35,3,55,88,88,0,0,0,1,0,1
22,220304,1,1,0,0,0,1,1,69,0,27,6,2015,7,19,57,1,1,1,1,1,I-49,,1091,31.462,-92.794,0,42,0,0,1,1,0,3,1,2,0,2,0,0,20,4,20,24,21,2,0,0,0,1,0,0
22,220305,1,1,0,0,0,2,2,65,0,23,6,2015,3,1,20,0,1,5,1,2,US-80,,1754,32.437,-91.272,0,1,0,0,1,1,0,2,2,1,0,1,0,0,1,22,1,32,1,55,0,0,0,1,1,1
22,220308,2,2,0,0,0,8,8,121,0,3,7,2015,6,8,0,1,2,1,1,1,I-10,,1521,30.447,-91.242,0,12,2,0,1,1,0,1,1,1,0,1,0,0,8,0,8,29,9,4,0,0,0,1,0,1
22,220312,1,1,0,0,0,1,1,5,0,4,7,2015,7,21,25,0,1,3,1,3,SR-70,,31,30.082,-90.955,0,59,0,0,1,1,0,4,2,10,0,10,0,0,21,34,21,46,22,5,0,0,0,1,1,2
22,220313,1,1,0,0,0,1,1,117,0,5,7,2015,1,13,41,0,1,5,1,3,SR-62,,43,30.944,-89.963,0,35,0,0,1,1,0,4,1,1,0,1,0,0,13,47,13,58,15,1,0,0,0,1,1,0
22,220319,2,2,0,0,0,3,3,63,2375,1,7,2015,4,13,5,1,2,3,1,3,SR-16,SR-1024,291,30.562,-90.956,0,12,6,0,2,2,0,1,1,1,0,1,0,0,13,7,13,12,88,88,0,0,0,1,0,2
22,220322,1,1,0,0,0,1,1,97,1220,2,7,2015,5,1,34,0,1,5,1,3,SR-105,,38,30.544,-91.753,0,21,0,1,19,1,0,4,2,10,0,10,0,0,88,88,88,88,88,88,0,0,0,1,1,2
22,220324,2,2,0,0,0,2,2,65,0,3,7,2015,6,2,28,1,1,1,1,1,I-20,,1633,32.421,-91.328,0,12,1,0,1,1,0,1,2,10,0,10,0,0,88,88,88,88,88,88,0,0,0,1,0,1
22,220325,1,1,0,0,0,1,1,105,980,12,4,2015,1,19,43,1,2,1,1,1,I-12,S. AIRPORT ROAD,425,30.479,-90.419,0,59,0,1,19,1,0,4,3,2,0,2,0,0,19,41,19,49,20,24,0,0,0,1,0,1
22,220326,2,2,0,0,0,2,2,47,2082,29,4,2015,4,20,26,0,2,3,1,3,SR-30,,167,30.244,-91.058,0,12,2,0,1,1,0,1,2,1,0,1,0,0,20,27,20,35,21,37,0,0,0,1,2,1
22,220328,2,2,0,0,0,5,5,113,10,11,7,2015,7,8,0,0,2,6,1,3,SR-82,WEST JANE ST,1336,29.991,-92.127,0,1,0,0,2,2,0,1,1,1,0,1,0,0,8,5,8,12,8,22,0,0,0,1,0,2
22,220330,2,2,0,1,1,3,3,71,1690,12,7,2015,1,5,38,1,2,3,1,2,US-90,,2655,30.011,-90.013,0,12,7,0,1,1,0,1,2,1,0,1,0,0,99,99,99,99,99,99,19,0,0,1,1,0
22,220331,1,1,0,0,0,1,1,9,480,12,7,2015,1,16,30,0,1,6,1,3,SR-29,,523,31.011,-92.027,0,42,0,0,1,1,0,4,1,1,0,1,0,0,16,36,16,45,88,88,0,0,0,1,1,2
22,220332,1,1,0,0,0,1,1,105,1910,12,7,2015,1,19,10,0,1,3,1,7,US-51,,208,30.372,-90.422,0,1,0,0,1,1,0,4,1,1,0,1,0,0,19,17,19,28,88,88,0,0,0,1,0,0
22,220335,1,1,0,0,0,4,4,53,0,13,7,2015,2,22,6,1,1,1,1,1,I-10,,465,30.246,-92.963,0,1,0,0,1,1,0,3,2,1,0,1,0,0,22,17,22,30,23,45,0,0,0,2,0,1
22,220336,2,2,0,0,0,5,5,57,1320,15,7,2015,4,20,49,0,2,4,1,3,SR-308,,603,29.597,-90.483,0,12,6,0,1,1,0,1,2,1,0,1,0,0,20,53,21,2,22,4,0,0,0,1,0,2
22,220338,1,1,0,0,0,1,1,73,2410,17,7,2015,6,8,40,1,2,1,1,1,I-20,I-20 EXIT RAMP,1140,32.506,-92.159,0,1,0,1,5,1,0,8,1,1,0,1,0,0,8,41,8,46,8,56,0,0,0,1,0,1
22,220339,2,2,0,0,0,2,2,5,0,17,7,2015,6,11,35,1,2,3,1,3,SR-44,,30,30.28,-90.921,0,12,1,0,8,1,0,1,1,1,0,1,0,0,11,40,11,46,12,21,0,0,0,1,0,2
22,220341,1,1,0,1,1,1,1,79,2470,18,7,2015,7,99,99,1,1,1,1,1,I-49,,697,31.112,-92.444,0,8,0,0,1,1,0,1,2,1,0,1,0,0,88,88,88,88,88,88,0,0,0,1,0,0
22,220342,2,2,0,0,0,3,3,117,0,18,7,2015,7,10,55,0,1,5,1,3,SR-10,,2262,30.832,-90.232,0,12,7,0,1,1,0,1,1,1,0,1,0,0,10,56,11,2,11,26,0,0,0,1,0,2
22,220343,1,1,0,0,0,1,1,3,0,18,7,2015,7,20,57,0,1,4,1,3,SR-26,RIVER ACCESS RD,231,30.699,-92.894,0,23,0,0,3,3,0,4,2,1,0,1,0,0,21,1,21,17,22,17,0,0,0,1,1,1
22,220344,3,3,0,2,2,2,2,93,0,26,4,2015,1,4,35,1,1,1,1,1,I-10,,1961,30.122,-90.67,0,8,0,0,1,1,0,3,2,5,0,5,0,0,4,38,4,52,5,24,19,23,0,1,0,1
22,220346,1,1,0,0,0,1,1,113,0,8,7,2015,4,17,20,0,1,7,1,3,SR-82,,1393,30.038,-92.067,0,42,0,0,1,1,0,4,1,1,0,1,0,0,17,34,17,57,88,88,0,0,0,1,0,2
22,220347,1,1,0,0,0,1,1,39,0,8,7,2015,4,15,46,1,1,1,1,1,I-49,,391,30.768,-92.176,0,1,0,0,1,1,0,3,1,1,0,1,0,0,15,56,15,59,88,88,0,0,0,1,0,0
22,220351,2,2,0,0,0,3,3,63,0,9,7,2015,5,22,52,0,1,4,1,3,SR-16,VINCENT PLACE,114,30.36,-90.865,0,12,6,0,2,3,0,1,2,1,0,1,0,0,23,1,23,17,0,36,0,0,0,1,1,2
22,220356,2,2,0,0,0,4,4,105,1349,26,7,2015,1,20,15,0,1,5,1,3,SR-40,,132,30.636,-90.409,0,12,1,0,1,1,0,1,5,1,0,1,0,0,20,25,21,0,21,29,0,0,0,1,1,0
22,220357,2,2,0,0,0,4,4,117,0,26,7,2015,1,21,55,0,1,4,1,3,SR-16,,781,30.761,-90.253,0,12,6,0,1,1,0,1,2,1,0,1,0,0,22,1,22,10,23,25,0,0,0,2,1,2
22,220359,3,3,0,0,0,4,4,9,0,27,7,2015,2,18,5,0,1,4,1,3,SR-29,SLAUGHTERHOUSE RD,407,30.95,-92.163,0,1,0,0,2,2,0,1,1,1,0,1,0,0,18,7,18,8,18,45,0,0,0,1,1,2
22,220364,1,1,0,0,0,1,1,33,2490,30,7,2015,5,99,99,1,1,3,1,2,US-61,,929,30.657,-91.253,0,35,0,0,1,1,0,4,2,1,0,1,0,0,88,88,88,88,88,88,0,0,0,1,1,0
22,220367,2,2,0,1,1,3,3,103,0,19,7,2015,1,21,20,1,2,1,1,1,I-10,,2612,30.215,-89.791,0,8,0,0,1,1,0,1,2,1,0,1,0,0,88,88,88,88,88,88,0,0,0,1,1,1
22,220369,1,1,0,1,1,1,1,97,2220,22,7,2015,4,3,27,1,2,1,1,1,I-49,,105,30.407,-92.056,0,8,0,1,18,1,0,1,2,10,0,10,0,0,99,99,99,99,88,88,0,0,0,1,0,0
22,220370,2,2,0,0,0,2,2,103,0,22,7,2015,4,13,18,1,1,1,1,1,I-12,,775,30.33,-89.874,0,12,7,0,1,1,0,1,1,1,0,1,0,0,99,99,99,99,88,88,0,0,0,1,0,1
22,220372,2,2,0,0,0,2,2,59,0,23,7,2015,5,15,12,0,1,5,1,3,SR-8,,1070,31.594,-92.289,0,12,8,0,1,1,0,1,1,1,0,1,0,0,15,19,15,44,16,14,0,0,0,1,0,2
22,220373,1,1,0,0,0,3,3,15,0,24,7,2015,6,12,32,1,1,1,1,1,I-20,,354,32.57,-93.488,0,52,0,0,1,1,0,4,1,1,0,1,0,0,12,36,12,44,13,28,0,0,0,1,0,1
22,220378,2,2,0,0,0,3,3,71,1690,3,8,2015,2,1,6,1,2,1,1,1,I-10,,2403,30.005,-90.025,0,12,1,0,1,1,0,1,3,1,0,1,0,0,99,99,99,99,99,99,0,0,0,1,1,1
22,220383,1,1,0,1,1,1,1,17,2130,10,8,2015,2,18,20,1,2,1,1,1,I-20,,146,32.471,-93.8,0,8,0,0,1,1,0,1,1,1,0,1,0,0,18,6,18,27,88,88,0,0,0,1,0,1
22,220384,1,1,0,0,0,1,1,75,300,11,8,2015,3,3,14,0,1,5,2,4,CR-11,,0,29.382,-89.591,0,53,0,0,1,1,0,4,3,1,0,1,0,0,3,14,3,17,88,88,0,0,0,1,0,2
22,220390,3,3,0,0,0,5,5,19,1250,22,8,2015,7,21,34,1,2,1,1,1,I-210,,50,30.197,-93.24,0,12,7,0,1,1,0,1,2,1,0,1,0,0,21,36,21,40,21,51,0,0,0,1,0,1
22,220391,1,1,0,1,1,1,1,55,1230,23,8,2015,1,5,25,1,2,1,1,1,I-10,,1007,30.247,-92.062,0,8,0,0,1,1,0,1,2,1,0,1,0,0,5,26,5,37,88,88,0,0,0,1,0,1
22,220395,4,4,0,0,0,9,9,71,1690,23,8,2015,1,21,20,1,2,3,1,2,US-90,DOWNMAN RD,2650,30.01,-90.021,0,12,6,0,2,2,0,1,3,1,0,1,0,0,99,99,99,99,99,99,14,0,0,1,0,0
22,220398,1,1,0,1,1,2,2,127,0,26,8,2015,4,20,33,0,1,5,1,3,SR-156,,229,31.958,-92.721,0,8,0,0,1,1,0,1,2,1,0,1,0,0,20,34,20,38,88,88,0,0,0,1,0,2
22,220402,2,2,0,0,0,4,4,71,1690,29,8,2015,7,1,51,1,2,1,1,1,I-10,,2332,29.969,-90.108,0,12,1,1,18,1,0,1,2,1,0,1,0,0,99,99,99,99,99,99,0,0,0,1,1,1
22,220405,1,1,0,1,1,1,1,103,1400,30,8,2015,1,11,27,0,2,3,1,2,US-190,COLBERT ST,2544,30.357,-90.048,0,9,0,0,2,2,0,1,1,1,0,1,0,0,11,27,11,32,99,99,0,0,0,1,0,0
22,220406,2,1,1,2,2,1,1,63,0,20,7,2015,2,15,25,1,2,1,1,1,I-12,,183,30.473,-90.824,0,18,0,0,1,1,1,4,1,2,0,2,0,0,15,31,15,42,16,16,14,15,23,1,0,1
22,220408,1,1,0,0,0,1,1,5,0,1,8,2015,7,3,21,1,2,1,1,1,I-10,,1718,30.293,-90.991,0,42,0,0,1,1,0,4,2,1,0,1,0,0,3,26,3,37,88,88,0,0,0,1,1,1
22,220411,3,1,2,2,3,3,4,35,0,2,8,2015,1,14,30,1,1,3,1,2,US-65,,954,32.927,-91.226,0,14,0,0,1,1,0,2,1,1,0,1,0,0,15,16,15,52,16,51,23,14,15,1,0,0
22,220412,2,2,0,1,1,3,3,5,1953,4,8,2015,3,23,20,1,2,3,1,3,SR-42,,186,30.323,-90.934,0,8,0,0,1,1,0,1,2,1,0,1,0,0,23,29,23,40,0,21,23,0,0,1,1,1
22,220415,1,1,0,0,0,2,2,11,2164,7,8,2015,6,23,47,0,1,5,1,3,SR-110,,131,30.65,-93.39,0,42,0,0,1,1,0,4,2,1,0,1,0,0,23,48,0,8,1,33,0,0,0,1,1,2
22,220416,1,1,0,0,0,3,3,37,2170,8,8,2015,7,3,34,0,1,6,1,3,SR-19,,180,30.779,-91.132,0,43,0,0,1,1,0,4,2,1,0,1,0,0,3,37,3,47,5,22,0,0,0,2,0,2
22,220418,4,4,0,0,0,6,6,47,0,11,8,2015,3,6,48,1,1,1,1,1,I-10,,1337,30.392,-91.539,0,12,1,0,1,1,0,1,4,1,0,1,0,0,6,50,7,21,8,24,19,0,0,1,0,1
22,220419,3,3,0,0,0,4,4,111,0,12,8,2015,4,18,14,0,1,4,1,3,SR-33,,182,32.728,-92.442,0,12,1,0,8,1,0,1,1,1,0,1,0,0,18,19,18,30,99,99,0,0,0,1,1,1
22,220420,2,2,0,0,0,2,2,101,157,11,8,2015,3,20,5,1,2,3,1,2,US-90,,1719,29.682,-91.267,0,1,0,0,8,1,0,1,2,1,0,1,0,0,20,9,20,17,88,88,0,0,0,1,0,0
22,220422,2,2,0,0,0,3,3,43,0,13,8,2015,5,17,20,1,1,3,1,2,US-165,,1100,31.667,-92.411,0,12,1,0,1,1,0,1,1,1,0,1,0,0,17,23,17,35,18,12,0,0,0,1,0,0
22,220423,1,1,0,0,0,2,2,57,1970,14,8,2015,6,2,25,0,2,5,1,3,SR-308,,396,29.756,-90.731,0,35,0,0,1,1,0,4,2,1,0,1,0,0,2,29,2,43,3,13,0,0,0,1,1,2
22,220425,1,1,0,0,0,1,1,53,0,15,8,2015,7,21,5,1,1,1,1,1,I-10,,448,30.25,-92.991,0,59,0,0,5,1,0,8,2,1,0,1,0,0,21,10,99,99,88,88,0,0,0,1,1,1
22,220430,2,2,0,0,0,3,3,83,1990,24,8,2015,2,7,40,1,1,1,1,1,I-20,,1412,32.456,-91.703,0,12,7,0,1,1,0,1,1,1,0,1,0,0,7,46,7,55,8,2,0,0,0,1,0,1
22,220431,1,1,0,0,0,1,1,49,0,24,8,2015,2,19,55,0,1,5,1,3,SR-34,,646,32.402,-92.411,0,42,0,0,1,1,0,4,2,1,0,1,0,0,20,3,99,99,88,88,0,0,0,1,1,2
22,220432,2,2,0,0,0,2,2,105,0,26,8,2015,4,3,29,1,2,1,1,1,I-55,,442,30.687,-90.533,0,12,2,0,1,1,0,1,2,1,0,1,0,0,3,27,4,12,4,34,0,0,0,1,1,1
22,220433,1,1,0,1,1,1,1,15,2130,27,8,2015,5,21,8,0,2,4,1,2,US-80,,286,32.556,-93.618,0,8,0,0,1,1,0,1,2,1,0,1,0,0,21,11,21,30,88,88,0,0,0,1,0,1
22,220434,1,1,0,0,0,1,1,77,1316,29,8,2015,7,23,49,0,1,5,1,3,SR-77,,382,30.577,-91.582,0,42,0,0,1,1,0,4,2,1,0,1,0,0,23,50,0,5,88,88,0,0,0,1,1,1