STATE,ST_CASE,VE_TOTAL,VE_FORMS,PVH_INVL,PEDS,PERNOTMVIT,PERMVIT,PERSONS,COUNTY,CITY,DAY,MONTH,YEAR,DAY_WEEK,HOUR,MINUTE,NHS,RUR_URB,FUNC_SYS,RD_OWNER,ROUTE,TWAY_ID,TWAY_ID2,MILEPT,LATITUDE,LONGITUD,SP_JUR,HARM_EV,MAN_COLL,RELJCT1,RELJCT2,TYP_INT,WRK_ZONE,REL_ROAD,LGT_COND,WEATHER1,WEATHER2,WEATHER,SCH_BUS,RAIL,NOT_HOUR,NOT_MIN,ARR_HOUR,ARR_MIN,HOSP_HR,HOSP_MN,CF1,CF2,CF3,FATALS,DRUNK_DR,RANK
22,220718,1,1,0,1,1,1,1,51,1545,11,11,2015,4,17,40,1,2,3,1,2,US-61 AIRLINE HWY,,46,29.975,-90.164,0,15,0,0,1,1,0,1,3,1,0,1,0,0,17,47,17,55,18,18,0,0,0,1,0,0
22,220719,2,2,0,0,0,3,3,61,0,29,12,2015,3,6,19,0,1,4,1,3,SR-33,SR-3072,48,32.598,-92.597,0,12,6,0,2,2,0,1,4,1,0,1,0,0,6,20,6,30,7,30,0,0,0,1,0,1
22,220723,1,1,0,0,0,1,1,21,450,25,3,2015,4,11,20,0,1,5,1,3,SR-4,,1059,32.091,-92.039,0,1,0,0,1,1,0,1,1,1,0,1,0,0,11,21,11,25,11,41,0,0,0,1,0,2
23,230010,1,1,0,1,1,1,1,5,2700,11,2,2015,4,14,35,0,2,5,1,2,US-1,,99998,43.715,-70.235,0,8,0,0,98,1,0,1,1,1,0,1,0,0,14,39,14,44,15,13,0,0,0,1,0,1
23,230028,1,1,0,0,0,1,1,31,2,10,5,2015,1,18,22,0,1,5,1,3,SR-109,,99998,43.535,-70.916,0,30,0,0,1,1,0,4,1,1,0,1,0,0,18,24,18,32,88,88,0,0,0,1,1,2
23,230033,1,1,0,0,0,1,1,31,7200,28,5,2015,5,6,33,1,1,3,31,1,I-95,,99998,43.536,-70.444,0,59,0,0,1,1,0,4,1,1,0,1,0,0,6,35,6,41,88,88,0,0,0,1,0,1
23,230041,2,2,0,0,0,4,4,19,3800,7,6,2015,1,13,54,1,1,1,1,1,I-95,,2220,45.311,-68.659,0,12,6,0,7,1,0,1,1,1,0,1,0,0,14,0,14,12,15,13,0,0,0,1,1,1
23,230044,1,1,0,0,0,2,2,5,5433,13,6,2015,7,14,26,1,1,3,1,1,I-95,,9998,44.006,-70.305,0,24,0,0,1,1,0,4,1,1,0,1,0,0,14,28,14,43,15,17,0,0,0,1,1,1
23,230053,1,1,0,1,1,1,1,31,2,18,7,2015,7,0,41,0,1,5,1,3,SR-109,,99998,43.524,-70.888,0,8,0,0,1,1,0,1,2,1,0,1,0,0,0,42,0,52,88,88,0,0,0,1,0,2
23,230057,2,2,0,0,0,5,5,31,5725,24,7,2015,6,13,28,1,1,2,1,1,I-95,,130,43.245,-70.627,0,12,1,0,1,1,0,1,1,1,0,1,0,0,13,31,13,42,14,22,0,0,0,1,0,1
23,230058,1,1,0,0,0,1,1,11,2725,25,7,2015,7,0,58,0,1,7,3,6,NORTHERN AVE,,99998,44.256,-69.837,0,1,0,0,1,1,0,1,2,1,0,1,0,0,1,1,1,12,88,88,0,0,0,1,1,2
23,230082,4,4,0,0,0,5,5,23,9600,13,8,2015,5,19,30,1,1,3,1,2,US-1,SHAW ROAD,99998,43.946,-69.754,0,12,1,0,2,3,0,1,1,1,0,1,0,0,19,34,19,47,20,24,0,0,0,1,0,1
23,230085,1,1,0,0,0,1,1,19,9997,29,8,2015,7,17,0,1,1,1,1,1,I-95,,2390,45.497,-68.562,0,1,0,0,1,1,0,6,1,1,0,1,0,0,17,6,17,14,88,88,0,0,0,1,1,1
23,230088,2,2,0,0,0,5,5,5,2700,5,9,2015,7,12,10,1,1,2,1,1,I-295,,110,43.734,-70.229,0,12,1,0,1,1,0,1,1,1,0,1,0,0,12,15,12,21,12,38,0,0,0,1,0,2
23,230089,1,1,0,0,0,1,1,3,1500,7,9,2015,2,12,30,0,1,4,1,3,SR-89,MADAWASKA ROAD,99998,46.896,-67.947,0,7,0,0,3,2,0,1,1,1,0,1,0,0,12,30,12,36,13,6,0,0,0,1,0,1
23,230096,2,2,0,0,0,3,3,3,1500,23,9,2015,4,13,6,0,2,3,1,2,US-1,SR 161,99999,46.888,-68.014,0,12,6,0,2,2,0,1,1,1,0,1,0,0,13,7,13,10,13,26,0,0,0,2,0,1
23,230103,1,1,0,0,0,1,1,17,5922,12,9,2015,7,11,59,0,1,5,1,3,SR-121,,99999,44.048,-70.547,0,42,0,0,1,1,0,4,1,1,0,1,0,0,12,55,13,13,14,13,0,0,0,1,0,2
23,230116,1,1,0,0,0,2,2,19,9997,29,11,2015,1,10,49,1,1,3,1,1,I-95,,99998,45.554,-68.55,0,1,0,0,1,1,0,4,1,1,0,1,0,0,10,50,11,3,11,50,0,0,0,1,0,1
23,230117,1,1,0,0,0,1,1,11,7344,26,11,2015,5,0,53,1,1,1,1,1,I-95,,1160,44.412,-69.747,0,1,0,0,1,1,0,3,2,1,0,1,0,0,0,45,0,45,1,35,0,0,0,1,0,1
23,230120,1,1,0,0,0,1,1,11,1660,29,9,2015,3,11,58,1,1,3,1,3,SR-3,,99998,44.407,-69.539,0,35,0,0,1,1,0,4,1,10,0,10,0,0,12,2,12,11,13,22,0,0,0,1,1,2
23,230124,1,1,0,0,0,3,3,25,7905,13,11,2015,6,22,38,0,1,5,21,3,SR-43,ANSON ROAD,99998,44.774,-69.907,0,42,0,0,3,4,0,6,2,10,0,10,0,0,22,41,22,46,23,13,0,0,0,1,1,2
23,230131,1,1,0,0,0,1,1,23,818,21,11,2015,7,4,25,0,1,5,1,3,SR-125,,99998,44.034,-69.953,0,58,0,0,1,1,0,6,2,1,0,1,0,0,4,32,4,51,88,88,0,0,0,1,1,2
23,230132,2,2,0,0,0,2,2,3,5300,23,11,2015,2,7,9,1,1,3,1,2,US-1,,99998,46.357,-67.842,0,12,1,0,1,1,0,1,1,4,0,4,0,0,7,15,7,38,88,88,0,0,0,1,0,1
23,230137,1,1,0,0,0,1,1,7,9100,6,12,2015,1,17,21,1,1,3,1,3,SR-2,,99998,44.595,-70.272,0,32,0,0,1,1,0,6,2,1,0,1,0,0,17,32,17,59,18,53,0,0,0,1,0,2
23,230145,1,1,0,0,0,3,3,3,3825,22,12,2015,3,18,12,1,1,1,1,1,I-95,,99998,45.999,-68.28,0,1,0,0,1,1,0,5,2,3,12,3,0,0,18,19,18,49,19,29,0,0,0,1,0,1
24,240005,2,2,0,0,0,6,6,35,0,10,1,2015,7,1,15,1,2,3,1,2,US-1,SR-213,173,38.954,-76.078,0,12,6,0,2,2,0,1,3,1,0,1,0,0,1,17,1,27,1,59,0,0,0,5,0,1
24,240006,1,1,0,0,0,1,1,35,0,13,1,2015,3,11,54,0,1,7,2,4,CR-12,,19,39.227,-75.977,0,1,0,0,1,1,0,6,1,1,0,1,0,0,11,54,12,9,12,51,0,0,0,1,1,2
24,240010,2,2,0,0,0,5,5,25,0,18,1,2015,1,8,10,0,1,7,1,3,SR-23,,27,39.575,-76.406,0,24,0,0,1,1,0,4,1,2,3,3,0,0,99,99,99,99,99,99,0,0,0,1,0,0
24,240011,2,2,0,0,0,2,2,45,0,20,1,2015,3,18,35,0,2,4,2,3,SR-349,,161,38.355,-75.716,0,11,0,0,1,1,0,1,2,1,0,1,0,0,18,41,18,48,88,88,14,0,0,1,0,2
24,240012,1,1,0,0,0,1,1,5,0,23,1,2015,6,8,32,1,2,1,1,1,I-695,,19,39.321,-76.487,0,1,0,0,1,1,0,8,1,1,0,1,0,0,8,32,8,39,88,88,0,0,0,1,0,1
24,240017,1,1,0,1,1,1,1,3,0,30,1,2015,6,21,34,1,2,2,66,3,SR-295,,89,39.181,-76.721,8,8,0,0,1,1,0,1,2,1,0,1,0,0,21,34,21,38,22,32,0,0,0,1,0,1
24,240018,1,1,0,0,0,1,1,5,0,31,1,2015,7,1,0,1,2,1,1,1,I-695,,90,39.338,-76.745,0,42,0,0,1,1,0,4,2,1,0,1,0,0,99,99,99,99,88,88,0,0,0,1,1,1
24,240020,1,1,0,1,1,2,2,5,0,2,2,2015,2,21,16,1,2,1,1,1,I-695,,27,39.259,-76.674,0,8,0,0,1,1,0,1,2,1,0,1,0,0,99,99,99,99,88,88,0,0,0,1,0,1
24,240021,3,3,0,1,1,3,3,33,0,23,1,2015,6,5,58,0,2,4,1,3,SR-202,CR-1227,107,38.925,-76.871,0,8,0,0,3,3,0,1,2,1,0,1,0,0,99,99,99,99,88,88,0,0,0,1,0,2
24,240022,1,1,0,1,1,1,1,33,0,29,1,2015,5,20,0,1,2,3,1,3,SR-5,SUITLAND PARKWAY,151,38.853,-76.956,0,8,0,0,3,3,0,4,2,1,0,1,0,0,19,59,20,8,20,47,0,0,0,1,0,1
24,240024,1,1,0,0,0,1,1,510,50,3,1,2015,7,4,6,0,2,3,4,3,SR-144,,3,39.281,-76.706,0,33,0,0,1,1,0,4,3,1,0,1,0,0,99,99,99,99,99,99,0,0,0,1,1,2
24,240027,1,1,0,0,0,1,1,27,0,8,2,2015,1,17,16,1,2,1,1,1,I-95,,11,39.146,-76.843,0,24,0,0,1,1,0,3,1,1,0,1,0,0,99,99,99,99,99,99,0,0,0,1,0,1
24,240031,1,1,0,1,1,2,2,5,0,11,2,2015,4,2,12,0,2,4,11,3,SR-151,,48,39.281,-76.485,0,8,0,0,1,1,0,1,2,1,0,1,0,0,2,12,2,16,88,88,0,0,0,1,0,2
24,240032,3,3,0,0,0,3,3,9,0,16,2,2015,2,18,5,0,2,3,1,3,SR-4,,0,38.319,-76.481,0,12,6,0,1,1,0,1,3,4,0,4,0,0,18,9,18,15,18,55,0,0,0,1,1,2
24,240035,2,2,0,0,0,4,4,27,0,17,2,2015,3,9,8,0,1,4,1,3,SR-97,,0,39.239,-77.056,0,48,0,0,1,1,0,4,1,10,0,10,0,0,9,8,9,19,99,99,0,0,0,1,0,2
24,240039,1,1,0,0,0,1,1,25,0,28,2,2015,7,16,10,0,1,4,1,3,SR-23,,104,39.612,-76.532,0,58,0,0,1,1,0,4,1,10,0,10,0,0,16,4,16,12,88,88,2,0,0,1,1,0
24,240041,1,1,0,1,1,1,1,27,0,4,2,2015,4,4,39,0,1,3,1,2,US-1,,99,39.21,-76.723,0,8,0,0,1,1,0,1,3,1,0,1,0,0,99,99,99,99,88,88,0,0,0,1,0,1
24,240042,2,2,0,0,0,2,2,31,0,11,2,2015,4,13,15,1,2,1,1,1,I-495,,36,39.011,-77.15,0,12,7,0,1,1,0,1,1,1,0,1,0,0,99,99,99,99,99,99,0,0,0,1,0,1
24,240045,1,1,0,0,0,1,1,3,0,1,3,2015,1,18,58,1,2,1,1,1,I-695,,7,39.202,-76.632,0,25,0,0,1,1,0,4,2,2,3,3,0,0,18,58,19,2,88,88,0,0,0,1,1,1
24,240046,3,3,0,0,0,4,4,13,1530,6,3,2015,6,13,45,0,2,4,1,3,SR-32,,11,39.38,-76.968,0,12,7,0,1,1,0,1,1,1,0,1,0,0,13,45,13,56,14,25,0,0,0,1,0,2
24,240047,2,2,0,0,0,4,4,45,0,8,3,2015,1,19,43,1,1,3,1,2,US-50,CR-733,254,38.386,-75.422,0,12,6,0,2,2,0,1,3,1,0,1,0,0,19,43,19,56,20,39,0,0,0,1,0,2
24,240049,2,2,0,0,0,2,2,5,0,9,3,2015,2,14,9,0,2,3,1,3,SR-140,,64,39.43,-76.793,0,12,2,0,1,1,0,1,1,1,0,1,0,0,14,9,14,14,14,55,0,0,0,1,0,1
24,240051,4,4,0,0,0,4,4,31,0,9,3,2015,2,7,39,0,2,4,1,3,SR-28,,21,39.198,-77.429,0,12,6,0,1,1,0,1,1,98,0,98,0,0,99,99,99,99,99,99,14,0,0,1,0,2
24,240054,2,2,0,0,0,3,3,5,0,1,3,2015,1,1,40,0,2,3,1,2,US-50,ENTRANCE TO SHOPPING CENTER,169,39.335,-76.485,0,12,1,0,3,2,0,1,3,1,0,1,0,0,99,99,99,99,88,88,0,0,0,1,1,2
24,240055,1,1,0,0,0,2,2,35,0,15,3,2015,1,3,25,0,1,5,1,3,SR-309,SR-213,91,39,-76.073,0,42,0,0,3,3,0,4,2,1,0,1,0,0,3,32,3,52,99,99,0,0,0,1,1,1
24,240056,2,2,0,0,0,3,3,35,0,15,3,2015,1,19,32,1,1,3,1,2,US-50,,62,38.973,-76.26,0,12,2,0,1,1,0,1,5,1,0,1,0,0,19,25,19,38,20,20,0,0,0,2,1,2
24,240057,1,1,0,1,1,1,1,31,0,18,3,2015,4,1,26,1,2,1,1,1,I-270,,157,39.195,-77.261,0,8,0,0,1,1,0,1,2,1,0,1,0,0,99,99,99,99,88,88,0,0,0,1,0,2
24,240061,1,1,0,0,0,2,2,33,0,7,3,2015,7,3,21,0,2,4,1,3,SR-193,,91,38.992,-76.841,0,38,0,0,1,1,0,4,2,10,0,10,0,0,99,99,99,99,99,99,20,0,0,1,1,2
24,240064,1,1,0,0,0,1,1,37,0,22,3,2015,1,3,38,0,1,4,1,3,SR-5,,298,38.323,-76.676,0,30,0,0,1,1,0,4,2,1,0,1,0,0,3,40,3,47,88,88,0,0,0,1,1,1
24,240065,2,2,0,0,0,2,2,33,0,25,3,2015,4,9,27,0,2,7,1,3,SR-5,CR-823,40,38.715,-76.878,0,12,6,0,2,2,0,1,1,10,0,10,0,0,99,99,99,99,99,99,0,0,0,1,0,1
24,240066,1,1,0,1,1,2,2,31,0,24,3,2015,3,6,34,0,2,3,1,3,SR-193,,30,39.036,-77.028,0,8,0,0,1,1,0,1,4,1,0,1,0,0,99,99,99,99,99,99,0,0,0,1,0,2
24,240068,1,1,0,1,1,1,1,13,0,7,3,2015,7,19,13,1,2,3,1,3,SR-140,,83,39.568,-76.979,0,8,0,0,1,1,0,1,2,1,0,1,0,0,99,99,99,99,88,88,0,0,0,1,0,1
24,240070,1,1,0,0,0,1,1,33,0,29,3,2015,1,3,32,1,2,1,1,1,I-95,,147,38.89,-76.846,0,24,0,0,1,1,0,3,6,1,0,1,0,0,99,99,99,99,88,88,0,0,0,1,1,1
24,240074,2,2,0,0,0,2,2,5,0,24,3,2015,3,22,47,0,2,4,1,3,SR-150,CR-5135,20,39.301,-76.492,0,12,11,0,2,2,0,1,3,1,0,1,0,0,22,44,22,50,99,99,0,0,0,1,0,0
24,240076,1,1,0,1,1,1,1,19,230,28,3,2015,7,20,39,0,1,4,1,3,SR-16,,153,38.547,-76.071,0,8,0,0,1,1,0,1,2,1,0,1,0,0,20,35,20,39,21,7,0,0,0,2,0,2
24,240077,1,1,0,0,0,1,1,43,0,1,4,2015,4,7,29,1,1,1,1,1,I-70,,277,39.606,-77.771,0,34,0,0,1,1,0,4,1,1,0,1,0,0,7,22,7,35,88,88,0,0,0,1,0,0
24,240078,3,3,0,0,0,7,7,3,0,7,4,2015,3,20,7,0,2,4,1,3,SR-170,,33,39.133,-76.688,0,12,8,0,1,1,0,1,3,10,0,10,0,0,99,99,99,99,88,88,0,0,0,1,1,2
24,240079,2,2,0,0,0,2,2,43,0,9,4,2015,5,0,16,1,2,1,1,1,I-70,,177,39.653,-77.917,0,12,2,0,1,1,0,1,3,2,0,2,0,0,0,13,0,23,88,88,0,0,0,2,1,1
24,240081,2,2,0,0,0,2,2,37,0,10,4,2015,6,11,0,0,2,4,1,3,SR-5,,292,38.32,-76.672,0,12,1,0,8,1,0,1,1,10,0,10,0,0,10,59,11,11,11,33,0,0,0,1,0,1
24,240082,2,2,0,0,0,3,3,33,0,11,4,2015,7,2,55,1,2,1,1,1,I-95,,185,38.948,-76.86,0,12,6,0,1,1,0,1,3,1,0,1,0,0,99,99,99,99,99,99,0,0,0,1,1,1
24,240084,1,1,0,0,0,1,1,45,0,12,4,2015,1,0,23,1,2,3,1,2,US-50,,94,38.428,-75.672,0,7,0,0,1,1,1,1,6,1,0,1,0,0,0,21,0,29,88,88,3,0,0,1,1,2
24,240086,1,1,0,0,0,1,1,3,0,11,4,2015,7,21,29,0,2,2,1,3,SR-32,,61,39.098,-76.712,0,42,0,0,1,1,0,4,2,1,0,1,0,0,21,29,21,34,88,88,0,0,0,1,0,2
24,240091,2,1,1,0,0,2,2,5,0,16,4,2015,5,20,32,1,2,1,1,1,I-695,,57,39.296,-76.743,0,14,0,0,1,1,0,4,2,1,0,1,0,0,99,99,99,99,99,99,0,0,0,1,0,1
24,240093,2,2,0,0,0,2,2,31,0,6,4,2015,2,16,57,0,2,3,1,3,SR-198,,15,39.116,-76.964,0,12,99,0,8,1,0,1,1,1,0,1,0,0,99,99,99,99,88,88,0,0,0,1,1,1
24,240095,1,1,0,1,1,1,1,3,0,19,4,2015,1,23,25,0,2,4,1,3,SR-177,,32,39.128,-76.54,0,8,0,0,1,1,0,1,2,2,0,2,0,0,99,99,99,99,88,88,0,0,0,1,0,2
24,240096,2,2,0,0,0,2,2,17,0,20,4,2015,2,15,48,1,2,3,1,2,US-301,CR-117,174,38.565,-76.984,0,12,6,0,2,2,0,1,1,1,0,1,0,0,15,47,15,51,16,18,0,0,0,1,0,0
24,240100,4,4,0,0,0,5,5,33,0,19,3,2015,5,20,39,0,2,3,1,3,SR-5,,149,38.851,-76.955,0,12,1,0,1,1,0,1,2,10,0,10,0,0,99,99,99,99,99,99,0,0,0,1,0,1
24,240103,1,1,0,0,0,1,1,33,0,28,4,2015,3,2,52,0,2,3,1,3,SR-3,,15,38.98,-76.714,0,42,0,0,1,1,0,3,3,1,0,1,0,0,99,99,99,99,88,88,0,0,0,1,1,2
24,240106,1,1,0,0,0,1,1,19,0,28,4,2015,3,19,40,0,1,5,1,3,SR-313,,75,38.614,-75.777,0,53,0,0,1,1,0,4,5,1,0,1,0,0,19,39,19,44,88,88,0,0,0,1,1,1
24,240107,1,1,0,1,1,1,1,510,50,5,2,2015,5,19,31,1,2,3,1,2,US-1,,104,39.34,-76.548,0,8,0,0,1,1,0,1,3,1,0,1,0,0,19,16,19,24,19,42,0,0,0,1,0,1
24,240109,2,2,0,0,0,4,4,25,0,30,4,2015,5,19,3,1,2,1,1,1,I-95,,92,39.506,-76.215,0,12,1,0,7,1,0,1,1,1,0,1,0,0,19,2,19,17,20,15,0,0,0,1,0,1
24,240110,2,2,0,0,0,4,4,41,0,29,4,2015,4,23,2,1,2,3,1,2,US-50,,93,38.803,-76.06,0,12,1,0,1,1,0,1,2,1,0,1,0,0,99,99,99,99,99,99,0,0,0,1,0,2
24,240113,2,2,0,0,0,7,7,25,0,16,4,2015,5,10,26,0,2,3,1,3,SR-155,I-95 RAMP,67,39.57,-76.136,0,12,6,0,3,3,0,1,1,1,0,1,0,0,10,16,10,25,11,12,0,0,0,1,0,1
24,240114,1,1,0,0,0,1,1,21,0,17,4,2015,6,2,20,0,1,5,1,2,US-40,CR-692,6,39.533,-77.594,0,58,0,0,2,2,0,1,2,2,0,2,0,0,99,99,99,99,88,88,0,0,0,1,1,0
24,240115,1,1,0,0,0,1,1,21,0,3,4,2015,6,16,52,1,2,1,1,1,I-70,,7,39.453,-77.505,0,42,0,0,1,1,0,3,1,2,0,2,0,0,99,99,99,99,88,88,0,0,0,1,0,0
24,240121,1,1,0,1,1,2,2,5,725,21,5,2015,5,0,36,0,2,7,1,3,SR-122,,126,39.312,-76.732,0,8,0,0,1,1,0,1,2,1,0,1,0,0,99,99,99,99,99,99,0,0,0,1,0,2
24,240123,2,2,0,0,0,2,2,5,0,27,4,2015,2,14,27,0,2,7,1,3,SR-45,FREELAIND RD,256,39.718,-76.656,0,12,6,0,2,2,0,1,1,1,0,1,0,0,14,38,14,50,15,31,0,0,0,1,0,0
24,240126,2,2,0,0,0,3,3,33,0,2,5,2015,7,21,14,0,2,2,1,3,SR-5,CR-2951,49,38.728,-76.881,0,12,6,0,2,2,0,1,2,1,0,1,0,0,20,59,21,7,21,25,0,0,0,1,0,1
24,240129,5,5,0,0,0,8,8,17,0,3,5,2015,1,16,1,0,2,3,1,2,US-1,SR-5,262,38.657,-76.876,0,12,1,0,2,2,0,1,1,1,0,1,0,0,16,0,16,11,16,38,14,0,0,2,0,1
24,240134,6,2,4,0,0,2,2,5,0,6,5,2015,4,9,8,1,2,3,1,2,US-1,,259,39.468,-76.41,0,12,6,0,8,1,0,1,1,1,0,1,0,0,9,4,9,19,9,44,0,0,0,1,0,1
24,240135,2,2,0,0,0,2,2,3,0,5,5,2015,3,19,9,0,2,3,1,3,SR-2,CR-2420,269,39.052,-76.522,0,12,6,0,2,3,0,1,5,1,0,1,0,0,19,8,19,19,19,54,0,0,0,2,1,2
24,240138,1,1,0,0,0,1,1,17,0,9,5,2015,7,22,37,0,1,4,1,3,SR-6,,307,38.489,-76.917,0,52,0,0,1,1,0,4,2,1,0,1,0,0,22,29,22,41,23,50,0,0,0,1,0,2
24,240139,2,2,0,0,0,3,3,13,0,10,5,2015,1,14,44,0,2,3,1,3,SR-32,,76,39.455,-76.928,0,12,2,0,1,1,0,1,1,1,0,1,0,0,14,38,14,43,99,99,0,0,0,1,0,2
24,240140,1,1,0,0,0,1,1,5,0,10,5,2015,1,23,54,1,2,1,1,1,I-95,,0,39.427,-76.39,0,31,0,0,1,1,0,4,2,98,0,98,0,0,99,99,99,99,88,88,0,0,0,1,0,1
24,240142,1,1,0,0,0,1,1,33,0,11,5,2015,2,12,13,1,2,3,1,2,US-301,,64,38.734,-76.827,0,42,0,0,1,1,0,4,1,10,0,10,0,0,12,7,12,16,13,0,0,0,0,1,0,0
24,240143,1,1,0,0,0,3,3,47,0,11,5,2015,2,20,29,0,1,5,1,3,SR-12,,63,38.083,-75.399,0,42,0,0,1,1,0,4,2,2,0,2,0,0,99,99,99,99,88,88,0,0,0,3,1,2
24,240145,1,1,0,0,0,1,1,47,0,16,5,2015,7,18,17,1,1,3,1,2,US-50,,3,38.385,-75.321,0,42,0,0,1,1,0,4,1,10,0,10,0,0,18,15,18,25,88,88,0,0,0,1,1,2
24,240146,1,1,0,0,0,1,1,11,0,11,5,2015,2,14,39,0,1,4,1,3,SR-313,,42,38.713,-75.788,0,35,0,0,1,1,0,4,1,1,0,1,0,0,99,99,99,99,99,99,0,0,0,1,0,1
24,240147,1,1,0,0,0,2,2,9,0,1,5,2015,6,1,18,0,2,2,1,3,SR-4,,0,38.324,-76.474,0,26,0,0,1,1,0,4,2,2,0,2,0,0,1,22,1,28,99,99,0,0,0,1,0,2
24,240150,1,1,0,0,0,2,2,510,50,12,5,2015,3,21,27,0,2,3,1,3,SR-140,PATTERSON AVE,46,39.356,-76.703,0,30,0,0,3,2,0,4,3,1,0,1,0,0,99,99,99,99,99,99,0,0,0,2,1,1
24,240151,2,2,0,0,0,2,2,27,0,12,5,2015,3,17,8,0,1,4,1,3,SR-32,LIVESTOCK RD,198,39.313,-76.951,0,12,6,0,7,1,0,1,1,1,0,1,0,0,99,99,99,99,99,99,0,0,0,1,0,2
24,240152,1,1,0,0,0,1,1,47,0,25,5,2015,2,3,41,0,1,3,1,3,SR-90,,4,38.37,-75.267,0,42,0,0,1,1,0,3,2,1,0,1,0,0,3,40,3,48,88,88,0,0,0,1,1,2
24,240154,1,1,0,1,1,2,2,33,0,26,5,2015,3,3,48,1,2,1,1,1,I-95,,221,38.985,-76.88,0,8,0,0,1,1,0,1,2,1,0,1,0,0,3,47,3,53,88,88,0,0,0,1,0,1
24,240155,2,2,0,0,0,2,2,35,0,27,5,2015,4,9,56,1,1,3,1,2,US-301,SR-405,269,39.099,-75.961,0,12,6,0,2,2,0,1,1,1,0,1,0,0,9,55,10,27,10,52,0,0,0,1,0,0
24,240156,2,1,1,1,3,1,3,25,0,28,5,2015,5,13,15,1,2,1,1,1,I-95,,168,39.573,-76.136,0,14,0,1,19,1,0,4,1,1,0,1,0,0,99,99,99,99,99,99,0,0,0,1,0,1
24,240157,2,2,0,0,0,2,2,31,0,31,5,2015,1,23,26,0,2,3,1,3,SR-115,,27,39.136,-77.125,0,12,2,0,1,1,0,1,2,1,0,1,0,0,99,99,99,99,99,99,0,0,0,1,2,2
24,240159,1,1,0,0,0,1,1,45,0,1,6,2015,2,11,27,1,2,3,1,2,US-50,,87,38.438,-75.682,0,59,0,0,1,1,0,4,1,1,0,1,0,0,99,99,99,99,88,88,0,0,0,1,1,2
24,240161,2,2,0,0,0,2,2,31,0,13,5,2015,4,13,48,0,2,2,1,3,SR-200,,120,39.086,-77.019,0,12,1,0,1,1,0,1,1,1,0,1,0,0,99,99,99,99,99,99,0,0,0,1,0,1
24,240162,2,2,0,1,1,4,4,510,50,28,5,2015,5,19,55,0,2,4,1,3,SR-140,BOARMAN AVE,22,39.338,-76.667,0,12,2,0,2,2,0,1,5,1,0,1,0,0,19,57,20,0,20,15,0,0,0,1,0,1
24,240164,3,3,0,0,0,5,5,13,0,10,5,2015,1,15,10,0,2,3,1,3,SR-140,CR-503,32,39.518,-76.913,0,12,1,0,3,2,0,1,1,1,0,1,0,0,15,7,15,13,15,37,0,0,0,1,0,1
24,240166,2,2,0,0,0,2,2,33,0,30,5,2015,7,0,59,0,2,4,1,3,SR-210,CR-1077,59,38.691,-76.989,0,12,6,0,2,3,0,1,3,1,0,1,0,0,99,99,99,99,99,99,0,0,0,1,2,2
24,240167,1,1,0,0,0,1,1,9,0,23,5,2015,7,17,25,0,2,3,1,3,SR-260,CHESAPEAKE BEACH RD,0,38.698,-76.544,0,33,0,0,3,3,0,4,1,1,0,1,0,0,17,27,17,29,18,4,0,0,0,1,0,0
24,240169,1,1,0,0,0,2,2,25,0,5,6,2015,6,23,29,1,2,3,1,2,US-40,,116,39.492,-76.19,0,30,0,0,1,1,0,4,3,1,0,1,0,0,23,24,23,30,0,2,0,0,0,1,0,0
24,240176,2,2,0,0,0,2,2,33,0,6,6,2015,7,13,30,0,2,3,1,3,SR-5,CR-2951,49,38.728,-76.881,0,12,6,0,2,2,0,1,1,1,0,1,0,0,13,27,13,41,14,26,0,0,0,1,0,1
24,240178,2,1,1,0,0,1,1,21,0,20,3,2015,6,7,21,1,2,3,1,2,US-15,,350,39.691,-77.324,0,14,0,0,1,1,0,4,1,4,0,4,0,0,7,20,7,29,8,17,0,0,0,1,0,0
24,240179,1,1,0,0,0,1,1,21,0,26,6,2015,6,4,32,0,1,5,1,3,SR-17,,247,39.569,-77.532,0,24,0,0,1,1,0,4,2,99,0,99,0,0,4,32,4,44,88,88,0,0,0,1,0,2
24,240180,1,1,0,0,0,1,1,43,0,26,6,2015,6,23,51,0,1,4,1,3,SR-34,,25,39.456,-77.758,0,1,0,0,1,1,0,1,2,10,0,10,0,0,23,51,0,1,88,88,0,0,0,1,1,2
24,240182,1,1,0,0,0,1,1,31,0,28,6,2015,1,0,41,1,2,1,1,1,I-270,,140,39.177,-77.247,0,24,0,1,5,1,0,3,3,5,0,5,0,0,99,99,99,99,88,88,0,0,0,1,1,2
24,240183,1,1,0,0,0,1,1,33,0,28,6,2015,1,3,57,1,2,1,1,1,I-95,,306,39.075,-76.904,0,35,0,0,1,1,0,3,2,2,10,2,0,0,99,99,99,99,88,88,0,0,0,1,0,1
24,240184,1,1,0,1,1,1,1,3,0,27,6,2015,7,22,3,0,2,3,1,3,SR-2,CR-2836,201,38.979,-76.539,0,8,0,0,2,2,0,1,2,2,0,2,0,0,22,4,22,9,88,88,0,0,0,1,0,2
24,240188,1,1,0,0,0,1,1,31,0,23,6,2015,3,20,26,0,1,4,1,3,SR-28,,62,39.163,-77.387,0,16,0,0,1,1,0,1,5,10,0,10,0,0,99,99,99,99,88,88,0,0,0,1,0,2
24,240190,1,1,0,0,0,1,1,5,0,19,6,2015,6,11,4,0,2,3,1,3,SR-26,,69,39.359,-76.771,0,33,0,0,1,1,0,4,1,10,0,10,0,0,11,5,11,21,11,55,0,0,0,1,0,1
24,240192,1,1,0,0,0,1,1,21,0,30,5,2015,7,12,42,0,1,5,1,3,SR-80,,18,39.327,-77.41,0,38,0,0,1,1,0,6,1,1,0,1,0,0,12,30,13,16,13,42,0,0,0,1,0,2