STATE,ST_CASE,VE_TOTAL,VE_FORMS,PVH_INVL,PEDS,PERNOTMVIT,PERMVIT,PERSONS,COUNTY,CITY,DAY,MONTH,YEAR,DAY_WEEK,HOUR,MINUTE,NHS,RUR_URB,FUNC_SYS,RD_OWNER,ROUTE,TWAY_ID,TWAY_ID2,MILEPT,LATITUDE,LONGITUD,SP_JUR,HARM_EV,MAN_COLL,RELJCT1,RELJCT2,TYP_INT,WRK_ZONE,REL_ROAD,LGT_COND,WEATHER1,WEATHER2,WEATHER,SCH_BUS,RAIL,NOT_HOUR,NOT_MIN,ARR_HOUR,ARR_MIN,HOSP_HR,HOSP_MN,CF1,CF2,CF3,FATALS,DRUNK_DR,RANK
24,240197,1,1,0,1,1,2,2,5,0,29,6,2015,2,21,7,1,2,3,1,2,US-40,WESTVIEW SHOPPING CENTER ENT,26,39.288,-76.734,0,8,0,0,3,2,0,1,3,1,0,1,0,0,99,99,99,99,99,99,0,0,0,1,0,0
24,240202,4,3,1,1,1,2,2,33,0,25,6,2015,5,1,35,1,2,1,1,1,I-95,SR-200,306,39.065,-76.912,0,12,1,0,1,1,4,1,3,1,0,1,0,0,1,30,1,41,2,6,0,0,0,1,0,1
24,240204,2,2,0,0,0,5,5,5,0,20,6,2015,7,21,19,0,2,3,1,2,US-1,,259,39.474,-76.409,0,12,6,0,1,1,0,1,2,2,0,2,0,0,99,99,99,99,99,99,0,0,0,1,1,1
24,240205,2,2,0,0,0,2,2,27,0,8,8,2015,7,16,49,1,2,3,1,2,US-1,,106,39.216,-76.712,0,12,1,0,8,1,0,1,1,1,0,1,0,0,16,49,16,54,17,19,0,0,0,1,1,1
24,240206,2,2,0,0,0,3,3,25,0,1,7,2015,4,20,33,0,1,4,1,3,SR-155,CR-1065,58,39.575,-76.148,0,12,6,0,2,2,0,1,5,1,0,1,0,0,20,31,20,37,21,30,0,0,0,1,0,1
24,240211,2,2,0,0,0,4,4,5,0,4,7,2015,7,11,31,0,2,3,1,3,SR-150,STUART STREET,35,39.31,-76.471,0,12,2,0,2,2,0,1,1,2,0,2,0,0,11,31,11,34,12,7,0,0,0,1,1,0
24,240212,1,1,0,0,0,1,1,9,0,8,7,2015,4,19,18,0,2,5,2,4,CR-17,,10,38.71,-76.548,0,59,0,0,1,1,0,4,1,2,0,2,0,0,99,99,99,99,88,88,0,0,0,1,1,2
24,240213,2,2,0,0,0,3,3,23,0,9,7,2015,5,11,38,0,1,5,1,3,SR-42,MAPLE STREET,78,39.663,-79.415,0,12,6,0,2,2,0,1,1,1,0,1,0,0,11,36,11,41,12,30,0,0,0,1,0,1
24,240215,2,2,0,0,0,3,3,13,0,13,7,2015,2,9,28,0,1,4,1,3,SR-27,,77,39.445,-77.095,0,12,2,0,1,1,0,1,1,1,0,1,0,0,9,26,9,35,10,20,0,0,0,1,0,2
24,240221,2,2,0,0,0,4,4,5,0,2,7,2015,5,21,53,0,2,3,1,3,SR-146,,42,39.463,-76.586,0,12,2,0,1,1,0,1,3,1,0,1,0,0,99,99,99,99,99,99,0,0,0,1,0,2
24,240222,1,1,0,0,0,1,1,31,0,5,7,2015,1,5,7,0,2,4,1,3,SR-108,,27,39.278,-77.167,0,30,0,0,1,1,0,4,2,5,0,5,0,0,99,99,99,99,88,88,0,0,0,1,1,1
24,240226,4,2,2,0,0,4,4,45,0,26,7,2015,1,14,48,1,2,2,1,2,US-13,FOSKEY LA,11151,38.445,-75.56,0,12,6,0,2,2,0,1,1,1,0,1,0,0,13,55,13,5,13,58,0,0,0,1,0,0
24,240227,3,3,0,0,0,5,5,5,0,3,7,2015,6,5,33,0,1,4,1,3,SR-26,,1,39.396,-76.879,0,12,8,0,1,1,0,1,1,1,0,1,0,0,99,99,99,99,99,99,0,0,0,1,0,1
24,240229,2,2,0,0,0,2,2,15,0,29,7,2015,4,8,58,0,2,4,1,2,US-40,CR-175,104,39.611,-75.908,0,12,6,0,2,3,0,1,1,1,0,1,0,0,8,28,8,59,9,50,0,0,0,1,0,0
24,240232,5,5,0,0,0,6,6,33,0,21,7,2015,3,16,55,1,1,3,1,2,US-301,,4,38.664,-76.875,0,12,7,0,1,1,0,1,1,1,0,1,0,0,16,43,17,16,17,59,14,0,0,1,0,0
24,240233,1,1,0,0,0,1,1,1,0,15,3,2015,1,2,2,0,2,4,1,3,SR-61,,18,39.642,-78.764,0,24,0,0,1,1,0,4,3,1,0,1,0,0,2,16,2,20,88,88,0,0,0,1,1,2
24,240235,2,2,0,1,1,2,2,25,0,7,8,2015,6,21,25,1,2,3,1,2,US-40,SR-7,107,39.489,-76.197,0,8,0,0,3,4,0,1,2,1,0,1,0,0,21,19,21,25,88,88,0,0,0,1,0,0
24,240236,1,1,0,0,0,1,1,31,0,2,8,2015,1,8,5,0,2,3,1,3,SR-108,,162,39.149,-77.019,0,59,0,0,1,1,0,4,1,1,0,1,0,0,8,10,8,15,8,47,0,0,0,1,0,1
24,240237,2,2,0,0,0,6,6,3,0,1,8,2015,7,16,17,0,2,4,1,3,SR-2,,19,38.762,-76.597,0,12,2,0,1,1,0,1,1,1,0,1,0,0,15,42,16,23,17,8,0,0,0,1,0,2
24,240238,2,2,0,0,0,3,3,43,0,4,8,2015,3,2,17,1,1,1,1,1,I-70,,31,39.696,-78.151,0,12,2,0,1,1,0,1,2,1,0,1,0,0,2,15,2,25,3,41,0,0,0,2,0,1
24,240239,2,2,0,0,0,2,2,5,0,5,8,2015,4,11,11,0,2,3,1,3,SR-45,CR-801,61,39.454,-76.632,0,12,6,0,2,3,0,1,1,1,0,1,0,0,99,99,99,99,99,99,0,0,0,1,0,0
24,240240,2,2,0,0,0,2,2,33,0,6,8,2015,5,0,3,1,2,1,1,1,I-95,,131,38.865,-76.847,0,12,1,0,1,1,1,1,2,1,0,1,0,0,0,5,0,12,0,43,0,0,0,1,1,1
24,240242,1,1,0,0,0,2,2,5,0,1,9,2015,3,13,28,1,2,3,1,2,US-1,CR-3481,0,39.361,-76.524,0,33,0,0,3,3,0,4,1,1,0,1,0,0,13,28,13,56,14,7,0,0,0,1,0,1
24,240243,1,1,0,1,1,1,1,25,0,2,9,2015,4,23,5,1,2,2,1,2,US-40,,15,39.43,-76.348,0,8,0,0,1,1,0,1,2,1,0,1,0,0,22,59,23,7,88,88,0,0,0,1,0,0
24,240244,2,2,0,0,0,6,6,5,0,6,8,2015,5,20,8,0,2,3,1,3,SR-151,CR-5148,72,39.296,-76.525,0,12,1,0,3,2,0,1,5,10,0,10,0,0,20,10,20,19,99,99,0,0,0,2,0,2
24,240246,1,1,0,0,0,1,1,3,0,10,8,2015,2,2,14,0,2,2,1,3,SR-10,,69,39.202,-76.601,0,59,0,0,1,1,0,3,3,1,0,1,0,0,99,99,99,99,88,88,0,0,0,1,1,2
24,240247,3,3,0,0,0,4,4,33,0,3,9,2015,5,17,46,1,2,1,1,1,I-95,,43,38.808,-76.975,0,12,6,0,1,1,0,1,1,2,0,2,0,0,99,99,99,99,99,99,0,0,0,1,1,1
24,240248,2,2,0,0,0,2,2,5,0,10,8,2015,2,7,25,0,2,3,1,3,SR-30,CR-187,33,39.517,-76.835,0,12,1,0,2,3,0,1,1,1,0,1,0,0,7,27,7,34,99,99,0,0,0,1,0,1
24,240249,1,1,0,0,0,1,1,31,0,5,8,2015,4,12,38,1,2,1,1,1,I-495,,104,39.014,-77.044,0,33,0,0,1,1,0,4,1,1,0,1,0,0,12,9,12,17,12,42,0,0,0,1,0,1
24,240250,2,2,0,0,0,6,6,31,0,4,8,2015,3,19,5,0,1,4,1,3,SR-28,,98,39.129,-77.343,0,12,6,0,1,1,0,1,1,10,0,10,0,0,19,5,19,13,20,20,0,0,0,1,1,2
24,240252,3,3,0,0,0,4,4,9,0,3,9,2015,5,19,40,0,2,3,1,3,SR-2,SR-760,32,38.375,-76.444,0,12,6,0,2,2,0,1,5,1,0,1,0,0,19,42,19,46,88,88,0,0,0,2,0,2
24,240253,2,2,0,0,0,2,2,31,0,4,9,2015,6,11,43,0,2,3,1,3,SR-28,CR-1338,261,39.101,-77.095,0,12,6,0,2,2,0,1,1,1,0,1,0,0,11,43,11,50,12,12,0,0,0,1,0,2
24,240255,3,3,0,0,0,3,3,25,0,8,9,2015,3,11,54,0,1,4,1,3,SR-136,CR-121,172,39.696,-76.32,0,12,1,0,3,2,0,1,1,1,0,1,0,0,11,57,12,2,12,26,14,0,0,1,0,2
24,240256,2,2,0,0,0,2,2,25,0,14,8,2015,6,22,8,0,2,3,1,2,US-40,,71,39.461,-76.255,0,5,0,0,1,1,0,1,2,1,0,1,0,0,22,5,22,9,88,88,14,0,0,1,1,0
24,240258,2,2,0,2,2,1,1,43,0,16,8,2015,1,22,31,1,2,1,1,1,I-70,,108,39.643,-78.036,0,12,7,0,1,1,0,1,2,1,0,1,0,0,22,30,22,40,99,99,23,17,15,1,0,0
24,240263,2,2,0,1,1,4,4,5,0,15,9,2015,3,17,52,1,2,1,1,1,I-95,,19,39.243,-76.691,0,25,0,0,1,1,0,4,1,1,0,1,0,0,99,99,99,99,99,99,23,0,0,1,0,1
24,240264,2,2,0,0,0,2,2,25,0,17,8,2015,2,9,35,0,1,5,1,3,SR-136,,271,39.701,-76.482,0,12,2,0,1,1,0,1,1,1,0,1,0,0,99,99,99,99,99,99,0,0,0,1,0,2
24,240267,2,2,0,1,1,2,2,33,0,10,8,2015,2,22,47,0,2,2,1,3,SR-210,,105,38.773,-76.996,0,8,0,0,1,1,0,1,2,2,0,2,0,0,99,99,99,99,88,88,23,0,0,1,0,2
24,240268,2,2,0,0,0,3,3,5,0,21,8,2015,6,1,20,1,2,1,1,1,I-695,,168,39.406,-76.672,0,12,9,0,1,1,0,1,2,1,0,1,0,0,1,21,1,45,99,99,0,0,0,1,1,1
24,240270,1,1,0,0,0,1,1,27,0,9,9,2015,4,9,7,1,2,1,1,1,I-70,,0,39.356,-77.138,0,42,0,0,1,1,0,3,1,1,0,1,0,0,9,7,9,14,9,47,0,0,0,1,0,0
24,240271,1,1,0,1,1,1,1,45,0,15,8,2015,7,4,36,1,2,3,1,2,US-13,E. STATE STREET,158,38.456,-75.558,0,8,0,0,2,2,0,1,3,1,0,1,0,0,99,99,99,99,88,88,0,0,0,1,0,0
24,240272,2,2,0,0,0,2,2,33,0,17,8,2015,2,9,31,0,2,4,1,3,SR-704,CR-3848,27,38.922,-76.877,0,12,6,0,2,3,0,1,1,1,0,1,0,0,99,99,99,99,99,99,0,0,0,1,0,2
24,240273,2,2,0,0,0,4,4,33,0,19,8,2015,4,21,38,0,2,2,1,3,SR-5,CR-2951,49,38.728,-76.881,0,12,6,0,2,98,0,1,2,10,0,10,0,0,99,99,99,99,99,99,0,0,0,2,1,1
24,240276,2,2,0,0,0,2,2,37,0,26,8,2015,4,13,33,0,2,3,1,3,SR-4,,81,38.316,-76.491,0,12,2,0,1,1,0,1,1,1,0,1,0,0,99,99,99,99,99,99,0,0,0,1,0,2
24,240278,2,2,0,1,1,2,2,17,0,27,8,2015,5,22,27,1,2,3,1,2,US-301,,262,38.658,-76.874,0,8,0,0,5,1,0,1,2,1,0,1,0,0,99,99,99,99,88,88,0,0,0,1,0,0
24,240279,1,1,0,0,0,1,1,13,0,18,9,2015,6,23,0,0,1,4,1,3,SR-97,,57,39.442,-76.998,0,24,0,0,1,1,0,4,2,1,0,1,0,0,23,1,23,10,23,28,0,0,0,1,0,2
24,240282,1,1,0,1,1,1,1,27,0,19,9,2015,7,15,40,0,1,7,1,3,SR-9,,75,39.357,-77.138,0,9,0,0,1,1,0,1,1,1,0,1,0,0,15,41,15,51,88,88,0,0,0,1,0,2
24,240287,1,1,0,0,0,4,4,45,0,24,8,2015,2,13,9,1,1,3,1,2,US-50,,68,38.451,-75.706,0,34,0,0,1,1,0,4,1,1,0,1,0,0,13,9,13,15,13,39,0,0,0,1,0,2
24,240292,2,2,0,0,0,11,11,25,0,15,4,2015,4,14,48,0,1,4,1,3,SR-165,CR-77,83,39.627,-76.475,0,12,6,0,2,2,0,1,1,1,0,1,1,0,99,99,99,99,99,99,0,0,0,1,0,2
24,240293,2,2,0,0,0,2,2,33,0,19,9,2015,7,2,35,0,2,2,1,3,SR-210,CR-118,68,38.713,-76.99,0,12,6,0,2,2,0,1,3,1,0,1,0,0,99,99,99,99,99,99,0,0,0,1,1,2
24,240298,1,1,0,0,0,1,1,17,0,27,9,2015,1,10,3,0,1,5,1,3,SR-257,,57,38.333,-76.92,0,42,0,0,1,1,0,4,1,1,0,1,0,0,10,1,10,11,10,59,0,0,0,1,0,1
24,240300,1,1,0,0,0,1,1,510,50,16,4,2015,5,13,34,1,2,1,1,1,I-95,,83,39.285,-76.544,0,24,0,0,1,1,0,4,1,1,0,1,0,0,99,99,99,99,88,88,0,0,0,1,1,1
24,240303,1,1,0,1,1,2,2,45,1380,18,9,2015,6,5,49,0,2,3,1,2,US-50,549,20008,38.376,-75.618,0,8,0,0,1,1,0,1,2,1,0,1,0,0,5,44,5,51,6,2,0,0,0,1,0,2
24,240304,1,1,0,0,0,1,1,31,0,4,10,2015,1,9,8,1,2,1,1,1,I-270,,83,39.112,-77.19,0,1,0,0,20,1,0,1,1,10,0,10,0,0,99,99,99,99,88,88,0,0,0,1,0,2
24,240305,2,2,0,0,0,8,8,21,0,4,9,2015,6,20,50,0,1,4,1,3,SR-85,CR-325,25,39.295,-77.454,0,12,6,0,2,2,0,1,3,1,0,1,0,0,20,50,21,3,21,49,0,0,0,1,1,1
24,240306,1,1,0,0,0,1,1,21,0,2,9,2015,4,4,18,1,2,3,1,2,US-15,,335,39.673,-77.358,0,1,0,0,1,1,1,4,2,10,0,10,0,0,4,18,4,30,88,88,3,0,0,1,0,0
24,240308,3,3,0,0,0,4,4,33,0,14,9,2015,2,14,24,0,2,3,1,3,SR-4,,50,38.812,-76.72,0,12,2,0,1,1,0,1,1,1,0,1,0,0,99,99,99,99,99,99,0,0,0,1,0,2
24,240309,2,2,0,0,0,2,2,13,0,16,9,2015,4,15,57,0,2,7,1,3,SR-30,CR-156,55,39.642,-76.871,0,12,6,0,2,3,0,1,1,1,0,1,0,0,15,55,16,0,16,14,0,0,0,1,0,1
24,240311,2,2,0,0,0,2,2,17,0,17,9,2015,5,20,11,0,1,5,1,3,SR-6,,233,38.521,-77.013,0,12,2,0,1,1,0,1,2,1,0,1,0,0,99,99,99,99,99,99,0,0,0,1,0,2
24,240313,2,2,0,0,0,2,2,5,0,20,8,2015,5,15,9,0,2,3,1,3,SR-140,THOMAS CENTER ENTRANCE,45,39.411,-76.769,0,12,6,0,2,3,0,1,1,10,0,10,0,0,99,99,99,99,99,99,0,0,0,1,0,1
24,240314,1,1,0,1,1,2,2,5,0,17,8,2015,2,5,30,0,2,3,1,3,SR-150,,26,39.304,-76.485,0,8,0,0,1,1,0,1,4,1,0,1,0,0,99,99,99,99,88,88,0,0,0,1,0,0
24,240316,2,2,0,0,0,3,3,33,0,16,9,2015,4,23,26,1,2,1,1,1,I-95,,27,38.805,-76.996,0,12,6,0,5,1,0,1,3,1,0,1,0,0,99,99,99,99,88,88,0,0,0,1,1,1
24,240317,2,2,0,0,0,2,2,5,0,18,9,2015,6,15,44,1,2,3,1,2,US-1,,6,39.224,-76.699,0,12,1,0,1,1,0,1,1,1,0,1,0,0,99,99,99,99,99,99,0,0,0,1,0,1
24,240322,1,1,0,0,0,2,2,31,0,11,9,2015,6,2,57,0,2,2,1,3,SR-200,,45,39.139,-77.137,0,24,0,0,1,1,0,4,2,1,0,1,0,0,99,99,99,99,99,99,0,0,0,1,1,1
24,240323,1,1,0,1,1,2,2,5,0,3,10,2015,7,21,10,1,2,3,1,2,US-40,,191,39.354,-76.453,0,8,0,0,1,1,0,1,2,10,0,10,0,0,21,1,21,6,21,7,0,0,0,1,0,0
24,240327,2,2,0,0,0,2,2,13,0,4,11,2015,4,11,48,0,2,4,1,3,SR-31,STONE CHAPEL RD,78,39.56,-77.03,0,12,6,0,2,3,0,1,1,1,0,1,0,0,11,4,11,11,12,20,0,0,0,1,0,2
24,240330,1,1,0,0,0,1,1,13,0,11,11,2015,4,20,22,0,2,7,1,3,SR-97,,276,39.711,-77.064,0,42,0,0,1,1,0,4,2,1,0,1,0,0,20,22,20,32,21,7,0,0,0,1,0,2
24,240331,1,1,0,0,0,1,1,31,0,30,9,2015,4,3,8,0,2,3,1,3,SR-28,,110,39.128,-77.334,0,42,0,0,1,1,0,4,2,2,0,2,0,0,99,99,99,99,88,88,0,0,0,1,1,2
24,240335,3,3,0,1,1,2,2,21,0,29,9,2015,3,22,37,1,2,3,1,2,US-15,,246,39.575,-77.434,0,12,7,0,1,1,0,2,3,2,0,2,0,0,22,36,22,48,88,88,23,0,0,1,0,0
24,240338,2,2,0,0,0,2,2,33,0,6,9,2015,1,23,17,0,2,3,1,3,SR-4,,119,38.853,-76.909,0,1,0,0,1,1,0,1,2,1,0,1,0,0,23,15,23,27,99,99,14,0,0,1,1,2
24,240342,1,1,0,0,0,1,1,33,0,9,10,2015,6,4,34,1,2,1,1,1,I-95,,99,38.83,-76.874,0,24,0,0,1,1,0,4,3,1,0,1,0,0,99,99,99,99,88,88,0,0,0,1,0,1
24,240343,1,1,0,0,0,1,1,27,0,15,11,2015,1,1,30,1,2,1,1,1,I-95,,33,39.154,-76.838,0,42,0,0,1,1,0,4,2,1,0,1,0,0,1,27,1,35,88,88,0,0,0,1,1,1
24,240345,2,2,0,0,0,2,2,21,0,30,9,2015,4,13,14,0,1,3,1,2,US-15,CR-157,221,39.537,-77.424,0,12,6,0,3,2,0,1,1,1,0,1,0,0,99,99,99,99,99,99,0,0,0,1,0,0
24,240346,2,2,0,0,0,2,2,45,0,13,10,2015,3,5,57,1,1,3,1,2,US-50,CR-317,280,38.385,-75.376,0,12,1,0,3,2,0,1,2,1,0,1,0,0,5,56,6,11,99,99,0,0,0,1,0,2
24,240348,2,2,0,0,0,2,2,33,0,17,9,2015,5,18,4,0,2,3,1,3,SR-198,ENT TO SHOPPING CTR,41,39.096,-76.839,0,12,2,0,2,2,0,1,1,1,0,1,0,0,18,8,18,18,18,46,0,0,0,1,1,1
24,240350,1,1,0,1,1,1,1,5,0,10,10,2015,7,0,33,1,2,3,1,2,US-40,,167,39.335,-76.485,0,8,0,0,1,1,0,1,7,1,0,1,0,0,99,99,99,99,99,99,0,0,0,1,0,0
24,240352,1,1,0,2,2,1,1,5,0,20,10,2015,3,6,4,0,2,4,1,3,SR-122,,18,39.312,-76.731,0,8,0,0,1,1,0,1,2,1,0,1,0,0,99,99,99,99,99,99,0,0,0,1,0,2
24,240353,1,1,0,0,0,1,1,35,0,21,10,2015,4,99,99,1,1,3,1,2,US-301,,344,39.2,-75.9,0,24,0,0,1,1,0,3,2,1,0,1,0,0,4,1,4,18,4,50,0,0,0,1,0,0
24,240354,1,1,0,1,1,1,1,43,0,21,10,2015,4,6,10,1,1,1,1,1,I-70,,232,39.639,-77.825,0,8,0,0,1,1,0,1,3,1,0,1,0,0,6,7,6,20,6,56,0,0,0,1,0,0
24,240355,2,2,0,0,0,4,4,41,0,23,10,2015,6,15,57,0,1,5,1,3,SR-33,,381,38.783,-76.315,0,12,2,0,1,1,0,1,1,1,0,1,0,0,15,56,16,26,17,8,0,0,0,1,1,1
24,240357,1,1,0,0,0,3,3,13,0,25,10,2015,1,5,53,0,2,3,1,3,SR-26,PNC BANK ENT,102,39.403,-76.947,0,33,0,0,3,2,0,4,3,10,0,10,0,0,5,51,6,7,7,3,0,0,0,1,1,1
24,240358,1,1,0,0,0,1,1,31,0,17,10,2015,7,0,5,0,2,3,1,3,SR-97,SR-655A,92,39.115,-77.075,0,59,0,0,3,98,0,3,3,1,0,1,0,0,0,8,0,14,0,39,0,0,0,1,0,2
24,240359,1,1,0,1,1,1,1,31,0,22,10,2015,5,6,1,1,2,3,1,2,US-29,,45,39.041,-76.996,0,8,0,0,1,1,0,1,1,1,0,1,0,0,6,1,6,7,6,33,0,0,0,1,0,0
24,240360,1,1,0,0,0,3,3,31,0,22,10,2015,5,19,23,0,2,4,1,3,SR-195,,14,38.987,-76.995,0,33,0,0,1,1,0,4,3,1,0,1,0,0,99,99,99,99,99,99,0,0,0,1,0,1
24,240361,1,1,0,1,1,1,1,31,0,21,10,2015,4,18,57,0,2,3,1,3,SR-190,SPRINGFIELD DR,144,38.97,-77.112,0,8,0,0,2,2,0,1,3,1,0,1,0,0,18,58,19,4,88,88,0,0,0,1,0,0
24,240363,1,1,0,0,0,1,1,21,0,27,10,2015,3,9,8,0,1,4,1,3,SR-31,,24,39.495,-77.186,0,32,0,0,1,1,0,4,1,10,0,10,0,0,9,4,9,10,88,88,0,0,0,1,0,2
24,240364,1,1,0,1,1,1,1,33,0,28,10,2015,4,7,2,1,2,3,1,2,US-301,CR-6554,11,38.675,-76.876,0,8,0,0,2,2,0,1,2,2,0,2,0,0,99,99,99,99,99,99,0,0,0,1,0,0
24,240365,1,1,0,0,0,1,1,3,0,31,10,2015,7,3,46,0,2,2,1,3,SR-10,,66,39.204,-76.603,0,24,0,0,1,1,0,4,2,1,0,1,0,0,99,99,99,99,88,88,0,0,0,1,1,2
24,240368,2,2,0,0,0,4,4,510,50,30,8,2015,1,21,20,0,2,3,1,3,SR-140,,43,39.354,-76.699,0,12,1,0,1,1,0,1,3,1,0,1,0,0,21,25,21,38,21,48,0,0,0,1,1,1
24,240369,1,1,0,0,0,5,5,510,50,22,8,2015,7,19,51,0,2,3,1,3,SR-151,,8,39.301,-76.544,0,33,0,0,1,1,0,3,3,1,0,1,0,0,19,49,19,57,20,15,0,0,0,1,1,2
24,240378,1,1,0,0,0,1,1,33,0,6,10,2015,3,17,43,0,2,2,1,3,SR-210,,3,38.643,-77.044,0,24,0,0,1,1,0,4,1,1,0,1,0,0,99,99,99,99,99,99,0,0,0,1,0,2
24,240379,1,1,0,1,1,1,1,27,0,16,10,2015,6,20,21,1,2,3,1,2,US-1,LOUDON AVE,86,39.198,-76.74,0,8,0,0,2,2,0,1,3,1,0,1,0,0,99,99,99,99,88,88,0,0,0,1,0,1
24,240380,2,2,0,0,0,2,2,33,0,29,10,2015,5,7,44,1,2,3,1,2,US-301,,11,38.681,-76.874,0,12,6,0,8,1,0,1,4,1,0,1,0,0,99,99,99,99,99,99,0,0,0,1,0,0
24,240383,1,1,0,1,1,1,1,5,0,1,11,2015,1,18,49,0,2,3,1,2,US-40,,155,39.322,-76.506,0,8,0,0,1,1,0,1,3,1,0,1,0,0,99,99,99,99,99,99,0,0,0,1,0,0
24,240387,1,1,0,2,2,1,1,510,50,7,11,2015,7,7,0,1,2,3,1,2,US-1,,84,39.319,-76.577,0,33,0,0,1,1,0,4,1,1,0,1,0,0,7,2,7,11,7,28,0,0,0,1,0,1
24,240390,1,1,0,0,0,2,2,27,0,14,11,2015,7,5,35,1,2,2,1,2,US-29,,32,39.171,-76.883,0,24,0,0,1,1,0,3,2,1,0,1,0,0,99,99,99,99,99,99,0,0,0,1,1,0
24,240395,1,1,0,1,1,1,1,510,50,17,11,2015,3,19,40,1,2,3,4,2,US-1,MOSHER ST,36,39.3,-76.646,0,8,0,0,2,2,0,1,2,1,0,1,0,0,17,31,17,39,17,50,0,0,0,1,0,1
24,240397,1,1,0,1,1,2,2,33,0,2,11,2015,2,18,12,0,2,7,1,3,SR-201,,36,38.957,-76.922,0,8,0,0,1,1,0,1,3,1,0,1,0,0,99,99,99,99,99,99,0,0,0,1,0,2
24,240398,2,2,0,0,0,2,2,5,0,26,11,2015,5,12,55,1,2,1,1,1,I-695,,263,39.379,-76.52,0,12,1,0,1,1,0,1,1,1,0,1,0,0,12,51,12,59,88,88,0,0,0,1,0,1
24,240399,1,1,0,0,0,1,1,5,0,26,11,2015,5,2,21,0,2,4,1,3,SR-158,SHIPYARD RD,12,39.236,-76.471,0,33,0,0,3,2,0,4,2,1,0,1,0,0,2,19,2,26,3,4,0,0,0,1,1,2
24,240401,2,2,0,0,0,2,2,510,50,29,11,2015,1,8,20,0,2,3,4,3,SR-144,,0,39.281,-76.705,0,12,6,0,1,1,0,1,4,2,0,2,0,0,99,99,99,99,99,99,0,0,0,1,1,2
24,240404,2,2,0,0,0,5,5,21,0,2,12,2015,4,20,51,1,2,1,1,1,I-70,,4,39.523,-77.602,0,12,1,0,1,1,0,2,2,1,0,1,0,0,99,99,99,99,99,99,0,0,0,1,0,0
24,240405,2,2,0,0,0,2,2,17,0,27,11,2015,6,4,59,1,2,3,1,2,US-301,,207,38.596,-76.938,2,12,6,0,1,1,0,1,2,5,0,5,0,0,99,99,99,99,99,99,0,0,0,1,1,0
24,240406,2,2,0,0,0,3,3,13,0,30,11,2015,2,16,55,0,2,4,1,3,SR-32,,140,39.534,-76.995,0,12,6,0,1,1,0,1,5,2,0,2,0,0,99,99,99,99,99,99,0,0,0,1,0,2
24,240413,4,4,0,0,0,4,4,25,0,3,11,2015,3,15,44,1,1,1,1,1,I-95,,17,39.442,-76.359,0,12,6,0,1,1,0,1,1,1,0,1,0,0,15,37,15,42,88,88,19,0,0,1,1,1
24,240414,1,1,0,1,1,1,1,5,0,3,12,2015,5,14,20,0,2,3,1,3,SR-43,CR-6158,6,39.381,-76.512,0,8,0,0,3,2,0,1,1,1,0,1,0,0,99,99,99,99,99,99,0,0,0,1,0,2
24,240417,1,1,0,0,0,2,2,13,0,7,12,2015,2,21,48,0,2,3,1,3,SR-140,,13,39.497,-76.893,0,30,0,0,1,1,0,4,3,1,0,1,0,0,99,99,99,99,99,99,0,0,0,1,1,1
24,240418,3,3,0,0,0,3,3,25,0,9,12,2015,4,17,6,1,2,1,1,1,I-95,,24,39.449,-76.324,0,12,1,0,1,1,0,1,2,1,0,1,0,0,17,5,17,30,18,3,0,0,0,1,0,1
24,240421,2,2,0,0,0,4,4,33,0,11,12,2015,6,6,28,1,2,1,1,1,I-95,,17,38.8,-77.006,0,12,6,0,1,1,0,1,3,1,0,1,0,0,6,28,6,35,99,99,0,0,0,2,0,1
24,240422,2,2,0,0,0,2,2,21,0,11,12,2015,6,15,27,0,2,3,1,2,US-15,CR-585,300,39.641,-77.401,0,12,6,0,2,2,0,1,1,1,0,1,0,0,99,99,99,99,88,88,0,0,0,1,0,0
24,240424,1,1,0,1,1,1,1,3,0,14,12,2015,2,8,31,0,2,5,1,3,SR-70,,1,38.981,-76.495,0,33,0,0,1,1,0,4,1,10,0,10,0,0,8,30,8,33,8,41,0,0,0,1,0,1
24,240425,1,1,0,1,1,1,1,5,0,17,12,2015,5,6,53,0,2,3,1,3,SR-45,CR-797,70,39.466,-76.637,0,8,0,0,3,3,0,1,3,10,0,10,0,0,99,99,99,99,88,88,0,0,0,1,0,0
24,240426,2,2,0,0,0,2,2,33,0,17,12,2015,5,22,28,0,2,3,1,3,SR-202,,20,38.853,-76.77,0,12,2,0,1,1,0,1,2,10,0,10,0,0,99,99,99,99,99,99,0,0,0,1,1,2
24,240428,3,3,0,0,0,4,4,1,0,17,12,2015,5,7,22,0,2,3,1,3,SR-51,CR-512,49,39.599,-78.738,0,12,6,0,2,3,0,1,1,2,0,2,0,0,7,18,7,23,7,44,0,0,0,1,0,2
24,240429,1,1,0,0,0,1,1,27,0,19,12,2015,7,13,42,0,2,2,1,3,SR-32,,20,39.143,-76.818,0,42,0,1,19,1,0,4,1,1,0,1,0,0,99,99,99,99,99,98,0,0,0,1,0,2
24,240431,4,4,0,0,0,6,6,11,0,20,12,2015,1,16,7,0,1,7,1,3,SR-313,,307,39.04,-75.8,0,12,6,0,1,1,0,1,1,1,0,1,0,0,99,99,99,99,99,99,0,0,0,1,0,1
24,240433,1,1,0,1,1,1,1,3,0,13,12,2015,1,1,42,0,6,96,96,3,SR-170,,27,39.126,-76.689,0,8,0,0,1,1,0,1,3,1,0,1,0,0,99,99,99,99,88,88,0,0,0,1,1,2
24,240435,2,2,0,0,0,2,2,33,0,23,12,2015,4,21,42,0,2,3,1,3,SR-5,CR-130,65,38.751,-76.879,0,12,6,0,2,2,0,1,1,2,0,2,0,0,21,15,21,19,21,27,0,0,0,1,0,1