STATE,ST_CASE,VE_TOTAL,VE_FORMS,PVH_INVL,PEDS,PERNOTMVIT,PERMVIT,PERSONS,COUNTY,CITY,DAY,MONTH,YEAR,DAY_WEEK,HOUR,MINUTE,NHS,RUR_URB,FUNC_SYS,RD_OWNER,ROUTE,TWAY_ID,TWAY_ID2,MILEPT,LATITUDE,LONGITUD,SP_JUR,HARM_EV,MAN_COLL,RELJCT1,RELJCT2,TYP_INT,WRK_ZONE,REL_ROAD,LGT_COND,WEATHER1,WEATHER2,WEATHER,SCH_BUS,RAIL,NOT_HOUR,NOT_MIN,ARR_HOUR,ARR_MIN,HOSP_HR,HOSP_MN,CF1,CF2,CF3,FATALS,DRUNK_DR,RANK
26,260465,1,1,0,0,0,1,1,99,2181,30,7,2015,5,23,22,1,1,1,1,1,I-94,,97,42.563,-82.859,0,35,0,0,1,1,0,4,3,1,0,1,0,0,99,99,99,99,88,88,0,0,0,1,1,0
26,260466,1,1,0,0,0,1,1,163,1260,28,7,2015,3,1,7,1,2,1,1,1,I-96,,110,42.378,-83.233,0,25,0,0,1,1,0,3,3,1,0,1,0,0,99,99,99,99,99,99,0,0,0,1,1,1
26,260469,1,1,0,0,0,2,2,33,2594,15,7,2015,4,8,10,0,1,4,98,3,SR-80,,24,46.26,-84.477,0,1,0,0,1,1,0,4,1,1,0,1,0,0,99,99,99,99,99,99,0,0,0,1,0,2
26,260475,2,2,0,0,0,2,2,81,0,3,8,2015,2,5,48,0,1,4,98,3,SR-57,,124,43.176,-85.408,0,12,2,0,1,1,0,1,2,5,0,5,0,0,99,99,99,99,88,88,0,0,0,1,0,2
26,260477,1,1,0,0,0,2,2,45,0,3,8,2015,2,18,29,1,1,1,1,1,I-69,,84,42.505,-84.852,0,1,0,1,18,1,0,1,1,1,0,1,0,0,18,30,18,38,99,99,0,0,0,2,0,0
26,260484,2,2,0,0,0,2,2,55,0,5,8,2015,4,12,38,1,1,3,98,2,US-31,,91,44.687,-85.656,0,12,2,0,1,1,0,2,1,1,0,1,0,0,12,41,12,48,99,99,0,0,0,1,0,0
26,260486,2,2,0,0,0,4,4,103,4562,6,8,2015,5,14,21,1,1,3,98,2,US-41,,29,46.302,-87.158,0,12,1,0,1,1,2,1,1,1,0,1,0,0,14,24,14,34,88,88,3,0,0,1,0,0
26,260496,2,2,0,0,0,2,2,125,1652,10,8,2015,2,15,0,1,2,2,98,1,I-275,,10,42.481,-83.432,0,12,6,1,5,1,0,1,1,2,0,2,0,0,15,7,99,99,88,88,0,0,0,1,0,1
26,260498,1,1,0,0,0,1,1,49,0,10,8,2015,2,15,0,1,2,1,1,1,I-75,,79,42.944,-83.713,0,52,0,0,1,1,0,4,1,2,0,2,0,0,14,59,15,15,99,99,0,0,0,1,0,2
26,260499,1,1,0,0,0,1,1,81,0,11,8,2015,3,10,35,0,1,4,98,3,SR-57,,169,43.177,-85.321,0,42,0,0,1,1,0,4,1,1,0,1,0,0,99,99,99,99,88,88,0,0,0,1,0,2
26,260500,2,2,0,0,0,3,3,55,0,12,8,2015,4,16,12,1,1,3,98,3,SR-37,BLAIR TOWNHALL RD,61,44.643,-85.656,0,12,6,0,2,2,0,1,1,1,0,1,0,0,16,14,16,18,99,99,0,0,0,1,0,1
26,260509,1,1,0,0,0,2,2,81,0,15,8,2015,7,18,44,1,2,2,98,2,US-131,,56,42.847,-85.678,0,31,0,1,19,1,0,4,1,1,0,1,0,0,18,45,18,51,99,99,0,0,0,1,1,0
26,260510,3,3,0,0,0,4,4,163,1260,16,8,2015,1,21,0,1,2,1,1,1,I-75,,0,42.361,-83.054,0,12,6,1,20,1,0,1,8,1,0,1,0,0,99,99,99,99,99,99,0,0,0,1,0,2
26,260516,2,2,0,0,0,7,7,81,5319,16,8,2015,1,16,37,1,2,2,98,2,US-131,,103,42.917,-85.679,0,12,1,1,18,1,1,1,1,1,0,1,0,0,16,38,16,45,99,99,28,0,0,1,0,0
26,260524,1,1,0,0,0,1,1,163,3140,20,8,2015,5,3,19,1,2,1,1,1,I-75,,154,42.272,-83.163,0,25,0,0,1,1,0,3,2,2,0,2,0,0,99,99,99,99,99,99,0,0,0,1,0,2
26,260530,2,2,0,0,0,2,2,147,0,25,8,2015,3,5,49,0,2,4,98,3,SR-29,,34,42.849,-82.476,0,12,2,0,1,1,0,1,2,1,0,1,0,0,5,50,5,58,99,99,0,0,0,1,0,2
26,260540,2,2,0,0,0,2,2,15,0,26,8,2015,4,18,33,0,1,4,98,3,SR-66,,0,42.549,-85.132,0,12,8,0,1,1,0,1,1,1,0,1,0,0,18,33,18,38,99,99,0,0,0,1,0,0
26,260549,2,2,0,0,0,2,2,93,0,12,8,2015,4,15,34,1,1,3,98,2,US-23,,175,42.673,-83.76,0,1,0,0,1,1,0,1,1,1,0,1,0,0,15,36,15,47,99,99,0,0,0,1,0,0
26,260553,1,1,0,0,0,5,5,25,0,30,8,2015,1,18,30,1,1,1,1,1,I-94,,77,42.28,-85.158,0,1,0,0,1,1,0,1,1,1,0,1,0,0,99,99,99,99,99,99,27,0,0,1,0,0
26,260561,7,7,0,0,0,17,17,33,4480,7,8,2015,6,16,10,1,2,1,1,1,I-75,,257,46.488,-84.376,0,12,1,0,1,1,0,1,1,1,0,1,0,0,16,0,16,5,99,99,28,0,0,1,0,2
26,260564,3,1,2,2,4,1,3,163,1260,16,8,2015,1,2,36,1,2,1,1,1,I-96,,44,42.385,-83.169,0,14,0,0,1,1,0,8,3,1,0,1,0,0,99,99,99,99,99,99,23,0,0,2,1,1
26,260582,1,1,0,0,0,2,2,73,0,4,9,2015,6,17,57,1,1,2,98,2,US-127,,120,43.614,-84.739,0,24,0,0,1,1,0,4,1,10,0,10,0,0,17,57,18,1,88,88,0,0,0,1,0,0
26,260584,2,2,0,0,0,6,6,49,0,4,9,2015,6,21,32,1,1,1,1,1,I-69,,22,42.965,-83.885,0,12,1,0,1,1,0,1,2,1,0,1,0,0,21,33,21,39,99,99,0,0,0,2,1,0
26,260588,3,3,0,0,0,7,7,133,0,4,9,2015,6,17,51,1,1,3,98,2,US-10,,16,43.887,-85.53,0,12,1,0,1,1,0,1,1,1,0,1,0,0,99,99,99,99,99,99,0,0,0,1,1,0
26,260589,2,2,0,0,0,2,2,27,0,5,9,2015,7,11,8,0,2,4,98,3,SR-62,,14,41.781,-86.088,0,12,2,0,1,1,0,1,1,10,0,10,0,0,11,14,11,16,99,99,0,0,0,2,1,0
26,260596,1,1,0,0,0,1,1,109,0,6,9,2015,1,1,12,1,1,3,98,2,US-41,,377,45.629,-87.535,0,1,0,0,1,1,0,4,2,5,0,5,0,0,1,12,1,30,88,88,0,0,0,1,1,0
26,260599,1,1,0,1,1,1,1,81,5089,14,9,2015,2,17,2,1,2,1,1,1,I-96,,65,43.021,-85.667,0,8,0,0,1,1,0,1,1,1,0,1,0,0,17,4,17,11,88,88,0,0,0,1,0,1
26,260605,2,2,0,0,0,2,2,163,1260,16,9,2015,4,3,45,1,2,1,1,1,I-94,,311,42.387,-83.017,0,12,1,1,18,1,0,1,2,1,0,1,0,0,99,99,99,99,99,99,23,0,0,1,0,0
26,260614,2,2,0,0,0,3,3,23,0,20,9,2015,1,20,39,0,1,4,98,3,SR-60,,16,42.058,-85.269,0,12,2,0,1,1,0,1,2,10,0,10,0,0,99,99,99,99,99,99,0,0,0,2,1,2
26,260616,1,1,0,0,0,1,1,161,0,16,9,2015,4,21,0,1,2,2,98,2,US-23,,11,42.1,-83.676,0,59,0,0,1,1,1,3,2,1,0,1,0,0,99,99,99,99,88,88,0,0,0,1,1,0
26,260618,2,2,0,0,0,7,7,21,0,16,9,2015,4,16,7,1,1,2,98,2,US-31,,30,41.801,-86.317,0,12,1,0,1,1,0,1,1,1,0,1,0,0,99,99,99,99,99,99,0,0,0,2,0,0
26,260628,2,2,0,0,0,2,2,75,0,25,9,2015,6,5,55,1,1,3,98,2,US-127,,74,42.18,-84.365,0,12,2,0,1,1,0,1,2,10,0,10,0,0,99,99,99,99,99,99,0,0,0,1,0,0
26,260630,1,1,0,1,1,2,2,25,0,25,9,2015,6,16,2,0,1,4,98,3,SR-78,,13,42.409,-85.103,0,9,0,0,1,1,0,1,1,1,0,1,0,0,16,8,16,18,88,88,0,0,0,1,0,1
26,260632,1,1,0,0,0,2,2,21,0,27,9,2015,1,2,6,1,1,3,98,3,SR-139,,54,41.997,-86.4,0,30,0,0,1,1,0,4,2,1,0,1,0,0,2,6,2,12,99,99,0,0,0,1,1,1
26,260635,2,2,0,0,0,3,3,125,2230,24,9,2015,5,3,24,1,2,1,1,1,I-75,,1,42.449,-83.095,0,12,1,0,1,1,0,1,3,1,0,1,0,0,99,99,3,44,99,99,0,0,0,1,1,2
26,260637,4,4,0,0,0,5,5,165,0,24,9,2015,5,20,10,1,1,3,98,2,US-131,,170,44.338,-85.406,0,12,1,0,1,1,0,1,5,10,0,10,0,0,20,10,99,99,99,99,0,0,0,1,0,0
26,260638,1,1,0,0,0,1,1,159,0,26,9,2015,7,14,38,1,2,1,1,1,I-94,,220,42.222,-85.804,0,1,0,0,1,1,0,4,1,1,0,1,0,0,99,99,99,99,88,88,0,0,0,1,0,0
26,260642,3,3,0,0,0,3,3,155,0,15,9,2015,3,15,0,0,1,4,98,3,SR-21,,107,42.998,-84.156,0,12,6,0,8,1,0,1,1,1,0,1,0,0,99,99,99,99,99,99,0,0,0,1,0,2
26,260645,1,1,0,0,0,1,1,163,1260,30,9,2015,4,16,10,1,2,2,98,3,SR-8,,21,42.41,-83.076,0,1,0,0,1,1,0,4,1,1,0,1,0,0,99,99,99,99,88,88,0,0,0,1,0,2
26,260647,3,3,0,0,0,5,5,17,0,25,9,2015,6,16,36,1,2,3,98,2,US-10,,45,43.597,-84.088,0,12,1,0,1,1,1,1,1,1,0,1,0,0,16,38,16,48,99,99,0,0,0,1,0,0
26,260664,1,1,0,0,0,3,3,35,930,10,10,2015,7,1,45,1,2,2,98,2,US-127,,7,43.824,-84.749,0,1,0,0,1,1,0,3,2,1,0,1,0,0,1,47,1,56,99,99,0,0,0,1,1,0
26,260666,2,2,0,0,0,2,2,161,0,1,10,2015,5,23,49,1,1,3,98,2,US-23,,10,42.33,-83.743,0,12,1,0,1,1,0,1,2,1,0,1,0,0,99,99,99,99,88,88,0,0,0,1,0,0
26,260669,1,1,0,0,0,1,1,81,0,9,10,2015,6,1,45,0,1,4,98,3,SR-37,,142,43.175,-85.721,0,35,0,0,1,1,0,4,2,10,0,10,0,0,1,45,1,55,99,99,0,0,0,1,1,1
26,260682,6,6,0,0,0,12,12,45,0,18,10,2015,1,19,16,1,1,1,1,1,I-96,,18,42.744,-84.668,0,12,1,0,1,1,0,1,5,1,0,1,0,0,19,19,19,22,99,99,27,0,0,1,0,1
26,260692,1,1,0,0,0,1,1,43,0,11,10,2015,1,14,15,0,1,4,98,3,SR-69,,179,45.968,-87.716,0,1,0,0,1,1,0,4,1,1,0,1,0,0,14,18,14,30,99,99,0,0,0,1,0,2
26,260697,1,1,0,1,1,3,3,139,0,17,10,2015,7,16,10,1,1,3,98,2,US-31,8TH,16,42.791,-86.081,0,8,0,0,3,2,0,1,1,10,0,10,0,0,16,12,16,16,88,88,22,0,0,1,0,0
26,260710,2,2,0,0,0,2,2,49,0,21,10,2015,4,22,13,1,2,1,1,1,I-75,,48,42.89,-83.624,0,12,1,0,1,1,0,1,2,10,0,10,0,0,99,99,99,99,99,99,0,0,0,1,2,2
26,260717,2,1,1,2,2,1,1,163,1260,11,10,2015,1,22,51,1,2,1,1,1,I-94,,251,42.342,-83.117,0,8,0,0,1,1,0,6,3,1,0,1,0,0,99,99,99,99,99,99,0,0,0,2,0,0
26,260737,1,1,0,0,0,1,1,145,0,4,11,2015,4,21,23,1,1,1,1,1,I-695,,3,43.434,-83.896,0,24,0,0,1,1,0,4,2,1,0,1,0,0,99,99,99,99,88,88,0,0,0,1,0,1
26,260741,4,4,0,0,0,5,5,163,90,7,11,2015,7,14,35,1,2,1,1,1,I-94,,190,42.284,-83.198,0,12,2,1,18,1,0,1,1,1,0,1,0,0,99,99,99,99,99,99,14,0,0,2,0,0
26,260752,1,1,0,2,2,1,1,95,0,17,11,2015,3,18,20,1,1,3,98,3,SR-28,,118,46.303,-85.51,0,8,0,0,1,1,0,1,2,10,0,10,0,0,99,99,99,99,99,99,0,0,0,1,0,2
26,260753,1,1,0,0,0,1,1,3,2808,13,11,2015,6,9,25,1,1,3,98,2,US-41,,50,46.212,-87.027,0,1,0,0,1,1,0,4,1,4,11,4,0,0,99,99,99,99,99,99,0,0,0,1,0,0
26,260771,1,1,0,0,0,6,6,133,0,21,11,2015,7,19,1,1,1,3,98,2,US-131,,232,44.143,-85.466,0,34,0,0,1,1,0,3,2,4,11,4,0,0,99,99,99,99,99,99,0,0,0,1,1,0
26,260775,3,3,0,0,0,4,4,81,0,10,11,2015,3,12,42,0,1,5,98,3,SR-37,15 MILE RD,152,43.19,-85.72,0,12,6,0,2,2,0,1,1,1,0,1,0,0,99,99,99,99,99,99,22,0,0,1,1,1
26,260778,2,2,0,0,0,4,4,161,0,27,10,2015,3,15,59,1,1,3,98,3,SR-14,,98,42.361,-83.572,0,12,6,1,18,1,0,1,1,1,0,1,0,0,99,99,99,99,99,99,0,0,0,1,0,2
26,260779,2,2,0,0,0,2,2,79,0,23,11,2015,2,13,1,1,1,3,98,3,SR-72,,129,44.708,-84.93,0,12,2,0,1,1,0,1,1,4,11,4,0,0,13,1,99,99,99,99,0,0,0,1,0,2
26,260781,1,1,0,0,0,1,1,143,0,23,11,2015,2,12,46,1,1,1,1,1,I-75,,9,44.309,-84.384,0,42,0,0,1,1,0,4,1,4,11,4,0,0,99,99,99,99,99,99,0,0,0,1,0,2
26,260783,2,2,0,0,0,5,5,113,0,25,11,2015,4,15,5,0,1,4,98,3,SR-66,SR-42,142,44.368,-85.216,0,12,1,0,3,3,0,1,1,1,0,1,0,0,15,6,15,10,99,99,0,0,0,1,0,0
26,260788,2,1,1,0,1,1,2,163,738,12,11,2015,5,14,8,1,2,1,1,1,I-275,,143,42.279,-83.442,0,45,0,1,18,1,2,1,1,10,0,10,0,0,14,8,14,9,88,88,3,0,0,1,0,1
26,260791,1,1,0,0,0,1,1,121,0,29,11,2015,1,8,35,1,2,2,98,2,US-31,,106,43.271,-86.204,0,24,0,0,1,1,0,3,1,1,0,1,0,0,8,35,8,42,88,88,0,0,0,1,0,0
26,260792,1,1,0,0,0,1,1,23,1935,11,11,2015,4,3,50,1,1,1,1,1,I-69,,175,42.008,-84.972,0,42,0,0,1,1,0,3,2,10,0,10,0,0,4,2,4,10,88,88,0,0,0,1,0,0
26,260793,2,1,1,0,3,1,4,21,0,28,11,2015,7,20,51,1,1,1,1,1,I-94,,344,42.137,-86.365,0,14,0,0,1,1,0,2,2,1,0,1,0,0,20,51,20,57,99,99,23,0,0,1,1,0
26,260797,2,2,0,0,0,4,4,163,90,28,11,2015,7,19,35,1,2,1,1,1,I-75,,118,42.228,-83.212,0,12,1,0,1,1,0,1,3,1,0,1,0,0,99,99,99,99,99,99,0,0,0,1,0,2
26,260820,2,1,1,0,1,1,2,81,5319,9,12,2015,4,3,11,1,2,2,98,2,US-131,,102,42.915,-85.678,0,45,0,0,1,1,2,1,3,1,0,1,0,0,3,12,3,19,99,99,0,0,0,1,0,0
26,260837,2,2,0,0,0,2,2,163,1260,5,12,2015,7,3,45,1,2,1,1,1,I-94,,267,42.353,-83.089,0,12,7,0,1,1,0,1,3,1,0,1,0,0,99,99,99,99,99,99,0,0,0,1,1,0
26,260838,2,1,1,1,1,1,1,5,0,28,2,2015,7,8,28,1,1,3,98,3,SR-89,,39,42.501,-85.79,0,14,0,0,1,1,0,4,1,1,0,1,0,0,8,28,8,37,88,88,0,0,0,1,0,1
26,260841,2,2,0,0,0,2,2,15,0,17,12,2015,5,15,6,0,1,4,98,3,SR-37,,5,42.428,-85.24,0,12,2,0,1,1,0,1,1,10,0,10,0,0,15,7,15,20,99,99,0,0,0,2,0,1
26,260845,2,1,1,1,1,1,1,49,1730,18,12,2015,6,17,11,1,2,1,1,1,I-69,,134,43.01,-83.682,0,8,0,0,1,1,0,2,1,4,11,4,0,0,17,14,17,24,99,99,23,0,0,1,0,0
26,260847,1,1,0,0,0,1,1,163,2165,20,12,2015,1,3,10,1,2,1,1,1,I-94,,374,42.436,-82.921,0,30,0,0,1,1,0,4,3,1,0,1,0,0,3,10,3,22,88,88,0,0,0,1,0,0
26,260849,1,1,0,0,0,2,2,163,2820,19,12,2015,7,8,7,1,2,1,1,1,I-75,,149,42.264,-83.175,0,20,0,0,1,1,0,8,1,4,11,4,0,0,99,99,99,99,99,99,0,0,0,1,0,2
26,260874,3,3,0,0,0,3,3,161,150,14,12,2015,2,16,26,1,2,1,1,1,I-94,,225,42.237,-83.741,0,12,1,1,18,1,0,1,5,2,0,2,0,0,99,99,99,99,99,99,0,0,0,1,0,0
26,260879,3,3,0,0,0,6,6,11,0,21,11,2015,7,17,59,1,1,3,98,2,US-23,,89,44.048,-83.825,0,12,6,0,1,1,0,1,2,4,0,4,0,0,18,1,18,15,99,99,0,0,0,1,0,0
26,260880,2,2,0,0,0,2,2,163,0,15,4,2015,4,13,0,1,2,2,98,3,SR-14,,65,42.387,-83.435,0,1,0,1,18,1,0,1,1,1,0,1,0,0,99,99,99,99,88,88,0,0,0,1,0,2
26,260886,3,2,1,0,0,5,5,163,1260,13,4,2015,2,0,55,1,2,2,98,3,SR-39,,97,42.361,-83.216,0,12,1,0,1,1,0,1,3,10,0,10,0,0,99,99,99,99,99,99,23,0,0,1,0,2
26,260887,2,2,0,0,0,6,6,77,1084,25,10,2015,1,17,40,1,1,1,1,1,I-94,,129,42.262,-85.528,0,25,0,0,1,1,1,4,1,1,0,1,0,0,17,44,17,53,99,99,0,0,0,1,0,0
26,260889,2,2,0,0,0,2,2,49,1731,5,6,2015,6,14,9,1,1,1,1,1,I-75,,112,42.989,-83.738,0,12,7,1,5,1,0,1,1,10,0,10,0,0,99,99,99,99,99,99,0,0,0,1,0,2
26,260890,2,2,0,1,1,2,2,149,0,5,6,2015,6,0,33,1,1,3,98,2,US-131,HEIMBACH RD,110,41.998,-85.633,0,8,0,0,2,2,0,1,2,1,0,1,0,0,0,33,0,40,88,88,0,0,0,1,0,0
26,260892,3,3,0,0,0,5,5,37,0,18,10,2015,1,15,28,1,1,1,1,1,I-96,,54,42.8,-84.738,0,12,7,1,18,1,0,1,1,1,0,1,0,0,15,28,15,40,99,99,0,0,0,1,0,1
26,260893,4,4,0,0,0,5,5,159,3095,10,7,2015,6,13,33,1,2,1,1,1,I-94,,228,42.222,-85.79,0,12,1,1,18,1,0,1,1,1,0,1,0,0,99,99,99,99,99,99,0,0,0,1,0,0
26,260894,7,7,0,0,0,11,11,159,3850,3,9,2015,5,14,0,1,2,1,1,1,I-94,,174,42.206,-85.892,0,12,1,1,18,1,1,1,1,1,0,1,0,0,99,99,99,99,99,99,3,0,0,1,0,0
26,260895,3,2,1,0,2,2,4,163,1260,28,11,2015,7,3,30,1,2,1,1,1,I-94,,307,42.385,-83.024,0,12,1,1,18,1,0,1,3,2,0,2,0,0,99,99,99,99,99,99,23,0,0,1,1,0
26,260898,7,7,0,0,0,8,8,115,0,2,9,2015,4,9,42,1,1,2,98,2,US-23,,223,42.038,-83.673,0,25,0,0,1,1,0,4,1,2,0,2,0,0,99,99,99,99,99,99,0,0,0,1,0,0
26,260902,3,3,0,0,0,5,5,139,0,3,11,2015,3,8,31,1,2,3,98,2,US-31,ROBBINS RD,206,43.044,-86.22,0,59,0,0,3,2,0,3,1,1,0,1,0,0,99,99,99,99,99,99,14,0,0,1,0,0
26,260904,2,2,0,1,1,1,1,77,0,26,11,2015,5,22,28,1,1,1,1,1,I-94,,193,42.277,-85.41,0,12,1,0,1,1,0,1,2,1,0,1,0,0,22,29,22,40,88,88,0,0,0,1,0,0
26,260911,58,58,0,0,0,68,68,77,0,9,1,2015,6,9,15,1,1,1,1,1,I-94,,229,42.28,-85.337,0,12,1,1,18,1,0,1,1,4,11,4,0,0,99,99,99,99,99,99,0,0,0,1,0,0
26,260913,1,1,0,0,0,1,1,67,0,11,10,2015,1,12,55,1,1,1,1,1,I-96,,229,42.857,-84.87,0,21,0,0,1,1,0,4,1,1,0,1,0,0,99,99,99,99,99,99,0,0,0,1,0,1
27,270002,2,2,0,0,0,2,2,67,0,2,1,2015,6,6,47,1,1,3,1,2,US-12,,638,45.163,-95.236,0,12,2,0,1,1,0,1,4,10,0,10,0,0,6,50,7,0,7,20,0,0,0,1,0,0
27,270004,2,2,0,0,0,2,2,163,3440,9,1,2015,6,10,39,0,2,4,1,2,US-61,,1509,45.137,-93,0,12,6,0,1,1,0,1,1,1,0,1,0,0,10,41,11,2,99,99,0,0,0,1,0,0
27,270006,2,2,0,0,0,2,2,15,0,21,1,2015,4,8,53,0,1,5,2,4,CR-16,,40,44.165,-94.9,0,12,6,0,1,1,0,1,1,10,0,10,0,0,8,52,8,58,9,30,0,0,0,1,0,2
27,270007,2,2,0,0,0,7,7,37,6060,4,1,2015,1,18,40,0,2,4,1,3,SR-3,,339,44.753,-93.124,0,12,2,0,1,1,0,1,2,10,0,10,0,0,99,99,99,99,99,99,0,0,0,1,0,2
27,270010,2,2,0,0,0,2,2,141,2110,24,1,2015,7,12,34,1,2,3,1,2,US-10,CR-44 UPLAND AVE NW,2122,45.309,-93.586,0,12,6,0,2,2,0,1,1,1,0,1,0,0,12,34,99,98,88,88,0,0,0,1,0,0
27,270011,2,2,0,0,0,3,3,1,0,24,1,2015,7,21,35,0,1,4,2,3,SR-18,SR-65,581,46.217,-93.278,0,12,6,0,2,2,0,1,3,1,0,1,0,0,21,43,22,1,99,99,0,0,0,1,2,2
27,270012,2,2,0,0,0,2,2,49,0,28,1,2015,4,18,0,0,1,6,2,4,CR-4,,76,44.389,-92.586,0,12,6,0,8,1,0,1,2,10,0,10,0,0,18,0,18,14,88,88,0,0,0,1,0,2
27,270013,2,1,1,0,1,1,2,137,0,28,1,2015,4,21,48,1,1,3,1,2,US-2,,2227,46.902,-92.89,0,45,0,0,1,1,2,1,2,8,0,8,0,0,21,51,22,11,22,53,0,0,0,1,0,0
27,270017,2,2,0,0,0,3,3,107,0,2,2,2015,2,15,4,0,1,4,1,3,SR-9,,1870,47.212,-96.5,0,12,6,0,1,1,0,1,1,1,0,1,0,0,15,5,15,15,15,55,0,0,0,2,0,2
27,270019,1,1,0,0,0,2,2,173,0,6,2,2015,6,10,1,0,1,4,1,3,SR-67,,423,44.722,-95.421,0,35,0,0,1,1,0,5,9,99,0,99,0,0,10,1,10,10,88,88,0,0,0,2,0,2
27,270020,1,1,0,0,0,5,5,53,4760,7,2,2015,7,2,20,0,2,4,1,3,SR-47,,52,45.033,-93.263,0,38,0,0,1,1,0,5,2,1,0,1,0,0,2,22,2,29,2,50,0,0,0,2,1,2
27,270022,1,1,0,0,0,1,1,17,0,7,2,2015,7,19,48,1,1,3,1,3,SR-210,,1948,46.679,-92.914,0,30,0,0,1,1,0,5,2,1,0,1,0,0,19,52,20,7,21,21,0,0,0,1,0,2
27,270023,2,2,0,1,1,3,3,49,1050,8,2,2015,1,18,8,1,1,2,1,2,US-52,,970,44.488,-92.908,0,8,0,0,1,1,0,1,2,10,0,10,0,0,18,9,99,97,99,97,0,0,0,1,0,0
27,270025,2,2,0,0,0,8,8,17,1370,10,2,2015,3,10,15,1,2,1,1,3,SR-33,I-35,5,46.692,-92.457,0,12,6,1,2,2,0,1,1,10,0,10,0,0,10,16,99,99,99,99,0,0,0,1,1,1
27,270026,2,2,0,0,0,2,2,99,0,11,2,2015,4,8,23,1,1,3,1,2,US-63,,255,43.809,-92.49,0,12,6,0,1,1,0,4,1,10,0,10,0,0,8,29,8,35,88,88,0,0,0,1,0,0
27,270028,2,2,0,0,0,3,3,131,0,13,2,2015,6,14,39,0,1,4,1,3,SR-19,,1735,44.468,-93.21,0,12,2,0,1,1,0,1,1,10,0,10,0,0,14,39,99,99,99,99,0,0,0,1,0,2
27,270029,2,2,0,0,0,2,2,147,5500,14,2,2015,7,13,42,1,2,1,1,1,I-35,,426,44.096,-93.245,0,12,2,1,18,1,0,1,1,1,0,1,0,0,13,42,99,99,99,99,0,0,0,1,0,1
27,270035,8,8,0,0,0,8,8,171,0,3,3,2015,3,9,32,1,1,1,1,1,I-94,,1822,45.376,-93.997,0,12,1,0,1,1,0,1,1,4,0,4,0,0,9,33,9,37,10,16,19,0,0,1,0,0
27,270036,3,3,0,0,0,4,4,5,0,3,3,2015,3,14,48,1,1,3,1,3,SR-34,,384,46.831,-95.774,0,12,6,0,1,1,2,1,1,11,0,11,0,0,14,48,14,55,15,15,0,0,0,1,0,2
27,270041,2,2,0,0,0,2,2,17,1370,5,3,2015,5,22,55,1,2,3,1,3,SR-33,,33,46.735,-92.468,0,12,2,0,1,1,0,1,3,1,0,1,0,0,22,55,22,59,23,13,0,0,0,2,1,1
27,270043,4,4,0,0,0,8,8,49,0,6,3,2015,6,20,39,1,1,3,1,2,US-52,,791,44.305,-92.689,0,12,8,0,1,1,0,1,2,1,0,1,0,0,20,41,20,45,99,99,14,0,0,2,1,0
27,270044,2,2,0,0,0,3,3,55,0,7,3,2015,7,9,10,0,1,5,2,4,CR-9,,26,43.785,-91.529,0,54,11,0,1,1,0,1,1,1,0,1,0,0,9,10,99,99,99,99,14,0,0,2,0,2
27,270045,2,2,0,0,0,2,2,37,956,8,3,2015,1,1,53,1,2,3,1,3,SR-13,NICOLLET AVE,973,44.777,-93.278,0,12,6,0,3,2,0,1,3,1,0,1,0,0,1,53,1,58,3,25,0,0,0,1,1,2
27,270049,1,1,0,1,1,2,2,53,4760,13,3,2015,6,3,8,1,2,1,1,1,I-94,,2301,44.992,-93.285,0,8,0,0,1,1,0,1,3,1,0,1,0,0,3,8,3,8,99,99,0,0,0,1,0,0
27,270051,1,1,0,0,0,1,1,141,0,15,3,2015,1,18,36,0,1,5,2,4,CR-3,,155,45.545,-93.808,0,53,0,0,1,1,0,4,1,1,0,1,0,0,18,36,18,50,88,88,0,0,0,1,1,2
27,270053,1,1,0,0,0,2,2,111,0,20,3,2015,6,19,47,1,1,1,1,1,I-94,,597,46.231,-96.046,0,34,0,0,1,1,0,4,5,10,0,10,0,0,19,47,20,1,20,28,0,0,0,1,0,0
27,270055,1,1,0,0,0,1,1,139,6510,21,3,2015,7,3,59,1,2,2,1,2,US-169,,1083,44.777,-93.551,0,59,0,0,1,1,0,3,6,1,0,1,0,0,99,99,99,99,99,99,0,0,0,1,1,0
27,270056,2,2,0,0,0,2,2,109,0,28,3,2015,7,8,21,1,1,1,1,1,I-90,,2047,43.835,-92.552,0,12,1,0,1,1,0,1,1,1,0,1,0,0,99,99,99,99,99,99,0,0,0,1,0,0
27,270057,2,2,0,0,0,2,2,159,0,28,3,2015,7,11,21,1,1,3,1,2,US-71,,2264,46.456,-95.117,0,12,2,0,1,1,0,1,1,1,0,1,0,0,11,25,99,99,88,88,0,0,0,1,1,0
27,270058,1,1,0,0,0,1,1,109,0,29,3,2015,1,8,9,0,1,4,1,3,SR-30,,2301,43.863,-92.367,0,34,0,0,1,1,0,4,1,10,6,6,0,0,99,99,99,99,99,99,0,0,0,1,0,1
27,270060,2,2,0,0,0,3,3,123,6330,30,3,2015,2,15,7,1,2,1,1,1,I-94,,2365,44.96,-93.208,0,12,2,1,18,1,0,1,1,10,0,10,0,0,15,9,15,15,99,99,0,0,0,1,0,0