STATE,ST_CASE,VE_TOTAL,VE_FORMS,PVH_INVL,PEDS,PERNOTMVIT,PERMVIT,PERSONS,COUNTY,CITY,DAY,MONTH,YEAR,DAY_WEEK,HOUR,MINUTE,NHS,RUR_URB,FUNC_SYS,RD_OWNER,ROUTE,TWAY_ID,TWAY_ID2,MILEPT,LATITUDE,LONGITUD,SP_JUR,HARM_EV,MAN_COLL,RELJCT1,RELJCT2,TYP_INT,WRK_ZONE,REL_ROAD,LGT_COND,WEATHER1,WEATHER2,WEATHER,SCH_BUS,RAIL,NOT_HOUR,NOT_MIN,ARR_HOUR,ARR_MIN,HOSP_HR,HOSP_MN,CF1,CF2,CF3,FATALS,DRUNK_DR,RANK
27,270061,2,2,0,0,0,3,3,105,0,30,3,2015,2,17,39,0,1,5,1,3,SR-91,CR-6 310TH ST,31,43.544,-96.013,0,12,6,0,2,2,0,1,1,1,0,1,0,0,17,41,17,48,88,88,0,0,0,1,1,2
27,270062,3,3,0,0,0,3,3,85,0,1,4,2015,4,4,40,1,2,3,1,3,SR-7,,1556,44.906,-94.099,0,12,8,0,1,1,0,1,2,1,0,1,0,0,4,44,5,4,99,99,0,0,0,1,1,2
27,270063,1,1,0,0,0,1,1,7,0,1,4,2015,4,23,56,1,1,3,1,2,US-2,,1051,47.514,-95.049,0,1,0,0,1,1,0,3,2,1,0,1,0,0,0,3,0,15,0,51,18,0,0,1,1,0
27,270064,1,1,0,0,0,3,3,25,3100,2,4,2015,5,19,18,1,1,1,1,1,I-35,,1523,45.57,-92.992,0,34,0,0,1,1,0,3,1,1,0,1,0,0,99,99,99,99,99,99,0,0,0,1,1,1
27,270066,2,2,0,0,0,3,3,131,0,4,4,2015,7,17,38,0,1,4,1,3,SR-60,DALTON AVE,1439,44.259,-93.345,0,12,6,0,2,2,0,1,1,1,0,1,0,0,17,38,18,1,18,32,0,0,0,1,0,2
27,270067,4,4,0,0,0,8,8,53,4626,6,4,2015,2,18,33,1,2,3,2,3,SR-55,,1740,45.054,-93.572,0,12,8,0,1,1,0,1,1,1,0,1,0,0,18,36,99,99,99,99,0,0,0,1,2,2
27,270073,1,1,0,0,0,1,1,55,0,11,4,2015,7,16,17,0,1,5,2,4,CR-4,,110,43.638,-91.68,0,53,0,0,1,1,0,4,1,1,0,1,0,0,16,17,16,31,99,99,0,0,0,1,0,2
27,270078,2,2,0,0,0,4,4,61,0,15,4,2015,4,16,30,1,1,3,1,2,US-2,SR-65,2030,47.087,-93.195,0,12,6,0,2,2,0,1,1,1,0,1,0,0,16,40,16,44,99,99,0,0,0,1,0,0
27,270080,1,1,0,0,0,1,1,103,0,16,4,2015,5,11,51,0,1,5,2,4,CR-20,,35,44.379,-93.98,0,1,0,0,1,1,0,4,1,1,0,1,0,0,99,99,11,52,99,99,0,0,0,1,0,2
27,270081,1,1,0,0,0,1,1,73,0,16,4,2015,5,21,18,0,1,5,2,4,CR-20,341ST AVE,53,45.013,-95.961,0,35,0,0,1,1,0,4,2,1,0,1,0,0,21,22,21,37,88,88,0,0,0,1,1,2
27,270083,2,2,0,0,0,5,5,13,0,18,4,2015,7,15,13,0,1,4,1,3,SR-68,CR-42 519TH AVE,1339,44.193,-94.194,0,12,6,0,2,2,0,1,1,10,0,10,0,0,15,13,99,99,88,88,0,0,0,2,0,2
27,270085,1,1,0,0,0,2,2,161,0,18,4,2015,7,23,23,1,1,2,1,2,US-14,,1616,44.053,-93.477,0,57,0,0,1,1,0,3,2,10,0,10,0,0,23,23,23,34,0,15,0,0,0,1,0,0
27,270089,2,2,0,0,0,4,4,15,0,23,4,2015,5,16,46,0,1,4,1,3,SR-4,CR-29,680,44.369,-94.725,0,12,6,0,2,2,0,1,1,1,0,1,0,0,16,46,16,53,17,11,0,0,0,1,0,2
27,270090,1,1,0,0,0,1,1,33,0,24,4,2015,6,3,0,0,1,5,2,4,CR-5,,266,44.194,-95.271,0,34,0,0,1,1,0,4,2,1,0,1,0,0,3,0,3,10,88,88,0,0,0,1,1,2
27,270091,2,2,0,0,0,2,2,117,0,24,4,2015,6,6,20,0,1,4,1,3,SR-30,CR-18,181,43.994,-96.104,0,12,6,0,2,2,0,1,4,1,0,1,0,0,6,20,6,30,88,88,0,0,0,1,0,1
27,270092,2,2,0,0,0,4,4,115,3780,24,4,2015,6,7,49,0,1,4,1,3,SR-23,CR-46 DEEERFIELD,3082,46.341,-92.587,0,12,6,0,2,2,0,1,1,10,0,10,0,0,7,48,7,57,8,28,0,0,0,1,0,0
27,270094,2,2,0,0,0,4,4,17,0,28,4,2015,3,8,24,0,1,4,1,3,SR-45,,13,46.682,-92.428,0,12,2,0,1,1,0,1,1,1,0,1,0,0,8,24,8,30,9,10,0,0,0,2,1,1
27,270098,2,2,0,0,0,3,3,33,4990,1,5,2015,6,12,55,1,1,3,1,3,SR-60,CR-27 570TH AVE,514,43.931,-94.939,0,12,6,0,2,2,0,1,1,10,0,10,0,0,12,58,13,1,13,26,0,0,0,1,0,2
27,270099,1,1,0,0,0,2,2,145,0,2,5,2015,7,13,45,1,1,3,1,2,US-71,PUBLIC LAKE ACCESS,1707,45.758,-94.939,0,1,0,0,8,1,0,1,1,1,0,1,0,0,13,43,13,49,14,2,0,0,0,1,0,0
27,270105,2,2,0,0,0,2,2,145,0,5,5,2015,3,18,48,1,1,3,1,3,SR-23,CR-123,1789,45.412,-94.64,0,12,2,0,2,4,0,1,1,10,0,10,0,0,99,99,99,99,88,88,0,0,0,1,0,0
27,270106,2,2,0,0,0,3,3,147,0,6,5,2015,4,9,36,1,1,1,1,3,SR-30,I-35,1808,43.87,-93.275,0,12,6,1,2,2,0,1,1,10,0,10,0,0,9,36,99,99,99,99,0,0,0,1,0,1
27,270108,2,2,0,0,0,2,2,163,0,7,5,2015,5,17,46,0,1,3,1,2,US-10,,3021,44.751,-92.82,0,12,6,0,1,1,0,1,1,2,0,2,0,0,17,46,17,55,88,88,0,0,0,1,0,0
27,270109,2,2,0,0,0,4,4,29,0,8,5,2015,6,8,53,0,1,4,1,3,SR-92,CR-27,585,47.5,-95.383,0,12,6,0,2,2,0,1,1,10,0,10,0,0,9,0,9,2,9,12,0,0,0,1,0,2
27,270111,2,2,0,0,0,4,4,141,0,8,5,2015,6,18,28,0,1,5,2,4,CR-20,CR-62,63,45.545,-94.007,0,12,6,0,2,2,0,1,1,1,0,1,0,0,18,28,99,99,99,99,0,0,0,1,0,2
27,270112,2,2,0,0,0,4,4,83,0,9,5,2015,7,16,2,0,1,5,2,4,CR-6,CR-11,84,44.414,-95.614,0,12,6,1,2,2,0,1,1,1,0,1,0,0,99,99,99,99,99,99,0,0,0,1,0,2
27,270113,3,3,0,0,0,4,4,85,0,10,5,2015,1,9,53,1,2,3,1,3,SR-7,OMEGA AVENUE,1443,44.895,-94.323,0,12,1,0,3,3,0,1,1,10,0,10,0,0,9,53,9,58,10,19,0,0,0,1,0,2
27,270117,2,2,0,0,0,2,2,53,1150,16,5,2015,7,13,57,1,2,3,1,2,US-169,ELM STREET PKWY,1434,45.16,-93.392,0,12,9,0,3,2,0,1,1,10,0,10,0,0,13,58,14,7,99,99,0,0,0,1,0,0
27,270119,3,3,0,0,0,7,7,59,0,16,5,2015,7,21,59,0,1,4,1,3,SR-47,,376,45.428,-93.368,0,12,2,0,1,1,0,1,3,2,0,2,0,0,21,59,22,0,99,99,14,0,0,2,1,2
27,270120,2,2,0,0,0,2,2,37,0,20,5,2015,4,10,40,1,1,3,1,3,SR-55,,2180,44.738,-92.902,0,12,11,0,1,1,0,1,1,10,0,10,0,0,99,99,99,99,99,99,0,0,0,1,0,2
27,270121,2,2,0,0,0,2,2,157,0,20,5,2015,4,15,4,1,1,3,1,2,US-61,,633,44.404,-92.082,0,12,2,0,1,1,0,1,1,10,0,10,0,0,15,4,99,98,88,88,0,0,0,1,0,0
27,270122,2,2,0,0,0,6,6,83,4570,21,5,2015,5,18,48,1,2,3,1,3,SR-23,S SARATOGA ST,729,44.43,-95.786,0,12,6,0,2,2,0,1,1,1,0,1,0,0,18,48,18,56,19,2,0,0,0,1,0,0
27,270124,1,1,0,0,0,1,1,57,4040,22,5,2015,6,11,42,0,1,4,1,3,SR-200,,1114,47.216,-94.756,0,34,0,0,1,1,0,1,1,1,0,1,0,0,11,44,11,53,88,88,20,0,0,1,0,1
27,270125,1,1,0,0,0,1,1,109,5960,22,5,2015,6,19,15,1,2,2,1,2,US-52,,520,43.978,-92.467,0,11,0,1,18,1,0,1,1,1,0,1,0,0,19,16,19,19,99,99,0,0,0,1,1,0
27,270134,1,1,0,0,0,1,1,163,0,2,6,2015,3,23,56,0,1,4,1,3,SR-96,,153,45.079,-92.894,0,34,0,0,1,1,0,4,2,10,0,10,0,0,23,56,99,99,88,88,0,0,0,1,1,2
27,270135,2,2,0,0,0,4,4,83,4570,6,6,2015,7,11,4,1,2,3,1,3,SR-23,S SARATOGA ST,729,44.43,-95.786,0,12,6,0,2,2,0,1,1,1,0,1,0,0,11,4,11,5,99,99,0,0,0,1,0,0
27,270139,1,1,0,0,0,1,1,163,4561,4,6,2015,5,14,23,0,1,6,1,3,SR-95,,935,45.187,-92.772,0,42,0,0,1,1,0,4,1,1,0,1,0,0,14,23,14,50,88,88,0,0,0,1,1,1
27,270140,1,1,0,0,0,1,1,39,0,6,6,2015,7,15,36,0,2,5,2,4,CR-16,,53,44.08,-92.797,0,35,0,0,1,1,0,4,1,1,0,1,0,0,15,39,15,47,99,99,0,0,0,1,0,2
27,270143,2,2,0,0,0,5,5,63,3260,7,6,2015,1,11,50,1,1,3,1,3,SR-60,CR-9,288,43.798,-95.324,0,12,6,0,2,2,0,1,1,1,0,1,0,0,11,50,99,99,99,99,0,0,0,1,0,2
27,270144,1,1,0,0,0,1,1,153,0,8,6,2015,2,5,16,1,1,3,1,2,US-71,,1813,45.893,-94.886,0,35,0,0,1,1,0,4,4,10,0,10,0,0,5,12,5,24,5,34,0,0,0,1,1,0
27,270148,1,1,0,0,0,3,3,55,0,13,6,2015,7,8,43,0,1,4,1,3,SR-26,,76,43.677,-91.278,0,16,0,0,1,1,0,1,1,5,0,5,0,0,8,43,99,99,99,99,0,0,0,1,0,1
27,270149,2,2,0,0,0,2,2,157,7210,14,6,2015,1,9,30,1,1,3,1,2,US-61,CR-59 5TH GRANT BLVD W,621,44.392,-92.064,0,12,6,0,2,3,0,1,1,1,0,1,0,0,9,30,9,36,9,47,0,0,0,1,1,0
27,270150,2,2,0,0,0,2,2,141,460,14,6,2015,1,14,1,1,1,3,1,2,US-10,CR-23 SHERBRNE AVE,1963,45.389,-93.87,0,12,6,0,2,3,0,1,1,1,0,1,0,0,99,99,14,3,88,88,0,0,0,1,0,0
27,270151,1,1,0,0,0,2,2,17,0,14,6,2015,1,21,53,1,1,3,1,3,SR-210,,2032,46.679,-92.742,0,11,0,0,1,1,0,1,2,1,0,1,0,0,21,54,22,11,88,88,0,0,0,1,0,2
27,270152,1,1,0,0,0,1,1,163,0,16,6,2015,3,18,34,0,1,4,1,3,SR-95,,1017,45.082,-92.791,0,1,0,0,1,1,0,4,9,99,0,99,0,0,18,38,18,41,88,88,0,0,0,1,1,1
27,270154,2,2,0,0,0,2,2,109,0,18,6,2015,5,15,4,0,1,4,1,3,SR-42,CR-9,49,44.021,-92.249,0,12,6,0,2,2,4,1,1,1,0,1,0,0,15,4,99,99,88,88,0,0,0,1,0,1
27,270155,2,2,0,0,0,3,3,163,3440,21,6,2015,1,22,9,0,2,4,1,2,US-61,,1539,45.178,-92.988,0,12,2,0,1,1,0,1,2,1,0,1,0,0,22,9,22,14,88,88,0,0,0,1,1,0
27,270160,1,1,0,0,0,1,1,123,6330,25,6,2015,5,1,11,1,2,3,2,2,US-61,,1342,44.936,-93.03,0,57,0,0,1,1,0,3,3,1,0,1,0,0,1,13,1,20,88,88,0,0,0,1,1,0
27,270163,1,1,0,0,0,1,1,117,0,27,6,2015,7,12,46,0,1,5,2,4,CR-2,,1,43.908,-96.452,0,34,0,0,1,1,0,4,1,1,0,1,0,0,13,19,13,32,88,88,20,0,0,1,0,2
27,270168,2,2,0,0,0,3,3,89,0,27,6,2015,7,12,42,0,1,4,1,3,SR-1,,263,48.196,-96.571,0,12,2,0,1,1,0,1,1,10,0,10,0,0,12,37,12,50,13,30,0,0,0,1,1,1
27,270171,2,2,0,0,0,9,9,23,0,27,6,2015,7,21,22,0,1,4,1,3,SR-40,SR-29,417,45.108,-95.717,0,12,6,0,2,2,0,1,5,2,0,2,0,0,21,21,21,36,22,7,0,0,0,2,0,0
27,270173,1,1,0,0,0,4,4,111,0,23,6,2015,3,9,11,1,1,1,1,1,I-94,,680,46.143,-95.93,0,1,0,0,1,1,0,3,1,1,0,1,0,0,9,11,9,21,9,43,0,0,0,2,0,0
27,270174,2,2,0,0,0,3,3,35,2199,29,6,2015,2,18,16,0,1,4,1,3,SR-6,,312,46.725,-93.959,0,12,8,0,1,1,0,1,1,10,0,10,0,0,18,16,18,30,19,14,0,0,0,1,0,2
27,270175,1,1,0,0,0,2,2,19,0,1,7,2015,4,22,5,0,1,4,2,4,CR-11,,72,44.793,-93.644,0,35,0,0,1,1,0,4,2,1,0,1,0,0,22,8,22,13,22,36,0,0,0,2,1,2
27,270176,2,1,1,1,3,3,5,37,6060,5,7,2015,1,14,31,1,1,3,1,2,US-52,,1167,44.76,-93.034,0,14,0,0,1,1,0,3,1,1,0,1,0,0,99,99,99,99,88,88,19,0,0,1,0,0
27,270179,2,2,0,0,0,6,6,63,3580,22,6,2015,2,18,32,1,1,1,1,1,I-90,,740,43.641,-94.991,0,12,2,1,18,1,1,1,1,1,0,1,0,0,18,33,18,38,18,47,0,0,0,2,0,0
27,270181,1,1,0,0,0,1,1,67,0,12,7,2015,1,11,20,0,1,6,2,4,CR-4,CR-26,179,45.184,-94.867,0,34,0,0,1,1,0,4,1,1,0,1,0,0,11,20,11,35,88,88,0,0,0,1,0,2
27,270183,2,2,0,0,0,2,2,67,0,17,7,2015,6,14,32,1,1,3,1,3,SR-23,SR-9,1557,45.292,-94.939,0,12,6,0,2,2,0,1,1,1,0,1,0,0,14,32,99,98,88,88,0,0,0,1,0,0
27,270186,2,2,0,0,0,3,3,143,0,18,7,2015,7,22,41,0,1,4,1,3,SR-19,CR-9,1240,44.558,-94.093,0,12,6,0,2,2,0,1,2,1,0,1,0,0,10,41,10,45,11,23,0,0,0,1,0,2
27,270187,2,2,0,0,0,3,3,49,0,9,7,2015,5,15,37,0,1,4,1,3,SR-19,,1940,44.51,-92.853,0,12,2,0,1,1,0,1,1,1,0,1,0,0,15,37,15,48,99,99,0,0,0,1,1,2
27,270188,2,2,0,0,0,2,2,73,0,21,7,2015,3,9,20,1,2,3,1,2,US-212,CR-7,18,44.936,-96.415,1,12,6,0,2,2,0,1,1,1,0,1,0,0,9,24,9,32,10,23,0,0,0,1,0,0
27,270190,2,2,0,0,0,8,8,141,0,21,7,2015,3,20,0,1,1,3,1,2,US-10,CR-11,2015,45.357,-93.82,0,12,6,0,2,2,0,1,1,10,0,10,0,0,20,0,99,99,99,99,0,0,0,2,0,0
27,270191,1,1,0,0,0,1,1,93,0,22,7,2015,4,1,40,0,1,6,2,4,CR-11,,50,45.138,-94.585,0,34,0,0,1,1,0,4,2,1,0,1,0,0,88,88,88,88,88,88,0,0,0,1,1,2
27,270192,2,2,0,0,0,2,2,127,0,22,7,2015,4,6,20,1,1,3,1,3,SR-19,,604,44.542,-95.355,0,12,2,0,1,1,0,1,1,1,0,1,0,0,6,20,6,33,99,99,0,0,0,1,0,2
27,270193,2,2,0,0,0,2,2,43,0,22,7,2015,4,15,48,1,1,3,1,2,US-169,CR-14,247,43.833,-94.163,0,12,6,0,2,2,0,1,1,1,0,1,0,0,15,49,15,54,99,99,0,0,0,1,0,0
27,270196,2,2,0,0,0,3,3,13,0,9,7,2015,5,17,55,1,2,3,1,2,US-169,CR-69,515,44.154,-94.038,0,12,6,1,2,3,0,1,1,1,0,1,0,0,17,56,17,58,18,23,0,0,0,1,0,0
27,270197,2,2,0,0,0,5,5,33,0,26,7,2015,1,16,8,0,1,4,1,3,SR-30,CR-1,839,44.05,-94.92,0,12,6,0,2,2,0,1,1,1,0,1,0,0,16,8,16,15,16,35,0,0,0,2,1,1
27,270199,2,2,0,0,0,3,3,59,0,26,7,2015,1,16,14,0,1,4,1,3,SR-47,CR-8,385,45.443,-93.367,0,12,6,0,2,2,0,1,1,1,0,1,0,0,16,14,99,99,99,99,0,0,0,1,0,2
27,270201,2,2,0,0,0,3,3,75,0,11,7,2015,7,22,56,1,1,3,1,3,SR-61,,190,46.962,-91.773,0,12,2,0,1,1,0,1,2,10,0,10,0,0,22,58,23,9,23,55,0,0,0,2,1,2
27,270203,2,2,0,0,0,3,3,13,0,30,7,2015,5,12,59,1,1,3,1,2,US-169,CR-9 188TH ST,433,44.09,-94.135,0,12,6,0,2,2,0,1,1,1,0,1,0,0,13,0,13,9,99,99,0,0,0,2,0,0
27,270205,2,2,0,0,0,3,3,171,0,2,8,2015,1,12,9,1,1,1,1,1,I-94,,1870,45.351,-93.906,0,12,1,0,1,1,0,1,1,1,0,1,0,0,12,9,12,20,99,99,99,99,99,1,0,0
27,270206,2,2,0,0,0,3,3,59,0,2,8,2015,1,16,8,0,1,5,2,4,CR-5,CR-7 FELDSPAR ST SW,54,45.501,-93.441,0,12,6,0,2,2,0,1,1,1,0,1,0,0,16,9,99,97,99,97,0,0,0,1,0,2
27,270209,1,1,0,0,0,2,2,103,0,6,8,2015,5,22,41,0,1,4,1,3,SR-99,,78,44.294,-94.05,0,35,0,0,1,1,0,4,2,10,0,10,0,0,22,42,99,99,99,99,0,0,0,1,0,2
27,270210,2,2,0,0,0,2,2,111,0,9,8,2015,1,16,25,0,1,5,2,4,CR-4,233RD AVE,26,46.6,-96.006,0,12,7,0,2,3,0,1,1,1,0,1,0,0,16,27,16,35,17,12,0,0,0,1,0,2
27,270213,2,2,0,0,0,2,2,173,0,7,8,2015,6,10,39,1,1,3,1,3,SR-23,,947,44.697,-95.613,0,12,8,0,1,1,0,1,1,1,0,1,0,0,10,39,10,45,88,88,0,0,0,1,0,0
27,270215,1,1,0,0,0,1,1,25,0,10,8,2015,2,20,3,1,1,1,1,1,I-35,,1605,45.692,-92.992,0,1,0,0,1,1,0,3,1,1,0,1,0,0,20,3,99,99,88,88,0,0,0,1,1,1
27,270216,1,1,0,0,0,1,1,137,0,12,8,2015,4,6,57,1,1,3,1,2,US-2,SR-73,2210,46.92,-92.911,0,30,0,0,3,3,0,4,9,1,0,1,0,0,6,57,99,99,88,88,0,0,0,1,1,0
27,270217,2,2,0,0,0,3,3,87,0,16,8,2015,1,9,10,0,1,5,1,3,SR-113,200TH AVE,194,47.179,-95.847,3,12,6,0,2,2,0,1,1,1,0,1,0,0,9,10,9,20,9,45,0,0,0,1,0,1
27,270218,2,2,0,0,0,5,5,143,0,16,8,2015,1,16,18,0,1,4,1,3,SR-19,,1324,44.532,-93.939,0,12,2,0,1,1,0,1,1,10,0,10,0,0,16,20,16,36,17,10,0,0,0,1,0,2
27,270221,4,4,0,0,0,11,11,53,3473,20,8,2015,5,15,21,1,1,3,1,2,US-12,CR-92 EAST JUCTION,1429,45.028,-93.719,0,12,1,0,3,3,0,1,1,1,0,1,0,0,99,99,15,51,16,14,0,0,0,1,1,0
27,270222,2,2,0,0,0,2,2,53,5423,22,8,2015,7,8,15,1,2,3,1,2,US-12,,1524,44.98,-93.549,0,12,2,0,1,1,0,1,1,1,0,1,0,0,8,17,8,28,9,36,0,0,0,2,0,0
27,270223,2,2,0,0,0,3,3,145,0,24,8,2015,2,17,40,1,1,3,1,3,SR-23,CR-12,1843,45.445,-94.557,0,12,1,0,3,2,0,1,1,1,0,1,0,0,99,99,99,99,99,99,0,0,0,1,0,0
27,270224,2,2,0,0,0,4,4,93,0,25,8,2015,3,23,29,0,1,5,1,3,SR-24,,22,45.152,-94.493,0,12,2,0,1,1,0,1,2,1,0,1,0,0,99,99,99,99,99,99,0,0,0,2,1,2
27,270228,1,1,0,0,0,1,1,151,0,27,8,2015,5,15,38,0,1,4,1,3,SR-29,,219,45.16,-95.594,0,35,0,0,1,1,0,4,1,10,0,10,0,0,15,37,15,49,16,8,0,0,0,1,1,2
27,270230,2,2,0,0,0,3,3,13,0,27,8,2015,5,16,4,1,2,3,1,2,US-169,SR-68,507,44.153,-94.063,0,12,6,0,2,3,0,1,1,10,2,2,0,0,16,5,16,12,88,88,0,0,0,1,1,0
27,270231,1,1,0,0,0,1,1,41,0,28,8,2015,6,3,45,0,1,4,1,3,SR-29,,711,45.76,-95.383,0,1,0,0,1,1,0,4,2,10,0,10,0,0,3,47,3,49,88,88,0,0,0,1,1,2
27,270232,3,2,1,0,2,6,8,171,100,29,8,2015,7,13,30,1,2,1,1,1,I-94,,2011,45.242,-93.667,0,12,1,1,18,1,1,1,1,1,0,1,0,0,13,43,13,58,99,99,27,0,0,1,0,0
27,270234,1,1,0,0,0,1,1,163,1517,29,8,2015,7,19,54,1,2,3,1,2,US-61,LEEDER ST,1209,44.786,-92.878,0,1,0,0,3,3,0,4,1,1,0,1,0,0,99,99,99,99,99,99,0,0,0,1,0,0
27,270235,2,2,0,0,0,9,9,67,0,29,8,2015,7,22,59,1,1,3,1,2,US-12,CR-7 135TH ST SW,643,45.16,-95.227,0,12,6,0,2,2,0,1,2,1,0,1,0,0,22,59,23,12,23,33,0,0,0,1,0,0
27,270236,2,2,0,0,0,2,2,141,6250,31,8,2015,2,7,35,1,2,3,1,2,US-10,SR-301,1802,45.542,-94.111,0,12,6,0,2,3,0,1,1,1,0,1,0,0,7,35,7,50,8,15,0,0,0,1,0,0
27,270237,2,2,0,1,1,3,3,123,6330,31,8,2015,2,10,56,1,2,1,1,1,I-94,,2414,44.951,-93.111,0,12,7,1,18,1,0,1,1,1,0,1,0,0,10,56,11,10,11,25,0,0,0,1,0,0
27,270238,2,2,0,0,0,3,3,45,0,1,9,2015,3,7,1,1,1,3,1,2,US-52,,300,43.805,-92.134,0,12,2,0,1,1,0,1,4,5,10,5,0,0,7,1,99,99,99,99,0,0,0,1,0,0
27,270239,2,2,0,0,0,2,2,45,0,1,9,2015,3,15,3,0,1,4,1,3,SR-44,,336,43.515,-91.798,0,12,2,0,1,1,0,1,1,10,0,10,0,0,15,3,99,99,88,88,0,0,0,1,0,2
27,270240,3,3,0,0,0,6,6,123,5320,5,9,2015,7,15,6,0,2,4,1,3,SR-120,45TH ST,67,45.015,-92.985,0,12,2,0,2,2,0,1,1,10,0,10,0,0,15,6,15,10,99,99,0,0,0,1,0,1
27,270242,2,2,0,0,0,5,5,95,0,6,9,2015,1,14,32,1,1,3,1,2,US-169,CR-11 190TH ST,1962,45.822,-93.656,0,12,6,0,2,2,0,1,1,10,0,10,0,0,99,99,99,99,99,99,0,0,0,2,0,0
27,270244,2,2,0,0,0,7,7,1,0,7,9,2015,2,12,41,1,1,3,1,2,US-169,,2376,46.328,-93.77,0,12,2,0,1,1,0,1,1,1,0,1,0,0,12,43,13,7,14,20,0,0,0,1,0,0
27,270246,2,2,0,0,0,3,3,61,0,8,9,2015,3,6,41,0,1,4,1,3,SR-46,,57,47.382,-93.917,3,12,6,0,1,1,0,1,4,1,0,1,0,0,6,47,6,52,7,15,0,0,0,2,2,2
27,270247,1,1,0,1,1,1,1,145,0,8,9,2015,3,18,20,0,1,4,2,4,CR-2,,247,45.611,-94.292,0,9,0,0,1,1,0,1,1,1,0,1,0,0,18,22,99,99,88,88,0,0,0,1,0,2
27,270249,1,1,0,0,0,1,1,115,0,13,9,2015,1,3,36,1,2,1,1,1,I-35,,1811,45.986,-92.948,0,23,0,0,1,1,4,4,2,1,0,1,0,0,3,19,3,26,88,88,0,0,0,1,1,1
27,270252,1,1,0,1,1,1,1,163,2450,16,9,2015,4,3,49,0,2,4,1,3,SR-97,,19,45.254,-92.987,0,9,0,0,1,1,0,1,6,2,0,2,0,0,3,33,3,45,88,88,0,0,0,1,0,2
27,270256,1,1,0,1,1,2,2,53,4760,20,9,2015,1,3,5,1,2,1,1,1,I-94,,2293,45.001,-93.283,0,9,0,1,18,1,0,1,3,1,0,1,0,0,3,5,3,10,88,88,0,0,0,1,1,0
27,270261,2,2,0,0,0,2,2,13,1960,20,9,2015,1,9,53,1,2,3,1,2,US-14,MARBLE RD,1385,44.163,-93.868,0,12,6,0,2,2,0,1,1,1,0,1,0,0,9,53,99,99,99,99,0,0,0,1,0,0
27,270262,2,2,0,0,0,2,2,13,0,20,9,2015,1,20,53,1,1,3,1,2,US-14,SR-60,1406,44.154,-93.828,0,12,6,0,2,2,0,1,3,1,0,1,0,0,20,53,21,0,99,99,0,0,0,1,0,0
27,270263,2,2,0,0,0,3,3,59,0,21,9,2015,2,12,25,0,1,4,1,3,SR-107,SR-65,0,45.707,-93.193,0,12,6,0,2,2,0,1,1,1,0,1,0,0,99,99,99,99,88,88,0,0,0,2,0,2
27,270264,2,2,0,1,1,3,3,9,6250,23,9,2015,4,20,32,1,2,3,1,3,SR-23,14TH AVE SE,2081,45.568,-94.134,0,8,0,0,3,2,0,1,3,10,0,10,0,0,20,32,20,34,88,88,0,0,0,1,0,0
27,270266,1,1,0,0,0,2,2,119,0,25,9,2015,6,7,5,0,1,5,2,4,CR-17,,235,47.92,-96.49,0,35,0,0,1,1,0,4,4,5,0,5,0,0,7,5,7,12,99,99,0,0,0,1,0,2
27,270267,2,2,0,0,0,2,2,153,0,25,9,2015,6,16,55,0,1,5,2,4,CR-21,CR-63,33,46.136,-94.865,0,12,6,0,2,2,0,1,1,1,0,1,0,0,16,55,16,59,17,35,0,0,0,1,0,2
27,270268,3,3,0,0,0,7,7,109,5960,25,9,2015,6,17,22,1,2,3,1,2,US-63,,333,43.92,-92.476,0,12,1,0,1,1,4,1,1,1,0,1,0,0,99,99,99,99,99,99,26,0,0,1,0,0
27,270274,2,2,0,0,0,3,3,139,6510,30,9,2015,4,11,13,1,2,3,2,4,CR-21,TINTAOCANKU,99,44.762,-93.439,0,12,6,0,2,3,0,1,1,1,0,1,0,0,99,99,99,99,99,99,0,0,0,1,0,2
27,270277,2,2,0,0,0,2,2,55,990,1,10,2015,5,7,19,0,1,4,1,3,SR-44,W WASHINGTON ST,527,43.633,-91.506,0,12,6,0,2,2,0,1,1,1,0,1,0,0,99,99,99,99,88,88,0,0,0,1,0,2
27,270281,1,1,0,0,0,1,1,129,0,5,10,2015,2,7,24,0,1,5,2,4,CR-11,,70,44.834,-95.361,0,1,0,0,1,1,0,4,1,10,0,10,0,0,7,26,7,35,88,88,0,0,0,1,0,2
27,270282,3,3,0,0,0,4,4,9,0,5,10,2015,2,17,16,0,1,5,2,4,CR-5,,48,45.736,-93.854,0,12,1,0,8,1,0,1,1,10,0,10,0,0,17,20,17,37,99,99,0,0,0,1,0,2
27,270283,2,2,0,0,0,3,3,27,0,5,10,2015,2,23,14,0,1,4,1,3,SR-9,,1795,47.104,-96.5,0,12,2,0,1,1,0,1,2,10,0,10,0,0,23,16,23,40,0,30,0,0,0,2,1,2
27,270284,2,2,0,0,0,2,2,53,2260,2,9,2015,4,5,50,1,2,3,1,3,SR-7,CR-19,1827,44.898,-93.568,0,12,6,0,2,3,0,1,4,10,0,10,0,0,5,50,5,57,99,99,0,0,0,1,0,2
27,270285,2,2,0,0,0,2,2,165,0,6,10,2015,3,11,22,1,1,3,1,3,SR-60,,860,44.074,-94.37,0,12,1,0,1,1,0,1,1,10,0,10,0,0,11,24,11,31,12,29,0,0,0,1,0,2
27,270287,1,1,0,0,0,1,1,173,0,7,10,2015,4,15,41,0,1,4,1,3,SR-67,,405,44.732,-95.451,0,35,0,0,1,1,0,4,1,1,0,1,0,0,15,41,15,50,88,88,0,0,0,1,1,2