STATE,ST_CASE,VE_TOTAL,VE_FORMS,PVH_INVL,PEDS,PERNOTMVIT,PERMVIT,PERSONS,COUNTY,CITY,DAY,MONTH,YEAR,DAY_WEEK,HOUR,MINUTE,NHS,RUR_URB,FUNC_SYS,RD_OWNER,ROUTE,TWAY_ID,TWAY_ID2,MILEPT,LATITUDE,LONGITUD,SP_JUR,HARM_EV,MAN_COLL,RELJCT1,RELJCT2,TYP_INT,WRK_ZONE,REL_ROAD,LGT_COND,WEATHER1,WEATHER2,WEATHER,SCH_BUS,RAIL,NOT_HOUR,NOT_MIN,ARR_HOUR,ARR_MIN,HOSP_HR,HOSP_MN,CF1,CF2,CF3,FATALS,DRUNK_DR,RANK
29,290218,2,2,0,0,0,4,4,95,3940,1,3,2015,1,23,0,1,2,3,1,3,SR-291,,173,39.072,-94.378,0,12,1,0,1,1,0,1,3,1,0,1,0,0,23,8,23,11,23,29,0,0,0,1,1,2
29,290220,2,1,1,0,0,1,1,95,3940,16,5,2015,7,22,32,1,2,1,1,1,I-70,,135,39.041,-94.358,0,14,0,0,1,1,0,2,2,2,0,2,0,0,22,51,23,0,23,9,0,0,0,1,0,0
29,290222,1,1,0,0,0,1,1,223,0,16,4,2015,5,13,15,1,1,2,1,2,US-67,,297,37.311,-90.402,0,58,0,0,1,1,0,3,1,1,0,1,0,0,13,19,13,33,14,15,0,0,0,1,0,0
29,290225,2,2,0,0,0,2,2,113,0,4,5,2015,2,21,31,0,1,3,1,2,US-61,,14,38.903,-90.922,0,12,2,0,1,1,0,1,2,1,0,1,0,0,99,98,99,98,88,88,0,0,0,2,0,0
29,290226,1,1,0,0,0,2,2,147,0,5,5,2015,3,19,47,0,1,3,1,2,US-71,,26,40.166,-94.869,0,1,0,0,1,1,0,3,1,10,0,10,0,0,19,48,20,0,20,55,0,0,0,1,0,0
29,290228,2,2,0,0,0,4,4,99,0,5,5,2015,3,21,8,0,2,3,1,2,US-67,CR-MONTAUK DR,103,38.167,-90.451,0,12,6,0,2,2,0,1,2,1,0,1,0,0,21,13,21,18,21,35,0,0,0,1,0,0
29,290235,2,2,0,0,0,2,2,95,3940,27,3,2015,6,21,14,1,2,3,1,2,US-24,BLUE MILLS RD,156,39.134,-94.34,0,12,1,0,3,2,0,1,3,10,0,10,0,0,21,14,21,19,21,47,0,0,0,1,0,1
29,290237,1,1,0,1,1,1,1,189,1970,1,5,2015,6,0,10,1,2,1,1,1,I-270,,142,38.656,-90.448,0,8,0,0,1,1,0,1,2,1,0,1,0,0,99,98,99,98,88,88,0,0,0,1,0,2
29,290241,2,2,0,0,0,2,2,95,3940,14,5,2015,5,12,3,1,2,3,1,3,SR-291,INDEPENDENCE AVE,193,39.101,-94.38,0,12,6,0,2,2,0,1,1,2,10,2,0,0,99,98,99,98,88,88,0,0,0,1,0,2
29,290242,2,2,0,0,0,2,2,221,6440,16,5,2015,7,9,47,1,1,3,1,3,SR-8,,194,37.928,-90.772,0,12,2,0,1,1,0,1,1,2,10,2,0,0,99,99,99,99,99,99,0,0,0,1,0,2
29,290245,2,2,0,0,0,2,2,99,2200,27,3,2015,6,17,15,0,1,4,1,3,SR-110,FOUNTAIN CITY RD,22,38.152,-90.54,0,12,2,0,2,2,0,1,1,1,0,1,0,0,99,99,99,99,99,99,0,0,0,1,0,2
29,290247,1,1,0,1,1,1,1,21,0,12,5,2015,3,2,14,0,1,3,1,2,US-36,,66,39.748,-94.728,0,8,0,0,1,1,1,1,2,1,0,1,0,0,99,98,99,98,88,88,0,0,0,1,0,1
29,290248,1,1,0,0,0,2,2,15,0,12,5,2015,3,16,14,0,1,4,1,3,SR-52,,129,38.462,-93.139,0,35,0,0,1,1,0,4,1,1,0,1,0,0,16,17,16,23,17,19,0,0,0,1,0,0
29,290249,1,1,0,0,0,1,1,215,0,15,5,2015,6,23,0,0,1,4,1,3,SR-32,,238,37.506,-91.946,0,35,0,0,1,1,0,4,2,10,0,10,0,0,23,10,23,20,88,88,0,0,0,1,1,2
29,290250,1,1,0,0,0,1,1,186,0,16,5,2015,7,6,2,1,1,1,1,1,I-55,,4,38.084,-90.298,0,35,0,0,1,1,0,4,9,10,0,10,0,0,99,98,99,98,88,88,0,0,0,1,0,1
29,290254,2,2,0,0,0,4,4,85,8340,21,5,2015,5,10,29,0,1,3,1,2,US-54,,117,37.946,-93.4,0,12,6,0,8,1,0,1,1,10,0,10,0,0,99,99,99,99,99,99,0,0,0,1,0,0
29,290255,1,1,0,2,2,4,4,225,0,22,5,2015,6,12,53,0,1,3,1,2,US-60,SR-A,114,37.172,-92.864,0,49,0,0,2,2,0,1,1,10,0,10,0,0,12,57,13,19,13,51,0,0,0,2,0,0
29,290257,2,2,0,0,0,3,3,119,0,23,5,2015,7,18,9,0,1,3,1,2,US-71,LITTLE MISSOURI RD,27,36.531,-94.297,0,12,6,0,2,2,0,1,1,2,0,2,0,0,18,32,18,48,19,18,0,0,0,1,0,0
29,290260,1,1,0,0,0,5,5,5,0,26,5,2015,3,12,50,1,1,1,1,1,I-29,,155,40.378,-95.54,0,35,0,0,1,1,0,3,1,10,0,10,0,0,12,59,13,25,99,99,0,0,0,1,0,0
29,290265,2,2,0,0,0,4,4,125,0,19,5,2015,3,20,16,0,1,3,1,2,US-63,,197,38.124,-91.778,0,12,6,0,1,1,0,2,1,1,0,1,0,0,20,26,20,39,21,30,0,0,0,1,1,0
29,290268,2,2,0,0,0,3,3,101,0,26,5,2015,3,7,45,1,1,3,1,2,US-50,,358,38.87,-94.116,0,12,6,0,8,1,0,1,1,10,0,10,0,0,99,98,99,98,88,88,0,0,0,1,0,2
29,290269,2,2,0,0,0,4,4,221,0,28,5,2015,5,6,50,0,1,4,1,3,SR-21,CR-SIMPSON RD,116,37.985,-90.771,0,12,6,0,8,1,0,1,1,1,0,1,0,0,7,4,7,41,8,11,0,0,0,1,0,2
29,290271,1,1,0,0,0,1,1,185,0,7,6,2015,1,20,0,0,1,3,1,2,US-54,,87,37.892,-93.668,0,42,0,0,1,1,0,4,1,1,0,1,0,0,99,98,99,98,88,88,0,0,0,1,1,0
29,290274,2,2,0,0,0,4,4,119,0,8,6,2015,2,21,50,1,2,3,1,2,US-71,CR-COMMERCIAL DR,9,36.509,-94.281,0,12,6,0,2,2,0,1,3,1,0,1,0,0,21,56,22,4,99,99,0,0,0,2,1,0
29,290277,1,1,0,0,0,1,1,31,1390,14,6,2015,1,18,57,1,2,1,1,1,I-55,,2,37.243,-89.567,0,23,0,0,1,1,0,4,1,2,10,2,0,0,19,2,19,6,99,99,0,0,0,1,0,1
29,290282,2,2,0,0,0,2,2,121,0,2,6,2015,3,8,37,1,1,3,1,2,US-63,SR-156,293,40.022,-92.479,0,12,6,0,2,2,0,1,1,1,0,1,0,0,99,99,99,99,99,99,0,0,0,1,0,0
29,290284,2,2,0,0,0,8,8,123,0,4,6,2015,5,19,0,1,1,3,1,2,US-67,SR-A,111,37.492,-90.308,0,12,6,0,2,2,0,1,1,1,0,1,0,0,19,3,19,7,19,23,0,0,0,1,0,0
29,290285,1,1,0,1,1,4,4,71,7630,7,6,2015,1,21,53,1,2,1,1,1,I-44,,334,38.209,-91.175,0,8,0,1,18,1,0,1,2,1,0,1,0,0,99,99,99,99,99,99,0,0,0,1,0,1
29,290286,2,2,0,1,1,4,4,5,0,8,6,2015,2,1,14,1,1,1,1,1,I-29,,72,40.354,-95.515,0,12,1,0,1,1,0,1,2,10,0,10,0,0,1,17,1,40,99,99,15,0,0,1,0,0
29,290291,3,3,0,0,0,2,2,127,0,12,6,2015,6,15,10,1,1,2,1,2,US-36,,196,39.659,-91.774,0,12,1,0,1,1,0,1,1,10,0,10,0,0,15,7,15,24,16,8,0,0,0,1,0,1
29,290292,1,1,0,0,0,2,2,189,7665,13,6,2015,7,0,50,1,2,1,1,1,I-270,,311,38.526,-90.4,0,52,0,0,1,1,0,4,2,10,0,10,0,0,0,54,1,3,99,99,0,0,0,1,0,2
29,290294,2,2,0,0,0,2,2,9,0,16,6,2015,3,12,35,0,1,4,1,3,SR-76,,262,36.666,-93.709,0,12,2,0,1,1,0,1,1,10,0,10,0,0,99,99,99,99,99,99,0,0,0,1,0,2
29,290295,2,2,0,0,0,2,2,103,0,17,6,2015,4,16,25,0,1,5,1,3,SR-156,,20,40.011,-92.305,0,12,2,0,1,1,0,1,1,10,0,10,0,0,99,99,99,99,99,99,0,0,0,1,0,2
29,290296,1,1,0,0,0,1,1,107,0,18,6,2015,5,0,32,0,1,5,1,3,SR-23,,96,39.063,-93.562,0,35,0,0,1,1,0,4,2,1,0,1,0,0,0,37,0,46,1,46,0,0,0,1,0,0
29,290300,2,2,0,0,0,5,5,510,7080,2,5,2015,7,6,19,1,2,1,1,1,I-70,,313,38.683,-90.239,0,12,1,0,1,1,0,1,1,1,0,1,0,0,6,9,6,16,6,50,19,23,0,1,1,0
29,290302,1,1,0,1,1,1,1,207,2230,9,5,2015,7,20,59,1,2,2,1,2,US-60,,119,36.804,-89.993,0,8,0,0,1,1,0,1,3,1,0,1,0,0,99,98,99,98,88,88,0,0,0,1,0,0
29,290314,1,1,0,0,0,1,1,219,8120,16,6,2015,3,21,9,1,2,1,1,1,I-70,,105,38.821,-91.151,0,32,0,0,1,1,0,3,2,2,0,2,0,0,21,10,21,17,22,8,0,0,0,1,1,0
29,290315,2,2,0,0,0,8,8,85,0,21,6,2015,1,18,5,1,1,3,1,2,US-65,US-54,103,37.941,-93.208,0,12,6,0,2,2,0,1,1,10,0,10,0,0,18,14,18,48,19,54,0,0,0,1,0,0
29,290321,2,2,0,0,0,3,3,13,0,25,6,2015,5,10,20,0,1,4,1,3,SR-52,I-49,186,38.221,-94.35,0,12,6,0,3,2,0,1,1,1,0,1,0,0,10,19,10,25,99,99,0,0,0,1,0,0
29,290322,1,1,0,0,0,1,1,203,0,25,6,2015,5,16,54,0,1,4,1,3,SR-19,,236,37.167,-91.355,0,17,0,0,1,1,0,4,9,1,0,1,0,0,99,98,99,98,88,88,0,0,0,1,0,2
29,290323,2,2,0,0,0,2,2,139,0,26,6,2015,6,7,35,0,1,4,1,3,SR-19,,251,38.812,-91.478,0,12,1,0,1,1,0,1,1,2,10,2,0,0,7,38,7,50,88,88,0,0,0,1,0,2
29,290325,2,2,0,0,0,5,5,215,0,27,6,2015,7,8,45,1,1,3,1,2,US-63,,294,37.22,-92.024,0,12,8,0,1,1,0,1,1,10,0,10,0,0,8,46,8,55,9,47,0,0,0,1,0,0
29,290326,2,2,0,0,0,3,3,99,0,28,6,2015,1,10,19,1,2,3,1,2,US-67,CR-MONTAUK DR,103,38.167,-90.451,0,12,6,0,2,2,0,1,1,1,0,1,0,0,10,23,10,28,11,3,0,0,0,1,0,0
29,290327,1,1,0,0,0,4,4,219,8120,29,6,2015,2,1,50,1,1,1,1,1,I-70,,54,38.82,-91.175,0,35,0,0,1,1,0,4,2,1,0,1,0,0,1,50,1,58,2,46,0,0,0,1,0,0
29,290334,2,2,0,0,0,2,2,213,0,13,3,2015,6,11,50,1,1,3,1,2,US-65,SR-265,178,36.57,-93.25,0,12,6,0,2,2,0,1,1,2,10,2,0,0,12,0,12,11,12,34,0,0,0,1,0,0
29,290335,2,2,0,0,0,5,5,115,0,16,6,2015,3,12,45,1,1,3,1,2,US-36,SR-129,20,39.76,-92.894,0,12,6,0,2,2,0,1,1,10,0,10,0,0,12,55,13,26,14,19,0,0,0,1,0,1
29,290336,2,2,0,0,0,3,3,97,0,18,6,2015,5,14,20,1,2,3,1,3,SR-249,,42,37.115,-94.436,0,12,6,0,1,1,0,1,1,2,0,2,0,0,14,20,14,28,14,43,0,0,0,1,0,2
29,290337,1,1,0,0,0,1,1,99,2720,24,6,2015,4,11,20,1,2,1,1,1,I-55,,156,38.233,-90.404,0,35,0,0,1,1,0,4,1,1,0,1,0,0,99,98,99,98,88,88,0,0,0,1,0,1
29,290339,2,2,0,0,0,4,4,119,0,24,6,2015,4,21,10,0,1,4,1,3,SR-59,,94,36.635,-94.452,0,12,2,0,1,1,0,1,2,1,0,1,0,0,21,15,21,26,22,37,0,0,0,1,1,2
29,290342,1,1,0,0,0,1,1,71,0,29,6,2015,2,16,45,1,1,3,1,3,SR-100,,403,38.529,-90.757,0,59,0,0,1,1,0,4,1,1,0,1,0,0,99,98,99,98,88,88,0,0,0,1,0,1
29,290346,4,4,0,0,0,6,6,19,0,1,7,2015,4,9,13,1,1,1,1,1,I-70,,35,38.959,-92.214,0,12,1,0,1,1,0,1,1,1,0,1,0,0,9,21,9,30,9,51,0,0,0,1,0,0
29,290347,1,1,0,0,0,1,1,13,0,2,7,2015,5,15,0,0,1,5,1,3,SR-18,,87,38.398,-94.536,0,35,0,0,1,1,0,4,9,99,0,99,0,0,99,98,99,98,88,88,0,0,0,1,0,2
29,290348,2,2,0,0,0,4,4,71,0,3,7,2015,6,13,50,0,1,4,1,3,SR-30,,117,38.306,-90.794,0,12,6,0,8,1,0,1,1,10,0,10,0,0,99,98,99,98,88,88,0,0,0,1,1,1
29,290349,2,2,0,0,0,2,2,175,0,3,7,2015,6,15,10,1,1,3,1,2,US-63,SR-NN,78,39.342,-92.391,0,12,6,0,2,2,0,1,1,1,0,1,0,0,99,98,99,98,88,88,0,0,0,1,0,0
29,290352,2,2,0,0,0,3,3,19,0,5,7,2015,1,2,55,1,1,1,1,1,I-70,,186,38.973,-92.489,0,12,1,0,1,1,0,1,2,10,0,10,0,0,3,0,3,13,3,47,0,0,0,1,0,0
29,290354,2,2,0,0,0,3,3,85,0,5,7,2015,1,15,22,0,1,5,1,3,SR-64,,17,37.889,-93.279,0,12,6,0,1,1,0,1,1,10,0,10,0,0,15,25,15,31,16,49,0,0,0,2,1,2
29,290355,1,1,0,0,0,1,1,37,3510,5,7,2015,1,18,58,1,1,1,1,1,I-49,,104,38.622,-94.349,0,1,0,0,1,1,0,1,1,1,0,1,0,0,19,1,19,11,19,58,0,0,0,1,0,0
29,290359,3,3,0,0,0,3,3,189,7060,27,5,2015,4,10,0,1,2,3,1,3,SR-180,MCKIBBON AVE,60,38.708,-90.346,0,12,8,0,2,2,0,1,1,1,0,1,0,0,9,59,10,4,10,28,0,0,0,1,0,1
29,290360,2,2,0,0,0,2,2,47,4120,11,6,2015,5,22,37,1,1,1,1,1,I-435,,148,39.311,-94.579,0,12,6,1,18,1,0,1,2,10,0,10,0,0,99,98,99,98,88,88,0,0,0,1,0,1
29,290361,2,2,0,0,0,2,2,189,8393,14,6,2015,1,16,41,0,2,4,1,3,SR-109,HAWTHORNE VILLAGE PKWY,49,38.583,-90.643,0,12,6,0,2,2,4,1,1,1,0,1,0,0,99,99,99,99,99,99,0,0,0,1,0,2
29,290368,3,3,0,0,0,3,3,95,4120,23,6,2015,3,9,51,1,2,1,1,1,I-435,,180,39.128,-94.498,0,12,1,1,18,1,2,1,1,10,0,10,0,0,99,99,99,99,99,99,0,0,0,1,0,1
29,290370,2,2,0,0,0,4,4,27,2960,25,5,2015,2,16,36,1,2,3,1,2,US-54,CR-306,212,38.835,-91.971,0,12,6,0,2,2,0,1,1,1,0,1,0,0,16,34,16,43,88,88,0,0,0,1,0,0
29,290371,3,3,0,0,0,7,7,31,1390,5,7,2015,1,14,13,1,2,3,1,2,US-61,SR-74,266,37.29,-89.555,0,12,6,0,2,2,0,1,1,1,0,1,0,0,14,14,14,23,14,36,0,0,0,1,0,0
29,290374,2,2,0,0,0,2,2,217,0,4,6,2015,5,0,39,1,1,1,1,1,I-49,,62,37.739,-94.307,0,12,1,0,1,1,0,1,2,1,0,1,0,0,99,99,99,99,99,99,0,0,0,1,1,0
29,290375,2,2,0,0,0,5,5,29,0,27,6,2015,7,17,5,1,1,3,1,2,US-54,CR-RUNABOUT,83,38.091,-92.689,0,12,6,0,2,3,0,1,1,1,0,1,0,0,17,18,17,35,18,28,0,0,0,1,0,0
29,290378,3,3,0,0,0,3,3,5,0,6,7,2015,2,12,12,0,1,3,1,2,US-59,,121,40.412,-95.397,0,12,6,0,1,1,0,1,1,2,0,2,0,0,99,99,99,99,99,99,0,0,0,1,0,0
29,290379,2,2,0,0,0,3,3,131,0,7,7,2015,3,11,54,1,1,3,1,2,US-54,CAVE DR,103,38.296,-92.58,0,12,6,0,2,2,0,1,1,10,0,10,0,0,12,0,12,7,12,28,0,0,0,1,0,0
29,290380,1,1,0,0,0,1,1,99,0,8,7,2015,4,6,35,1,2,2,1,3,SR-21,,267,38.387,-90.504,0,34,0,0,1,1,0,4,1,2,10,2,0,0,6,36,6,44,7,4,0,0,0,1,0,2
29,290382,2,2,0,0,0,4,4,93,0,10,7,2015,6,15,23,0,1,4,1,3,SR-32,,164,37.681,-90.927,0,12,2,0,1,1,0,1,1,1,0,1,0,0,15,28,15,48,16,35,0,0,0,2,0,2
29,290387,2,2,0,0,0,2,2,189,0,12,7,2015,1,23,20,1,2,1,1,1,I-70,,129,38.764,-90.482,0,12,1,0,1,1,0,1,2,1,0,1,0,0,99,99,99,99,99,99,0,0,0,1,0,0
29,290388,4,4,0,0,0,6,6,225,0,14,7,2015,3,2,5,1,1,1,1,1,I-44,,175,37.439,-92.875,0,12,1,0,1,1,0,1,2,10,0,10,0,0,2,11,2,36,3,58,14,0,0,1,0,1
29,290391,1,1,0,0,0,2,2,183,0,18,7,2015,7,20,44,1,2,1,1,1,I-70,,89,38.805,-90.803,0,1,0,0,1,1,0,4,3,10,0,10,0,0,20,50,20,57,21,24,0,0,0,1,1,0
29,290392,1,1,0,0,0,2,2,205,0,20,7,2015,2,3,5,1,1,2,1,2,US-36,,156,39.69,-92.021,0,1,0,0,1,1,0,3,2,10,0,10,0,0,99,98,99,98,88,88,0,0,0,2,0,1
29,290393,4,4,0,0,0,4,4,71,0,22,7,2015,4,14,30,1,1,3,1,3,SR-47,CR-COMMERCIAL DR,47,38.493,-91.004,0,12,1,0,3,3,0,1,1,10,0,10,0,0,14,32,14,38,14,53,0,0,0,1,0,2
29,290396,1,1,0,0,0,1,1,15,0,23,7,2015,5,12,45,1,1,3,1,3,SR-7,,264,38.143,-93.195,0,42,0,0,1,1,0,4,1,1,0,1,0,0,99,98,99,98,88,88,0,0,0,1,0,2
29,290401,1,1,0,0,0,2,2,79,0,25,7,2015,7,21,0,1,1,3,1,3,SR-6,,174,40.086,-93.468,0,58,0,0,1,1,0,4,2,10,0,10,0,0,20,59,21,9,21,28,0,0,0,1,0,2
29,290402,2,2,0,0,0,2,2,195,4970,25,7,2015,7,14,55,0,2,4,1,3,SR-20,,138,39.116,-93.249,0,12,6,0,1,1,0,1,1,1,0,1,0,0,2,59,99,99,99,99,0,0,0,1,0,2
29,290403,1,1,0,0,0,1,1,195,0,25,7,2015,7,2,8,1,2,3,1,2,US-65,,155,39.136,-93.225,0,30,0,0,1,1,0,4,3,1,0,1,0,0,99,98,99,98,88,88,0,0,0,1,1,0
29,290404,1,1,0,0,0,5,5,107,0,26,7,2015,1,18,25,1,1,1,1,1,I-70,,263,39.009,-93.979,0,1,0,0,1,1,0,4,1,1,0,1,0,0,18,35,19,5,19,38,0,0,0,1,0,0
29,290405,1,1,0,0,0,1,1,99,0,26,7,2015,1,18,35,1,1,2,1,2,US-67,,308,38.074,-90.486,0,34,0,0,1,1,0,4,1,10,0,10,0,0,18,43,18,50,88,88,0,0,0,1,1,0
29,290406,2,2,0,0,0,4,4,161,0,27,7,2015,2,16,15,1,1,3,1,2,US-63,,333,37.615,-91.863,0,32,0,0,1,1,0,4,1,1,0,1,0,0,16,15,16,35,17,14,0,0,0,2,0,0
29,290408,1,1,0,0,0,3,3,189,0,28,7,2015,3,14,21,1,1,1,1,1,I-44,,148,38.512,-90.553,0,31,0,0,1,1,0,4,1,1,0,1,0,0,14,22,14,40,15,3,0,0,0,1,0,1
29,290410,1,1,0,0,0,1,1,9,0,30,7,2015,5,5,10,0,1,4,1,3,SR-39,,87,36.812,-93.69,0,1,0,0,1,1,0,1,2,1,0,1,0,0,99,98,99,98,88,88,0,0,0,1,0,2
29,290411,1,1,0,0,0,2,2,139,0,31,7,2015,6,6,20,1,1,1,1,1,I-70,,23,38.897,-91.6,0,1,0,0,1,1,0,3,1,10,0,10,0,0,6,25,6,40,99,99,0,0,0,1,0,0
29,290412,1,1,0,0,0,1,1,19,0,31,7,2015,6,22,5,0,1,4,1,2,US-40,,54,38.989,-92.469,0,58,0,0,1,1,0,4,2,1,0,1,0,0,22,7,22,18,22,38,0,0,0,1,1,0
29,290414,2,2,0,0,0,4,4,73,0,31,7,2015,6,17,0,0,1,4,1,3,SR-28,SR-B,14,38.296,-91.622,0,12,2,0,3,3,0,1,1,1,0,1,0,0,17,2,17,10,99,99,0,0,0,1,0,2
29,290415,2,2,0,0,0,4,4,27,3781,1,8,2015,7,23,58,1,2,2,1,2,US-54,,41,38.626,-92.127,0,12,2,0,1,1,0,1,2,10,0,10,0,0,23,55,0,5,88,88,0,0,0,4,1,0
29,290416,2,2,0,0,0,5,5,65,0,3,8,2015,2,14,30,0,1,5,1,3,SR-68,CR-3260,58,37.706,-91.551,0,12,6,0,2,2,0,1,1,1,0,1,0,0,14,29,14,36,14,52,0,0,0,1,0,2
29,290424,3,3,0,0,0,6,6,95,4120,6,7,2015,2,21,44,1,2,1,1,1,I-70,,202,39.055,-94.481,0,7,0,0,1,1,0,1,3,98,0,98,0,0,21,49,21,57,22,20,14,0,0,1,0,0
29,290425,2,2,0,0,0,3,3,167,880,11,7,2015,7,10,24,1,2,2,1,3,SR-13,,181,37.608,-93.444,0,12,2,0,1,1,0,1,1,1,0,1,0,0,10,24,10,30,99,99,0,0,0,1,0,2
29,290428,1,1,0,0,0,1,1,95,4120,26,7,2015,1,3,21,1,2,2,1,2,US-71,,115,38.966,-94.544,0,42,0,0,1,1,0,4,3,10,0,10,0,0,99,98,99,98,88,88,0,0,0,1,0,0
29,290431,1,1,0,0,0,1,1,189,553,2,8,2015,1,1,40,1,2,1,1,1,I-270,,325,38.771,-90.233,0,35,0,0,1,1,0,4,3,1,0,1,0,0,1,45,1,51,2,38,0,0,0,1,1,2
29,290432,1,1,0,1,1,3,3,139,3670,4,8,2015,3,3,34,1,1,1,1,1,I-70,,70,38.878,-91.385,0,8,0,0,1,1,0,1,2,1,0,1,0,0,99,98,99,98,88,88,19,0,0,1,0,0
29,290434,3,3,0,0,0,4,4,39,0,6,8,2015,5,12,50,1,1,3,1,2,US-54,SR-39,97,37.87,-93.894,0,12,1,0,2,2,0,1,1,1,0,1,0,0,12,57,13,26,14,57,0,0,0,1,0,0
29,290435,1,1,0,0,0,1,1,57,0,6,8,2015,5,23,45,0,1,4,1,2,US-160,,297,37.342,-93.688,0,58,0,0,1,1,0,4,2,1,0,1,0,0,99,98,99,98,88,88,0,0,0,1,0,0
29,290436,2,2,0,0,0,5,5,185,5970,7,8,2015,6,14,10,1,1,3,1,3,SR-13,CR-364,179,38.073,-93.7,0,12,6,0,2,2,0,1,1,10,0,10,0,0,14,24,14,46,15,32,0,0,0,1,0,2
29,290437,3,3,0,0,0,5,5,115,0,8,8,2015,7,11,51,1,1,3,1,2,US-36,,138,39.78,-93.104,0,12,6,0,7,1,0,1,1,2,10,2,0,0,11,53,11,58,12,12,0,0,0,1,0,1
29,290438,1,1,0,0,0,1,1,105,0,9,8,2015,1,7,49,1,1,3,1,3,SR-5,,125,37.718,-92.668,0,33,0,0,1,1,0,4,2,1,0,1,0,0,99,98,99,98,88,88,0,0,0,1,1,1
29,290439,1,1,0,0,0,2,2,71,0,20,7,2015,2,12,5,1,1,3,1,2,US-50,,7,38.395,-91.355,0,38,0,0,1,1,0,4,1,10,0,10,0,0,12,8,12,15,13,1,0,0,0,1,0,2
29,290440,1,1,0,0,0,1,1,215,0,9,8,2015,1,20,20,0,1,5,1,3,SR-137,,96,37.371,-91.818,0,35,0,0,1,1,0,4,1,10,0,10,0,0,99,98,99,98,88,88,0,0,0,1,1,1
29,290441,1,1,0,1,1,3,3,139,0,9,8,2015,1,4,25,1,1,1,1,1,I-70,,79,38.884,-91.402,0,8,0,0,1,1,0,1,2,1,0,1,0,0,99,98,99,98,88,88,0,0,0,1,0,0
29,290443,1,1,0,0,0,1,1,49,0,11,8,2015,3,0,10,1,1,1,1,1,I-35,,95,39.611,-94.251,0,59,0,0,1,1,0,4,2,10,0,10,0,0,99,98,99,98,88,88,0,0,0,1,0,1
29,290444,3,3,0,0,0,4,4,37,0,11,8,2015,3,17,50,1,1,1,1,1,I-49,,48,38.783,-94.497,0,12,2,1,18,1,0,1,1,1,0,1,0,0,99,98,99,98,88,88,0,0,0,1,0,0
29,290446,2,2,0,0,0,3,3,161,6910,20,6,2015,7,18,38,0,2,5,1,3,SR-72,ROLLA ST,3,37.942,-91.772,0,12,6,0,2,2,0,1,1,1,0,1,0,0,99,99,99,99,99,99,0,0,0,1,0,2
29,290448,2,2,0,0,0,3,3,201,7203,16,7,2015,5,23,31,1,2,1,1,1,I-55,,248,37.224,-89.555,0,12,2,0,1,1,0,1,2,1,0,1,0,0,99,99,99,99,99,99,0,0,0,1,0,1
29,290449,1,1,0,1,1,1,1,109,420,17,7,2015,6,22,46,1,1,3,1,2,US-60,,62,36.948,-93.737,0,8,0,0,1,1,0,1,2,1,0,1,0,0,23,7,23,30,23,55,0,0,0,1,0,0
29,290454,1,1,0,0,0,1,1,163,0,9,8,2015,1,14,15,0,1,4,1,3,SR-79,,93,39.489,-91.185,0,1,0,0,1,1,0,4,1,1,0,1,0,0,99,98,99,98,88,88,0,0,0,1,0,1
29,290456,2,2,0,0,0,4,4,175,0,12,8,2015,4,12,20,1,1,2,1,2,US-63,,214,39.315,-92.374,0,12,2,0,1,1,0,1,1,1,0,1,0,0,12,50,13,10,13,48,0,0,0,4,0,0
29,290457,3,3,0,0,0,3,3,215,0,13,8,2015,5,15,45,0,1,4,1,3,SR-17,,156,37.474,-92.112,0,1,0,0,1,1,0,1,1,1,0,1,0,0,99,98,99,98,88,88,0,0,0,1,1,2
29,290460,4,4,0,0,0,5,5,167,0,15,8,2015,7,12,52,0,1,4,1,3,SR-32,,35,37.629,-93.551,0,12,2,0,1,1,0,1,1,1,0,1,0,0,99,99,99,99,99,99,0,0,0,2,0,2
29,290463,1,1,0,1,1,1,1,213,980,19,5,2015,3,22,22,0,2,5,1,3,SR-165,,0,36.637,-93.281,0,8,0,0,1,1,0,1,3,10,0,10,0,0,22,23,22,25,23,8,0,0,0,1,0,2
29,290465,1,1,0,1,1,2,2,165,4120,20,6,2015,7,2,57,1,2,1,1,1,I-29,,208,39.272,-94.668,0,8,0,0,1,1,4,1,2,10,0,10,0,0,2,49,2,54,3,12,0,0,0,1,0,0
29,290473,1,1,0,1,1,2,2,47,4120,6,8,2015,5,21,4,1,2,2,4,2,US-169,,61,39.199,-94.59,0,8,0,0,1,1,0,1,2,1,0,1,0,0,99,98,99,98,88,88,0,0,0,1,0,0
29,290475,5,2,3,0,0,2,2,97,4100,10,8,2015,2,21,7,0,2,4,1,3,SR-66,ROOSEVELT AVE,44,37.085,-94.541,0,12,6,0,2,3,0,1,3,1,0,1,0,0,99,99,99,99,99,99,14,0,0,1,0,0
29,290479,1,1,0,0,0,1,1,97,0,12,8,2015,4,9,35,0,1,4,1,3,SR-96,,271,37.194,-94.09,0,38,0,0,1,1,0,4,1,1,0,1,0,0,10,54,11,15,11,37,0,0,0,1,0,2
29,290480,2,2,0,0,0,1,1,189,0,12,8,2015,4,23,15,1,2,1,1,1,I-270,,319,38.519,-90.391,0,12,6,0,1,1,0,1,2,1,0,1,0,0,99,98,99,98,88,88,19,0,0,1,0,2