STATE,ST_CASE,VE_TOTAL,VE_FORMS,PVH_INVL,PEDS,PERNOTMVIT,PERMVIT,PERSONS,COUNTY,CITY,DAY,MONTH,YEAR,DAY_WEEK,HOUR,MINUTE,NHS,RUR_URB,FUNC_SYS,RD_OWNER,ROUTE,TWAY_ID,TWAY_ID2,MILEPT,LATITUDE,LONGITUD,SP_JUR,HARM_EV,MAN_COLL,RELJCT1,RELJCT2,TYP_INT,WRK_ZONE,REL_ROAD,LGT_COND,WEATHER1,WEATHER2,WEATHER,SCH_BUS,RAIL,NOT_HOUR,NOT_MIN,ARR_HOUR,ARR_MIN,HOSP_HR,HOSP_MN,CF1,CF2,CF3,FATALS,DRUNK_DR,RANK
31,310009,1,1,0,0,0,4,4,133,0,16,1,2015,6,99,99,0,1,4,1,3,SR-4,,1947,40.19,-96.128,0,38,0,0,1,1,0,4,2,1,0,1,0,0,99,99,99,99,99,99,0,0,0,1,0,2
31,310010,2,2,0,0,0,2,2,37,0,16,1,2015,6,18,40,1,1,3,1,2,US-30,,3860,41.438,-97.231,0,12,6,0,8,1,0,1,2,1,0,1,0,0,88,88,88,88,88,88,0,0,0,1,0,0
31,310015,1,1,0,0,0,1,1,55,3620,24,1,2015,7,20,21,1,2,2,1,2,US-75,,864,41.204,-95.949,0,35,0,0,1,1,0,4,3,2,0,2,0,0,99,99,99,99,99,99,0,0,0,1,0,0
31,310016,2,2,0,0,0,2,2,141,0,29,1,2015,5,14,45,1,1,3,1,2,US-81,CR-505TH STREET,1353,41.729,-97.465,0,12,1,0,2,2,0,1,1,1,0,1,0,0,99,99,99,99,99,99,0,0,0,1,0,0
31,310018,1,1,0,1,1,1,1,55,3620,30,1,2015,6,13,10,1,2,3,1,2,US-75,,864,41.319,-95.957,0,8,0,0,1,1,0,1,1,10,0,10,0,0,99,99,99,99,99,99,0,0,0,1,0,0
31,310019,1,1,0,0,0,1,1,55,3620,2,2,2015,2,1,55,1,2,1,1,1,I-80,,5450,41.23,-95.933,0,31,0,0,1,1,0,4,3,1,0,1,0,0,99,99,99,99,99,99,0,0,0,1,0,0
31,310020,1,1,0,0,0,1,1,185,0,28,2,2015,7,11,54,1,1,1,1,1,I-80,,3450,40.822,-97.75,0,24,0,0,1,1,0,4,1,10,0,10,0,0,88,88,88,88,88,88,0,0,0,1,0,0
31,310021,2,2,0,0,0,3,3,155,0,1,2,2015,1,12,48,1,1,2,1,2,US-77,,977,41.234,-96.559,0,12,6,0,1,1,0,1,1,4,6,4,0,0,99,99,99,99,99,99,0,0,0,1,0,0
31,310022,2,2,0,0,0,2,2,109,2830,1,2,2015,1,8,55,1,2,1,1,1,I-80,,4046,40.896,-96.665,0,12,1,0,1,1,0,2,1,4,11,4,0,0,99,99,99,99,99,99,0,0,0,1,0,0
31,310023,2,2,0,0,0,2,2,105,0,20,2,2015,6,7,30,1,1,1,1,1,I-80,,293,41.221,-103.509,0,12,1,0,1,1,0,2,1,1,0,1,0,0,99,99,99,99,99,99,0,0,0,1,0,0
31,310024,3,3,0,0,0,5,5,121,0,9,2,2015,2,8,0,0,1,4,1,3,SR-92,CR-2ND ROAD,3604,41.191,-98.27,0,12,6,0,2,2,0,1,1,5,10,5,0,0,99,99,99,99,99,99,0,0,0,1,0,2
31,310025,1,1,0,1,1,1,1,19,0,22,2,2015,1,17,0,1,1,1,1,1,I-80,,2865,40.71,-98.82,0,8,0,0,1,1,0,1,1,1,0,1,0,0,88,88,88,88,88,88,0,0,0,1,0,0
31,310026,2,2,0,0,0,8,8,47,0,25,2,2015,4,18,27,1,1,1,1,1,I-80,,2270,40.811,-99.9,0,1,0,0,1,1,0,1,5,1,0,1,0,0,99,99,99,99,99,99,0,0,0,3,0,1
31,310029,1,1,0,0,0,1,1,41,0,5,3,2015,5,99,99,0,1,3,1,3,SR-70,,840,41.409,-99.45,0,39,0,0,1,1,0,4,1,1,0,1,0,0,88,88,88,88,88,88,0,0,0,1,0,1
31,310031,2,2,0,0,0,2,2,167,0,3,3,2015,3,16,58,0,1,4,1,3,SR-15,,1310,41.776,-97.058,0,12,2,0,1,1,0,1,1,1,0,1,0,0,99,99,99,99,99,99,0,0,0,1,0,0
31,310033,1,1,0,0,0,1,1,89,0,7,3,2015,7,11,26,1,1,2,1,2,US-20,,3153,42.39,-98.538,0,35,0,0,1,1,0,4,1,1,0,1,0,0,99,99,99,99,99,99,0,0,0,1,0,0
31,310034,2,2,0,0,0,4,4,157,0,1,3,2015,1,8,42,0,1,4,1,3,SR-92,CR-29,330,41.784,-103.519,0,12,6,0,2,2,0,1,1,1,0,1,0,0,99,99,99,99,99,99,0,0,0,1,0,2
31,310036,2,2,0,0,0,2,2,147,0,9,3,2015,2,8,0,0,1,4,1,3,SR-67,SR-62,60,40.233,-95.672,0,12,6,0,2,2,0,1,1,1,0,1,0,0,99,99,99,99,99,99,0,0,0,1,0,2
31,310038,2,2,0,0,0,2,2,9,0,10,3,2015,3,9,20,1,1,3,1,3,SR-2,,2350,41.846,-100.137,0,12,6,0,8,1,0,1,1,1,0,1,0,0,88,88,88,88,88,88,0,0,0,1,0,2
31,310039,2,2,0,0,0,2,2,151,0,10,3,2015,3,99,99,0,1,4,1,3,SR-15,,320,40.459,-97.179,0,12,8,0,1,1,0,1,2,1,0,1,0,0,88,88,88,88,88,88,0,0,0,1,0,0
31,310043,2,2,0,0,0,3,3,111,2390,16,3,2015,2,6,36,0,1,4,1,2,US-30,,1640,41.163,-100.999,0,12,1,0,1,1,0,1,2,1,0,1,0,0,88,88,88,88,88,88,0,0,0,1,0,0
31,310044,2,2,0,0,0,2,2,111,0,18,3,2015,4,20,30,1,1,3,1,2,US-83,CR-NORTH LAKE ROAD,770,41.047,-100.754,0,12,6,0,2,2,0,1,2,1,0,1,0,0,99,99,99,99,99,99,0,0,0,1,0,0
31,310045,1,1,0,0,0,1,1,67,0,20,3,2015,6,15,59,0,1,4,1,3,SR-8,,752,40.044,-96.795,0,1,0,0,1,1,0,4,1,1,0,1,0,0,99,99,99,99,99,99,0,0,0,1,1,2
31,310048,1,1,0,0,0,3,3,173,0,26,3,2015,5,99,99,0,1,4,1,3,SR-92,,160,42.148,-96.446,0,34,0,0,1,1,0,4,1,2,0,2,0,0,99,99,99,99,99,99,0,0,0,1,0,2
31,310049,2,2,0,0,0,2,2,43,0,26,3,2015,5,23,15,1,1,3,1,2,US-20,,4160,42.474,-96.707,0,12,2,0,1,1,0,1,2,1,0,1,0,0,88,88,88,88,88,88,0,0,0,1,0,0
31,310054,1,1,0,1,1,1,1,109,2830,31,1,2015,7,5,14,1,2,3,1,2,US-34,,3261,40.814,-96.682,0,8,0,0,1,1,0,1,3,2,0,2,0,0,99,99,99,99,99,99,0,0,0,1,1,0
31,310055,3,3,0,0,0,4,4,153,0,13,1,2015,3,16,49,1,1,3,1,2,US-75,CR-PLATTEVIEW RD,784,41.089,-95.928,0,12,6,0,2,2,0,1,1,1,0,1,0,0,99,99,99,99,99,99,0,0,0,1,0,0
31,310056,2,2,0,0,0,2,2,109,2830,30,3,2015,2,15,2,1,2,3,1,3,SR-2,OLD CHENEY RD,4624,40.754,-96.641,0,12,6,0,2,2,0,1,1,1,0,1,0,0,99,99,99,99,99,99,0,0,0,1,0,2
31,310059,2,2,0,0,0,3,3,33,0,7,4,2015,3,9,15,1,1,3,1,2,US-385,CR-RD 54,500,41.381,-102.973,0,12,99,0,1,1,0,1,1,3,5,3,0,0,99,99,99,99,99,99,0,0,0,1,0,0
31,310061,1,1,0,0,0,1,1,35,0,11,4,2015,7,99,99,0,1,4,1,3,SR-14,,450,40.594,-97.995,0,32,0,0,1,1,0,4,2,1,0,1,0,0,88,88,88,88,88,88,0,0,0,1,1,2
31,310062,1,1,0,0,0,2,2,149,0,3,4,2015,6,14,21,1,1,2,1,2,US-20,,2630,42.579,-99.451,0,34,0,0,1,1,0,4,1,1,0,1,0,0,99,99,99,99,99,99,0,0,0,1,0,0
31,310063,2,2,0,0,0,2,2,11,0,9,4,2015,5,9,32,0,1,5,1,3,SR-56,,340,41.568,-97.91,0,12,2,0,1,1,0,1,1,2,10,2,0,0,99,99,99,99,99,99,0,0,0,1,0,2
31,310071,3,3,0,0,0,5,5,109,2830,30,1,2015,6,17,24,1,2,2,1,2,US-6,,3201,40.869,-96.63,0,12,6,0,1,1,0,1,5,1,0,1,0,0,99,99,99,99,99,99,0,0,0,1,0,0
31,310074,2,2,0,0,0,2,2,23,0,2,5,2015,7,99,99,1,1,2,1,2,US-81,,1070,41.356,-97.368,0,12,1,0,1,1,0,1,2,2,0,2,0,0,99,99,99,99,99,99,0,0,0,1,1,0
31,310075,2,2,0,0,0,7,7,23,0,2,5,2015,7,18,35,1,1,3,1,3,SR-92,CR-COUNTY ROAD G,4150,41.193,-97.253,0,12,1,0,2,2,0,1,1,1,0,1,0,0,99,99,99,99,99,99,0,0,0,2,1,2
31,310077,1,1,0,0,0,1,1,27,0,16,5,2015,7,15,0,0,1,5,1,3,SR-84,,430,42.613,-97.246,0,1,0,0,1,1,0,4,1,6,0,6,0,0,99,99,99,99,99,99,0,0,0,1,0,2
31,310081,1,1,0,0,0,1,1,151,0,21,5,2015,5,12,40,0,1,4,1,3,SR-15,,310,40.443,-97.179,0,35,0,0,1,1,0,4,1,10,0,10,0,0,99,99,99,99,99,99,0,0,0,1,0,0
31,310084,2,2,0,0,0,3,3,139,0,26,5,2015,3,17,29,1,1,3,1,2,US-20,CR-544 AVE,3630,42.351,-97.64,0,12,6,0,2,2,0,1,1,1,0,1,0,0,99,99,99,99,99,99,0,0,0,2,0,0
31,310085,1,1,0,1,1,1,1,123,0,27,5,2015,4,13,45,1,1,3,1,2,US-385,CR-S RAILROAD AVE,714,41.642,-103.072,0,9,0,0,3,3,0,2,1,10,0,10,0,0,88,88,88,88,88,88,0,0,0,1,0,0
31,310088,2,2,0,0,0,3,3,25,0,31,5,2015,1,18,18,1,1,1,1,1,I-80,,4190,40.923,-96.46,0,12,6,0,1,1,0,1,1,1,0,1,0,0,88,88,88,88,88,88,0,0,0,1,0,0
31,310089,3,3,0,0,0,3,3,55,3620,29,3,2015,1,14,22,1,2,3,1,3,SR-64,,739,41.285,-96.028,0,12,1,0,1,1,0,1,1,1,0,1,0,0,99,99,99,99,99,99,0,0,0,1,1,2
31,310090,3,3,0,0,0,6,6,55,0,5,4,2015,1,20,27,0,1,4,1,3,SR-36,CR-N 252ND ST,61,41.379,-96.312,0,12,6,0,2,2,0,1,2,1,0,1,0,0,99,99,99,99,99,99,0,0,0,4,0,1
31,310091,2,2,0,0,0,5,5,55,3620,1,6,2015,2,18,15,1,2,3,1,2,US-75,KANSAS AVE,944,41.314,-95.957,0,12,6,0,2,2,0,1,1,10,0,10,0,0,99,99,99,99,99,99,0,0,0,1,0,0
31,310092,2,2,0,0,0,3,3,31,0,5,6,2015,6,13,20,1,1,3,1,2,US-83,,2000,42.699,-100.535,0,12,2,0,1,1,0,1,1,10,0,10,0,0,99,99,99,99,99,99,0,0,0,2,0,0
31,310098,1,1,0,1,1,0,0,3,0,15,6,2015,2,0,14,0,1,4,1,3,SR-14,,1420,41.944,-98.084,0,8,0,0,1,1,0,1,2,1,0,1,0,0,88,88,88,88,88,88,0,0,0,1,0,2
31,310101,4,4,0,0,0,8,8,139,0,30,6,2015,3,17,0,1,1,3,1,2,US-81,CR-853 ROAD,1680,42.192,-97.426,0,12,1,0,2,2,0,1,1,1,0,1,0,0,99,99,99,99,99,99,0,0,0,1,0,0
31,310102,2,2,0,0,0,3,3,141,0,4,7,2015,7,1,0,0,1,4,1,3,SR-39,,290,41.542,-97.817,0,12,2,0,1,1,0,1,2,10,0,10,0,0,99,99,99,99,99,99,0,0,0,2,1,2
31,310104,2,2,0,0,0,2,2,43,0,12,7,2015,1,99,99,1,1,2,1,2,US-77,,1780,42.378,-96.45,0,12,2,0,1,1,0,1,2,1,0,1,0,0,99,99,99,99,99,99,0,0,0,1,1,0
31,310105,1,1,0,0,0,2,2,19,0,12,7,2015,1,19,0,1,1,1,1,1,I-80,,2690,40.672,-99.164,0,1,0,0,1,1,0,3,1,1,0,1,0,0,99,99,99,99,99,99,0,0,0,1,0,0
31,310107,1,1,0,0,0,2,2,25,0,14,7,2015,3,16,44,1,1,3,1,2,US-34,CR-YOUNG ST,3750,40.937,-95.911,0,35,0,0,3,3,0,4,1,1,0,1,0,0,88,88,88,88,88,88,0,0,0,2,1,0
31,310108,1,1,0,0,0,1,1,47,2810,19,7,2015,1,13,30,0,2,3,1,3,SR-21,CHEROKEE STREET,288,40.796,-99.749,0,32,0,0,3,3,0,4,1,10,0,10,0,0,99,99,99,99,99,99,0,0,0,1,0,2
31,310111,2,2,0,0,0,2,2,17,0,15,7,2015,4,13,57,1,1,3,1,2,US-20,,2300,42.569,-100.1,0,12,2,0,1,1,0,1,1,10,0,10,0,0,99,99,99,99,99,99,0,0,0,1,0,0
31,310112,2,2,0,0,0,2,2,41,0,22,7,2015,4,9,0,1,1,3,1,3,SR-2,CR-RYNO ROAD,2770,41.402,-99.671,0,12,2,0,3,3,0,1,1,2,10,2,0,0,99,99,99,99,99,99,0,0,0,1,0,2
31,310113,2,2,0,0,0,3,3,131,4740,10,7,2015,6,13,50,0,1,4,1,3,SR-50,SR-2 OFF RAMP,533,40.673,-96.179,0,12,6,1,2,2,0,1,1,10,0,10,0,0,99,99,99,99,99,99,0,0,0,1,0,0
31,310115,2,2,0,0,0,2,2,155,0,24,7,2015,6,22,19,1,1,3,1,3,SR-92,,4626,41.234,-96.366,0,12,1,0,1,1,0,1,2,1,0,1,0,0,99,99,99,99,99,99,20,0,0,1,1,2
31,310119,2,2,0,0,0,3,3,109,2830,29,7,2015,4,21,10,1,2,3,1,2,US-34,56TH STREET,3282,40.813,-96.644,0,12,1,0,3,2,4,1,5,1,0,1,0,0,99,99,99,99,99,99,0,0,0,1,1,0
31,310122,1,1,0,0,0,5,5,25,0,2,8,2015,1,16,7,1,1,1,1,1,I-80,,4234,40.994,-96.35,0,35,0,0,1,1,0,3,1,1,0,1,0,0,99,99,99,99,99,99,0,0,0,1,1,0
31,310125,2,2,0,0,0,2,2,53,0,9,8,2015,1,13,31,1,1,3,1,2,US-30,,4090,41.463,-96.814,0,12,2,0,1,1,0,1,1,1,0,1,0,0,99,99,99,99,99,99,0,0,0,1,1,0
31,310128,1,1,0,0,0,2,2,33,0,9,8,2015,1,9,46,1,1,1,1,1,I-80,,650,41.113,-102.84,0,38,0,0,1,1,0,4,1,1,0,1,0,0,99,99,99,99,99,99,0,0,0,1,0,0
31,310137,2,2,0,0,0,2,2,27,0,28,8,2015,6,15,12,0,1,4,1,3,SR-12,,1990,42.728,-97.326,0,12,2,0,1,1,0,1,1,1,0,1,0,0,88,88,88,88,88,88,0,0,0,2,0,2
31,310141,2,2,0,0,0,2,2,45,0,3,9,2015,5,5,53,1,1,3,1,2,US-385,,1660,42.744,-103.007,0,11,0,0,1,1,0,1,4,1,0,1,0,0,99,99,99,99,99,99,0,0,0,1,0,0
31,310144,2,2,0,0,0,2,2,153,2140,10,9,2015,5,9,4,1,2,3,1,2,US-6,PLAZA PARKING LOT,3481,41.136,-96.244,0,12,2,0,2,3,0,1,1,1,0,1,0,0,99,99,99,99,99,99,0,0,0,1,0,0
31,310145,1,1,0,0,0,2,2,55,3620,11,9,2015,6,21,38,1,2,3,1,3,SR-64,,690,41.292,-96.12,0,5,0,0,1,1,0,1,2,1,0,1,0,0,99,99,99,99,99,99,0,0,0,1,0,2
31,310148,2,2,0,0,0,3,3,177,0,11,9,2015,6,20,30,1,1,3,1,2,US-30,CR-COUNTY ROAD 29,4439,41.49,-96.175,0,12,1,0,2,2,0,1,2,1,0,1,0,0,99,99,99,99,99,99,0,0,0,1,0,0
31,310149,2,2,0,0,0,2,2,109,2830,13,9,2015,1,8,59,1,2,3,1,2,US-6,,3120,40.814,-96.742,0,12,2,0,1,1,0,1,1,1,0,1,0,0,99,99,99,99,99,99,0,0,0,1,0,0
31,310151,1,1,0,0,0,1,1,129,0,17,9,2015,5,99,99,0,1,4,1,3,SR-8,,30,40.017,-98.008,0,1,0,0,1,1,0,4,2,1,0,1,0,0,99,99,99,99,99,99,0,0,0,1,0,2
31,310152,2,2,0,0,0,3,3,131,0,19,9,2015,7,9,24,1,1,3,1,2,US-75,CR-G ROAD,511,40.697,-95.912,0,12,6,0,2,2,0,1,1,1,0,1,0,0,88,88,88,88,88,88,0,0,0,2,0,0
31,310157,2,2,0,0,0,2,2,109,2830,25,9,2015,6,22,40,1,2,3,1,3,SR-2,ARAPAHOE ST,4583,40.779,-96.706,0,12,1,0,3,3,0,1,3,1,0,1,0,0,99,99,99,99,99,99,0,0,0,1,0,2
31,310158,1,1,0,0,0,1,1,155,0,30,9,2015,4,12,4,0,1,5,1,3,SR-109,,149,41.393,-96.531,0,42,0,0,1,1,0,4,1,1,0,1,0,0,88,88,88,88,88,88,0,0,0,1,0,2
31,310159,2,2,0,0,0,6,6,43,0,8,7,2015,4,15,37,0,1,4,1,3,SR-35,,490,42.293,-96.71,0,12,6,0,1,1,0,1,1,1,0,1,0,0,99,99,99,99,99,99,0,0,0,1,0,1
31,310163,2,2,0,0,0,3,3,53,0,14,10,2015,4,11,34,1,1,3,1,2,US-30,,4210,41.452,-96.587,0,12,2,0,1,1,0,1,1,1,0,1,0,0,99,99,99,99,99,99,0,0,0,2,0,0
31,310164,1,1,0,1,1,1,1,89,3630,15,10,2015,5,12,24,1,1,3,1,2,US-20,FOURTH STREET,3077,42.458,-98.648,0,8,0,0,2,2,0,1,1,1,0,1,0,0,99,99,99,99,99,99,0,0,0,1,1,0
31,310165,1,1,0,0,0,1,1,153,0,20,10,2015,3,12,33,1,1,2,1,2,US-75,,6,41.121,-95.935,0,1,0,0,1,1,0,3,1,1,0,1,0,0,99,99,99,99,99,99,0,0,0,1,0,0
31,310168,1,1,0,0,0,2,2,81,0,21,10,2015,4,17,36,1,1,1,1,1,I-80,,3344,40.822,-97.958,0,1,0,0,1,1,0,3,1,10,0,10,0,0,99,99,99,99,99,99,0,0,0,1,0,0
31,310170,2,2,0,0,0,2,2,25,0,22,10,2015,5,8,50,0,1,4,1,3,SR-66,,995,41.016,-96.345,0,12,2,0,1,1,0,1,1,2,10,2,0,0,99,99,99,99,99,99,0,0,0,1,0,0
31,310174,2,2,0,0,0,5,5,67,0,24,10,2015,7,19,30,1,1,3,1,2,US-77,,160,40.183,-96.747,0,12,6,0,1,1,0,1,2,1,0,1,0,0,99,99,99,99,99,99,0,0,0,4,1,0
31,310175,1,1,0,0,0,1,1,119,0,27,10,2015,3,99,99,0,1,5,1,3,SR-32,,161,41.858,-97.796,0,1,0,0,1,1,0,4,2,1,0,1,0,0,88,88,88,88,88,88,0,0,0,1,1,2
31,310176,3,3,0,0,0,4,4,101,0,31,7,2015,6,22,10,1,1,1,1,1,I-80,,1480,41.115,-101.298,0,12,1,0,1,1,0,1,2,1,0,1,0,0,99,99,99,99,99,99,0,0,0,1,1,0
31,310179,2,2,0,0,0,2,2,109,2830,4,11,2015,4,6,39,1,2,2,1,2,US-77,,627,40.815,-96.755,0,24,0,0,1,1,0,4,2,10,0,10,0,0,99,99,99,99,99,99,0,0,0,1,0,0
31,310181,2,2,0,0,0,2,2,45,0,5,11,2015,5,12,5,1,1,3,1,2,US-385,,1590,42.705,-103.005,1,12,2,0,1,1,0,1,1,1,0,1,0,0,88,88,88,88,88,88,0,0,0,1,0,0
31,310182,2,2,0,0,0,4,4,55,3620,6,11,2015,6,21,1,1,2,3,1,2,US-75,NORTH FREEWAY S,935,41.303,-95.954,0,12,6,1,2,2,0,1,3,1,0,1,0,0,99,99,99,99,99,99,0,0,0,1,0,0
31,310183,2,2,0,0,0,2,2,151,0,10,11,2015,3,5,45,0,1,4,1,3,SR-103,,359,40.527,-96.961,0,12,2,0,1,1,0,1,2,10,0,10,0,0,99,99,99,99,99,99,0,0,0,2,1,2
31,310184,2,2,0,0,0,2,2,109,0,12,11,2015,5,18,20,1,1,3,1,3,SR-2,,4720,40.712,-96.487,0,12,1,0,1,1,0,1,2,1,0,1,0,0,99,99,99,99,99,99,0,0,0,1,0,2
31,310185,1,1,0,0,0,1,1,47,0,13,11,2015,6,99,99,1,1,1,1,1,I-80,,2220,40.851,-100.003,0,11,0,0,1,1,0,1,2,10,0,10,0,0,88,88,88,88,88,88,0,0,0,1,0,0
31,310186,1,1,0,0,0,4,4,3,0,15,11,2015,1,22,50,1,1,3,1,2,US-20,,3370,42.335,-98.155,0,11,0,0,1,1,0,1,2,1,0,1,0,0,99,99,99,99,99,99,0,0,0,2,0,0
31,310187,2,1,1,0,1,4,5,19,0,17,11,2015,3,20,30,1,1,1,1,1,I-80,,2560,40.691,-99.399,0,14,0,0,1,1,0,3,2,4,0,4,0,0,99,99,99,99,99,99,0,0,0,1,0,0
31,310189,1,1,0,0,0,2,2,105,0,19,11,2015,5,22,10,1,1,1,1,1,I-80,,60,41.192,-103.932,0,35,0,0,1,1,0,3,2,1,0,1,0,0,88,88,88,88,88,88,0,0,0,2,0,0
31,310190,2,2,0,0,0,3,3,27,0,19,11,2015,5,19,10,0,1,4,1,3,SR-15,,1790,42.4,-97.035,0,12,6,0,1,1,0,1,2,1,0,1,0,0,99,99,99,99,99,99,0,0,0,1,0,0
31,310192,2,2,0,0,0,2,2,137,0,21,11,2015,7,17,20,1,1,3,1,2,US-183,,350,40.505,-99.38,0,12,2,0,1,1,0,1,1,1,0,1,0,0,99,99,99,99,99,99,0,0,0,1,0,0
31,310193,2,2,0,0,0,3,3,161,0,25,11,2015,4,19,45,0,1,4,1,3,SR-27,CR-670TH,2240,42.829,-102.203,0,12,6,0,2,2,0,1,2,1,0,1,0,0,99,99,99,99,99,99,0,0,0,1,1,2
31,310194,2,2,0,0,0,2,2,41,0,23,11,2015,2,13,17,0,1,4,1,3,SR-21,,720,41.38,-99.638,0,12,2,0,8,1,0,1,1,1,0,1,0,0,99,99,99,99,99,99,0,0,0,1,0,2
31,310196,2,2,0,0,0,2,2,151,1250,26,11,2015,5,16,23,0,2,3,1,3,SR-33,,103,40.623,-96.975,0,12,6,0,1,1,0,1,5,12,0,12,0,0,99,99,99,99,99,99,0,0,0,1,0,1
31,310197,1,1,0,0,0,5,5,55,3620,28,11,2015,7,23,45,1,2,1,1,1,I-680,,26,41.26,-96.076,0,31,0,1,5,1,0,3,3,10,0,10,0,0,99,99,99,99,99,99,0,0,0,1,0,1
31,310198,2,2,0,0,0,4,4,151,0,3,12,2015,5,15,49,0,1,4,1,2,US-6,SR-S76A,2693,40.651,-97.349,0,12,6,0,2,2,0,1,1,1,0,1,0,0,99,99,99,99,99,99,0,0,0,1,0,0
31,310199,1,1,0,1,1,1,1,19,0,3,12,2015,5,99,99,0,1,4,1,2,US-183,,480,40.693,-99.38,0,8,0,0,1,1,0,1,2,1,0,1,0,0,88,88,88,88,88,88,0,0,0,1,0,0
31,310200,2,2,0,0,0,3,3,127,0,10,12,2015,5,20,25,0,1,5,1,3,SR-105,SR-S64B,280,40.407,-96.009,0,12,6,0,2,2,0,1,2,1,0,1,0,0,99,99,99,99,99,99,0,0,0,2,1,2
31,310201,2,2,0,0,0,3,3,67,390,3,10,2015,7,14,0,1,2,3,1,2,US-77,LINCOLN ST,227,40.272,-96.747,0,12,6,0,2,2,0,1,1,1,0,1,0,0,99,99,99,99,99,99,0,0,0,1,0,0
31,310205,2,2,0,0,0,4,4,47,0,6,12,2015,1,2,30,1,1,1,1,1,I-80,,2270,40.811,-99.9,0,12,1,0,1,1,0,1,2,1,0,1,0,0,99,99,99,99,99,99,0,0,0,2,0,0
31,310207,2,2,0,0,0,3,3,97,0,13,12,2015,1,14,50,0,1,4,1,3,SR-41,SR-50,1035,40.421,-96.18,0,12,6,0,2,2,0,1,1,2,0,2,0,0,88,88,88,88,88,88,0,0,0,2,0,1
31,310208,2,2,0,0,0,8,8,155,0,14,12,2015,2,20,0,0,1,5,1,3,SR-109,,50,41.303,-96.602,0,12,6,0,1,1,0,1,2,10,0,10,0,0,99,99,99,99,99,99,0,0,0,1,0,2
31,310209,1,1,0,0,0,1,1,175,0,29,11,2015,1,17,0,0,1,4,1,3,SR-11,,700,41.575,-98.836,0,31,0,0,1,1,0,4,5,4,10,4,0,0,99,99,99,99,99,99,0,0,0,1,0,2
31,310210,1,1,0,0,0,2,2,153,0,20,12,2015,1,99,99,0,1,4,1,3,SR-31,,4,41.015,-96.167,0,31,0,0,1,1,0,4,2,1,0,1,0,0,88,88,88,88,88,88,0,0,0,1,1,2
31,310212,1,1,0,0,0,2,2,181,0,23,12,2015,4,16,30,0,1,5,1,3,SR-78,,125,40.184,-98.33,0,32,0,0,1,1,0,4,1,1,0,1,0,0,99,99,99,99,99,99,0,0,0,1,0,1
31,310213,1,1,0,0,0,2,2,173,0,27,12,2015,1,99,99,1,1,3,1,2,US-75,,1600,42.136,-96.38,0,24,0,0,1,1,0,4,1,1,0,1,0,0,88,88,88,88,88,88,0,0,0,2,1,0
31,310217,2,2,0,0,0,3,3,159,0,24,12,2015,5,7,26,0,1,4,1,3,SR-15,CR-ROCK CREEK,731,41.003,-97.101,0,12,6,0,2,2,0,1,4,4,7,4,0,0,99,99,99,99,99,99,0,0,0,2,0,0
32,320003,1,1,0,0,0,2,2,23,0,10,1,2015,7,7,38,0,1,4,1,2,US-6,,1564,38.468,-116.02,0,1,0,0,1,1,0,4,1,1,0,1,0,0,99,99,99,99,99,99,0,0,0,1,0,0
32,320007,1,1,0,0,0,4,4,19,0,17,1,2015,7,5,12,1,1,1,1,1,I-80,,501,39.62,-119.206,0,1,0,0,1,1,0,4,3,10,0,10,0,0,5,16,5,44,6,24,0,0,0,1,0,0
32,320029,1,1,0,0,0,1,1,15,0,14,2,2015,7,1,23,1,1,1,1,1,I-80,,2293,40.66,-116.961,0,1,0,0,1,1,0,3,2,1,0,1,0,0,99,99,99,99,88,88,0,0,0,1,0,0
32,320037,3,3,0,0,0,4,4,3,120,13,3,2015,6,4,50,1,2,2,1,2,US-95,,99998,36.176,-115.19,0,12,1,0,1,1,0,1,3,1,0,1,0,0,4,56,5,1,88,88,14,0,0,1,0,0
32,320048,2,2,0,0,0,2,2,3,110,5,4,2015,1,13,5,1,2,2,1,2,US-95,,560,35.993,-114.93,0,12,7,0,1,1,0,1,1,1,0,1,0,0,13,10,13,16,13,39,0,0,0,1,0,0
32,320075,1,1,0,0,0,3,3,19,0,2,5,2015,7,16,33,1,1,3,1,2,US-50,,556,39.385,-119.31,0,59,0,0,1,1,0,4,1,1,0,1,0,0,16,35,17,5,17,33,0,0,0,2,0,2
32,320078,1,1,0,0,0,2,2,33,0,15,6,2015,2,11,10,1,1,3,1,2,US-93,,1010,40.018,-114.66,0,1,0,0,1,1,0,4,1,1,0,1,0,0,11,9,11,49,88,88,0,0,0,1,0,0
32,320081,1,1,0,0,0,5,5,13,0,23,6,2015,3,8,24,1,1,1,1,1,I-80,,2200,40.76,-117.088,0,59,0,0,1,1,0,4,1,1,0,1,0,0,99,99,99,99,99,99,0,0,0,2,0,0
32,320101,1,1,0,0,0,3,3,3,0,3,6,2015,4,5,10,1,1,2,1,2,US-95,,455,35.81,-114.941,0,1,0,0,1,1,0,4,4,1,0,1,0,0,5,21,5,38,6,19,0,0,0,1,0,0
32,320102,2,2,0,0,0,3,3,9,0,25,3,2015,4,22,35,1,1,3,1,2,US-6,,415,38.027,-117.88,0,12,2,0,1,1,0,1,2,1,0,1,0,0,99,99,99,99,99,99,0,0,0,1,1,0
32,320103,2,2,0,0,0,3,3,13,0,4,7,2015,7,3,15,1,1,1,1,1,I-80,,2030,40.916,-117.34,0,18,0,0,1,1,4,2,2,1,0,1,0,0,99,99,99,99,99,99,14,0,0,1,0,0