STATE,ST_CASE,VE_TOTAL,VE_FORMS,PVH_INVL,PEDS,PERNOTMVIT,PERMVIT,PERSONS,COUNTY,CITY,DAY,MONTH,YEAR,DAY_WEEK,HOUR,MINUTE,NHS,RUR_URB,FUNC_SYS,RD_OWNER,ROUTE,TWAY_ID,TWAY_ID2,MILEPT,LATITUDE,LONGITUD,SP_JUR,HARM_EV,MAN_COLL,RELJCT1,RELJCT2,TYP_INT,WRK_ZONE,REL_ROAD,LGT_COND,WEATHER1,WEATHER2,WEATHER,SCH_BUS,RAIL,NOT_HOUR,NOT_MIN,ARR_HOUR,ARR_MIN,HOSP_HR,HOSP_MN,CF1,CF2,CF3,FATALS,DRUNK_DR,RANK
34,340480,1,1,0,0,0,1,1,25,2374,29,12,2015,3,1,52,1,2,3,1,3,SR-35,HERBERT AVE,259,40.242,-74.037,0,33,0,0,1,1,0,4,2,2,0,2,0,0,2,2,2,9,88,88,0,0,0,1,1,1
34,340482,1,1,0,3,3,1,1,39,860,20,7,2015,2,10,6,1,2,3,1,3,SR-27,CHILTON ST,335,40.66,-74.221,0,8,0,0,1,1,0,99,1,1,0,1,0,0,10,8,10,10,10,22,0,0,0,1,0,2
34,340489,1,1,0,1,1,1,1,19,1020,15,10,2015,5,22,25,1,2,3,1,3,SR-31,CHURCH STREET,222,40.506,-74.845,0,8,0,0,1,1,0,1,2,1,0,1,0,0,22,27,22,32,88,88,0,0,0,1,0,2
34,340492,1,1,0,1,1,1,1,7,520,17,9,2015,5,14,41,1,2,3,1,2,US-30,FLANDERS BLVD,17,39.942,-75.106,0,8,0,0,1,1,0,99,1,1,0,1,0,0,99,99,99,99,88,88,0,0,0,1,0,0
34,340493,2,2,0,0,0,5,5,5,613,24,10,2015,7,23,43,1,2,3,1,2,US-130,CHURCH RD,360,39.988,-75.01,0,12,6,0,2,2,0,1,3,1,0,1,0,0,23,45,23,48,0,28,0,0,0,1,1,1
34,340495,1,1,0,1,1,1,1,39,860,9,12,2015,4,1,10,1,2,3,1,2,US-1,OLIVE STREET,446,40.67,-74.202,0,8,0,0,2,2,0,1,3,1,0,1,0,0,99,99,99,99,99,99,0,0,0,1,0,1
34,340496,1,1,0,0,0,1,1,15,747,24,12,2015,5,8,22,0,2,4,1,3,SR-47,CENTRAL AVE,732,39.848,-75.125,0,31,0,0,3,3,0,4,1,2,0,2,0,0,8,23,8,29,8,52,0,0,0,1,0,2
34,340505,2,2,0,1,1,3,3,7,1640,24,12,2015,5,19,16,1,2,3,1,2,US-30,WEST EMLEN AVE,86,39.868,-75.041,0,8,0,0,2,3,0,1,3,10,0,10,0,0,19,17,19,23,88,88,0,0,0,1,0,0
34,340506,2,2,0,1,1,2,2,13,2130,25,12,2015,6,7,7,1,2,3,1,3,SR-27,,377,40.714,-74.189,0,8,0,0,1,1,0,1,4,10,0,10,0,0,99,99,99,99,99,99,0,0,0,1,0,2
34,340509,1,1,0,0,0,1,1,25,0,23,12,2015,4,12,19,1,2,3,1,2,US-9,CR-525,1113,40.221,-74.267,0,33,0,0,3,2,0,3,1,2,0,2,0,0,99,99,99,99,88,88,0,0,0,1,0,0
34,340510,1,1,0,2,2,2,2,39,3395,19,12,2015,7,21,30,1,2,3,1,2,US-22,SAYRE RD,560,40.697,-74.255,0,8,0,0,3,2,0,1,3,1,0,1,0,0,21,35,99,99,99,99,0,0,0,1,0,0
34,340517,1,1,0,1,1,4,4,5,613,27,12,2015,1,17,42,1,2,3,1,2,US-130,WYNWOOD DRIVE,99998,40,-74.987,0,8,0,0,2,2,0,1,3,2,0,2,0,0,17,43,17,49,18,16,0,0,0,1,0,1
34,340525,1,1,0,0,0,1,1,23,779,29,12,2015,3,3,20,1,2,1,31,1,I-95,,346,40.438,-74.431,0,24,0,0,1,1,0,3,3,2,0,2,0,0,3,25,3,40,88,88,0,0,0,1,1,1
34,340526,1,1,0,0,0,3,3,39,3207,20,12,2015,1,19,37,1,2,1,1,1,I-78,,476,40.701,-74.35,0,35,0,0,1,1,0,4,2,1,0,1,0,0,99,99,99,99,99,99,0,0,0,1,0,1
34,340527,3,3,0,0,0,8,8,23,704,24,12,2015,5,19,59,1,2,1,31,1,I-95,,252,40.305,-74.493,0,12,1,0,1,1,0,1,2,10,0,10,0,0,20,18,20,37,21,6,14,0,0,1,0,1
34,340530,1,1,0,1,1,1,1,1,851,4,12,2015,6,20,21,1,2,3,1,2,US-40,,608,39.384,-74.502,0,8,0,0,1,1,0,1,2,1,0,1,0,0,20,22,20,41,21,1,0,0,0,1,0,0
35,350002,1,1,0,0,0,1,1,53,0,9,1,2015,6,19,55,1,1,1,1,1,I-25,,1780,34.458,-106.824,0,1,0,0,1,1,0,3,2,1,0,1,0,0,19,56,20,19,88,88,0,0,0,1,1,1
35,350009,1,1,0,0,0,1,1,41,0,30,1,2015,6,6,17,0,1,5,1,3,SR-267,S. ROOSEVELT AB,90,34.185,-103.493,0,30,0,1,3,2,0,4,2,1,0,1,0,0,6,9,6,19,88,88,0,0,0,1,1,2
35,350012,1,1,0,0,0,1,1,1,0,26,1,2015,2,17,0,0,2,4,1,3,SR-313,,0,35.213,-106.596,0,24,0,0,1,1,0,4,1,1,0,1,0,0,16,58,17,4,88,88,0,0,0,1,1,1
35,350015,2,2,0,0,0,3,3,6,4,28,1,2015,4,15,26,0,1,6,1,3,SR-124,,78,35.082,-107.631,3,12,2,0,1,1,0,1,1,1,0,1,0,0,99,99,99,99,99,99,0,0,0,2,1,1
35,350020,1,1,0,0,0,1,1,33,0,17,2,2015,3,8,47,1,1,1,1,1,I-25,,3660,35.802,-104.982,0,42,0,0,1,1,0,4,1,4,0,4,0,0,99,99,99,99,88,88,0,0,0,1,0,1
35,350021,1,1,0,0,0,6,6,5,0,22,2,2015,1,10,0,1,1,2,1,2,US-285,,1490,33.945,-104.633,0,1,0,0,1,1,0,3,1,4,10,4,0,0,9,59,10,36,11,28,0,0,0,1,0,0
35,350022,1,1,0,1,1,2,2,49,0,22,2,2015,1,19,38,1,1,1,1,1,I-25,,2760,35.59,-106.064,0,8,0,0,1,1,0,1,2,99,0,99,0,0,19,30,19,45,20,3,0,0,0,1,0,1
35,350025,1,1,0,0,0,5,5,31,0,23,2,2015,2,7,30,1,1,1,1,1,I-40,,371,35.493,-108.492,0,1,0,0,1,1,0,3,1,4,0,4,0,0,99,99,7,52,99,99,0,0,0,1,0,1
35,350026,2,2,0,0,0,2,2,57,256,27,2,2015,6,0,47,0,1,3,1,2,US-54,,1870,34.442,-105.424,0,12,2,0,1,1,0,1,2,4,0,4,0,0,99,99,99,99,99,99,0,0,0,1,0,0
35,350030,1,1,0,0,0,1,1,13,470,4,2,2015,4,11,41,1,2,2,1,2,US-70,,0,32.35,-106.767,0,18,0,1,5,1,0,8,1,1,0,1,0,0,11,40,11,43,12,19,0,0,0,1,0,0
35,350032,1,1,0,0,0,3,3,5,0,22,3,2015,1,18,21,1,1,2,1,2,US-70,,3490,33.579,-104.364,0,1,0,0,1,1,0,1,1,1,0,1,0,0,18,18,18,33,20,31,0,0,0,1,0,0
35,350033,1,1,0,0,0,1,1,1,30,1,2,2015,1,20,34,1,2,1,1,1,I-25,,2200,35.026,-106.638,0,1,0,0,1,1,0,3,2,1,0,1,0,0,99,99,99,99,88,88,0,0,0,1,1,1
35,350038,1,1,0,0,0,2,2,37,0,9,3,2015,2,8,57,1,1,1,1,1,I-40,,3480,35.156,-103.453,0,24,0,0,1,1,0,4,1,1,0,1,0,0,9,11,9,53,10,55,0,0,0,2,0,1
35,350040,1,1,0,0,0,3,3,19,0,9,3,2015,2,0,58,1,1,1,1,1,I-40,,2480,34.984,-105.137,0,1,0,0,1,1,0,1,2,1,0,1,0,0,0,50,1,15,1,55,0,0,0,2,0,1
35,350041,1,1,0,0,0,1,1,6,116,27,3,2015,6,14,37,1,1,1,1,1,I-40,,748,35.241,-107.956,0,52,0,0,1,1,0,4,1,1,0,1,0,0,99,99,14,44,88,88,0,0,0,1,1,1
35,350043,2,2,0,0,0,5,5,13,470,22,3,2015,1,22,38,1,2,2,1,2,US-70,,0,32.375,-106.737,0,12,1,0,1,1,0,1,3,1,0,1,0,0,99,99,99,99,99,99,0,0,0,1,1,0
35,350048,2,2,0,0,0,4,4,25,0,4,3,2015,4,10,16,1,1,3,1,3,SR-18,SR-248,370,32.521,-103.128,0,12,6,0,2,2,0,1,1,2,0,2,0,0,10,7,10,18,88,88,0,0,0,1,0,2
35,350050,1,1,0,1,1,1,1,43,110,10,2,2015,3,17,16,1,2,2,1,2,US-550,,0,35.325,-106.563,0,8,0,0,1,1,0,1,1,1,0,1,0,0,15,14,15,17,15,38,0,0,0,1,0,0
35,350058,2,2,0,0,0,2,2,39,0,30,3,2015,2,17,34,1,1,3,1,2,US-550,242 CHACO ACCESS ROAD,990,36.221,-107.488,0,12,1,1,2,3,0,1,1,1,0,1,0,0,18,37,18,37,88,88,0,0,0,1,0,0
35,350060,1,1,0,0,0,1,1,13,470,28,4,2015,3,2,31,1,2,1,1,1,I-25,,70,32.376,-106.793,0,1,0,0,1,1,0,4,2,1,0,1,0,0,99,99,99,99,88,88,0,0,0,1,0,1
35,350062,1,1,0,0,0,2,2,37,349,23,4,2015,5,17,14,1,1,1,1,1,I-40,,3670,35.157,-103.15,0,1,0,0,1,1,0,4,1,1,0,1,0,0,17,15,17,30,99,99,0,0,0,2,1,1
35,350063,1,1,0,0,0,1,1,35,0,30,4,2015,5,10,35,0,1,6,1,3,SR-24,,290,32.632,-105.324,0,1,0,0,1,1,0,4,1,1,0,1,0,0,99,99,99,99,88,88,0,0,0,1,1,2
35,350065,1,1,0,0,0,1,1,45,70,5,4,2015,1,16,54,1,2,1,1,2,US-550,,1730,36.981,-107.878,0,1,0,0,1,1,0,1,1,1,0,1,0,0,16,54,17,11,88,88,0,0,0,1,0,0
35,350066,2,2,0,0,0,4,4,19,37,6,4,2015,2,17,0,1,1,3,1,2,US-84,,680,35.057,-105.012,0,12,2,0,1,1,0,1,1,1,0,1,0,0,17,7,17,30,18,5,0,0,0,2,0,0
35,350067,1,1,0,1,1,1,1,41,640,15,4,2015,4,20,53,0,1,5,1,3,SR-88,,20,34.186,-103.303,0,8,0,0,1,1,0,1,2,1,0,1,0,0,20,26,20,32,88,88,0,0,0,1,0,1
35,350068,3,3,0,0,0,3,3,5,670,20,4,2015,2,17,47,1,1,3,4,2,US-380,,0,33.394,-104.501,0,12,2,0,1,1,0,1,1,1,0,1,0,0,99,99,99,99,99,99,0,0,0,1,1,0
35,350069,2,2,0,0,0,2,2,29,0,14,4,2015,3,17,10,0,2,5,1,3,SR-9,,940,31.819,-107.536,0,12,2,0,1,1,0,1,1,1,0,1,0,0,17,20,17,35,99,99,0,0,0,1,0,2
35,350070,1,1,0,1,1,1,1,45,745,4,3,2015,4,21,50,1,2,3,1,2,US-64,,230,36.785,-108.649,9,8,0,0,1,1,0,1,2,1,0,1,0,0,23,12,23,17,88,88,0,0,0,1,0,0
35,350072,5,5,0,0,0,9,9,37,700,12,4,2015,1,5,27,1,1,1,1,1,I-40,,3560,35.112,-103.337,0,12,1,0,1,1,0,1,2,1,0,1,0,0,5,37,5,47,7,25,0,0,0,2,0,1
35,350077,1,1,0,0,0,1,1,31,642,2,5,2015,7,6,16,1,1,1,1,1,I-40,,659,35.348,-108.014,0,1,0,0,1,1,0,3,2,1,0,1,0,0,99,99,99,99,88,88,0,0,0,1,0,1
35,350079,1,1,0,0,0,2,2,23,0,16,5,2015,7,12,40,1,1,1,1,1,I-10,,360,32.256,-108.513,0,1,0,0,1,1,0,3,1,8,0,8,0,0,99,99,99,99,99,99,0,0,0,1,0,1
35,350080,1,1,0,0,0,4,4,7,0,3,5,2015,1,9,51,0,1,5,1,3,SR-58,,80,36.449,-104.717,0,1,0,0,1,1,0,6,1,1,0,1,0,0,9,45,10,6,99,99,0,0,0,1,1,1
35,350082,2,2,0,0,0,5,5,29,0,5,5,2015,3,17,20,1,1,3,1,2,US-180,,1520,32.415,-107.893,0,12,2,0,1,1,0,1,1,1,0,1,0,0,17,15,17,25,18,49,0,0,0,2,0,0
35,350084,1,1,0,0,0,5,5,15,0,22,5,2015,6,22,59,1,1,3,1,2,US-62,,20,32.009,-104.5,0,1,0,0,1,1,0,3,2,5,0,5,0,0,99,99,99,99,99,99,0,0,0,1,0,0
35,350085,1,1,0,1,1,1,1,23,0,3,5,2015,1,5,37,1,1,1,1,1,I-10,,320,32.294,-108.575,0,8,0,0,1,1,0,1,2,1,0,1,0,0,99,99,5,54,88,88,0,0,0,1,0,1
35,350092,1,1,0,0,0,1,1,47,0,18,6,2015,5,15,41,1,1,1,1,1,I-25,,3430,35.568,-105.222,0,52,0,0,1,1,0,4,1,1,0,1,0,0,99,99,99,99,88,88,0,0,0,1,0,1
35,350094,1,1,0,0,0,1,1,31,0,9,6,2015,3,7,16,1,1,1,1,1,I-40,,288,35.531,-108.622,3,38,0,0,1,1,0,3,4,8,0,8,0,0,12,3,13,40,14,31,0,0,0,1,0,1
35,350095,2,2,0,0,0,3,3,37,0,24,6,2015,4,13,10,1,1,1,1,1,I-40,,3470,35.172,-103.482,0,41,0,0,1,1,0,3,1,1,0,1,0,0,99,99,99,99,88,88,0,0,0,1,0,1
35,350097,1,1,0,0,0,1,1,51,810,21,6,2015,1,2,48,0,1,5,1,3,SR-51,,60,33.134,-107.176,0,1,0,0,1,1,0,4,2,1,0,1,0,0,2,24,2,39,88,88,0,0,0,1,1,2
35,350098,2,2,0,0,0,3,3,25,0,12,6,2015,6,15,49,9,1,4,1,2,US-380,,2100,33.344,-103.588,0,12,2,0,1,1,0,1,1,1,0,1,0,0,15,45,16,17,17,2,0,0,0,1,2,0
35,350100,1,1,0,0,0,5,5,57,0,21,6,2015,1,16,17,1,1,1,1,1,I-40,,2200,35.007,-105.651,0,1,0,0,1,1,0,4,1,1,0,1,0,0,99,99,99,99,99,99,0,0,0,1,0,1
35,350101,1,1,0,0,0,1,1,6,598,26,6,2015,6,22,46,1,2,1,1,1,I-40,,784,35.197,-107.913,0,1,0,0,1,1,0,3,2,1,0,1,0,0,22,43,22,50,88,88,0,0,0,1,1,1
35,350102,1,1,0,0,0,1,1,13,0,27,6,2015,7,10,27,0,1,4,1,3,SR-28,,210,32.178,-106.745,0,58,0,0,1,1,0,4,1,1,0,1,0,0,10,30,10,39,99,99,24,0,0,1,0,2
35,350103,1,1,0,0,0,1,1,13,465,6,6,2015,7,17,59,0,1,4,1,3,SR-28,,130,32.094,-106.683,0,1,0,0,1,1,0,4,1,1,0,1,0,0,17,55,18,7,88,88,0,0,0,1,1,2
35,350104,2,2,0,0,0,2,2,15,0,20,6,2015,7,5,45,0,1,5,1,3,SR-128,,10,32.34,-103.997,0,12,2,0,1,1,0,1,1,1,0,1,0,0,99,99,99,99,99,99,0,0,0,1,1,1
35,350108,1,1,0,0,0,2,2,43,0,4,6,2015,5,9,45,0,1,4,1,3,SR-4,,254,35.849,-106.633,0,1,0,0,1,1,0,4,1,1,0,1,0,0,12,23,12,40,99,99,0,0,0,1,0,2
35,350111,2,2,0,0,0,2,2,57,605,8,6,2015,2,14,56,1,1,1,1,1,I-40,,1920,35.032,-106.113,0,12,1,0,1,1,1,1,1,1,0,1,0,0,14,2,14,4,15,25,0,0,0,1,0,1
35,350116,1,1,0,1,1,1,1,39,280,12,6,2015,6,21,35,0,1,3,1,3,SR-68,,35,36.038,-106.063,0,33,0,0,1,1,0,4,3,1,0,1,0,0,21,29,21,37,21,59,0,0,0,1,1,2
35,350118,1,1,0,1,1,1,1,49,710,21,6,2015,1,21,11,0,1,7,1,3,SR-50,,0,35.566,-105.732,0,8,0,0,1,1,0,1,2,1,0,1,0,0,99,99,99,99,99,99,0,0,0,1,0,0
35,350120,1,1,0,0,0,4,4,51,810,3,7,2015,6,22,25,1,1,1,1,1,I-25,,980,33.416,-107.257,0,1,0,0,1,1,0,4,2,1,0,1,0,0,99,99,99,99,99,99,0,0,0,1,0,1
35,350121,1,1,0,0,0,3,3,29,0,2,7,2015,5,0,25,1,1,1,1,1,I-10,,1020,32.241,-107.434,0,52,0,0,1,1,0,4,2,1,0,1,0,0,0,23,0,40,99,99,0,0,0,1,0,1
35,350122,1,1,0,0,0,1,1,11,0,17,7,2015,6,15,8,1,1,3,1,2,US-285,,1620,34.086,-104.795,0,1,0,0,1,1,0,2,1,1,0,1,0,0,99,99,99,99,88,88,0,0,0,1,0,0
35,350124,1,1,0,0,0,1,1,61,813,21,7,2015,3,17,40,0,2,6,1,3,SR-47,,0,34.682,-106.735,0,35,0,0,1,1,0,4,1,1,0,1,0,0,17,43,17,47,88,88,0,0,0,1,0,2
35,350125,2,2,0,0,0,4,4,19,0,4,7,2015,7,12,51,1,1,3,1,2,US-54,,2260,34.796,-104.908,0,12,2,0,1,1,0,1,1,1,0,1,0,0,99,99,99,99,99,99,0,0,0,1,1,0
35,350128,3,3,0,0,0,3,3,25,0,29,7,2015,4,17,17,0,1,4,1,2,US-380,,2020,33.393,-103.715,0,12,8,0,1,1,0,1,1,1,0,1,0,0,99,99,99,99,99,99,0,0,0,2,1,0
35,350129,2,2,0,0,0,2,2,5,0,23,7,2015,5,5,38,1,1,3,1,2,US-285,ORCHARD PARK,0,33.256,-104.464,0,12,6,1,2,2,0,1,4,1,0,1,0,0,5,23,5,35,6,5,0,0,0,1,0,0
35,350131,1,1,0,0,0,5,5,37,603,5,7,2015,1,8,27,1,1,1,1,1,I-40,,3100,35.086,-104.1,0,24,0,0,1,1,0,4,1,1,0,1,0,0,99,99,99,99,99,99,0,0,0,1,0,1
35,350136,2,2,0,0,0,3,3,1,30,31,7,2015,6,18,52,0,2,3,1,3,SR-313,,0,35.213,-106.596,0,12,2,0,1,1,0,1,1,1,0,1,0,0,18,53,19,0,19,18,0,0,0,1,1,1
35,350142,1,1,0,1,1,1,1,5,0,28,8,2015,6,22,15,1,1,1,1,2,US-70,,3390,33.488,-104.498,0,8,0,0,1,1,0,1,2,2,0,2,0,0,22,13,22,21,22,35,0,0,0,1,0,0
35,350143,1,1,0,1,1,1,1,1,30,23,8,2015,1,20,38,1,2,1,1,1,I-25,,0,35.174,-106.584,0,8,0,0,1,1,0,1,3,1,0,1,0,0,20,43,20,50,88,88,0,0,0,1,0,1
35,350145,1,1,0,2,2,4,4,45,456,7,8,2015,6,22,39,1,2,3,1,2,US-64,CR-6400,0,36.743,-108.36,0,8,0,1,2,2,0,1,3,2,0,2,0,0,99,99,99,99,99,99,0,0,0,2,0,0
35,350150,2,2,0,0,0,3,3,1,30,16,8,2015,1,10,45,1,2,2,1,1,I-25,,2250,35.105,-106.63,0,12,7,0,1,1,0,1,1,1,0,1,0,0,10,51,10,56,88,88,0,0,0,1,1,1
35,350151,1,1,0,0,0,1,1,29,230,2,8,2015,1,23,10,0,1,4,1,3,SR-11,,220,32.082,-107.749,0,1,0,0,1,1,0,4,2,1,0,1,0,0,23,3,23,14,88,88,0,0,0,1,1,2
35,350152,2,2,0,0,0,2,2,15,0,18,8,2015,3,13,59,1,1,3,1,2,US-285,,20,32.021,-104.053,0,12,6,0,1,1,0,1,1,1,0,1,0,0,13,46,14,13,99,99,0,0,0,1,0,0
35,350153,2,2,0,0,0,5,5,19,0,16,8,2015,1,14,6,1,1,3,1,2,US-84,I-40 ENTRANCE RAMP,2560,34.976,-104.991,0,12,2,1,2,2,0,1,1,1,0,1,0,0,14,8,14,20,15,15,0,0,0,1,0,0
35,350155,1,1,0,0,0,2,2,45,0,1,8,2015,7,14,47,0,1,3,1,3,SR-134,,99,36.098,-108.857,0,1,0,0,1,1,0,4,1,2,0,2,0,0,99,99,99,99,99,99,0,0,0,1,0,1
35,350158,1,1,0,1,1,2,2,1,30,17,8,2015,2,19,34,1,2,1,1,1,I-40,,1630,35.092,-106.555,0,8,0,0,1,1,0,1,1,1,0,1,0,0,99,99,99,99,99,99,0,0,0,1,0,1
35,350161,1,1,0,0,0,2,2,6,457,19,6,2015,6,17,0,1,1,1,1,1,I-40,,1260,34.985,-107.183,3,1,0,0,1,1,0,4,1,1,0,1,0,0,99,99,99,99,99,99,0,0,0,1,0,1
35,350162,1,1,0,0,0,1,1,49,0,3,9,2015,5,13,8,1,1,1,1,1,I-25,,2900,35.554,-105.879,0,1,0,0,1,1,0,1,1,1,0,1,0,0,99,99,13,12,88,88,0,0,0,1,0,1
35,350164,1,1,0,0,0,1,1,47,719,21,9,2015,2,4,0,1,1,1,1,1,I-25,,3620,35.754,-105.018,0,1,0,0,1,1,0,4,2,1,0,1,0,0,99,99,99,99,88,88,0,0,0,1,0,1
35,350166,1,1,0,1,1,1,1,45,745,29,9,2015,3,15,49,1,1,3,1,2,US-64,,190,36.773,-108.744,3,9,0,0,1,1,0,2,1,1,0,1,0,0,15,54,16,1,88,88,0,0,0,1,0,0
35,350168,2,2,0,0,0,2,2,1,30,20,9,2015,1,3,47,1,2,1,1,1,I-25,,0,35.112,-106.627,0,12,2,0,1,1,0,1,3,1,0,1,0,0,3,49,3,58,88,88,0,0,0,2,2,1
35,350169,2,2,0,0,0,2,2,25,0,26,9,2015,7,18,32,0,1,4,1,3,SR-132,4004 N DAL PASO,10,32.744,-103.128,0,12,1,0,8,1,0,1,3,2,0,2,0,0,18,8,18,14,18,32,0,0,0,1,0,1
35,350170,1,1,0,0,0,1,1,31,0,18,9,2015,6,18,11,0,1,7,2,4,CR-19,BIG POINT RD,160,35.565,-108.011,3,1,0,0,3,3,0,4,1,1,0,1,0,0,17,45,18,4,88,88,0,0,0,1,0,2
35,350171,2,2,0,0,0,2,2,41,260,19,9,2015,7,23,0,1,1,2,1,2,US-70,,4040,34.006,-103.586,0,1,0,0,1,1,0,3,2,1,0,1,0,0,99,99,99,99,88,88,0,0,0,1,0,0
35,350173,1,1,0,0,0,1,1,49,0,14,9,2015,2,10,8,1,1,1,1,1,I-25,,0,35.579,-106.081,0,1,0,0,1,1,0,4,1,1,0,1,0,0,99,99,99,99,99,99,0,0,0,1,0,1
35,350174,1,1,0,0,0,1,1,7,770,12,9,2015,7,15,2,1,1,1,1,1,I-25,,4140,36.379,-104.6,0,1,0,0,1,1,0,3,1,1,0,1,0,0,15,8,15,30,88,88,0,0,0,1,0,1
35,350176,1,1,0,0,0,2,2,23,500,20,9,2015,1,11,29,1,1,1,1,1,I-10,,240,32.341,-108.69,0,1,0,0,1,1,0,1,1,1,0,1,0,0,11,28,11,33,99,99,0,0,0,2,0,1
35,350178,2,2,0,0,0,4,4,15,0,11,9,2015,6,8,14,0,1,3,1,3,SR-200,CR-206,0,32.472,-104.232,0,12,6,0,2,2,0,1,1,1,0,1,0,0,99,99,99,99,99,99,0,0,0,1,0,1
35,350179,2,2,0,0,0,2,2,5,250,14,9,2015,2,17,1,0,2,3,1,3,SR-2,TUMBLEWEED ROAD,0,33.299,-104.459,0,12,1,1,3,3,0,1,1,1,0,1,0,0,16,54,17,3,17,22,0,0,0,1,0,2
35,350180,2,2,0,0,0,6,6,13,470,6,9,2015,1,15,10,1,1,1,1,1,I-25,,250,32.578,-106.936,0,12,98,0,1,1,0,1,1,1,0,1,0,0,99,99,99,99,99,99,0,0,0,1,0,1
35,350181,1,1,0,1,1,2,2,49,710,20,9,2015,1,1,18,1,2,1,1,1,I-25,,0,35.602,-106.041,0,8,0,0,1,1,0,1,2,1,0,1,0,0,99,99,99,99,88,88,0,0,0,1,0,1
35,350182,2,2,0,0,0,3,3,45,745,6,9,2015,1,8,1,1,1,2,1,2,US-64,,258,36.781,-108.628,3,12,99,0,1,1,0,1,1,1,0,1,0,0,8,6,8,10,9,5,0,0,0,2,1,0
35,350184,3,3,0,0,0,3,3,45,115,9,9,2015,4,10,28,1,1,3,1,2,US-550,,1480,36.659,-107.995,0,12,1,0,1,1,0,1,1,1,0,1,0,0,99,99,99,99,88,88,0,0,0,1,0,0
35,350185,2,2,0,0,0,3,3,37,700,11,9,2015,6,4,5,1,1,1,1,1,I-40,,3510,35.135,-103.414,0,1,0,0,1,1,0,1,2,1,0,1,0,0,4,0,4,18,88,88,0,0,0,1,0,1
35,350190,1,1,0,1,1,4,4,49,710,19,10,2015,2,19,7,1,1,1,1,1,I-25,,2780,35.61,-106.027,0,8,0,0,1,1,1,1,2,1,0,1,0,0,17,10,17,29,88,88,0,0,0,1,0,1
35,350191,1,1,0,0,0,1,1,43,29,2,10,2015,6,8,57,1,1,1,1,1,I-25,,0,35.378,-106.471,0,1,0,0,1,1,0,3,1,1,0,1,0,0,8,59,9,21,88,88,0,0,0,1,0,1
35,350192,1,1,0,1,1,1,1,7,0,31,10,2015,7,2,49,1,1,1,1,1,I-25,,4320,36.699,-104.483,0,8,0,0,1,1,0,1,2,1,0,1,0,0,2,49,3,14,88,88,0,0,0,1,0,1
35,350194,1,1,0,0,0,2,2,5,0,11,10,2015,1,10,1,1,1,1,1,2,US-285,,1515,33.97,-104.662,0,1,0,0,1,1,0,4,1,1,0,1,0,0,10,3,10,40,11,10,0,0,0,1,0,0
35,350199,2,2,0,0,0,4,4,45,745,29,10,2015,5,17,0,1,2,3,1,2,US-64,NAVAJO ROUTE 551,0,36.784,-108.669,3,12,6,0,2,3,0,1,1,2,0,2,0,0,17,4,17,7,17,25,0,0,0,1,1,0
35,350200,2,2,0,1,1,3,3,13,470,28,10,2015,4,19,25,1,2,1,1,1,I-40,,1320,32.272,-106.924,0,8,0,1,18,1,0,1,2,1,0,1,0,0,99,99,99,99,88,88,0,0,0,1,0,1
35,350202,1,1,0,0,0,1,1,6,4,8,10,2015,5,14,14,1,1,1,1,1,I-40,,980,35.076,-107.632,0,1,0,0,1,1,0,3,1,1,0,1,0,0,99,99,99,99,88,88,0,0,0,1,0,1
35,350203,1,1,0,0,0,1,1,55,141,11,10,2015,1,5,35,1,1,3,1,2,US-64,,2420,36.481,-105.747,0,59,0,0,1,1,0,4,2,1,0,1,0,0,5,44,6,5,88,88,0,0,0,1,1,0
35,350207,1,1,0,0,0,1,1,47,0,10,10,2015,7,15,57,1,1,3,1,2,US-285,,2550,35.083,-105.706,0,38,0,0,1,1,0,4,1,1,0,1,0,0,99,99,99,99,99,99,0,0,0,1,0,0
35,350208,1,1,0,0,0,1,1,49,561,17,6,2015,4,19,59,0,1,6,1,3,SR-14,,250,35.366,-106.179,0,1,0,0,1,1,0,1,5,1,0,1,0,0,99,99,99,99,99,99,0,0,0,1,0,2
35,350209,4,4,0,0,0,7,7,43,110,21,4,2015,3,14,43,1,2,3,1,2,US-550,,0,35.322,-106.556,0,12,7,0,1,1,0,1,1,1,0,1,0,0,14,47,14,52,99,99,0,0,0,1,1,0
35,350213,2,2,0,0,0,3,3,35,20,30,10,2015,6,21,4,0,2,6,1,2,US-70,WALKER ROAD,0,32.867,-105.98,0,12,6,1,2,2,0,1,3,1,0,1,0,0,99,99,99,99,99,99,0,0,0,1,0,0
35,350214,1,1,0,1,1,2,2,6,4,13,11,2015,6,22,32,1,1,1,1,1,I-40,,1080,35.034,-107.474,3,8,0,1,18,1,0,1,2,1,0,1,0,0,99,99,99,99,88,88,0,0,0,1,0,1
35,350215,1,1,0,1,1,1,1,31,646,5,3,2015,5,15,14,0,1,6,1,3,SR-53,,350,35.116,-108.48,3,8,0,0,1,1,0,1,1,1,0,1,0,0,15,13,15,20,15,41,0,0,0,1,0,2
35,350216,1,1,0,0,0,1,1,5,0,21,11,2015,7,23,43,1,1,5,1,2,US-385,SR-254,1580,33.394,-104.462,0,42,0,0,3,2,0,4,2,1,0,1,0,0,23,41,23,48,0,6,0,0,0,1,1,0
35,350218,2,2,0,0,0,2,2,13,470,7,11,2015,7,9,13,1,1,3,1,1,I-10,,1480,32.215,-106.699,0,12,1,0,1,1,0,1,1,1,0,1,0,0,9,12,9,16,88,88,0,0,0,1,0,1