STATE,ST_CASE,VE_TOTAL,VE_FORMS,PVH_INVL,PEDS,PERNOTMVIT,PERMVIT,PERSONS,COUNTY,CITY,DAY,MONTH,YEAR,DAY_WEEK,HOUR,MINUTE,NHS,RUR_URB,FUNC_SYS,RD_OWNER,ROUTE,TWAY_ID,TWAY_ID2,MILEPT,LATITUDE,LONGITUD,SP_JUR,HARM_EV,MAN_COLL,RELJCT1,RELJCT2,TYP_INT,WRK_ZONE,REL_ROAD,LGT_COND,WEATHER1,WEATHER2,WEATHER,SCH_BUS,RAIL,NOT_HOUR,NOT_MIN,ARR_HOUR,ARR_MIN,HOSP_HR,HOSP_MN,CF1,CF2,CF3,FATALS,DRUNK_DR,RANK
35,350219,1,1,0,1,1,4,4,17,0,7,11,2015,7,18,38,0,1,6,1,2,US-180,,1218,32.762,-108.146,0,8,0,0,1,1,0,1,2,1,0,1,0,0,18,23,18,25,19,23,0,0,0,1,0,0
35,350221,1,1,0,0,0,2,2,13,470,26,11,2015,5,7,34,1,2,1,1,1,I-25,,50,32.333,-106.759,0,24,0,0,1,1,0,4,1,2,0,2,0,0,7,31,7,37,8,17,0,0,0,1,0,1
35,350223,1,1,0,0,0,1,1,45,70,20,11,2015,6,19,29,1,1,3,1,2,US-550,,1630,36.858,-107.958,0,59,0,0,1,1,0,4,2,1,0,1,0,0,99,99,19,49,88,88,0,0,0,1,0,0
35,350224,1,1,0,0,0,1,1,39,3,24,11,2015,3,9,24,0,1,3,1,2,US-84,,2250,36.313,-106.481,0,33,0,0,1,1,0,4,1,1,0,1,0,0,9,24,10,3,88,88,0,0,0,1,0,0
35,350225,1,1,0,0,0,3,3,51,810,2,11,2015,2,6,28,1,1,1,1,1,I-25,,970,33.394,-107.266,0,1,0,0,1,1,0,1,1,1,0,1,0,0,6,20,6,33,99,99,0,0,0,1,0,1
35,350226,1,1,0,0,0,1,1,53,760,3,11,2015,3,8,11,1,1,1,1,1,I-25,,1240,33.728,-107.021,0,42,0,0,1,1,0,4,1,1,0,1,0,0,99,98,99,98,88,88,0,0,0,1,0,1
35,350228,2,2,0,0,0,2,2,15,0,16,11,2015,2,8,24,0,1,4,1,2,US-82,,1190,32.796,-104.198,0,12,8,0,1,1,0,1,1,1,0,1,0,0,8,19,8,32,88,88,0,0,0,1,0,0
35,350230,2,2,0,0,0,3,3,45,745,22,11,2015,1,18,59,1,2,3,1,2,US-64,,220,36.78,-108.695,3,12,2,0,1,1,0,1,2,1,0,1,0,0,19,3,19,4,19,19,0,0,0,1,1,0
35,350238,2,2,0,0,0,3,3,1,0,13,11,2015,6,6,15,1,1,1,1,1,I-40,,1730,35.079,-106.408,0,12,99,0,1,1,0,1,4,1,0,1,0,0,99,99,99,99,99,99,0,0,0,1,0,1
35,350243,1,1,0,0,0,1,1,49,0,3,12,2015,5,8,13,1,1,1,1,1,I-25,,3020,35.555,-105.731,0,1,0,0,1,1,0,4,1,1,0,1,0,0,99,99,99,99,88,88,0,0,0,1,0,1
35,350246,1,1,0,0,0,3,3,39,845,19,12,2015,7,14,25,0,1,3,1,3,SR-68,,145,36.168,-105.969,0,39,0,0,1,1,0,4,1,1,0,1,0,0,14,27,14,52,15,35,0,0,0,2,0,2
35,350247,1,1,0,0,0,2,2,53,0,16,12,2015,4,8,27,1,1,1,1,1,I-25,,1730,34.391,-106.857,0,1,0,0,1,1,0,4,1,1,0,1,0,0,99,99,99,99,99,99,0,0,0,1,0,1
35,350249,1,1,0,0,0,4,4,57,0,21,12,2015,2,7,31,1,1,3,1,2,US-285,,2370,34.843,-105.586,0,1,0,0,1,1,0,1,1,1,0,1,0,0,7,33,8,1,10,20,0,0,0,1,0,0
35,350250,1,1,0,0,0,2,2,31,340,22,12,2015,3,9,3,1,2,1,1,1,I-40,,186,35.513,-108.807,0,24,0,0,1,1,0,4,1,1,0,1,0,0,99,99,99,99,99,99,0,0,0,1,0,1
35,350252,2,2,0,0,0,5,5,31,332,16,12,2015,4,7,31,1,1,1,1,1,I-40,,0,35.508,-108.534,0,12,99,0,1,1,0,1,1,1,0,1,0,0,99,99,99,99,99,99,0,0,0,1,0,1
35,350253,2,2,0,0,0,2,2,5,0,10,12,2015,5,20,13,1,1,3,1,2,US-285,ORCHARD PARK RD,980,33.256,-104.464,0,12,6,0,2,2,0,1,3,1,0,1,0,0,20,4,20,14,21,18,0,0,0,1,0,0
35,350254,1,1,0,0,0,2,2,39,31,4,12,2015,6,23,50,0,1,4,1,3,SR-68,,75,36.094,-106.047,0,1,0,0,1,1,0,1,2,1,0,1,0,0,23,48,0,0,99,99,0,0,0,1,1,2
35,350256,2,2,0,0,0,2,2,41,0,3,12,2015,5,10,0,1,1,3,1,2,US-70,,4320,34.273,-103.222,0,12,1,0,3,2,0,1,1,1,0,1,0,0,9,50,9,58,99,99,0,0,0,1,0,0
35,350257,1,1,0,0,0,3,3,45,0,14,12,2015,2,15,5,1,1,3,1,2,US-550,,1460,36.643,-108.004,0,52,0,0,1,1,0,4,1,1,0,1,0,0,99,99,99,99,99,99,0,0,0,1,1,0
35,350263,1,1,0,0,0,7,7,29,0,24,12,2015,5,5,18,1,1,1,1,1,I-10,,1003,32.248,-107.46,0,1,0,0,1,1,0,3,2,1,0,1,0,0,99,99,99,99,99,99,0,0,0,1,0,1
35,350265,2,2,0,0,0,3,3,45,0,23,12,2015,4,11,39,1,1,3,1,2,US-550,,1284,36.406,-107.855,0,12,6,0,1,1,0,1,1,4,0,4,0,0,99,99,99,99,99,99,0,0,0,1,0,0
35,350266,3,3,0,0,0,4,4,19,730,28,12,2015,2,15,44,1,2,1,1,1,I-40,,2770,34.95,-104.634,0,12,1,0,1,1,0,1,1,1,0,1,0,0,15,50,15,56,16,20,0,0,0,2,0,1
35,350268,1,1,0,1,1,1,1,1,30,28,12,2015,2,14,39,1,2,1,1,1,I-40,,1550,35.107,-106.702,0,8,0,0,1,1,0,2,1,1,0,1,0,0,99,99,99,99,88,88,15,0,0,1,0,1
35,350269,1,1,0,1,1,1,1,45,745,27,10,2015,3,19,23,1,1,3,1,2,US-64,,200,36.772,-108.728,3,8,0,0,1,1,0,1,2,1,0,1,0,0,99,99,99,99,88,88,0,0,0,1,0,0
35,350271,5,5,0,0,0,12,12,57,605,26,12,2015,7,16,47,1,2,1,1,1,I-40,,1970,35.008,-106.033,0,12,1,0,1,1,0,1,2,4,0,4,0,0,99,99,99,99,99,99,27,0,0,2,0,1
35,350272,5,5,0,0,0,11,11,37,0,20,12,2015,1,16,0,1,1,1,1,1,I-40,,3090,35.082,-104.116,0,12,1,0,1,1,0,1,1,1,0,1,0,0,99,99,99,99,99,99,28,0,0,1,0,1
35,350273,2,2,0,0,0,3,3,17,750,3,11,2015,3,3,10,1,2,2,1,2,US-180,,1160,32.785,-108.229,0,12,7,0,1,1,0,1,2,1,0,1,0,0,99,99,99,99,99,99,0,0,0,1,1,0
36,360002,2,2,0,0,0,3,3,11,5961,2,1,2015,6,9,51,1,1,3,1,3,SR-104,,0,43.251,-76.672,0,12,6,0,1,1,0,1,1,4,0,4,0,0,9,54,10,6,11,18,0,0,0,1,0,2
36,360003,1,1,0,0,0,3,3,37,4686,3,1,2015,7,16,48,0,1,7,2,4,CR-20,,0,42.912,-77.976,0,42,0,0,1,1,0,4,2,3,12,3,0,0,16,59,17,2,17,59,0,0,0,1,0,2
36,360004,1,1,0,1,1,1,1,89,880,3,1,2015,7,11,31,1,1,3,60,2,US-11,,0,44.606,-75.13,0,8,0,0,1,1,0,2,1,10,0,10,0,0,11,31,11,37,99,99,0,0,0,1,0,0
36,360009,2,2,0,0,0,2,2,27,5031,3,1,2015,7,13,40,1,2,3,1,3,SR-55,CLOVE HOLLOW RD,0,41.63,-73.699,0,12,2,0,2,3,0,1,1,4,0,4,0,0,13,40,13,48,15,15,0,0,0,1,0,2
36,360013,1,1,0,1,1,1,1,75,5174,9,1,2015,6,12,40,0,1,7,2,4,CR-2,,0,43.571,-76.033,0,8,0,0,1,1,0,1,1,4,0,4,0,0,12,40,12,48,13,27,0,0,0,1,0,2
36,360018,3,3,0,0,0,5,5,59,3380,12,1,2015,2,20,13,1,2,3,1,3,SR-27 SUNRISE HWY,FOREST AVE,0,40.655,-73.67,0,12,1,0,3,2,0,1,3,2,0,2,0,0,20,13,20,14,20,30,0,0,0,2,0,0
36,360019,1,1,0,0,0,1,1,71,1140,12,1,2015,2,10,16,0,1,4,25,3,SR-94,RICK WAY,0,41.35,-74.314,0,35,0,0,3,3,0,4,1,3,12,3,0,0,10,16,10,22,88,88,0,0,0,1,0,2
36,360023,1,1,0,0,0,2,2,69,4770,14,1,2015,4,10,57,0,1,4,1,3,SR-96,,0,42.947,-76.99,0,35,0,0,1,1,0,4,1,10,0,10,0,0,10,58,11,0,99,99,0,0,0,1,0,2
36,360026,1,1,0,0,0,1,1,55,2495,14,1,2015,4,8,41,0,1,4,2,3,SR-18,,0,43.291,-77.908,0,42,0,0,1,1,0,5,1,1,0,1,0,0,8,41,8,51,9,18,0,0,0,1,0,2
36,360030,1,1,0,1,1,1,1,103,1645,16,1,2015,6,18,0,1,2,3,1,3,SR-110,,0,40.71,-73.429,0,8,0,0,1,1,0,1,3,1,0,1,0,0,99,99,99,99,88,88,0,0,0,1,0,2
36,360031,2,2,0,0,0,3,3,119,5893,16,1,2015,6,22,49,0,2,4,1,3,SR-35,PEACEABLE RD,0,41.264,-73.529,0,12,1,0,3,3,0,1,2,1,0,1,0,0,22,49,23,22,23,52,0,0,0,1,0,1
36,360036,2,1,1,0,0,4,4,105,5276,18,1,2015,1,11,32,0,1,2,1,3,SR-17,,0,41.938,-74.928,0,14,0,0,1,1,0,2,1,3,12,3,0,0,11,42,11,57,13,2,23,0,0,1,0,2
36,360038,1,1,0,0,0,1,1,105,3230,18,1,2015,1,17,15,0,1,2,1,3,SR-17,,0,41.831,-74.738,0,24,0,0,1,1,0,4,5,3,12,3,0,0,17,15,17,31,18,0,0,0,0,1,0,2
36,360041,1,1,0,0,0,1,1,27,4835,20,1,2015,3,22,56,1,1,3,1,3,SR-199,,0,41.99,-73.686,0,31,0,0,1,1,0,4,2,1,0,1,0,0,23,0,23,12,23,40,0,0,0,1,1,2
36,360046,2,2,0,0,0,5,5,75,4660,23,1,2015,6,17,45,0,1,5,1,3,SR-104,,0,43.458,-76.116,0,12,6,0,2,3,0,1,2,10,0,10,0,0,17,45,17,53,18,37,0,0,0,1,0,2
36,360048,1,1,0,1,1,1,1,109,2940,24,1,2015,7,3,56,0,1,4,2,3,SR-96,,0,42.459,-76.526,0,8,0,0,1,1,0,1,2,10,0,10,0,0,3,58,4,2,4,15,0,0,0,1,0,2
36,360053,2,2,0,0,0,3,3,27,1221,23,1,2015,6,11,50,0,1,7,2,4,CR-19,EIGHMYVILLE RD,0,41.914,-73.822,0,12,1,0,2,4,0,1,1,1,0,1,0,0,99,99,99,99,99,99,0,0,0,1,0,2
36,360056,1,1,0,0,0,1,1,29,750,6,2,2015,6,12,34,1,2,2,1,3,SR-198,,0,100,1000,0,24,0,0,1,1,0,3,1,1,0,1,0,0,12,37,12,51,13,11,0,0,0,1,0,1
36,360057,2,2,0,0,0,3,3,69,1640,30,1,2015,6,9,23,1,1,3,60,2,US-20,,0,42.902,-77.47,0,12,1,0,1,1,0,1,1,4,0,4,0,0,9,23,9,30,99,99,0,0,0,2,0,0
36,360058,2,2,0,0,0,3,3,97,6480,30,1,2015,6,9,1,0,1,7,2,4,CR-16,,0,42.349,-76.954,0,12,6,0,8,1,0,1,1,1,0,1,0,0,9,5,9,13,9,42,0,0,0,1,0,2
36,360061,2,2,0,0,0,4,4,29,5940,3,2,2015,3,18,42,1,1,3,1,3,SR-39,,0,42.511,-78.751,0,12,6,0,1,1,0,1,2,10,0,10,0,0,18,46,18,55,20,13,0,0,0,1,0,2
36,360063,2,2,0,0,0,3,3,37,4725,13,2,2015,6,3,44,1,1,1,31,1,I-90,,0,100,1000,0,12,1,0,1,1,0,1,2,4,0,4,0,0,3,44,4,0,99,99,0,0,0,1,1,0
36,360066,1,1,0,0,0,4,4,115,9997,14,2,2015,7,2,44,0,1,7,3,5,RIVER RD,,0,42.959,-73.427,0,24,0,0,1,1,0,4,2,1,0,1,0,0,2,44,3,5,10,40,0,0,0,1,1,0
36,360073,2,1,1,0,1,5,6,13,5710,14,2,2015,7,10,49,1,2,1,31,1,I-90,,4570,100,1000,0,14,0,0,1,1,0,2,1,4,0,4,0,0,10,50,10,55,11,25,0,0,0,2,0,0
36,360074,1,1,0,0,0,2,2,87,4063,18,2,2015,4,12,34,0,2,3,1,3,SR-59,,0,41.091,-73.984,0,48,0,0,1,1,0,4,1,1,0,1,0,0,12,36,12,38,12,59,0,0,0,1,0,2
36,360075,2,2,0,0,0,4,4,117,6760,19,2,2015,5,14,0,1,1,3,1,3,SR-104,,0,43.204,-76.923,0,12,9,0,1,1,0,2,1,4,0,4,0,0,14,1,14,4,15,16,0,0,0,1,0,2
36,360078,2,2,0,0,0,2,2,71,4828,16,1,2015,6,15,50,0,1,3,1,3,SR-302,,0,41.591,-74.312,0,12,2,0,1,1,0,1,1,10,0,10,0,0,99,99,99,99,88,88,0,0,0,1,0,2
36,360094,5,3,2,2,2,3,3,119,5350,2,2,2015,2,13,27,1,2,1,1,1,I-95,,140,100,1000,0,14,0,0,1,1,0,2,1,3,12,3,0,0,13,29,13,54,99,99,0,0,0,2,0,1
36,360095,2,1,1,1,1,1,1,81,4170,4,2,2015,4,23,5,1,2,3,1,3,SR-27,CRANSTON ST,0,40.667,-73.783,0,8,0,0,1,1,0,1,3,1,0,1,0,0,99,99,99,99,99,99,0,0,0,1,0,2
36,360098,2,2,0,0,0,2,2,65,403,5,2,2015,5,11,57,1,2,3,1,3,SR-12,CR-37 MAPLEDALE RD,0,43.252,-75.185,0,12,6,0,2,2,0,1,1,1,0,1,0,0,11,58,11,59,12,39,0,0,0,1,0,2
36,360102,2,2,0,0,0,7,7,37,534,21,2,2015,7,1,54,1,1,3,60,2,US-20,MOLASSES HILL RD,0,42.902,-78.192,0,12,6,0,2,2,0,1,2,1,0,1,0,0,1,55,2,12,3,19,0,0,0,1,0,0
36,360107,2,2,0,0,0,3,3,75,2200,2,3,2015,2,6,59,0,1,3,1,3,SR-48,COUNTY LINE RD,0,43.232,-76.352,0,12,6,0,2,2,0,1,1,4,0,4,0,0,7,2,7,12,7,55,0,0,0,1,0,1
36,360109,2,1,1,0,2,1,3,71,5742,15,1,2015,5,9,1,1,2,1,31,1,I-84,,160,100,1000,0,14,0,0,1,1,0,2,1,1,0,1,0,0,9,1,9,3,9,5,0,0,0,1,0,1
36,360112,2,2,0,0,0,2,2,11,2011,24,2,2015,3,13,13,0,2,3,1,3,SR-34,MILLS ST,0,42.862,-76.574,0,12,6,0,2,2,0,1,1,10,0,10,0,0,13,13,13,20,14,51,0,0,0,1,0,2
36,360113,1,1,0,0,0,1,1,111,4875,3,3,2015,3,13,50,1,1,3,1,3,SR-32,,0,41.671,-74.105,0,48,0,0,1,1,0,4,1,10,0,10,0,0,13,50,13,55,99,99,0,0,0,1,0,2
36,360114,1,1,0,1,1,2,2,71,2695,4,3,2015,4,17,3,1,2,1,1,1,I-87,,490,100,1000,0,8,0,0,1,1,0,1,1,10,0,10,0,0,17,3,17,10,17,39,0,0,0,1,0,0
36,360116,2,2,0,0,0,2,2,91,3462,9,3,2015,2,17,50,0,2,3,1,3,SR-67,,0,100,1000,0,12,2,0,1,1,0,1,5,1,0,1,0,0,99,99,17,56,18,56,0,0,0,1,1,2
36,360121,1,1,0,0,0,1,1,53,1010,14,3,2015,7,1,15,0,1,7,2,4,CR-19,,0,42.974,-75.837,0,35,0,0,1,1,0,4,2,10,0,10,0,0,1,18,1,32,88,88,0,0,0,1,1,2
36,360130,2,2,0,0,0,2,2,107,5910,20,3,2015,6,21,42,0,1,3,1,3,SR-96,,0,42.226,-76.494,0,12,2,0,1,1,0,1,2,1,0,1,0,0,21,42,21,51,99,99,0,0,0,1,0,2
36,360140,1,1,0,1,1,1,1,1,2464,1,4,2015,4,22,56,1,2,3,60,2,US-20,,0,42.69,-73.864,0,8,0,0,1,1,0,1,3,10,0,10,0,0,22,56,22,59,23,17,0,0,0,1,1,0
36,360151,3,3,0,0,0,3,3,91,3462,3,4,2015,6,12,40,0,1,3,1,3,SR-67,,0,42.969,-73.823,0,12,2,0,1,1,0,1,1,1,0,1,0,0,12,40,12,47,99,99,0,0,0,1,0,2
36,360164,2,2,0,0,0,7,7,91,1209,29,3,2015,1,6,34,1,2,1,1,1,I-87,,170,100,1000,0,12,1,0,1,1,0,1,4,1,0,1,0,0,6,36,6,43,7,38,0,0,0,1,0,0
36,360169,1,1,0,0,0,1,1,25,180,6,4,2015,2,7,40,0,1,7,3,4,CR-2,,0,42.2,-74.82,0,1,0,0,1,1,0,4,1,10,0,10,0,0,7,40,7,57,8,50,0,0,0,1,1,2
36,360181,1,1,0,1,1,1,1,103,1337,14,3,2015,7,5,50,1,1,3,1,3,SR-112,,0,100,1000,0,8,0,0,1,1,0,1,3,2,0,2,0,0,99,99,99,99,88,88,0,0,0,1,0,2
36,360186,1,1,0,1,1,1,1,103,705,23,3,2015,2,23,15,1,2,3,1,3,SR-347,HALLOCK RD,0,40.873,-73.124,0,8,0,0,2,2,0,1,3,1,0,1,0,0,99,99,99,99,99,99,0,0,0,1,0,2
36,360190,2,2,0,0,0,3,3,9,6823,28,3,2015,7,6,10,0,1,4,1,3,SR-16,,0,42.468,-78.482,0,12,2,0,1,1,0,1,2,4,0,4,0,0,6,26,6,32,7,1,0,0,0,1,0,2
36,360199,1,1,0,2,2,1,1,27,4885,3,4,2015,6,20,56,1,2,3,60,2,US-44,PARTRIDGE LN,0,41.733,-73.837,0,8,0,0,2,3,0,1,3,2,0,2,0,0,20,56,21,10,99,99,0,0,0,1,0,0
36,360203,2,2,0,2,2,2,2,115,2440,19,2,2015,5,18,5,0,1,3,1,3,SR-29,,0,43.102,-73.524,0,8,0,0,1,1,0,1,3,10,0,10,0,0,18,5,18,19,99,99,0,0,0,1,0,2
36,360204,1,1,0,0,0,1,1,97,478,25,4,2015,7,19,43,0,1,7,3,4,CR-16,,0,42.278,-77.089,0,35,0,0,1,1,0,4,5,1,0,1,0,0,19,44,19,56,88,88,0,0,0,1,0,2
36,360217,2,1,1,0,0,1,1,55,5230,1,5,2015,6,1,37,1,2,3,1,3,SR-104,GLENORA DR,0,43.204,-77.657,0,59,0,0,3,3,0,4,3,1,0,1,0,0,1,37,1,41,88,88,0,0,0,1,0,2
36,360220,2,2,0,0,0,3,3,57,170,3,5,2015,1,0,35,0,1,3,1,3,SR-67,MANNYS CORNERS RD,0,42.937,-74.178,0,12,6,0,2,2,0,1,2,10,0,10,0,0,0,35,0,45,1,18,0,0,0,1,0,2
36,360223,2,2,0,0,0,3,3,59,4600,5,5,2015,3,4,45,1,2,3,1,3,SR-27 SUNRISE HWY,HICKSVILLE RD,0,40.676,-73.475,0,12,2,0,2,2,0,1,3,1,0,1,0,0,99,99,99,99,99,99,0,0,0,1,1,0
36,360229,3,3,0,0,0,6,6,55,1930,29,4,2015,4,17,50,0,2,4,1,3,SR-96,,0,43.044,-77.465,0,12,1,0,1,1,0,1,1,1,0,1,0,0,17,50,17,58,18,37,0,0,0,1,0,2
36,360239,1,1,0,1,1,1,1,7,540,13,5,2015,4,8,35,0,2,3,60,2,US-11,,0,42.131,-75.906,0,8,0,0,1,1,0,1,1,10,0,10,0,0,8,35,8,40,8,55,0,0,0,1,0,0
36,360244,1,1,0,0,0,1,1,11,6520,13,5,2015,4,9,1,0,1,4,1,3,SR-31,,0,43.056,-76.553,0,11,0,0,1,1,0,1,1,1,0,1,0,0,8,57,9,7,9,32,0,0,0,1,0,2
36,360246,1,1,0,1,1,1,1,103,2840,1,4,2015,4,22,35,1,1,1,1,1,I-495,,0,100,1000,0,8,0,0,1,1,0,1,3,1,0,1,0,0,99,99,99,99,88,88,0,0,0,1,0,1
36,360247,2,2,0,0,0,3,3,71,6163,30,4,2015,5,17,45,1,2,1,1,1,I-87,,424,41.19,-74.181,0,12,1,0,1,1,0,1,1,1,0,1,0,0,17,45,18,0,19,0,0,0,0,1,0,0
36,360249,1,1,0,0,0,1,1,111,4875,10,5,2015,1,9,45,0,1,7,2,4,CR-20,CR-21,0,41.637,-74.136,0,42,0,0,3,2,0,4,1,1,0,1,0,0,9,51,10,15,10,54,0,0,0,1,0,2
36,360250,1,1,0,0,0,3,3,67,6010,7,3,2015,7,4,55,1,2,1,1,1,I-81,,0,43.067,-76.165,0,48,0,0,1,1,0,8,3,1,0,1,0,0,5,2,5,7,5,24,0,0,0,1,0,0
36,360251,2,2,0,0,0,5,5,91,1209,11,5,2015,2,8,36,1,2,1,1,1,I-87,,0,42.895,-73.781,0,12,7,0,1,1,0,1,1,1,0,1,0,0,8,36,8,45,88,88,0,0,0,1,0,0
36,360260,2,2,0,0,0,2,2,45,1900,15,4,2015,4,14,55,1,1,3,60,2,US-11,STEINHELMER RD,0,44.083,-75.803,0,12,6,0,1,1,0,1,1,1,0,1,0,0,14,50,14,55,88,88,0,0,0,1,0,0
36,360262,1,1,0,0,0,2,2,105,1242,16,5,2015,7,16,0,0,1,4,1,3,SR-97,,0,41.711,-75.048,0,1,0,0,1,1,0,4,1,10,0,10,0,0,16,9,16,24,99,99,0,0,0,2,0,2
36,360273,1,1,0,0,0,2,2,1,1290,11,4,2015,7,4,13,1,2,1,1,1,I-87,SR-5,0,100,1000,0,42,0,0,5,1,0,8,2,1,0,1,0,0,4,30,8,1,11,0,0,0,0,2,1,0
36,360278,2,2,0,0,0,2,2,29,750,23,5,2015,7,17,58,1,2,1,1,1,I-90,,0,42.888,-78.888,0,12,9,0,5,1,0,1,1,10,0,10,0,0,18,3,18,11,18,30,0,0,0,1,1,0
36,360288,1,1,0,0,0,1,1,17,4590,7,5,2015,5,14,37,0,1,3,1,3,SR-12,MARTINSON LN,0,42.425,-75.632,0,24,0,0,3,3,0,4,1,10,0,10,0,0,14,38,14,50,15,39,0,0,0,1,0,2
36,360290,1,1,0,0,0,2,2,77,5170,16,4,2015,5,7,48,0,1,3,1,2,US-20,,0,42.869,-75.035,0,52,0,0,1,1,0,4,1,1,0,1,0,0,7,48,7,52,10,30,0,0,0,1,1,0
36,360294,1,1,0,0,0,2,2,77,2047,21,5,2015,5,2,17,0,1,3,1,3,SR-80,,0,100,1000,0,35,0,0,1,1,0,4,2,10,0,10,0,0,2,29,99,99,99,99,0,0,0,1,1,2
36,360295,1,1,0,1,1,1,1,109,4072,24,5,2015,1,7,54,0,1,4,1,3,SR-34,,0,42.388,-76.554,0,8,0,0,1,1,0,1,1,1,0,1,0,0,7,54,8,5,88,88,0,0,0,1,0,2
36,360299,2,2,0,0,0,4,4,55,2898,5,5,2015,3,5,29,0,1,2,1,3,SR-104,,0,43.196,-77.579,0,12,6,0,1,1,0,1,4,10,0,10,0,0,5,29,5,35,5,48,0,0,0,1,0,2
36,360307,1,1,0,3,3,1,1,29,750,30,5,2015,7,11,28,1,2,3,1,3,SR-198,,0,100,1000,0,33,0,0,1,1,0,4,1,1,0,1,0,0,99,99,99,99,99,99,0,0,0,1,0,1
36,360310,2,2,0,0,0,6,6,115,6660,1,6,2015,2,15,3,1,1,3,1,3,SR-4,,0,43.538,-73.41,0,12,2,0,1,1,0,1,1,2,0,2,0,0,15,5,15,10,15,58,0,0,0,1,0,2
36,360312,2,1,1,0,0,1,1,123,5952,3,6,2015,4,12,24,1,1,3,1,3,SR-14,,0,42.524,-76.92,0,34,0,0,1,1,0,4,1,1,0,1,0,0,12,24,12,31,13,58,0,0,0,1,0,2
36,360319,1,1,0,0,0,1,1,25,2530,5,5,2015,3,5,42,1,1,2,1,3,SR-17,HARVARD RD,0,41.991,-75.128,0,24,0,1,3,3,0,4,4,10,0,10,0,0,5,42,99,99,88,88,0,0,0,1,1,2
36,360330,2,2,0,0,0,2,2,115,2070,11,6,2015,5,15,6,1,1,3,1,3,SR-149,PINE HILL LN,0,43.408,-73.558,0,12,1,0,3,3,0,1,1,1,0,1,0,0,15,8,15,15,88,88,0,0,0,1,0,2
36,360337,2,2,0,0,0,3,3,57,820,13,5,2015,4,19,41,1,1,1,1,1,I-90,,1953,42.915,-74.607,0,12,1,0,1,1,0,1,1,1,0,1,0,0,19,42,19,49,20,39,0,0,0,1,0,0
36,360342,1,1,0,1,1,1,1,103,360,8,5,2015,6,3,30,1,2,3,1,3,SR-109,,0,40.717,-73.4,0,8,0,0,1,1,0,1,3,10,0,10,0,0,3,32,99,99,88,88,0,0,0,1,0,2
36,360345,2,2,0,0,0,2,2,103,2840,12,5,2015,3,7,0,0,1,4,2,4,CR-4,,0,40.791,-73.301,0,12,6,0,1,1,0,1,1,10,0,10,0,0,7,4,7,7,99,99,0,0,0,1,0,2
36,360347,2,2,0,0,0,5,5,103,2860,15,5,2015,6,17,25,0,2,3,1,3,SR-110,SPRUCE TREE LANE,0,40.825,-73.412,0,12,6,0,2,2,0,1,1,1,0,1,0,0,17,31,17,40,99,99,0,0,0,1,0,2
36,360350,2,2,0,0,0,4,4,7,4935,28,5,2015,5,20,50,0,1,4,1,3,SR-79,,0,42.247,-75.814,0,12,2,0,1,1,0,1,2,10,0,10,0,0,20,50,21,6,22,30,0,0,0,1,1,1
36,360352,2,2,0,0,0,2,2,103,2920,24,3,2015,3,20,32,0,2,3,1,3,SR-111,W WILLOW ST,0,40.759,-73.21,0,12,1,0,3,2,0,1,3,1,0,1,0,0,99,99,99,99,99,99,0,0,0,1,0,1
36,360354,4,4,0,0,0,5,5,109,4072,6,5,2015,4,15,51,1,2,3,1,3,SR-13,,0,42.391,-76.562,0,12,7,0,1,1,0,1,1,1,0,1,0,0,15,51,16,0,16,10,0,0,0,2,0,2
36,360362,1,1,0,0,0,1,1,29,6642,17,6,2015,4,23,6,1,1,1,1,1,I-90,,0,100,1000,0,25,0,0,1,1,0,3,2,10,0,10,0,0,23,15,23,29,1,29,0,0,0,1,0,0
36,360363,2,2,0,0,0,3,3,113,3100,19,6,2015,6,21,24,1,1,1,1,1,I-87,,600,43.483,-73.755,0,12,1,0,1,1,0,1,2,1,0,1,0,0,21,24,21,29,22,51,0,0,0,1,0,0
36,360367,2,2,0,0,0,4,4,39,970,17,5,2015,1,18,15,0,1,4,1,3,SR-23,CAUTERSKILL RD,0,42.252,-73.907,0,12,6,0,2,2,0,1,1,1,0,1,0,0,99,99,99,99,99,99,0,0,0,1,0,0
36,360369,1,1,0,0,0,3,3,119,4320,4,3,2015,4,13,57,0,1,4,3,2,US-9,,0,41.106,-73.86,0,30,0,0,1,1,0,4,1,1,0,1,0,0,99,99,99,99,99,99,0,0,0,1,0,0
36,360376,2,2,0,0,0,5,5,57,170,13,4,2015,2,17,55,0,2,4,1,3,SR-30,TESSIERO SQUARE,0,42.96,-74.186,0,12,2,0,2,2,0,1,1,1,0,1,0,0,17,55,17,58,99,99,0,0,0,1,0,1
36,360378,1,1,0,0,0,1,1,89,3900,21,6,2015,1,5,0,1,1,3,1,3,SR-37,,0,44.534,-75.663,0,35,0,0,1,1,0,4,2,2,0,2,0,0,9,21,9,31,88,88,0,0,0,1,1,1
36,360383,1,1,0,1,1,1,1,5,4170,31,5,2015,1,3,4,0,2,7,4,6,BROADWAY,,0,40.9,-73.897,0,8,0,0,5,1,0,1,3,1,0,1,0,0,99,99,99,99,99,99,0,0,0,1,1,2
36,360384,2,2,0,0,0,2,2,59,378,27,6,2015,7,14,45,0,2,3,1,3,SR-27,CENTRAL AVE,0,40.656,-73.607,0,12,6,0,2,2,0,1,1,2,0,2,0,0,14,51,14,55,15,6,0,0,0,1,1,2
36,360386,2,2,0,0,0,3,3,67,5740,24,6,2015,4,19,18,0,1,3,3,2,US-20,,0,42.944,-76.448,0,12,2,0,1,1,0,1,1,1,0,1,0,0,19,11,19,15,99,99,0,0,0,1,0,0