STATE,ST_CASE,VE_TOTAL,VE_FORMS,PVH_INVL,PEDS,PERNOTMVIT,PERMVIT,PERSONS,COUNTY,CITY,DAY,MONTH,YEAR,DAY_WEEK,HOUR,MINUTE,NHS,RUR_URB,FUNC_SYS,RD_OWNER,ROUTE,TWAY_ID,TWAY_ID2,MILEPT,LATITUDE,LONGITUD,SP_JUR,HARM_EV,MAN_COLL,RELJCT1,RELJCT2,TYP_INT,WRK_ZONE,REL_ROAD,LGT_COND,WEATHER1,WEATHER2,WEATHER,SCH_BUS,RAIL,NOT_HOUR,NOT_MIN,ARR_HOUR,ARR_MIN,HOSP_HR,HOSP_MN,CF1,CF2,CF3,FATALS,DRUNK_DR,RANK
36,360392,2,2,0,0,0,2,2,67,3082,8,5,2015,6,3,17,1,2,1,1,1,I-81,,0,42.911,-76.117,0,12,2,0,1,1,0,1,2,1,0,1,0,0,3,17,3,29,99,99,0,0,0,1,1,0
36,360399,1,1,0,1,1,2,2,47,4170,2,7,2015,5,22,25,0,2,7,4,6,BROADWAY,,0,40.696,-73.934,0,8,0,0,1,1,0,1,3,10,0,10,0,0,22,25,22,32,88,88,0,0,0,1,0,2
36,360403,4,4,0,0,0,5,5,55,5230,6,7,2015,2,7,16,1,2,2,1,3,SR-104,,0,43.192,-77.6,0,12,1,0,1,1,0,1,1,1,0,1,0,0,9,30,10,23,88,88,0,0,0,1,0,2
36,360409,2,2,0,0,0,4,4,103,2920,8,7,2015,4,16,13,1,1,1,1,1,I-495,,0,40.809,-73.198,0,12,6,1,18,1,0,1,1,10,0,10,0,0,16,25,99,99,99,99,0,0,0,1,0,1
36,360411,1,1,0,1,1,1,1,105,2960,8,7,2015,4,2,20,0,1,5,1,3,SR-52,,0,41.781,-74.931,0,8,0,0,1,1,0,1,3,1,0,1,0,0,2,20,2,26,88,88,0,0,0,1,0,0
36,360413,1,1,0,0,0,1,1,21,1173,9,7,2015,5,18,0,0,1,4,1,3,SR-66,,0,42.254,-73.755,0,59,0,0,1,1,0,4,1,2,0,2,0,0,18,2,18,4,18,31,0,0,0,1,0,0
36,360425,2,2,0,0,0,4,4,11,310,6,7,2015,2,16,53,0,1,3,1,3,SR-5,SEYMOUR ST,0,42.938,-76.556,0,12,6,0,2,2,0,1,1,1,0,1,0,0,16,53,16,56,99,99,0,0,0,1,0,1
36,360430,1,1,0,1,1,1,1,59,2160,4,7,2015,7,23,3,0,2,3,1,3,SR-27,,0,40.658,-73.572,0,8,0,0,1,1,0,1,3,1,0,1,0,0,23,5,23,10,23,25,0,0,0,1,0,2
36,360437,1,1,0,1,1,1,1,53,703,19,3,2015,5,21,25,1,1,3,1,3,SR-8,,0,42.723,-75.305,0,8,0,0,1,1,0,1,2,1,0,1,0,0,21,31,21,41,88,88,0,0,0,1,0,2
36,360444,1,1,0,1,1,2,2,61,4170,1,6,2015,2,19,2,0,2,3,4,6,BROADWAY,W 62ND ST,0,40.77,-73.982,0,8,0,0,2,2,0,1,1,2,0,2,0,0,19,2,19,5,19,10,0,0,0,1,0,2
36,360456,2,2,0,0,0,3,3,71,6410,18,5,2015,2,16,10,0,1,3,2,4,CR-41,,0,41.297,-74.391,0,12,2,0,1,1,0,1,1,1,0,1,0,0,16,12,16,17,99,99,0,0,0,1,0,2
36,360458,2,2,0,0,0,3,3,53,3910,5,6,2015,6,18,10,1,1,3,1,2,US-20,PLEASANT VALLEY RD,0,42.913,-75.71,0,12,6,0,2,2,0,1,1,1,0,1,0,0,18,13,18,29,19,9,0,0,0,1,0,0
36,360461,2,2,0,0,0,2,2,63,4210,28,5,2015,5,23,55,1,2,3,4,2,US-62,,0,43.089,-78.989,0,12,6,0,8,1,0,1,3,1,0,1,0,0,23,55,23,58,88,88,0,0,0,1,1,0
36,360463,1,1,0,0,0,3,3,83,4000,9,7,2015,5,2,13,0,1,3,1,3,SR-66,,0,42.491,-73.549,0,35,0,0,1,1,0,4,2,10,0,10,0,0,2,19,2,31,3,45,0,0,0,1,0,0
36,360464,2,2,0,0,0,3,3,17,4350,8,7,2015,4,8,5,0,2,4,1,3,SR-12,CALVARY DR,0,42.548,-75.525,0,12,6,0,2,3,0,1,1,10,0,10,0,0,8,5,8,12,9,19,0,0,0,1,0,2
36,360470,1,1,0,0,0,2,2,55,2898,17,7,2015,6,13,51,1,2,2,1,3,SR-104,,0,43.195,-77.585,0,24,0,0,1,1,0,4,1,10,0,10,0,0,13,53,13,55,14,7,0,0,0,1,0,2
36,360471,1,1,0,0,0,1,1,71,3830,23,7,2015,5,12,32,0,1,7,2,4,CR-19,,0,41.285,-74.177,0,39,0,0,1,1,0,4,1,1,0,1,0,0,99,99,12,45,13,20,0,0,0,1,0,2
36,360472,2,2,0,0,0,4,4,103,2007,9,7,2015,5,16,52,0,2,3,1,3,SR-24,,0,40.904,-72.604,0,12,2,0,1,1,0,1,1,10,0,10,0,0,99,99,99,99,99,99,0,0,0,1,0,2
36,360473,3,3,0,0,0,8,8,17,4562,23,7,2015,5,15,10,0,1,4,1,3,SR-26,CR-16,0,42.701,-75.746,0,12,6,0,2,3,0,1,1,10,0,10,0,0,15,14,15,24,88,88,0,0,0,1,0,1
36,360474,2,2,0,0,0,3,3,33,3460,4,6,2015,5,10,36,0,2,4,1,3,SR-37,CR-51,0,44.872,-74.34,0,12,1,0,3,3,0,1,1,1,0,1,0,0,10,36,10,37,11,12,0,0,0,2,0,1
36,360477,1,1,0,0,0,1,1,119,6820,24,7,2015,6,1,55,1,2,1,31,1,I-87,,50,100,1000,0,25,0,0,1,1,0,3,3,1,0,1,0,0,99,99,2,10,88,88,0,0,0,1,0,0
36,360487,1,1,0,1,1,1,1,67,6010,13,6,2015,7,2,10,1,2,1,1,1,I-81,,0,43.055,-76.153,0,15,0,0,20,1,0,1,3,2,0,2,0,0,2,12,2,20,2,30,0,0,0,1,1,0
36,360500,1,1,0,0,0,1,1,5,4170,3,8,2015,2,7,37,1,2,1,1,1,I-95,,0,40.837,-73.825,0,25,0,0,1,1,0,4,1,1,0,1,0,0,7,37,8,0,88,88,0,0,0,1,0,1
36,360504,2,2,0,0,0,2,2,29,1899,29,7,2015,4,15,19,1,1,1,1,1,I-90,,0,100,1000,0,12,1,0,1,1,0,1,1,10,0,10,0,0,15,19,99,99,88,88,0,0,0,1,0,0
36,360507,3,2,1,0,0,4,4,81,4170,8,8,2015,7,0,17,0,2,3,4,3,SR-27,177TH ST,0,40.667,-73.773,0,12,6,0,3,3,0,1,2,1,0,1,0,0,99,99,99,99,99,99,0,0,0,1,0,2
36,360510,2,2,0,0,0,3,3,39,775,6,8,2015,5,13,48,1,2,3,1,3,SR-23,BROSS ST,0,42.301,-73.994,0,12,6,0,2,2,0,1,1,1,0,1,0,0,13,55,13,58,15,6,0,0,0,1,0,0
36,360511,1,1,0,0,0,1,1,103,5520,14,6,2015,1,10,14,1,2,2,1,3,SR-27,,0,40.765,-73.081,0,24,0,0,1,1,0,4,1,1,0,1,0,0,10,14,10,20,88,88,0,0,0,1,0,2
36,360512,1,1,0,0,0,3,3,33,1548,2,8,2015,1,23,7,0,1,7,3,4,CR-5,,0,44.694,-74.555,0,42,0,0,1,1,0,4,2,1,0,1,0,0,99,99,23,8,99,99,0,0,0,1,1,2
36,360514,2,2,0,0,0,3,3,117,5790,9,8,2015,1,13,22,0,1,4,1,3,SR-14,,0,43.226,-76.982,0,12,2,0,1,1,0,1,1,1,0,1,0,0,13,22,13,23,88,88,0,0,0,2,0,2
36,360515,3,3,0,0,0,8,8,45,1840,9,8,2015,1,11,9,0,1,4,1,3,SR-193,SR-3,0,43.765,-76.196,0,12,6,0,2,2,0,1,1,1,0,1,0,0,11,9,11,17,12,7,0,0,0,1,0,2
36,360520,1,1,0,0,0,1,1,43,3290,31,7,2015,6,7,3,1,1,1,1,1,I-90,,2120,100,1000,0,24,0,0,1,1,0,4,1,1,0,1,0,0,7,19,7,29,88,88,0,0,0,1,0,0
36,360527,2,2,0,0,0,2,2,59,4600,1,4,2015,4,6,50,1,2,3,1,3,SR-27 SUNRISE HWY,PARK BLVD,0,40.677,-73.456,0,12,6,0,2,2,0,1,1,10,0,10,0,0,99,99,99,99,99,99,0,0,0,1,0,0
36,360530,2,2,0,0,0,3,3,99,5630,9,8,2015,1,13,9,1,1,3,1,3,SR-5,,0,42.951,-76.763,0,12,2,0,1,1,0,1,1,1,0,1,0,0,13,11,13,17,19,0,0,0,0,1,1,1
36,360531,1,1,0,1,1,1,1,47,4170,12,8,2015,4,15,45,0,2,4,4,6,BROADWAY,,0,40.69,-73.922,0,8,0,0,1,1,0,1,1,1,0,1,0,0,99,99,99,99,88,88,0,0,0,1,0,2
36,360533,1,1,0,1,1,1,1,89,2500,13,8,2015,5,9,35,0,1,4,2,4,CR-3,,0,44.457,-75.707,0,9,0,0,1,1,0,1,1,10,0,10,0,0,9,35,9,40,88,88,0,0,0,1,0,2
36,360536,1,1,0,0,0,1,1,45,2605,16,8,2015,1,1,8,0,1,4,1,3,SR-178,NOHLE RD,0,43.815,-76.116,0,53,0,0,3,3,0,4,2,10,0,10,0,0,1,5,1,20,88,88,0,0,0,1,1,0
36,360538,2,2,0,0,0,5,5,45,2605,15,8,2015,7,13,54,0,1,4,1,3,SR-3,ELDORADO RD,0,43.793,-76.2,0,12,6,0,2,2,0,1,1,1,0,1,0,0,13,55,13,58,14,52,0,0,0,1,0,2
36,360539,2,2,0,0,0,2,2,71,2695,16,8,2015,1,0,30,1,1,3,1,2,US-6,,0,41.323,-74.074,0,12,2,0,1,1,0,1,2,10,0,10,0,0,0,32,0,42,4,0,0,0,0,2,1,0
36,360542,2,2,0,0,0,3,3,63,3220,11,8,2015,3,14,52,0,2,3,1,3,SR-104,DICKERSONVILLE RD,0,43.19,-78.93,0,12,2,0,2,2,0,1,1,1,0,1,0,0,14,53,15,2,15,16,0,0,0,1,0,2
36,360545,1,1,0,0,0,5,5,69,5949,16,8,2015,1,5,57,1,1,3,1,2,US-20,,0,42.86,-77.034,0,30,0,0,1,1,0,4,4,10,0,10,0,0,5,57,6,12,99,99,0,0,0,1,1,0
36,360549,1,1,0,0,0,1,1,45,1840,20,8,2015,5,16,58,1,1,1,1,1,I-81,,0,43.711,-76.075,0,21,0,0,1,1,0,3,1,10,0,10,0,0,16,59,17,15,19,30,0,0,0,1,0,0
36,360553,1,1,0,1,1,1,1,103,705,19,7,2015,1,2,4,1,2,3,4,3,SR-112,SYCAMORE ST,0,40.774,-73.008,0,8,0,0,2,3,0,1,3,1,0,1,0,0,99,99,99,99,99,99,0,0,0,1,0,2
36,360557,1,1,0,1,1,2,2,103,705,21,7,2015,3,20,11,0,2,7,2,4,CR-16,LAKE SHORE RD,0,40.829,-73.116,0,9,0,0,3,2,0,1,5,10,0,10,0,0,99,99,99,99,88,88,0,0,0,1,0,2
36,360560,2,2,0,0,0,5,5,121,5994,7,8,2015,6,13,31,0,1,3,1,3,SR-77,PERRY RD,0,42.705,-78.388,0,12,6,0,2,2,0,1,1,1,0,1,0,0,13,31,13,37,99,99,0,0,0,1,0,1
36,360561,2,2,0,0,0,3,3,111,6491,12,8,2015,4,16,14,1,1,3,1,3,SR-52,,0,41.726,-74.419,0,12,2,0,1,1,0,1,1,1,0,1,0,0,16,14,16,20,21,45,0,0,0,1,0,0
36,360562,3,2,1,0,3,3,6,65,6275,12,8,2015,4,22,23,1,1,1,31,1,I-90,,2500,100,1000,0,14,0,0,1,1,0,2,2,2,0,2,0,0,22,24,22,30,99,99,23,0,0,2,0,0
36,360564,2,2,0,0,0,4,4,25,5326,7,6,2015,1,17,46,0,1,3,1,3,SR-23,,0,42.36,-74.475,0,12,2,0,1,1,0,1,1,1,0,1,0,0,17,47,17,49,99,99,0,0,0,1,1,0
36,360565,2,2,0,0,0,2,2,91,1209,7,8,2015,6,0,3,1,1,3,3,2,US-9,,0,42.906,-73.779,0,12,6,0,1,1,0,1,2,1,0,1,0,0,0,3,0,12,99,99,0,0,0,1,1,0
36,360573,2,2,0,0,0,4,4,83,4000,27,7,2015,2,17,33,1,1,2,1,2,US-20,SR-66,0,42.495,-73.543,0,12,2,0,2,4,0,1,1,1,0,1,0,0,17,33,17,58,99,99,0,0,0,1,1,0
36,360582,2,2,0,0,0,2,2,5,4170,1,8,2015,7,17,5,1,2,1,1,1,I-87,,0,40.807,-73.925,0,12,1,0,1,1,0,1,1,1,0,1,0,0,99,99,99,99,99,99,0,0,0,1,0,0
36,360584,2,2,0,0,0,2,2,23,3530,11,7,2015,7,17,35,0,1,5,1,2,US-11,,0,100,1000,0,12,2,0,1,1,0,1,1,1,0,1,0,0,17,35,17,46,18,5,0,0,0,1,1,0
36,360585,4,4,0,0,0,8,8,87,5077,21,8,2015,6,9,40,1,2,1,1,1,I-87,,0,41.117,-74.117,0,12,1,0,1,1,0,1,1,1,0,1,0,0,9,20,11,17,99,99,0,0,0,2,0,0
36,360587,1,1,0,0,0,4,4,29,1899,25,7,2015,7,4,50,1,1,3,1,2,US-20,,0,42.683,-78.945,0,32,0,0,1,1,0,4,2,10,0,10,0,0,4,57,5,4,6,15,0,0,0,1,0,0
36,360588,1,1,0,1,1,1,1,103,2007,8,8,2015,7,0,28,0,1,3,1,3,SR-24,,0,40.91,-72.634,0,8,0,0,1,1,0,1,3,1,0,1,0,0,0,28,0,32,0,59,0,0,0,1,0,2
36,360589,2,2,0,0,0,3,3,69,2260,20,8,2015,5,14,30,0,1,5,2,4,CR-6,PYRAMID MALL RD,0,42.854,-77.011,0,12,6,0,2,3,0,1,1,10,0,10,0,0,14,38,14,42,15,21,0,0,0,1,0,2
36,360591,1,1,0,0,0,1,1,67,6140,25,8,2015,3,20,3,0,1,5,1,3,SR-80,,0,42.805,-76.15,0,11,0,0,1,1,0,1,5,1,0,1,0,0,20,6,20,23,88,88,0,0,0,1,1,2
36,360593,2,2,0,0,0,2,2,89,1464,25,8,2015,3,14,57,1,1,3,1,2,US-11,,0,44.456,-75.355,0,12,1,0,1,1,0,1,1,1,0,1,0,0,14,57,15,10,88,88,0,0,0,1,0,0
36,360594,2,2,0,0,0,2,2,71,3730,29,5,2015,6,8,4,0,2,4,1,3,SR-211,,0,41.485,-74.294,0,12,2,0,1,1,0,1,1,1,0,1,1,0,8,4,8,13,99,99,0,0,0,1,0,2
36,360595,2,2,0,0,0,2,2,53,703,4,8,2015,3,11,38,0,1,3,3,3,SR-12,,0,42.847,-75.406,0,12,6,0,1,1,0,1,1,1,0,1,0,0,11,38,11,52,12,26,0,0,0,1,0,2
36,360600,2,2,0,0,0,3,3,75,2200,16,8,2015,1,12,10,1,1,3,1,3,SR-3,,0,43.401,-76.255,0,12,2,0,1,1,0,1,1,1,0,1,0,0,12,10,12,10,99,99,0,0,0,1,0,2
36,360605,1,1,0,1,1,4,4,81,4170,29,8,2015,7,21,45,1,2,1,1,1,I-495,,0,40.738,-73.8,0,8,0,0,1,1,0,1,3,1,0,1,0,0,99,99,99,99,99,99,0,0,0,1,0,1
36,360611,3,3,0,0,0,3,3,71,6163,1,9,2015,3,15,1,1,1,1,1,1,I-87,,0,100,1000,0,12,1,0,1,1,0,1,1,1,0,1,0,0,15,5,15,15,16,25,0,0,0,1,0,0
36,360616,1,1,0,0,0,1,1,7,1119,6,9,2015,1,1,46,1,1,3,3,2,US-11,,0,42.174,-75.904,0,24,0,0,1,1,0,4,2,1,0,1,0,0,1,46,1,49,88,88,0,0,0,1,0,0
36,360619,3,3,0,0,0,3,3,37,407,3,9,2015,5,13,30,0,1,4,1,3,SR-77,LEDGE RD,0,43.046,-78.392,0,12,6,0,2,2,0,1,1,1,0,1,0,0,13,30,13,38,88,88,0,0,0,1,0,1
36,360621,1,1,0,1,1,1,1,117,6760,6,9,2015,1,21,53,1,1,3,1,3,SR-104,,0,43.213,-76.79,0,8,0,0,1,1,0,2,2,1,0,1,0,0,21,53,22,2,88,88,0,0,0,1,0,2
36,360624,1,1,0,1,1,1,1,103,1963,20,6,2015,7,21,20,0,2,6,2,4,CR-16,,0,40.83,-73.022,0,8,0,0,1,1,0,1,3,10,0,10,0,0,21,22,21,26,21,38,0,0,0,1,0,2
36,360632,1,1,0,0,0,1,1,67,2222,1,8,2015,7,2,22,1,2,1,1,1,I-81,,0,43.069,-76.168,0,24,0,0,1,1,0,4,2,10,0,10,0,0,2,22,2,25,88,88,0,0,0,1,1,0
36,360635,1,1,0,0,0,1,1,27,147,11,7,2015,7,13,45,1,1,3,1,3,SR-44,,0,41.837,-73.577,0,35,0,0,1,1,0,4,1,1,0,1,0,0,13,50,13,55,17,36,0,0,0,1,0,2
36,360644,1,1,0,0,0,1,1,71,6163,9,9,2015,4,8,44,1,2,3,1,3,SR-17,,0,41.199,-74.184,0,43,0,0,1,1,0,5,1,1,0,1,0,0,8,45,8,48,88,88,0,0,0,1,0,2
36,360645,1,1,0,0,0,6,6,105,6800,7,9,2015,2,16,27,1,1,3,1,3,SR-17,,0,41.591,-74.524,0,1,0,0,1,1,0,4,1,1,0,1,0,0,16,27,16,32,20,50,0,0,0,3,0,2
36,360646,1,1,0,1,1,1,1,17,4289,11,9,2015,6,23,12,0,2,4,1,3,SR-12,,0,42.617,-75.525,0,8,0,0,1,1,0,1,2,1,0,1,0,0,23,12,23,20,88,88,0,0,0,1,0,2
36,360652,1,1,0,1,1,2,2,59,3565,13,9,2015,1,20,0,0,2,3,1,3,SR-27,,0,40.684,-73.428,0,8,0,0,1,1,0,1,3,10,0,10,0,0,20,5,20,13,88,88,0,0,0,1,0,2
36,360653,2,2,0,0,0,2,2,27,5150,13,9,2015,1,3,20,1,1,2,1,2,US-9,,0,41.964,-73.886,0,12,2,0,1,1,0,1,3,2,0,2,0,0,3,33,3,40,88,88,0,0,0,1,1,0
36,360658,2,2,0,0,0,4,4,89,4420,14,9,2015,2,21,21,0,2,3,1,3,SR-37,SR-68,0,44.69,-75.475,0,12,6,0,2,2,0,1,3,10,0,10,0,0,21,21,21,24,22,0,0,0,0,1,0,1
36,360659,2,2,0,0,0,2,2,67,6010,8,8,2015,7,21,39,1,2,1,1,1,I-81,,0,43.067,-76.165,0,12,2,0,1,1,0,1,3,1,0,1,0,0,21,42,21,43,22,4,0,0,0,1,0,0
36,360661,2,2,0,0,0,5,5,21,5995,13,9,2015,1,14,55,1,1,3,1,2,US-9,,0,42.385,-73.719,0,12,2,0,1,1,0,1,1,10,0,10,0,0,14,58,15,5,99,99,0,0,0,1,0,0
36,360662,2,2,0,0,0,2,2,109,6120,15,9,2015,3,10,43,0,1,6,1,3,SR-79,CR-136,0,42.45,-76.671,0,12,6,0,2,2,0,1,1,1,0,1,0,0,10,43,11,0,11,25,0,0,0,1,0,1
36,360664,1,1,0,0,0,3,3,23,5047,22,5,2015,6,19,32,1,1,1,1,1,I-81,,640,100,1000,0,34,0,0,1,1,0,3,1,1,0,1,0,0,19,32,19,38,99,99,0,0,0,2,0,0
36,360667,2,2,0,0,0,5,5,99,5630,16,9,2015,4,14,41,0,2,3,1,3,SR-5,,0,42.96,-76.747,0,12,2,0,1,1,0,1,1,1,0,1,0,0,14,43,14,52,99,99,0,0,0,1,0,1
36,360668,2,2,0,0,0,2,2,109,3146,7,9,2015,2,15,56,1,1,3,1,3,SR-13,WARREN RD,0,42.482,-76.467,0,12,6,0,2,2,0,1,1,1,0,1,0,0,99,99,99,99,99,99,0,0,0,1,0,2
36,360669,2,2,0,0,0,2,2,71,4130,18,9,2015,6,15,15,0,2,3,1,3,SR-32,,0,41.454,-74.057,0,12,6,0,8,1,0,1,1,1,0,1,0,0,99,99,15,17,16,20,0,0,0,1,0,2
36,360682,1,1,0,0,0,1,1,103,4971,26,7,2015,1,4,20,0,2,4,1,3,SR-112,,0,40.911,-73.03,0,1,0,0,1,1,0,1,3,1,0,1,0,0,99,99,99,99,88,88,0,0,0,1,1,2
36,360683,1,1,0,1,1,1,1,59,2160,22,6,2015,2,17,57,1,2,3,1,3,SR-27 SUNRISE HWY,N GROVE ST,0,40.657,-73.585,0,8,0,0,3,2,0,4,1,10,0,10,0,0,99,99,99,99,99,99,0,0,0,1,0,0
36,360684,2,2,0,0,0,2,2,59,1678,30,8,2015,1,19,3,0,2,3,1,3,SR-24,COOLIDGE DR,0,40.724,-73.569,0,12,2,0,2,3,0,1,5,1,0,1,0,0,99,99,99,99,99,99,0,0,0,1,0,2
36,360686,2,2,0,0,0,2,2,59,5842,21,9,2015,2,5,40,0,2,3,1,3,SR-24,W WALNUT ST,0,40.728,-73.466,0,12,1,0,3,3,0,1,4,1,0,1,0,0,5,45,5,50,99,99,0,0,0,1,1,2
36,360690,2,2,0,0,0,2,2,91,3462,25,9,2015,6,13,30,1,1,1,1,1,I-87,,0,100,1000,0,1,0,1,3,4,0,1,1,1,0,1,0,0,13,30,13,40,16,2,0,0,0,1,0,0
36,360693,1,1,0,0,0,2,2,119,472,27,9,2015,1,11,30,0,2,4,1,3,SR-121,,0,41.219,-73.623,0,42,0,0,1,1,0,4,1,1,0,1,0,0,11,33,11,35,12,15,0,0,0,1,0,2
36,360694,3,3,0,0,0,3,3,59,4600,19,9,2015,7,2,8,1,2,1,31,1,I-495,,0,40.795,-73.467,0,12,1,0,1,1,0,1,2,1,0,1,0,0,99,99,99,99,99,99,19,14,0,1,1,1
36,360695,1,1,0,0,0,1,1,1,531,27,9,2015,1,17,5,0,1,4,2,4,CR-6,,0,42.536,-74.145,0,34,0,0,1,1,0,4,1,1,0,1,0,0,17,8,17,14,88,88,0,0,0,1,0,2
36,360696,2,2,0,0,0,3,3,27,2000,22,9,2015,3,14,39,1,1,1,1,1,I-84,,0,100,1000,0,12,2,0,1,1,0,1,1,1,0,1,0,0,14,40,14,50,16,10,0,0,0,2,0,1
36,360698,2,2,0,0,0,2,2,63,5437,30,9,2015,4,13,24,0,2,3,1,3,SR-31,,0,43.143,-78.859,0,12,2,0,1,1,0,1,1,10,0,10,0,0,13,25,99,99,99,99,0,0,0,1,0,2
36,360700,2,2,0,0,0,2,2,39,775,30,9,2015,4,12,35,0,1,3,1,3,SR-32,SILVER SPUR RD E,0,42.282,-73.982,0,12,6,0,2,2,0,1,1,2,0,2,0,0,12,38,12,45,88,88,0,0,0,1,0,2
36,360701,2,2,0,0,0,2,2,29,70,22,9,2015,3,14,42,0,2,4,1,3,SR-33,N MILLGROVE RD,0,42.944,-78.553,0,12,6,0,2,3,0,1,1,1,0,1,0,0,14,42,14,44,88,88,0,0,0,1,0,1
36,360711,1,1,0,0,0,1,1,121,930,5,10,2015,2,13,55,0,1,4,2,4,CR-6,,0,42.639,-77.999,0,34,0,0,1,1,0,4,1,1,0,1,0,0,14,2,14,11,88,88,0,0,0,1,0,2
36,360718,1,1,0,0,0,1,1,79,1280,7,10,2015,4,21,58,1,1,3,1,2,US-9,,0,41.344,-73.926,0,30,0,0,1,1,0,4,2,1,0,1,0,0,21,58,22,4,88,88,0,0,0,1,1,0
36,360722,1,1,0,1,1,1,1,81,4170,8,10,2015,5,0,17,1,2,1,1,1,I-495,,0,40.738,-73.801,0,8,0,0,1,1,0,1,3,1,0,1,0,0,99,99,99,99,99,99,0,0,0,1,0,1
36,360724,3,3,0,0,0,3,3,29,2485,10,10,2015,7,13,14,1,2,3,1,3,SR-5,ROBERTS RD,0,42.746,-78.903,0,12,1,0,2,4,0,1,1,1,0,1,0,0,13,15,13,21,13,55,0,0,0,1,1,1
36,360741,3,3,0,0,0,3,3,111,4461,25,8,2015,3,7,31,0,1,3,1,3,SR-28,,0,41.979,-74.25,0,12,6,0,1,1,0,4,1,1,0,1,0,0,7,31,7,36,8,34,0,0,0,1,0,2
36,360744,1,1,0,0,0,6,6,15,6530,9,10,2015,6,15,15,0,2,4,1,3,SR-14,,0,42.011,-76.787,0,52,0,0,1,1,0,4,1,2,0,2,0,0,15,15,15,25,99,99,0,0,0,2,0,2
36,360748,1,1,0,0,0,1,1,71,1169,5,10,2015,2,12,40,1,1,1,1,1,I-84,,0,41.453,-74.359,0,21,0,0,1,1,0,3,1,1,0,1,0,0,12,43,12,53,88,88,0,0,0,1,0,1
36,360749,1,1,0,1,1,1,1,109,1590,13,10,2015,3,23,40,0,1,3,1,3,SR-13,KIRK RD,0,42.481,-76.374,0,8,0,0,2,2,0,1,3,1,0,1,0,0,23,41,23,45,0,22,0,0,0,1,0,2
36,360752,2,2,0,0,0,2,2,23,1380,16,10,2015,6,17,50,1,2,3,1,3,SR-13,,0,42.545,-76.256,0,12,2,0,1,1,0,1,5,10,0,10,0,0,17,50,17,57,21,26,0,0,0,1,0,2
36,360756,2,2,0,0,0,4,4,93,1592,2,9,2015,4,19,30,0,1,4,1,3,SR-30,,0,42.825,-74.197,0,12,2,0,1,1,0,1,5,1,0,1,0,0,19,30,19,40,20,0,0,0,0,3,1,1
36,360757,1,1,0,0,0,1,1,77,762,11,10,2015,1,16,31,0,1,3,1,3,SR-28,,0,42.767,-75.026,0,31,0,0,1,1,0,4,5,1,0,1,0,0,16,31,16,47,17,7,0,0,0,1,0,2
36,360760,2,2,0,0,0,3,3,63,3340,22,10,2015,5,19,7,1,1,3,1,3,SR-104,SR-93,0,43.21,-78.797,0,12,6,0,2,2,0,1,2,10,0,10,0,0,19,7,19,11,19,47,0,0,0,1,0,2
36,360761,1,1,0,0,0,5,5,7,6740,12,7,2015,1,7,33,0,1,3,1,3,SR-17,,0,42.061,-75.593,0,18,0,0,1,1,2,1,1,1,0,1,0,0,7,33,7,45,8,34,0,0,0,1,0,2
36,360766,1,1,0,0,0,1,1,103,1743,5,9,2015,7,5,0,0,2,3,1,3,SR-347,,0,40.906,-73.07,0,31,0,0,1,1,0,3,3,1,0,1,0,0,5,3,5,13,99,99,0,0,0,1,0,2
36,360773,1,1,0,1,1,2,2,103,360,17,9,2015,5,14,40,1,2,3,1,3,SR-27 SUNRISE HWY,BAYVIEW AVE,0,40.689,-73.409,0,8,0,0,2,2,0,1,1,1,0,1,0,0,14,41,14,49,15,21,0,0,0,1,0,0
36,360775,2,2,0,0,0,2,2,103,3117,27,9,2015,1,19,40,0,2,6,2,4,CR-16,HOLBROOK RD,0,40.832,-73.082,0,12,2,0,2,2,0,1,3,1,0,1,0,0,19,43,19,47,20,15,0,0,0,1,0,2
36,360776,2,2,0,0,0,2,2,65,4080,22,6,2015,2,14,29,0,1,3,1,3,SR-12,BRIMFIELD ST,0,43.053,-75.319,0,12,2,0,2,3,0,1,1,1,0,1,0,0,14,30,14,34,88,88,0,0,0,1,0,2
36,360778,3,3,0,0,0,3,3,119,5350,4,10,2015,1,10,29,1,1,1,1,1,I-95,,0,40.988,-73.666,0,25,0,0,1,1,0,3,1,1,0,1,0,0,10,29,10,38,11,5,0,0,0,1,0,1
36,360792,1,1,0,1,1,1,1,83,2780,24,10,2015,7,21,39,0,1,7,3,5,RIVER RD,,0,42.905,-73.357,0,8,0,0,1,1,0,1,3,2,0,2,0,0,21,44,21,49,22,28,0,0,0,1,1,0
36,360793,1,1,0,1,1,1,1,71,4060,26,10,2015,2,19,2,0,2,3,1,3,SR-32,,0,41.585,-74.069,0,8,0,0,1,1,0,1,2,1,0,1,0,0,19,2,19,7,88,88,0,0,0,1,0,2
36,360797,2,2,0,0,0,2,2,69,6280,29,10,2015,5,10,24,0,1,7,3,4,CR-9,GILLIS RD,0,43.012,-77.399,0,12,6,0,2,2,0,1,1,10,0,10,0,0,10,35,10,45,11,10,0,0,0,1,0,2
36,360803,1,1,0,0,0,1,1,31,2997,18,9,2015,6,10,1,0,1,4,1,3,SR-72,,0,44.176,-73.783,0,42,0,0,1,1,0,4,1,1,0,1,0,0,10,4,10,11,88,88,0,0,0,1,0,2
36,360804,1,1,0,1,1,2,2,59,2600,31,10,2015,7,21,16,1,1,3,1,3,SR-27 SUNRISE HWY,,0,40.671,-73.52,0,9,0,0,1,1,0,1,3,1,0,1,0,0,99,99,99,99,99,99,0,0,0,1,0,0
36,360818,1,1,0,0,0,2,2,75,4660,5,11,2015,5,23,30,1,1,1,1,1,I-81,,1150,100,1000,0,42,0,0,1,1,0,3,3,10,0,10,0,0,23,30,23,35,88,88,0,0,0,2,0,0