STATE,ST_CASE,VE_TOTAL,VE_FORMS,PVH_INVL,PEDS,PERNOTMVIT,PERMVIT,PERSONS,COUNTY,CITY,DAY,MONTH,YEAR,DAY_WEEK,HOUR,MINUTE,NHS,RUR_URB,FUNC_SYS,RD_OWNER,ROUTE,TWAY_ID,TWAY_ID2,MILEPT,LATITUDE,LONGITUD,SP_JUR,HARM_EV,MAN_COLL,RELJCT1,RELJCT2,TYP_INT,WRK_ZONE,REL_ROAD,LGT_COND,WEATHER1,WEATHER2,WEATHER,SCH_BUS,RAIL,NOT_HOUR,NOT_MIN,ARR_HOUR,ARR_MIN,HOSP_HR,HOSP_MN,CF1,CF2,CF3,FATALS,DRUNK_DR,RANK
36,360824,4,4,0,0,0,4,4,1,2464,30,10,2015,6,21,46,1,2,1,1,1,I-87,,1457,42.643,-73.802,0,12,2,0,1,1,0,1,3,1,0,1,0,0,99,99,99,99,99,99,0,0,0,2,1,0
36,360827,2,2,0,0,0,2,2,39,2437,31,10,2015,7,10,20,0,1,4,1,3,SR-32,E RED MILL RD,0,42.391,-74.03,0,12,6,0,2,2,0,1,1,1,0,1,0,0,10,20,99,99,11,17,0,0,0,1,0,2
36,360829,2,2,0,0,0,2,2,1,3155,2,11,2015,2,12,5,0,2,4,1,3,SR-2,SWATLING RD,0,42.74,-73.736,0,12,6,0,2,3,0,1,1,1,0,1,0,0,12,8,12,13,12,38,0,0,0,1,0,2
36,360838,1,1,0,0,0,1,1,103,705,6,10,2015,3,14,20,1,1,3,1,3,SR-27 SUNRISE HWY,,0,40.784,-72.979,0,24,0,0,1,1,0,4,1,1,0,1,0,0,99,99,99,99,99,99,0,0,0,1,0,0
36,360840,1,1,0,1,1,1,1,103,5769,9,10,2015,6,20,30,0,2,3,1,3,SR-111,MAPLE AVE,0,40.837,-73.194,0,8,0,0,3,4,0,1,3,2,0,2,0,0,99,99,99,99,99,99,0,0,0,1,1,1
36,360843,1,1,0,0,0,2,2,103,6624,11,10,2015,1,0,30,0,2,3,1,3,SR-27,,0,40.722,-73.297,0,24,0,0,1,1,0,4,2,1,0,1,0,0,99,99,99,99,99,99,0,0,0,1,1,2
36,360850,2,2,0,2,2,1,1,107,4580,9,11,2015,2,11,34,0,2,4,3,4,CR-41,,0,42.024,-76.158,0,8,0,0,1,1,0,1,1,10,0,10,0,0,11,37,11,42,99,99,0,0,0,1,0,2
36,360851,2,2,0,0,0,2,2,75,6319,10,11,2015,3,16,35,0,1,3,1,3,SR-3,FLORIDA AVE,0,43.331,-76.398,0,12,2,0,3,3,0,1,1,10,0,10,0,0,16,35,99,99,99,99,0,0,0,1,1,2
36,360853,3,3,0,0,0,3,3,75,2540,10,11,2015,3,22,47,1,1,3,1,3,SR-3,CR-7,0,43.324,-76.538,0,12,6,0,2,2,0,1,2,1,0,1,0,0,22,47,22,57,99,99,0,0,0,1,1,2
36,360859,2,2,0,0,0,3,3,107,5172,14,11,2015,7,2,6,0,1,4,1,3,SR-38,,0,42.33,-76.187,0,12,2,0,1,1,0,1,2,2,0,2,0,0,2,6,2,29,6,0,0,0,0,1,1,2
36,360872,3,3,0,0,0,4,4,1,1260,11,11,2015,4,17,21,0,2,3,3,2,US-9,CRESCENT RD,0,42.817,-73.731,0,12,2,0,2,3,0,1,3,10,0,10,0,0,17,30,17,48,18,22,0,0,0,1,0,0
36,360878,1,1,0,0,0,1,1,9,3203,24,11,2015,3,21,1,0,1,7,2,4,CR-5,,0,42.33,-78.957,0,11,0,0,1,1,0,1,2,1,0,1,0,0,21,1,21,15,88,88,0,0,0,1,0,2
36,360881,2,2,0,0,0,5,5,109,3146,26,11,2015,5,19,41,1,1,3,1,3,SR-13,,0,100,1000,0,12,6,0,1,1,0,1,2,1,0,1,0,0,99,99,19,45,20,13,0,0,0,1,0,2
36,360891,1,1,0,0,0,1,1,103,1650,24,9,2015,5,1,6,0,2,4,1,3,SR-114,,0,40.971,-72.221,0,42,0,0,1,1,0,4,2,1,0,1,0,0,1,6,1,12,2,40,0,0,0,1,1,2
36,360894,2,2,0,0,0,5,5,67,1166,18,9,2015,6,17,4,1,2,3,1,3,SR-31,I-81,0,43.176,-76.117,0,12,6,1,2,2,0,1,1,1,0,1,0,0,17,4,17,12,19,10,0,0,0,2,0,2
36,360902,2,2,0,0,0,2,2,49,3370,11,9,2015,6,19,7,1,1,3,1,3,SR-12,WILLOW GROVE RD,0,43.818,-75.57,0,12,9,0,2,3,0,1,5,1,0,1,0,0,19,10,19,17,88,88,0,0,0,1,0,2
36,360903,1,1,0,1,1,1,1,29,1512,27,11,2015,6,19,15,0,2,3,1,3,SR-5,,0,42.698,-78.987,0,8,0,0,1,1,0,1,3,12,10,12,0,0,19,15,19,20,19,50,0,0,0,1,0,1
36,360904,2,2,0,0,0,2,2,25,3550,4,11,2015,4,18,17,0,1,3,1,3,SR-28,,0,42.153,-74.597,0,12,2,0,1,1,0,1,2,1,0,1,0,0,18,17,18,26,18,55,0,0,0,1,0,2
36,360912,2,2,0,0,0,4,4,27,3760,5,12,2015,7,9,5,1,1,3,1,2,US-44,,0,41.811,-73.633,0,12,2,0,1,1,0,1,1,1,0,1,0,0,9,12,9,15,9,50,0,0,0,1,0,0
36,360917,1,1,0,1,1,1,1,91,1209,6,12,2015,1,3,44,0,2,3,1,3,SR-9,,0,42.886,-73.773,0,8,0,0,1,1,0,2,2,10,0,10,0,0,3,44,3,49,88,88,0,0,0,1,0,2
36,360928,1,1,0,1,1,2,2,1,1290,6,12,2015,1,18,22,0,2,3,3,3,SR-5,OSBORNE RD,0,42.69,-73.801,0,8,0,0,3,3,0,1,3,5,0,5,0,0,18,22,18,25,18,58,0,0,0,1,0,1
36,360933,2,2,0,0,0,4,4,59,3695,13,12,2015,1,16,42,0,2,3,1,3,SR-27,HEWLETT AVE,0,40.664,-73.549,0,12,6,0,2,2,0,1,5,10,0,10,0,0,99,99,99,99,99,99,0,0,0,1,0,2
36,360939,1,1,0,0,0,1,1,117,3430,8,12,2015,3,16,14,0,2,3,1,3,SR-31,,0,43.067,-77.278,0,31,0,0,1,1,0,4,1,1,0,1,0,0,16,17,16,21,17,2,0,0,0,1,0,2
36,360945,2,2,0,0,0,4,4,75,3700,9,12,2015,4,17,5,1,1,3,1,3,SR-104,,0,43.457,-76.127,0,12,6,0,1,1,0,1,2,1,0,1,0,0,17,8,17,17,18,11,0,0,0,1,0,2
36,360948,3,3,0,0,0,3,3,29,1117,3,12,2015,5,15,0,1,2,1,1,1,I-90,,4200,42.942,-78.766,0,12,7,1,18,1,0,1,1,10,0,10,0,0,15,0,99,99,99,99,0,0,0,1,0,0
36,360950,6,1,5,0,0,1,1,103,705,25,10,2015,1,23,34,1,2,3,1,3,SR-112,JEFFERSON AVE,0,40.915,-73.034,0,14,0,0,3,3,0,5,3,1,0,1,0,0,99,99,99,99,99,99,0,0,0,1,1,2
36,360956,2,2,0,0,0,2,2,45,10,23,11,2015,2,15,33,0,1,5,1,2,US-11,,0,43.744,-76.056,0,12,2,0,1,1,0,1,1,10,0,10,0,0,99,99,99,99,99,99,0,0,0,1,0,0
36,360962,1,1,0,0,0,1,1,19,546,27,11,2015,6,11,22,0,1,3,1,3,SR-3,,0,44.582,-73.91,0,35,0,0,1,1,0,4,1,10,0,10,0,0,11,22,11,38,12,51,0,0,0,1,0,2
36,360969,2,1,1,0,1,1,2,59,4450,17,12,2015,5,5,6,1,1,1,1,1,I-495,,0,40.779,-73.575,0,14,0,0,1,1,0,2,3,1,0,1,0,0,5,6,5,8,88,88,0,0,0,1,0,1
36,360974,1,1,0,0,0,1,1,75,2200,18,12,2015,6,1,41,0,1,3,1,3,SR-48,,0,100,1000,0,34,0,0,1,1,0,4,2,10,0,10,0,0,1,42,1,51,2,21,0,0,0,1,1,1
36,360976,2,2,0,0,0,2,2,109,6120,22,12,2015,3,13,45,0,1,3,1,3,SR-96,CR-142,0,42.496,-76.596,0,12,6,0,2,2,0,1,1,2,0,2,0,0,13,46,13,46,19,4,0,0,0,1,0,2
36,360981,2,2,0,1,1,2,2,5,4170,25,12,2015,6,3,59,1,2,1,1,1,I-87,,0,100,1000,0,8,0,0,1,1,0,1,3,10,0,10,0,0,99,99,99,99,99,99,0,0,0,1,0,0
36,360983,3,3,0,0,0,7,7,79,900,14,11,2015,7,21,38,0,2,3,3,2,US-6,ROUTE 6 PLAZA,0,41.392,-73.724,0,12,6,0,2,3,0,1,3,10,0,10,0,0,21,38,21,45,99,99,0,0,0,1,1,0
36,360984,1,1,0,0,0,1,1,103,5810,8,11,2015,1,19,48,1,1,3,1,3,SR-24,,0,40.894,-72.576,0,30,0,0,1,1,0,4,2,1,0,1,0,0,99,99,99,99,99,99,0,0,0,1,1,2
36,360992,2,2,0,0,0,2,2,83,1648,29,12,2015,3,1,34,1,2,1,1,1,I-90,,100,100,1000,0,24,0,0,1,1,0,4,2,3,0,3,0,0,1,35,1,43,88,88,0,0,0,1,0,0
36,360993,2,2,0,0,0,2,2,101,6216,29,12,2015,3,15,55,0,1,3,1,3,SR-54,,0,100,1000,0,12,2,0,1,1,0,1,1,1,0,1,0,0,15,59,16,4,99,99,0,0,0,1,0,2
36,360995,3,3,0,1,1,6,6,103,4670,5,12,2015,7,2,58,1,2,3,1,3,SR-112,,0,40.79,-73.009,0,8,0,0,1,1,0,1,3,1,0,1,0,0,99,99,99,99,99,99,0,0,0,1,0,2
36,361002,2,2,0,0,0,2,2,103,705,23,12,2015,4,5,35,1,2,2,1,3,SR-27 SUNRISE HWY,,0,40.798,-72.907,0,12,2,1,18,1,0,1,2,5,0,5,0,0,99,99,99,99,99,99,0,0,0,1,1,0
36,361008,3,3,0,0,0,4,4,103,360,7,11,2015,7,20,20,1,2,3,1,3,SR-27 SUNRISE HWY,35TH ST,0,40.692,-73.397,0,12,1,0,2,2,0,1,3,1,0,1,0,0,99,99,99,99,99,99,0,0,0,1,0,0
36,361009,1,1,0,2,2,1,1,75,5450,31,12,2015,5,15,8,1,1,1,1,1,I-81,,0,100,1000,0,8,0,0,1,1,0,4,1,4,0,4,0,0,15,8,15,14,99,99,0,0,0,1,0,0
36,361010,2,2,0,1,1,5,5,27,6380,25,10,2015,1,22,57,1,2,3,1,2,US-9,,0,41.604,-73.912,0,8,0,0,1,1,0,1,3,1,0,1,0,0,22,57,23,0,88,88,0,0,0,1,0,0
36,361011,1,1,0,1,1,1,1,87,9997,21,12,2015,2,22,56,1,1,3,1,2,US-202,,0,41.155,-74.102,0,8,0,0,1,1,0,4,2,10,0,10,0,0,22,58,23,9,23,41,0,0,0,1,0,0
36,361013,1,1,0,1,1,1,1,103,360,4,12,2015,6,6,52,1,2,3,1,3,SR-27 SUNRISE HWY,,0,40.695,-73.392,0,8,0,0,8,1,0,1,1,1,0,1,0,0,99,99,99,99,99,99,0,0,0,1,0,0
36,361017,1,1,0,1,1,1,1,55,5230,6,2,2015,6,14,47,0,2,7,1,3,SR-96,PROBERT ST,0,43.146,-77.558,0,8,0,0,3,3,0,1,1,1,0,1,0,0,99,99,99,99,99,99,0,0,0,1,0,2
36,361024,1,1,0,1,1,1,1,103,6805,4,10,2015,1,20,30,0,2,4,2,4,CR-2,LONG ISLAND AVE,0,40.754,-73.36,0,8,0,0,3,2,0,1,3,1,0,1,0,0,20,32,20,39,88,88,0,0,0,1,0,2
36,361026,2,2,0,0,0,7,7,21,6230,2,11,2015,2,17,20,0,1,5,1,2,US-9,BIRCH RD,0,42.445,-73.687,0,12,2,0,2,3,0,1,3,1,0,1,0,0,17,22,17,29,18,28,0,0,0,1,0,0
36,361034,2,2,0,0,0,7,7,17,4350,17,12,2015,5,7,19,1,1,2,1,3,SR-8,,0,42.505,-75.404,0,12,2,0,1,1,0,1,4,10,0,10,0,0,7,19,7,25,99,99,0,0,0,2,0,2
36,361036,2,2,0,0,0,3,3,31,3218,8,12,2015,3,17,12,0,1,5,1,2,US-9,,0,44.357,-73.543,0,12,2,0,1,1,0,1,2,10,0,10,0,0,17,12,99,99,99,99,0,0,0,1,0,0
36,361037,2,2,0,0,0,4,4,83,6240,20,9,2015,1,13,43,0,1,4,1,3,SR-67,MASTER ST,0,42.909,-73.57,0,12,8,0,3,4,0,1,1,1,0,1,0,0,13,45,13,56,99,99,0,0,0,1,0,2
36,361041,1,1,0,1,1,1,1,47,4170,12,11,2015,5,19,50,0,2,3,1,3,SR-27,EUCLID AVE,0,40.668,-73.87,0,8,0,0,3,2,0,1,3,1,0,1,0,0,99,99,99,99,99,99,0,0,0,1,0,2
36,361044,1,1,0,1,1,2,2,5,4170,1,12,2015,3,23,41,0,2,3,4,2,US-1,DELAVALL AVE,0,40.885,-73.829,0,8,0,0,3,3,0,1,3,2,10,2,0,0,99,99,99,99,99,99,0,0,0,1,0,1
36,361054,1,1,0,0,0,1,1,95,9999,8,9,2015,3,15,46,0,1,4,1,3,SR-10,,0,42.45,-74.579,0,24,0,0,1,1,0,4,1,1,0,1,0,0,99,99,99,99,99,99,0,0,0,1,0,2
36,361062,1,1,0,0,0,1,1,119,1420,3,12,2015,5,0,42,1,2,2,1,2,US-9,,0,41.192,-73.881,0,31,0,0,1,1,0,8,2,10,0,10,0,0,99,99,99,99,88,88,0,0,0,1,0,0
37,370003,1,1,0,0,0,1,1,21,0,9,1,2015,6,5,26,1,1,2,99,2,US-19,,0,35.697,-82.577,0,35,0,0,1,1,0,4,2,1,0,1,0,0,6,23,6,23,88,88,0,0,0,1,0,0
37,370004,1,1,0,0,0,2,2,21,170,17,1,2015,7,23,2,1,2,1,1,1,I-40,,0,35.556,-82.617,0,42,0,0,1,1,0,4,2,1,0,1,0,0,0,17,0,29,0,55,0,0,0,1,0,1
37,370006,2,2,0,0,0,2,2,23,0,15,1,2015,5,3,37,1,1,1,1,1,I-40,,0,35.719,-81.694,0,12,2,0,1,1,0,1,2,5,0,5,0,0,99,99,99,99,99,99,0,0,0,1,0,1
37,370007,1,1,0,0,0,1,1,35,0,6,1,2015,3,14,29,1,1,2,99,2,US-321,,0,35.732,-81.365,0,1,0,0,1,1,0,3,1,1,0,1,0,0,14,39,14,47,15,11,0,0,0,1,0,0
37,370014,2,2,0,0,0,2,2,63,1360,2,1,2015,6,6,52,1,2,2,99,2,US-501,,0,36.055,-78.904,0,12,6,0,4,1,0,1,3,1,0,1,0,0,6,59,7,1,88,88,0,0,0,1,0,0
37,370015,3,3,0,0,0,6,6,65,0,13,1,2015,3,18,11,0,1,3,99,3,SR-43,,0,35.797,-77.637,0,12,1,0,1,1,0,1,2,1,0,1,0,0,18,6,18,10,18,57,0,0,0,1,0,2
37,370018,1,1,0,1,1,1,1,45,2440,3,1,2015,7,23,48,1,2,2,99,2,US-74,,0,35.251,-81.341,0,8,0,0,1,1,0,1,2,2,0,2,0,0,23,51,0,1,88,88,0,0,0,1,0,0
37,370021,1,1,0,0,0,1,1,71,390,11,1,2015,1,9,38,1,2,1,1,1,I-85,,0,35.258,-81.019,0,42,0,0,1,1,0,4,1,1,0,1,0,0,9,38,9,48,88,88,0,0,0,1,0,1
37,370022,1,1,0,0,0,2,2,75,0,1,1,2015,5,23,32,0,1,3,99,3,SR-143,,0,35.326,-83.804,0,42,0,0,1,1,0,4,2,1,0,1,0,0,22,46,23,11,88,88,0,0,0,1,1,2
37,370023,1,1,0,0,0,1,1,81,1940,10,1,2015,7,17,25,1,2,1,1,1,I-40,,0,36.091,-79.992,0,1,0,0,1,1,0,3,2,1,0,1,0,0,17,32,17,39,18,2,0,0,0,1,0,1
37,370026,2,2,0,0,0,2,2,85,0,25,1,2015,1,21,40,0,1,3,99,3,SR-27,,0,35.418,-78.804,0,12,2,0,1,1,0,1,2,1,0,1,0,0,21,35,21,47,99,99,0,0,0,1,0,2
37,370027,4,3,1,0,0,3,3,93,0,7,1,2015,4,7,56,0,1,7,99,2,US-501,ASHEMONT RD,0,35.049,-79.435,0,12,6,0,2,2,0,1,1,10,0,10,0,0,99,99,99,99,99,99,0,0,0,1,1,0
37,370032,2,2,0,0,0,2,2,101,0,20,1,2015,3,14,23,1,1,1,1,1,I-40,,0,35.393,-78.521,0,24,0,0,1,1,0,3,1,1,0,1,0,0,14,21,14,28,99,99,14,0,0,1,0,1
37,370033,2,2,0,0,0,2,2,101,4140,22,1,2015,5,12,13,1,2,1,1,1,I-95,,0,35.549,-78.22,0,12,2,0,1,1,0,1,1,1,0,1,0,0,12,13,12,20,99,99,0,0,0,1,0,1
37,370036,1,1,0,1,1,2,2,113,1710,24,1,2015,7,18,30,1,1,2,99,2,US-64,,99999,35.173,-83.36,0,8,0,1,5,1,0,1,5,10,0,10,0,0,18,30,18,34,18,47,0,0,0,1,0,0
37,370037,1,1,0,1,1,2,2,119,870,10,1,2015,7,2,58,1,2,1,1,1,I-77,,99999,35.25,-80.845,0,8,0,0,1,1,0,1,3,1,0,1,0,0,3,8,3,15,88,88,0,0,0,1,0,0
37,370039,1,1,0,0,0,2,2,127,0,3,1,2015,7,16,16,1,1,2,99,2,US-264,,99999,35.779,-78.161,0,42,0,0,1,1,0,4,1,10,2,2,0,0,16,4,16,13,99,99,0,0,0,1,0,0
37,370042,2,2,0,0,0,3,3,141,0,9,1,2015,6,6,34,1,1,1,1,1,I-40,,99999,34.635,-77.938,0,12,9,0,1,1,0,1,2,3,12,3,0,0,6,36,6,45,99,99,19,0,0,1,0,1
37,370044,2,2,0,0,0,2,2,147,1950,10,1,2015,7,7,1,1,2,2,99,2,US-264,,99999,35.616,-77.329,0,12,2,0,1,1,0,1,4,1,0,1,0,0,6,50,6,55,7,18,0,0,0,1,0,0
37,370045,1,1,0,0,0,1,1,147,0,21,1,2015,4,18,14,0,1,5,99,3,SR-33,,99999,35.713,-77.478,0,34,0,0,1,1,0,4,2,1,0,1,0,0,99,99,99,99,99,99,0,0,0,1,0,1
37,370050,1,1,0,0,0,2,2,155,0,12,1,2015,2,7,46,1,1,1,1,1,I-95,,0,34.602,-79.103,0,1,0,0,1,1,0,4,1,2,0,2,0,0,7,45,8,0,8,27,0,0,0,1,0,1
37,370051,3,3,0,1,1,3,3,157,0,14,1,2015,4,7,31,0,1,3,99,3,SR-14,,0,36.524,-79.753,0,12,7,0,1,1,0,1,1,3,12,3,0,0,7,31,7,40,99,99,19,0,0,1,0,2
37,370052,1,1,0,0,0,1,1,163,0,1,1,2015,5,14,15,0,1,3,99,3,SR-41,,0,34.727,-78.204,0,34,0,0,1,1,0,4,1,1,0,1,0,0,14,15,14,25,99,99,0,0,0,1,0,1
37,370057,2,2,0,0,0,2,2,183,0,28,1,2015,4,17,10,0,2,3,99,3,SR-42,SR-1173,0,35.567,-78.85,0,12,6,0,2,2,0,1,1,1,0,1,0,0,17,3,17,8,17,54,0,0,0,1,0,1
37,370058,2,2,0,0,0,2,2,185,0,7,1,2015,4,8,0,1,1,2,99,2,US-1,,0,36.537,-78.192,0,12,8,0,1,1,0,1,1,1,0,1,0,0,7,55,8,5,99,99,0,0,0,1,0,1
37,370059,1,1,0,0,0,1,1,189,0,21,1,2015,4,18,26,0,1,3,99,3,SR-88,,0,36.373,-81.721,0,1,0,0,1,1,0,4,2,1,0,1,0,0,99,99,99,99,99,99,0,0,0,1,1,1
37,370060,2,2,0,0,0,2,2,191,0,24,1,2015,7,5,33,0,1,3,99,3,SR-111,,0,35.192,-77.882,0,12,8,0,1,1,0,1,2,2,10,2,0,0,5,32,5,40,7,0,0,0,0,1,0,1
37,370061,2,2,0,0,0,2,2,193,0,13,1,2015,3,4,35,0,1,3,99,3,SR-18,,0,36.138,-81.16,0,12,2,0,1,1,0,1,2,2,0,2,0,0,4,38,4,53,6,7,0,0,0,1,1,2
37,370065,1,1,0,0,0,2,2,197,0,27,1,2015,3,22,46,0,1,3,99,3,SR-67,,0,36.216,-80.491,0,42,0,0,1,1,0,4,2,1,0,1,0,0,99,99,99,99,99,99,0,0,0,2,1,2
37,370066,1,1,0,0,0,1,1,21,170,28,1,2015,4,8,17,1,2,1,1,1,I-26,,99999,35.535,-82.603,0,1,0,0,1,1,1,3,1,1,0,1,0,0,8,18,8,25,8,54,0,0,0,1,0,1
37,370068,2,2,0,0,0,2,2,49,0,21,1,2015,4,10,28,1,1,2,99,2,US-70,,99999,34.972,-76.972,0,12,1,0,1,1,0,1,1,1,0,1,0,0,99,99,99,99,99,99,0,0,0,1,0,0
37,370069,2,2,0,0,0,2,2,51,0,20,1,2015,3,15,45,1,1,2,99,2,US-301,,99999,34.983,-78.906,0,12,6,0,1,1,0,1,1,1,0,1,0,0,15,43,15,49,16,3,0,0,0,1,0,0
37,370074,1,1,0,0,0,1,1,71,390,25,1,2015,1,2,29,1,2,2,99,1,I-85,,99999,35.264,-81.062,0,42,0,0,1,1,0,4,2,1,0,1,0,0,2,27,2,34,88,88,0,0,0,1,0,1
37,370076,1,1,0,1,1,1,1,81,4464,20,1,2015,3,19,23,0,2,3,99,3,SR-68,US-158,99999,36.237,-79.979,0,8,0,0,3,2,0,1,3,1,0,1,0,0,19,24,19,36,20,17,0,0,0,1,0,2
37,370077,2,2,0,0,0,5,5,81,1940,28,1,2015,4,15,8,1,2,2,99,2,US-29,MARTIN LUTHER KING JR DRIVE,99999,36.045,-79.775,0,12,7,1,5,1,0,1,1,1,0,1,0,0,15,10,15,21,15,33,0,0,0,2,1,0
37,370078,3,3,0,0,0,5,5,105,4090,27,1,2015,3,10,28,0,2,7,99,6,BROADWAY RD,,0,35.381,-79.109,0,12,8,0,1,1,0,1,1,1,0,1,0,0,10,30,10,35,99,99,0,0,0,1,0,1
37,370079,1,1,0,1,1,1,1,105,0,27,1,2015,3,18,32,0,1,3,99,2,US-1,SR-1334,0,35.442,-79.216,0,9,0,0,3,3,0,1,2,1,0,1,0,0,18,32,18,36,18,49,0,0,0,1,0,1
37,370082,1,1,0,0,0,1,1,133,0,25,1,2015,1,1,48,0,1,3,99,2,US-258,,0,34.752,-77.451,0,26,0,0,1,1,0,4,2,1,0,1,0,0,1,50,1,57,88,88,0,0,0,1,1,0
37,370089,2,2,0,0,0,2,2,189,560,22,1,2015,5,19,35,0,1,3,99,3,SR-105,,0,36.205,-81.693,0,12,2,0,1,1,0,1,3,1,0,1,0,0,99,99,99,99,99,99,0,0,0,1,0,2
37,370090,1,1,0,0,0,1,1,191,1880,11,1,2015,1,9,49,1,2,2,99,2,US-70,,0,35.4,-77.983,0,59,0,0,1,1,0,3,1,1,0,1,0,0,9,49,9,52,10,11,0,0,0,1,0,0
37,370091,2,2,0,0,0,2,2,27,2270,24,1,2015,7,12,40,1,1,2,99,2,US-321,MT HERMAN ROAD,99999,35.858,-81.486,0,12,6,0,8,1,0,1,1,1,0,1,0,0,99,99,99,99,99,99,0,0,0,1,1,0
37,370093,2,2,0,0,0,3,3,9,0,2,2,2015,2,11,53,0,1,5,99,3,SR-163,,99999,36.376,-81.479,0,12,2,0,1,1,0,1,1,4,0,4,0,0,11,49,11,55,12,9,0,0,0,1,0,2
37,370095,1,1,0,1,1,1,1,21,170,23,2,2015,2,21,2,1,2,2,99,2,US-70,,99999,35.584,-82.47,0,8,0,0,1,1,0,1,3,10,0,10,0,0,21,1,21,8,21,50,0,0,0,1,0,0
37,370096,2,2,0,0,0,3,3,39,0,4,2,2015,4,7,57,1,1,2,99,2,US-64,,99999,35.061,-83.952,0,12,6,0,1,1,0,1,1,10,0,10,0,0,7,53,8,1,8,27,0,0,0,1,0,0
37,370098,2,2,0,0,0,5,5,47,0,3,2,2015,3,18,33,1,1,3,99,2,US-701,CR-1004,99999,34.277,-78.743,0,12,6,0,2,3,0,1,2,1,0,1,0,0,18,33,18,42,18,58,0,0,0,1,0,1
37,370101,1,1,0,1,1,2,2,49,610,8,2,2015,1,19,44,1,2,2,99,2,US-17,MILL STREET,99999,35.122,-77.02,0,8,0,0,2,3,0,1,2,1,0,1,0,0,19,38,19,40,20,21,0,0,0,1,0,1
37,370104,1,1,0,0,0,1,1,57,0,10,2,2015,3,13,41,1,1,1,1,1,I-85,,99999,35.82,-80.172,0,35,0,0,1,1,0,4,1,10,0,10,0,0,13,39,13,49,88,88,0,0,0,1,0,1
37,370110,1,1,0,0,0,1,1,81,1940,13,2,2015,6,4,27,1,2,1,1,1,I-40,,99999,36.097,-80.013,0,35,0,0,1,1,0,4,2,1,0,1,0,0,4,1,4,10,4,42,0,0,0,1,1,1
37,370111,2,2,0,0,0,5,5,83,3860,20,2,2015,6,6,38,1,2,1,1,1,I-95,,99999,36.404,-77.642,0,12,1,0,1,1,0,1,1,1,0,1,0,0,99,99,99,99,99,99,0,0,0,1,0,1
37,370116,2,2,0,0,0,2,2,107,0,6,2,2015,6,6,20,0,1,3,99,2,US-258,,0,35.069,-77.641,0,12,8,0,1,1,0,1,2,1,0,1,0,0,6,27,6,38,8,16,0,0,0,1,0,0
37,370117,1,1,0,0,0,1,1,109,0,11,2,2015,4,19,45,0,1,3,99,3,SR-10,,0,35.553,-81.503,0,43,0,0,1,1,0,4,2,1,0,1,0,0,19,43,19,50,20,35,0,0,0,1,0,2
37,370118,1,1,0,1,1,1,1,111,0,24,2,2015,3,19,53,1,1,1,1,1,I-40,,0,35.664,-81.958,0,8,0,0,1,1,0,1,2,10,0,10,0,0,19,45,19,58,88,88,0,0,0,1,0,1
37,370119,1,1,0,0,0,1,1,117,0,15,2,2015,1,7,37,0,1,3,1,2,US-64,,0,35.806,-76.899,0,42,0,0,1,1,0,4,4,1,0,1,0,0,7,24,7,29,7,45,0,0,0,1,1,0
37,370122,1,1,0,1,1,1,1,127,0,19,2,2015,5,19,33,0,1,3,99,2,US-64,,0,35.96,-78.068,0,8,0,0,1,1,0,1,2,1,0,1,0,0,19,22,19,27,99,99,0,0,0,1,0,0
37,370124,2,2,0,0,0,2,2,129,5060,2,2,2015,2,11,10,0,2,7,99,2,US-421,SAINT ANDREWS DR,0,34.212,-77.946,0,12,6,0,2,3,0,1,1,2,0,2,0,0,11,3,11,10,11,24,0,0,0,1,0,0
37,370127,1,1,0,0,0,1,1,135,0,27,2,2015,6,21,21,1,1,2,99,2,US-70,,0,36.087,-79.11,0,25,0,0,1,1,0,3,2,1,0,1,0,0,21,18,21,26,21,47,0,0,0,1,1,0
37,370130,3,3,0,0,0,4,4,151,0,9,2,2015,2,12,58,0,1,3,99,2,US-64,SR-1332,0,35.733,-79.957,0,12,8,0,3,2,0,1,1,10,2,2,0,0,12,51,13,2,13,55,0,0,0,1,0,0
37,370132,2,2,0,0,0,3,3,151,0,28,2,2015,7,20,40,1,1,2,99,2,US-64,,0,35.708,-79.777,0,12,2,0,1,1,0,1,2,1,0,1,0,0,20,36,20,45,22,41,0,0,0,2,1,0
37,370134,2,2,0,0,0,3,3,155,0,14,2,2015,7,10,44,0,1,3,99,3,SR-72,,0,34.618,-79.01,0,12,2,0,1,1,0,1,1,1,0,1,0,0,99,99,99,99,99,99,0,0,0,1,0,2
37,370135,1,1,0,0,0,1,1,155,0,20,2,2015,6,13,28,0,1,3,99,3,SR-20,,0,34.811,-78.987,0,53,0,0,1,1,0,4,1,1,0,1,0,0,13,28,13,45,14,13,0,0,0,1,0,2
37,370138,1,1,0,0,0,1,1,159,0,8,2,2015,1,17,56,1,1,1,1,1,I-85,,0,35.566,-80.563,0,1,0,0,1,1,0,3,1,1,0,1,0,0,17,56,18,5,18,30,0,0,0,1,0,1
37,370141,1,1,0,0,0,1,1,175,0,8,2,2015,1,21,8,1,1,2,99,2,US-64,,99999,35.205,-82.767,0,1,0,0,1,1,0,3,2,1,0,1,0,0,21,2,21,11,88,88,0,0,0,1,1,0
37,370145,3,3,0,0,0,4,4,183,0,3,2,2015,3,11,17,1,2,1,1,1,I-40,,99999,35.667,-78.563,0,57,0,0,1,1,0,3,1,1,0,1,0,0,11,15,11,24,11,43,0,0,0,1,0,1