STATE,ST_CASE,VE_TOTAL,VE_FORMS,PVH_INVL,PEDS,PERNOTMVIT,PERMVIT,PERSONS,COUNTY,CITY,DAY,MONTH,YEAR,DAY_WEEK,HOUR,MINUTE,NHS,RUR_URB,FUNC_SYS,RD_OWNER,ROUTE,TWAY_ID,TWAY_ID2,MILEPT,LATITUDE,LONGITUD,SP_JUR,HARM_EV,MAN_COLL,RELJCT1,RELJCT2,TYP_INT,WRK_ZONE,REL_ROAD,LGT_COND,WEATHER1,WEATHER2,WEATHER,SCH_BUS,RAIL,NOT_HOUR,NOT_MIN,ARR_HOUR,ARR_MIN,HOSP_HR,HOSP_MN,CF1,CF2,CF3,FATALS,DRUNK_DR,RANK
37,370150,1,1,0,0,0,1,1,183,0,24,2,2015,3,10,10,1,1,2,99,2,US-64,,99999,35.807,-78.422,0,35,0,1,19,1,0,4,1,4,0,4,0,0,10,0,10,10,88,88,0,0,0,1,0,0
37,370152,1,1,0,1,1,3,3,195,0,1,2,2015,1,1,5,0,1,5,99,3,SR-58,,99999,35.818,-77.937,0,8,0,0,1,1,0,1,2,1,0,1,0,0,0,59,1,7,88,88,0,0,0,1,0,1
37,370153,1,1,0,0,0,1,1,195,0,6,2,2015,6,15,35,0,1,4,99,3,SR-58,,99999,35.679,-77.862,0,42,0,0,1,1,0,4,1,1,0,1,0,0,14,52,14,58,88,88,0,0,0,1,0,1
37,370164,2,2,0,1,1,3,3,67,4797,4,3,2015,4,1,23,1,2,2,99,2,US-158,,0,36.169,-80.133,0,8,0,0,1,1,0,1,3,5,0,5,0,0,1,21,1,28,1,51,23,0,0,1,0,0
37,370166,3,3,0,0,0,3,3,81,0,16,3,2015,2,5,57,0,1,3,99,3,SR-62,,0,35.916,-79.766,0,12,8,0,1,1,0,1,2,1,0,1,0,0,5,55,6,4,99,99,0,0,0,1,0,0
37,370177,1,1,0,0,0,1,1,147,0,15,3,2015,1,20,34,0,1,3,99,3,SR-33,,0,35.609,-77.329,0,35,0,0,1,1,0,4,2,1,0,1,0,0,20,31,20,44,21,50,0,0,0,1,0,1
37,370181,1,1,0,0,0,1,1,189,0,6,3,2015,6,12,50,1,1,2,1,2,US-321,,0,36.223,-81.706,0,35,0,0,1,1,0,4,1,1,0,1,0,0,99,99,99,99,99,99,0,0,0,1,0,0
37,370186,2,2,0,0,0,3,3,37,0,5,2,2015,5,15,8,0,1,3,99,2,US-64,SR-1716,0,35.752,-79.189,0,12,6,0,2,2,0,1,1,1,0,1,0,0,15,4,15,14,16,4,0,0,0,1,0,0
37,370187,2,2,0,0,0,3,3,67,4797,2,2,2015,2,15,24,0,2,3,99,2,US-158,NC-66,0,36.165,-80.137,0,12,6,0,2,2,0,1,1,1,0,1,0,0,15,21,15,25,16,4,0,0,0,1,0,0
37,370192,1,1,0,0,0,3,3,183,3750,6,2,2015,6,19,50,0,2,5,99,2,US-401,,0,35.846,-78.566,0,5,0,0,1,1,0,1,3,1,0,1,0,0,19,50,19,58,20,14,0,0,0,1,0,0
37,370193,2,2,0,0,0,2,2,187,3670,4,2,2015,4,11,3,0,2,5,99,2,US-64,,0,35.866,-76.725,0,12,6,0,8,1,0,1,1,1,0,1,0,0,99,99,99,99,99,99,0,0,0,1,0,0
37,370194,1,1,0,0,0,1,1,1,1900,17,3,2015,3,8,5,1,2,1,1,1,I-40,,0,36.066,-79.379,0,25,0,0,1,1,0,3,1,1,0,1,0,0,8,7,8,13,8,40,0,0,0,1,0,1
37,370195,1,1,0,0,0,1,1,13,0,21,3,2015,7,19,3,0,1,3,99,3,SR-99,,0,35.588,-76.654,0,26,0,0,1,1,0,4,1,1,0,1,0,0,99,99,99,99,99,99,0,0,0,1,0,2
37,370197,1,1,0,0,0,1,1,57,0,24,3,2015,3,21,49,0,1,3,99,3,SR-150,,0,35.854,-80.326,0,34,0,0,1,1,0,4,2,1,0,1,0,0,21,50,21,57,22,46,0,0,0,1,1,0
37,370202,2,2,0,0,0,3,3,63,1360,31,3,2015,3,18,39,0,2,3,99,3,SR-55,,0,35.959,-78.893,0,12,6,0,1,1,0,1,1,1,0,1,0,0,99,99,99,99,99,99,0,0,0,1,0,2
37,370205,1,1,0,0,0,1,1,75,0,26,3,2015,5,17,11,0,1,3,99,3,SR-143,,0,35.326,-83.804,0,1,0,0,1,1,0,1,1,1,0,1,0,0,17,4,17,37,88,88,0,0,0,1,0,2
37,370219,2,2,0,0,0,2,2,163,0,25,3,2015,4,17,31,0,1,3,99,3,SR-55,SR-1643,0,35.253,-78.425,0,12,6,0,2,3,0,1,1,1,0,1,0,0,17,30,17,49,99,99,0,0,0,1,0,2
37,370224,1,1,0,1,1,3,3,191,0,23,3,2015,2,10,52,1,1,2,1,2,US-70,,0,35.401,-77.983,0,8,0,0,1,1,0,3,1,10,0,10,0,0,10,49,10,53,88,88,0,0,0,1,0,0
37,370228,2,2,0,0,0,3,3,21,170,24,3,2015,3,14,28,0,2,3,99,3,SR-63,,99999,35.593,-82.604,0,12,6,0,8,1,0,1,1,1,0,1,0,0,14,31,14,40,15,0,0,0,0,1,0,2
37,370229,2,2,0,0,0,2,2,21,0,26,3,2015,5,22,14,1,2,2,99,2,US-19,,99999,35.558,-82.64,0,12,1,0,1,1,0,1,2,1,0,1,0,0,22,11,22,16,88,88,0,0,0,1,2,0
37,370230,3,3,0,0,0,6,6,23,0,27,3,2015,6,12,55,1,2,1,1,1,I-40,,99999,35.718,-81.717,0,12,1,0,1,1,0,1,1,10,0,10,0,0,99,99,99,99,99,99,0,0,0,1,0,1
37,370236,2,2,0,0,0,6,6,69,0,31,3,2015,3,8,54,1,1,2,99,2,US-401,CR-1401,99999,36.084,-78.315,0,12,2,0,3,2,0,1,1,1,0,1,0,0,8,56,9,14,9,34,0,0,0,1,0,0
37,370237,2,2,0,0,0,2,2,93,0,26,3,2015,5,20,21,0,1,4,99,3,SR-211,,99999,34.986,-79.241,0,12,2,0,1,1,0,1,2,1,0,1,0,0,20,13,20,24,21,33,0,0,0,1,0,2
37,370247,2,2,0,0,0,3,3,21,0,7,4,2015,3,15,16,1,1,1,1,1,I-40,,0,35.556,-82.617,0,12,1,0,1,1,0,1,1,2,0,2,0,0,15,28,15,41,16,9,0,0,0,1,0,1
37,370249,1,1,0,0,0,1,1,25,0,11,4,2015,7,5,32,0,1,3,99,3,SR-73,,0,35.416,-80.532,0,59,0,0,1,1,0,4,2,1,0,1,0,0,5,28,5,37,88,88,0,0,0,1,0,2
37,370254,2,2,0,0,0,4,4,49,0,12,4,2015,1,11,36,1,1,2,1,2,US-70,,0,35.092,-77.038,0,12,6,0,1,1,0,1,1,1,0,1,0,0,11,35,11,40,12,55,0,0,0,1,0,0
37,370256,4,4,0,0,0,4,4,53,0,22,4,2015,4,17,17,0,1,5,99,2,US-158,,0,36.301,-76.218,0,12,1,0,1,1,0,1,1,1,0,1,0,0,17,12,17,21,99,99,0,0,0,1,0,0
37,370259,2,2,0,0,0,5,5,71,0,4,4,2015,7,23,36,0,1,3,99,3,SR-273,,0,35.268,-81.028,0,12,2,0,1,1,0,1,2,1,0,1,0,0,23,34,23,38,0,13,0,0,0,1,0,2
37,370260,3,3,0,0,0,3,3,81,1940,10,4,2015,6,13,55,1,2,1,1,1,I-85,,0,36.059,-79.661,0,12,2,0,1,1,0,1,1,1,0,1,0,0,13,54,14,5,15,8,0,0,0,1,0,1
37,370261,1,1,0,0,0,1,1,81,1940,17,4,2015,6,14,25,1,2,1,1,1,I-40,,0,36.091,-79.992,0,24,0,0,1,1,0,4,1,1,0,1,0,0,14,25,14,33,14,56,0,0,0,1,1,1
37,370264,3,3,0,0,0,8,8,101,0,19,4,2015,1,16,42,0,1,3,99,3,SR-42,,0,35.634,-78.495,0,24,0,0,1,1,0,4,1,2,0,2,0,0,16,45,16,52,17,32,0,0,0,1,0,1
37,370266,2,2,0,0,0,3,3,107,0,10,4,2015,6,17,39,1,1,2,1,2,US-258,,0,35.069,-77.641,0,12,2,0,1,1,0,1,1,1,0,1,0,0,17,32,17,52,99,99,0,0,0,1,1,0
37,370267,2,2,0,0,0,5,5,109,0,1,4,2015,4,20,35,0,1,3,99,3,SR-150,,0,35.465,-81.269,0,12,2,0,1,1,0,1,2,1,0,1,0,0,20,34,20,43,21,58,0,0,0,1,0,0
37,370269,1,1,0,0,0,2,2,113,0,18,4,2015,7,23,6,0,1,3,99,3,SR-28,,0,35.145,-83.306,0,42,0,0,1,1,0,4,2,10,0,10,0,0,23,13,23,21,23,37,0,0,0,1,1,2
37,370270,1,1,0,0,0,1,1,115,0,24,4,2015,6,15,47,1,1,1,1,1,I-26,,0,35.835,-82.526,0,57,0,0,1,1,0,3,1,1,0,1,0,0,16,17,16,33,17,39,0,0,0,1,0,1
37,370273,1,1,0,0,0,2,2,125,0,6,4,2015,2,5,22,0,1,3,99,3,SR-24,,0,35.404,-79.574,0,42,0,0,1,1,0,4,2,1,0,1,0,0,5,15,5,25,99,99,0,0,0,1,0,2
37,370279,2,2,0,0,0,2,2,147,1950,15,4,2015,4,16,36,0,2,5,99,2,US-264,WILLIAMS RD,0,35.614,-77.66,0,12,6,0,2,3,0,1,1,10,0,10,0,0,99,99,99,99,99,99,0,0,0,1,0,0
37,370280,2,2,0,0,0,2,2,151,160,11,4,2015,7,13,47,0,2,5,99,2,US-220,,0,35.709,-79.829,0,12,6,0,8,1,0,1,1,1,0,1,0,0,13,46,13,52,14,34,0,0,0,1,0,0
37,370284,2,2,0,0,0,3,3,155,0,11,4,2015,7,19,6,0,1,3,99,3,SR-130,SR-2435,0,34.537,-79.292,0,12,6,0,2,2,0,1,1,1,0,1,0,0,19,44,19,59,20,3,0,0,0,1,0,2
37,370290,3,3,0,0,0,4,4,167,3280,11,4,2015,7,6,19,0,2,5,99,2,US-52,SR-8,0,35.438,-80.217,0,12,6,0,2,2,0,1,4,1,0,1,0,0,6,18,6,33,7,58,0,0,0,1,0,0
37,370297,3,3,0,0,0,6,6,195,0,3,4,2015,6,15,48,0,1,3,99,3,SR-58,,0,35.714,-77.892,0,12,2,0,1,1,0,1,1,1,0,1,0,0,99,99,99,99,99,99,0,0,0,2,0,1
37,370299,2,2,0,0,0,2,2,25,2063,31,3,2015,3,6,9,0,2,3,99,3,SR-49,ROBERTA ROAD,99999,35.322,-80.648,0,12,1,0,2,2,0,1,2,1,0,1,0,0,6,9,6,15,88,88,0,0,0,1,0,1
37,370304,3,3,0,0,0,4,4,3,0,11,4,2015,7,16,43,0,1,4,99,3,SR-16,CR-1331,99999,35.965,-81.194,0,12,1,0,3,3,0,1,1,1,0,1,0,0,16,43,16,49,17,9,0,0,0,1,0,2
37,370305,3,3,0,0,0,5,5,9,0,14,4,2015,3,11,52,0,1,5,99,3,SR-163,CR-1155,99999,36.371,-81.453,0,12,7,0,3,3,0,1,1,2,0,2,0,0,99,99,99,99,99,99,0,0,0,1,0,2
37,370306,1,1,0,0,0,1,1,17,0,20,4,2015,2,3,49,1,1,2,99,2,US-701,,99999,34.505,-78.655,0,34,0,0,1,1,0,4,2,1,0,1,0,0,3,44,3,57,4,25,0,0,0,1,0,1
37,370308,1,1,0,0,0,1,1,25,3035,29,4,2015,4,20,38,0,1,4,99,3,SR-24,,99999,35.253,-80.491,0,33,0,0,1,1,0,4,5,1,0,1,0,0,20,38,20,40,21,51,0,0,0,1,1,2
37,370309,2,2,0,0,0,2,2,31,0,27,4,2015,2,11,45,0,1,4,99,3,SR-101,CR-1475,99999,34.827,-76.704,0,12,2,0,2,3,0,1,1,1,0,1,0,0,11,47,11,57,88,88,0,0,0,1,0,2
37,370310,1,1,0,1,1,1,1,35,0,18,4,2015,7,23,36,0,1,4,99,3,SR-10,,99999,35.677,-81.115,0,8,0,0,1,1,0,1,2,10,0,10,0,0,23,32,23,41,88,88,0,0,0,1,0,2
37,370315,1,1,0,1,1,1,1,71,1800,26,4,2015,1,5,24,1,2,1,1,1,I-85,,0,35.284,-81.19,0,8,0,1,5,1,0,1,2,5,0,5,0,0,5,25,5,32,88,88,0,0,0,1,0,1
37,370316,1,1,0,1,1,1,1,81,0,24,4,2015,6,0,48,1,1,1,1,1,I-85,,0,35.978,-79.907,0,8,0,0,1,1,0,1,2,1,0,1,0,0,0,46,0,52,1,26,0,0,0,1,0,1
37,370319,1,1,0,0,0,1,1,97,0,30,4,2015,5,19,4,1,1,1,1,1,I-77,,0,35.85,-80.859,0,24,0,0,1,1,0,3,1,6,1,6,0,0,18,51,19,0,99,99,0,0,0,1,0,0
37,370320,2,2,0,0,0,2,2,101,0,24,4,2015,6,7,44,0,1,3,99,3,SR-42,,0,35.634,-78.495,0,12,6,0,1,1,0,1,1,1,0,1,0,0,99,99,99,99,99,99,0,0,0,1,0,1
37,370323,2,2,0,0,0,4,4,119,870,20,4,2015,2,1,53,1,2,1,1,1,I-77,,0,35.215,-80.873,0,12,1,0,1,1,0,1,3,10,0,10,0,0,1,52,2,0,2,10,0,0,0,3,1,1
37,370328,2,2,0,0,0,2,2,133,2330,17,4,2015,6,7,52,0,2,3,99,3,SR-24,,99999,34.744,-77.391,0,12,1,0,1,1,0,1,1,10,0,10,0,0,8,49,9,2,88,88,0,0,0,1,0,2
37,370329,2,2,0,0,0,5,5,133,3830,28,4,2015,3,14,30,1,2,2,99,2,US-258,,99999,34.888,-77.548,0,12,2,0,1,1,0,1,1,1,0,1,0,0,14,30,14,44,15,53,0,0,0,2,0,0
37,370330,2,2,0,0,0,2,2,147,1660,8,4,2015,4,14,23,1,1,2,99,2,US-264,,99999,35.59,-77.615,0,12,1,0,1,1,0,1,1,1,0,1,0,0,14,22,14,36,14,59,0,0,0,1,0,0
37,370331,3,3,0,0,0,3,3,155,0,20,4,2015,2,17,7,1,1,1,1,1,I-74,,99999,34.739,-79.328,0,12,1,0,1,1,0,1,1,10,0,10,0,0,17,5,17,15,88,88,0,0,0,1,0,0
37,370333,2,2,0,0,0,2,2,165,0,22,4,2015,4,17,6,1,1,2,99,2,US-15,,99999,34.689,-79.532,0,12,2,0,1,1,0,1,1,1,0,1,0,0,17,0,17,15,17,36,0,0,0,1,1,0
37,370335,2,2,0,0,0,6,6,171,3170,17,4,2015,6,15,0,1,2,2,99,2,US-258,,99999,36.505,-80.608,0,12,6,0,1,1,0,1,1,1,0,1,1,0,15,2,15,7,15,54,0,0,0,1,0,0
37,370337,1,1,0,0,0,1,1,181,0,24,4,2015,6,23,25,0,1,5,99,3,SR-39,,99999,36.378,-78.416,0,52,0,0,1,1,0,4,2,1,0,1,0,0,23,22,23,29,0,9,0,0,0,1,1,2
37,370338,2,2,0,0,0,2,2,179,2930,24,4,2015,6,11,46,1,1,2,99,2,US-74,,99999,34.986,-80.37,0,12,1,0,1,1,1,1,1,1,0,1,0,0,99,99,99,99,88,88,0,0,0,1,0,0
37,370343,2,2,0,0,0,2,2,159,2520,21,1,2015,4,10,40,0,2,3,99,2,US-29,OLD BEATTY FORD RD,0,35.541,-80.602,0,12,6,0,2,2,0,1,1,1,0,1,0,0,10,40,10,43,11,16,0,0,0,1,0,0
37,370344,3,3,0,0,0,4,4,97,0,18,3,2015,4,16,6,0,1,3,99,2,US-21,,0,35.697,-80.878,0,12,1,0,1,1,0,1,1,1,0,1,0,0,15,44,15,50,16,19,0,0,0,1,0,0
37,370349,1,1,0,0,0,1,1,1,0,17,5,2015,1,13,13,0,1,3,99,3,SR-87,,0,36.074,-79.413,0,43,0,0,1,1,0,4,1,1,0,1,0,0,13,12,13,18,88,88,0,0,0,1,0,1
37,370352,3,3,0,0,0,3,3,19,0,4,5,2015,2,13,19,0,1,3,99,3,SR-211,,0,33.909,-78.109,0,12,2,0,1,1,0,1,1,1,0,1,0,0,13,9,13,14,88,88,14,0,0,1,0,2
37,370353,2,2,0,0,0,2,2,19,0,11,5,2015,2,7,25,0,1,3,99,3,SR-211,,0,33.959,-78.076,0,12,2,0,1,1,0,1,1,1,0,1,0,0,7,16,7,20,8,56,0,0,0,1,0,2
37,370354,1,1,0,0,0,1,1,19,0,16,5,2015,7,9,47,0,1,3,99,3,SR-211,,0,33.975,-78.383,0,30,0,0,1,1,0,4,1,1,0,1,0,0,9,48,9,54,10,39,0,0,0,1,0,2
37,370355,2,2,0,0,0,6,6,19,0,22,5,2015,6,22,4,0,1,3,99,3,SR-130,SR-132,0,34.059,-78.521,0,12,6,0,2,2,0,1,2,1,0,1,0,0,99,99,99,99,99,99,0,0,0,2,1,2
37,370356,1,1,0,0,0,1,1,21,170,11,5,2015,2,0,43,1,2,1,1,1,I-240,,0,35.59,-82.575,0,1,0,0,1,1,0,1,3,10,0,10,0,0,0,43,0,49,1,7,0,0,0,1,0,2
37,370357,2,2,0,0,0,2,2,25,0,5,5,2015,3,17,3,0,1,3,99,2,US-601,,0,35.37,-80.549,0,12,2,0,1,1,0,1,1,1,0,1,0,0,99,99,99,99,99,99,0,0,0,1,0,0
37,370364,1,1,0,0,0,1,1,45,0,15,5,2015,6,20,27,0,1,3,99,2,US-29,,0,35.172,-81.445,0,42,0,0,1,1,0,4,1,1,0,1,0,0,99,99,99,99,99,99,0,0,0,1,1,0
37,370365,1,1,0,0,0,1,1,47,0,23,5,2015,7,12,3,0,1,3,99,3,SR-130,,0,34.295,-78.707,0,42,0,0,1,1,0,4,1,1,0,1,0,0,99,99,99,99,99,99,0,0,0,1,0,2
37,370367,1,1,0,0,0,2,2,57,0,2,5,2015,7,19,19,0,1,3,99,3,SR-8,,0,35.801,-80.263,0,1,0,0,1,1,0,4,1,1,0,1,0,0,19,17,19,23,99,99,0,0,0,2,1,2
37,370368,2,2,0,0,0,2,2,57,0,26,5,2015,3,22,18,0,1,3,99,3,SR-109,,0,35.906,-80.097,0,12,8,0,1,1,0,1,1,1,0,1,0,0,22,10,22,19,99,99,0,0,0,1,0,2
37,370371,1,1,0,0,0,2,2,61,0,3,5,2015,1,4,2,0,1,3,99,3,SR-111,,0,34.926,-77.773,0,34,0,0,1,1,0,4,2,1,0,1,0,0,4,35,4,45,4,50,0,0,0,2,0,1
37,370372,1,1,0,0,0,1,1,61,0,3,5,2015,1,23,7,0,1,3,99,3,SR-41,,0,34.735,-77.994,0,30,0,0,1,1,0,4,2,1,0,1,0,0,22,58,23,5,23,58,0,0,0,1,1,1
37,370377,2,2,0,0,0,5,5,65,0,4,5,2015,2,15,51,1,1,2,1,2,US-64,,0,35.936,-77.746,0,1,0,0,1,1,0,1,1,1,0,1,0,0,15,51,16,0,16,27,14,0,0,2,0,0
37,370385,2,2,0,0,0,2,2,75,0,14,5,2015,5,13,9,0,1,3,99,3,SR-143,,0,35.326,-83.803,0,1,0,0,1,1,0,1,1,1,0,1,0,0,13,16,13,43,99,99,0,0,0,1,0,2
37,370386,1,1,0,0,0,2,2,81,0,1,5,2015,6,10,2,1,1,1,1,1,I-85,,0,36.059,-79.661,0,42,0,0,1,1,0,4,1,2,0,2,0,0,10,0,10,20,99,99,0,0,0,1,0,1
37,370390,1,1,0,0,0,1,1,21,170,24,5,2015,1,5,49,1,2,1,1,1,I-240,,0,35.59,-82.577,0,35,0,0,1,1,0,4,4,1,0,1,0,0,5,50,5,57,88,88,0,0,0,1,1,2
37,370391,3,3,0,0,0,6,6,45,0,6,5,2015,4,3,33,0,1,3,99,3,SR-150,,0,35.326,-81.472,0,12,2,0,1,1,0,1,3,1,0,1,0,0,3,32,3,50,4,16,0,0,0,1,0,0
37,370392,1,1,0,0,0,1,1,45,0,29,5,2015,6,23,9,0,1,3,99,3,SR-27,,0,35.51,-81.46,0,1,0,0,1,1,0,4,2,1,0,1,0,0,99,99,99,99,99,99,0,0,0,1,1,2
37,370394,2,2,0,0,0,5,5,51,0,15,5,2015,6,16,13,0,1,3,99,3,SR-87,SR-2220,0,34.95,-78.845,0,12,6,0,2,3,0,1,1,1,0,1,0,0,16,11,16,14,16,34,0,0,0,1,0,1
37,370396,3,3,0,0,0,5,5,77,0,18,5,2015,2,10,42,0,1,3,99,2,US-158,SR-96,0,36.324,-78.604,0,12,6,1,2,2,0,1,1,1,0,1,0,0,10,38,10,47,88,88,0,0,0,2,0,0
37,370397,1,1,0,0,0,1,1,83,0,6,5,2015,4,17,7,0,1,3,99,2,US-301,,0,36.315,-77.595,0,34,0,0,1,1,0,4,1,1,0,1,0,0,17,0,17,10,17,45,0,0,0,1,0,0
37,370399,2,2,0,0,0,3,3,89,2130,5,5,2015,3,20,51,0,2,3,99,2,US-176,GLOVER ST,0,35.306,-82.447,0,12,6,0,2,3,0,1,3,1,0,1,0,0,20,50,20,55,99,99,0,0,0,1,0,0
37,370400,4,4,0,0,0,8,8,93,0,10,5,2015,1,9,8,0,1,3,99,2,US-401,,0,34.941,-79.305,0,12,1,0,8,1,0,1,1,10,0,10,0,0,9,5,9,10,9,38,0,0,0,1,0,0
37,370402,2,2,0,0,0,3,3,93,0,20,5,2015,4,13,29,0,1,3,99,3,SR-211,,0,35.005,-79.299,0,12,2,0,1,1,0,1,1,1,0,1,0,0,13,23,13,29,14,3,0,0,0,2,0,2
37,370403,4,4,0,0,0,6,6,105,0,13,5,2015,4,9,28,0,1,3,99,2,US-15,,0,35.391,-79.254,0,12,1,0,1,1,1,1,1,1,0,1,0,0,9,22,9,39,9,57,14,0,0,2,0,0
37,370404,2,2,0,0,0,3,3,109,0,14,5,2015,5,14,42,1,1,3,1,2,US-321,,0,35.471,-81.224,0,12,2,0,1,1,0,1,1,1,0,1,0,0,14,41,14,45,15,12,0,0,0,1,0,0
37,370406,1,1,0,0,0,1,1,109,0,21,5,2015,5,0,22,1,1,3,1,2,US-321,,0,35.471,-81.224,0,53,0,0,1,1,0,4,2,1,0,1,0,0,0,21,0,28,2,20,0,0,0,1,1,0
37,370407,2,2,0,0,0,4,4,119,870,13,5,2015,4,12,51,1,2,1,1,1,I-85,,0,35.281,-80.786,0,12,7,0,1,1,0,1,1,1,0,1,0,0,12,50,12,58,13,26,0,0,0,1,0,1
37,370408,1,1,0,0,0,7,7,119,870,7,5,2015,5,7,21,1,2,1,1,1,I-85,,0,35.267,-80.872,0,35,0,0,1,1,0,4,1,1,0,1,0,0,7,20,7,24,7,53,0,0,0,1,0,1
37,370413,2,2,0,0,0,3,3,123,0,23,5,2015,7,21,37,0,1,3,99,3,SR-24,SR-73,0,35.307,-80.076,0,12,6,0,2,3,0,1,2,1,0,1,0,0,21,40,21,48,88,88,0,0,0,1,1,2
37,370416,1,1,0,0,0,1,1,127,0,17,5,2015,1,6,23,0,1,3,99,3,SR-97,,0,35.87,-78.203,0,34,0,0,1,1,0,4,1,1,0,1,0,0,6,15,6,35,88,88,0,0,0,1,0,2
37,370420,1,1,0,0,0,1,1,133,0,10,5,2015,1,3,13,0,1,4,98,3,SR-111,,99999,34.819,-77.543,0,34,0,0,1,1,0,4,2,2,0,2,0,0,3,8,3,17,88,88,0,0,0,1,1,1
37,370422,1,1,0,0,0,1,1,139,0,3,5,2015,1,6,7,1,1,2,98,2,US-158,,99999,36.432,-76.47,0,34,0,0,1,1,0,4,2,1,0,1,0,0,6,1,6,15,88,88,0,0,0,1,0,0
37,370426,1,1,0,0,0,1,1,149,0,8,5,2015,6,16,35,1,1,2,98,2,US-74,,99999,35.279,-82.123,0,24,0,0,1,1,0,4,1,1,0,1,0,0,16,31,16,40,88,88,0,0,0,1,0,0
37,370427,1,1,0,0,0,2,2,149,0,22,5,2015,6,23,12,0,1,5,98,3,SR-108,,99999,35.271,-82.183,0,34,0,0,1,1,0,4,2,1,0,1,0,0,23,9,23,14,0,17,0,0,0,1,1,1
37,370429,2,2,0,0,0,3,3,153,3910,6,5,2015,4,11,8,1,2,2,98,2,US-220,US-74,99999,34.938,-79.779,0,12,6,0,2,2,0,1,1,1,0,1,0,0,11,8,11,15,11,31,0,0,0,1,0,0
37,370434,2,2,0,0,0,3,3,155,0,17,5,2015,1,22,2,0,1,5,98,3,SR-41,,99999,34.64,-78.955,0,12,6,0,8,1,0,1,2,1,0,1,0,0,99,99,99,99,99,99,0,0,0,1,0,1
37,370436,1,1,0,0,0,1,1,157,0,21,5,2015,5,2,36,0,1,3,99,2,US-220,,0,36.317,-79.944,0,59,0,0,1,1,0,3,2,2,10,2,0,0,2,31,2,39,88,88,0,0,0,1,0,0
37,370438,1,1,0,0,0,1,1,167,0,8,5,2015,6,6,58,0,1,3,99,3,SR-138,,0,35.222,-80.298,0,38,0,0,1,1,0,4,4,1,0,1,0,0,6,58,7,6,8,19,0,0,0,1,0,1
37,370440,4,4,0,0,0,7,7,171,0,7,5,2015,5,20,50,1,1,2,1,2,US-52,,0,36.529,-80.629,0,12,1,0,1,1,0,1,2,1,0,1,0,0,20,54,20,57,88,88,14,0,0,1,0,0
37,370443,2,2,0,0,0,2,2,179,4690,15,5,2015,6,7,20,0,2,3,99,2,US-601,SR-1504,0,35.075,-80.531,0,12,6,0,2,2,0,1,1,1,0,1,0,0,7,29,7,30,88,88,0,0,0,1,0,0
37,370445,2,2,0,0,0,3,3,183,4790,9,5,2015,7,14,7,0,2,3,99,2,US-1,,0,35.934,-78.543,0,12,6,0,7,1,0,1,1,1,0,1,0,0,14,7,14,14,14,42,0,0,0,1,0,1
37,370449,2,2,0,0,0,4,4,189,0,16,5,2015,7,20,10,0,1,3,99,2,US-421,,0,36.222,-81.702,0,12,2,0,1,1,0,1,5,1,0,1,0,0,99,99,99,99,99,99,0,0,0,4,1,0
37,370452,1,1,0,0,0,1,1,49,0,3,4,2015,6,7,19,0,1,3,99,3,SR-118,,0,35.324,-77.205,0,42,0,0,1,1,0,4,1,1,0,1,0,0,7,27,7,50,8,26,0,0,0,1,0,2
37,370454,1,1,0,0,0,1,1,5,4320,15,5,2015,6,9,15,0,2,3,99,2,US-21,GRANDVIEW DR,0,36.501,-81.116,0,30,0,0,3,2,0,4,1,1,0,1,0,0,9,18,9,22,9,45,0,0,0,1,0,0
37,370457,2,2,0,0,0,2,2,3,2153,28,5,2015,5,9,20,0,2,3,99,3,SR-127,2ND AVE NE,0,35.789,-81.315,0,12,6,0,2,2,0,1,1,1,0,1,0,0,9,21,9,22,9,39,0,0,0,1,0,2
37,370460,2,2,0,0,0,2,2,49,0,31,5,2015,1,16,5,0,1,3,99,2,US-70,SR-1992,0,35.003,-76.988,0,12,99,0,2,2,0,1,1,1,0,1,0,0,99,99,99,99,99,99,0,0,0,1,0,0
37,370462,2,2,0,0,0,3,3,71,390,4,5,2015,2,13,36,0,2,3,99,3,SR-273,,0,35.257,-81.027,0,12,7,0,1,1,0,1,1,1,0,1,0,0,13,34,13,43,13,48,0,0,0,1,0,2
37,370463,1,1,0,1,1,1,1,71,390,17,5,2015,1,0,24,0,2,3,99,2,US-29,,0,35.246,-81.01,0,8,0,0,1,1,0,1,2,1,0,1,0,0,99,99,99,97,99,97,0,0,0,1,0,0
37,370465,1,1,0,0,0,3,3,81,0,27,5,2015,4,3,59,1,1,1,1,1,I-85,,0,36.059,-79.661,0,42,0,0,1,1,0,3,2,1,0,1,0,0,3,53,4,8,4,42,0,0,0,1,0,1
37,370469,1,1,0,0,0,1,1,99,9997,3,5,2015,1,15,1,0,2,3,99,2,US-19,,0,35.493,-83.185,3,35,0,0,1,1,0,4,1,1,0,1,0,0,99,99,99,99,88,88,0,0,0,1,0,0
37,370470,3,3,0,0,0,3,3,105,0,18,5,2015,2,11,27,0,1,3,99,2,US-421,,0,35.555,-79.276,0,12,2,0,1,1,0,4,1,1,0,1,0,0,11,25,11,29,99,99,0,0,0,2,0,0
37,370471,1,1,0,0,0,1,1,111,0,31,5,2015,1,18,43,1,1,1,1,1,I-40,,0,35.661,-81.961,0,35,0,0,1,1,0,4,1,10,2,2,0,0,18,43,18,50,88,88,0,0,0,1,0,1
37,370473,2,2,0,0,0,2,2,141,0,12,5,2015,3,23,11,1,1,1,1,1,I-40,,0,34.55,-77.894,0,12,1,0,1,1,0,1,2,1,0,1,0,0,23,9,23,16,0,32,0,0,0,1,0,1