STATE,ST_CASE,VE_TOTAL,VE_FORMS,PVH_INVL,PEDS,PERNOTMVIT,PERMVIT,PERSONS,COUNTY,CITY,DAY,MONTH,YEAR,DAY_WEEK,HOUR,MINUTE,NHS,RUR_URB,FUNC_SYS,RD_OWNER,ROUTE,TWAY_ID,TWAY_ID2,MILEPT,LATITUDE,LONGITUD,SP_JUR,HARM_EV,MAN_COLL,RELJCT1,RELJCT2,TYP_INT,WRK_ZONE,REL_ROAD,LGT_COND,WEATHER1,WEATHER2,WEATHER,SCH_BUS,RAIL,NOT_HOUR,NOT_MIN,ARR_HOUR,ARR_MIN,HOSP_HR,HOSP_MN,CF1,CF2,CF3,FATALS,DRUNK_DR,RANK
37,370743,2,2,0,0,0,2,2,155,0,5,8,2015,4,17,20,0,1,5,98,3,SR-130,,99999,34.482,-79.088,0,12,2,0,1,1,0,1,1,1,0,1,0,0,17,44,17,46,18,35,0,0,0,1,0,2
37,370749,2,2,0,0,0,3,3,163,0,13,8,2015,5,11,10,1,1,3,98,2,US-13,CR=1446,99999,35.157,-78.615,0,12,6,0,2,2,0,1,1,1,0,1,0,0,11,3,11,12,99,99,0,0,0,1,0,0
37,370751,1,1,0,0,0,6,6,171,0,8,8,2015,7,10,10,1,1,1,1,1,I-74,,99999,36.446,-80.546,0,52,0,0,1,1,0,4,1,1,0,1,0,0,10,21,10,28,99,99,0,0,0,1,0,0
37,370753,1,1,0,0,0,1,1,183,0,1,8,2015,7,11,4,1,2,1,1,1,I-40,,99999,35.702,-78.582,0,52,0,0,1,1,0,4,1,1,0,1,0,0,11,2,11,14,88,88,0,0,0,1,0,1
37,370754,4,4,0,0,0,6,6,183,1770,17,8,2015,2,8,51,1,2,3,98,2,US-70,,99999,35.691,-78.561,0,12,1,0,1,1,0,1,1,1,0,1,0,0,8,53,9,1,9,26,0,0,0,1,0,0
37,370756,2,2,0,0,0,3,3,147,240,7,7,2015,3,13,19,0,2,3,99,3,SR-11,SR-102,0,35.476,-77.435,0,12,6,0,2,2,0,1,1,1,0,1,0,0,99,99,99,99,99,99,0,0,0,1,0,2
37,370759,2,2,0,0,0,2,2,193,5040,29,7,2015,4,8,29,0,2,3,99,2,US-421,DANCY RD,0,36.15,-81.204,0,12,6,0,4,1,0,1,1,10,0,10,0,0,8,28,8,32,9,42,0,0,0,1,0,0
37,370763,2,2,0,0,0,2,2,11,0,28,8,2015,6,14,46,0,1,3,99,3,SR-105,,0,36.139,-81.81,0,12,8,0,1,1,0,1,1,1,0,1,0,0,14,40,14,55,15,42,0,0,0,1,0,2
37,370767,1,1,0,1,1,1,1,45,2440,21,8,2015,6,7,0,0,2,3,99,2,US-74,,0,35.25,-81.337,0,8,0,0,1,1,0,1,2,1,0,1,0,0,7,10,7,17,88,88,0,0,0,1,0,0
37,370771,2,2,0,0,0,2,2,67,0,22,8,2015,7,21,32,0,1,3,99,3,SR-66,SR-2624,0,36.05,-80.065,0,12,6,0,2,2,0,1,3,1,0,1,0,0,21,28,21,41,22,10,0,0,0,1,0,0
37,370774,1,1,0,0,0,4,4,67,4797,30,8,2015,1,15,23,0,2,3,99,3,SR-66,,0,36.177,-80.185,0,1,0,0,1,1,0,1,1,10,0,10,0,0,15,17,15,50,16,12,0,0,0,1,0,0
37,370777,2,2,0,0,0,5,5,81,0,1,8,2015,7,23,14,0,1,3,99,3,SR-150,SR-2819,0,36.214,-79.687,0,12,6,0,2,2,0,1,2,1,0,1,0,0,23,16,23,30,23,55,0,0,0,1,0,0
37,370786,1,1,0,0,0,1,1,101,0,31,8,2015,2,8,57,0,1,3,99,2,US-301,,0,35.46,-78.39,0,53,0,0,1,1,0,4,1,2,10,2,0,0,9,2,9,3,88,88,0,0,0,1,0,0
37,370787,2,2,0,0,0,2,2,109,0,13,8,2015,5,9,25,0,1,3,99,3,SR-150,,0,35.466,-81.269,0,12,8,0,1,1,0,1,1,1,0,1,0,0,10,59,11,10,12,0,0,0,0,1,0,0
37,370788,1,1,0,1,1,2,2,111,0,31,8,2015,2,21,25,0,1,3,99,2,US-221,,0,35.645,-81.986,0,8,0,0,1,1,0,1,2,1,0,1,0,0,21,25,21,30,22,28,0,0,0,1,0,0
37,370791,1,1,0,0,0,1,1,127,0,18,8,2015,3,14,55,0,1,3,99,2,US-264,,0,35.758,-77.98,0,24,0,0,1,1,0,4,1,1,0,1,0,0,14,49,15,1,88,88,0,0,0,1,0,0
37,370793,1,1,0,0,0,1,1,129,5060,24,8,2015,2,6,53,0,2,7,99,6,RIVER RD,,0,34.164,-77.942,0,43,0,0,1,1,0,4,1,1,0,1,0,0,6,54,7,1,7,17,0,0,0,1,0,0
37,370794,1,1,0,1,1,1,1,133,0,24,8,2015,2,20,35,0,1,3,99,2,US-258,,0,34.891,-77.548,0,8,0,0,1,1,0,1,2,1,0,1,0,0,20,36,20,38,22,8,0,0,0,1,0,0
37,370795,2,2,0,0,0,2,2,135,0,19,8,2015,4,12,57,1,1,1,1,1,I-85,,0,36.058,-79.088,0,12,1,0,1,1,0,1,1,1,0,1,0,0,99,99,99,99,99,99,0,0,0,1,0,1
37,370796,2,2,0,0,0,2,2,135,0,30,8,2015,1,8,26,0,1,3,99,3,SR-54,,0,35.933,-79.223,0,12,6,0,4,1,0,1,1,10,0,10,0,0,99,99,99,99,99,99,0,0,0,1,0,2
37,370802,2,2,0,0,0,3,3,155,0,31,8,2015,2,8,51,0,1,3,99,3,SR-211,,0,34.887,-79.208,0,12,6,0,1,1,0,1,1,2,0,2,0,0,99,99,99,99,99,99,0,0,0,2,0,2
37,370804,2,2,0,0,0,2,2,163,0,19,8,2015,4,4,49,0,1,3,99,2,US-701,,0,35.078,-78.326,0,12,2,0,1,1,0,1,2,10,0,10,0,0,4,48,4,57,99,99,0,0,0,1,1,1
37,370806,2,2,0,0,0,2,2,165,2560,21,8,2015,6,3,23,0,2,3,99,2,US-74,,0,34.756,-79.478,0,12,1,0,1,1,0,1,2,10,0,10,0,0,99,99,99,99,99,99,0,0,0,1,0,0
37,370809,1,1,0,1,1,1,1,183,3750,21,8,2015,6,1,55,1,2,1,1,1,I-40,,0,35.754,-78.653,0,8,0,1,18,1,0,1,3,1,0,1,0,0,1,55,2,4,88,88,0,0,0,1,0,1
37,370810,2,2,0,0,0,2,2,191,0,31,8,2015,2,17,38,0,1,3,99,3,SR-55,,0,35.211,-78.062,0,12,2,0,1,1,0,1,1,2,0,2,0,0,17,36,17,49,18,29,0,0,0,1,0,2
37,370811,2,2,0,0,0,3,3,193,0,8,8,2015,7,15,13,0,1,3,99,2,US-21,,0,36.353,-80.903,0,12,6,0,4,1,0,1,1,1,0,1,0,0,15,6,15,36,99,99,0,0,0,2,0,0
37,370814,2,2,0,0,0,3,3,63,0,16,6,2015,3,20,9,0,1,3,99,2,US-501,CHAMBERS RD,0,36.231,-78.932,0,12,6,0,2,2,0,1,1,1,0,1,0,0,20,8,20,16,20,57,0,0,0,1,1,0
37,370818,1,1,0,1,1,1,1,51,0,31,8,2015,2,23,13,0,1,3,99,2,US-301,,0,34.918,-78.954,0,8,0,0,1,1,0,1,2,1,0,1,0,0,23,13,23,20,23,43,0,0,0,1,0,0
37,370820,2,2,0,0,0,2,2,1,380,4,8,2015,3,20,35,1,2,1,1,1,I-85,,0,36.063,-79.421,0,12,1,0,1,1,0,4,5,1,0,1,0,0,20,32,20,46,88,88,0,0,0,1,0,1
37,370823,2,2,0,0,0,2,2,9,0,11,9,2015,6,16,46,0,1,3,99,2,US-221,,0,36.374,-81.493,0,12,1,0,1,1,0,1,1,1,0,1,0,0,16,41,16,44,88,88,0,0,0,1,0,0
37,370824,2,2,0,0,0,2,2,21,0,4,9,2015,6,13,43,0,1,3,99,3,SR-63,SR-1302,0,35.631,-82.667,0,12,6,0,2,2,0,1,1,1,0,1,0,0,13,42,13,48,14,31,0,0,0,1,0,2
37,370825,3,3,0,0,0,7,7,21,170,4,9,2015,6,16,58,0,2,3,99,3,SR-63,DRUID DR,0,35.589,-82.599,0,12,6,0,2,3,0,1,1,10,0,10,0,0,99,99,99,99,99,99,0,0,0,1,0,2
37,370826,1,1,0,0,0,2,2,21,170,10,9,2015,5,11,46,1,2,1,1,1,I-40,,0,35.559,-82.646,0,24,0,0,1,1,0,4,1,1,0,1,0,0,11,23,11,35,12,11,0,0,0,1,0,1
37,370827,2,2,0,0,0,5,5,21,0,27,9,2015,1,20,41,1,1,1,1,1,I-40,,0,35.558,-82.633,0,12,7,0,1,1,0,1,2,2,0,2,0,0,99,99,99,99,99,99,0,0,0,3,0,1
37,370832,3,3,0,0,0,6,6,35,2150,18,9,2015,6,7,49,1,2,1,1,1,I-40,,0,35.711,-81.339,0,12,7,0,1,1,0,1,1,1,0,1,0,0,7,44,7,53,99,99,0,0,0,2,0,1
37,370833,4,3,1,0,0,4,4,35,3300,23,9,2015,4,17,44,0,2,3,99,2,US-321,W 15TH ST,0,35.678,-81.23,0,12,6,0,2,2,0,1,1,1,0,1,0,0,17,45,17,48,18,10,14,0,0,1,0,0
37,370834,2,2,0,0,0,7,7,37,0,18,9,2015,6,20,33,0,1,3,99,2,US-64,SR-2163,0,35.733,-79.275,0,12,6,0,2,2,0,1,2,1,0,1,0,0,20,29,20,39,21,0,0,0,0,2,0,0
37,370837,2,2,0,0,0,2,2,49,0,6,9,2015,1,23,33,0,1,3,99,3,SR-43,,0,35.398,-77.236,0,12,2,0,1,1,0,1,2,1,0,1,0,0,99,99,99,99,99,99,0,0,0,1,0,2
37,370838,2,2,0,0,0,4,4,51,0,4,9,2015,6,12,45,0,1,3,99,3,SR-295,,0,35.155,-78.865,0,12,1,0,1,1,0,1,1,1,0,1,0,0,12,43,12,56,13,22,0,0,0,1,0,1
37,370840,1,1,0,0,0,1,1,51,0,21,9,2015,2,22,23,0,1,3,99,2,US-401,,0,35.044,-78.983,0,42,0,0,1,1,0,4,2,1,0,1,0,0,99,99,99,99,88,88,0,0,0,1,1,0
37,370843,1,1,0,0,0,1,1,65,3930,15,9,2015,3,7,25,0,2,3,99,2,US-64,,0,35.937,-77.752,0,42,0,0,1,1,0,4,1,1,0,1,0,0,7,30,7,36,88,88,0,0,0,1,0,0
37,370854,1,1,0,0,0,1,1,77,0,22,9,2015,3,13,38,0,1,3,99,2,US-15,,0,36.499,-78.542,0,42,0,0,1,1,0,4,1,1,0,1,0,0,13,34,13,35,88,88,0,0,0,1,0,0
37,370856,1,1,0,1,1,1,1,81,2170,30,9,2015,4,16,52,0,2,3,99,3,SR-68,,0,36.059,-79.962,0,8,0,0,1,1,0,1,1,1,0,1,0,0,16,54,17,2,17,38,0,0,0,1,0,2
37,370858,3,3,0,0,0,6,6,87,0,23,9,2015,4,17,59,0,2,3,99,2,US-19,US-276,0,35.522,-83.028,0,12,6,0,2,2,0,1,1,1,0,1,0,0,17,50,17,57,18,55,0,0,0,2,0,0
37,370859,2,2,0,1,1,2,2,89,0,8,9,2015,3,6,24,0,1,3,99,2,US-64,,0,35.328,-82.509,0,9,0,0,1,1,0,1,2,10,0,10,0,0,6,21,6,32,88,88,0,0,0,1,0,0
37,370860,1,1,0,0,0,1,1,89,0,15,9,2015,3,3,0,0,1,3,99,3,SR-191,,0,35.405,-82.57,0,42,0,0,1,1,0,4,1,1,0,1,0,0,9,39,9,48,88,88,18,0,0,1,1,0
37,370862,3,3,0,0,0,4,4,97,0,6,9,2015,1,8,36,0,1,3,99,3,SR-115,,0,36.04,-80.96,0,12,2,0,1,1,0,1,1,1,0,1,0,0,10,25,10,43,11,47,0,0,0,1,1,2
37,370866,1,1,0,0,0,1,1,101,0,20,9,2015,1,17,0,0,1,3,99,3,SR-39,,0,35.539,-78.283,0,30,0,0,1,1,0,4,1,1,0,1,0,0,16,58,17,5,88,88,0,0,0,1,1,2
37,370868,2,2,0,0,0,2,2,107,0,20,9,2015,1,16,9,0,1,3,99,3,SR-11,,0,35.259,-77.58,0,12,1,0,1,1,0,1,1,1,0,1,0,0,16,9,16,17,88,88,0,0,0,1,0,2
37,370871,2,2,0,0,0,2,2,35,0,24,9,2015,5,15,42,0,1,4,99,3,SR-10,,99999,35.584,-81.442,0,12,2,0,1,1,0,1,1,1,0,1,0,0,15,41,15,49,16,33,0,0,0,1,0,2
37,370873,2,2,0,0,0,2,2,119,870,5,9,2015,7,2,5,1,2,1,1,1,I-77,,99999,35.426,-80.864,0,12,2,0,1,1,0,1,2,1,0,1,0,0,2,5,2,13,88,88,0,0,0,1,1,0
37,370883,2,2,0,0,0,2,2,127,0,18,9,2015,6,16,34,0,1,5,99,3,SR-97,OLD BAILEY HWY.,99999,35.855,-78.013,0,12,6,0,2,2,0,1,1,1,0,1,0,0,16,27,16,39,88,88,0,0,0,1,0,2
37,370887,1,1,0,0,0,1,1,131,0,10,9,2015,5,14,30,0,1,3,99,3,SR-46,,0,36.5,-77.652,0,34,0,0,1,1,0,4,9,99,0,99,0,0,18,16,18,30,20,26,18,0,0,1,0,1
37,370888,2,2,0,0,0,2,2,133,0,4,9,2015,6,11,38,0,1,3,99,2,US-17,SR-172,0,34.539,-77.503,0,12,6,0,2,3,0,1,1,1,0,1,0,0,11,36,11,47,13,19,0,0,0,1,0,1
37,370890,1,1,0,0,0,1,1,133,0,13,9,2015,1,0,4,0,1,3,99,3,SR-111,,0,34.82,-77.552,0,38,0,0,1,1,0,4,2,1,0,1,0,0,0,1,0,8,88,88,0,0,0,1,1,1
37,370892,3,3,0,0,0,3,3,135,0,22,9,2015,3,6,39,0,1,3,99,3,SR-86,SR-1545,0,36.175,-79.134,0,12,6,0,2,2,0,1,2,1,0,1,0,0,6,34,6,43,6,45,0,0,0,1,0,1
37,370893,1,1,0,0,0,1,1,137,0,4,9,2015,6,9,39,0,1,3,99,3,SR-55,,0,35.144,-76.829,0,59,0,0,1,1,0,4,1,1,0,1,0,0,99,99,99,99,99,99,0,0,0,1,0,2
37,370896,2,2,0,0,0,2,2,149,0,15,9,2015,3,14,7,0,1,3,99,3,SR-108,,0,35.296,-82.165,0,12,6,0,1,1,0,1,1,1,0,1,0,0,99,99,99,99,99,99,0,0,0,1,0,1
37,370902,2,2,0,0,0,2,2,155,0,8,9,2015,3,18,50,0,1,3,99,3,SR-130,,0,34.48,-79.096,0,12,2,0,1,1,0,1,1,1,0,1,0,0,18,52,19,1,19,53,0,0,0,1,0,2
37,370904,1,1,0,1,1,1,1,155,0,25,9,2015,6,20,11,0,1,3,99,3,SR-41,,0,34.368,-79.122,0,9,0,0,1,1,0,1,2,10,0,10,0,0,20,11,20,28,21,53,0,0,0,1,0,1
37,370905,1,1,0,0,0,2,2,157,0,11,9,2015,6,15,58,0,1,3,99,2,US-158,,0,36.378,-79.669,0,42,0,0,1,1,0,4,1,1,0,1,0,0,15,56,16,7,88,88,0,0,0,2,1,0
37,370908,1,1,0,0,0,6,6,163,0,27,9,2015,1,3,0,0,1,3,99,2,US-701,,0,34.722,-78.444,0,1,0,0,1,1,0,4,2,2,0,2,0,0,3,4,3,13,99,99,0,0,0,4,1,1
37,370913,2,2,0,0,0,2,2,181,0,1,9,2015,3,8,57,0,1,3,99,2,US-1,CR-1621 SUNROCK RD,0,36.173,-78.448,0,12,1,0,2,3,0,1,1,1,0,1,0,0,9,9,9,34,10,55,0,0,0,1,1,1
37,370915,1,1,0,0,0,1,1,181,0,13,9,2015,1,13,1,0,1,3,99,3,SR-39,,0,36.327,-78.394,0,34,0,0,1,1,0,4,1,1,0,1,0,0,13,0,13,6,13,34,0,0,0,1,1,2
37,370920,5,5,0,0,0,7,7,183,0,17,9,2015,5,20,15,0,1,3,99,3,SR-42,,0,35.592,-78.782,0,12,1,0,1,1,0,1,2,1,0,1,0,0,20,13,20,18,20,57,0,0,0,1,0,1
37,370927,2,2,0,0,0,4,4,197,0,27,9,2015,1,2,18,0,1,3,99,3,SR-67,,0,36.215,-80.515,0,12,2,0,1,1,0,1,2,2,0,2,0,0,2,14,2,19,3,40,0,0,0,1,1,2
37,370929,2,2,0,0,0,2,2,1,700,3,9,2015,5,21,13,0,2,3,99,3,SR-100,ALBANY ST,0,36.072,-79.428,0,12,2,0,2,3,0,1,3,1,0,1,0,0,21,13,21,22,88,88,0,0,0,1,0,1
37,370932,3,3,0,0,0,4,4,35,0,24,9,2015,5,10,8,1,1,1,1,1,I-40,,0,35.741,-81.081,0,12,1,0,1,1,0,1,1,10,0,10,0,0,99,99,99,99,99,99,0,0,0,1,0,1
37,370937,2,2,0,0,0,2,2,81,0,24,9,2015,5,0,51,1,1,1,1,1,I-40,,0,36.062,-79.581,0,12,1,0,1,1,0,1,3,1,0,1,0,0,0,49,1,0,88,88,0,0,0,1,0,1
37,370939,2,2,0,0,0,3,3,89,0,24,9,2015,5,16,14,1,1,3,1,2,US-176,SR-1789,0,35.305,-82.444,0,12,6,0,2,3,0,1,1,1,0,1,0,0,16,10,16,20,16,55,0,0,0,1,0,0
37,370940,1,1,0,0,0,3,3,109,0,26,9,2015,7,9,8,1,1,3,1,2,US-321,,0,35.454,-81.245,0,1,0,0,1,1,0,3,1,2,10,2,0,0,9,8,9,12,10,14,0,0,0,1,0,0
37,370941,2,2,0,0,0,3,3,119,870,21,9,2015,2,2,18,1,2,1,1,1,I-77,,0,35.173,-80.887,0,12,1,1,17,1,0,1,3,1,0,1,0,0,2,17,2,25,2,27,0,0,0,1,1,0
37,370943,2,2,0,0,0,2,2,119,870,29,9,2015,3,0,19,1,2,3,1,2,US-74,VILLAGE LAKE DR,0,35.162,-80.74,0,12,2,0,2,2,0,1,3,2,0,2,0,0,0,17,0,23,0,54,0,0,0,1,0,0
37,370945,2,2,0,0,0,2,2,1,0,9,10,2015,6,18,33,0,1,4,99,3,SR-49,,99999,35.942,-79.475,0,12,8,0,1,1,0,1,1,1,0,1,0,0,18,10,18,23,18,42,0,0,0,1,0,1
37,370946,2,2,0,0,0,2,2,3,0,2,10,2015,6,19,21,0,1,4,1,2,US-64,,99999,35.907,-81.187,0,12,2,0,1,1,0,1,2,2,0,2,0,0,19,20,19,24,19,50,0,0,0,1,1,0
37,370947,1,1,0,0,0,3,3,21,0,18,10,2015,1,19,49,1,1,3,1,2,US-74,,99999,35.509,-82.391,0,42,0,0,1,1,0,4,2,1,0,1,0,0,20,2,20,8,20,33,0,0,0,1,1,0
37,370948,1,1,0,0,0,1,1,21,170,20,10,2015,3,18,46,0,2,4,1,2,US-25,,99999,35.636,-82.568,0,42,0,0,1,1,0,4,5,1,0,1,0,0,18,49,18,55,19,33,0,0,0,1,0,0
37,370949,2,1,1,1,1,1,1,25,0,14,10,2015,4,14,47,0,1,5,99,3,SR-200,,99999,35.33,-80.513,0,18,0,0,1,1,0,5,1,1,0,1,0,0,14,44,14,50,88,88,0,0,0,1,0,1
37,370951,1,1,0,0,0,1,1,25,1040,22,10,2015,5,13,43,0,2,5,99,3,SR-73,,99999,35.416,-80.557,0,23,0,0,1,1,0,4,1,1,0,1,0,0,13,44,13,46,88,88,0,0,0,1,0,2
37,370953,1,1,0,0,0,1,1,37,0,12,10,2015,2,6,55,0,1,5,99,3,SR-42,,99999,35.524,-79.452,0,1,0,0,1,1,0,4,2,1,0,1,0,0,6,51,7,12,88,88,0,0,0,1,1,1
37,370954,2,2,0,0,0,3,3,51,0,1,10,2015,5,13,28,1,1,1,1,1,I-95,,99999,35.23,-78.641,0,16,0,0,1,1,0,1,1,2,10,2,0,0,99,99,99,99,99,99,0,0,0,1,0,1
37,370957,2,2,0,0,0,2,2,57,4590,13,10,2015,3,20,30,1,2,1,1,1,I-85,,1030,35.861,-80.08,0,12,7,0,1,1,0,1,2,1,0,1,0,0,20,30,20,38,88,88,0,0,0,1,0,1
37,370958,2,1,1,0,0,1,1,61,0,3,10,2015,7,14,46,0,1,5,99,3,SR-11,,99999,35.059,-77.788,0,53,0,0,1,1,0,4,1,1,0,1,0,0,14,41,14,52,16,6,0,0,0,1,0,2
37,370960,1,1,0,1,1,2,2,63,1360,13,10,2015,3,3,9,1,2,2,98,2,US-501,,99999,35.996,-78.958,0,8,0,0,1,1,0,1,2,1,0,1,0,0,3,9,3,17,88,88,0,0,0,1,0,0
37,370962,2,2,0,0,0,2,2,67,0,6,10,2015,3,21,51,1,1,2,98,2,US-158,,99999,36.024,-80.352,0,12,1,0,1,1,0,1,2,1,0,1,0,0,21,48,21,54,22,24,14,0,0,1,0,0
37,370964,2,2,0,0,0,3,3,71,390,2,10,2015,6,10,33,1,2,2,98,2,US-74,LINCOLN STREET,99999,35.251,-81.053,0,54,11,0,3,3,0,1,1,10,0,10,0,0,10,34,10,45,99,99,14,0,0,1,0,0
37,370965,1,1,0,1,1,1,1,73,0,5,10,2015,2,11,17,0,1,4,98,3,SR-32,,99999,36.435,-76.611,0,9,0,0,1,1,0,1,1,10,0,10,0,0,11,4,11,19,12,17,0,0,0,1,0,2
37,370966,3,3,0,0,0,4,4,79,0,7,10,2015,4,7,32,1,1,2,98,2,US-264,,99999,35.616,-77.669,0,12,1,0,1,1,0,1,1,1,0,1,0,0,7,31,7,46,8,6,14,0,0,2,0,0
37,370973,3,3,0,0,0,8,8,97,0,3,10,2015,7,12,44,1,1,2,98,2,US-21,CR-1381,99999,35.744,-80.896,0,12,6,0,2,3,0,1,1,2,0,2,0,0,12,43,13,18,13,30,0,0,0,1,0,0
37,370974,2,2,0,0,0,3,3,99,0,3,10,2015,7,16,54,1,1,2,98,2,US-23,,99999,35.27,-83.293,0,12,6,0,1,1,0,1,1,2,0,2,0,0,16,58,17,1,17,55,0,0,0,1,0,0
37,370984,2,2,0,0,0,2,2,127,0,12,10,2015,2,6,54,0,1,5,99,3,SR-48,,99999,36.031,-77.812,0,12,2,0,1,1,0,1,1,1,0,1,0,0,6,48,7,2,99,99,0,0,0,1,0,1
37,370987,1,1,0,1,1,1,1,147,1950,7,10,2015,4,20,15,0,2,3,99,3,SR-11,,99999,35.568,-77.403,0,8,0,0,1,1,0,1,3,1,0,1,0,0,20,16,20,18,20,34,0,0,0,1,0,2
37,370988,1,1,0,1,1,4,4,147,1950,18,10,2015,1,0,55,0,2,4,99,3,SR-33,SILVER MAPLE LN.,99999,35.598,-77.329,0,8,0,0,2,2,0,1,3,1,0,1,0,0,99,99,99,99,99,99,0,0,0,1,0,1
37,370990,1,1,0,0,0,2,2,151,0,23,10,2015,6,7,55,0,1,5,99,3,SR-42,MOFFITT MILL RD.,99999,35.62,-79.664,0,32,0,0,1,1,0,4,1,1,0,1,0,0,7,51,8,7,9,7,0,0,0,1,0,1
37,370993,2,2,0,0,0,1,1,155,0,13,10,2015,3,5,31,0,1,5,99,3,SR-20,,99999,34.899,-79.083,0,12,6,0,1,1,0,1,2,1,0,1,0,0,5,25,5,45,88,88,19,23,0,1,0,2
37,370995,2,2,0,0,0,2,2,155,0,24,10,2015,7,22,36,0,1,4,99,3,SR-211,,99999,34.588,-78.9,0,12,1,0,1,1,0,1,2,1,0,1,0,0,99,99,99,99,88,88,0,0,0,1,1,2
37,370996,2,2,0,0,0,2,2,157,0,28,10,2015,4,6,46,0,1,3,99,3,SR-14,SCALES ST.,99999,36.388,-79.668,0,12,6,0,2,3,0,1,2,10,0,10,0,0,6,52,7,1,7,26,0,0,0,1,0,2
37,370997,2,2,0,0,0,2,2,159,0,17,10,2015,7,20,14,1,1,1,1,1,I-85,,99999,35.576,-80.556,0,12,7,0,1,1,0,1,2,1,0,1,0,0,99,99,99,99,99,99,0,0,0,1,0,1
37,371000,2,2,0,0,0,2,2,183,0,5,10,2015,2,5,19,0,1,3,1,2,US-70,,99999,35.684,-78.539,0,12,1,0,1,1,0,1,3,1,0,1,0,0,5,17,5,24,5,40,0,0,0,1,0,0
37,371005,2,2,0,0,0,3,3,189,0,23,10,2015,6,19,31,0,1,3,1,2,US-321,,99999,36.179,-81.648,0,12,2,0,1,1,0,1,2,1,0,1,0,0,99,99,99,99,99,99,0,0,0,1,0,0
37,371006,1,1,0,0,0,2,2,195,0,17,10,2015,7,2,47,1,1,1,1,1,I-95,,99999,35.696,-78.051,0,42,0,0,1,1,0,4,2,1,0,1,0,0,2,41,2,51,88,88,0,0,0,2,1,1
37,371007,1,1,0,0,0,1,1,197,0,13,10,2015,3,15,27,0,1,4,1,2,US-601,DISHER RD.,99999,36.094,-80.655,0,1,0,0,2,3,0,1,1,1,0,1,0,0,15,23,15,29,88,88,0,0,0,1,0,0
37,371009,2,2,0,0,0,3,3,21,9997,27,10,2015,3,14,47,1,2,3,1,2,US-19,,0,35.66,-82.584,0,12,2,0,1,1,0,1,1,2,0,2,0,0,99,99,99,99,99,99,0,0,0,1,0,0
37,371011,1,1,0,0,0,7,7,51,0,16,10,2015,6,14,39,1,1,1,1,1,I-95,,0,34.995,-78.831,0,42,0,0,1,1,0,3,1,1,0,1,0,0,14,43,15,1,15,23,0,0,0,4,1,1
37,371013,1,1,0,0,0,5,5,51,0,30,10,2015,6,19,44,1,1,1,1,1,I-95,,0,34.995,-78.831,0,1,0,1,5,1,0,4,2,1,0,1,0,0,99,99,99,99,99,99,0,0,0,1,0,1
37,371014,2,2,0,0,0,4,4,53,0,23,10,2015,6,14,43,1,1,3,1,2,US-158,,0,36.388,-76.005,0,12,6,0,4,1,0,1,1,1,0,1,0,0,14,39,14,44,15,3,0,0,0,1,0,0
37,371018,2,2,0,0,0,3,3,105,0,30,10,2015,6,18,15,0,1,3,99,3,SR-42,,0,35.47,-79.168,0,12,2,0,1,1,0,1,1,1,0,1,0,0,18,9,18,25,19,3,0,0,0,1,0,1
37,371019,2,2,0,0,0,3,3,113,0,30,10,2015,6,10,48,1,1,3,1,2,US-23,SR-1504,0,35.206,-83.359,0,12,6,0,2,3,0,1,1,1,0,1,0,0,10,47,10,49,11,28,0,0,0,1,0,0
37,371020,1,1,0,1,1,1,1,119,870,9,10,2015,6,1,22,1,2,1,1,1,I-85,,0,35.267,-80.873,0,8,0,0,1,1,0,1,3,1,0,1,0,0,1,25,1,31,88,88,0,0,0,1,0,1
37,371024,1,1,0,0,0,2,2,147,1950,25,10,2015,1,16,38,1,2,3,1,2,US-264,,0,35.563,-77.46,0,24,0,0,1,1,0,3,1,1,0,1,0,0,16,36,16,41,17,20,0,0,0,2,1,0
37,371025,1,1,0,0,0,1,1,147,0,26,10,2015,2,0,5,0,1,3,99,3,SR-43,,0,35.446,-77.264,0,59,0,0,1,1,0,4,2,1,0,1,0,0,0,3,0,16,0,50,0,0,0,1,0,2
37,371026,3,3,0,0,0,8,8,155,0,23,10,2015,6,19,53,0,1,3,99,3,SR-211,,0,34.882,-79.195,0,12,2,0,1,1,0,1,2,1,0,1,0,0,19,50,20,15,20,52,0,0,0,1,0,2
37,371029,1,1,0,0,0,1,1,181,0,4,10,2015,1,0,28,1,2,3,1,2,US-158,,0,36.347,-78.387,0,42,0,0,1,1,0,4,2,2,0,2,0,0,0,25,0,31,88,88,0,0,0,1,1,0
37,371032,2,2,0,0,0,2,2,191,0,19,10,2015,2,13,56,0,1,3,99,3,SR-55,SR-1937,0,35.204,-78.02,0,12,6,0,2,2,0,1,1,1,0,1,0,0,13,56,14,18,99,99,0,0,0,1,0,2
37,371034,1,1,0,0,0,1,1,21,0,2,11,2015,2,13,1,0,1,3,99,3,SR-63,,0,35.59,-82.603,0,32,0,0,1,1,0,4,1,2,0,2,0,0,13,7,13,23,13,44,0,0,0,1,0,2
37,371035,5,5,0,0,0,5,5,21,0,5,11,2015,5,18,8,1,1,1,1,1,I-26,,0,35.548,-82.607,0,12,1,0,1,1,0,1,5,1,0,1,0,0,99,99,99,99,99,99,14,0,0,1,0,1
37,371037,1,1,0,0,0,1,1,33,0,1,11,2015,1,1,52,0,1,3,99,3,SR-119,,0,36.535,-79.213,0,53,0,0,1,1,0,4,2,10,0,10,0,0,1,49,2,16,88,88,0,0,0,1,1,2