STATE,ST_CASE,VE_TOTAL,VE_FORMS,PVH_INVL,PEDS,PERNOTMVIT,PERMVIT,PERSONS,COUNTY,CITY,DAY,MONTH,YEAR,DAY_WEEK,HOUR,MINUTE,NHS,RUR_URB,FUNC_SYS,RD_OWNER,ROUTE,TWAY_ID,TWAY_ID2,MILEPT,LATITUDE,LONGITUD,SP_JUR,HARM_EV,MAN_COLL,RELJCT1,RELJCT2,TYP_INT,WRK_ZONE,REL_ROAD,LGT_COND,WEATHER1,WEATHER2,WEATHER,SCH_BUS,RAIL,NOT_HOUR,NOT_MIN,ARR_HOUR,ARR_MIN,HOSP_HR,HOSP_MN,CF1,CF2,CF3,FATALS,DRUNK_DR,RANK
38,380068,1,1,0,0,0,2,2,3,0,4,8,2015,3,10,57,1,1,1,1,1,I-94,,2903,46.913,-98.047,0,1,0,0,1,1,0,3,1,1,0,1,0,0,10,58,11,0,11,21,0,0,0,1,0,0
38,380069,2,2,0,0,0,2,2,29,0,6,8,2015,5,12,5,1,1,3,1,2,US-83,,361,46.411,-100.274,0,12,2,0,1,1,0,1,1,2,0,2,0,0,12,12,12,18,88,88,0,0,0,1,0,0
38,380070,1,1,0,0,0,1,1,15,370,7,8,2015,6,5,0,1,2,1,1,1,I-94,,1610,46.832,-100.724,0,38,0,0,1,1,0,4,3,5,0,5,0,0,88,88,88,88,88,88,0,0,0,1,0,0
38,380071,2,2,0,0,0,2,2,101,0,8,8,2015,7,17,41,1,1,3,1,2,US-2,,1328,48.309,-101.528,0,12,1,0,1,1,0,1,1,1,0,1,0,0,17,43,17,58,99,99,0,0,0,1,0,0
38,380074,3,3,0,0,0,4,4,35,0,15,8,2015,7,0,22,1,1,1,1,1,I-29,,1580,48.155,-97.191,0,12,2,0,1,1,0,1,2,1,0,1,0,0,0,24,0,40,1,12,0,0,0,1,1,0
38,380078,3,3,0,0,0,4,4,17,0,20,8,2015,5,21,10,1,1,1,1,1,I-94,,3397,46.877,-97.033,0,12,1,0,1,1,0,1,2,1,0,1,0,0,21,11,21,18,88,88,14,0,0,1,0,0
38,380079,1,1,0,1,1,1,1,35,0,21,8,2015,6,22,27,1,1,3,1,2,US-2,,3429,47.933,-97.364,0,8,0,0,1,1,0,1,3,10,0,10,0,0,22,27,22,42,88,88,0,0,0,1,0,0
38,380080,2,2,0,0,0,2,2,105,0,25,8,2015,3,15,10,0,1,5,1,3,SR-50,CR-81 ST NW,534,48.59,-102.929,0,12,6,0,2,2,0,1,1,1,0,1,0,0,15,8,15,30,99,99,0,0,0,1,0,0
38,380084,2,2,0,0,0,2,2,17,1020,4,9,2015,6,18,10,1,2,1,1,1,I-29,,649,46.871,-96.842,0,12,6,1,5,1,1,1,1,10,0,10,0,0,88,88,88,88,88,88,0,0,0,1,1,0
38,380085,1,1,0,0,0,1,1,19,0,5,9,2015,7,18,58,0,1,5,1,3,SR-66,,535,48.631,-98.914,0,1,0,0,1,1,0,4,1,2,0,2,0,0,88,88,88,88,88,88,0,0,0,1,1,0
38,380086,2,2,0,0,0,2,2,9,0,5,9,2015,7,20,57,0,1,3,1,3,SR-5,,1344,48.763,-101.326,0,12,2,0,1,1,0,1,2,10,0,10,0,0,20,57,21,10,22,15,0,0,0,1,2,1
38,380089,2,2,0,0,0,5,5,53,0,13,9,2015,1,21,50,1,1,3,1,2,US-85,US-85B,1609,47.824,-103.649,0,12,6,0,2,3,0,1,2,1,0,1,0,0,21,54,22,14,23,0,0,0,0,2,1,0
38,380091,5,5,0,0,0,24,24,17,0,25,9,2015,6,8,55,0,1,4,1,3,SR-46,CR-169 AVE SE,1177,46.63,-96.887,0,12,6,0,2,3,0,1,1,5,0,5,1,0,9,3,9,14,10,25,0,0,0,1,0,1
38,380092,2,2,0,0,0,5,5,5,0,25,9,2015,6,18,23,0,1,3,1,3,SR-57,CR- 77 AVE NE  BIA 15,90,47.996,-98.927,3,12,6,0,2,3,0,1,9,99,0,99,0,0,18,23,18,27,20,53,0,0,0,1,1,2
38,380093,1,1,0,0,0,1,1,89,0,17,10,2015,7,11,30,1,1,1,1,1,I-94,,535,46.891,-102.96,0,1,0,0,1,1,0,4,1,1,0,1,0,0,11,39,11,48,12,7,0,0,0,1,0,0
38,380095,2,2,0,0,0,3,3,99,0,22,10,2015,5,6,30,0,1,4,1,3,SR-19,,2032,48.48,-97.623,0,12,6,0,1,1,0,1,2,1,0,1,0,0,5,43,6,50,7,13,0,0,0,1,0,2
38,380096,1,1,0,0,0,2,2,65,0,24,10,2015,7,22,2,0,1,5,1,3,SR-48,,76,47.22,-101.298,0,1,0,0,1,1,0,4,2,1,0,1,0,0,22,2,22,13,23,12,0,0,0,1,1,1
38,380097,5,5,0,0,0,7,7,101,0,26,10,2015,2,8,21,1,1,3,1,2,US-83,,1909,48.096,-101.296,0,12,1,0,1,1,0,1,2,5,10,5,0,0,8,20,8,30,9,4,0,0,0,1,0,0
38,380098,1,1,0,1,1,1,1,53,0,27,10,2015,3,13,30,0,1,3,1,3,SR-23,,122,47.805,-103.032,0,8,0,0,1,1,0,1,1,10,0,10,0,0,88,88,88,88,88,88,0,0,0,1,0,0
38,380100,1,1,0,0,0,2,2,15,0,30,10,2015,6,13,40,1,1,2,1,2,US-83,,1006,46.998,-100.792,0,35,0,0,1,1,0,3,1,1,0,1,0,0,13,36,13,56,88,88,0,0,0,1,0,0
38,380102,2,2,0,0,0,3,3,15,0,17,11,2015,3,18,5,1,1,3,1,2,US-83,,976,46.954,-100.782,0,12,2,0,1,1,0,1,2,1,0,1,0,0,18,14,18,28,18,49,0,0,0,2,0,0
38,380103,1,1,0,0,0,3,3,55,0,18,11,2015,4,3,0,1,1,3,1,2,US-83,,1169,47.189,-100.88,0,1,0,0,1,1,0,4,2,1,0,1,0,0,88,88,88,88,88,88,0,0,0,3,0,0
38,380104,1,1,0,0,0,2,2,105,0,18,11,2015,4,20,30,1,1,3,1,2,US-85,,2115,48.491,-103.624,0,1,0,0,1,1,0,4,2,1,0,1,0,0,88,88,88,88,88,88,18,0,0,2,1,0
38,380105,2,2,0,0,0,3,3,53,0,22,11,2015,1,21,38,0,1,3,1,3,SR-23,CR-95TH AVE NW,430,47.982,-102.629,3,12,7,0,3,3,0,1,2,1,0,1,0,0,99,99,99,99,88,88,0,0,0,1,1,0
38,380106,1,1,0,0,0,2,2,93,0,24,11,2015,3,7,35,0,1,4,1,3,SR-20,,60,46.989,-98.679,0,34,0,0,1,1,0,4,4,10,0,10,0,0,7,35,7,44,7,58,0,0,0,1,0,2
38,380108,2,2,0,0,0,2,2,61,0,6,12,2015,1,3,13,0,1,3,1,3,SR-23,,610,47.978,-102.244,3,12,2,0,1,1,0,1,2,98,0,98,0,0,3,17,3,33,4,14,0,0,0,1,1,0
38,380109,1,1,0,0,0,1,1,89,0,9,12,2015,4,0,4,1,1,1,1,1,I-94,,490,46.891,-103.051,0,1,0,0,1,1,0,4,2,1,0,1,0,0,0,6,0,12,88,88,0,0,0,1,1,0
38,380111,1,1,0,0,0,1,1,1,0,14,12,2015,2,9,15,0,1,3,1,3,SR-8,,6,45.954,-102.651,0,1,0,0,1,1,0,4,1,5,0,5,0,0,9,25,9,30,9,50,0,0,0,1,0,2
38,380112,1,1,0,0,0,4,4,93,0,14,12,2015,2,6,55,1,1,1,1,1,I-94,,2705,46.893,-98.457,0,1,0,0,1,1,0,4,4,12,0,12,0,0,7,3,7,26,8,7,0,0,0,1,0,0
38,380113,2,2,0,0,0,2,2,53,0,18,12,2015,6,15,30,1,1,3,1,2,US-85,ELK ST,1600,47.824,-103.649,0,12,1,0,3,3,0,1,1,1,0,1,0,0,15,31,15,50,16,28,0,0,0,1,0,0
39,390001,2,2,0,0,0,2,2,145,0,5,1,2015,2,6,55,0,1,5,1,3,SR-73,,140,38.809,-83.103,0,12,2,0,1,1,0,1,2,1,0,1,0,0,7,0,7,15,7,55,0,0,0,1,1,2
39,390003,3,1,2,1,1,1,1,139,0,3,1,2015,7,7,30,1,2,2,1,2,US-30,,168,40.78,-82.42,0,14,0,0,5,1,0,5,2,3,0,3,0,0,7,25,7,29,88,88,19,0,0,1,0,0
39,390004,2,2,0,0,0,2,2,101,0,14,1,2015,4,7,0,0,1,3,3,2,US-23,,46,40.505,-83.08,0,12,1,0,1,1,0,1,2,10,0,10,0,0,6,59,7,11,88,88,0,0,0,1,0,0
39,390005,2,2,0,0,0,3,3,67,0,4,1,2015,1,19,56,1,1,3,1,2,US-250,,27,40.368,-81.241,0,12,2,0,1,1,0,1,2,10,0,10,0,0,19,58,20,6,20,20,0,0,0,1,1,0
39,390006,1,1,0,0,0,1,1,39,0,3,1,2015,7,13,20,0,2,4,1,3,SR-111,,30,41.249,-84.4,0,42,0,0,1,1,0,4,1,2,0,2,0,0,13,39,14,10,88,88,0,0,0,1,0,1
39,390007,1,1,0,0,0,2,2,119,0,8,1,2015,5,15,26,1,2,4,1,2,US-22,,38,39.862,-82.112,0,31,0,0,1,1,0,4,1,1,0,1,0,0,15,38,16,15,88,88,0,0,0,2,0,0
39,390013,3,3,0,0,0,4,4,155,0,10,1,2015,7,23,5,1,2,3,1,3,SR-5,,17,41.211,-80.957,0,12,2,1,18,1,0,1,2,1,0,1,0,0,23,8,23,16,23,59,0,0,0,1,1,1
39,390014,2,2,0,0,0,3,3,49,1800,16,1,2015,6,18,1,1,2,1,1,1,I-70,KELTON AVE,161,39.954,-82.959,0,12,1,1,18,1,0,1,5,1,0,1,0,0,18,1,18,7,18,19,0,0,0,1,0,0
39,390015,2,2,0,0,0,2,2,37,0,13,1,2015,3,10,21,0,1,4,1,2,US-127,,306,40.335,-84.571,0,12,2,0,1,1,0,1,1,1,0,1,0,0,99,98,99,98,88,88,0,0,0,1,0,0
39,390016,2,2,0,0,0,6,6,133,0,3,1,2015,7,9,55,0,1,4,1,3,SR-44,,258,41.334,-81.222,0,12,6,0,1,1,0,1,1,3,0,3,0,0,10,17,10,24,11,11,0,0,0,1,0,2
39,390018,1,1,0,0,0,1,1,91,0,11,1,2015,1,7,12,1,1,2,1,2,US-33,,209,40.331,-83.681,0,52,0,0,1,1,0,3,2,1,0,1,0,0,7,18,7,30,7,52,0,0,0,1,0,0
39,390022,1,1,0,0,0,1,1,109,0,7,1,2015,4,22,51,0,1,5,1,2,US-40,,61,39.908,-84.049,0,31,0,0,1,1,0,4,2,10,0,10,0,0,10,53,10,59,88,88,0,0,0,1,1,0
39,390024,2,2,0,0,0,2,2,47,0,9,1,2015,6,7,39,0,1,4,1,2,US-22,,12,39.508,-83.552,0,12,6,0,1,1,0,1,4,6,0,6,0,0,7,40,7,53,88,88,0,0,0,1,0,0
39,390027,1,1,0,1,1,1,1,87,0,8,1,2015,5,21,3,1,2,2,1,2,US-52,,143,38.46,-82.595,0,8,0,0,1,1,0,1,2,10,0,10,0,0,21,1,21,3,21,20,0,0,0,1,0,0
39,390031,2,2,0,0,0,3,3,41,0,18,1,2015,1,18,9,1,1,3,1,2,US-23,SR-229,214,40.434,-83.073,0,12,6,0,2,2,0,1,2,10,0,10,0,0,18,9,18,16,18,30,0,0,0,1,0,0
39,390032,1,1,0,0,0,4,4,95,8120,1,1,2015,5,4,0,1,2,1,1,1,I-75,,53,41.677,-83.572,0,52,0,1,5,1,0,4,3,1,0,1,0,0,4,3,4,8,5,0,0,0,0,1,1,2
39,390035,2,2,0,0,0,2,2,3,0,19,1,2015,2,8,26,1,1,3,1,2,US-30,HANCOCK RD,240,40.828,-83.88,0,12,6,0,2,2,0,1,1,1,0,1,0,0,8,32,8,35,88,88,0,0,0,1,0,0
39,390040,2,2,0,0,0,2,2,71,0,21,1,2015,4,6,48,0,1,4,1,2,US-62,,101,39.153,-83.659,0,12,1,0,1,1,0,1,2,10,0,10,0,0,6,56,7,5,88,88,0,0,0,1,0,0
39,390041,1,1,0,0,0,5,5,35,1680,3,1,2015,7,5,49,1,2,1,1,1,I-71,,173,41.458,-81.696,0,42,0,1,5,1,0,4,3,10,0,10,0,0,5,55,6,4,6,21,0,0,0,1,1,1
39,390047,2,2,0,0,0,2,2,147,0,30,1,2015,6,2,20,1,1,3,1,2,US-224,,245,41.081,-82.968,0,12,8,0,1,1,0,1,2,10,0,10,0,0,2,24,2,41,88,88,0,0,0,1,0,0
39,390051,1,1,0,1,1,2,2,95,7980,25,1,2015,1,5,4,1,2,3,1,2,US-20,,72,41.674,-83.734,0,8,0,0,1,1,0,1,3,10,0,10,0,0,5,5,5,7,88,88,0,0,0,1,1,0
39,390052,1,1,0,0,0,4,4,49,1800,8,2,2015,1,2,45,1,2,1,1,1,I-70,,69,39.934,-82.851,0,31,0,1,19,1,0,3,3,1,0,1,0,0,2,48,2,55,3,26,0,0,0,2,0,1
39,390057,3,3,0,0,0,4,4,89,0,30,1,2015,6,20,50,0,1,5,1,2,US-62,SR-661,149,40.227,-82.52,0,12,6,0,2,2,0,1,2,1,0,1,0,0,20,50,21,1,21,21,0,0,0,1,0,0
39,390059,2,2,0,0,0,3,3,143,435,5,2,2015,5,8,50,0,1,4,1,3,SR-53,,35,41.308,-83.168,0,12,2,0,1,1,0,1,1,1,0,1,0,0,8,58,9,10,9,42,0,0,0,1,0,2
39,390062,1,1,0,0,0,1,1,49,1800,5,2,2015,5,1,25,1,2,1,1,1,I-71,,181,39.979,-82.985,0,23,0,1,5,1,0,8,2,4,0,4,0,0,1,33,1,39,1,57,0,0,0,1,1,1
39,390063,1,1,0,0,0,1,1,99,0,4,2,2015,4,17,35,1,2,1,1,1,I-80,,48,41.125,-80.749,0,59,0,0,1,1,0,8,1,4,0,4,0,0,17,35,17,40,88,88,0,0,0,1,1,0
39,390066,1,1,0,0,0,1,1,71,0,6,2,2015,6,2,9,0,1,5,1,3,SR-138,,35,39.109,-83.786,0,34,0,0,1,1,0,4,2,1,0,1,0,0,2,13,2,30,88,88,0,0,0,1,0,1
39,390069,2,2,0,0,0,2,2,61,7450,11,1,2015,1,12,13,1,2,3,1,2,US-42,CRYSTALVIEW DR.,163,39.292,-84.394,0,12,2,0,3,2,0,1,1,10,0,10,0,0,12,14,12,15,12,55,0,0,0,1,0,0
39,390072,1,1,0,0,0,2,2,93,0,5,2,2015,5,17,10,0,2,5,1,3,SR-83,,65,41.294,-82.021,0,18,0,0,6,1,0,1,1,1,0,1,0,518532N,17,10,17,37,88,88,0,0,0,2,0,2
39,390073,1,1,0,0,0,1,1,113,0,23,1,2015,6,6,46,1,2,3,1,3,SR-48,,13,39.601,-84.161,0,42,0,0,1,1,0,4,2,10,0,10,0,0,6,48,6,54,88,88,0,0,0,1,0,1
39,390074,1,1,0,0,0,1,1,61,0,15,2,2015,1,3,21,1,2,1,1,1,I-275,,180,39.279,-84.574,0,43,0,0,1,1,0,4,2,1,0,1,0,0,3,25,3,31,88,88,0,0,0,1,1,2
39,390075,3,3,0,0,0,3,3,35,4970,5,2,2015,5,9,57,1,2,1,1,1,I-71,,54,41.355,-81.819,0,12,1,1,18,1,0,1,1,10,0,10,0,0,10,0,10,6,10,18,0,0,0,1,0,1
39,390076,1,1,0,0,0,1,1,49,1800,15,2,2015,1,6,0,1,2,1,1,1,I-270,,99,40.003,-83.118,0,26,0,0,1,1,0,3,3,10,0,10,0,0,6,6,6,14,88,88,0,0,0,1,1,2
39,390078,1,1,0,1,1,1,1,155,0,28,1,2015,4,22,39,0,2,4,1,3,SR-193,,43,41.196,-80.664,0,8,0,0,1,1,0,1,2,10,0,10,0,0,22,34,22,37,23,5,0,0,0,1,0,2
39,390079,1,1,0,1,1,1,1,77,8490,11,2,2015,4,20,13,1,1,3,1,2,US-20,,273,41.255,-82.366,0,9,0,0,1,1,0,1,2,10,0,10,0,0,20,12,20,16,88,88,0,0,0,1,0,0
39,390082,3,1,2,1,3,1,3,139,0,14,2,2015,7,21,31,1,2,1,1,1,I-71,,190,40.784,-82.411,0,14,0,0,1,1,0,4,3,4,0,4,0,0,21,36,21,54,22,28,15,0,0,1,1,1
39,390084,4,4,0,0,0,10,10,43,5060,21,2,2015,7,14,31,1,1,1,31,1,I-80,,131,41.324,-82.595,0,24,0,0,1,1,0,4,1,4,0,4,0,0,14,40,14,45,88,88,0,0,0,1,0,0
39,390085,1,1,0,1,1,1,1,13,0,12,2,2015,5,2,40,1,2,1,1,1,I-70,,243,40.065,-80.786,0,8,0,0,1,1,0,1,2,4,0,4,0,0,3,34,3,51,88,88,0,0,0,1,0,0
39,390086,2,2,0,0,0,5,5,51,0,18,2,2015,4,13,9,1,1,3,1,2,US-20,,22,41.669,-84.36,0,12,6,0,1,1,0,1,1,1,0,1,0,0,13,5,13,12,14,50,0,0,0,2,1,0
39,390088,8,8,0,0,0,13,13,43,0,14,2,2015,7,11,30,1,1,1,31,1,I-80,,185,41.329,-82.493,0,12,7,0,1,1,0,1,1,7,0,7,0,0,12,20,12,38,14,11,0,0,0,1,0,0
39,390093,1,1,0,0,0,1,1,23,0,17,2,2015,3,2,41,1,1,1,1,1,I-70,,55,39.882,-83.953,0,38,0,0,1,1,0,4,2,1,0,1,0,0,99,98,99,98,88,88,0,0,0,1,1,0
39,390094,2,2,0,0,0,3,3,117,0,14,2,2015,7,15,59,1,1,1,1,1,I-71,,142,40.509,-82.698,0,12,1,0,1,1,0,1,1,6,0,6,0,0,15,59,16,12,16,59,0,0,0,1,0,1
39,390096,31,31,0,0,0,49,49,117,0,14,2,2015,7,14,20,1,1,1,1,1,I-71,,18,40.373,-82.831,0,12,1,1,5,1,0,1,1,11,7,11,0,0,14,25,15,0,15,47,0,0,0,1,0,1
39,390098,1,1,0,0,0,2,2,29,0,17,2,2015,3,8,26,1,2,2,1,2,US-30,,357,40.646,-80.589,0,42,0,0,1,1,0,4,1,1,0,1,0,0,8,34,99,97,99,97,0,0,0,2,0,0
39,390099,7,7,0,0,0,15,15,171,0,14,2,2015,7,11,19,1,1,1,31,1,I-80,,154,41.608,-84.507,0,12,1,0,1,1,0,1,1,7,0,7,0,0,11,45,12,0,12,24,27,0,0,1,0,0
39,390101,1,1,0,0,0,1,1,69,3540,14,1,2015,4,14,31,0,1,4,1,3,SR-108,,57,41.249,-84.129,0,10,0,0,6,1,0,1,1,1,0,1,0,142326H,14,35,14,40,88,88,0,0,0,1,0,1
39,390103,1,1,0,0,0,2,2,71,0,19,2,2015,5,7,47,0,1,5,1,3,SR-138,,256,39.266,-83.494,0,31,0,0,1,1,0,4,1,1,0,1,0,0,7,44,7,54,8,16,0,0,0,1,1,1
39,390109,2,2,0,0,0,3,3,93,0,20,2,2015,6,14,21,1,1,3,1,3,SR-18,,127,41.168,-82.098,0,12,2,0,1,1,0,1,1,1,0,1,0,0,14,30,14,54,16,26,0,0,0,3,1,2
39,390114,2,2,0,1,1,3,3,93,0,21,2,2015,7,2,10,0,2,5,1,3,SR-113,,27,41.345,-82.284,0,8,0,0,1,1,0,1,2,4,0,4,0,0,88,88,88,88,88,88,0,0,0,1,0,1
39,390115,2,2,0,0,0,4,4,55,0,6,3,2015,6,20,49,0,1,5,1,3,SR-528,,18,41.424,-81.06,0,12,2,0,1,1,0,1,2,1,0,1,0,0,20,55,21,1,21,44,0,0,0,1,0,1
39,390116,2,2,0,0,0,2,2,133,2105,24,2,2015,3,11,25,0,1,4,1,3,SR-14,,263,41.023,-81.05,0,12,2,0,1,1,0,1,1,1,0,1,0,0,11,18,11,35,12,31,0,0,0,1,0,2
39,390117,3,3,0,0,0,4,4,49,1800,6,3,2015,6,17,35,1,2,1,1,1,I-270,MORSE RD.,322,40.057,-82.903,0,52,0,1,5,1,0,4,1,1,0,1,0,0,17,38,18,13,88,88,0,0,0,1,1,2
39,390120,1,1,0,0,0,2,2,35,1680,7,3,2015,7,4,23,1,2,1,1,1,I-90,,218,41.546,-81.613,0,25,0,0,1,1,0,3,3,1,0,1,0,0,4,20,4,32,4,52,0,0,0,1,1,0
39,390121,2,1,1,2,3,1,2,49,1800,21,2,2015,7,2,23,1,2,1,1,1,I-70,,160,39.954,-82.96,0,8,0,0,1,1,0,1,3,10,0,10,0,0,2,28,2,41,2,50,19,23,0,1,1,0
39,390122,5,5,0,1,1,7,7,49,1800,6,3,2015,6,21,34,1,2,1,1,1,I-70,I-670,89,39.973,-83.081,0,8,0,0,1,1,0,1,2,1,0,1,0,0,99,98,99,98,88,88,0,0,0,1,0,0
39,390125,2,2,0,0,0,3,3,151,0,25,2,2015,4,15,50,1,1,3,1,2,US-62,BEECH ST,338,40.889,-81.198,0,12,6,0,3,2,0,1,1,1,0,1,0,0,15,57,16,9,16,44,0,0,0,1,0,0
39,390126,29,29,0,0,0,50,50,97,0,14,2,2015,7,14,22,1,2,1,1,1,I-70,,124,39.966,-83.297,0,12,1,0,1,1,0,1,1,11,0,11,0,0,14,38,15,0,15,43,14,0,0,1,0,0
39,390127,1,1,0,0,0,1,1,99,6640,16,1,2015,6,12,5,0,2,4,1,3,SR-170,,100,41.025,-80.615,0,19,0,0,1,1,0,4,1,1,0,1,0,0,17,8,17,15,17,41,0,0,0,1,0,2
39,390130,1,1,0,1,1,1,1,95,7960,28,2,2015,7,3,22,0,1,5,1,3,SR-295,,129,41.599,-83.825,0,8,0,0,1,1,0,1,2,1,0,1,0,0,99,99,99,98,88,88,0,0,0,1,0,1
39,390131,2,2,0,0,0,2,2,95,0,28,2,2015,7,6,42,1,2,3,1,2,US-20,,70,41.674,-83.746,0,12,2,0,1,1,0,1,4,1,0,1,0,0,6,48,99,97,99,97,0,0,0,1,1,0
39,390132,2,1,1,2,2,1,1,97,0,3,3,2015,3,3,30,1,1,1,1,1,I-70,,77,39.956,-83.372,0,8,0,1,18,1,0,1,2,1,0,1,0,0,3,33,3,40,4,22,14,0,0,1,0,0
39,390133,2,2,0,0,0,2,2,173,0,11,3,2015,4,9,43,1,1,3,1,2,US-23,US-6,120,41.341,-83.417,0,12,1,0,3,2,0,1,1,5,0,5,0,0,9,45,99,99,88,88,0,0,0,1,0,0
39,390134,1,1,0,0,0,3,3,109,0,9,3,2015,2,20,28,1,2,1,1,1,I-75,,69,40.011,-84.23,0,25,0,0,1,1,0,3,2,1,0,1,0,0,20,53,21,16,21,41,0,0,0,1,0,2
39,390137,3,1,2,0,2,1,3,61,1610,13,3,2015,6,18,8,1,2,1,1,1,I-75,,46,39.154,-84.539,0,14,0,1,17,1,0,1,3,2,0,2,0,0,18,13,18,43,19,9,23,0,0,1,0,2
39,390139,1,1,0,0,0,1,1,161,0,13,3,2015,6,13,36,0,1,4,1,2,US-224,,180,40.923,-84.541,0,34,0,0,1,1,0,4,1,2,0,2,0,0,13,44,13,51,88,88,0,0,0,1,0,0
39,390142,2,2,0,0,0,2,2,131,0,10,1,2015,7,20,59,1,1,3,1,3,SR-32,,270,39.012,-82.821,0,12,2,0,1,1,0,1,2,1,0,1,0,0,21,2,21,20,22,14,0,0,0,1,0,2
39,390144,2,2,0,0,0,3,3,47,0,14,3,2015,7,2,39,0,1,5,1,3,SR-41,,220,39.646,-83.537,0,12,6,0,1,1,0,1,3,2,0,2,0,0,2,39,2,59,99,99,0,0,0,1,1,1
39,390146,1,1,0,1,1,1,1,113,2090,9,2,2015,2,21,0,1,2,3,1,3,SR-4,LISCUM DR.,112,39.725,-84.266,0,8,0,0,2,99,0,1,3,1,0,1,0,0,88,88,88,88,88,88,0,0,0,1,0,2
39,390147,2,2,0,0,0,2,2,151,0,7,3,2015,7,10,20,0,1,4,1,3,SR-225,,36,40.979,-81.099,0,12,2,0,1,1,0,1,1,1,0,1,0,0,10,30,10,43,11,18,0,0,0,1,0,2
39,390148,1,1,0,0,0,1,1,87,0,6,3,2015,6,12,21,0,1,4,1,3,SR-93,,180,38.752,-82.633,0,42,0,0,1,1,0,4,1,1,0,1,0,0,12,30,13,5,88,88,0,0,0,1,0,0
39,390149,1,1,0,0,0,1,1,133,7875,13,3,2015,6,3,11,1,2,1,31,1,I-80,,13,41.256,-81.365,0,20,0,1,5,1,0,8,3,10,0,10,0,0,4,44,5,6,88,88,0,0,0,1,0,0
39,390150,2,2,0,0,0,2,2,11,0,16,3,2015,2,6,42,0,2,4,1,3,SR-67,,29,40.582,-84.172,0,12,2,0,1,1,0,1,2,10,0,10,0,0,6,32,6,32,7,14,0,0,0,1,0,2
39,390153,2,2,0,0,0,5,5,65,0,20,3,2015,6,7,19,0,1,4,1,2,US-68,,184,40.772,-83.639,0,12,2,0,1,1,0,1,4,2,0,2,0,0,7,25,7,51,8,42,0,0,0,4,0,1
39,390156,1,1,0,0,0,1,1,153,1881,25,3,2015,4,15,13,0,2,5,2,4,CR-17,,0,41.063,-81.638,0,42,0,0,1,1,0,4,1,1,0,1,0,0,15,16,15,20,15,40,0,0,0,1,0,2
39,390157,2,2,0,0,0,2,2,79,0,12,3,2015,5,5,39,1,1,3,1,2,US-35,TR-213 CAIN RD.,22,39.166,-82.739,0,12,6,0,2,3,0,1,2,5,0,5,0,0,5,39,5,52,88,88,0,0,0,1,0,0
39,390158,2,2,0,0,0,3,3,125,0,19,3,2015,5,15,10,0,1,4,1,2,US-127,,39,41.045,-84.573,0,12,2,0,1,1,0,1,1,1,0,1,0,0,15,23,15,41,16,4,21,0,0,1,0,0
39,390161,2,2,0,0,0,2,2,49,1800,20,3,2015,6,11,28,1,2,1,1,1,I-71,,124,39.903,-83.028,0,12,1,0,1,1,0,1,1,1,0,1,0,0,11,30,11,35,12,3,0,0,0,1,0,1
39,390163,1,1,0,0,0,2,2,35,960,22,3,2015,1,5,50,1,2,1,1,1,I-90,,232,41.556,-81.596,0,25,0,0,1,1,0,4,3,1,0,1,0,0,5,47,5,54,6,13,0,0,0,1,1,0
39,390165,1,1,0,0,0,1,1,125,0,21,3,2015,7,7,10,1,1,5,1,3,SR-49,,72,41.096,-84.727,0,30,0,0,1,1,0,4,4,10,0,10,0,0,7,11,7,21,99,99,0,0,0,1,0,1
39,390166,2,2,0,0,0,7,7,97,0,24,3,2015,3,1,50,1,1,1,1,1,I-70,,97,39.958,-83.345,0,12,6,0,1,1,0,1,2,10,0,10,0,0,1,53,1,59,2,33,0,0,0,1,1,0
39,390168,1,1,0,0,0,1,1,135,0,22,3,2015,1,18,39,0,1,4,1,2,US-127,,5,39.588,-84.657,0,24,0,0,1,1,0,4,1,1,0,1,0,0,18,40,18,46,88,88,0,0,0,1,1,0
39,390169,3,3,0,0,0,3,3,141,0,1,4,2015,4,18,10,0,2,4,1,2,US-50,TR-608,194,39.35,-83.051,0,12,6,0,2,2,0,1,1,1,0,1,0,0,18,15,18,29,19,16,0,0,0,1,0,2
39,390173,2,2,0,0,0,3,3,91,0,23,3,2015,2,16,55,0,1,4,1,2,US-68,,119,40.409,-83.746,0,12,6,0,1,1,0,1,1,4,0,4,0,0,16,56,17,5,17,24,0,0,0,1,0,0
39,390174,2,2,0,0,0,3,3,23,7800,26,3,2015,5,11,30,1,2,3,2,2,US-68,SPRINGFIELD XENIA RD,36,39.874,-83.844,0,12,2,0,2,3,0,1,1,10,0,10,0,0,11,30,11,34,99,99,0,0,0,1,0,0
39,390176,2,2,0,0,0,2,2,175,0,31,3,2015,3,8,27,1,1,3,1,2,US-23,,260,40.98,-83.382,0,12,6,0,1,1,0,1,1,1,0,1,0,0,99,99,99,99,88,88,0,0,0,1,0,0
39,390179,1,1,0,0,0,2,2,117,0,6,4,2015,2,14,0,0,1,4,1,3,SR-95,,36,40.57,-82.886,0,34,0,0,1,1,0,4,1,1,0,1,0,0,13,43,13,49,14,5,0,0,0,1,0,1
39,390180,2,2,0,0,0,3,3,139,0,2,4,2015,5,13,31,0,1,5,1,3,SR-96,OLIVESBURG FITCHVILLE RD,168,40.888,-82.426,0,12,6,0,2,7,0,1,1,10,0,10,0,0,13,45,14,5,14,24,0,0,0,1,0,2