STATE,ST_CASE,VE_TOTAL,VE_FORMS,PVH_INVL,PEDS,PERNOTMVIT,PERMVIT,PERSONS,COUNTY,CITY,DAY,MONTH,YEAR,DAY_WEEK,HOUR,MINUTE,NHS,RUR_URB,FUNC_SYS,RD_OWNER,ROUTE,TWAY_ID,TWAY_ID2,MILEPT,LATITUDE,LONGITUD,SP_JUR,HARM_EV,MAN_COLL,RELJCT1,RELJCT2,TYP_INT,WRK_ZONE,REL_ROAD,LGT_COND,WEATHER1,WEATHER2,WEATHER,SCH_BUS,RAIL,NOT_HOUR,NOT_MIN,ARR_HOUR,ARR_MIN,HOSP_HR,HOSP_MN,CF1,CF2,CF3,FATALS,DRUNK_DR,RANK
40,400286,2,2,0,0,0,4,4,47,1550,3,6,2015,4,19,53,1,2,3,1,2,US-412,,92,36.391,-97.939,0,12,1,0,1,1,0,1,1,10,0,10,0,0,19,55,20,1,20,21,0,0,0,1,1,0
40,400288,1,1,0,1,1,1,1,109,3550,22,7,2015,4,5,29,1,2,1,1,1,I-44,,10,35.475,-97.579,0,8,0,0,1,1,0,1,3,2,0,2,0,0,5,31,5,36,88,88,0,0,0,1,0,1
40,400289,2,2,0,0,0,2,2,113,0,16,7,2015,5,10,16,0,1,5,1,3,SR-11,CR-NELAGONEY RD,86,36.593,-96.245,0,12,6,0,2,3,0,1,1,1,0,1,0,0,9,48,10,0,11,3,0,0,0,1,0,2
40,400290,2,2,0,0,0,2,2,9,0,22,7,2015,4,23,1,0,1,5,1,3,SR-152,,62,35.351,-99.788,0,12,6,0,1,1,0,1,2,1,0,1,0,0,23,0,23,16,23,56,0,0,0,2,0,1
40,400293,1,1,0,0,0,1,1,1,0,7,7,2015,3,0,11,0,1,3,1,2,US-59,,33,35.874,-94.639,0,42,0,0,1,1,0,4,2,1,0,1,0,0,23,55,0,5,88,88,18,0,0,1,0,0
40,400295,1,1,0,0,0,1,1,31,2750,25,7,2015,7,99,99,0,2,3,1,2,US-62,,9,34.637,-98.496,0,42,0,0,1,1,0,4,9,99,0,99,0,0,88,88,88,88,88,88,0,0,0,1,0,0
40,400298,1,1,0,0,0,2,2,31,0,19,7,2015,1,7,50,1,1,1,1,1,I-44,,9,34.463,-98.41,0,39,0,0,1,1,0,4,1,1,0,1,0,0,7,42,7,52,10,5,0,0,0,1,0,1
40,400299,2,2,0,0,0,5,5,143,0,25,7,2015,7,3,13,1,1,3,1,2,US-75,,105,36.294,-95.924,0,12,2,0,1,1,0,1,2,1,0,1,0,0,3,18,3,34,3,57,0,0,0,4,1,0
40,400301,4,4,0,0,0,5,5,81,0,15,3,2015,1,18,25,0,1,4,1,2,US-177,,137,35.871,-97.019,0,12,2,0,1,1,0,1,1,1,0,1,0,0,99,99,99,99,99,99,0,0,0,3,0,0
40,400304,1,1,0,0,0,5,5,143,4780,1,8,2015,7,17,0,1,2,2,1,2,US-69,,32,36.054,-95.859,0,1,0,0,1,1,0,1,1,1,0,1,0,0,17,8,17,12,17,31,0,0,0,1,0,0
40,400306,2,2,0,0,0,4,4,99,0,30,7,2015,5,18,28,1,1,1,1,1,I-35,,68,34.465,-97.15,0,12,1,0,1,1,4,1,1,1,0,1,0,0,18,24,18,37,19,7,26,0,0,1,0,1
40,400309,1,1,0,0,0,3,3,75,0,10,7,2015,6,19,9,0,1,5,1,3,SR-54,,32,34.678,-98.861,0,30,0,0,1,1,0,4,1,1,0,1,0,0,99,99,99,99,99,99,0,0,0,2,0,2
40,400311,2,1,1,2,2,1,1,119,0,9,7,2015,5,2,23,1,1,1,1,1,I-35,,23,36.193,-97.329,0,11,0,0,1,1,0,1,2,10,0,10,0,0,1,24,1,37,4,23,19,15,0,1,0,1
40,400313,1,1,0,2,2,1,1,149,0,30,7,2015,5,8,5,0,1,5,1,3,SR-152,,36,35.291,-99.302,0,9,0,0,1,1,0,1,1,1,0,1,0,0,8,8,8,31,9,29,0,0,0,1,0,1
40,400319,2,2,0,0,0,4,4,109,3550,18,5,2015,2,17,21,1,2,1,1,1,I-44,,50,35.513,-97.549,0,12,7,0,1,1,0,1,1,1,0,1,0,0,17,25,17,30,18,7,0,0,0,1,0,1
40,400320,1,1,0,0,0,1,1,127,0,16,8,2015,1,5,30,0,1,5,1,3,SR-93,,7,34.167,-95.413,0,32,0,0,1,1,0,4,2,1,0,1,0,0,6,2,6,20,88,88,0,0,0,1,1,0
40,400321,1,1,0,0,0,2,2,143,0,22,7,2015,4,20,22,1,2,2,1,2,US-64,,57,36.147,-96.152,0,57,0,0,1,1,0,3,5,2,0,2,0,0,20,24,20,38,21,11,0,0,0,2,1,0
40,400322,1,1,0,0,0,1,1,53,0,31,7,2015,6,14,5,0,1,4,1,2,US-81,,135,36.842,-97.709,0,59,0,0,1,1,0,4,1,1,0,1,0,0,14,11,14,14,88,88,0,0,0,1,0,0
40,400323,2,2,0,0,0,3,3,41,0,2,7,2015,5,13,53,0,1,5,1,3,SR-127,,95,36.496,-94.832,0,12,6,0,1,1,0,1,1,10,0,10,0,0,13,39,13,50,14,25,0,0,0,1,0,2
40,400324,2,2,0,0,0,2,2,37,4190,9,5,2015,7,1,17,0,2,3,1,3,SR-33,,188,35.99,-96.178,0,12,2,0,1,1,0,1,2,2,0,2,0,0,99,99,99,99,88,88,0,0,0,2,1,1
40,400326,2,2,0,0,0,3,3,111,0,10,7,2015,6,18,30,1,1,3,1,2,US-75,CR-WILL SAMPSON RD,76,35.712,-95.988,0,12,6,0,2,2,0,1,1,1,0,1,0,0,18,35,18,42,19,16,0,0,0,2,0,0
40,400328,2,2,0,0,0,3,3,33,0,31,7,2015,6,20,26,1,1,1,1,1,I-44,,53,34.333,-98.412,0,12,2,0,1,1,0,1,5,1,0,1,0,0,99,99,99,99,88,88,0,0,0,2,1,1
40,400331,2,2,0,0,0,3,3,143,1060,3,6,2015,4,21,26,0,2,3,1,3,SR-20,,48,36.366,-95.907,0,12,6,0,1,1,0,1,2,1,0,1,0,0,21,27,21,34,22,36,0,0,0,1,0,2
40,400335,2,2,0,0,0,4,4,7,0,13,8,2015,5,5,45,0,1,4,1,2,US-83,,238,36.826,-100.865,0,12,2,0,1,1,0,1,2,1,0,1,0,0,99,99,99,99,99,99,0,0,0,1,0,0
40,400336,1,1,0,0,0,2,2,135,0,17,8,2015,2,15,33,0,1,5,1,3,SR-141,,52,35.384,-94.716,0,23,0,0,1,1,0,4,1,1,0,1,0,0,15,33,15,44,17,8,0,0,0,1,0,2
40,400337,2,2,0,0,0,2,2,109,3550,19,8,2015,4,2,43,1,2,1,1,1,I-35,,96,35.492,-97.465,0,12,9,0,1,1,0,1,3,1,0,1,0,0,2,51,2,59,88,88,0,0,0,1,1,1
40,400338,1,1,0,0,0,1,1,89,0,24,8,2015,2,21,45,1,1,3,1,2,US-259,,90,33.779,-94.791,0,35,0,0,1,1,0,4,2,10,0,10,0,0,88,88,88,88,88,88,0,0,0,1,0,0
40,400339,2,2,0,0,0,2,2,145,0,20,8,2015,5,14,9,1,1,3,1,2,US-69,,70,35.897,-95.403,0,12,1,0,1,1,0,1,1,1,0,1,0,0,14,14,14,19,88,88,0,0,0,1,0,0
40,400344,3,3,0,0,0,4,4,131,0,22,8,2015,7,21,29,1,1,3,1,2,US-412,,0,36.163,-95.74,1,12,6,0,1,1,0,1,2,1,0,1,0,0,21,35,21,40,22,48,0,0,0,1,1,0
40,400345,1,1,0,0,0,1,1,143,4780,17,7,2015,6,22,35,1,2,2,1,2,US-64,,0,36.115,-95.912,0,25,0,0,1,1,0,3,3,1,0,1,0,0,22,40,22,48,88,88,0,0,0,1,0,0
40,400346,1,1,0,0,0,1,1,73,0,20,8,2015,5,13,15,0,1,5,1,3,SR-51,,69,36.116,-98.186,0,34,0,0,1,1,0,4,1,1,0,1,0,0,99,99,99,99,88,88,0,0,0,1,0,2
40,400347,2,2,0,0,0,2,2,27,3220,20,8,2015,5,4,16,1,2,1,1,1,I-35,,89,35.307,-97.49,0,12,1,0,1,1,0,1,3,1,0,1,0,0,99,99,99,99,88,88,0,0,0,1,0,1
40,400349,1,1,0,0,0,1,1,79,0,20,8,2015,5,16,17,0,1,3,1,2,US-271,CR-183RD AVE,57,35.245,-94.574,0,1,0,0,2,2,0,1,1,1,0,1,0,0,16,14,16,23,99,99,0,0,0,1,0,0
40,400353,1,1,0,0,0,1,1,119,0,22,8,2015,7,20,43,0,1,4,1,3,SR-51,,29,36.116,-97.001,0,1,0,0,1,1,0,4,2,1,0,1,0,0,88,88,88,88,88,88,0,0,0,1,0,2
40,400355,1,1,0,0,0,1,1,75,0,29,8,2015,7,16,43,0,1,5,1,3,SR-54,,153,34.854,-98.867,0,31,0,0,1,1,0,4,1,1,0,1,0,0,17,5,17,27,88,88,0,0,0,1,0,2
40,400356,1,1,0,1,1,1,1,87,3870,22,8,2015,7,11,17,0,2,3,1,2,US-77,,76,34.95,-97.345,0,9,0,0,1,1,0,1,1,1,0,1,0,0,10,23,10,28,88,88,0,0,0,1,0,0
40,400358,1,1,0,1,1,1,1,131,0,16,7,2015,5,3,56,0,1,5,1,3,SR-66,,108,36.446,-95.51,0,8,0,0,1,1,0,1,2,1,0,1,0,0,88,88,88,88,88,88,0,0,0,1,0,0
40,400360,2,2,0,0,0,3,3,119,0,4,9,2015,6,10,55,0,1,4,1,3,SR-33,SR-18,30,35.986,-96.874,0,12,2,0,2,3,0,1,1,1,0,1,0,0,10,53,10,58,11,19,0,0,0,1,0,1
40,400362,1,1,0,0,0,2,2,109,3550,6,9,2015,1,16,13,0,2,3,1,2,US-62,,7,35.493,-97.452,0,1,0,0,1,1,0,1,1,1,0,1,0,0,16,13,16,22,16,38,0,0,0,1,0,0
40,400365,8,8,0,0,0,11,11,81,0,10,7,2015,6,16,47,1,1,1,1,1,I-44,,35,35.661,-97.111,0,12,1,0,1,1,4,1,1,10,0,10,0,0,16,46,17,23,18,36,26,14,0,1,0,1
40,400368,1,1,0,0,0,2,2,97,0,8,9,2015,3,17,54,0,1,4,1,3,SR-20,,168,36.412,-95.011,0,11,0,0,1,1,0,1,1,2,0,2,0,0,17,57,18,26,20,38,0,0,0,1,0,2
40,400369,3,3,0,0,0,5,5,131,0,31,7,2015,6,18,4,1,2,1,1,1,I-44,,4,36.168,-95.732,0,12,2,0,1,1,0,1,1,10,0,10,0,0,18,8,18,18,88,88,0,0,0,2,1,1
40,400371,2,2,0,0,0,2,2,131,0,7,8,2015,6,7,20,0,1,4,1,3,SR-20,,29,36.322,-95.761,0,12,1,0,1,1,0,1,1,10,0,10,0,0,99,99,99,99,99,99,0,0,0,1,0,2
40,400372,1,1,0,0,0,1,1,131,0,9,8,2015,1,21,15,1,1,3,1,2,US-69,,101,36.5,-95.704,0,5,0,0,1,1,0,1,2,1,0,1,0,0,21,14,21,20,88,88,0,0,0,1,0,0
40,400373,1,1,0,0,0,1,1,93,0,21,8,2015,6,7,50,0,1,5,1,3,SR-8,,85,36.275,-98.335,0,42,0,0,1,1,0,4,1,10,0,10,0,0,7,58,8,9,88,88,0,0,0,1,0,2
40,400374,1,1,0,0,0,1,1,19,0,6,9,2015,1,11,36,0,1,5,1,3,SR-76,,35,34.397,-97.503,0,1,0,0,1,1,0,4,1,10,0,10,0,0,11,36,11,48,88,88,0,0,0,1,0,2
40,400376,2,2,0,0,0,4,4,81,5130,15,9,2015,3,15,39,0,1,5,1,3,SR-66,SR-66B,29,35.679,-97.094,0,12,6,1,5,1,0,1,1,1,0,1,0,0,15,24,15,49,16,15,0,0,0,1,0,0
40,400377,3,3,0,0,0,9,9,113,0,16,9,2015,4,11,40,1,1,3,1,2,US-60,CR-2145,188,36.753,-96.08,0,12,6,0,3,2,0,1,1,1,0,1,0,0,11,36,11,47,12,25,0,0,0,1,0,0
40,400378,2,2,0,0,0,3,3,27,3430,11,9,2015,6,14,59,0,1,4,1,3,SR-9,,155,35.232,-97.171,0,12,6,0,8,1,0,1,1,1,0,1,0,0,15,14,15,32,16,6,0,0,0,1,0,2
40,400379,1,1,0,0,0,1,1,125,0,18,9,2015,6,3,8,0,1,5,1,3,SR-39,,65,34.987,-97.042,0,1,0,0,1,1,0,4,2,1,0,1,0,0,2,19,2,36,88,88,0,0,0,1,0,2
40,400380,2,2,0,0,0,4,4,17,5290,5,7,2015,1,10,15,0,2,3,1,3,SR-4,S RANCHWOOD BLVD,68,35.49,-97.725,0,12,6,0,2,2,0,1,1,10,0,10,0,0,10,15,10,18,10,40,0,0,0,1,0,2
40,400383,2,1,1,0,1,2,3,139,0,4,9,2015,6,16,5,1,1,3,1,2,US-54,,173,36.646,-101.536,0,45,0,0,1,1,2,1,1,1,0,1,0,0,16,48,16,31,18,36,0,0,0,1,0,0
40,400384,2,2,0,0,0,2,2,109,1480,8,9,2015,3,9,29,1,2,1,1,1,I-35,,73,35.641,-97.483,0,5,0,0,1,1,0,1,1,1,0,1,0,0,99,99,99,99,88,88,14,0,0,1,0,1
40,400385,1,1,0,0,0,3,3,117,0,11,9,2015,6,13,43,0,1,5,1,2,US-64,,48,36.324,-96.839,0,52,0,0,1,1,0,4,1,1,0,1,0,0,13,44,14,33,15,24,0,0,0,1,0,0
40,400386,1,1,0,0,0,4,4,131,0,12,9,2015,7,15,57,0,1,5,1,3,SR-88,,93,36.419,-95.679,0,59,0,0,1,1,0,4,1,1,0,1,0,0,15,58,16,0,17,23,0,0,0,2,1,1
40,400387,2,2,0,0,0,2,2,87,0,18,9,2015,6,7,20,0,1,5,1,3,SR-76,,31,34.897,-97.63,0,12,6,0,1,1,0,1,4,1,0,1,0,0,12,15,12,23,13,21,0,0,0,1,0,2
40,400388,2,2,0,0,0,2,2,133,0,18,9,2015,6,12,37,0,1,5,1,3,SR-59,,15,35.136,-96.758,0,12,6,0,1,1,0,1,1,1,0,1,0,0,12,34,12,47,13,19,0,0,0,1,0,2
40,400389,1,1,0,1,1,1,1,135,0,24,9,2015,5,22,50,0,1,5,1,2,US-64,,201,35.405,-94.459,0,8,0,0,1,1,0,1,2,5,0,5,0,0,88,88,88,88,88,88,0,0,0,1,0,0
40,400390,1,1,0,0,0,1,1,89,2370,9,8,2015,1,3,9,0,2,4,4,3,SR-37,,121,33.896,-94.85,0,59,0,0,1,1,0,4,2,1,0,1,0,0,3,14,3,19,3,27,0,0,0,1,1,1
40,400391,2,2,0,0,0,2,2,95,2970,21,9,2015,2,19,56,0,1,4,1,2,US-177,,60,34.101,-96.776,0,12,1,0,1,1,0,1,3,1,0,1,0,0,19,59,20,1,20,24,0,0,0,1,0,0
40,400392,3,3,0,2,2,2,2,115,0,4,7,2015,7,0,7,1,1,1,1,1,I-44,,0,36.929,-94.732,0,12,1,0,1,1,0,1,2,10,0,10,0,0,0,5,0,21,2,28,23,0,0,2,0,1
40,400394,2,2,0,0,0,2,2,147,0,22,7,2015,4,11,28,1,1,3,1,2,US-75,CR-EW2900,119,36.598,-95.934,0,12,6,0,2,2,0,1,1,1,0,1,0,0,11,39,12,9,12,40,0,0,0,1,0,0
40,400398,1,1,0,0,0,1,1,121,0,30,9,2015,4,17,35,0,1,5,1,3,SR-31,,28,34.932,-95.68,0,1,0,0,1,1,0,4,1,1,0,1,0,0,17,37,17,42,88,88,0,0,0,1,1,2
40,400399,3,3,0,0,0,3,3,131,0,1,9,2015,3,8,42,0,1,3,1,3,SR-20,,16,36.322,-95.784,0,12,2,0,1,1,0,1,1,10,0,10,0,0,8,46,8,52,9,23,14,0,0,1,0,2
40,400400,1,1,0,0,0,2,2,111,0,7,9,2015,2,9,57,0,1,3,1,3,SR-124,,6,35.422,-95.999,0,35,0,0,1,1,0,4,1,1,0,1,0,0,9,54,10,1,10,11,0,0,0,1,0,1
40,400401,2,2,0,0,0,3,3,101,0,7,9,2015,2,18,59,0,1,4,1,3,SR-2,,83,35.373,-95.273,0,12,2,0,1,1,0,1,1,1,0,1,0,0,18,54,19,5,20,20,0,0,0,1,1,2
40,400402,1,1,0,0,0,1,1,153,0,14,9,2015,2,12,58,1,1,3,1,2,US-412,,218,36.42,-99.006,0,38,0,0,1,1,0,4,1,1,0,1,0,0,12,55,13,28,15,6,0,0,0,1,0,0
40,400403,2,2,0,0,0,5,5,71,0,20,9,2015,1,9,17,0,1,4,1,2,US-77,,194,36.952,-97.052,0,12,6,0,1,1,0,1,1,10,0,10,0,0,9,26,10,0,10,41,0,0,0,1,0,0
40,400404,2,2,0,0,0,2,2,49,0,23,9,2015,4,20,5,1,1,1,1,1,I-35,,208,34.781,-97.294,0,12,1,0,1,1,1,1,2,1,0,1,0,0,20,7,20,21,20,47,0,0,0,1,1,1
40,400406,1,1,0,0,0,1,1,135,0,27,9,2015,1,18,21,1,1,3,1,2,US-59,,73,35.551,-94.731,0,58,0,0,1,1,0,4,1,1,0,1,0,0,18,21,18,37,19,13,0,0,0,1,0,0
40,400407,2,2,0,0,0,3,3,7,0,28,9,2015,2,13,50,0,1,4,1,2,US-83,,155,36.717,-100.829,0,12,6,0,1,1,0,1,1,10,0,10,0,0,99,99,99,99,99,99,0,0,0,1,0,0
40,400408,3,3,0,0,0,4,4,71,0,29,9,2015,3,6,40,1,1,3,1,2,US-60,,93,36.69,-97.292,0,12,2,0,1,1,0,1,2,1,0,1,0,0,6,49,7,36,8,32,0,0,0,1,0,0
40,400411,1,1,0,0,0,1,1,79,0,1,10,2015,5,11,45,0,1,5,1,3,SR-1,,193,34.714,-94.668,0,42,0,0,1,1,0,4,1,1,0,1,0,0,11,47,12,17,88,88,0,0,0,1,0,1
40,400412,2,2,0,0,0,3,3,109,3550,27,6,2015,7,20,36,1,2,1,1,1,I-44,,7,35.404,-97.577,0,12,7,0,1,1,0,1,1,1,0,1,0,0,20,40,20,45,23,0,0,0,0,1,1,1
40,400414,2,2,0,0,0,2,2,7,0,1,10,2015,5,23,31,0,1,4,1,2,US-83,,10,36.64,-100.829,0,12,2,0,1,1,0,1,2,10,0,10,0,0,99,99,99,99,88,88,0,0,0,2,1,0
40,400417,1,1,0,1,1,3,3,143,4780,25,9,2015,6,1,28,1,2,3,1,2,US-64,,19,36.158,-96.056,0,8,0,0,1,1,0,1,2,1,0,1,0,0,23,36,23,44,1,38,0,0,0,1,0,0
40,400419,2,2,0,0,0,4,4,79,3840,6,7,2015,2,15,59,0,2,3,1,2,US-271,COOPER RD,445,35.019,-94.666,0,12,1,0,3,3,0,1,1,1,0,1,0,0,16,8,16,54,17,45,0,0,0,1,0,0
40,400421,1,1,0,0,0,1,1,71,3380,6,7,2015,2,11,3,0,1,4,1,2,US-77,E 4TH ST,152,36.886,-97.054,0,33,0,0,3,2,0,4,1,2,0,2,0,0,99,99,99,99,99,99,0,0,0,1,0,0
40,400422,1,1,0,0,0,1,1,115,0,31,8,2015,2,15,49,1,1,1,1,1,I-44,,0,36.978,-94.641,0,25,0,0,1,1,0,3,1,1,0,1,0,0,99,99,99,99,88,88,0,0,0,1,0,1
40,400425,1,1,0,0,0,2,2,145,4910,7,7,2015,3,13,53,1,2,3,1,2,US-69,,5,35.98,-95.381,0,35,0,0,1,1,0,4,1,2,0,2,0,0,13,51,13,59,14,36,0,0,0,1,0,0
40,400426,3,3,0,0,0,3,3,127,170,28,7,2015,3,14,2,0,1,3,1,3,SR-3,,88,34.23,-95.631,0,12,6,0,8,1,0,1,1,1,0,1,0,0,14,7,14,7,14,18,0,0,0,1,1,2
40,400428,1,1,0,0,0,1,1,69,0,10,8,2015,2,15,40,0,1,5,1,3,SR-78,,73,34.199,-96.543,0,59,0,0,1,1,0,4,1,1,0,1,0,0,15,38,15,55,16,13,0,0,0,1,0,1
40,400430,1,1,0,1,1,1,1,23,0,30,9,2015,4,23,46,1,1,3,1,2,US-271,,0,33.914,-95.508,0,8,0,0,1,1,0,2,2,1,0,1,0,0,23,41,23,54,0,49,0,0,0,1,1,0
40,400431,2,2,0,0,0,5,5,101,0,2,10,2015,6,17,30,1,2,3,1,2,US-69,CR-40TH ST N,30,35.798,-95.401,0,12,6,0,2,2,0,1,1,1,0,1,0,0,17,29,17,38,18,18,0,0,0,1,0,0
40,400432,2,2,0,0,0,3,3,109,3550,10,10,2015,7,23,15,0,2,4,1,3,SR-74,,77,35.616,-97.585,0,12,1,0,1,1,4,1,2,10,0,10,0,0,23,18,23,23,88,88,0,0,0,1,0,2
40,400435,1,1,0,0,0,1,1,127,0,26,7,2015,1,18,30,0,1,3,1,3,SR-3,,8,34.228,-95.596,0,35,0,0,1,1,0,4,1,1,0,1,0,0,88,88,88,88,88,88,0,0,0,1,0,2
40,400438,1,1,0,1,1,1,1,23,0,6,10,2015,3,20,30,1,1,3,1,2,US-70,,11,33.995,-95.504,0,8,0,0,1,1,0,1,3,1,0,1,0,0,20,33,21,25,88,88,0,0,0,1,0,0
40,400439,2,2,0,0,0,2,2,53,0,3,10,2015,7,10,18,0,1,5,1,2,US-64,CR-800,50,36.666,-98.02,0,12,6,0,2,2,0,1,1,10,0,10,0,0,10,5,10,21,88,88,0,0,0,1,0,0
40,400440,2,2,0,0,0,2,2,115,0,16,10,2015,6,6,29,0,1,4,1,2,US-59,,120,36.787,-94.927,0,12,2,0,1,1,0,1,2,1,0,1,0,0,6,28,6,33,88,88,0,0,0,1,0,0
40,400442,2,2,0,0,0,4,4,23,0,13,10,2015,3,7,50,1,1,3,1,2,US-70,CR-N4420,182,34.016,-95.174,0,12,6,0,2,2,0,1,1,1,0,1,0,0,8,3,8,20,9,34,0,0,0,1,0,0
40,400443,2,2,0,0,0,7,7,41,5138,6,8,2015,5,21,27,1,2,3,1,2,US-412,,78,36.18,-94.652,0,12,6,0,1,1,0,1,2,10,0,10,0,0,99,99,99,99,99,99,0,0,0,2,0,0
40,400444,3,3,0,0,0,3,3,57,0,7,10,2015,4,12,8,1,1,3,1,2,US-62,,60,34.681,-99.806,0,12,1,0,1,1,0,1,1,1,0,1,0,0,12,10,12,35,13,45,0,0,0,1,0,0
40,400445,1,1,0,0,0,3,3,87,1877,30,10,2015,6,11,53,1,1,1,1,1,I-35,,0,35.171,-97.493,0,32,0,0,1,1,0,4,1,2,0,2,0,0,12,8,12,23,13,15,0,0,0,2,0,1
40,400448,2,2,0,0,0,3,3,65,0,6,10,2015,3,16,12,1,1,3,1,2,US-62,CR-NS196,115,34.638,-99.474,0,12,6,0,2,2,0,1,1,1,0,1,0,0,99,99,99,99,99,99,0,0,0,1,0,0
40,400449,2,2,0,0,0,2,2,99,0,14,10,2015,4,13,33,0,1,4,1,2,US-177,CR-DOLBERG,77,34.622,-96.968,0,12,6,0,2,2,0,1,1,1,0,1,0,0,13,29,13,38,88,88,0,0,0,1,1,0
40,400452,1,1,0,0,0,2,2,135,3290,26,8,2015,4,3,53,1,1,1,1,1,I-40,,0,35.393,-94.596,0,59,0,0,5,1,0,8,2,1,0,1,0,0,99,99,99,99,99,99,0,0,0,1,1,1
40,400453,3,3,0,0,0,4,4,109,3550,14,10,2015,4,16,40,1,2,1,1,1,I-240,,0,35.4,-97.309,0,12,6,0,1,1,0,1,1,1,0,1,0,0,16,40,16,47,88,88,28,0,0,1,0,2
40,400454,3,3,0,1,1,4,4,125,4300,21,10,2015,4,6,21,1,2,1,1,1,I-40,,117,35.384,-96.939,0,8,0,0,1,1,0,1,2,10,0,10,0,0,88,88,88,88,88,88,0,0,0,1,0,1
40,400455,2,2,0,0,0,2,2,153,0,22,10,2015,5,8,32,1,1,3,1,2,US-412,,15,36.434,-99.364,0,12,6,0,1,1,0,1,1,2,0,2,0,0,8,29,8,35,8,51,0,0,0,1,0,0
40,400456,1,1,0,0,0,1,1,139,0,29,10,2015,5,7,10,1,1,3,1,2,US-64,,201,36.724,-101.491,0,11,0,0,1,1,0,1,4,1,0,1,0,0,7,21,7,26,88,88,0,0,0,1,0,0
40,400457,2,2,0,0,0,2,2,9,0,7,11,2015,7,6,42,0,1,5,1,3,SR-6,,80,35.407,-99.513,0,12,6,0,1,1,0,1,4,1,0,1,0,0,6,43,6,53,8,13,0,0,0,1,0,2
40,400461,2,2,0,0,0,3,3,51,0,25,10,2015,1,14,16,0,1,4,1,2,US-62,CR-2760,10,35.084,-98.076,0,12,6,0,2,3,0,1,1,10,0,10,0,0,14,37,14,47,15,12,0,0,0,1,0,0
40,400462,1,1,0,0,0,1,1,51,0,29,10,2015,5,20,13,0,1,5,1,3,SR-92,,52,35.118,-97.882,0,1,0,0,1,1,0,1,2,1,0,1,0,0,20,11,20,22,88,88,0,0,0,1,1,2
40,400469,1,1,0,0,0,1,1,69,0,12,10,2015,2,8,37,0,1,5,1,3,SR-48,,115,34.325,-96.421,0,38,0,0,1,1,0,5,1,1,0,1,0,0,8,29,8,52,9,30,0,0,0,1,0,1
40,400471,1,1,0,1,1,1,1,39,1030,8,9,2015,3,20,47,1,2,3,1,2,US-183,,34,35.512,-98.965,0,8,0,0,1,1,0,1,3,10,0,10,0,0,99,99,99,99,88,88,0,0,0,1,0,0
40,400474,2,2,0,0,0,4,4,83,2730,5,11,2015,5,18,53,0,1,4,1,3,SR-33,CR-HENNEY RD,0,35.95,-97.283,0,12,6,0,2,2,0,1,2,1,0,1,0,0,18,58,19,17,19,53,0,0,0,1,0,1
40,400475,2,2,0,0,0,2,2,71,0,7,11,2015,7,8,5,0,1,4,1,2,US-77,,160,36.905,-97.054,0,12,6,0,1,1,0,1,1,1,0,1,0,0,8,18,8,21,9,1,0,0,0,1,1,0
40,400477,1,1,0,0,0,4,4,83,0,8,11,2015,1,11,50,0,1,5,1,2,US-77,,26,35.918,-97.426,0,24,0,0,1,1,0,4,1,1,0,1,0,0,11,50,11,53,13,13,0,0,0,1,0,0
40,400478,2,2,0,0,0,4,4,87,0,15,11,2015,1,2,32,1,1,1,1,1,I-35,,0,35.159,-97.483,0,12,2,0,1,1,0,1,2,2,0,2,0,0,2,31,2,48,3,34,0,0,0,1,1,1
40,400479,1,1,0,0,0,1,1,81,0,16,11,2015,2,15,8,0,1,5,1,3,SR-18,,0,35.664,-96.89,0,42,0,0,1,1,0,4,1,2,0,2,0,0,99,99,99,99,88,88,0,0,0,1,0,2
40,400480,2,2,0,0,0,4,4,31,0,2,11,2015,2,7,41,1,1,3,1,2,US-62,,46,34.851,-98.387,0,12,2,0,1,1,0,2,4,2,0,2,0,0,7,40,7,51,8,11,0,0,0,1,0,0
40,400482,2,2,0,0,0,3,3,13,0,11,11,2015,4,16,3,1,1,3,1,2,US-70,,228,34.026,-95.999,0,12,6,0,1,1,0,1,1,10,0,10,0,0,16,2,16,25,16,57,0,0,0,1,0,0
40,400487,2,2,0,0,0,2,2,153,5220,16,10,2015,6,13,39,1,2,3,1,2,US-183,,67,36.443,-99.434,0,12,6,0,1,1,0,1,1,1,0,1,0,0,13,39,13,45,88,88,0,0,0,1,0,0
40,400488,2,2,0,0,0,3,3,33,0,16,9,2015,4,17,35,0,1,5,1,2,US-70,,0,34.174,-98.488,0,12,7,0,1,1,0,1,1,1,0,1,0,0,17,22,17,44,18,9,0,0,0,1,0,0
40,400491,2,2,0,0,0,3,3,131,0,31,10,2015,7,13,35,0,2,3,1,3,SR-20,CR-177TH E AVE,20,36.322,-95.776,0,12,6,0,2,2,0,1,1,10,0,10,0,0,13,34,13,40,14,2,0,0,0,1,0,2
40,400492,2,2,0,0,0,4,4,143,0,16,10,2015,6,2,3,1,1,3,1,2,US-75,CR-106 ST N,114,36.308,-95.924,0,12,6,0,2,2,0,1,2,10,0,10,0,0,2,0,2,14,3,0,0,0,0,1,0,0
40,400493,2,2,0,0,0,2,2,131,870,9,9,2015,4,13,20,0,2,3,1,3,SR-167,,1,36.179,-95.76,0,12,1,0,8,1,0,1,1,1,0,1,0,0,13,19,13,31,88,88,0,0,0,1,0,2
40,400495,1,1,0,0,0,1,1,1,0,1,9,2015,3,9,5,0,1,5,1,3,SR-100,CR-HORN RD,86,35.805,-94.682,0,42,0,0,3,3,0,4,1,1,0,1,0,0,8,57,9,1,88,88,0,0,0,1,0,1