STATE,ST_CASE,VE_TOTAL,VE_FORMS,PVH_INVL,PEDS,PERNOTMVIT,PERMVIT,PERSONS,COUNTY,CITY,DAY,MONTH,YEAR,DAY_WEEK,HOUR,MINUTE,NHS,RUR_URB,FUNC_SYS,RD_OWNER,ROUTE,TWAY_ID,TWAY_ID2,MILEPT,LATITUDE,LONGITUD,SP_JUR,HARM_EV,MAN_COLL,RELJCT1,RELJCT2,TYP_INT,WRK_ZONE,REL_ROAD,LGT_COND,WEATHER1,WEATHER2,WEATHER,SCH_BUS,RAIL,NOT_HOUR,NOT_MIN,ARR_HOUR,ARR_MIN,HOSP_HR,HOSP_MN,CF1,CF2,CF3,FATALS,DRUNK_DR,RANK
40,400496,2,2,0,0,0,5,5,3,0,21,11,2015,7,12,0,0,1,5,1,3,SR-58,,17,36.49,-98.247,0,12,6,0,1,1,0,1,1,1,0,1,0,0,11,56,12,5,13,40,0,0,0,2,0,1
40,400499,1,1,0,0,0,1,1,59,0,24,11,2015,3,5,40,0,1,4,1,3,SR-34,,36,36.64,-99.367,0,31,0,0,1,1,0,4,2,1,0,1,0,0,5,56,6,15,6,37,0,0,0,1,0,2
40,400500,3,3,0,0,0,5,5,83,2000,13,11,2015,6,17,26,1,2,1,1,1,I-35,,144,35.921,-97.387,0,12,7,0,1,1,0,1,1,1,0,1,0,0,17,32,17,37,18,37,0,0,0,1,0,1
40,400501,1,1,0,0,0,1,1,131,0,31,10,2015,7,3,6,0,1,5,1,3,SR-66,,122,36.457,-95.499,0,1,0,0,1,1,0,4,2,2,0,2,0,0,3,5,3,21,4,50,0,0,0,1,1,0
40,400503,2,2,0,0,0,4,4,125,9997,25,11,2015,4,21,50,0,1,4,1,3,SR-9,,15,35.261,-97.122,0,12,2,0,1,1,0,1,2,1,0,1,0,0,21,54,22,11,22,56,0,0,0,1,0,2
40,400504,2,2,0,0,0,2,2,49,0,19,11,2015,5,12,42,1,1,1,1,1,I-35,,2,34.508,-97.176,0,12,1,0,1,1,1,1,1,1,0,1,0,0,12,41,12,53,88,88,0,0,0,1,0,1
40,400505,2,2,0,0,0,4,4,23,2340,25,11,2015,4,11,15,1,2,3,1,2,US-271,CR-2120,53,33.939,-95.524,0,12,6,0,2,2,0,1,1,1,0,1,0,0,11,13,11,24,11,44,0,0,0,1,0,0
40,400508,2,2,0,0,0,5,5,11,0,19,11,2015,5,4,57,1,1,3,1,3,SR-3,CR-N2610,38,35.841,-98.349,0,12,6,0,2,2,0,1,2,1,0,1,0,0,4,49,5,2,88,88,0,0,0,1,0,2
40,400511,2,2,0,0,0,2,2,101,3310,18,11,2015,4,9,36,1,2,2,1,3,SR-165,,0,35.785,-95.311,0,12,6,0,1,1,0,1,1,2,0,2,0,0,9,34,9,42,88,88,0,0,0,1,0,2
40,400513,2,2,0,0,0,2,2,113,9997,24,11,2015,3,18,36,0,2,4,1,3,SR-97,BLACKJACK RD,25,36.162,-96.119,0,12,6,0,3,3,0,1,3,10,0,10,0,0,18,36,18,51,19,35,0,0,0,1,1,2
40,400521,2,2,0,0,0,2,2,9,0,9,12,2015,4,10,51,0,2,3,1,3,SR-34,CR-1130,182,35.379,-99.505,0,12,1,0,3,2,0,1,1,1,0,1,0,0,10,57,11,14,12,36,0,0,0,1,0,2
40,400522,2,2,0,0,0,2,2,21,4600,11,8,2015,3,12,30,0,2,3,1,3,SR-82,CRAFTON ST,0,35.923,-94.956,0,12,6,0,2,3,0,1,1,1,0,1,0,0,11,13,11,42,12,25,0,0,0,1,0,2
40,400525,1,1,0,0,0,2,2,71,0,16,12,2015,4,4,9,0,1,4,1,2,US-177,,0,36.596,-97.076,0,11,0,0,1,1,0,1,2,1,0,1,0,0,4,1,4,1,88,88,0,0,0,2,0,0
40,400526,2,2,0,0,0,5,5,27,3430,5,10,2015,2,16,23,0,1,4,1,3,SR-9,,155,35.232,-97.177,0,12,2,0,8,1,0,1,1,1,0,1,0,0,16,20,16,36,17,32,0,0,0,1,0,2
40,400527,1,1,0,0,0,1,1,143,4170,7,11,2015,7,10,41,0,2,4,1,3,SR-51,AVERY DR,0,36.12,-96.118,0,43,0,1,3,2,0,4,1,1,0,1,0,0,10,40,10,45,11,28,0,0,0,1,0,2
40,400528,1,1,0,0,0,1,1,131,0,18,11,2015,4,18,0,0,1,4,1,3,SR-66,,155,36.496,-95.46,0,11,0,0,1,1,0,1,5,10,0,10,0,0,18,13,18,13,18,59,0,0,0,1,0,0
40,400529,2,2,0,0,0,3,3,51,0,11,12,2015,6,17,38,0,1,5,1,2,US-277,,40,34.942,-98.027,0,12,6,0,1,1,0,1,5,10,0,10,0,0,17,39,17,51,19,18,0,0,0,1,0,0
40,400530,2,2,0,0,0,3,3,77,0,20,12,2015,1,16,35,0,1,5,1,3,SR-1,,23,34.816,-95.481,0,12,6,0,1,1,0,1,5,10,0,10,0,0,16,40,17,1,17,37,0,0,0,1,0,1
40,400533,1,1,0,1,1,2,2,109,3550,22,11,2015,1,0,58,1,2,1,1,1,I-35,,37,35.432,-97.486,0,8,0,0,1,1,0,1,2,1,0,1,0,0,0,58,1,1,1,43,0,0,0,1,0,1
40,400534,1,1,0,1,1,1,1,39,0,27,11,2015,6,1,50,1,2,1,1,1,I-40,,115,35.521,-98.716,0,8,0,0,1,1,0,1,2,2,0,2,0,0,0,55,1,1,88,88,0,0,0,1,0,1
40,400537,1,1,0,0,0,1,1,85,0,20,12,2015,1,17,26,1,1,1,1,1,I-35,,118,33.889,-97.134,0,1,0,0,1,1,0,4,5,10,0,10,0,0,17,32,17,38,88,88,0,0,0,1,0,1
40,400540,1,1,0,2,2,1,1,111,3560,11,10,2015,1,20,24,1,2,3,1,2,US-75,,125,35.607,-95.962,0,8,0,0,1,1,0,1,2,1,0,1,0,0,20,26,20,27,20,47,0,0,0,1,0,0
40,400541,1,1,0,1,1,1,1,81,0,16,9,2015,4,19,16,0,1,4,1,3,SR-99,,1,35.463,-96.673,0,9,0,0,1,1,0,1,1,1,0,1,0,0,19,13,19,29,88,88,0,0,0,1,0,2
40,400543,1,1,0,0,0,1,1,13,1050,4,11,2015,4,16,52,1,1,3,1,2,US-69,,0,33.839,-96.519,0,57,0,0,1,1,0,3,1,1,0,1,0,0,16,8,16,12,88,88,0,0,0,1,0,0
40,400544,1,1,0,1,1,2,2,31,2750,26,11,2015,5,18,37,1,2,1,1,1,I-44,,74,34.606,-98.377,0,8,0,0,1,1,0,1,2,2,0,2,0,0,99,99,99,99,88,88,0,0,0,1,0,1
40,400545,2,2,0,0,0,2,2,143,4780,26,11,2015,5,22,19,1,2,3,1,2,US-69,,70,36.11,-95.86,0,12,1,0,1,1,0,1,2,2,0,2,0,0,99,99,99,99,99,99,26,0,0,1,0,0
40,400546,1,1,0,0,0,2,2,143,4780,9,12,2015,4,23,56,1,2,1,1,1,I-44,,48,36.09,-95.954,0,59,0,0,1,1,0,8,3,1,0,1,0,0,99,99,99,99,99,99,0,0,0,1,0,1
40,400551,1,1,0,0,0,1,1,83,2000,17,12,2015,5,2,50,0,2,3,1,2,US-77,,8,35.892,-97.424,0,42,0,0,1,1,0,5,3,1,0,1,0,0,99,99,99,99,88,88,0,0,0,1,1,0
40,400554,2,2,0,0,0,2,2,93,1610,17,8,2015,2,18,20,0,1,4,1,2,US-60,,0,36.297,-98.48,0,12,1,0,8,1,0,1,1,1,0,1,0,0,18,22,18,26,18,40,0,0,0,1,0,0
40,400555,2,2,0,0,0,2,2,115,3160,30,11,2015,2,14,34,0,2,4,1,3,SR-125,,88,36.853,-94.882,0,12,6,0,1,1,0,1,1,2,0,2,0,0,14,33,14,41,15,38,0,0,0,1,0,2
40,400561,2,2,0,0,0,2,2,27,3550,13,12,2015,1,2,25,1,2,1,1,1,I-44,,0,35.335,-97.592,0,12,2,0,1,1,0,1,2,2,0,2,0,0,2,50,2,50,4,43,0,0,0,1,1,1
40,400564,2,2,0,0,0,2,2,41,0,23,12,2015,4,9,54,0,1,4,1,2,US-59,,59,36.475,-94.782,0,12,6,0,1,1,0,1,1,1,0,1,0,0,9,54,9,59,11,21,0,0,0,1,0,0
40,400565,2,2,0,0,0,4,4,115,0,30,11,2015,2,10,48,0,1,5,1,3,SR-137,CR-E80,31,36.9,-94.788,0,12,6,0,2,2,0,1,1,2,0,2,0,0,10,42,10,53,11,54,0,0,0,2,0,1
40,400568,2,2,0,0,0,2,2,85,0,24,12,2015,5,18,6,0,1,5,1,3,SR-76,,40,33.998,-97.422,0,12,7,0,8,1,0,1,2,10,0,10,0,0,18,6,18,24,19,9,0,0,0,1,0,2
40,400569,1,1,0,0,0,1,1,119,0,28,12,2015,2,5,30,0,1,4,1,3,SR-51,,125,36.116,-96.828,0,24,0,0,1,1,0,4,2,4,0,4,0,0,21,57,22,10,88,88,0,0,0,1,0,2
40,400570,2,2,0,0,0,3,3,123,0,30,12,2015,4,14,21,1,1,3,1,3,SR-3,,95,34.65,-96.548,0,12,6,0,1,1,0,1,1,1,0,1,0,0,14,18,14,31,88,88,0,0,0,1,0,2
40,400571,2,2,0,0,0,5,5,101,0,16,12,2015,4,12,50,0,1,5,1,2,US-64,CR-MCLAIN RD,113,35.566,-95.312,0,12,6,0,2,2,0,1,1,1,0,1,0,0,12,52,13,5,13,42,0,0,0,1,0,0
40,400573,1,1,0,1,1,2,2,71,0,31,12,2015,5,21,47,0,1,4,1,2,US-77,,159,36.903,-97.054,0,8,0,0,1,1,0,1,2,10,0,10,0,0,99,99,99,99,88,88,0,0,0,1,0,0
40,400575,2,2,0,0,0,3,3,109,3550,1,12,2015,3,10,1,1,2,1,1,1,I-44,,0,35.5,-97.578,0,12,1,0,1,1,0,1,1,1,0,1,0,0,10,7,10,15,10,44,0,0,0,1,0,1
40,400577,1,1,0,0,0,1,1,85,0,8,12,2015,3,9,2,0,1,5,1,3,SR-32,,11,33.937,-97.108,0,38,0,0,1,1,0,4,1,1,0,1,0,0,8,54,9,0,9,16,0,0,0,1,0,2
40,400579,1,1,0,0,0,1,1,99,0,25,11,2015,4,17,28,0,1,5,1,2,US-77,,85,34.484,-97.131,0,34,0,0,1,1,0,4,5,10,0,10,0,0,17,14,17,19,20,35,0,0,0,1,0,0
40,400582,1,1,0,0,0,4,4,147,0,20,11,2015,6,22,33,1,1,3,1,2,US-75,,150,36.945,-95.918,0,1,0,0,1,1,0,1,2,2,0,2,0,0,22,44,22,56,0,13,0,0,0,3,0,0
40,400583,2,2,0,0,0,3,3,33,0,10,12,2015,5,15,25,0,1,5,1,2,US-70,CR-NS2470,27,34.178,-98.575,0,12,6,0,2,2,0,1,1,1,0,1,0,0,15,33,16,1,16,27,0,0,0,1,0,0
40,400584,2,2,0,0,0,2,2,109,3550,31,12,2015,5,23,26,1,2,1,1,1,I-40,,0,35.461,-97.56,0,12,1,0,1,1,0,1,2,1,0,1,0,0,23,38,23,48,0,4,0,0,0,1,0,1
40,400585,3,3,0,0,0,3,3,131,3590,24,9,2015,5,16,27,0,1,5,1,3,SR-88,,0,36.438,-95.697,0,12,2,0,1,1,0,1,1,1,0,1,0,0,16,25,16,32,17,27,0,0,0,1,0,1
40,400587,1,1,0,0,0,1,1,67,0,24,12,2015,5,13,25,0,1,5,1,3,SR-89,,68,34.269,-97.598,0,34,0,0,1,1,0,4,1,10,0,10,0,0,13,25,13,53,14,39,0,0,0,1,0,1
40,400591,2,2,0,0,0,2,2,131,0,22,12,2015,3,6,23,0,1,5,1,3,SR-66,CR-EW42,80,36.409,-95.54,0,12,6,0,2,3,0,1,2,5,0,5,0,0,6,27,6,41,88,88,0,0,0,1,0,0
40,400592,2,2,0,0,0,2,2,73,2600,3,12,2015,5,18,42,1,1,3,1,2,US-81,VICTORY LANE,0,35.813,-97.94,0,12,6,0,2,2,0,1,2,1,0,1,0,0,18,38,18,43,88,88,0,0,0,1,1,0
40,400594,2,2,0,0,0,3,3,27,3430,30,8,2015,1,2,25,0,1,4,1,3,SR-9,,0,35.215,-97.217,0,12,2,0,1,1,0,1,2,1,0,1,0,0,99,99,99,99,99,99,0,0,0,1,1,2
40,400595,2,2,0,0,0,2,2,37,1410,5,8,2015,4,20,24,0,1,4,1,3,SR-99,SR-33,0,35.987,-96.584,0,12,6,0,2,2,0,1,9,1,0,1,0,0,99,99,99,99,88,88,0,0,0,1,1,2
41,410013,2,2,0,0,0,2,2,7,80,20,1,2015,3,16,26,1,2,3,1,2,US-101 (ODOT 9),PORTWAY ST,39,46.186,-123.856,0,12,6,0,2,3,0,1,2,1,0,1,0,0,16,26,16,31,16,56,0,0,0,1,0,0
41,410017,2,2,0,0,0,2,2,47,1810,27,1,2015,3,0,42,1,2,1,1,1,I-5,,2547,44.979,-122.992,0,12,1,0,1,1,1,1,2,5,0,5,0,0,0,50,99,99,88,88,0,0,0,1,1,1
41,410019,1,1,0,0,0,1,1,19,0,29,1,2015,5,16,42,1,1,1,1,1,I-5,,1100,43.033,-123.325,0,20,0,0,1,1,0,4,1,10,0,10,0,0,16,52,16,48,17,22,0,0,0,1,0,1
41,410044,1,1,0,1,1,1,1,7,1870,25,2,2015,4,18,49,1,2,3,1,2,US-101 (ODOT 9),,196,46.01,-123.913,0,8,0,0,1,1,0,1,2,2,0,2,0,0,18,49,18,49,99,99,0,0,0,1,0,0
41,410048,2,2,0,0,0,2,2,67,0,27,2,2015,6,13,19,1,2,1,1,1,I-5,,2867,45.338,-122.77,0,1,0,0,1,1,0,1,1,10,0,10,0,0,13,19,13,22,13,52,0,0,0,1,1,1
41,410053,5,5,0,0,0,12,12,51,1650,7,3,2015,7,15,28,1,2,1,1,1,I-5,,3069,45.592,-122.683,0,12,1,0,1,1,0,1,1,1,0,1,0,0,15,29,15,40,16,4,0,0,0,1,0,1
41,410057,1,1,0,0,0,1,1,19,0,13,2,2015,6,15,50,1,1,1,1,1,I-5,,806,42.749,-123.365,0,1,0,0,1,1,0,3,1,10,0,10,0,0,15,54,16,4,88,88,0,0,0,1,0,1
41,410063,1,1,0,1,1,1,1,39,430,17,3,2015,3,20,48,1,2,1,1,1,I-5,,1750,43.811,-123.04,0,8,0,0,1,1,0,2,2,10,0,10,0,0,20,54,21,2,88,88,0,0,0,1,0,1
41,410069,1,1,0,0,0,5,5,61,0,19,3,2015,5,19,13,1,1,1,1,1,I-84,,2764,45.096,-117.953,0,1,0,0,1,1,0,3,1,1,0,1,0,0,19,13,19,28,20,10,0,0,0,1,0,1
41,410076,1,1,0,0,0,1,1,57,0,1,4,2015,4,6,10,1,1,3,1,2,US-101 (ODOT 9),,1008,45.072,-123.948,0,24,0,0,1,1,0,4,2,2,0,2,0,0,6,11,6,25,88,88,0,0,0,1,0,0
41,410087,1,1,0,0,0,8,8,61,0,12,4,2015,1,3,0,1,1,1,1,1,I-84,,2743,45.145,-117.97,0,1,0,0,1,1,0,4,2,1,0,1,0,0,3,7,3,43,4,41,0,0,0,1,0,1
41,410107,1,1,0,0,0,2,2,59,0,26,4,2015,1,2,0,1,1,1,1,1,I-84,,2380,45.494,-118.415,0,1,0,0,1,1,0,3,2,1,0,1,0,0,2,14,3,0,3,54,0,0,0,2,0,1
41,410144,1,1,0,0,0,1,1,57,0,29,5,2015,6,20,44,1,1,3,1,2,US-101 (ODOT 9),,2480,45.652,-123.932,0,42,0,0,1,1,0,4,5,1,0,1,0,0,20,44,20,54,88,88,0,0,0,1,1,0
41,410156,1,1,0,1,1,2,2,39,0,18,6,2015,5,23,59,1,2,1,1,1,I-5,,1982,44.123,-123.048,0,15,0,0,1,1,0,1,2,1,0,1,0,0,23,59,0,20,88,88,0,0,0,1,0,1
41,410158,2,2,0,0,0,2,2,55,0,22,6,2015,2,23,13,1,1,1,1,1,I-84,,1144,45.728,-120.658,0,12,6,0,1,1,0,1,2,1,0,1,0,0,23,19,23,38,88,88,0,0,0,1,1,1
41,410182,2,2,0,0,0,2,2,1,0,4,7,2015,7,1,30,1,1,1,1,1,I-84,,3277,44.587,-117.462,0,12,6,0,1,1,0,1,2,1,0,1,0,0,1,38,1,55,88,88,0,0,0,1,1,1
41,410199,2,2,0,0,0,3,3,49,200,3,9,2015,5,21,25,1,1,1,1,1,I-84,,1653,45.84,-119.679,0,12,2,0,1,1,0,4,2,10,0,10,0,0,21,26,21,42,99,99,0,0,0,2,0,1
41,410207,1,1,0,0,0,4,4,15,0,5,9,2015,7,16,0,1,1,3,1,2,US-101 (ODOT 9),,3335,42.348,-124.417,0,24,0,0,1,1,0,4,1,1,0,1,0,0,16,6,16,20,99,99,0,0,0,1,1,0
41,410214,2,2,0,0,0,3,3,1,0,8,9,2015,3,21,53,1,1,1,1,1,I-84,,3213,44.545,-117.419,0,25,0,0,1,1,0,4,2,1,0,1,0,0,21,53,22,7,88,88,0,0,0,1,1,1
41,410226,2,2,0,0,0,2,2,41,0,31,7,2015,6,7,11,1,2,3,1,2,US-101 (ODOT 9),,1211,44.893,-124.017,0,12,1,0,1,1,0,1,4,1,0,1,0,0,7,14,7,18,88,88,0,0,0,1,0,0
41,410232,2,1,1,0,0,3,3,29,0,8,8,2015,7,7,15,1,1,1,1,1,I-5,,41,42.048,-122.606,0,14,0,0,1,1,0,2,1,1,0,1,0,0,7,17,7,36,99,99,0,0,0,2,0,1
41,410240,2,2,0,0,0,2,2,41,1500,17,7,2015,6,14,57,1,2,3,1,2,US-101 (ODOT 9),NE 36TH ST,1385,44.662,-124.055,0,12,6,0,2,3,0,1,1,1,0,1,0,0,15,5,15,17,15,44,0,0,0,1,0,0
41,410244,1,1,0,1,1,1,1,65,2060,14,8,2015,6,15,4,1,2,1,1,1,I-84,,850,45.601,-121.177,0,8,0,0,1,1,0,1,1,1,0,1,0,0,15,5,15,10,88,88,0,0,0,1,0,1
41,410248,2,2,0,0,0,2,2,45,0,20,8,2015,5,10,38,1,1,1,1,1,I-84,,3572,44.038,-116.962,0,12,1,0,1,1,0,1,1,1,0,1,0,0,10,40,10,55,88,88,0,0,0,1,0,1
41,410261,3,3,0,0,0,3,3,39,0,22,9,2015,3,14,19,1,1,3,1,2,US-101 (ODOT 9),,1726,44.184,-124.115,0,12,6,0,1,1,0,1,1,1,0,1,0,0,99,99,99,99,99,99,0,0,0,1,0,0
41,410268,1,1,0,0,0,1,1,29,0,27,9,2015,1,13,58,1,1,1,1,1,I-5,,55,42.089,-122.603,0,25,0,0,1,1,0,3,1,1,0,1,0,0,13,58,14,3,14,33,0,0,0,1,0,1
41,410277,1,1,0,0,0,7,7,59,1610,3,9,2015,5,14,29,1,2,1,1,1,I-84,,2095,45.665,-118.812,0,1,0,0,1,1,0,3,1,1,0,1,0,0,14,27,14,35,14,53,0,0,0,1,0,1
41,410283,1,1,0,0,0,1,1,15,0,5,5,2015,3,10,18,1,1,3,1,2,US-101 (ODOT 9),,3350,42.317,-124.416,0,34,0,0,1,1,0,4,1,1,0,1,0,0,10,21,10,30,10,57,0,0,0,1,0,0
41,410289,1,1,0,0,0,2,2,29,0,9,11,2015,2,16,29,1,1,1,1,1,I-5,,56,42.089,-122.603,0,1,0,0,1,1,0,4,5,5,0,5,0,0,16,29,17,0,88,88,0,0,0,1,0,1
41,410294,2,2,0,0,0,2,2,39,0,22,10,2015,5,9,50,1,2,1,1,1,I-5,,1883,43.995,-123.005,0,12,6,0,1,1,0,1,1,1,0,1,0,0,9,50,10,2,88,88,0,0,0,1,0,1
41,410327,1,1,0,0,0,2,2,39,690,8,10,2015,5,21,27,1,2,3,1,2,US-101 (ODOT 9),KINGWOOD ST,1908,43.968,-124.108,0,1,0,0,2,3,0,1,2,1,0,1,0,0,21,28,21,33,99,99,0,0,0,1,1,0
41,410329,3,3,0,0,0,5,5,19,0,7,11,2015,7,14,1,1,1,3,1,2,US-101 (ODOT 9),,2174,43.662,-124.188,0,12,2,0,1,1,0,1,1,2,0,2,0,0,14,0,14,12,99,99,14,0,0,1,0,0
41,410333,11,11,0,0,0,14,14,59,0,17,11,2015,3,18,17,1,1,1,1,1,I-84,,1910,45.753,-119.15,0,12,1,0,1,1,0,1,2,7,0,7,0,0,99,99,99,99,99,99,0,0,0,1,0,1
41,410343,1,1,0,0,0,1,1,49,0,4,12,2015,6,6,25,1,1,1,1,1,I-84,,1540,45.813,-119.934,0,17,0,0,1,1,0,4,2,10,0,10,0,0,6,35,6,50,88,88,0,0,0,1,0,1
41,410355,3,2,1,0,0,4,4,1,0,17,12,2015,5,9,15,1,1,1,1,1,I-84,,3290,44.567,-117.434,0,12,6,0,1,1,0,1,1,4,0,4,0,0,9,52,10,9,10,57,0,0,0,2,0,1
41,410369,1,1,0,1,1,1,1,41,1500,28,12,2015,2,19,30,1,2,3,1,2,US-101 (ODOT 9),,1424,44.612,-124.051,0,8,0,0,1,1,0,1,3,2,0,2,0,0,19,31,19,36,99,99,0,0,0,1,0,0
41,410397,2,2,0,0,0,4,4,19,0,29,12,2015,3,0,20,1,1,1,1,1,I-5,,1500,43.562,-123.281,0,12,2,0,1,1,0,1,2,10,0,10,0,0,0,20,0,25,99,99,0,0,0,1,1,1
41,410415,1,1,0,1,1,1,1,11,1510,31,12,2015,5,1,35,1,2,3,1,2,US-101 (ODOT 9),,2350,43.405,-124.223,0,8,0,0,1,1,0,1,2,98,0,98,0,0,1,35,1,39,88,88,0,0,0,1,1,0
42,420039,2,2,0,0,0,3,3,49,0,20,1,2015,3,14,0,0,1,4,1,3,SR-18,,1,41.851,-80.371,0,12,6,0,1,1,0,1,1,1,0,1,0,0,14,0,14,7,99,99,0,0,0,1,0,2
42,420048,3,3,0,0,0,5,5,125,9997,16,1,2015,6,21,40,1,2,1,1,1,I-70,,394,40.114,-79.89,0,12,1,0,1,1,0,1,2,1,0,1,0,0,99,99,99,99,88,88,0,0,0,3,0,1
42,420062,1,1,0,0,0,1,1,125,0,25,2,2015,4,23,23,1,2,1,1,1,I-70,,324,40.133,-80.005,0,24,0,0,1,1,0,4,2,1,0,1,0,0,23,12,23,20,88,88,0,0,0,1,0,0
42,420064,2,2,0,0,0,2,2,35,0,30,1,2015,6,15,25,0,1,5,1,3,SR-64,,39,41.051,-77.5,0,12,6,0,1,1,0,1,1,11,0,11,0,0,15,23,15,33,16,18,0,0,0,1,0,2
42,420066,2,2,0,0,0,4,4,17,0,10,2,2015,3,20,3,1,2,3,1,3,SR-309,,102,40.408,-75.339,0,12,2,0,1,1,0,1,2,1,0,1,0,0,20,4,20,11,20,55,0,0,0,1,0,1
42,420068,2,2,0,0,0,4,4,5,0,13,2,2015,6,13,34,0,2,4,1,3,SR-56,,34,40.584,-79.553,0,12,6,0,8,1,0,1,1,1,0,1,0,0,13,37,14,2,14,30,0,0,0,1,1,2
42,420071,1,1,0,0,0,1,1,109,0,15,1,2015,5,18,54,0,2,4,1,3,SR-204,,4,40.815,-76.869,0,19,0,0,1,1,0,5,2,1,0,1,0,0,18,57,18,59,19,40,0,0,0,1,1,2
42,420077,2,2,0,0,0,2,2,5,0,23,2,2015,2,8,0,1,1,3,1,3,SR-28,,139,40.842,-79.464,0,12,2,0,1,1,0,1,1,1,0,1,0,0,7,58,8,12,88,88,0,0,0,1,0,2
42,420084,1,1,0,0,0,1,1,59,0,28,2,2015,7,6,0,1,1,1,1,1,I-79,,180,39.951,-80.165,0,35,0,0,1,1,0,4,4,1,0,1,0,0,6,20,6,29,88,88,0,0,0,1,0,0
42,420090,1,1,0,0,0,1,1,101,6540,1,2,2015,1,4,41,1,2,3,99,2,US-1 ROOSEVELT BLVD,,93,40.029,-75.102,0,59,0,0,1,1,0,3,3,1,0,1,0,0,4,40,4,47,88,88,0,0,0,1,1,2
42,420122,2,2,0,1,1,1,1,125,0,17,2,2015,3,6,35,1,1,1,1,1,I-70,,90,40.124,-80.369,0,12,1,0,1,1,0,1,2,4,0,4,0,0,6,41,7,7,7,48,19,0,0,1,0,0
42,420124,2,2,0,0,0,3,3,115,0,16,2,2015,2,7,39,1,1,1,1,1,I-81 AMERICAN LEGION MEM HWY,,2194,41.824,-75.68,0,48,0,0,1,1,0,4,1,4,0,4,0,0,7,38,7,58,8,55,0,0,0,1,0,0
42,420143,2,1,1,0,0,2,2,95,8140,4,3,2015,4,2,25,1,2,3,1,3,SR-33,,89,40.755,-75.269,0,14,0,1,19,1,0,2,3,4,0,4,0,0,99,99,99,99,99,99,0,0,0,1,1,1
42,420148,2,2,0,0,0,2,2,115,0,18,3,2015,4,5,38,1,1,1,1,1,I-81 AMERICAN LEGION MEM HWY,,2182,41.808,-75.687,0,12,2,0,1,1,0,1,2,1,0,1,0,0,5,37,5,58,88,88,0,0,0,1,1,0
42,420158,3,3,0,0,0,8,8,3,0,11,2,2015,4,7,20,1,2,3,99,2,US-30 LINCOLN HWY,CLYDE AVE,115,40.389,-79.83,0,12,7,0,3,3,0,1,1,1,0,1,1,0,7,19,7,26,7,53,0,0,0,1,0,0
42,420165,2,2,0,0,0,2,2,95,0,9,1,2015,6,5,23,1,1,1,1,1,I-78,,799,40.65,-75.249,0,12,1,0,1,1,0,1,2,4,0,4,0,0,99,99,99,99,88,88,19,0,0,1,0,1
42,420167,2,2,0,0,0,4,4,109,0,14,1,2015,4,20,0,1,2,3,99,2,US-522,SR-1011 SALEM RD,258,40.805,-76.89,0,12,6,0,2,2,0,1,2,1,0,1,0,0,99,99,99,99,99,99,0,0,0,1,0,0
42,420171,3,3,0,0,0,4,4,89,0,20,3,2015,6,12,42,0,2,4,1,3,SR-115,ALLEGHENEY DR,81,41.009,-75.477,0,12,11,0,2,2,0,1,1,4,0,4,0,0,99,99,99,99,99,99,0,0,0,1,0,2
42,420177,3,3,0,0,0,4,4,95,0,24,3,2015,3,21,24,1,1,3,1,3,SR-33,,75,40.738,-75.268,0,12,7,1,18,1,1,1,2,1,0,1,0,0,99,99,99,99,99,99,0,0,0,2,0,1
42,420178,1,1,0,0,0,1,1,89,0,12,3,2015,5,1,2,0,1,4,1,3,SR-191,,140,41.102,-75.255,0,42,0,0,1,1,0,4,2,1,0,1,0,0,99,99,99,99,88,88,0,0,0,1,0,0
42,420186,1,1,0,0,0,4,4,125,0,1,3,2015,1,4,22,1,1,1,1,1,I-70,,108,40.13,-80.339,0,35,0,0,1,1,0,3,2,4,0,4,0,0,99,99,99,99,88,88,0,0,0,1,0,0
42,420193,2,2,0,0,0,4,4,79,0,3,4,2015,6,6,36,1,1,1,1,1,I-81 AMERICAN LEGION MEM HWY,,1497,41.029,-76.011,0,12,2,0,1,1,0,1,4,1,0,1,0,0,6,43,6,54,99,99,0,0,0,3,0,0
42,420209,1,1,0,0,0,1,1,29,0,4,4,2015,7,9,25,1,2,2,99,2,US-202,,92,40.023,-75.588,0,24,0,0,1,1,0,4,1,1,0,1,0,0,9,26,9,33,88,88,0,0,0,1,0,0
42,420212,2,2,0,0,0,3,3,133,0,3,4,2015,6,16,30,1,1,3,99,2,US-30 LINCOLN HWY,,18,39.899,-76.951,0,12,2,0,1,1,0,1,1,1,0,1,0,0,99,99,99,99,99,99,0,0,0,2,0,0
42,420216,2,2,0,0,0,2,2,101,6540,29,4,2015,4,21,25,1,2,3,99,2,US-1 ROOSEVELT BLVD,,97,40.026,-75.096,0,24,0,0,1,1,0,3,3,1,0,1,0,0,21,21,21,27,21,44,0,0,0,1,0,2
42,420217,1,1,0,0,0,1,1,11,0,25,4,2015,7,2,28,0,1,5,1,3,SR-143,,119,40.637,-75.855,0,42,0,0,1,1,0,4,2,1,0,1,0,0,99,99,99,99,88,88,0,0,0,1,1,2
42,420220,1,1,0,0,0,1,1,101,6540,22,4,2015,4,4,21,1,2,3,99,2,US-1 ROOSEVELT BLVD,,129,40.053,-75.05,0,42,0,0,1,1,0,3,3,1,0,1,0,0,4,21,4,28,4,58,0,0,0,1,0,2
42,420222,3,1,2,0,2,1,3,43,0,15,4,2015,4,3,20,1,2,1,1,1,I-81 AMERICAN LEGION MEM HWY,,795,40.373,-76.678,0,14,0,0,1,1,0,2,2,1,0,1,0,0,99,99,99,99,88,88,14,0,0,1,0,0