STATE,ST_CASE,VE_TOTAL,VE_FORMS,PVH_INVL,PEDS,PERNOTMVIT,PERMVIT,PERSONS,COUNTY,CITY,DAY,MONTH,YEAR,DAY_WEEK,HOUR,MINUTE,NHS,RUR_URB,FUNC_SYS,RD_OWNER,ROUTE,TWAY_ID,TWAY_ID2,MILEPT,LATITUDE,LONGITUD,SP_JUR,HARM_EV,MAN_COLL,RELJCT1,RELJCT2,TYP_INT,WRK_ZONE,REL_ROAD,LGT_COND,WEATHER1,WEATHER2,WEATHER,SCH_BUS,RAIL,NOT_HOUR,NOT_MIN,ARR_HOUR,ARR_MIN,HOSP_HR,HOSP_MN,CF1,CF2,CF3,FATALS,DRUNK_DR,RANK
42,420236,1,1,0,0,0,2,2,123,0,7,4,2015,3,14,12,0,1,4,1,3,SR-27,,59,41.703,-79.534,0,32,0,0,1,1,0,4,1,1,0,1,0,0,99,99,99,99,99,99,0,0,0,1,0,2
42,420241,1,1,0,0,0,1,1,79,0,11,4,2015,7,22,29,1,1,1,1,1,I-80,,2511,41.004,-76.162,0,24,0,0,1,1,0,4,2,1,0,1,0,0,22,28,22,46,88,88,0,0,0,1,1,0
42,420253,2,2,0,0,0,2,2,81,0,9,5,2015,7,20,48,0,1,4,1,3,SR-42,,22,41.249,-76.521,0,12,6,0,8,1,0,1,2,1,0,1,0,0,20,47,21,11,88,88,0,0,0,1,1,1
42,420262,2,2,0,0,0,3,3,27,0,24,5,2015,1,20,36,1,1,3,1,3,SR-144,SHORT RD,14,40.811,-77.637,0,12,6,0,2,3,0,1,2,1,0,1,0,0,20,44,20,50,99,99,14,0,0,1,0,2
42,420266,1,1,0,0,0,1,1,95,0,2,5,2015,7,8,58,1,1,3,1,3,SR-33,,46,40.701,-75.289,0,24,0,0,1,1,0,4,1,1,0,1,0,0,99,99,99,99,88,88,0,0,0,1,0,1
42,420278,2,2,0,0,0,3,3,129,0,5,5,2015,3,1,50,1,1,3,99,2,US-30 LINCOLN HWY,,302,40.265,-79.287,0,12,2,0,1,1,0,1,2,1,0,1,0,0,1,44,1,52,2,40,0,0,0,1,1,0
42,420280,2,2,0,0,0,2,2,77,0,4,5,2015,2,14,0,1,2,1,1,1,I-78,,617,40.565,-75.413,0,12,7,0,1,1,0,1,1,1,0,1,0,0,99,99,99,99,99,99,28,0,0,1,0,1
42,420281,2,2,0,0,0,2,2,129,0,8,5,2015,6,14,58,1,2,3,99,2,US-30 LINCOLN HWY,,27,40.335,-79.744,0,12,6,0,8,1,0,1,1,1,0,1,0,0,14,36,14,44,15,5,0,0,0,1,0,0
42,420291,1,1,0,0,0,1,1,131,0,24,5,2015,1,2,55,0,1,5,99,2,US-11,,59,41.64,-75.781,0,24,0,0,1,1,0,4,2,1,0,1,0,0,2,58,3,10,88,88,0,0,0,1,0,0
42,420310,2,2,0,0,0,2,2,113,0,8,5,2015,6,18,10,0,1,4,99,2,US-220,SR-2002 MAIN ST,47,41.352,-76.555,0,12,6,0,2,3,0,1,1,1,0,1,0,0,18,17,18,50,88,88,0,0,0,1,1,0
42,420329,1,1,0,0,0,1,1,129,7185,30,5,2015,7,17,52,1,2,3,1,3,SR-51,SR-3109 FELLS CHURCH RD,62,40.197,-79.83,0,43,0,0,3,3,0,5,1,1,0,1,0,0,17,53,18,0,88,88,0,0,0,1,1,2
42,420344,3,3,0,0,0,5,5,3,0,7,5,2015,5,8,15,1,2,2,99,2,US-22,,56,40.438,-80.195,0,12,7,0,1,1,2,1,1,1,0,1,0,0,8,16,8,23,9,26,3,0,0,1,0,0
42,420353,1,1,0,0,0,1,1,97,0,18,5,2015,2,13,52,1,1,3,1,3,SR-61,,124,40.821,-76.584,0,35,0,0,1,1,0,4,1,1,0,1,0,0,99,99,99,99,99,99,0,0,0,1,0,2
42,420367,1,1,0,0,0,1,1,79,360,7,5,2015,5,6,50,1,2,1,1,1,I-81 AMERICAN LEGION MEM HWY,,1786,41.344,-75.731,0,20,0,0,1,1,1,4,1,1,0,1,0,0,6,51,7,0,88,88,3,0,0,1,0,0
42,420368,1,1,0,0,0,1,1,59,0,9,5,2015,7,7,1,1,1,1,1,1,I-79,,105,39.853,-80.121,0,24,0,0,1,1,0,4,1,1,0,1,0,0,7,2,7,10,88,88,0,0,0,1,0,0
42,420378,2,2,0,0,0,3,3,109,4676,20,3,2015,6,6,45,1,1,3,99,2,US-522,,14,40.709,-77.318,0,12,6,0,1,1,0,1,2,4,0,4,0,0,6,55,7,17,88,88,0,0,0,2,0,0
42,420380,1,1,0,0,0,1,1,129,0,24,5,2015,1,1,33,0,2,4,1,3,SR-130,,84,40.346,-79.637,0,35,0,0,1,1,0,4,2,1,0,1,0,0,1,33,1,38,88,88,0,0,0,1,1,2
42,420408,2,2,0,0,0,2,2,133,0,30,6,2015,3,21,10,1,2,3,99,2,US-30 LINCOLN HWY,SR-116 HANOVER RD,91,39.928,-76.823,0,12,1,0,3,2,0,1,3,1,0,1,0,0,99,99,99,99,88,88,0,0,0,1,1,0
42,420409,1,1,0,0,0,4,4,111,0,14,6,2015,1,23,25,1,1,3,99,2,US-30 LINCOLN HWY,,126,40.097,-78.937,0,42,0,0,1,1,0,5,2,2,0,2,0,0,23,43,23,53,99,99,0,0,0,1,0,0
42,420430,2,2,0,0,0,3,3,111,9420,10,6,2015,4,15,0,1,1,3,1,3,SR-56,,13,40.234,-78.832,0,24,0,0,1,1,0,4,1,1,0,1,0,0,15,5,15,9,15,39,0,0,0,1,0,2
42,420433,1,1,0,0,0,1,1,57,0,26,6,2015,6,17,6,1,1,3,99,2,US-30 LINCOLN HWY,,179,39.925,-77.961,0,24,0,0,1,1,0,4,1,1,0,1,0,0,17,6,17,14,17,30,0,0,0,1,0,0
42,420451,2,2,0,0,0,5,5,9,0,22,6,2015,2,14,45,1,1,3,99,2,US-30 LINCOLN HWY,,52,40.042,-78.681,0,1,0,0,8,1,0,1,1,1,0,1,0,0,14,49,15,2,15,29,0,0,0,1,0,0
42,420454,2,2,0,0,0,3,3,77,0,1,6,2015,2,0,51,1,2,1,1,1,I-78,,600,40.554,-75.432,0,25,0,0,1,1,0,4,2,2,0,2,0,0,88,88,88,88,88,88,0,0,0,2,2,1
42,420470,1,1,0,0,0,2,2,101,6540,4,7,2015,7,2,55,1,2,3,99,2,US-1 ROOSEVELT BLVD,,97,40.026,-75.096,0,42,0,0,1,1,0,3,3,1,0,1,0,0,99,99,99,99,99,99,0,0,0,1,1,2
42,420478,2,2,0,0,0,3,3,129,0,10,7,2015,6,11,58,0,2,3,1,3,SR-130,,68,40.359,-79.661,0,12,2,0,1,1,0,1,1,2,0,2,0,0,99,99,99,99,99,99,0,0,0,1,0,2
42,420482,2,2,0,0,0,2,2,77,0,30,7,2015,5,13,49,0,2,4,1,3,SR-100,,99,40.603,-75.639,0,12,6,0,1,1,0,1,1,2,0,2,0,0,99,99,99,99,99,99,0,0,0,1,0,1
42,420484,2,2,0,0,0,2,2,39,0,27,7,2015,2,13,56,0,1,4,1,3,SR-27,,229,41.622,-79.644,0,12,8,0,1,1,0,1,1,1,0,1,0,0,13,50,14,0,14,25,0,0,0,1,0,2
42,420532,1,1,0,0,0,2,2,101,6540,10,8,2015,2,2,26,1,2,3,99,2,US-1 ROOSEVELT BLVD,SR-1002 ADAMS AVE,92,40.03,-75.103,0,46,0,0,3,2,0,10,3,1,0,1,0,0,2,27,2,31,88,88,0,0,0,2,1,2
42,420533,1,1,0,1,1,1,1,101,6540,28,12,2015,2,5,39,1,2,3,99,2,US-1 ROOSEVELT BLVD,SR-2009 HARBISON AVE,115,40.037,-75.064,0,8,0,0,2,2,0,1,3,1,0,1,0,0,5,36,5,41,88,88,0,0,0,1,0,2
42,420541,1,1,0,0,0,2,2,95,8140,19,12,2015,7,22,19,1,2,3,1,3,SR-33,,85,40.753,-75.267,0,35,0,0,1,1,0,3,3,1,0,1,0,0,99,99,99,99,99,99,0,0,0,2,0,1
42,420542,1,1,0,0,0,1,1,95,3220,8,12,2015,3,3,55,1,2,1,1,1,I-78,,747,40.668,-75.23,0,35,0,0,1,1,0,4,2,1,0,1,0,0,99,99,99,99,99,99,0,0,0,1,0,1
42,420547,1,1,0,0,0,1,1,89,0,27,7,2015,2,18,45,0,1,4,1,3,SR-191,,208,41.181,-75.274,0,1,0,0,1,1,0,1,1,1,0,1,0,0,99,99,99,99,99,99,0,0,0,1,0,0
42,420550,3,3,0,0,0,3,3,89,0,11,7,2015,7,10,5,0,1,4,1,3,SR-191,SR-447 CREEK RD,108,41.068,-75.219,0,12,6,0,2,4,0,1,1,1,0,1,0,0,99,99,99,99,99,99,0,0,0,1,0,0
42,420599,2,2,0,0,0,3,3,17,0,8,12,2015,3,19,1,9,9,99,99,2,US-202,,0,40.375,-74.964,9,12,2,0,1,1,0,2,2,1,0,1,0,0,19,7,19,15,19,51,0,0,0,2,0,0
42,420624,2,2,0,0,0,2,2,89,0,4,9,2015,6,15,15,0,2,4,1,3,SR-115,SR-3005 GILBERT RD,23,40.939,-75.436,0,12,6,0,2,3,0,1,1,1,0,1,0,0,99,99,99,99,99,99,0,0,0,1,0,2
42,420628,1,1,0,1,1,1,1,89,0,28,9,2015,2,2,6,0,2,7,1,3,SR-191,,85,41.039,-75.21,0,8,0,0,1,1,0,1,3,1,0,1,0,0,99,99,99,99,99,99,0,0,0,1,0,0
42,420636,1,1,0,0,0,1,1,107,0,21,8,2015,6,22,9,1,1,3,1,3,SR-309,,12,40.711,-75.83,0,24,0,0,1,1,0,4,2,1,0,1,0,0,99,99,99,99,99,99,0,0,0,1,1,1
42,420659,1,1,0,0,0,1,1,71,0,21,8,2015,6,2,36,1,2,2,99,2,US-30 LINCOLN HWY,,44,40.039,-76.455,0,24,0,1,19,1,2,4,2,1,0,1,0,0,99,99,99,99,88,88,0,0,0,1,1,0
42,420660,1,1,0,0,0,5,5,117,0,16,7,2015,5,7,30,0,1,4,1,3,SR-14,LEONARDS RD,54,41.589,-76.884,0,43,0,0,3,4,0,4,1,1,0,1,0,0,7,38,7,45,9,15,0,0,0,1,0,2
42,420686,3,3,0,0,0,3,3,77,0,13,7,2015,2,15,26,1,2,2,1,3,SR-309,SR-2036 SAUCON VALLEY RD,42,40.548,-75.424,0,12,6,0,2,2,0,1,1,1,0,1,0,0,99,99,99,99,99,99,0,0,0,1,0,1
42,420688,1,1,0,0,0,1,1,37,0,17,10,2015,7,0,30,0,1,4,1,3,SR-118,,43,41.277,-76.37,0,30,0,0,1,1,0,4,2,1,0,1,0,0,99,99,99,99,88,88,0,0,0,1,1,2
42,420694,1,1,0,0,0,1,1,81,0,10,8,2015,2,12,55,0,1,7,3,5,RIVER RD,,0,41.184,-76.813,0,1,0,0,1,1,0,4,1,1,0,1,0,0,12,57,13,1,88,88,0,0,0,1,0,0
42,420704,22,18,4,4,4,32,32,31,0,7,1,2015,4,13,41,1,1,1,1,1,I-80,,209,41.181,-79.338,0,14,0,0,1,1,0,2,1,4,0,4,0,0,14,9,14,17,14,47,19,0,0,1,0,0
42,420710,6,6,0,0,0,6,6,41,0,13,8,2015,5,7,40,1,2,1,1,1,I-81,,192,40.187,-77.22,0,12,1,0,1,1,0,1,1,1,0,1,0,0,99,99,99,99,99,99,28,0,0,1,0,0
42,420713,4,3,1,0,0,3,3,67,0,16,7,2015,5,15,50,0,1,4,1,3,SR-35,,308,40.615,-77.315,0,12,1,0,1,1,0,1,1,1,0,1,0,0,15,51,15,56,99,99,0,0,0,1,0,1
42,420722,4,4,0,0,0,24,24,77,660,27,10,2015,3,17,51,1,2,2,99,2,US-22,,95,40.644,-75.43,0,12,1,1,18,1,0,1,1,1,0,1,0,0,99,99,99,99,99,99,14,20,0,1,0,0
42,420730,1,1,0,0,0,3,3,67,0,7,12,2015,2,8,41,0,1,5,1,3,SR-35,,82,40.422,-77.63,0,35,0,0,1,1,0,4,1,5,0,5,0,0,8,43,8,58,99,99,0,0,0,1,0,1
42,420732,2,2,0,0,0,3,3,17,0,9,9,2015,4,13,44,1,2,3,1,3,SR-309,WEST PUMPING STATION ROAD,141,40.459,-75.368,0,12,6,0,2,2,0,1,1,1,0,1,0,0,13,45,13,55,14,36,0,0,0,1,0,1
42,420734,1,1,0,0,0,1,1,63,0,22,9,2015,3,16,10,1,1,3,99,2,US-119,,281,40.789,-79.054,0,30,0,0,1,1,0,4,1,1,0,1,0,0,16,10,16,26,88,88,0,0,0,1,0,0
42,420759,2,2,0,0,0,2,2,77,0,28,8,2015,6,18,23,1,2,3,1,3,SR-100,GLENLIVET DR,87,40.59,-75.629,0,12,2,0,2,2,0,1,1,1,0,1,0,0,99,99,99,99,99,99,0,0,0,1,0,1
42,420766,2,2,0,0,0,4,4,55,0,5,4,2015,1,11,15,1,2,1,1,1,I-81 AMERICAN LEGION MEM HWY,,45,39.783,-77.714,0,12,6,0,1,1,0,1,1,1,0,1,0,0,99,99,99,99,99,99,0,0,0,3,0,0
42,420807,1,1,0,0,0,1,1,83,0,4,10,2015,1,11,55,0,1,5,1,3,SR-46,,283,41.922,-78.567,0,35,0,0,1,1,0,5,1,1,0,1,0,0,99,99,99,99,99,99,0,0,0,1,1,1
42,420810,1,1,0,1,1,1,1,5,0,7,9,2015,2,3,22,0,1,5,1,3,SR-210,,67,40.721,-79.306,0,8,0,0,1,1,0,1,2,5,0,5,0,0,3,34,3,51,5,16,16,0,0,1,0,2
42,420815,3,3,0,0,0,4,4,5,0,8,8,2015,7,12,31,1,1,3,1,3,SR-28,,179,40.875,-79.409,0,12,8,0,1,1,0,1,1,1,0,1,0,0,12,31,12,46,88,88,0,0,0,1,0,2
42,420819,1,1,0,0,0,1,1,117,0,30,8,2015,1,22,42,0,1,7,1,3,SR-49,,121,41.961,-77.391,0,1,0,0,1,1,0,6,2,5,0,5,0,0,22,40,22,44,88,88,0,0,0,1,1,1
42,420834,1,1,0,1,1,1,1,101,6540,25,9,2015,6,20,40,1,2,3,99,2,US-1 ROOSEVELT BLVD,,146,40.074,-75.035,0,8,0,0,1,1,0,1,3,1,0,1,0,0,20,44,20,52,88,88,0,0,0,1,0,2
42,420860,2,2,0,0,0,3,3,69,7460,21,10,2015,4,4,37,1,2,1,1,1,I-81 AMERICAN LEGION MEM HWY,,1820,41.372,-75.681,0,12,1,1,18,1,0,1,3,1,0,1,0,0,99,99,99,99,99,99,0,0,0,1,1,0
42,420862,2,2,0,0,0,2,2,69,2120,15,10,2015,5,3,4,1,2,1,1,1,I-81 AMERICAN LEGION MEM HWY,,1888,41.436,-75.63,0,12,2,0,1,1,0,1,3,1,0,1,0,0,99,99,99,99,88,88,0,0,0,1,1,0
42,420868,1,1,0,0,0,2,2,107,0,6,11,2015,6,17,0,0,1,7,1,3,SR-183,,8,40.539,-76.22,0,24,0,0,1,1,0,4,2,1,0,1,0,0,99,99,99,99,99,99,0,0,0,2,0,2
42,420895,3,2,1,3,3,1,1,77,0,25,12,2015,6,20,45,1,2,1,1,1,I-78,,5344,40.577,-75.55,0,12,2,0,1,1,0,1,2,2,0,2,0,0,99,99,99,99,99,99,19,15,0,1,0,1
42,420923,1,1,0,0,0,2,2,101,6540,24,11,2015,3,18,40,1,2,3,99,2,US-1 ROOSEVELT BLVD,,19,40.029,-75.108,0,33,0,0,1,1,0,4,3,1,0,1,0,0,18,41,18,44,19,22,0,0,0,1,0,2
42,420931,2,2,0,0,0,3,3,69,0,27,11,2015,6,0,33,1,2,1,1,1,I-81 AMERICAN LEGION MEM HWY,,1949,41.498,-75.678,0,12,1,0,1,1,0,1,2,1,0,1,0,0,99,99,99,99,99,99,0,0,0,1,0,0
42,420948,1,1,0,0,0,1,1,107,0,26,9,2015,7,17,48,0,1,3,1,3,SR-309,,78,40.756,-75.935,0,24,0,0,1,1,0,4,1,1,0,1,0,0,88,88,88,88,88,88,0,0,0,1,0,1
42,420951,1,1,0,0,0,1,1,109,0,10,10,2015,7,19,45,1,1,3,60,2,US-522,,146,40.785,-77.094,0,35,0,0,1,1,0,4,2,1,0,1,0,0,99,99,99,99,99,99,0,0,0,1,1,0
42,420957,1,1,0,0,0,1,1,89,0,13,12,2015,1,4,19,0,2,3,1,3,SR-115,,68,40.998,-75.462,0,24,0,0,1,1,0,4,2,1,0,1,0,0,99,99,99,99,88,88,0,0,0,1,1,2
42,420967,1,1,0,1,1,1,1,101,6540,18,10,2015,1,14,15,1,2,3,99,2,US-1 ROOSEVELT BLVD,,15,40.027,-75.115,0,8,0,0,1,1,0,1,1,1,0,1,0,0,14,15,14,29,14,40,0,0,0,1,0,2
42,420969,3,3,0,0,0,4,4,81,0,9,10,2015,6,11,20,0,1,4,1,3,SR-42,SR-118 LAIRDSVILLE RD,23,41.25,-76.524,0,12,2,0,2,2,0,1,1,1,0,1,0,0,11,21,11,37,99,99,0,0,0,3,0,1
42,420980,1,1,0,0,0,2,2,41,0,21,10,2015,4,6,35,1,1,1,1,1,I-81 AMERICAN LEGION MEM HWY,,573,40.272,-77.037,0,1,0,0,1,1,0,4,2,1,0,1,0,0,99,99,99,99,99,99,0,0,0,1,0,0
42,421028,1,1,0,1,1,1,1,3,6600,24,11,2015,3,13,29,1,2,4,1,3,SR-51,SR-837 WEST CARSON ST,205,40.444,-80.028,0,8,0,0,3,3,0,1,1,1,0,1,0,0,13,28,13,35,13,51,0,0,0,1,0,2
42,421038,3,3,0,0,0,3,3,101,6540,21,11,2015,7,22,25,1,2,3,1,2,US-1 ROOSEVELT BLVD,WOODWARD ST,144,40.071,-75.038,0,46,0,0,3,2,0,3,3,1,0,1,0,0,22,23,22,28,23,5,0,0,0,1,0,2
42,421082,2,2,0,0,0,3,3,29,0,3,11,2015,3,15,33,1,2,3,99,2,US-30 LINCOLN HWY,COUNTY LINE RD,0,39.987,-75.972,0,12,6,0,2,3,0,1,1,1,0,1,0,0,15,35,15,44,99,99,0,0,0,1,0,0
42,421097,3,3,0,0,0,4,4,129,0,11,10,2015,1,22,20,1,2,1,1,1,I-70,SR-8020 RAMP A RD,4250,40.14,-79.845,0,12,7,1,20,1,0,1,3,1,0,1,0,0,22,25,22,32,23,33,0,0,0,1,0,0
42,421101,2,2,0,0,0,5,5,115,0,19,12,2015,7,19,14,0,1,4,1,3,SR-267,,208,41.897,-76.008,0,12,6,0,1,1,0,1,2,4,0,4,0,0,19,20,19,54,88,88,0,0,0,1,1,2
44,440004,2,2,0,0,0,4,4,7,180,8,3,2015,1,1,4,1,2,1,1,1,I-95,,0,41.866,-71.403,0,12,2,0,1,1,0,1,3,1,0,1,0,0,1,6,1,12,1,36,0,0,0,1,1,1
44,440005,2,2,0,0,0,4,4,7,50,13,3,2015,6,16,40,0,2,2,1,3,SR-37,,0,41.758,-71.478,0,12,2,0,20,1,0,1,1,1,0,1,0,0,16,47,16,53,17,22,0,0,0,1,0,1
44,440009,3,3,0,0,0,8,8,7,190,17,4,2015,6,23,4,0,2,2,1,3,SR-10,,0,41.807,-71.441,0,42,7,0,5,1,0,4,3,1,0,1,0,0,23,8,23,12,88,88,0,0,0,1,1,2
44,440021,2,2,0,0,0,6,6,7,190,26,7,2015,1,0,36,1,2,1,1,1,I-95,,0,41.834,-71.416,0,1,0,0,1,1,0,1,3,1,0,1,0,0,0,37,0,42,0,48,0,0,0,1,1,1
44,440029,2,2,0,0,0,3,3,9,84,21,9,2015,2,21,47,1,1,1,1,1,I-95,,0,41.451,-71.782,0,12,1,0,1,1,0,1,2,1,0,1,0,0,21,46,21,54,22,43,0,0,0,1,0,1
44,440037,1,1,0,2,2,1,1,7,190,29,11,2015,1,17,5,0,2,7,4,6,BROADWAY,MARSHALL ST.,0,41.819,-71.432,0,8,0,0,2,3,0,1,3,1,0,1,0,0,17,8,17,16,17,27,0,0,0,1,0,2
45,450002,1,1,0,0,0,1,1,35,0,1,1,2015,5,21,20,0,1,4,1,3,SR-19,,158,33.09,-80.53,0,11,0,0,1,1,0,1,2,1,0,1,0,0,99,99,99,99,99,99,0,0,0,1,0,2
45,450003,1,1,0,1,1,1,1,19,410,1,1,2015,5,1,9,1,2,2,1,3,SR-171,,29,32.692,-79.964,0,8,0,0,1,1,0,1,3,1,0,1,0,0,1,13,1,23,1,26,0,0,0,1,0,1
45,450004,1,1,0,0,0,1,1,85,2550,2,1,2015,6,2,10,1,2,2,1,2,US-76,,161,33.947,-80.357,0,1,0,0,1,1,0,4,2,1,0,1,0,0,88,88,88,88,88,88,0,0,0,1,1,0
45,450007,1,1,0,0,0,1,1,83,0,4,1,2015,1,3,0,1,2,1,1,1,I-85,,726,35.009,-81.981,0,26,0,0,1,1,0,3,2,1,0,1,0,0,3,1,3,8,3,18,0,0,0,1,0,1
45,450009,2,2,0,0,0,2,2,45,1634,5,1,2015,2,16,43,0,2,4,1,3,SR-107,CR-CARY STREET,34463,34.777,-82.313,0,1,0,0,2,2,0,1,1,1,0,1,0,0,88,88,88,88,88,88,0,0,0,1,0,2
45,450010,1,1,0,1,1,1,1,79,520,5,1,2015,2,18,1,0,2,4,1,3,SR-48,,24,33.973,-81.021,0,9,0,0,1,1,0,1,3,1,0,1,0,0,99,99,99,99,99,99,0,0,0,1,0,1
45,450011,1,1,0,1,1,1,1,45,0,5,1,2015,2,18,35,0,2,3,1,2,US-25,,0,34.838,-82.445,0,8,0,0,1,1,0,1,2,1,0,1,0,0,99,99,99,99,99,99,0,0,0,1,0,0
45,450012,1,1,0,0,0,1,1,59,0,6,1,2015,3,10,45,0,1,3,1,2,US-76,,0,34.518,-82.194,0,53,0,0,1,1,0,4,1,1,0,1,0,0,99,99,99,99,99,99,0,0,0,1,0,0
45,450014,1,1,0,1,1,1,1,19,410,6,1,2015,3,20,10,0,2,3,1,3,SR-61,,102,32.797,-79.996,0,8,0,0,1,1,0,1,3,1,0,1,0,0,99,99,99,99,99,99,0,0,0,1,0,2
45,450016,2,2,0,0,0,3,3,83,0,6,1,2015,3,13,5,0,2,4,1,3,SR-31,SR-44,80,34.97,-81.903,0,12,1,0,2,2,0,1,1,1,0,1,0,0,13,5,13,6,13,18,0,0,0,1,0,2
45,450018,1,1,0,1,1,1,1,13,1145,8,1,2015,5,18,59,0,2,3,1,2,US-287,SR-334,0,32.215,-80.7,0,8,0,0,2,2,0,1,2,1,0,1,0,0,99,99,99,99,99,99,0,0,0,1,0,0
45,450019,1,1,0,0,0,1,1,75,1870,9,1,2015,6,11,21,0,2,4,1,2,US-301,US-21,169,33.491,-80.855,0,10,0,0,6,1,0,1,1,1,0,1,0,720880U,11,23,11,27,11,43,0,0,0,1,0,0
45,450021,3,3,0,0,0,4,4,7,0,9,1,2015,6,15,36,0,2,3,1,3,SR-28,CR-COMMERCE BLVD,0,34.557,-82.692,0,12,6,0,2,2,0,1,1,10,0,10,0,0,99,99,99,99,99,99,0,0,0,1,0,2
45,450022,1,1,0,0,0,2,2,47,0,9,1,2015,6,23,15,0,1,4,1,3,SR-67,,90,34.083,-82.133,0,42,0,0,1,1,0,4,3,1,0,1,0,0,99,99,99,99,99,99,0,0,0,1,1,2
45,450023,3,3,0,1,1,3,3,19,410,10,1,2015,7,17,41,0,2,3,1,3,SR-171,,0,32.767,-79.974,0,8,0,0,1,1,0,1,3,1,0,1,0,0,99,99,99,99,99,99,0,0,0,1,0,1
45,450025,2,2,0,0,0,2,2,75,0,12,1,2015,2,16,35,0,1,4,1,3,SR-61,,0,33.599,-80.917,0,12,6,0,8,1,0,1,5,5,0,5,0,0,16,35,16,56,17,11,0,0,0,1,0,2
45,450028,2,2,0,0,0,4,4,83,350,13,1,2015,3,18,45,0,1,4,1,3,SR-11,CR-RAGAN AVE,0,35.118,-82.166,0,12,6,0,2,3,0,1,2,2,0,2,0,0,18,59,19,9,99,99,0,0,0,1,0,2
45,450029,2,2,0,0,0,2,2,23,0,13,1,2015,3,10,15,0,1,3,1,3,SR-72,CR-CEDAR GROVE CHURCH RD,253,34.809,-81.117,0,12,1,0,2,3,0,1,1,1,0,1,0,0,10,15,10,27,10,52,0,0,0,1,0,2
45,450033,1,1,0,1,1,1,1,91,0,17,1,2015,7,0,45,1,2,1,1,1,I-77,,0,35.069,-80.951,0,8,0,0,1,1,0,1,2,1,0,1,0,0,88,88,88,88,88,88,0,0,0,1,0,0
45,450034,2,2,0,0,0,3,3,15,0,19,1,2015,2,14,0,0,1,4,1,3,SR-59,CR-HOOTERS LANE,0,33.31,-80.252,0,12,6,0,2,3,0,1,1,1,0,1,0,0,99,99,99,99,99,99,0,0,0,1,0,2
45,450036,4,4,0,0,0,5,5,21,0,20,1,2015,3,16,36,1,2,1,1,1,I-85,,928,35.097,-81.655,0,12,2,0,1,1,0,1,1,1,0,1,0,0,99,99,99,99,99,99,0,0,0,2,1,1
45,450037,1,1,0,0,0,1,1,7,0,21,1,2015,4,9,42,0,2,3,1,2,US-29,,0,34.644,-82.525,0,53,0,0,1,1,0,4,1,1,0,1,0,0,99,99,99,99,99,99,0,0,0,1,0,0
45,450038,1,1,0,0,0,1,1,45,0,21,1,2015,4,7,29,0,1,4,1,3,SR-11,,205,35.126,-82.273,0,42,0,0,1,1,0,4,1,1,0,1,0,0,88,88,88,88,88,88,0,0,0,1,0,2
45,450040,2,2,0,0,0,3,3,83,0,11,1,2015,1,21,10,0,2,3,1,2,US-176,,307,34.926,-81.842,0,12,6,0,8,1,0,1,2,2,0,2,0,0,21,18,21,27,21,31,0,0,0,1,1,0
45,450041,1,1,0,0,0,1,1,29,0,22,1,2015,5,19,5,0,1,6,1,3,SR-33,,0,32.891,-80.805,0,35,0,0,1,1,0,4,3,1,0,1,0,0,99,99,99,99,99,99,0,0,0,1,1,1
45,450045,2,2,0,0,0,7,7,23,0,25,1,2015,1,2,44,0,1,4,1,2,US-321,,6,34.567,-81.171,0,12,7,0,1,1,0,1,2,1,0,1,0,0,2,46,3,1,3,40,0,0,0,2,0,0
45,450047,1,1,0,0,0,1,1,83,0,26,1,2015,2,23,20,0,1,4,1,3,SR-38,,0,35.04,-82.117,0,43,0,0,1,1,0,4,2,1,0,1,0,0,88,88,88,88,88,88,0,0,0,1,1,2
45,450048,1,1,0,0,0,1,1,19,410,27,1,2015,3,22,0,0,1,4,1,3,SR-91,,0,32.678,-80.035,0,42,0,0,1,1,0,4,2,1,0,1,0,0,88,88,88,88,88,88,0,0,0,1,0,2
45,450049,2,2,0,0,0,2,2,45,0,27,1,2015,3,20,40,0,2,3,1,3,SR-14,SR-136,196,34.913,-82.237,0,12,6,0,2,2,0,1,3,1,0,1,0,0,20,47,20,54,21,25,0,0,0,1,0,2
45,450051,1,1,0,1,1,1,1,79,520,30,1,2015,6,5,5,1,2,2,1,2,US-1,,0,34.125,-80.872,0,8,0,0,1,1,0,1,2,1,0,1,0,0,88,88,88,88,88,88,0,0,0,1,0,1
45,450052,1,1,0,0,0,1,1,55,0,30,1,2015,6,7,30,0,1,6,1,3,SR-46,,44,34.219,-80.561,0,42,0,0,1,1,0,4,1,1,0,1,0,0,7,40,7,50,8,34,0,0,0,1,0,1
45,450053,2,2,0,0,0,2,2,89,0,30,1,2015,6,11,15,0,2,3,1,2,US-52,SR-292,279,33.821,-79.774,0,12,6,0,2,2,0,1,1,1,0,1,0,0,11,18,11,31,11,49,0,0,0,1,0,0
45,450054,2,1,1,0,0,2,2,77,0,30,1,2015,6,21,30,0,1,6,1,3,SR-273,SR-159,0,34.855,-82.772,0,14,0,0,3,3,0,5,2,1,0,1,0,0,99,99,99,99,99,99,0,0,0,1,1,2
45,450055,1,1,0,0,0,1,1,55,0,30,1,2015,6,13,5,1,1,1,1,1,I-20,,977,34.214,-80.569,0,18,0,0,1,1,0,1,1,1,0,1,0,0,88,88,88,88,88,88,0,0,0,1,0,1
45,450056,1,1,0,0,0,1,1,31,0,31,1,2015,7,22,18,0,1,4,1,3,SR-21,,44,34.423,-80.117,0,34,0,0,1,1,0,4,2,1,0,1,0,0,88,88,88,88,88,88,0,0,0,1,1,2