STATE,ST_CASE,VE_TOTAL,VE_FORMS,PVH_INVL,PEDS,PERNOTMVIT,PERMVIT,PERSONS,COUNTY,CITY,DAY,MONTH,YEAR,DAY_WEEK,HOUR,MINUTE,NHS,RUR_URB,FUNC_SYS,RD_OWNER,ROUTE,TWAY_ID,TWAY_ID2,MILEPT,LATITUDE,LONGITUD,SP_JUR,HARM_EV,MAN_COLL,RELJCT1,RELJCT2,TYP_INT,WRK_ZONE,REL_ROAD,LGT_COND,WEATHER1,WEATHER2,WEATHER,SCH_BUS,RAIL,NOT_HOUR,NOT_MIN,ARR_HOUR,ARR_MIN,HOSP_HR,HOSP_MN,CF1,CF2,CF3,FATALS,DRUNK_DR,RANK
45,450553,3,3,0,0,0,7,7,79,520,25,8,2015,3,18,55,0,2,6,1,3,SR-95,SR-16,16,33.988,-80.989,0,12,6,0,2,2,0,1,5,1,0,1,0,0,19,2,19,10,19,16,0,0,0,1,1,1
45,450554,1,1,0,0,0,1,1,1,0,28,8,2015,6,5,4,0,1,4,1,3,SR-71,,62,34.206,-82.501,0,42,0,0,1,1,0,4,2,1,0,1,0,0,88,88,88,88,88,88,0,0,0,1,1,2
45,450555,2,2,0,0,0,2,2,79,520,28,8,2015,6,6,10,1,2,1,1,1,I-77,,0,33.991,-80.954,0,1,0,0,1,1,0,3,2,1,0,1,0,0,88,88,88,88,88,88,0,0,0,1,1,0
45,450556,2,2,0,0,0,2,2,57,0,28,8,2015,6,9,0,1,1,3,1,3,SR-5,,6,34.851,-80.858,0,12,2,0,1,1,0,1,1,1,0,1,0,0,9,0,9,8,9,32,0,0,0,1,0,1
45,450557,1,1,0,1,1,1,1,41,0,28,8,2015,6,21,10,0,1,4,1,2,US-301,,123,34.034,-79.824,0,9,0,0,1,1,0,1,2,1,0,1,0,0,21,10,21,22,21,26,0,0,0,1,1,0
45,450558,1,1,0,0,0,1,1,19,1237,28,8,2015,6,23,59,0,1,4,1,3,SR-20,,70,32.731,-80.105,0,42,0,0,1,1,0,4,3,1,0,1,0,0,99,99,99,99,99,99,0,0,0,1,0,2
45,450560,1,1,0,1,1,1,1,69,0,29,8,2015,7,3,30,0,1,3,1,2,US-15,,205,34.674,-79.546,0,8,0,0,1,1,0,1,2,1,0,1,0,0,88,88,88,88,88,88,0,0,0,1,0,0
45,450561,1,1,0,0,0,1,1,11,0,29,8,2015,7,0,55,0,1,4,1,3,SR-13,,0,33.427,-81.41,0,35,0,0,1,1,0,4,2,1,0,1,0,0,1,3,1,10,1,40,0,0,0,1,1,2
45,450562,1,1,0,0,0,2,2,79,520,29,8,2015,7,4,10,0,2,3,1,2,US-1,,0,34.036,-81.004,0,30,0,0,1,1,0,4,2,1,0,1,0,0,4,17,4,22,4,40,0,0,0,2,1,1
45,450563,2,2,0,0,0,5,5,45,1040,30,8,2015,1,9,22,0,2,4,1,3,SR-291,SR-29,0,34.88,-82.359,0,12,6,0,3,2,0,1,1,1,0,1,0,0,99,99,99,99,10,6,0,0,0,2,0,2
45,450564,1,1,0,0,0,2,2,71,0,30,8,2015,1,11,45,0,1,4,1,3,SR-26,,11,34.195,-81.518,0,32,0,0,1,1,0,4,1,2,0,2,0,0,88,88,88,88,88,88,0,0,0,1,0,1
45,450565,3,3,0,0,0,3,3,25,0,31,8,2015,2,15,30,0,1,3,1,3,SR-9,SR-896,103,34.766,-80.342,0,12,2,0,2,3,0,1,1,1,0,1,0,0,15,39,15,46,16,21,0,0,0,1,0,2
45,450567,1,1,0,0,0,4,4,83,0,31,7,2015,6,22,3,1,1,1,1,1,I-26,,345,34.773,-81.954,0,24,0,0,1,1,0,3,2,1,0,1,0,0,22,7,22,26,22,32,0,0,0,1,0,1
45,450568,1,1,0,0,0,3,3,27,0,23,8,2015,1,13,35,0,1,4,1,3,SR-49,,51,33.765,-80.192,0,34,0,0,1,1,0,4,1,1,0,1,0,0,99,99,99,99,99,99,0,0,0,1,1,1
45,450569,2,2,0,0,0,2,2,79,0,25,8,2015,3,19,14,0,1,5,1,3,SR-81,,5,34.222,-80.882,0,12,2,0,1,1,0,1,1,1,0,1,0,0,99,99,99,99,99,99,0,0,0,1,0,2
45,450570,1,1,0,1,1,3,3,25,1910,1,9,2015,3,9,39,0,1,3,1,2,US-601,,74,34.769,-80.402,0,8,0,0,1,1,0,1,1,1,0,1,0,0,9,42,9,46,9,51,0,0,0,1,0,0
45,450571,2,2,0,0,0,4,4,63,0,1,9,2015,3,2,4,1,2,1,1,1,I-26,,1132,33.964,-81.097,0,12,1,0,1,1,0,1,2,1,0,1,0,0,2,12,2,15,2,28,0,0,0,1,1,1
45,450572,1,1,0,0,0,1,1,59,0,1,9,2015,3,16,14,0,1,4,1,3,SR-31,,0,34.556,-81.977,0,42,0,0,1,1,0,4,1,1,0,1,0,0,16,16,16,24,16,45,0,0,0,1,0,2
45,450573,1,1,0,1,1,1,1,83,0,2,9,2015,4,22,24,1,2,3,1,3,SR-85,,57,34.997,-81.941,0,8,0,0,1,1,0,1,6,1,0,1,0,0,88,88,88,88,88,88,0,0,0,1,0,1
45,450574,2,2,0,0,0,4,4,45,0,3,9,2015,5,15,55,1,1,3,1,3,SR-11,,57,35.093,-82.434,0,12,2,0,1,1,0,1,1,1,0,1,0,0,99,99,99,99,99,99,0,0,0,1,0,2
45,450575,3,3,0,0,0,4,4,3,0,3,9,2015,5,13,44,0,1,3,1,2,US-1,SR-392,335,33.799,-81.64,0,12,6,0,2,3,0,1,1,1,0,1,0,0,99,99,99,99,99,99,0,0,0,1,0,1
45,450576,1,1,0,0,0,1,1,19,85,2,9,2015,4,23,40,1,2,3,1,2,US-17,,0,33.046,-79.573,0,34,0,0,1,1,0,4,6,1,0,1,0,0,88,88,88,88,88,88,0,0,0,1,0,1
45,450577,1,1,0,1,1,1,1,15,0,12,7,2015,1,3,0,0,2,3,1,2,US-17,,0,33.039,-80.145,0,8,0,0,1,1,0,1,3,1,0,1,0,0,99,99,99,99,99,99,0,0,0,1,0,1
45,450578,2,2,0,0,0,6,6,21,0,2,8,2015,1,21,45,1,2,1,1,1,I-85,,947,35.103,-81.628,0,12,1,0,1,1,0,1,2,1,0,1,0,0,99,99,99,99,99,99,0,0,0,1,0,1
45,450579,1,1,0,0,0,1,1,61,0,5,9,2015,7,0,40,0,1,4,1,3,SR-37,,34,34.143,-80.425,0,42,0,0,1,1,0,4,2,1,0,1,0,0,0,55,1,13,99,99,0,0,0,1,1,1
45,450580,1,1,0,1,1,5,5,85,2550,5,9,2015,7,20,10,1,2,3,1,2,US-76,,161,33.948,-80.358,0,8,0,0,1,1,0,1,2,1,0,1,0,0,99,99,99,99,99,99,0,0,0,1,0,0
45,450582,1,1,0,0,0,4,4,79,0,6,9,2015,1,17,30,1,2,1,1,1,I-26,,1071,34.033,-81.106,0,26,0,0,1,1,0,3,1,2,0,2,0,0,99,99,99,99,99,99,0,0,0,1,0,1
45,450583,1,1,0,0,0,1,1,79,0,6,9,2015,1,4,0,0,1,4,1,3,SR-37,,29,33.915,-80.874,0,53,0,0,8,1,0,4,2,1,0,1,0,0,88,88,88,88,88,88,0,0,0,1,1,1
45,450585,2,2,0,0,0,3,3,7,0,7,9,2015,2,15,52,0,1,3,1,2,US-29,,0,34.548,-82.57,0,12,1,0,1,1,0,1,1,1,0,1,0,0,15,52,15,59,16,10,0,0,0,1,0,0
45,450586,2,2,0,0,0,2,2,51,0,7,9,2015,2,17,17,1,1,3,1,3,SR-9,SR-747,195,34.076,-78.863,0,12,6,0,2,2,0,1,1,2,0,2,0,0,17,20,17,24,17,38,0,0,0,1,0,2
45,450587,3,3,0,0,0,3,3,9,0,8,9,2015,3,16,25,1,1,3,1,2,US-321,,15,33.138,-81.188,0,12,2,0,1,1,0,1,1,10,0,10,0,0,99,99,99,99,99,99,0,0,0,1,0,0
45,450588,3,3,0,0,0,4,4,7,0,8,9,2015,3,5,1,1,2,1,1,1,I-85,,352,34.715,-82.498,0,12,1,0,1,1,0,1,2,1,0,1,0,0,5,15,5,30,99,99,0,0,0,1,0,1
45,450589,1,1,0,0,0,1,1,23,0,28,8,2015,6,15,50,0,1,5,1,3,SR-70,,48,34.776,-80.943,0,34,0,0,1,1,0,4,1,1,0,1,0,0,99,99,99,99,99,99,0,0,0,1,1,2
45,450590,2,2,0,0,0,3,3,51,1825,10,9,2015,5,7,49,0,2,3,1,3,SR-31,,0,33.813,-78.756,0,12,6,0,1,1,0,1,1,1,0,1,0,0,7,51,7,59,8,14,0,0,0,1,0,2
45,450592,1,1,0,0,0,1,1,29,0,11,9,2015,6,19,8,0,1,4,1,3,SR-21,,0,32.967,-80.6,0,42,0,0,1,1,0,4,1,10,0,10,0,0,88,88,88,88,88,88,0,0,0,1,1,2
45,450594,2,2,0,0,0,3,3,59,0,12,9,2015,7,0,27,1,1,1,1,1,I-26,,535,34.477,-81.817,0,12,1,0,1,1,0,1,2,1,0,1,0,0,0,27,0,40,99,99,0,0,0,1,0,1
45,450595,4,4,0,0,0,4,4,51,0,12,9,2015,7,14,0,0,1,3,1,2,US-701,,0,33.737,-79.081,0,12,6,0,8,1,0,1,1,1,0,1,0,0,99,99,99,99,99,99,0,0,0,1,0,1
45,450596,1,1,0,0,0,4,4,33,0,12,9,2015,7,15,59,1,1,1,1,1,I-95,,1873,34.391,-79.46,0,51,0,0,1,1,0,4,1,10,0,10,0,0,15,59,16,10,16,33,0,0,0,1,0,1
45,450598,1,1,0,0,0,1,1,75,0,13,9,2015,1,4,50,0,1,4,1,3,SR-29,,0,33.525,-80.814,0,34,0,0,1,1,0,4,2,1,0,1,0,0,4,50,5,1,5,7,0,0,0,1,1,2
45,450599,1,1,0,0,0,1,1,69,0,14,9,2015,2,15,45,0,1,3,1,3,SR-9,,0,34.707,-79.814,0,33,0,0,1,1,0,4,1,1,0,1,0,0,16,57,17,0,17,26,0,0,0,1,0,2
45,450601,2,2,0,0,0,2,2,55,0,15,9,2015,3,11,40,0,1,3,1,2,US-1,,0,34.354,-80.483,0,12,2,0,1,1,0,1,1,1,0,1,0,0,88,88,88,88,88,88,0,0,0,1,1,1
45,450602,2,2,0,0,0,3,3,7,0,16,9,2015,4,22,19,1,1,2,1,2,US-76,,207,34.485,-82.561,0,12,1,0,1,1,0,1,2,1,0,1,0,0,99,99,99,99,99,99,0,0,0,1,0,0
45,450603,3,3,0,0,0,3,3,15,0,22,7,2015,4,5,30,0,1,3,1,2,US-176,,0,33.112,-80.133,0,12,2,0,1,1,0,1,4,1,0,1,0,0,88,88,88,88,88,88,0,0,0,1,0,0
45,450604,3,3,0,0,0,3,3,75,0,16,9,2015,4,5,0,1,1,3,1,2,US-321,,23,33.428,-81.129,0,12,8,0,1,1,0,1,2,1,0,1,0,0,99,99,99,99,99,99,0,0,0,1,0,0
45,450605,2,2,0,0,0,2,2,45,0,17,9,2015,5,7,28,0,1,3,1,2,US-25,,0,35.058,-82.427,0,12,2,0,1,1,0,1,1,1,0,1,0,0,7,31,7,42,99,99,20,0,0,1,1,0
45,450606,1,1,0,0,0,1,1,45,0,17,9,2015,5,22,55,0,1,4,1,3,SR-101,,0,35.07,-82.306,0,34,0,0,1,1,0,4,2,1,0,1,0,0,88,88,88,88,88,88,0,0,0,1,1,2
45,450607,1,1,0,1,1,1,1,3,0,18,9,2015,6,20,30,0,2,4,1,3,SR-81,SR-2203,3,33.545,-81.806,0,9,0,0,3,3,0,1,2,1,0,1,0,0,20,30,20,34,20,49,0,0,0,1,0,2
45,450608,1,1,0,0,0,1,1,23,0,19,9,2015,7,1,0,0,1,4,1,3,SR-190,,37,34.771,-81.185,0,53,0,0,1,1,0,4,2,1,0,1,0,0,88,88,88,88,88,88,0,0,0,1,1,0
45,450609,1,1,0,0,0,1,1,63,0,19,9,2015,7,1,15,0,1,4,1,3,SR-34,,151,33.861,-81.295,0,53,0,0,1,1,0,5,2,1,0,1,0,0,88,88,88,88,88,88,0,0,0,1,1,2
45,450610,3,3,0,0,0,5,5,27,0,19,9,2015,7,18,50,0,1,4,1,3,SR-26,SR-373,85,33.608,-80.382,0,12,6,0,2,2,0,1,5,1,0,1,0,0,99,99,99,99,99,99,0,0,0,1,0,1
45,450612,2,2,0,0,0,3,3,45,1040,20,9,2015,1,19,18,1,2,1,1,1,I-85,,0,34.813,-82.339,0,12,7,0,1,1,0,1,5,1,0,1,0,0,99,99,99,99,99,99,0,0,0,1,0,1
45,450614,3,3,0,0,0,3,3,51,0,21,9,2015,2,12,18,0,1,3,1,3,SR-90,,155,33.854,-78.769,0,12,8,0,1,1,0,1,1,1,0,1,0,0,12,24,12,33,12,56,0,0,0,1,0,1
45,450615,1,1,0,0,0,1,1,47,0,21,9,2015,2,2,50,0,1,3,1,2,US-221,,62,34.077,-82.219,0,35,0,0,1,1,0,4,2,1,0,1,0,0,2,57,3,4,3,10,0,0,0,1,1,0
45,450616,1,1,0,0,0,1,1,15,0,21,9,2015,2,4,10,1,1,1,1,1,I-26,,1873,33.133,-80.301,0,42,0,0,1,1,0,3,2,1,0,1,0,0,88,88,88,88,88,88,0,0,0,1,0,1
45,450617,1,1,0,0,0,1,1,83,0,23,9,2015,4,8,39,1,1,1,1,1,I-26,,99,35.088,-82.069,0,35,0,0,1,1,0,4,1,1,0,1,0,0,88,88,88,88,88,88,0,0,0,1,0,1
45,450618,1,1,0,1,1,1,1,39,0,24,9,2015,5,6,45,0,1,4,1,3,SR-3,,93,34.324,-80.918,0,8,0,0,1,1,0,1,6,2,0,2,0,0,88,88,88,88,88,88,0,0,0,1,0,2
45,450619,3,3,0,0,0,3,3,7,0,24,9,2015,5,6,50,1,1,1,1,1,I-85,,271,34.644,-82.579,0,12,1,0,1,1,0,1,1,1,0,1,0,0,88,88,88,88,88,88,0,0,0,1,0,1
45,450620,2,2,0,0,0,2,2,23,0,24,9,2015,5,10,5,1,1,1,1,1,I-77,,551,34.608,-81.019,0,24,0,0,1,1,0,4,1,2,0,2,0,0,88,88,88,88,88,88,0,0,0,1,0,0
45,450623,2,2,0,0,0,2,2,19,0,24,9,2015,5,20,6,1,1,2,1,2,US-17,,59,32.755,-80.337,0,12,6,0,1,1,0,1,2,2,0,2,0,0,21,5,21,17,21,38,0,0,0,1,0,1
45,450625,2,2,0,0,0,2,2,3,20,30,9,2015,4,21,33,1,2,3,1,2,US-1,SR-1,339,33.56,-81.718,0,12,6,0,2,2,0,1,5,1,0,1,0,0,21,38,21,40,21,51,0,0,0,1,1,1
45,450626,2,2,0,0,0,2,2,35,2530,30,9,2015,4,22,46,1,2,3,1,2,US-78,SR-194,339,33.035,-80.202,0,12,6,0,2,3,0,1,3,1,0,1,0,0,22,46,22,49,22,59,0,0,0,1,0,0
45,450627,1,1,0,0,0,1,1,51,0,1,10,2015,5,0,30,0,1,4,1,3,SR-24,,0,33.779,-79.192,0,42,0,0,1,1,0,4,2,1,0,1,0,0,88,88,88,88,88,88,0,0,0,1,0,2
45,450628,2,2,0,0,0,3,3,43,0,2,10,2015,6,6,22,0,1,4,1,3,SR-41,,0,33.465,-79.56,0,12,2,0,1,1,0,1,6,2,0,2,0,0,99,99,99,99,99,99,0,0,0,2,0,1
45,450629,1,1,0,1,1,1,1,3,0,2,10,2015,6,6,50,0,1,3,1,2,US-1,SR-154,243,33.693,-81.662,0,8,0,0,2,3,0,1,2,1,0,1,0,0,88,88,88,88,88,88,0,0,0,1,0,1
45,450633,1,1,0,0,0,1,1,3,0,4,10,2015,1,12,45,0,1,4,1,3,SR-14,,0,33.6,-81.388,0,35,0,0,1,1,0,4,1,2,0,2,0,0,88,88,88,88,88,88,0,0,0,1,0,2
45,450634,2,2,0,0,0,3,3,83,0,5,10,2015,2,18,25,0,2,6,1,3,SR-41,,2,34.923,-81.991,0,12,7,0,8,1,0,1,5,10,0,10,0,0,88,88,88,88,88,88,0,0,0,1,0,1
45,450635,2,2,0,0,0,2,2,45,0,5,10,2015,2,19,25,0,2,6,1,3,SR-38,CR-BROOK GLENN RD,0,34.919,-82.311,0,12,6,0,2,3,0,1,5,2,0,2,0,0,88,88,88,88,88,88,0,0,0,1,0,2
45,450636,2,2,0,0,0,2,2,51,0,6,10,2015,3,0,50,1,2,2,1,2,US-17,,333,33.872,-78.624,0,12,1,0,1,1,0,1,2,2,0,2,0,0,88,88,88,88,88,88,0,0,0,1,1,1
45,450637,1,1,0,1,1,1,1,33,0,6,10,2015,3,22,25,0,2,4,1,2,US-301,,122,34.437,-79.355,0,8,0,0,1,1,0,1,2,1,0,1,0,0,22,28,22,32,99,99,0,0,0,1,0,0
45,450640,2,2,0,0,0,2,2,83,0,7,10,2015,4,5,45,0,1,4,1,2,US-176,,29,34.922,-81.823,0,12,1,0,1,1,0,1,6,1,0,1,0,0,99,99,99,99,99,99,0,0,0,1,0,0
45,450641,2,2,0,0,0,4,4,67,0,9,7,2015,5,21,30,1,1,3,1,2,US-278,,73,33.852,-79.299,0,12,2,0,1,1,0,1,1,1,0,1,0,0,99,99,99,99,99,99,0,0,0,1,1,0
45,450643,1,1,0,0,0,2,2,9,0,21,9,2015,2,11,50,1,1,3,1,2,US-321,,78,33.214,-81.175,0,42,0,0,1,1,0,4,1,1,0,1,0,0,99,99,99,99,99,99,0,0,0,1,0,0
45,450644,1,1,0,0,0,1,1,53,1080,14,9,2015,2,7,12,1,1,1,1,1,I-95,,166,32.426,-81.004,0,35,0,0,1,1,0,4,4,1,0,1,0,0,88,88,88,88,88,88,0,0,0,1,0,1
45,450646,2,2,0,0,0,2,2,13,0,7,10,2015,4,19,20,0,2,4,1,3,SR-116,CR-WESTGATE CIRCLE,34,32.456,-80.738,0,12,1,0,2,2,0,1,2,1,0,1,0,0,19,30,19,54,20,30,0,0,0,1,0,1
45,450647,2,2,0,0,0,2,2,69,0,7,10,2015,4,18,25,0,1,3,1,3,SR-38,SR-31,30,34.419,-79.618,0,12,6,0,2,3,0,1,5,1,0,1,0,0,19,36,19,51,99,99,0,0,0,1,0,2
45,450649,1,1,0,1,1,1,1,21,0,8,10,2015,5,20,3,1,2,1,1,1,I-85,,877,35.073,-81.753,0,8,0,0,1,1,0,1,2,1,0,1,0,0,99,99,99,99,99,99,0,0,0,1,0,1
45,450650,1,1,0,0,0,2,2,63,0,9,10,2015,6,0,25,0,1,4,1,3,SR-204,,78,33.915,-81.294,0,35,0,0,1,1,0,4,2,1,0,1,0,0,99,99,99,99,99,99,0,0,0,1,1,2
45,450651,2,2,0,0,0,4,4,83,0,9,10,2015,6,15,18,0,2,4,1,3,SR-79,CR-4TH STREET,0,35.016,-81.976,0,12,6,0,2,3,0,1,1,1,0,1,0,0,15,21,15,27,15,35,0,0,0,1,0,1
45,450653,2,2,0,0,0,2,2,29,0,19,8,2015,4,5,55,0,1,3,1,3,SR-64,,331,32.823,-80.557,0,12,6,0,1,1,0,1,4,1,0,1,0,0,99,99,99,99,99,99,0,0,0,1,1,2
45,450654,1,1,0,0,0,1,1,53,0,10,10,2015,7,17,45,0,1,4,1,3,SR-89,,0,32.201,-81.015,0,38,0,0,1,1,0,4,1,1,0,1,0,0,88,88,88,88,88,88,0,0,0,1,1,1
45,450655,1,1,0,0,0,2,2,41,0,10,10,2015,7,1,50,0,2,3,1,2,US-76,,116,34.155,-79.875,0,38,0,0,1,1,0,4,2,1,0,1,0,0,99,99,99,99,99,99,0,0,0,1,0,0
45,450656,1,1,0,0,0,2,2,49,0,10,10,2015,7,1,1,0,1,4,1,3,SR-13,,32,32.732,-80.882,0,11,0,0,1,1,0,1,2,1,0,1,0,0,99,99,99,99,99,99,0,0,0,1,1,2
45,450657,1,1,0,1,1,1,1,43,0,10,10,2015,7,0,10,0,1,4,1,3,SR-55,,19,33.711,-79.308,0,8,0,0,1,1,0,1,2,1,0,1,0,0,99,99,99,99,99,99,0,0,0,1,0,2
45,450658,1,1,0,1,1,1,1,39,0,10,10,2015,7,20,32,0,1,3,1,3,SR-34,,326,34.303,-80.953,0,8,0,0,1,1,0,1,2,2,0,2,0,0,88,88,88,88,88,88,0,0,0,1,0,2
45,450661,1,1,0,0,0,4,4,45,0,11,10,2015,1,2,58,0,2,6,1,3,SR-145,,11,34.796,-82.218,0,42,0,0,1,1,0,4,2,1,0,1,0,0,99,99,99,99,99,99,0,0,0,1,1,1
45,450662,2,2,0,0,0,2,2,63,0,11,10,2015,1,6,28,1,2,3,1,2,US-21,,158,33.92,-81.075,0,12,1,0,1,1,0,1,2,1,0,1,0,0,88,88,88,88,88,88,0,0,0,1,0,0
45,450664,1,1,0,0,0,1,1,27,0,11,10,2015,1,13,40,0,1,5,1,3,SR-53,,35,33.859,-79.95,0,34,0,0,1,1,0,4,1,1,0,1,0,0,88,88,88,88,88,88,0,0,0,1,1,2
45,450665,1,1,0,0,0,1,1,75,0,11,10,2015,1,13,50,1,1,1,1,1,I-26,,1549,33.453,-80.724,0,34,0,0,1,1,0,4,1,1,0,1,0,0,88,88,88,88,88,88,0,0,0,1,0,1
45,450666,1,1,0,1,1,1,1,63,0,11,10,2015,1,23,15,0,2,4,1,3,SR-6,,0,33.894,-81.219,0,8,0,0,1,1,0,1,2,1,0,1,0,0,23,30,23,35,23,45,0,0,0,1,0,2
45,450669,1,1,0,0,0,1,1,45,1634,13,10,2015,3,17,46,0,1,4,1,3,SR-106,,0,34.721,-82.388,0,42,0,0,1,1,0,4,1,1,0,1,0,0,99,99,99,99,99,99,0,0,0,1,0,2
45,450671,2,2,0,0,0,3,3,13,0,15,10,2015,5,9,38,1,2,3,1,2,US-278,SR-50,53,32.286,-80.888,0,12,6,0,2,3,0,1,1,1,0,1,0,0,99,99,99,99,99,99,0,0,0,1,0,0
45,450674,3,3,0,0,0,6,6,83,0,16,10,2015,6,13,39,1,1,1,1,1,I-26,,345,34.746,-81.955,0,26,0,0,1,1,0,3,1,1,0,1,0,0,99,99,99,99,99,99,0,0,0,1,0,1
45,450675,2,2,0,0,0,3,3,41,577,16,10,2015,6,14,10,0,1,3,1,2,US-52,,0,33.961,-79.749,0,12,1,0,1,1,0,1,1,1,0,1,0,0,14,10,14,18,14,30,0,0,0,1,0,0
45,450676,1,1,0,0,0,1,1,71,0,17,10,2015,7,8,56,0,1,4,1,3,SR-82,,34,34.283,-81.499,0,42,0,0,1,1,0,5,1,1,0,1,0,0,99,99,99,99,99,99,0,0,0,1,0,2
45,450677,2,2,0,1,1,1,1,83,0,17,10,2015,7,11,10,0,1,4,1,3,SR-58,,0,35.166,-81.921,0,8,0,0,1,1,0,1,1,1,0,1,0,0,99,99,99,99,99,99,23,0,0,1,0,1
45,450678,1,1,0,0,0,1,1,27,0,17,10,2015,7,11,59,1,1,1,1,1,I-95,,1173,33.686,-80.258,0,42,0,0,1,1,0,4,1,1,0,1,0,0,88,88,88,88,88,88,0,0,0,1,0,1
45,450679,1,1,0,0,0,1,1,33,0,17,10,2015,7,23,20,0,1,4,1,3,SR-30,,0,34.364,-79.168,0,34,0,0,1,1,0,4,2,1,0,1,0,0,99,99,99,99,99,99,0,0,0,1,1,1
45,450682,1,1,0,0,0,1,1,23,440,19,10,2015,2,15,50,0,1,4,1,3,SR-69,,0,34.725,-81.267,0,42,0,0,1,1,0,4,1,1,0,1,0,0,88,88,88,88,88,88,20,0,0,1,1,2
45,450684,1,1,0,1,1,1,1,47,0,19,10,2015,2,19,25,0,1,4,1,3,SR-48,,2,34.045,-82.238,0,8,0,0,1,1,0,1,2,1,0,1,0,0,88,88,88,88,88,88,0,0,0,1,0,1
45,450686,2,2,0,0,0,3,3,77,0,20,10,2015,3,17,38,0,1,4,1,3,SR-183,,0,34.888,-82.526,0,12,2,0,1,1,0,1,1,1,0,1,0,0,99,99,99,99,99,99,0,0,0,1,0,2
45,450687,1,1,0,1,1,1,1,45,0,20,10,2015,3,21,43,0,2,3,1,2,US-25,,0,34.785,-82.409,0,8,0,0,1,1,0,1,2,1,0,1,0,0,88,88,88,88,88,88,0,0,0,1,1,0
45,450688,2,2,0,0,0,3,3,39,0,21,10,2015,4,16,20,1,1,1,1,1,I-77,,0,34.536,-81,0,12,7,0,1,1,0,1,1,1,0,1,0,0,16,24,16,28,16,44,23,0,0,1,0,0
45,450690,3,3,0,0,0,5,5,45,0,22,10,2015,5,10,20,0,1,3,1,2,US-25,CR-N SPEER RD,0,35.03,-82.422,0,12,6,0,2,2,0,1,1,1,0,1,0,0,99,99,99,99,99,99,0,0,0,1,0,0
45,450693,2,2,0,0,0,2,2,51,0,23,10,2015,6,10,28,1,2,3,1,2,US-17,SR-478,102,33.697,-78.941,0,12,6,0,2,3,0,1,1,1,0,1,0,0,10,33,10,37,10,57,0,0,0,1,0,1
45,450695,3,3,0,0,0,5,5,25,0,23,10,2015,6,19,5,1,1,3,1,2,US-52,,102,34.652,-79.9,0,12,1,0,1,1,0,1,2,1,0,1,0,0,99,99,99,99,99,99,0,0,0,1,1,0
45,450698,1,1,0,0,0,2,2,75,0,24,10,2015,7,4,15,0,1,4,1,3,SR-36,,0,33.387,-80.681,0,34,0,0,1,1,0,4,2,1,0,1,0,0,4,18,4,24,5,1,0,0,0,1,0,1
45,450699,1,1,0,1,1,3,3,31,0,24,10,2015,7,19,15,0,2,3,1,2,US-15,,0,34.395,-80.068,0,8,0,0,1,1,0,1,2,1,0,1,0,0,88,88,88,88,88,88,0,0,0,1,0,0
45,450700,2,2,0,0,0,3,3,91,0,25,10,2015,1,22,45,1,1,1,1,1,I-77,,831,34.991,-80.981,0,24,0,0,1,1,0,4,2,1,0,1,0,0,99,99,99,99,99,99,0,0,0,1,0,0
45,450701,2,2,0,0,0,3,3,51,540,1,7,2015,4,15,29,0,2,3,1,2,US-501,,0,33.863,-79.095,0,12,2,0,1,1,0,1,1,1,0,1,0,0,15,29,15,32,16,4,0,0,0,1,0,0
45,450702,2,2,0,0,0,4,4,15,0,8,10,2015,5,9,20,0,2,4,1,3,SR-33,,0,32.872,-79.927,0,12,2,0,1,1,0,1,1,1,0,1,0,0,10,12,10,17,10,23,0,0,0,1,0,1
45,450703,1,1,0,0,0,1,1,85,0,25,10,2015,1,4,15,0,1,4,1,2,US-15,,160,33.991,-80.324,0,42,0,0,1,1,0,4,2,1,0,1,0,0,88,88,88,88,88,88,0,0,0,1,1,0
45,450704,2,2,0,0,0,2,2,7,0,25,10,2015,1,6,22,1,1,1,1,1,I-85,,40,34.51,-82.949,0,12,1,0,1,1,0,1,2,1,0,1,0,0,88,88,88,88,88,88,0,0,0,1,0,1
45,450705,2,2,0,0,0,3,3,83,0,25,10,2015,1,18,54,1,2,1,1,1,I-26,,178,34.978,-82.012,0,12,1,0,1,1,0,1,2,1,0,1,0,0,99,99,99,99,99,99,0,0,0,1,1,1
45,450708,3,3,0,0,0,5,5,51,0,27,10,2015,3,14,46,0,1,4,1,3,SR-78,CR-HAMPTON RD,0,33.865,-79.164,0,12,1,0,3,3,0,1,1,1,0,1,0,0,99,99,99,99,99,99,0,0,0,1,0,1
45,450709,1,1,0,0,0,1,1,23,0,27,10,2015,3,10,15,0,1,3,1,3,SR-72,,198,34.743,-81.163,0,32,0,0,1,1,0,4,1,2,0,2,0,0,10,27,10,33,10,56,0,0,0,1,1,2
45,450710,1,1,0,0,0,2,2,75,0,27,10,2015,3,1,25,0,1,3,1,3,SR-6,,242,33.394,-80.274,0,32,0,0,1,1,0,4,3,1,0,1,0,0,99,99,99,99,99,99,0,0,0,1,1,2
45,450711,1,1,0,0,0,2,2,3,0,27,10,2015,3,22,5,0,1,4,1,3,SR-75,,0,33.653,-81.402,0,34,0,0,1,1,0,4,2,1,0,1,0,0,99,99,99,99,99,99,0,0,0,1,1,1
45,450712,3,3,0,0,0,3,3,51,0,28,10,2015,4,19,11,0,2,3,1,2,US-17,SR-51,0,33.586,-79.012,0,12,6,0,2,2,0,1,2,1,0,1,0,0,99,99,99,99,99,99,0,0,0,1,1,1
45,450713,3,3,0,0,0,8,8,13,0,28,10,2015,4,16,55,0,2,3,1,2,US-278,,0,32.228,-80.785,0,33,0,0,1,1,0,4,1,1,0,1,0,0,99,99,99,99,99,99,0,0,0,1,0,0
45,450714,2,2,0,0,0,2,2,43,0,28,10,2015,4,19,44,1,1,2,1,2,US-17,,166,33.364,-79.229,0,12,1,0,1,1,0,1,2,1,0,1,0,0,19,46,19,55,20,9,0,0,0,1,0,1