STATE,ST_CASE,VE_TOTAL,VE_FORMS,PVH_INVL,PEDS,PERNOTMVIT,PERMVIT,PERSONS,COUNTY,CITY,DAY,MONTH,YEAR,DAY_WEEK,HOUR,MINUTE,NHS,RUR_URB,FUNC_SYS,RD_OWNER,ROUTE,TWAY_ID,TWAY_ID2,MILEPT,LATITUDE,LONGITUD,SP_JUR,HARM_EV,MAN_COLL,RELJCT1,RELJCT2,TYP_INT,WRK_ZONE,REL_ROAD,LGT_COND,WEATHER1,WEATHER2,WEATHER,SCH_BUS,RAIL,NOT_HOUR,NOT_MIN,ARR_HOUR,ARR_MIN,HOSP_HR,HOSP_MN,CF1,CF2,CF3,FATALS,DRUNK_DR,RANK
48,480044,1,1,0,0,0,1,1,491,5990,7,1,2015,4,20,43,1,2,1,1,1,I-35,,26,30.472,-97.671,0,24,0,0,1,1,0,4,3,1,0,1,0,0,99,98,99,98,88,88,0,0,0,1,0,1
48,480046,1,1,0,0,0,7,7,165,0,9,1,2015,6,7,33,1,1,3,98,2,US-385,,318,32.537,-102.618,0,1,0,0,1,1,0,4,4,3,0,3,0,0,7,33,7,51,8,38,0,0,0,2,0,0
48,480048,2,2,0,0,0,4,4,183,0,9,1,2015,6,7,32,1,1,1,1,1,I-20,,95,32.435,-94.826,0,12,1,1,18,1,0,1,1,10,0,10,0,0,99,99,99,99,99,99,0,0,0,2,0,1
48,480051,2,2,0,0,0,2,2,391,0,9,1,2015,6,18,56,1,1,3,98,2,US-77,,240,28.275,-97.302,0,12,2,0,1,1,0,1,2,2,0,2,0,0,18,59,19,3,19,48,0,0,0,1,0,0
48,480052,2,2,0,0,0,2,2,395,0,9,1,2015,6,6,10,1,1,3,98,2,US-79,,183,30.995,-96.524,0,12,2,0,1,1,0,1,2,2,0,2,0,0,6,14,6,25,7,27,0,0,0,1,0,0
48,480053,1,1,0,0,0,2,2,105,0,10,1,2015,7,9,27,1,1,1,1,1,I-10,,552,30.701,-101.225,0,1,0,0,1,1,0,3,1,2,0,2,0,0,9,27,9,37,11,56,0,0,0,1,0,1
48,480054,2,2,0,0,0,3,3,373,0,10,1,2015,7,1,45,0,1,4,98,2,US-190,,335,30.73,-94.975,0,12,2,0,1,1,0,1,2,10,0,10,0,0,1,57,2,42,3,24,0,0,0,1,2,0
48,480064,1,1,0,1,1,1,1,201,0,13,1,2015,3,4,32,1,1,1,1,1,I-45,,457,30.063,-95.433,0,8,0,0,1,1,0,1,3,10,0,10,0,0,4,34,4,42,5,1,0,0,0,1,0,1
48,480067,1,1,0,0,0,4,4,375,0,14,1,2015,4,8,35,0,1,4,98,3,SR-136,,133,35.433,-101.635,0,1,0,0,1,1,0,4,1,4,0,4,0,0,99,99,99,99,99,99,0,0,0,1,0,2
48,480077,1,1,0,0,0,1,1,245,490,1,1,2015,5,17,49,1,2,1,1,1,I-10,,26,30.096,-94.123,0,20,0,0,1,1,0,8,3,2,0,2,0,0,17,51,17,56,18,10,0,0,0,1,0,1
48,480078,1,1,0,0,0,2,2,285,0,1,1,2015,5,0,15,0,1,5,98,3,SR-95,,9,29.616,-97.13,0,1,0,0,1,1,0,4,2,10,0,10,0,0,99,99,99,99,99,99,0,0,0,1,1,1
48,480079,4,4,0,0,0,13,13,289,0,6,1,2015,3,20,48,1,1,1,1,1,I-45,,210,31.39,-96.028,0,12,1,0,1,1,0,1,2,1,0,1,0,0,99,99,99,99,99,99,0,0,0,1,0,1
48,480081,1,1,0,1,1,2,2,453,330,7,1,2015,4,18,36,1,2,1,1,1,I-35,,289,30.415,-97.673,0,8,0,0,1,1,0,1,3,1,0,1,0,0,99,98,99,98,88,88,0,0,0,1,0,1
48,480082,2,2,0,0,0,2,2,329,0,8,1,2015,5,22,49,1,2,1,1,1,I-20,,68,31.922,-102.196,0,12,7,0,1,1,0,1,2,1,0,1,0,0,22,50,22,59,23,14,0,0,0,1,1,1
48,480083,2,2,0,0,0,2,2,29,6090,9,1,2015,6,8,42,1,2,2,98,2,US-90,,59,29.38,-98.709,0,12,1,0,1,1,0,1,1,2,0,2,0,0,8,42,8,57,9,58,0,0,0,1,0,0
48,480085,1,1,0,0,0,3,3,151,0,9,1,2015,6,7,11,0,1,5,98,3,SR-70,,40,32.691,-100.375,0,1,0,0,1,1,0,4,2,2,0,2,0,0,99,99,99,99,99,99,0,0,0,1,0,1
48,480087,1,1,0,0,0,1,1,109,0,10,1,2015,7,7,30,1,1,1,1,1,I-10,,111,31.066,-104.216,0,1,0,0,1,1,0,3,4,3,0,3,0,0,99,99,99,99,99,99,0,0,0,1,0,1
48,480090,2,2,0,0,0,4,4,487,0,11,1,2015,1,1,20,1,1,3,98,2,US-287,,299,34.073,-99.015,0,12,2,0,1,1,0,1,2,1,0,1,0,0,99,99,99,99,99,99,0,0,0,1,0,0
48,480091,2,2,0,0,0,2,2,477,0,12,1,2015,2,5,23,1,1,3,98,2,US-290,CR-UPSHAW RD,4,30.151,-96.672,0,12,6,0,7,1,0,1,2,5,0,5,0,0,99,98,99,98,88,88,0,0,0,1,0,1
48,480092,3,3,0,0,0,3,3,41,0,13,1,2015,3,17,10,0,1,4,98,3,SR-30,CR-WILLIAM D FITCH PKWY,112,30.622,-96.204,0,12,6,0,2,3,0,1,1,10,0,10,0,0,17,12,17,17,17,48,14,0,0,1,0,1
48,480093,2,2,0,0,0,3,3,235,0,13,1,2015,3,6,30,0,1,4,98,2,US-67,,65,31.129,-101.213,0,12,6,0,1,1,0,1,2,3,0,3,0,0,99,98,99,98,88,88,0,0,0,2,0,0
48,480094,2,2,0,0,0,2,2,239,0,13,1,2015,3,19,38,0,1,5,98,3,SR-111,,367,28.944,-96.332,0,12,6,0,1,1,0,1,2,1,0,1,0,0,19,30,19,56,20,58,0,0,0,1,0,1
48,480097,1,1,0,0,0,15,15,135,0,14,1,2015,4,7,49,1,1,1,1,1,I-20,,216,31.751,-102.563,0,18,0,0,1,1,0,1,1,2,0,2,0,0,7,41,7,54,8,25,0,0,0,10,0,1
48,480098,2,2,0,0,0,4,4,249,0,14,1,2015,4,13,11,0,1,4,98,3,SR-141,,22,27.548,-98.079,0,12,2,0,1,1,0,1,1,2,0,2,0,0,99,98,99,98,88,88,0,0,0,3,0,2
48,480099,1,1,0,0,0,1,1,19,0,15,1,2015,5,15,0,0,1,4,98,3,SR-16,,126,29.714,-98.895,0,31,0,0,1,1,0,4,1,1,0,1,0,0,99,98,99,98,88,88,0,0,0,1,0,2
48,480102,3,3,0,0,0,8,8,127,0,15,1,2015,5,6,37,1,1,3,98,2,US-83,,150,28.461,-99.792,0,12,11,0,1,1,0,1,2,1,0,1,0,0,99,99,99,99,99,99,23,19,0,6,0,0
48,480105,2,2,0,0,0,4,4,181,0,16,1,2015,6,18,30,1,1,3,98,2,US-82,CR-WRIGHT RD,109,33.671,-96.759,0,12,6,0,2,2,0,1,2,1,0,1,0,0,99,99,99,99,99,99,0,0,0,1,1,0
48,480106,2,2,0,0,0,2,2,309,0,16,1,2015,6,9,35,0,1,4,98,2,US-84,,121,31.633,-96.994,0,12,2,0,1,1,0,1,1,1,0,1,0,0,9,40,9,49,10,34,0,0,0,1,0,0
48,480108,1,1,0,1,1,1,1,439,2450,16,1,2015,6,19,58,1,2,1,1,1,I-20,,11,32.665,-97.241,0,8,0,0,1,1,0,1,3,1,0,1,0,0,99,98,99,98,88,88,0,0,0,1,0,1
48,480114,2,2,0,0,0,3,3,365,0,17,1,2015,7,22,7,0,1,4,98,3,SR-149,,103,32.207,-94.416,0,12,6,0,1,1,0,1,2,1,0,1,0,0,99,99,99,99,99,99,0,0,0,1,0,2
48,480117,2,2,0,0,0,3,3,201,480,18,1,2015,1,4,32,1,2,1,1,1,I-10,,509,29.803,-94.99,0,12,2,0,1,1,0,1,3,1,0,1,0,0,4,36,4,45,5,38,0,0,0,1,1,1
48,480124,1,1,0,0,0,2,2,109,0,19,1,2015,2,14,5,1,1,1,1,1,I-10,,30,31.057,-104.567,0,1,0,0,1,1,0,3,1,1,0,1,0,0,99,99,99,99,99,99,0,0,0,1,0,1
48,480126,2,1,1,2,2,1,1,209,6170,19,1,2015,2,5,52,1,2,1,1,1,I-35,,67,29.866,-97.943,0,73,0,0,1,1,0,2,3,1,0,1,0,0,99,99,99,99,99,99,0,0,0,1,0,1
48,480129,2,2,0,0,0,3,3,467,7120,19,1,2015,2,21,12,1,1,1,1,1,I-20,,254,32.512,-95.673,0,12,1,0,1,1,0,1,2,1,0,1,0,0,21,46,21,47,22,3,0,0,0,1,0,1
48,480133,1,1,0,0,0,1,1,367,0,20,1,2015,3,18,22,0,1,4,98,2,US-180,,104,32.778,-97.895,0,1,0,0,1,1,0,3,2,1,0,1,0,0,99,98,99,98,88,88,0,0,0,1,0,0
48,480135,1,1,0,0,0,1,1,439,2450,20,1,2015,3,17,27,1,2,1,1,1,I-820,,263,32.785,-97.213,0,23,0,0,1,1,0,4,2,1,0,1,0,0,99,98,99,98,88,88,0,0,0,1,1,1
48,480141,2,2,0,0,0,2,2,209,0,22,1,2015,5,10,12,1,1,3,98,2,US-290,,137,30.197,-98.022,0,12,6,0,1,1,0,1,1,2,0,2,0,0,10,10,10,17,11,5,0,0,0,1,0,1
48,480142,2,1,1,0,2,1,3,217,0,22,1,2015,5,6,35,1,1,1,1,1,I-35,,60,31.933,-97.104,0,14,0,0,1,1,0,2,3,10,0,10,0,0,99,98,99,98,88,88,0,0,0,1,0,1
48,480144,2,2,0,0,0,4,4,481,0,22,1,2015,5,22,0,1,1,3,98,2,US-59,,52,29.397,-96.071,0,12,1,0,7,1,0,1,2,10,0,10,0,0,22,2,22,9,22,54,0,0,0,1,0,0
48,480153,2,2,0,0,0,3,3,29,33,25,1,2015,1,2,19,1,1,3,98,2,US-87,RAKOWITZ,21,29.373,-98.271,0,12,6,0,2,3,0,1,2,1,0,1,0,0,99,99,99,99,99,99,0,0,0,1,2,1
48,480159,1,1,0,0,0,1,1,373,0,26,1,2015,2,21,25,0,1,4,98,2,US-190,,327,30.732,-94.98,0,31,0,0,1,1,0,4,2,1,0,1,0,0,99,98,99,98,88,88,0,0,0,1,0,0
48,480169,1,1,0,0,0,1,1,453,330,9,1,2015,6,2,57,1,2,1,1,7,I-35,,286,30.41,-97.675,0,42,0,0,1,1,0,10,3,1,0,1,0,0,2,59,3,7,3,33,0,0,0,1,1,1
48,480171,1,1,0,1,1,1,1,453,330,10,1,2015,7,3,10,1,2,2,98,2,US-290,,40,30.324,-97.678,0,8,0,0,1,1,0,1,3,10,0,10,0,0,99,98,99,98,88,88,0,0,0,1,0,1
48,480185,3,3,0,0,0,4,4,29,6090,21,1,2015,4,14,40,1,2,1,1,7,I-35,OCONNOR RD,356,29.546,-98.369,0,12,6,1,2,2,0,1,1,10,0,10,0,0,99,98,99,98,88,88,0,0,0,1,0,1
48,480193,2,2,0,0,0,4,4,225,0,23,1,2015,6,16,2,1,1,3,98,3,SR-7,,117,31.343,-95.266,0,12,2,0,1,1,1,4,1,10,0,10,0,0,16,7,16,20,16,55,0,0,0,2,0,2
48,480195,1,1,0,0,0,2,2,431,0,23,1,2015,6,5,47,1,1,3,98,2,US-87,,53,31.796,-100.923,0,32,0,0,1,1,0,4,2,4,0,4,0,0,99,99,99,99,99,99,0,0,0,1,0,1
48,480204,2,2,0,0,0,2,2,245,490,26,1,2015,2,23,20,1,2,1,1,1,I-10,,157,30.018,-94.177,0,12,2,0,1,1,0,1,2,1,0,1,0,0,23,21,23,30,0,9,0,0,0,1,1,1
48,480209,3,3,0,0,0,4,4,113,5730,28,1,2015,4,23,50,1,2,2,98,2,US-75 CENTRAL EXPY,,9,32.974,-96.717,0,12,1,0,1,1,0,1,3,1,0,1,0,0,23,50,23,56,0,30,0,0,0,1,0,1
48,480212,1,1,0,0,0,2,2,339,1510,29,1,2015,5,3,3,1,2,1,1,7,I-45,SL336 VETERANS MEMORIAL HWY,112,30.334,-95.479,0,33,0,1,19,1,0,3,3,1,0,1,0,0,99,99,99,99,99,99,0,0,0,1,1,1
48,480215,1,1,0,0,0,2,2,97,0,31,1,2015,7,2,16,1,1,1,1,1,I-35,,210,33.714,-97.161,0,11,0,0,1,1,0,1,2,1,0,1,0,0,2,20,2,52,3,36,0,0,0,1,1,1
48,480216,2,2,0,0,0,4,4,131,0,31,1,2015,7,16,51,0,1,5,98,3,SR-44,,83,27.89,-98.693,0,12,2,0,1,1,0,1,1,2,0,2,0,0,99,99,99,99,99,99,0,0,0,1,0,2
48,480219,2,2,0,1,1,3,3,201,3280,31,1,2015,7,2,44,1,2,1,1,1,I-45 NORTH FWY,,233,29.75,-95.372,0,12,1,0,1,1,0,1,3,1,0,1,0,0,2,43,2,49,3,7,19,0,0,1,0,0
48,480221,1,1,0,0,0,2,2,279,0,31,1,2015,7,0,2,1,1,3,98,2,US-84,,2,34.138,-102.613,0,1,0,0,1,1,0,3,2,2,0,2,0,0,0,7,0,20,1,35,0,0,0,1,0,0
48,480225,2,2,0,0,0,4,4,297,0,1,2,2015,1,6,20,1,1,3,98,2,US-281,,214,28.364,-98.141,0,12,6,0,8,1,0,1,2,5,0,5,0,0,99,99,99,99,99,99,0,0,0,1,0,0
48,480228,2,2,0,0,0,4,4,423,0,1,2,2015,1,23,20,0,1,4,98,3,SR-110,,166,32.404,-95.39,0,12,2,0,1,1,0,1,2,10,0,10,0,0,99,99,99,99,99,99,0,0,0,3,1,2
48,480231,1,1,0,0,0,1,1,151,0,2,2,2015,2,14,2,0,1,5,98,3,SR-70,,133,32.56,-100.381,0,32,0,0,1,1,0,4,1,1,0,1,0,0,99,98,99,98,88,88,0,0,0,1,0,1
48,480237,1,1,0,0,0,2,2,147,0,3,2,2015,3,9,0,0,1,3,98,3,SR-121,,116,33.469,-96.275,0,52,0,0,1,1,0,4,1,1,0,1,0,0,9,5,9,17,9,57,0,0,0,1,0,2
48,480238,2,2,0,0,0,2,2,181,0,3,2,2015,3,7,0,0,1,4,98,2,US-377,,20,33.624,-96.9,0,12,2,0,1,1,0,2,1,1,0,1,0,0,99,99,99,99,99,99,0,0,0,1,0,0
48,480241,1,1,0,0,0,1,1,453,0,3,2,2015,3,23,43,1,2,2,98,3,SR-130,,502,30.139,-97.666,0,52,0,0,1,1,0,4,2,2,0,2,0,0,99,98,99,98,88,88,0,0,0,1,0,2
48,480245,2,2,0,0,0,2,2,71,0,4,2,2015,4,5,31,1,1,1,1,1,I-10,,25,29.851,-94.366,0,12,1,0,1,1,0,1,2,2,0,2,0,0,99,98,99,98,88,88,27,19,0,1,0,1
48,480256,2,2,0,0,0,2,2,291,0,7,2,2015,7,17,43,0,1,5,98,3,SR-61,,43,29.967,-94.596,0,12,11,0,1,1,1,1,1,1,0,1,0,0,99,98,99,98,88,88,0,0,0,1,0,2
48,480262,1,1,0,0,0,2,2,315,0,8,2,2015,1,20,8,0,1,5,98,3,SR-43,,10,32.88,-94.181,0,42,0,0,1,1,0,4,2,1,0,1,0,0,20,11,20,30,21,20,0,0,0,1,0,2
48,480267,1,1,0,0,0,2,2,213,0,10,2,2015,3,10,25,1,1,3,98,3,SR-31,,39,32.183,-95.963,0,1,0,0,1,1,0,4,1,1,0,1,0,0,10,37,10,49,11,16,0,0,0,1,0,2
48,480268,1,1,0,1,1,1,1,291,1770,10,2,2015,3,18,38,0,1,4,98,3,SR-146,,6,30.033,-94.894,0,8,0,0,1,1,0,11,2,1,0,1,0,0,99,98,99,98,88,88,0,0,0,1,0,2
48,480269,2,2,0,1,1,3,3,309,0,10,2,2015,3,23,56,1,1,1,1,1,I-35,,45,31.41,-97.201,0,8,0,0,1,1,1,1,2,1,0,1,0,0,99,99,99,99,99,99,23,0,0,1,0,1
48,480272,1,1,0,0,0,2,2,1,0,11,2,2015,4,7,0,0,1,4,98,3,SR-155,,207,31.799,-95.615,0,1,0,0,1,1,0,3,4,10,0,10,0,0,99,99,99,99,99,99,0,0,0,1,0,1
48,480276,2,2,0,0,0,3,3,149,0,13,2,2015,6,12,14,1,1,3,98,2,US-290,CR-ROUND TOP RD,21,30.142,-96.769,0,12,6,0,2,3,0,1,1,1,0,1,0,0,99,98,99,98,88,88,0,0,0,1,1,1
48,480277,2,2,0,0,0,2,2,339,0,13,2,2015,6,6,33,1,9,3,98,3,SR-105,CR-FREEPORT DR,94,30.385,-95.662,0,12,6,0,2,3,0,1,2,1,0,1,0,0,99,99,99,99,99,99,0,0,0,1,0,2
48,480283,1,1,0,0,0,1,1,385,0,15,2,2015,1,8,54,0,1,4,98,2,US-83,,67,29.628,-99.756,0,59,0,0,1,1,0,4,2,10,0,10,0,0,99,98,99,98,88,88,0,0,0,1,1,0
48,480296,1,1,0,0,0,1,1,115,0,8,2,2015,1,16,30,0,8,98,98,4,CR-11,,0,32.837,-101.986,0,1,0,0,1,1,0,4,1,1,0,1,0,0,99,99,99,99,99,99,0,0,0,1,0,2
48,480301,1,1,0,0,0,4,4,309,0,8,2,2015,1,2,31,1,1,3,98,3,SR-6,,77,31.596,-97.347,0,1,0,0,1,1,0,4,2,1,0,1,0,0,2,29,2,42,3,28,0,0,0,1,0,2
48,480302,2,2,0,0,0,2,2,123,0,9,2,2015,2,15,30,1,1,3,98,2,US-87,,251,29.043,-97.19,0,12,1,0,1,1,0,1,1,1,0,1,0,0,99,98,99,98,88,88,0,0,0,1,0,1
48,480305,2,2,0,0,0,3,3,453,0,10,2,2015,3,12,13,1,2,2,98,7,SR-130,FM734,331,30.352,-97.592,0,12,6,1,2,2,1,1,1,1,0,1,0,0,99,98,99,98,88,88,0,0,0,1,0,2
48,480307,1,1,0,0,0,2,2,29,6090,12,2,2015,5,13,9,1,2,2,98,2,US-281,,226,29.479,-98.482,0,23,0,0,1,1,0,4,1,1,0,1,0,0,99,99,99,99,99,99,0,0,0,1,0,0
48,480310,1,1,0,0,0,2,2,339,0,12,2,2015,5,12,41,1,1,3,98,3,SR-105,,322,30.331,-95.303,0,42,0,0,1,1,0,4,1,1,0,1,0,0,99,99,99,99,99,99,0,0,0,2,0,2
48,480312,1,1,0,1,1,1,1,91,4870,13,2,2015,6,20,28,1,2,1,1,7,I-35,,81,29.679,-98.149,0,8,0,0,1,1,0,1,3,1,0,1,0,0,99,99,99,99,99,99,0,0,0,1,0,1
48,480315,3,3,0,0,0,3,3,459,0,13,2,2015,6,7,55,0,1,4,98,2,US-271,CR-POINT PLEASANT RD,227,32.584,-94.917,0,12,6,0,2,2,0,1,1,1,0,1,0,0,7,56,8,9,8,49,20,0,0,1,0,0
48,480317,3,3,0,0,0,3,3,85,0,14,2,2015,7,16,53,0,1,4,98,3,SR-78,,117,33.234,-96.374,0,12,6,0,8,1,0,1,1,1,0,1,0,0,99,99,99,99,99,99,0,0,0,1,0,1
48,480318,2,2,0,0,0,2,2,109,0,14,2,2015,7,17,50,1,1,1,1,1,I-10,,83,31.045,-104.775,0,12,2,0,1,1,0,1,1,1,0,1,0,0,99,99,99,99,99,99,0,0,0,1,0,1
48,480319,1,1,0,1,1,1,1,117,0,14,2,2015,7,4,32,1,1,3,98,2,US-60,,151,34.915,-102.19,0,8,0,0,1,1,0,1,2,1,0,1,0,0,99,98,99,98,88,88,0,0,0,1,0,0
48,480322,1,1,0,0,0,2,2,349,196,14,2,2015,7,3,16,1,1,1,1,7,I-45,,134,32.024,-96.44,0,53,0,0,1,1,0,4,2,1,0,1,0,0,99,98,99,98,88,88,0,0,0,1,1,1
48,480323,1,1,0,0,0,1,1,363,0,14,2,2015,7,19,40,0,1,5,98,3,SR-16,,168,32.938,-98.393,0,39,0,0,1,1,0,4,2,1,0,1,0,0,99,98,99,98,88,88,0,0,0,1,0,2
48,480324,2,2,0,0,0,3,3,451,0,14,2,2015,7,1,27,1,1,3,98,2,US-87,,299,31.543,-100.496,0,12,2,0,1,1,0,1,2,1,0,1,0,0,1,28,1,42,2,21,0,0,0,1,0,1
48,480331,1,1,0,0,0,2,2,237,0,16,2,2015,2,9,30,1,1,3,98,3,SR-199,,36,33.109,-98.04,0,32,0,0,1,1,0,4,1,10,0,10,0,0,9,23,9,36,10,1,0,0,0,1,0,2
48,480332,1,1,0,1,1,2,2,149,0,17,2,2015,3,21,11,1,1,1,1,1,I-10,,43,29.696,-97.124,0,8,0,0,1,1,0,1,2,1,0,1,0,0,99,98,99,98,88,88,0,0,0,1,0,1
48,480333,2,2,0,0,0,3,3,255,0,17,2,2015,3,9,53,1,1,3,98,2,US-181,,51,28.955,-97.987,0,12,6,0,1,1,1,1,1,10,0,10,0,0,10,2,10,12,99,99,0,0,0,1,0,0
48,480335,2,2,0,0,0,2,2,161,0,18,2,2015,4,8,36,1,1,1,1,1,I-45,,12,31.497,-96.096,0,57,0,0,1,1,0,3,1,10,0,10,0,0,8,38,8,53,99,99,0,0,0,1,0,1
48,480337,2,2,0,0,0,2,2,465,0,18,2,2015,4,11,15,1,1,3,98,2,US-277,,478,29.491,-100.911,0,12,6,0,1,1,0,1,1,1,0,1,0,0,99,98,99,98,88,88,0,0,0,1,0,0
48,480340,1,1,0,0,0,3,3,165,0,19,2,2015,5,10,50,1,1,3,98,2,US-385,,234,32.654,-102.644,0,1,0,0,1,1,0,1,1,1,0,1,0,0,10,54,11,1,11,28,0,0,0,1,0,0
48,480348,1,1,0,0,0,1,1,295,0,20,2,2015,6,8,45,0,1,5,98,3,SR-23,,137,36.303,-100.529,0,1,0,0,1,1,0,4,1,1,0,1,0,0,99,98,99,98,88,88,0,0,0,1,0,0
48,480349,1,1,0,0,0,1,1,143,0,21,2,2015,7,8,50,1,1,3,98,3,SR-6,,317,32.05,-98.161,0,35,0,0,1,1,0,4,1,1,0,1,0,0,99,98,99,98,88,88,0,0,0,1,1,2
48,480352,1,1,0,0,0,1,1,405,0,21,2,2015,7,16,30,0,1,4,98,3,SR-21,,14,31.511,-94.243,0,42,0,0,1,1,0,4,1,2,0,2,0,0,99,98,99,98,88,88,0,0,0,1,0,2
48,480357,1,1,0,0,0,3,3,135,0,22,2,2015,1,21,19,1,1,3,98,2,US-385,,89,32.03,-102.433,0,1,0,0,1,1,0,4,2,3,0,3,0,0,99,98,99,98,88,88,0,0,0,1,0,0
48,480360,1,1,0,1,1,1,1,325,0,22,2,2015,1,22,22,1,1,1,1,7,I-35,,118,29.206,-98.814,0,8,0,0,1,1,0,1,2,1,0,1,0,0,99,98,99,98,88,88,0,0,0,1,0,1
48,480366,1,1,0,0,0,1,1,15,0,24,2,2015,3,16,44,1,1,1,1,7,I-10,,16,29.753,-96.272,0,1,0,1,19,1,0,4,1,10,0,10,0,0,99,98,99,98,88,88,0,0,0,1,0,1
48,480369,1,1,0,0,0,1,1,483,0,24,2,2015,3,12,0,0,1,4,98,3,SR-152,,5,35.519,-100.531,0,42,0,0,1,1,0,4,1,1,0,1,0,0,99,98,99,98,88,88,0,0,0,1,0,1
48,480374,2,2,0,0,0,2,2,499,0,25,2,2015,4,9,20,0,1,4,98,3,SR-11,,90,32.952,-95.153,0,12,2,0,1,1,0,1,1,4,0,4,0,0,99,98,99,98,88,88,0,0,0,1,0,2
48,480376,1,1,0,0,0,5,5,21,0,28,2,2015,7,0,5,1,2,3,98,2,US-290,,35,30.334,-97.359,0,1,0,0,1,1,0,4,2,10,0,10,0,0,99,99,99,99,99,99,0,0,0,2,1,1
48,480380,2,1,1,2,2,2,2,355,1550,19,1,2015,2,22,1,1,2,1,1,1,I-37,,106,27.839,-97.556,0,8,0,0,1,1,0,1,2,4,0,4,0,0,22,13,22,24,22,55,19,0,0,1,0,1
48,480404,2,2,0,0,0,2,2,423,0,21,2,2015,7,23,5,0,1,4,98,2,US-271,,15,32.505,-95.009,0,12,2,0,1,1,0,1,2,10,0,10,0,0,23,18,23,34,0,20,0,0,0,1,0,0
48,480405,2,2,0,0,0,4,4,227,0,22,2,2015,1,22,3,1,2,3,98,2,US-87,,260,32.197,-101.475,0,42,0,0,1,1,0,4,2,3,0,3,0,0,99,99,99,99,99,99,0,0,0,2,0,1
48,480408,1,1,0,1,1,1,1,289,0,23,2,2015,2,5,40,1,1,3,98,2,US-79,,27,31.32,-96.206,0,8,0,0,1,1,0,1,2,2,0,2,0,0,99,98,99,98,88,88,19,23,0,1,0,0
48,480409,1,1,0,0,0,2,2,317,0,23,2,2015,2,8,13,0,1,4,98,3,SR-137,,137,32.347,-101.872,0,1,0,0,1,1,0,4,1,10,0,10,0,0,99,99,99,99,99,99,0,0,0,1,0,1
48,480410,1,1,0,0,0,1,1,453,330,23,2,2015,2,1,17,1,2,1,1,7,I-35,,227,30.332,-97.704,0,30,0,0,1,1,0,4,2,1,0,1,0,0,99,98,99,98,88,88,0,0,0,1,1,1
48,480412,2,2,0,0,0,2,2,373,0,24,2,2015,3,5,34,1,1,3,98,2,US-59,,270,30.755,-94.912,0,12,1,0,1,1,0,1,2,10,0,10,0,0,99,98,99,98,88,88,23,0,0,2,0,0
48,480413,1,1,0,0,0,1,1,149,0,25,2,2015,4,16,29,0,1,4,98,2,US-77,,265,29.725,-96.903,0,32,0,0,1,1,0,4,1,10,0,10,0,0,99,99,99,99,99,99,0,0,0,1,0,0
48,480415,2,2,0,0,0,2,2,329,9997,25,2,2015,4,8,10,1,2,2,98,3,SR-191,,12,31.929,-102.285,0,12,6,0,1,1,0,1,1,1,0,1,0,0,7,49,8,2,8,32,0,0,0,1,0,0
48,480416,1,1,0,0,0,5,5,173,0,27,2,2015,6,20,15,0,1,5,98,3,SR-137,,147,31.836,-101.693,0,38,0,0,1,1,0,5,2,4,0,4,0,0,99,99,99,99,99,99,0,0,0,1,0,1
48,480417,2,2,0,0,0,2,2,367,0,27,2,2015,6,9,0,1,1,1,1,1,I-20,,80,32.708,-97.938,0,12,2,0,1,1,0,1,1,3,4,4,0,0,99,98,99,98,88,88,0,0,0,1,0,1
48,480419,2,2,0,0,0,3,3,145,0,11,1,2015,1,18,55,1,1,3,98,3,SR-6,CR-118,11,31.443,-96.923,0,12,6,0,2,3,0,1,2,1,0,1,0,0,20,5,20,25,21,9,0,0,0,1,0,2
48,480421,1,1,0,0,0,1,1,475,0,23,2,2015,2,10,38,0,1,4,98,3,SR-18,,299,31.306,-102.875,0,1,0,0,1,1,0,4,1,10,0,10,0,0,99,98,99,98,88,88,0,0,0,1,0,2
48,480424,1,1,0,0,0,1,1,133,0,1,3,2015,1,21,50,1,1,1,1,1,I-20,,57,32.375,-99.015,0,1,0,0,1,1,0,4,2,2,0,2,0,0,21,37,21,56,22,28,0,0,0,1,0,1
48,480427,2,2,0,0,0,6,6,287,0,1,3,2015,1,11,31,1,1,3,98,3,SR-21,,56,30.246,-96.99,0,12,6,0,1,1,0,1,1,10,0,10,0,0,12,0,12,9,13,18,0,0,0,2,0,2
48,480432,1,1,0,0,0,6,6,109,0,3,3,2015,3,13,24,1,1,1,1,1,I-10,,22,31.056,-104.572,0,1,0,0,1,1,0,3,1,1,0,1,0,0,13,25,13,44,14,35,0,0,0,1,0,1
48,480433,2,2,0,0,0,2,2,187,0,3,3,2015,3,6,41,1,1,4,98,3,SR-123,FM1101,45,29.74,-97.951,0,12,1,0,3,3,0,1,4,5,0,5,0,0,99,98,99,98,88,88,0,0,0,1,0,2
48,480434,1,1,0,0,0,4,4,261,0,3,3,2015,3,21,9,1,1,3,98,2,US-77,,130,27.086,-97.79,0,1,0,0,1,1,0,4,2,1,0,1,0,0,21,35,21,41,22,36,0,0,0,1,0,0
48,480438,1,1,0,0,0,3,3,303,0,4,3,2015,4,0,38,1,1,3,98,2,US-87,,102,33.421,-101.828,0,1,0,0,1,1,0,3,2,1,0,1,0,0,0,37,0,47,1,12,0,0,0,2,1,1