STATE,ST_CASE,VE_TOTAL,VE_FORMS,PVH_INVL,PEDS,PERNOTMVIT,PERMVIT,PERSONS,COUNTY,CITY,DAY,MONTH,YEAR,DAY_WEEK,HOUR,MINUTE,NHS,RUR_URB,FUNC_SYS,RD_OWNER,ROUTE,TWAY_ID,TWAY_ID2,MILEPT,LATITUDE,LONGITUD,SP_JUR,HARM_EV,MAN_COLL,RELJCT1,RELJCT2,TYP_INT,WRK_ZONE,REL_ROAD,LGT_COND,WEATHER1,WEATHER2,WEATHER,SCH_BUS,RAIL,NOT_HOUR,NOT_MIN,ARR_HOUR,ARR_MIN,HOSP_HR,HOSP_MN,CF1,CF2,CF3,FATALS,DRUNK_DR,RANK
48,481815,2,2,0,0,0,3,3,1,0,7,8,2015,6,8,46,0,1,4,98,3,SR-19,,126,31.865,-95.725,0,12,2,0,1,1,0,1,1,1,0,1,0,0,99,99,99,99,99,99,0,0,0,1,0,2
48,481816,2,2,0,0,0,2,2,13,0,7,8,2015,6,17,0,0,1,5,98,2,US-281,,23,29.105,-98.489,0,12,1,0,8,1,0,1,1,1,0,1,0,0,99,98,99,98,88,88,0,0,0,1,0,0
48,481820,3,3,0,0,0,7,7,231,0,7,8,2015,6,1,50,1,1,1,1,1,I-30,,193,33.133,-96.035,0,12,2,0,1,1,0,1,2,1,0,1,0,0,1,56,2,19,2,58,0,0,0,4,0,1
48,481821,2,2,0,0,0,2,2,401,0,7,8,2015,6,6,21,0,1,4,98,3,SR-43,,31,32.297,-94.56,0,12,2,0,1,1,0,1,4,1,0,1,0,0,6,24,6,43,7,48,0,0,0,1,0,2
48,481823,2,2,0,0,0,5,5,395,0,8,8,2015,7,2,30,1,1,3,98,2,US-190,,49,30.837,-96.549,0,12,6,0,1,1,0,1,2,1,0,1,0,0,2,35,2,43,3,50,0,0,0,1,0,0
48,481827,1,1,0,0,0,1,1,63,0,9,8,2015,1,3,0,1,1,3,98,2,US-271,,23,32.962,-94.954,0,42,0,0,1,1,0,4,2,1,0,1,0,0,99,98,99,98,88,88,0,0,0,1,0,0
48,481838,1,1,0,0,0,1,1,387,0,12,8,2015,4,23,45,0,1,4,98,3,SR-37,,110,33.518,-95.214,0,34,0,0,1,1,0,4,2,1,0,1,0,0,99,98,99,98,88,88,0,0,0,1,1,1
48,481842,2,2,0,0,0,2,2,29,0,16,8,2015,1,2,58,1,1,3,98,2,US-181,MAX RD,123,29.294,-98.362,0,12,1,0,3,3,0,1,3,1,0,1,0,0,99,98,99,98,88,88,0,0,0,1,1,1
48,481851,1,1,0,0,0,5,5,435,0,31,7,2015,6,10,16,1,1,1,1,1,I-10,,83,30.589,-100.673,0,1,0,0,1,1,0,4,1,1,0,1,0,0,99,99,99,99,99,99,0,0,0,1,0,1
48,481854,2,2,0,0,0,4,4,339,0,3,8,2015,2,12,32,1,1,3,98,3,SR-249,,347,30.147,-95.661,0,12,1,0,1,1,0,1,1,1,0,1,0,0,99,99,99,99,99,99,0,0,0,1,0,2
48,481857,1,1,0,0,0,1,1,179,0,7,8,2015,6,17,7,1,1,1,1,1,I-40,,31,35.202,-100.793,0,1,0,0,1,1,0,4,1,1,0,1,0,0,99,98,99,98,88,88,0,0,0,1,0,1
48,481859,2,2,0,0,0,4,4,423,0,8,8,2015,7,12,25,0,1,4,98,3,SR-31,,132,32.351,-95.235,0,12,6,0,1,1,0,1,1,1,0,1,0,0,12,40,12,47,13,15,0,0,0,3,0,2
48,481863,4,4,0,0,0,5,5,187,0,10,8,2015,2,17,38,1,1,4,98,3,SR-123,THORMEYER RD,83,29.688,-97.964,0,12,1,0,3,3,0,1,1,1,0,1,0,0,99,99,99,99,99,99,0,0,0,1,0,2
48,481865,2,2,0,0,0,2,2,419,0,11,8,2015,3,13,40,0,1,4,98,3,SR-87,,272,31.712,-94.049,0,12,2,0,1,1,0,1,1,1,0,1,0,0,13,36,14,22,14,52,0,0,0,1,0,1
48,481866,1,1,0,0,0,9,9,55,9997,13,8,2015,5,8,0,1,1,3,98,3,SR-130,,8,30.043,-97.689,0,1,0,0,1,1,0,4,1,1,0,1,0,0,8,7,8,18,9,32,0,0,0,4,0,2
48,481869,2,2,0,0,0,2,2,245,0,15,8,2015,7,13,15,1,2,3,98,3,SR-73,,205,29.877,-94.059,0,12,1,0,1,1,0,1,1,1,0,1,0,0,99,99,99,99,99,99,0,0,0,1,0,2
48,481871,1,1,0,0,0,1,1,29,6090,16,8,2015,1,21,35,1,2,2,98,2,US-281,,257,29.444,-98.478,0,24,0,0,1,1,0,4,3,1,0,1,0,0,99,98,99,98,88,88,0,0,0,1,1,0
48,481875,1,1,0,0,0,3,3,55,4040,12,7,2015,1,6,31,1,2,3,98,3,SR-130,,93,29.917,-97.68,0,1,0,1,5,1,0,4,2,1,0,1,0,0,99,99,99,99,99,99,0,0,0,1,0,2
48,481887,2,2,0,0,0,3,3,271,0,6,8,2015,5,15,47,1,1,3,98,2,US-90,,127,29.33,-100.51,0,12,6,0,1,1,0,1,1,1,0,1,0,0,99,99,99,99,99,99,0,0,0,1,0,0
48,481888,1,1,0,0,0,4,4,481,0,7,8,2015,6,22,47,1,1,3,98,2,US-59,,301,29.157,-96.331,0,1,0,0,1,1,0,3,2,1,0,1,0,0,22,50,23,6,0,14,0,0,0,3,0,0
48,481890,2,2,0,1,1,2,2,201,3280,8,8,2015,7,22,10,1,2,1,1,1,I-45 NORTH FWY,,304,29.847,-95.394,0,8,0,0,1,1,0,1,3,1,0,1,0,0,99,98,99,98,88,88,0,0,0,1,0,0
48,481891,1,1,0,1,1,2,2,21,0,10,8,2015,2,20,50,1,1,3,98,2,US-290,,239,30.21,-97.101,0,8,0,0,1,1,0,1,2,1,0,1,0,0,99,98,99,98,88,88,0,0,0,1,0,1
48,481894,2,2,0,0,0,2,2,167,3920,11,8,2015,3,2,29,1,2,1,1,1,I-45,,141,29.468,-95.092,0,12,1,0,1,1,0,1,3,1,0,1,0,0,99,98,99,98,88,88,0,0,0,1,1,1
48,481897,1,1,0,0,0,3,3,349,0,13,8,2015,5,0,25,1,1,1,1,1,I-45,,240,32.138,-96.459,0,1,0,0,1,1,0,3,2,1,0,1,0,0,99,98,99,98,88,88,0,0,0,1,0,1
48,481901,2,2,0,0,0,3,3,97,7112,15,8,2015,7,14,3,1,1,1,1,1,I-35,,61,33.509,-97.165,0,57,0,0,1,1,0,3,1,1,0,1,0,0,99,98,99,98,88,88,0,0,0,3,0,1
48,481905,3,3,0,0,0,4,4,297,0,16,8,2015,1,16,7,1,1,1,1,1,I-37,,268,28.461,-98.113,0,12,6,0,1,1,0,1,1,10,0,10,0,0,16,28,17,6,17,48,0,0,0,1,0,1
48,481907,1,1,0,0,0,1,1,407,0,16,8,2015,1,15,31,0,1,4,98,3,SR-150,,196,30.56,-95.092,0,42,0,0,1,1,0,4,1,10,0,10,0,0,99,98,99,98,88,88,0,0,0,1,0,0
48,481912,2,2,0,0,0,3,3,453,330,19,8,2015,4,2,36,1,2,1,1,1,I-35,,207,30.304,-97.714,0,12,2,0,1,1,0,1,3,1,0,1,0,0,2,37,2,41,3,1,0,0,0,1,1,1
48,481917,2,2,0,0,0,4,4,325,0,10,8,2015,2,20,37,1,1,3,98,2,US-90,,102,29.335,-99.259,0,12,1,0,1,1,0,1,5,1,0,1,0,0,99,99,99,99,99,99,0,0,0,2,0,0
48,481923,1,1,0,0,0,1,1,283,0,15,8,2015,7,17,30,1,1,1,1,1,I-35,,156,28.643,-99.179,0,1,0,0,1,1,0,10,1,1,0,1,0,0,99,99,99,99,99,99,0,0,0,1,1,1
48,481925,1,1,0,1,1,2,2,135,0,17,8,2015,2,23,15,0,1,4,98,3,SR-302,,78,31.917,-102.626,0,8,0,0,1,1,0,1,2,1,0,1,0,0,99,98,99,98,88,88,0,0,0,1,1,2
48,481930,2,2,0,0,0,2,2,287,0,21,8,2015,6,10,8,1,1,3,98,3,SR-21,,6,30.233,-97.065,0,12,6,0,1,1,0,1,1,2,0,2,0,0,10,15,10,28,11,20,0,0,0,1,0,2
48,481932,1,1,0,0,0,3,3,329,4560,23,8,2015,1,18,20,1,1,3,98,3,SR-191,,91,31.991,-102.18,0,1,0,0,1,1,0,3,1,2,0,2,0,0,18,24,18,31,18,46,0,0,0,1,0,0
48,481934,2,2,0,0,0,1,1,139,7270,24,8,2015,2,6,15,1,2,1,1,7,I-35,,265,32.456,-96.845,0,12,1,0,1,1,0,1,2,1,0,1,0,0,99,99,99,99,99,99,23,0,0,1,0,1
48,481935,1,1,0,0,0,1,1,259,0,24,8,2015,2,14,34,1,1,1,1,1,I-10,,108,29.891,-98.813,0,57,0,0,1,1,0,10,1,1,0,1,0,0,99,98,99,98,88,88,0,0,0,1,1,1
48,481937,1,1,0,0,0,1,1,339,1510,26,6,2015,6,9,38,1,2,1,1,7,I-45,,120,30.287,-95.461,0,33,0,0,1,1,0,4,1,10,0,10,0,0,99,99,99,99,99,99,0,0,0,1,0,1
48,481940,1,1,0,0,0,2,2,475,0,28,7,2015,3,9,0,0,1,4,98,3,SR-115,,14,31.632,-103.145,0,1,0,0,1,1,0,4,1,1,0,1,0,0,9,4,9,38,10,11,0,0,0,1,1,2
48,481941,1,1,0,0,0,1,1,71,0,30,7,2015,5,8,54,1,1,1,1,1,I-10,,171,29.827,-94.426,0,24,0,0,1,1,0,10,1,1,0,1,0,0,99,99,99,99,99,99,0,0,0,1,0,1
48,481944,2,2,0,0,0,2,2,367,0,7,8,2015,6,18,35,1,1,3,98,2,US-377,,23,32.601,-97.567,0,12,6,0,8,1,0,1,1,1,0,1,0,0,99,98,99,98,88,88,0,0,0,1,0,0
48,481945,1,1,0,0,0,2,2,475,0,7,8,2015,6,18,30,1,1,1,1,1,I-20,,89,31.491,-103.271,0,1,0,0,1,1,0,10,1,1,0,1,0,0,99,99,99,99,99,99,0,0,0,1,0,1
48,481948,2,2,0,0,0,2,2,209,3760,14,8,2015,6,10,40,1,2,1,1,1,I-35,,183,30.018,-97.857,0,12,7,0,1,1,0,1,1,1,0,1,0,0,10,44,10,50,11,23,0,0,0,1,0,1
48,481951,1,1,0,0,0,1,1,453,0,16,8,2015,1,23,24,1,1,3,98,2,US-290,,162,30.352,-97.447,0,1,0,0,1,1,0,3,2,1,0,1,0,0,99,98,99,98,88,88,0,0,0,1,1,1
48,481952,2,2,0,0,0,7,7,39,4306,18,8,2015,3,19,25,1,2,2,98,3,SR-288,,71,29.498,-95.39,0,12,1,0,1,1,0,1,1,1,0,1,0,0,19,38,19,49,20,23,23,0,0,1,0,1
48,481955,1,1,0,0,0,1,1,97,7112,19,8,2015,4,4,13,1,1,1,1,1,I-35,,12,33.439,-97.164,0,32,0,0,1,1,0,10,2,1,0,1,0,0,4,16,4,30,5,10,0,0,0,1,0,1
48,481958,2,2,0,0,0,3,3,389,0,19,8,2015,4,21,15,1,1,1,1,1,I-20,,330,31.347,-103.724,0,12,6,0,1,1,0,1,2,1,0,1,0,0,99,98,99,98,88,88,0,0,0,1,0,1
48,481960,2,2,0,0,0,2,2,39,0,21,8,2015,6,5,11,1,1,3,98,7,SR-288,CR-64,130,29.425,-95.428,0,12,6,0,2,2,0,1,2,1,0,1,0,0,5,11,5,33,6,20,0,0,0,1,1,1
48,481962,1,1,0,1,1,1,1,201,0,23,8,2015,1,4,1,1,1,3,98,2,US-290,,41,30.048,-95.875,0,8,0,0,1,1,0,1,2,1,0,1,0,0,99,98,99,98,88,88,23,0,0,1,0,1
48,481974,2,2,0,0,0,3,3,201,0,28,8,2015,6,21,55,1,2,1,1,1,I-45 NORTH FWY,,394,29.973,-95.42,0,12,1,0,1,1,0,1,3,1,0,1,0,0,99,98,99,98,88,88,0,0,0,1,1,0
48,481981,1,1,0,0,0,1,1,245,0,29,6,2015,2,23,0,1,2,2,98,2,US-69,,111,29.981,-94.03,0,34,0,0,1,1,0,3,3,1,0,1,0,0,99,99,99,99,99,99,0,0,0,1,1,0
48,482002,2,2,0,0,0,2,2,461,0,26,8,2015,4,4,25,1,1,3,98,2,US-385,,49,31.16,-102.253,0,12,2,0,1,1,0,1,4,1,0,1,0,0,4,33,4,49,5,6,0,0,0,1,0,0
48,482003,1,1,0,0,0,1,1,367,0,27,8,2015,5,13,0,1,1,1,1,7,I-20,,98,32.714,-97.925,0,32,0,0,1,1,0,4,1,1,0,1,0,0,99,98,99,98,88,88,0,0,0,1,0,1
48,482004,1,1,0,0,0,1,1,479,0,27,8,2015,5,15,28,1,1,1,1,1,I-35,,78,27.766,-99.431,0,57,0,0,1,1,0,3,1,1,0,1,0,0,99,98,99,98,88,88,0,0,0,1,0,1
48,482008,2,2,0,0,0,6,6,347,0,28,8,2015,6,18,45,1,1,3,98,2,US-59,,259,31.55,-94.687,0,12,1,0,1,1,0,1,1,1,0,1,0,0,18,56,19,0,19,18,19,27,0,2,0,0
48,482009,1,1,0,1,1,2,2,467,0,28,8,2015,6,20,23,0,1,4,98,3,SR-19,,56,32.619,-95.848,0,8,0,0,1,1,0,1,2,1,0,1,0,0,99,98,99,98,88,88,0,0,0,1,0,2
48,482010,1,1,0,1,1,8,8,113,2010,29,8,2015,7,21,35,1,2,1,1,1,I-20,,77,32.669,-96.922,0,8,0,0,1,1,0,1,3,1,0,1,0,0,99,98,99,98,88,88,0,0,0,1,0,1
48,482011,1,1,0,1,1,1,1,201,0,29,8,2015,7,5,55,1,2,1,1,7,I-45,,392,29.964,-95.418,0,8,0,0,1,1,0,1,2,1,0,1,0,0,6,3,6,16,6,56,0,0,0,1,0,1
48,482017,1,1,0,0,0,1,1,343,0,31,8,2015,2,15,3,1,1,1,1,1,I-30,,7,33.28,-94.799,0,42,0,0,1,1,0,4,1,1,0,1,0,0,99,98,99,98,88,88,0,0,0,1,0,1
48,482018,2,2,0,0,0,3,3,329,0,1,8,2015,7,1,2,1,1,1,1,1,I-20,,206,32.027,-101.991,0,12,2,0,1,1,0,1,2,1,0,1,0,0,0,59,1,8,1,39,0,0,0,2,1,1
48,482023,5,5,0,0,0,6,6,441,30,24,8,2015,2,16,10,1,2,1,1,1,I-20,,24,32.491,-99.729,0,12,1,0,1,1,0,1,1,1,0,1,0,0,99,99,99,99,99,99,0,0,0,1,0,1
48,482025,4,4,0,0,0,8,8,201,0,31,8,2015,2,23,30,1,2,3,98,3,SR-6,CR-CLAY RD,71,29.836,-95.646,0,12,6,0,2,2,0,1,3,1,0,1,0,0,23,41,23,49,0,27,0,0,0,2,0,2
48,482026,1,1,0,0,0,1,1,229,0,21,7,2015,3,0,3,1,1,1,1,1,I-10,,341,31.194,-105.528,0,1,0,0,1,1,0,3,3,1,0,1,0,0,99,98,99,98,88,88,0,0,0,1,0,1
48,482028,2,2,0,0,0,3,3,99,1540,1,9,2015,3,10,37,1,2,3,98,2,US-190,FM2657,172,31.096,-97.925,0,12,2,0,2,2,0,1,1,1,0,1,0,0,10,40,10,45,99,99,0,0,0,2,0,0
48,482031,2,2,0,0,0,2,2,265,0,1,9,2015,3,12,20,1,1,1,1,1,I-10,,113,30.073,-99.127,0,12,1,0,1,1,0,1,1,1,0,1,0,0,99,98,99,98,88,88,0,0,0,1,0,1
48,482034,1,1,0,0,0,2,2,279,0,2,9,2015,4,15,43,0,1,4,98,2,US-70,,250,34.188,-102.194,0,1,0,0,1,1,0,4,1,1,0,1,0,0,15,43,15,54,16,41,0,0,0,1,0,0
48,482038,3,1,2,0,0,1,1,135,0,3,9,2015,5,2,17,1,2,2,98,3,SR-191,,10,31.875,-102.416,0,14,0,0,1,1,0,5,2,1,0,1,0,0,99,98,99,98,88,88,14,0,0,1,1,0
48,482039,2,2,0,0,0,3,3,173,0,3,9,2015,5,7,30,1,1,3,98,3,SR-158,,19,31.905,-101.768,0,12,1,0,8,1,0,1,4,1,0,1,0,0,99,99,99,99,99,99,0,0,0,1,0,2
48,482040,2,2,0,0,0,6,6,183,4080,3,9,2015,5,15,25,1,2,1,1,1,I-20,,163,32.449,-94.712,0,12,1,0,1,1,0,1,1,1,0,1,0,0,15,26,15,32,99,99,27,19,0,1,0,1
48,482042,2,2,0,0,0,3,3,285,0,3,9,2015,5,17,10,0,1,4,98,2,US-77,,41,29.575,-96.916,0,1,0,0,1,1,0,1,1,10,0,10,0,0,99,99,99,99,99,99,0,0,0,1,1,0
48,482043,1,1,0,0,0,1,1,385,0,3,9,2015,5,7,40,0,1,4,98,2,US-83,,206,29.797,-99.701,0,42,0,0,1,1,0,4,1,10,0,10,0,0,99,98,99,98,88,88,0,0,0,1,0,0
48,482045,2,2,0,0,0,5,5,27,4924,4,9,2015,6,1,30,1,2,2,98,2,US-190,,202,31.069,-97.584,0,12,2,0,1,1,0,1,2,1,0,1,0,0,99,99,99,99,99,99,0,0,0,1,1,0
48,482050,2,2,0,0,0,2,2,303,0,4,9,2015,6,22,30,1,1,3,98,2,US-84,CR-1700,100,33.657,-101.958,0,12,1,0,3,3,1,1,2,1,0,1,0,0,22,42,22,51,23,20,0,0,0,1,1,0
48,482051,2,2,0,0,0,4,4,317,6580,4,9,2015,6,20,31,1,2,1,1,1,I-20,,65,32.138,-101.808,0,12,6,0,1,1,0,1,2,1,0,1,0,0,99,98,99,98,88,88,0,0,0,3,0,1
48,482057,1,1,0,0,0,1,1,381,0,5,9,2015,7,23,41,1,1,3,98,2,US-60,,77,34.972,-102.045,0,1,0,0,1,1,0,1,2,1,0,1,0,0,99,99,99,99,99,99,0,0,0,1,0,0
48,482058,1,1,0,0,0,2,2,401,0,5,9,2015,7,5,7,0,1,4,98,3,SR-43,,7,32.255,-94.632,0,59,0,0,1,1,0,4,2,1,0,1,0,0,99,99,99,99,99,99,0,0,0,1,0,2
48,482059,1,1,0,1,1,2,2,401,0,5,9,2015,7,23,52,0,1,4,98,3,SR-64,,63,32.175,-94.883,0,8,0,0,1,1,0,1,2,1,0,1,0,0,99,98,99,98,88,88,0,0,0,1,0,2
48,482077,2,2,0,0,0,3,3,205,0,9,9,2015,4,1,28,0,1,4,98,2,US-385,,241,35.76,-102.325,0,12,2,0,1,1,0,1,3,1,0,1,0,0,99,98,99,98,88,88,0,0,0,3,0,0
48,482081,2,2,0,0,0,3,3,253,0,11,9,2015,6,9,53,1,1,3,98,2,US-277,CR-195,131,32.786,-99.885,0,12,6,0,2,3,0,1,1,1,0,1,0,0,99,99,99,99,99,99,0,0,0,1,0,0
48,482089,3,3,0,0,0,3,3,91,9997,15,9,2015,3,15,2,1,2,1,1,1,I-35,,33,29.639,-98.213,0,12,1,0,1,1,0,2,1,1,0,1,0,0,15,14,15,36,15,59,0,0,0,1,0,1
48,482095,3,3,0,0,0,10,10,167,0,23,7,2015,5,10,7,1,1,4,98,3,SR-87,,277,29.365,-94.769,0,12,1,0,1,1,0,1,1,1,0,1,0,0,99,99,99,99,99,99,0,0,0,2,0,1
48,482096,1,1,0,0,0,1,1,139,0,16,8,2015,1,23,16,1,2,1,1,1,I-45,,34,32.294,-96.563,0,52,0,0,1,1,0,10,2,1,0,1,0,0,99,98,99,98,88,88,0,0,0,1,1,1
48,482097,4,4,0,0,0,6,6,305,0,16,8,2015,1,2,9,1,1,3,98,2,US-87,FM2053,227,32.976,-101.832,0,12,6,0,2,2,0,1,2,1,0,1,0,0,2,14,2,36,3,44,14,0,0,1,0,1
48,482105,1,1,0,0,0,4,4,165,0,4,9,2015,6,20,37,1,1,3,98,2,US-62,,46,32.788,-102.64,0,32,0,0,1,1,0,4,2,1,0,1,0,0,20,42,21,7,22,6,0,0,0,1,0,0
48,482106,3,3,0,0,0,5,5,185,5391,4,9,2015,6,20,30,1,1,3,98,3,SR-105,,152,30.346,-95.849,0,12,6,0,1,1,0,1,2,10,0,10,0,0,20,34,20,41,21,55,0,0,0,1,0,2
48,482109,1,1,0,0,0,2,2,389,0,7,9,2015,2,15,2,1,1,1,1,1,I-10,,143,31.014,-103.867,0,1,0,0,1,1,0,4,1,1,0,1,0,0,15,19,16,45,17,45,0,0,0,1,0,1
48,482110,2,2,0,0,0,2,2,91,0,10,9,2015,5,18,51,1,1,3,98,2,US-281,FM 311,95,29.876,-98.409,0,12,6,0,2,2,0,1,1,10,0,10,0,0,99,98,99,98,88,88,0,0,0,1,0,0
48,482114,1,1,0,1,1,1,1,203,0,11,9,2015,6,2,15,1,1,3,98,2,US-59,,164,32.481,-94.359,0,8,0,0,1,1,0,1,2,1,0,1,0,0,99,98,99,98,88,88,0,0,0,1,0,0
48,482115,2,2,0,0,0,7,7,81,0,12,9,2015,7,11,39,0,1,5,98,2,US-277,,142,31.9,-100.286,0,12,6,0,1,1,0,4,1,1,0,1,0,0,12,2,12,23,13,4,0,0,0,1,0,0
48,482116,2,2,0,0,0,3,3,139,0,12,9,2015,7,10,55,1,1,1,1,1,I-45,,135,32.403,-96.656,0,12,1,0,1,1,0,1,1,1,0,1,0,0,99,98,99,98,88,88,20,0,0,1,0,1
48,482119,1,1,0,0,0,2,2,175,0,13,9,2015,1,2,50,0,1,4,98,2,US-183,,69,28.696,-97.388,0,42,0,0,1,1,0,4,2,10,0,10,0,0,2,54,3,1,4,29,0,0,0,1,1,0
48,482120,1,1,0,0,0,1,1,245,0,13,9,2015,1,6,45,1,1,3,98,3,SR-73,,89,29.826,-94.237,0,1,0,0,1,1,0,4,2,1,0,1,0,0,99,98,99,98,88,88,0,0,0,1,0,2
48,482123,1,1,0,0,0,1,1,423,0,16,9,2015,4,23,9,1,1,1,1,1,I-20,,62,32.48,-95.492,0,1,0,0,1,1,0,3,2,1,0,1,0,0,99,98,99,98,88,88,0,0,0,1,0,1
48,482126,2,1,1,0,1,1,2,439,2420,16,9,2015,4,12,31,1,2,1,1,1,I-20,,131,32.662,-97.261,0,14,0,0,1,1,0,2,1,1,0,1,0,0,12,43,12,51,13,11,0,0,0,1,0,1
48,482127,2,2,0,0,0,2,2,441,0,16,9,2015,4,20,48,0,1,4,98,2,US-277,,18,32.284,-99.93,0,12,2,0,1,1,0,1,2,1,0,1,0,0,99,98,99,98,88,88,0,0,0,1,0,0
48,482129,2,2,0,0,0,2,2,291,0,17,9,2015,5,7,21,1,1,3,98,3,SR-105,BS105T SOUTHLINE ST,0,30.319,-94.997,0,1,0,0,3,3,0,1,4,5,0,5,0,0,99,98,99,98,88,88,0,0,0,1,0,2
48,482131,2,2,0,0,0,2,2,85,5390,18,9,2015,6,0,45,1,2,2,98,2,US-75 CENTRAL EXPY,,129,33.013,-96.708,0,12,1,0,1,1,0,1,3,1,0,1,0,0,0,46,0,47,1,14,0,0,0,1,1,1
48,482145,6,6,0,0,0,10,10,29,6090,21,9,2015,2,19,24,1,2,1,1,7,I-10,HUEBNER RD,148,29.545,-98.579,0,12,6,1,2,2,0,1,3,1,0,1,0,0,99,99,99,99,99,99,14,20,0,1,0,1
48,482146,2,2,0,0,0,2,2,113,3350,21,9,2015,2,20,40,1,2,1,1,1,I-45,,64,32.636,-96.701,0,12,2,0,1,1,0,3,3,1,0,1,0,0,99,98,99,98,88,88,0,0,0,1,1,1
48,482147,1,1,0,0,0,2,2,261,0,21,9,2015,2,4,40,1,1,3,98,2,US-77,,40,26.88,-97.788,0,1,0,0,1,1,0,3,2,1,0,1,0,0,4,37,5,3,6,20,0,0,0,1,0,0
48,482148,2,2,0,0,0,2,2,379,0,21,9,2015,2,12,4,0,1,4,98,3,SR-19,,40,32.922,-95.738,0,12,6,0,1,1,0,1,1,1,0,1,0,0,99,98,99,98,88,88,0,0,0,1,0,2
48,482154,2,2,0,0,0,2,2,303,0,9,9,2015,4,8,40,1,1,3,98,2,US-87,FM 41,107,33.414,-101.825,0,12,6,0,2,2,0,1,1,1,0,1,0,0,8,41,8,52,9,18,0,0,0,1,0,1
48,482158,2,2,0,0,0,2,2,453,330,14,9,2015,2,5,0,1,2,1,1,7,I-35,,239,30.348,-97.694,0,12,1,0,1,1,0,1,3,1,0,1,0,0,99,98,99,98,88,88,0,0,0,1,0,1
48,482161,2,2,0,0,0,3,3,257,0,16,9,2015,4,17,17,1,1,1,1,1,I-20,,73,32.696,-96.396,0,12,1,0,1,1,0,1,1,1,0,1,0,0,17,40,17,47,18,12,0,0,0,1,0,1
48,482162,5,5,0,0,0,6,6,257,6830,16,9,2015,4,10,38,1,2,1,1,1,I-20,,125,32.714,-96.312,0,12,1,0,1,1,0,1,1,1,0,1,0,0,10,40,10,43,11,48,28,0,0,1,0,1
48,482165,6,6,0,0,0,8,8,157,0,18,9,2015,6,16,17,1,2,3,98,3,SR-99,,150,29.737,-95.773,0,12,1,0,1,1,0,1,1,1,0,1,0,0,16,20,16,41,17,25,0,0,0,1,0,2
48,482169,2,2,0,0,0,5,5,491,0,18,9,2015,6,21,1,0,1,4,98,3,SR-29,,14,30.706,-97.999,0,12,1,0,8,1,1,1,2,1,0,1,0,0,21,7,21,15,21,54,0,0,0,1,0,2
48,482174,2,2,0,0,0,2,2,97,7112,21,9,2015,2,3,9,1,2,1,1,1,I-35,,111,33.426,-97.175,0,12,2,0,1,1,0,1,2,1,0,1,0,0,99,99,99,99,99,99,0,0,0,1,0,1
48,482177,2,2,0,0,0,3,3,361,7200,21,9,2015,2,18,31,1,2,3,98,3,SR-12,TRAN RD,152,30.137,-94.003,0,12,6,0,2,2,0,1,1,1,0,1,0,0,99,99,99,99,99,99,0,0,0,1,0,2
48,482179,2,2,0,0,0,4,4,177,0,22,9,2015,3,5,55,0,1,5,98,3,SR-80,,229,29.291,-97.797,0,12,6,0,1,1,0,1,2,1,0,1,0,0,6,24,6,48,7,16,0,0,0,3,0,2
48,482181,1,1,0,1,1,1,1,453,330,22,9,2015,3,8,27,1,2,1,1,1,I-35,,118,30.19,-97.771,0,8,0,0,1,1,0,1,1,1,0,1,0,0,99,98,99,98,88,88,0,0,0,1,0,1
48,482183,2,2,0,0,0,3,3,423,0,24,9,2015,5,11,30,1,1,1,1,1,I-20,,8,32.498,-95.582,0,12,1,0,1,1,1,1,1,1,0,1,0,0,99,99,99,99,99,99,3,26,0,1,0,1
48,482185,2,1,1,2,2,1,1,439,2450,25,9,2015,6,2,25,1,2,1,1,1,I-820,,346,32.689,-97.241,0,14,0,1,19,1,0,4,3,1,0,1,0,0,2,32,2,39,3,26,0,0,0,1,0,1
48,482187,1,1,0,1,1,1,1,453,6702,25,9,2015,6,6,20,1,2,2,98,2,US-290,,27,30.233,-97.813,0,8,0,0,1,1,0,1,2,1,0,1,0,0,99,98,99,98,88,88,0,0,0,1,0,1
48,482191,2,2,0,0,0,2,2,187,6237,26,9,2015,7,2,28,1,2,1,1,1,I-35,,19,29.598,-98.281,0,12,1,0,1,1,0,1,3,1,0,1,0,0,99,98,99,98,88,88,23,0,0,1,1,1
48,482192,1,1,0,0,0,1,1,265,0,26,9,2015,7,16,0,0,1,5,98,3,SR-39,,84,29.956,-99.561,0,11,0,0,1,1,0,1,1,1,0,1,0,0,16,11,16,36,17,7,0,0,0,1,0,2
48,482196,1,1,0,0,0,3,3,467,0,26,9,2015,7,14,28,1,1,1,1,1,I-20,,234,32.523,-95.706,0,1,0,0,1,1,0,4,1,1,0,1,0,0,14,38,14,50,16,0,0,0,0,1,0,1
48,482206,2,2,0,0,0,5,5,201,480,13,4,2015,2,11,9,1,2,2,98,3,SR-146,MISSOURI ST,162,29.716,-94.997,0,12,6,1,2,2,0,1,1,1,0,1,0,0,99,99,99,99,99,99,0,0,0,1,0,2
48,482209,2,2,0,0,0,4,4,229,0,15,8,2015,7,0,1,1,1,1,1,1,I-10,,341,31.193,-105.535,0,12,7,0,1,1,0,1,2,1,0,1,0,0,0,10,0,23,0,54,0,0,0,1,1,1