STATE,ST_CASE,VE_TOTAL,VE_FORMS,PVH_INVL,PEDS,PERNOTMVIT,PERMVIT,PERSONS,COUNTY,CITY,DAY,MONTH,YEAR,DAY_WEEK,HOUR,MINUTE,NHS,RUR_URB,FUNC_SYS,RD_OWNER,ROUTE,TWAY_ID,TWAY_ID2,MILEPT,LATITUDE,LONGITUD,SP_JUR,HARM_EV,MAN_COLL,RELJCT1,RELJCT2,TYP_INT,WRK_ZONE,REL_ROAD,LGT_COND,WEATHER1,WEATHER2,WEATHER,SCH_BUS,RAIL,NOT_HOUR,NOT_MIN,ARR_HOUR,ARR_MIN,HOSP_HR,HOSP_MN,CF1,CF2,CF3,FATALS,DRUNK_DR,RANK
48,482891,1,1,0,1,1,2,2,91,4870,3,12,2015,5,0,28,1,2,1,1,1,I-35,,97,29.713,-98.089,0,8,0,0,1,1,0,1,3,1,0,1,0,0,99,98,99,98,88,88,0,0,0,1,0,1
48,482895,1,1,0,0,0,1,1,241,0,3,12,2015,5,9,33,0,1,4,98,2,US-190,,97,30.893,-94.049,0,42,0,0,1,1,0,4,1,1,0,1,0,0,99,99,99,99,99,99,0,0,0,1,0,0
48,482896,2,2,0,0,0,3,3,277,0,3,12,2015,5,17,3,1,2,3,98,2,US-271,CR-33860,87,33.751,-95.545,0,12,6,0,2,3,0,1,1,1,0,1,0,0,99,99,99,99,99,99,0,0,0,1,0,0
48,482897,1,1,0,0,0,1,1,325,0,3,12,2015,5,15,15,1,1,3,98,2,US-90,,13,29.314,-99.376,0,1,0,0,1,1,0,3,1,1,0,1,0,0,99,98,99,98,88,88,0,0,0,1,0,0
48,482898,1,1,0,0,0,2,2,355,1550,3,12,2015,5,11,43,1,2,2,98,2,US-181,,26,27.83,-97.386,0,25,0,0,1,1,0,3,1,1,0,1,0,0,11,45,11,50,12,13,0,0,0,2,0,1
48,482901,2,2,0,0,0,3,3,453,0,3,12,2015,5,7,45,1,2,3,98,3,SR-71,,172,30.285,-97.917,0,12,2,0,1,1,0,1,1,1,0,1,0,0,7,47,7,57,8,31,0,0,0,1,0,2
48,482903,1,1,0,0,0,1,1,27,3690,4,12,2015,6,0,36,1,2,2,98,2,US-190,,67,31.091,-97.721,0,23,0,1,19,1,0,3,2,1,0,1,0,0,99,98,99,98,88,88,0,0,0,1,0,0
48,482915,2,2,0,0,0,6,6,361,7200,5,12,2015,7,14,15,1,2,4,98,3,SR-12,LINSCOMB RD,193,30.164,-93.951,0,12,2,0,3,2,0,1,1,1,0,1,0,0,99,99,99,99,99,99,0,0,0,1,0,2
48,482920,1,1,0,0,0,1,1,29,6090,6,12,2015,1,20,49,1,2,2,98,7,SR-151,,96,29.425,-98.596,0,34,0,0,1,1,0,4,3,1,0,1,0,0,99,99,99,99,88,88,0,0,0,1,1,2
48,482935,2,1,1,0,0,1,1,453,0,7,12,2015,2,0,35,1,2,1,1,1,I-35,,18,30.461,-97.668,0,14,0,0,1,1,0,2,3,1,0,1,0,0,99,98,99,98,88,88,0,0,0,1,1,1
48,482942,2,2,0,0,0,3,3,231,0,8,12,2015,3,7,35,0,1,4,98,3,SR-34,,49,32.925,-96.123,0,12,7,0,1,1,0,1,1,1,0,1,0,0,7,51,8,7,8,45,0,0,0,1,0,2
48,482943,3,2,1,0,0,3,3,471,0,8,12,2015,3,11,22,1,1,1,1,1,I-45,,80,30.612,-95.507,0,14,0,0,1,1,0,2,1,1,0,1,0,0,11,32,11,58,12,41,0,0,0,1,0,1
48,482951,1,1,0,1,1,1,1,181,3290,10,12,2015,5,3,26,1,1,3,98,2,US-75,FM 902,225,33.528,-96.612,0,8,0,1,18,1,0,1,2,1,0,1,0,0,99,98,99,98,88,88,0,0,0,1,0,0
48,482954,1,1,0,0,0,1,1,39,0,11,12,2015,6,7,0,1,2,3,98,3,SR-36,,349,28.966,-95.408,0,1,0,0,1,1,0,4,4,5,0,5,0,0,99,98,99,98,88,88,0,0,0,1,1,1
48,482960,2,2,0,0,0,3,3,249,0,11,12,2015,6,6,40,1,1,3,98,2,US-281,,111,27.305,-98.131,0,12,1,0,1,1,0,1,2,5,0,5,0,0,99,99,99,99,99,99,0,0,0,2,1,0
48,482961,1,1,0,1,1,1,1,373,0,11,12,2015,6,18,38,0,1,4,98,2,US-190,,307,30.747,-95.018,0,8,0,0,1,1,0,1,2,10,0,10,0,0,18,40,18,58,19,11,0,0,0,1,0,0
48,482962,2,2,0,0,0,4,4,403,0,11,12,2015,6,12,0,0,1,5,98,3,SR-87,,229,31.208,-93.752,0,1,0,0,1,1,0,1,1,10,0,10,0,0,12,9,13,6,13,50,14,0,0,1,0,1
48,482964,2,2,0,0,0,3,3,463,0,11,12,2015,6,18,50,1,1,3,98,2,US-83,,136,29.247,-99.789,0,12,6,0,7,1,0,1,2,1,0,1,0,0,18,58,19,7,19,44,0,0,0,1,1,0
48,482967,2,2,0,0,0,2,2,481,0,11,12,2015,6,21,0,0,1,5,98,3,SR-60,,80,29.234,-96.038,0,12,6,0,1,1,0,1,2,10,0,10,0,0,99,99,99,99,99,99,0,0,0,1,0,2
48,482968,2,2,0,0,0,2,2,3,0,12,12,2015,7,2,39,1,2,3,98,2,US-385,CR-1000,156,32.304,-102.542,0,12,6,0,2,2,0,1,2,1,0,1,0,0,99,99,99,99,99,99,0,0,0,1,1,0
48,482976,1,1,0,0,0,2,2,245,5430,12,12,2015,7,20,38,1,2,2,98,7,SR-73,,288,29.922,-93.951,0,1,0,0,1,1,0,10,2,1,0,1,0,0,99,99,99,99,99,99,0,0,0,1,1,2
48,482979,2,2,0,0,0,6,6,399,0,12,12,2015,7,19,8,1,1,3,98,2,US-83,,140,31.886,-99.96,0,12,2,0,1,1,0,1,2,1,0,1,0,0,99,98,99,98,88,88,0,0,0,1,0,0
48,482980,1,1,0,0,0,1,1,439,2450,12,12,2015,7,10,50,1,2,1,1,1,I-30,,113,32.733,-97.382,0,57,0,0,1,1,0,3,1,10,0,10,0,0,10,49,10,56,11,19,0,0,0,1,0,1
48,482983,1,1,0,1,1,1,1,29,6090,13,12,2015,1,20,34,1,2,1,1,1,I-35,,246,29.439,-98.472,0,8,0,0,1,1,1,1,3,1,0,1,0,0,99,98,99,98,88,88,0,0,0,1,0,1
48,482987,1,1,0,1,1,3,3,113,1730,13,12,2015,1,18,45,1,2,2,98,2,US-75 CENTRAL EXPY,,139,32.803,-96.793,0,8,0,0,1,1,0,1,3,1,0,1,0,0,99,99,99,99,99,99,0,0,0,1,0,1
48,482992,2,2,0,0,0,3,3,157,0,14,12,2015,2,5,17,1,2,3,98,3,SR-6,BISSONNET ST,14,29.677,-95.644,0,12,6,0,2,2,0,1,2,10,0,10,0,0,99,99,99,99,99,99,0,0,0,1,0,2
48,482997,2,1,1,1,1,1,1,185,0,15,12,2015,3,12,45,1,1,3,98,3,SR-6,,74,30.323,-96.047,0,14,0,0,1,1,0,2,1,10,0,10,0,0,12,47,12,58,13,22,23,0,0,1,0,2
48,482999,2,2,0,0,0,2,2,347,0,15,12,2015,3,5,42,1,1,3,98,2,US-59,CR-620,267,31.539,-94.693,0,12,6,0,2,3,0,1,2,1,0,1,0,0,5,47,5,59,6,10,0,0,0,1,0,0
48,483001,2,2,0,0,0,4,4,499,70,15,12,2015,3,18,30,1,1,3,98,2,US-69,FM 17,12,32.786,-95.629,0,12,6,0,2,2,0,1,2,2,0,2,0,0,18,31,18,46,20,0,0,0,0,1,0,0
48,483002,1,1,0,0,0,1,1,27,570,16,12,2015,4,16,20,1,2,3,98,2,US-190,,276,31.046,-97.467,0,24,0,1,19,1,0,4,1,1,0,1,0,0,99,99,99,99,99,99,0,0,0,1,0,0
48,483003,1,1,0,0,0,3,3,29,6090,16,12,2015,4,1,5,1,2,1,1,7,I-35,,102,29.293,-98.638,0,24,0,0,1,1,0,4,2,1,0,1,0,0,99,99,99,99,99,99,0,0,0,1,0,1
48,483005,4,4,0,0,0,6,6,179,0,17,12,2015,5,16,0,1,1,3,98,2,US-60,SL 171,42,35.534,-100.919,0,12,6,0,2,2,0,1,1,1,0,1,0,0,16,10,16,46,17,24,0,0,0,1,0,0
48,483007,2,2,0,0,0,2,2,449,0,17,12,2015,5,20,10,0,1,5,98,2,US-67,,65,33.175,-95.077,0,12,6,0,1,1,0,1,2,1,0,1,0,0,99,98,99,98,88,88,0,0,0,1,0,0
48,483008,2,2,0,0,0,2,2,491,0,17,12,2015,5,19,39,1,2,3,98,3,SR-29,,89,30.632,-97.74,0,12,2,0,1,1,0,1,2,1,0,1,0,0,99,99,99,99,99,99,0,0,0,1,1,2
48,483010,1,1,0,1,1,1,1,439,3347,18,12,2015,6,20,51,1,2,1,1,1,I-820,PIPELINE RD,246,32.824,-97.205,0,8,0,1,2,2,0,1,3,1,0,1,0,0,99,98,99,98,88,88,0,0,0,1,0,1
48,483012,1,1,0,0,0,1,1,201,7286,19,12,2015,7,2,18,1,2,1,1,7,I-45,NASA PKWY,11,29.521,-95.124,0,25,0,1,3,2,0,3,3,1,0,1,0,0,99,99,99,99,99,99,0,0,0,1,0,1
48,483014,1,1,0,0,0,1,1,267,0,19,12,2015,7,4,20,1,1,1,1,1,I-10,,147,30.4,-99.627,0,1,0,0,1,1,0,3,2,1,0,1,0,0,99,98,99,98,88,88,0,0,0,1,0,1
48,483015,2,2,0,0,0,2,2,439,3347,19,12,2015,7,4,29,1,1,1,1,1,I-820,,257,32.81,-97.21,0,12,7,1,18,1,0,1,3,1,0,1,0,0,99,98,99,98,88,88,0,0,0,1,0,1
48,483017,2,2,0,1,1,18,18,439,260,20,12,2015,1,5,27,1,2,1,1,1,I-30,,273,32.76,-97.097,0,12,1,0,1,1,0,1,3,1,0,1,0,0,99,99,99,99,99,99,0,0,0,1,0,1
48,483018,2,1,1,0,2,2,4,89,0,21,12,2015,2,6,55,1,1,1,1,1,I-10,,311,29.739,-96.343,0,14,0,0,1,1,0,2,1,5,0,5,0,0,99,99,99,99,99,99,0,0,0,1,0,1
48,483022,3,3,0,0,0,8,8,439,2450,21,12,2015,2,20,33,1,2,1,1,1,I-35,,15,32.913,-97.317,0,12,1,1,18,1,0,1,2,1,0,1,0,0,20,33,20,43,21,54,0,0,0,2,0,1
48,483030,1,1,0,0,0,1,1,29,6090,26,12,2015,7,3,50,1,2,1,1,7,I-35,,312,29.489,-98.403,0,25,0,0,1,1,1,4,2,10,0,10,0,0,99,98,99,98,88,88,0,0,0,1,1,1
48,483035,2,2,0,0,0,6,6,325,0,28,12,2015,2,20,18,0,1,4,98,3,SR-173,,384,29.16,-98.932,0,11,0,0,1,1,0,1,2,1,0,1,0,0,20,36,20,56,21,42,0,0,0,1,0,2
48,483037,1,1,0,1,1,2,2,113,1730,29,12,2015,3,19,10,1,2,1,1,1,I-635 LBJ FWY,,50,32.918,-96.745,0,8,0,0,1,1,1,1,3,1,0,1,0,0,99,98,99,98,88,88,23,0,0,1,0,1
48,483040,3,3,0,0,0,5,5,441,30,30,12,2015,4,18,24,1,2,4,98,3,SR-36,,99,32.407,-99.67,0,12,6,0,1,1,0,1,2,5,0,5,0,0,18,26,18,35,19,7,0,0,0,1,0,1
48,483042,2,2,0,1,1,1,1,497,0,8,12,2015,3,0,44,1,1,3,98,7,US-81,,197,33.005,-97.436,0,12,1,0,1,1,0,1,2,1,0,1,0,0,0,41,0,55,1,28,23,0,0,1,0,0
48,483043,2,2,0,0,0,2,2,389,0,11,12,2015,6,1,34,1,1,3,98,2,US-285,,135,31.832,-103.914,0,12,2,0,1,1,0,1,2,1,0,1,0,0,99,98,99,98,88,88,0,0,0,1,0,0
48,483046,2,2,0,0,0,4,4,495,0,11,12,2015,6,5,45,0,1,4,98,3,SR-18,,62,31.928,-103.113,0,12,6,0,1,1,0,1,2,1,0,1,0,0,99,99,99,99,99,99,0,0,0,1,0,2
48,483047,2,2,0,0,0,4,4,167,3850,14,12,2015,2,12,47,1,2,2,98,3,SR-146,,151,29.346,-94.941,0,12,2,0,1,1,0,4,1,1,0,1,0,0,12,52,12,52,13,10,0,0,0,1,0,2
48,483052,2,2,0,0,0,3,3,185,4830,18,12,2015,6,3,40,1,2,2,98,3,SR-6,,10,30.411,-96.092,0,12,2,0,1,1,0,1,2,1,0,1,0,0,3,51,4,6,4,54,0,0,0,1,0,2
48,483053,2,2,0,0,0,2,2,279,0,18,12,2015,6,20,20,0,1,4,98,2,US-385,,146,34.104,-102.325,0,12,2,0,1,1,0,1,2,1,0,1,0,0,21,20,21,42,22,3,0,0,0,2,0,0
48,483054,2,2,0,1,1,3,3,339,0,18,12,2015,6,18,45,1,1,3,98,3,SR-249,CR-PINEDALE CIR,348,30.144,-95.66,0,8,0,0,2,3,0,1,2,1,0,1,0,0,99,99,99,99,99,99,0,0,0,1,0,2
48,483056,3,3,0,1,1,1,1,121,7353,19,12,2015,7,10,9,1,2,3,98,3,SR-170,,61,32.988,-97.226,0,8,0,0,1,1,0,1,1,1,0,1,0,0,99,98,99,98,88,88,23,0,0,1,0,2
48,483062,1,1,0,0,0,2,2,455,0,20,12,2015,1,23,40,0,1,4,98,3,SR-94,,276,31.023,-95.293,0,1,0,0,1,1,0,1,2,2,0,2,0,0,99,99,99,99,99,99,0,0,0,1,1,2
48,483066,1,1,0,0,0,1,1,339,4999,21,12,2015,2,2,48,1,2,1,1,1,I-45,,34,30.158,-95.449,0,31,0,1,19,1,0,8,3,10,0,10,0,0,99,98,99,98,88,88,0,0,0,1,1,1
48,483067,2,2,0,0,0,3,3,39,0,22,12,2015,3,16,32,0,1,4,98,3,SR-35,,226,29.289,-95.324,0,12,2,0,1,1,0,1,1,5,0,5,0,0,16,33,16,42,17,25,0,0,0,2,1,1
48,483068,1,1,0,0,0,2,2,139,5685,22,12,2015,3,15,2,1,2,1,1,7,I-35,TATER BROWN,0,32.546,-96.822,0,32,0,0,3,3,0,4,1,1,0,1,0,0,14,45,14,56,15,18,0,0,0,1,0,1
48,483069,2,2,0,0,0,2,2,149,0,22,12,2015,3,6,8,1,1,4,98,3,SR-71,FM 955,111,29.853,-96.729,0,12,6,0,2,2,0,1,2,5,0,5,0,0,99,98,99,98,88,88,0,0,0,1,0,2
48,483075,1,1,0,0,0,4,4,233,0,23,12,2015,4,20,4,0,1,4,98,3,SR-152,,26,35.665,-101.352,0,24,0,0,1,1,0,4,2,1,0,1,0,0,99,99,99,99,99,99,0,0,0,1,0,1
48,483076,1,1,0,0,0,1,1,325,0,23,12,2015,4,15,50,1,1,1,1,1,I-35,,112,29.199,-98.824,0,1,0,0,1,1,0,3,1,1,0,1,0,0,99,99,99,99,99,99,0,0,0,1,0,1
48,483078,2,2,0,0,0,2,2,89,0,24,12,2015,5,8,25,1,1,1,1,1,I-10,,141,29.693,-96.619,0,31,0,0,1,1,0,4,1,10,0,10,0,0,99,98,99,98,88,88,0,0,0,1,0,1
48,483079,1,1,0,1,1,1,1,349,5720,24,12,2015,5,6,24,1,1,1,1,7,I-45,,285,32.201,-96.475,0,8,0,0,5,1,0,1,2,1,0,1,0,0,99,98,99,98,88,88,0,0,0,1,0,1
48,483081,1,1,0,0,0,1,1,21,0,25,12,2015,6,11,18,1,1,3,98,3,SR-71,WITHER DR,290,29.988,-97.124,0,1,0,0,1,1,0,3,1,10,0,10,0,0,99,99,99,99,99,99,0,0,0,1,0,2
48,483082,2,2,0,0,0,7,7,113,5730,25,12,2015,6,11,31,1,2,2,98,2,US-75 CENTRAL EXPY,,1,32.984,-96.712,0,43,0,1,19,1,0,10,1,1,0,1,0,0,11,32,11,40,12,20,0,0,0,1,0,1
48,483085,2,2,0,0,0,3,3,257,6830,25,12,2015,6,10,0,1,2,1,1,1,I-20,,83,32.69,-96.231,0,12,7,0,1,1,0,1,1,10,0,10,0,0,10,4,10,10,11,16,0,0,0,1,0,1
48,483088,1,1,0,0,0,1,1,171,0,26,12,2015,7,9,40,1,1,3,98,2,US-290,,279,30.3,-99.005,0,24,0,0,1,1,0,4,1,10,0,10,0,0,99,98,99,98,88,88,0,0,0,1,0,1
48,483092,2,2,0,0,0,3,3,223,6670,26,12,2015,7,21,56,1,2,1,1,1,I-30,,143,33.117,-95.616,0,12,1,0,1,1,0,1,2,1,0,1,0,0,21,59,22,3,22,42,0,0,0,1,0,1
48,483093,1,1,0,1,1,1,1,439,260,26,12,2015,7,0,5,1,2,2,98,2,US-287,,255,32.616,-97.163,0,8,0,0,1,1,0,1,2,1,0,1,0,0,99,98,99,98,88,88,0,0,0,1,0,0
48,483095,1,1,0,0,0,1,1,453,330,30,12,2015,4,5,50,1,2,1,1,1,I-35,,268,30.385,-97.673,0,1,0,0,1,1,0,4,2,1,0,1,0,0,99,98,99,98,88,88,0,0,0,1,0,1
48,483097,2,2,0,0,0,2,2,459,0,30,12,2015,4,23,35,0,1,4,98,3,SR-155,RIVER RD,155,32.565,-95.137,0,12,6,0,3,2,1,1,2,1,0,1,0,0,99,99,99,99,99,99,0,0,0,1,0,1
48,483107,2,2,0,0,0,2,2,335,0,12,11,2015,5,3,16,1,1,1,1,1,I-20,,166,32.389,-100.947,0,12,1,0,1,1,0,1,2,1,0,1,0,0,99,98,99,98,88,88,0,0,0,1,0,1
48,483110,1,1,0,1,1,1,1,149,0,24,11,2015,3,4,45,1,1,1,1,1,I-10,,174,29.69,-96.931,0,8,0,0,1,1,0,1,2,1,0,1,0,0,4,41,5,4,6,2,23,0,0,1,0,1
48,483113,2,2,0,0,0,2,2,475,0,6,12,2015,1,17,2,1,2,1,1,1,I-20,,289,31.576,-102.94,0,12,6,0,1,1,0,1,1,1,0,1,0,0,17,6,17,13,17,39,0,0,0,1,0,1
48,483115,1,1,0,1,1,1,1,453,330,16,12,2015,4,20,15,1,2,2,98,3,SR-71,,144,30.206,-97.644,0,8,0,0,1,1,1,1,6,1,0,1,0,0,99,98,99,98,88,88,0,0,0,1,0,2
48,483124,1,1,0,1,1,3,3,187,6237,26,12,2015,7,19,4,1,2,1,1,1,I-35,,12,29.594,-98.288,0,8,0,0,1,1,0,1,2,10,0,10,0,0,99,98,99,98,88,88,0,0,0,1,0,1
48,483128,1,1,0,1,1,1,1,477,0,30,12,2015,4,18,0,1,1,3,98,2,US-290,,204,30.14,-96.356,0,8,0,0,1,1,0,1,2,10,0,10,0,0,18,4,18,13,18,28,0,0,0,1,0,1
48,483129,2,2,0,0,0,4,4,35,0,31,12,2015,5,11,40,1,1,3,98,3,SR-6,,361,31.708,-97.545,0,12,2,0,1,1,0,4,1,10,0,10,0,0,11,45,11,53,12,48,0,0,0,1,0,2
48,483131,1,1,0,0,0,1,1,179,0,31,12,2015,5,2,15,0,1,4,98,3,SR-152,,21,35.532,-101.067,0,38,0,0,1,1,0,5,2,5,0,5,0,0,99,98,99,98,88,88,0,0,0,1,1,1
48,483133,2,2,0,0,0,3,3,467,0,31,12,2015,5,15,16,1,1,1,1,7,I-20,FM 16,240,32.518,-95.697,0,12,6,0,2,2,0,1,1,1,0,1,0,0,99,99,99,99,99,99,0,0,0,1,0,1
48,483145,1,1,0,1,1,7,7,497,890,13,11,2015,6,20,26,1,1,3,98,2,US-380,,6,33.223,-97.757,0,8,0,0,1,1,0,1,2,1,0,1,0,0,20,26,20,30,21,9,0,0,0,1,0,0
48,483146,2,2,0,0,0,2,2,367,6555,25,11,2015,4,13,15,1,1,3,98,3,SR-199,,107,32.962,-97.678,0,12,6,0,8,1,0,1,1,10,0,10,0,0,99,99,99,99,99,99,0,0,0,1,0,2
48,483155,2,2,0,0,0,2,2,469,7190,26,12,2015,7,6,36,1,2,2,98,2,US-59,,38,28.811,-96.931,0,12,1,0,1,1,0,1,1,1,0,1,0,0,99,98,99,98,88,88,0,0,0,1,0,0
48,483156,1,1,0,0,0,2,2,197,0,18,12,2015,6,20,59,1,1,3,98,2,US-287,,57,34.343,-99.92,0,31,0,0,1,1,0,3,2,10,0,10,0,0,21,18,21,33,22,1,0,0,0,1,0,0
48,483162,2,2,0,0,0,6,6,291,1770,26,12,2015,7,21,14,0,1,4,98,2,US-90,FM 1413,27,29.988,-94.966,0,12,6,0,2,2,0,1,2,2,0,2,0,0,21,14,21,19,22,25,0,0,0,1,1,0
48,483163,2,2,0,0,0,2,2,463,0,26,12,2015,7,7,25,0,1,4,98,3,SR-55,,119,29.464,-100.024,0,12,6,0,1,1,0,1,1,1,0,1,0,0,99,98,99,98,88,88,0,0,0,1,0,2
48,483164,1,1,0,0,0,11,11,487,0,27,12,2015,1,5,15,1,1,3,98,2,US-70,,223,34.131,-99.161,0,57,0,1,19,1,0,3,2,2,0,2,0,0,5,15,5,37,7,0,0,0,0,1,0,0
48,483167,2,2,0,0,0,5,5,85,0,2,12,2015,4,19,25,0,1,4,98,3,SR-5,CR-366,69,33.316,-96.559,0,12,6,0,2,2,0,1,2,1,0,1,0,0,99,99,99,99,99,99,0,0,0,1,0,1
48,483170,1,1,0,0,0,1,1,109,0,27,12,2015,1,8,6,1,1,1,1,1,I-10,,84,31.044,-104.763,0,1,0,0,1,1,0,10,1,4,0,4,0,0,99,99,99,99,99,99,0,0,0,1,0,1
48,483172,2,1,1,1,1,1,1,167,3850,6,7,2015,2,2,25,1,2,1,1,1,I-45,,4,29.33,-94.933,0,8,0,1,18,1,0,1,2,1,0,1,0,0,99,99,99,99,99,99,0,0,0,1,0,1
48,483176,2,2,0,0,0,2,2,453,4290,2,12,2015,4,18,51,1,2,3,98,2,US-290,FM973,106,30.349,-97.54,0,12,1,0,3,2,0,1,2,1,0,1,0,0,99,98,99,98,88,88,0,0,0,1,1,1
48,483178,1,1,0,0,0,2,2,373,0,28,11,2015,7,5,45,1,1,3,98,2,US-59,,180,31.132,-94.81,0,35,0,0,1,1,0,3,2,10,0,10,0,0,99,98,99,98,88,88,0,0,0,1,0,0
48,483179,2,2,0,0,0,2,2,329,0,5,12,2015,7,5,12,1,1,1,1,1,I-20,,45,31.909,-102.221,0,12,7,0,1,1,0,1,2,1,0,1,0,0,99,99,99,99,99,99,0,0,0,1,1,1
48,483180,2,2,0,0,0,2,2,183,2670,21,12,2015,2,19,33,1,2,3,98,2,US-80,,20,32.534,-94.926,0,12,6,0,8,1,0,1,3,1,0,1,0,0,19,36,19,40,20,11,0,0,0,1,0,1
48,483183,2,2,0,0,0,2,2,329,0,8,10,2015,5,11,56,1,1,5,98,3,SR-349,CR-60,257,32.011,-102.259,0,12,6,0,2,2,0,1,1,2,0,2,0,0,11,51,12,2,12,24,0,0,0,1,0,2
48,483187,2,2,0,0,0,4,4,231,0,3,2,2015,3,13,0,0,1,4,98,2,US-69,,7,33.353,-96.223,1,12,2,0,1,1,0,1,1,1,0,1,0,0,99,98,99,98,88,88,0,0,0,3,0,0
48,483191,2,2,0,0,0,2,2,161,0,14,9,2015,2,5,46,1,1,1,1,1,I-45,,24,31.513,-96.105,0,12,2,0,1,1,0,1,2,1,0,1,0,0,6,1,6,25,7,15,0,0,0,1,0,1
48,483193,1,1,0,0,0,2,2,453,330,26,12,2015,7,22,26,1,2,1,1,7,I-35,,44,30.16,-97.79,0,42,0,0,1,1,0,10,3,1,0,1,0,0,21,11,21,20,21,55,0,0,0,1,0,1
48,483194,2,2,0,0,0,4,4,257,2430,26,12,2015,7,22,48,1,1,3,98,2,US-80,,41,32.756,-96.468,0,12,6,0,1,1,0,1,2,10,0,10,0,0,99,98,99,98,88,88,0,0,0,1,1,1
48,483199,2,2,0,0,0,3,3,201,0,5,6,2015,6,16,38,1,2,2,98,3,SR-249,BW / SL 8,159,29.937,-95.517,0,12,6,1,2,2,1,1,1,1,0,1,0,0,16,43,16,55,17,47,0,0,0,1,0,2
48,483214,2,2,0,0,0,2,2,355,1550,24,11,2015,3,19,13,1,2,1,1,1,I-37,RIPPLE RD,160,27.881,-97.624,0,12,6,0,1,1,0,1,3,1,0,1,0,0,19,15,19,21,19,47,0,0,0,1,0,1
48,483222,1,1,0,1,1,2,2,29,2187,21,12,2015,2,20,14,1,2,3,98,2,US-181,,13,29.294,-98.364,0,8,0,0,1,1,0,1,2,1,0,1,0,0,20,24,20,34,20,57,0,0,0,1,0,0
48,483223,2,2,0,0,0,2,2,181,0,17,11,2015,3,1,55,0,1,4,98,2,US-69,,54,33.541,-96.405,0,12,2,0,1,1,0,1,2,2,0,2,0,0,99,98,99,98,88,88,0,0,0,1,1,0
48,483229,2,2,0,1,1,3,3,201,0,23,5,2015,7,2,10,1,2,1,1,1,I-45 NORTH FWY,,450,30.056,-95.432,0,12,6,0,1,1,0,1,3,10,0,10,0,0,2,19,2,26,3,41,19,0,0,1,1,0
48,483230,1,1,0,0,0,2,2,201,0,23,5,2015,7,3,0,1,2,2,98,2,US-90,,114,29.846,-95.143,0,52,0,1,19,1,0,3,2,1,0,1,0,0,99,99,99,99,99,99,0,0,0,1,1,0
48,483253,1,1,0,0,0,1,1,201,0,10,8,2015,2,1,28,1,2,3,98,7,US-290,,174,29.953,-95.672,0,33,0,0,1,1,1,4,2,1,0,1,0,0,99,98,99,98,88,88,0,0,0,1,0,1
48,483255,2,2,0,0,0,5,5,497,5710,26,10,2015,2,13,25,1,1,3,98,2,US-81,,152,33.053,-97.479,0,24,0,0,5,1,0,4,1,1,0,1,0,0,13,32,13,44,14,18,0,0,0,1,0,0
49,490002,3,3,0,1,1,2,2,35,1820,10,1,2015,7,17,55,1,2,3,25,2,US-89,,0,40.69,-111.888,0,8,0,0,1,1,0,1,3,2,0,2,0,0,17,56,18,1,18,11,0,0,0,1,0,0
49,490007,2,2,0,0,0,3,3,11,910,21,1,2015,4,16,9,0,2,2,25,3,SR-193,HOBBS CREEK DRIVE,0,41.108,-111.916,0,12,6,1,2,2,0,1,1,1,0,1,0,0,16,18,16,29,16,55,0,0,0,1,0,2
49,490009,1,1,0,1,1,1,1,57,1350,17,1,2015,7,6,47,1,2,3,25,2,US-89,28TH STREET,0,41.214,-111.971,0,8,0,0,2,2,0,1,3,1,0,1,0,0,99,99,99,99,99,99,0,0,0,1,0,0
49,490012,2,2,0,0,0,2,2,57,0,8,2,2015,1,1,12,0,1,5,2,3,SR-166,,0,41.293,-111.781,0,12,2,0,1,1,0,1,2,2,0,2,0,0,1,14,1,23,2,1,0,0,0,1,0,1
49,490014,1,1,0,1,1,1,1,35,1924,12,2,2015,5,21,3,0,2,3,25,3,SR-173,3600 WEST,0,40.653,-111.977,0,8,0,0,2,2,0,1,2,1,0,1,0,0,21,4,21,8,88,88,0,0,0,1,0,2
49,490017,2,2,0,0,0,2,2,35,1924,30,1,2015,6,6,32,0,2,3,25,3,SR-68,SR-173,0,40.653,-111.939,0,12,6,0,2,2,0,1,3,1,0,1,0,0,99,99,99,99,99,99,0,0,0,1,0,2
49,490021,1,1,0,0,0,1,1,51,0,20,2,2015,6,21,3,1,1,2,1,2,US-40,,300,40.406,-111.311,0,1,0,0,1,1,0,4,2,1,0,1,0,0,21,4,21,22,99,99,0,0,0,1,0,0
49,490022,3,1,2,0,1,2,3,11,0,10,2,2015,3,3,2,1,2,1,1,1,I-15,,3170,40.894,-111.896,0,14,0,0,1,1,1,2,2,10,0,10,0,0,3,2,3,10,3,55,3,0,0,1,1,1
49,490023,1,1,0,0,0,1,1,7,0,18,2,2015,4,10,35,1,1,2,1,2,US-6,,2380,39.619,-110.855,0,38,0,0,1,1,0,4,1,1,0,1,0,0,99,99,99,99,88,88,0,0,0,1,0,0