STATE,ST_CASE,VE_TOTAL,VE_FORMS,PVH_INVL,PEDS,PERNOTMVIT,PERMVIT,PERSONS,COUNTY,CITY,DAY,MONTH,YEAR,DAY_WEEK,HOUR,MINUTE,NHS,RUR_URB,FUNC_SYS,RD_OWNER,ROUTE,TWAY_ID,TWAY_ID2,MILEPT,LATITUDE,LONGITUD,SP_JUR,HARM_EV,MAN_COLL,RELJCT1,RELJCT2,TYP_INT,WRK_ZONE,REL_ROAD,LGT_COND,WEATHER1,WEATHER2,WEATHER,SCH_BUS,RAIL,NOT_HOUR,NOT_MIN,ARR_HOUR,ARR_MIN,HOSP_HR,HOSP_MN,CF1,CF2,CF3,FATALS,DRUNK_DR,RANK
51,510097,1,1,0,1,1,1,1,95,0,5,3,2015,5,20,59,0,2,4,98,3,SR-143,LEE DRIVE,331,37.264,-76.674,0,8,0,0,3,3,0,1,2,3,0,3,0,0,21,1,21,4,21,13,0,0,0,1,0,2
51,510098,2,2,0,0,0,4,4,790,2330,24,1,2015,7,10,54,0,2,3,4,2,US-250,ENGLEWOOD DR,548,38.177,-79.093,0,12,6,0,2,2,0,1,1,3,0,3,0,0,11,4,11,9,13,6,0,0,0,1,0,0
51,510100,2,1,1,0,0,1,1,85,0,24,2,2015,3,5,7,0,1,5,1,2,US-1,,1120,37.807,-77.473,0,34,0,0,1,1,0,4,2,1,10,10,0,0,5,7,5,13,88,88,0,0,0,1,1,1
51,510101,1,1,0,0,0,1,1,183,0,14,3,2015,7,21,30,0,1,4,1,3,SR-35,,370,36.978,-77.215,0,42,0,0,1,1,0,4,2,1,10,10,0,0,99,99,99,99,88,88,0,0,0,1,1,1
51,510102,2,2,0,0,0,3,3,165,0,16,3,2015,2,21,30,0,1,5,1,2,US-11,,2691,38.511,-78.79,0,12,6,0,8,1,0,1,2,1,10,10,0,0,21,36,21,46,22,10,0,0,0,1,0,0
51,510104,2,2,0,0,0,5,5,61,0,14,3,2015,7,21,47,0,1,3,1,2,US-17,,1958,38.468,-77.679,0,12,2,0,1,1,0,1,2,1,10,10,0,0,99,99,21,54,22,29,0,0,0,1,1,1
51,510105,1,1,0,0,0,1,1,127,0,13,3,2015,6,9,30,1,1,1,1,1,I-64,,1,37.478,-76.915,0,42,0,1,5,1,0,8,1,1,10,10,0,0,9,36,9,43,88,88,0,0,0,1,0,1
51,510109,2,1,1,2,2,1,1,41,0,17,3,2015,3,18,38,1,2,2,1,3,SR-150,,46,37.522,-77.528,0,8,0,0,1,1,0,1,1,1,10,10,0,0,99,99,18,40,19,16,23,0,0,1,0,0
51,510113,1,1,0,0,0,1,1,25,0,22,3,2015,1,14,50,0,1,5,1,3,SR-46,,347,36.96,-77.97,0,42,0,0,1,1,0,4,1,1,10,10,0,0,99,99,99,99,88,88,0,0,0,1,0,1
51,510115,1,1,0,1,1,1,1,59,0,4,3,2015,4,6,23,0,2,4,1,2,US-29,,2271,38.835,-77.456,0,8,0,0,1,1,0,1,3,2,0,2,0,0,6,23,6,27,6,43,0,0,0,1,0,0
51,510124,4,2,2,0,0,6,6,770,2100,31,1,2015,7,2,33,0,2,3,4,2,US-11,YARDLEY DRIVE,1550,37.313,-79.952,0,12,6,0,2,3,0,1,3,1,10,10,0,0,2,48,2,54,3,26,0,0,0,3,2,0
51,510129,1,1,0,1,1,1,1,1,0,31,3,2015,3,3,7,0,1,3,1,2,US-13,RT-662,1218,37.732,-75.658,0,8,0,0,3,2,0,1,2,1,10,10,0,0,99,99,99,99,88,88,0,0,0,1,0,0
51,510130,3,3,0,0,0,3,3,13,0,3,4,2015,6,20,30,0,2,3,1,3,SR-120,OLD DOMINION DR,25,38.904,-77.129,0,12,1,0,3,2,0,1,3,1,10,10,0,0,22,28,22,43,23,3,0,0,0,1,1,1
51,510131,3,3,0,0,0,3,3,710,1760,2,4,2015,5,5,51,1,2,1,1,1,I-64,,2775,36.913,-76.263,0,1,0,0,1,1,0,1,3,1,10,10,0,0,99,99,99,99,99,99,14,0,0,1,1,1
51,510132,2,2,0,0,0,2,2,69,0,30,3,2015,2,23,15,1,1,1,1,1,I-81,,3228,39.266,-78.097,0,12,6,0,1,1,0,1,2,1,10,10,0,0,99,99,99,99,99,99,0,0,0,1,0,0
51,510133,1,1,0,0,0,1,1,47,0,3,4,2015,6,14,57,0,1,3,1,2,US-29,,1705,38.524,-77.829,0,1,0,0,1,1,0,4,1,2,0,2,0,0,14,58,15,6,15,40,0,0,0,1,0,0
51,510134,2,2,0,0,0,2,2,95,0,7,2,2015,7,19,3,0,2,3,1,2,US-60,,2469,37.211,-76.617,0,12,2,0,1,1,0,1,2,1,10,10,0,0,19,10,19,18,19,55,0,0,0,1,2,0
51,510135,1,1,0,0,0,1,1,33,0,3,4,2015,6,1,52,0,1,4,1,3,SR-30,,64,37.831,-77.356,0,34,0,0,1,1,0,4,2,1,10,10,0,0,99,99,3,29,88,88,0,0,0,1,0,1
51,510136,4,4,0,0,0,4,4,41,0,6,4,2015,2,13,7,0,2,2,1,3,SR-288,,142,37.434,-77.634,0,12,1,0,1,1,0,1,1,1,10,10,0,0,13,9,13,15,88,88,0,0,0,1,1,1
51,510137,1,1,0,0,0,1,1,810,2540,7,4,2015,3,6,10,1,2,1,1,1,I-64,,2877,36.801,-76.201,0,25,0,0,1,1,0,4,4,1,10,10,0,0,6,18,6,25,88,88,0,0,0,1,1,1
51,510140,2,2,0,0,0,2,2,87,0,7,4,2015,3,5,53,1,2,1,1,1,I-64,,1986,37.529,-77.311,0,24,0,0,1,1,0,3,2,2,0,2,0,0,99,99,6,10,6,31,0,0,0,1,0,1
51,510141,1,1,0,0,0,1,1,163,0,10,4,2015,6,16,47,1,1,1,1,1,I-81,,1748,37.614,-79.591,0,59,0,0,1,1,0,4,1,2,0,2,0,0,16,51,17,7,18,45,0,0,0,1,0,0
51,510144,2,2,0,0,0,4,4,760,2060,12,4,2015,1,14,18,1,2,1,1,1,I-95,,1871,37.588,-77.473,0,12,6,1,5,1,0,1,1,1,10,10,0,0,14,21,14,29,15,15,0,0,0,1,1,1
51,510148,2,2,0,0,0,4,4,135,0,11,4,2015,7,16,30,0,1,5,1,3,SR-49,RT-630,674,37.193,-78.146,0,12,6,0,2,2,0,1,1,1,10,10,0,0,99,99,99,99,88,88,0,0,0,1,0,1
51,510152,1,1,0,0,0,1,1,89,0,14,4,2015,3,16,45,0,1,4,1,3,SR-57,,11,36.752,-79.981,0,35,0,0,1,1,0,4,1,2,0,2,0,0,99,99,99,99,99,99,0,0,0,1,0,2
51,510154,1,1,0,0,0,1,1,83,0,16,4,2015,5,14,35,0,1,7,1,2,US-601,,194,36.661,-78.779,0,42,0,0,1,1,0,4,1,1,10,10,0,0,99,99,99,99,88,88,0,0,0,1,0,0
51,510156,2,2,0,0,0,2,2,5,0,15,4,2015,4,15,15,0,1,5,1,2,US-60,,113,37.801,-80.05,0,12,2,0,1,1,0,1,1,2,0,2,0,0,15,33,15,45,99,99,0,0,0,1,0,0
51,510157,2,2,0,0,0,2,2,710,1760,15,4,2015,4,6,45,1,2,1,1,1,I-64,,2850,36.833,-76.196,0,1,0,0,1,1,0,1,1,1,10,10,0,0,6,47,6,59,88,88,0,0,0,1,0,1
51,510160,2,2,0,0,0,4,4,15,0,20,4,2015,2,18,11,1,2,3,1,2,US-250,SANGERS LANE,603,38.125,-79.032,0,12,6,0,2,2,0,1,1,1,10,10,0,0,18,12,18,21,99,99,0,0,0,2,2,0
51,510161,1,1,0,0,0,2,2,37,0,18,4,2015,7,15,39,0,1,3,1,2,US-360,,354,36.963,-78.494,0,42,0,0,1,1,0,4,1,1,10,10,0,0,15,42,15,55,99,99,0,0,0,1,0,0
51,510164,1,1,0,0,0,1,1,127,0,22,4,2015,4,19,50,1,1,1,1,1,I-64,,2206,37.481,-76.922,0,42,0,0,1,1,0,3,5,1,10,10,0,0,19,55,20,6,88,88,0,0,0,1,0,1
51,510165,2,2,0,0,0,6,6,163,0,19,4,2015,1,15,40,0,1,4,1,2,US-501,RT-30,1020,37.632,-79.44,0,12,6,0,2,3,0,1,1,2,0,2,0,0,15,47,15,59,16,35,0,0,0,2,0,0
51,510167,1,1,0,0,0,1,1,590,720,25,4,2015,7,3,5,1,1,3,4,2,US-29,NOR DAN DRIVE,84,36.629,-79.399,0,46,0,0,3,2,0,4,3,1,10,10,0,0,99,99,99,99,99,99,0,0,0,1,1,0
51,510168,2,2,0,0,0,3,3,147,0,24,4,2015,6,17,9,0,1,4,1,2,US-15,RT-671,454,37.097,-78.473,0,12,1,0,2,3,0,1,1,1,10,10,0,0,17,10,17,27,18,8,0,0,0,1,0,0
51,510169,1,1,0,0,0,1,1,9,0,27,4,2015,2,13,20,0,1,4,1,2,US-60,,846,37.646,-79.126,0,35,0,0,1,1,0,4,1,1,10,10,0,0,99,99,99,99,88,88,0,0,0,1,0,0
51,510171,7,7,0,0,0,7,7,127,0,11,3,2015,4,9,16,1,1,1,1,1,I-64,,2113,37.506,-77.095,0,12,1,0,1,1,0,1,1,2,0,2,0,0,9,18,9,24,10,20,0,0,0,1,0,1
51,510172,3,1,2,0,3,1,4,167,0,25,3,2015,4,13,0,0,1,4,3,2,US-19,,18,36.902,-82.073,0,59,0,0,1,1,0,4,1,1,10,10,0,0,13,0,13,2,14,50,0,0,0,1,0,0
51,510178,2,2,0,0,0,3,3,153,0,1,5,2015,6,21,5,0,2,3,1,3,SR-123,HORNER RD,1,38.664,-77.249,0,12,2,0,2,2,0,1,3,1,10,10,0,0,99,99,21,15,21,50,20,0,0,1,0,2
51,510179,1,1,0,0,0,1,1,105,0,2,5,2015,7,8,34,0,1,4,1,2,US-58,,228,36.693,-83.281,0,35,0,0,1,1,0,4,1,1,10,10,0,0,8,37,8,58,9,38,0,0,0,1,0,0
51,510181,1,1,0,0,0,1,1,67,0,2,5,2015,7,21,45,0,1,5,1,3,SR-40,,184,36.906,-80.079,0,35,0,0,1,1,0,4,2,1,10,10,0,0,99,99,99,99,88,88,0,0,0,1,1,0
51,510182,2,2,0,0,0,2,2,550,468,5,5,2015,3,15,53,1,2,3,4,2,US-13,PARAMONT AVE,442,36.803,-76.228,0,12,6,0,2,2,0,1,1,1,10,10,0,0,15,53,15,57,16,15,0,0,0,1,0,0
51,510184,2,2,0,0,0,3,3,71,0,4,5,2015,2,8,36,1,1,3,1,2,US-460,MOUNTAIN LAKE RD,1045,37.307,-80.516,0,12,6,0,2,3,0,1,1,1,10,10,0,0,8,46,9,3,9,28,0,0,0,1,0,0
51,510187,2,2,0,0,0,2,2,197,0,10,5,2015,1,17,5,0,1,5,1,3,SR-94,DUNFORD RD,250,36.894,-80.972,0,12,2,0,2,3,0,1,1,1,10,10,0,0,99,99,17,9,17,38,0,0,0,1,0,2
51,510188,1,1,0,0,0,2,2,161,0,25,3,2015,4,14,9,0,1,4,1,2,US-221,,866,37.187,-80.103,0,34,0,0,1,1,0,4,1,1,10,10,0,0,14,10,14,20,17,0,0,0,0,1,0,0
51,510191,1,1,0,0,0,1,1,171,0,12,5,2015,3,6,0,9,1,5,1,2,US-42,,2644,38.868,-78.64,0,1,0,0,1,1,0,4,4,1,10,10,0,0,6,9,6,16,88,88,0,0,0,1,0,0
51,510193,3,3,0,0,0,5,5,550,468,13,5,2015,4,13,56,0,1,3,4,2,US-17,CORNLAND RD,74,36.649,-76.355,0,12,6,0,2,2,0,1,1,1,10,10,0,0,14,1,14,13,14,50,0,0,0,1,0,1
51,510195,1,1,0,1,1,1,1,810,2540,9,5,2015,7,20,24,1,2,3,4,2,US-13,AUBURN DR,448,36.809,-76.219,0,8,0,0,3,2,0,1,3,1,10,10,0,0,99,99,99,99,99,99,0,0,0,1,0,0
51,510196,1,1,0,0,0,1,1,13,0,16,4,2015,5,2,7,1,2,3,1,2,US-29,,84,38.899,-77.072,0,1,0,0,1,1,0,1,3,1,10,10,0,0,99,99,99,99,99,99,0,0,0,1,0,0
51,510199,1,1,0,0,0,1,1,65,0,14,5,2015,5,23,23,0,1,4,1,2,US-15,,1145,37.891,-78.263,0,42,0,0,1,1,0,4,2,1,10,10,0,0,23,38,99,99,0,45,0,0,0,1,0,0
51,510200,1,1,0,0,0,2,2,770,2100,8,3,2015,1,1,44,0,2,3,4,2,US-11,20TH STREET NW,1528,37.286,-79.97,0,42,0,0,3,10,0,4,2,1,10,10,0,0,1,51,1,58,99,99,0,0,0,1,1,0
51,510203,1,1,0,1,1,1,1,810,2540,9,5,2015,7,20,4,1,2,3,4,2,US-13,BAKER RD,513,36.884,-76.183,0,9,0,0,3,2,0,1,3,1,10,10,0,0,99,99,99,99,88,88,0,0,0,1,0,0
51,510204,1,1,0,1,1,1,1,149,0,7,5,2015,5,23,1,1,1,3,1,3,SR-144,,15,37.252,-77.366,0,8,0,0,1,1,0,1,2,1,10,10,0,0,23,3,23,9,88,88,0,0,0,1,0,2
51,510208,1,1,0,1,1,1,1,153,0,22,5,2015,6,4,15,1,2,3,1,2,US-1,PRINCE WILLIAM PARKWAY,1750,38.649,-77.261,0,8,0,0,3,2,0,1,2,1,10,10,0,0,99,99,99,99,88,88,0,0,0,1,0,1
51,510212,4,4,0,0,0,5,5,95,0,26,5,2015,3,13,40,0,2,4,1,2,US-321,NEWS RD,0,37.27,-76.759,0,12,1,0,3,2,0,1,1,1,10,10,0,0,13,44,13,49,99,99,0,0,0,1,1,0
51,510215,3,3,0,0,0,5,5,197,0,10,5,2015,1,14,33,1,1,1,1,1,I-77,,440,37,-81.088,0,12,2,0,1,1,0,1,1,1,10,10,0,0,99,99,99,99,99,99,0,0,0,3,2,1
51,510217,2,2,0,0,0,3,3,165,0,22,5,2015,6,15,35,1,1,3,1,2,US-33,RT-679,374,38.404,-78.654,0,12,6,0,2,2,0,1,1,1,10,10,0,0,15,44,15,45,99,99,0,0,0,1,0,0
51,510218,1,1,0,0,0,1,1,27,0,27,5,2015,4,18,45,1,1,3,1,2,US-460,,332,37.162,-81.882,0,52,0,0,1,1,0,4,1,1,10,10,0,0,19,6,19,26,99,99,0,0,0,1,0,0
51,510222,2,2,0,0,0,2,2,83,0,8,5,2015,6,17,38,1,1,3,1,2,US-58,,3246,36.586,-79.123,0,12,1,0,1,1,0,1,1,1,10,10,0,0,99,99,99,99,99,99,0,0,0,1,0,0
51,510223,1,1,0,0,0,1,1,670,1290,7,5,2015,5,16,1,1,1,3,4,2,US-10,,271,37.289,-77.26,0,33,0,0,1,1,0,3,1,1,10,10,0,0,16,7,16,11,16,26,0,0,0,1,1,0
51,510226,2,2,0,0,0,2,2,15,0,28,5,2015,5,11,28,0,2,4,1,2,US-250,,645,38.097,-78.966,0,12,6,0,8,1,0,1,1,1,10,10,0,0,11,30,11,32,99,99,0,0,0,1,0,0
51,510229,1,1,0,0,0,1,1,19,0,4,4,2015,7,20,29,1,1,3,1,2,US-460,,18534,37.314,-79.478,0,1,0,0,1,1,0,4,2,1,10,10,0,0,20,31,20,39,88,88,0,0,0,1,1,0
51,510230,2,2,0,0,0,3,3,550,468,30,5,2015,7,12,19,0,1,4,4,2,US-165,,120,36.716,-76.155,0,12,2,0,1,1,0,1,1,1,10,10,0,0,12,20,12,25,99,99,0,0,0,1,0,0
51,510231,2,2,0,0,0,2,2,550,468,14,5,2015,5,6,20,1,2,1,1,1,I-64,,2940,36.757,-76.285,0,5,0,0,1,1,0,1,1,1,10,10,0,0,6,21,6,32,7,8,14,0,0,1,0,1
51,510234,4,4,0,0,0,5,5,85,0,29,5,2015,6,14,54,1,2,1,1,1,I-295,,138,37.634,-77.389,0,12,2,0,1,1,0,1,1,1,10,10,0,0,15,18,15,40,15,49,20,0,0,3,1,2
51,510237,1,1,0,0,0,1,1,177,0,27,5,2015,4,2,0,1,1,1,1,1,I-95,,1175,38.114,-77.518,0,42,0,0,1,1,0,4,2,1,10,10,0,0,99,99,99,99,88,88,0,0,0,1,1,1
51,510238,1,1,0,0,0,1,1,107,0,31,5,2015,1,11,20,0,1,4,1,2,US-9,,62,39.195,-77.705,0,35,0,0,1,1,0,4,1,1,10,10,0,0,11,22,11,30,12,13,0,0,0,1,1,0
51,510239,1,1,0,0,0,1,1,31,0,3,6,2015,4,7,0,1,1,3,1,2,US-460,,2150,37.353,-78.997,0,24,0,0,1,1,0,4,2,1,10,10,0,0,99,99,99,99,88,88,0,0,0,1,1,0
51,510240,1,1,0,1,1,1,1,95,0,27,5,2015,4,1,0,0,2,4,1,3,SR-5,JOHN TYLER HWY,499,37.26,-76.739,0,8,0,0,2,7,0,1,2,1,10,10,0,0,1,0,1,5,88,88,0,0,0,1,0,1
51,510242,1,1,0,0,0,2,2,25,0,24,5,2015,1,13,19,1,1,1,1,1,I-85,,277,36.853,-77.916,0,34,0,0,1,1,0,4,1,1,10,10,0,0,99,99,99,99,99,99,0,0,0,1,0,1
51,510243,2,2,0,0,0,2,2,61,0,17,5,2015,1,13,51,1,1,3,1,2,US-17,SHIPP STORE RD,1991,38.507,-77.707,0,12,6,0,2,2,0,1,1,1,10,10,0,0,13,52,14,5,14,23,0,0,0,1,0,1
51,510244,1,1,0,1,1,1,1,59,0,29,4,2015,4,22,18,1,1,3,1,3,SR-7,,670,38.851,-77.131,0,8,0,0,1,1,0,1,3,1,10,10,0,0,99,99,99,99,88,88,0,0,0,1,0,2
51,510245,1,1,0,0,0,2,2,59,0,18,4,2015,7,7,15,1,2,3,1,2,US-1,,1905,38.784,-77.074,0,40,0,0,1,1,0,4,1,1,10,10,0,0,7,16,7,19,7,51,0,0,0,1,1,1
51,510246,2,2,0,0,0,3,3,31,0,23,5,2015,7,11,20,1,2,3,1,2,US-460,POWTAN DR,25,37.337,-79.24,0,12,6,0,2,3,0,1,1,1,10,10,0,0,11,29,11,39,12,27,0,0,0,1,0,0
51,510247,1,1,0,0,0,1,1,165,0,7,6,2015,1,14,50,0,1,4,1,2,US-259,,186,38.742,-78.916,0,34,0,0,1,1,0,4,1,1,10,10,0,0,14,55,15,10,88,88,0,0,0,1,0,0
51,510248,1,1,0,0,0,1,1,710,1760,2,6,2015,3,20,45,1,2,1,1,1,I-64,,2739,36.962,-76.269,0,42,0,0,1,1,0,4,2,2,0,2,0,0,99,99,99,99,88,88,0,0,0,1,1,1
51,510252,1,1,0,1,1,1,1,700,1720,1,3,2015,1,1,7,0,2,3,26,2,US-17,,517,37.028,-76.45,0,8,0,0,1,1,0,1,2,1,10,10,0,0,99,99,99,99,88,88,0,0,0,1,0,1
51,510254,1,1,0,0,0,1,1,199,0,5,6,2015,6,13,40,1,1,1,1,1,I-64,,0,37.3,-76.68,0,42,0,1,5,1,0,4,1,1,10,10,0,0,99,99,99,99,99,99,0,0,0,1,0,1
51,510255,1,1,0,0,0,1,1,149,0,12,6,2015,6,2,25,1,1,1,1,1,I-95,,405,37.049,-77.386,0,38,0,0,1,1,0,5,2,1,10,10,0,0,99,99,99,99,88,88,0,0,0,1,1,1
51,510257,1,1,0,1,1,1,1,75,0,15,6,2015,2,15,40,1,1,1,1,1,I-64,,1738,37.684,-77.669,0,8,0,0,1,1,4,1,1,1,10,10,0,0,15,46,15,51,88,88,23,0,0,1,0,1
51,510258,1,1,0,0,0,1,1,33,0,11,5,2015,2,23,10,0,1,4,1,2,US-30,,28,37.851,-77.416,0,1,0,0,1,1,0,4,2,1,10,10,0,0,23,12,23,34,0,17,0,0,0,1,1,0
51,510259,1,1,0,0,0,1,1,89,0,12,6,2015,6,20,38,1,1,3,1,2,US-220,,77,36.708,-79.908,0,33,0,0,1,1,0,4,2,1,10,10,0,0,20,41,20,50,21,4,0,0,0,1,1,0
51,510260,2,2,0,0,0,2,2,43,0,14,5,2015,5,19,55,1,1,3,1,3,SR-7,RT-632,83,39.173,-78.021,0,12,1,0,3,2,0,1,1,1,10,10,0,0,99,99,99,99,99,99,0,0,0,2,0,2
51,510261,6,6,0,0,0,7,7,171,0,11,6,2015,5,16,45,1,1,1,1,1,I-81,,2837,38.869,-78.529,0,12,1,1,17,1,0,1,1,1,10,10,0,0,16,47,16,55,99,99,27,0,0,1,0,0
51,510265,1,1,0,1,1,1,1,85,0,7,6,2015,1,22,54,0,2,4,4,2,US-1,,1069,37.738,-77.471,0,9,0,0,1,1,0,1,2,1,10,10,0,0,99,99,99,99,88,88,0,0,0,1,0,1
51,510266,2,2,0,0,0,3,3,590,720,14,6,2015,1,10,52,1,1,3,4,2,US-58,RIVERSIDE DR,70,36.584,-79.426,0,12,6,0,2,2,0,1,1,1,10,10,0,0,99,99,99,99,99,99,0,0,0,1,0,0
51,510267,1,1,0,0,0,1,1,85,0,17,6,2015,4,15,18,1,1,3,1,2,US-360,,1525,37.634,-77.284,0,42,0,0,1,1,0,4,1,1,10,10,0,0,99,99,99,99,88,88,0,0,0,1,1,0
51,510272,2,2,0,0,0,3,3,109,0,11,6,2015,5,0,10,1,1,1,1,1,I-64,,1356,37.987,-78.236,0,12,2,0,1,1,0,1,2,1,10,10,0,0,99,99,99,99,99,99,0,0,0,1,1,1
51,510273,2,2,0,0,0,2,2,9,0,17,6,2015,4,7,31,0,1,7,1,2,US-130,,0,37.598,-79.392,0,12,2,0,1,1,0,1,1,1,10,10,0,0,99,99,99,99,88,88,0,0,0,1,0,1
51,510274,3,3,0,0,0,4,4,9,0,18,6,2015,5,13,22,1,2,3,1,2,US-29,,99,37.455,-79.122,0,12,6,0,8,1,0,1,1,1,10,10,0,0,99,99,99,99,99,99,0,0,0,1,0,0
51,510276,1,1,0,1,1,1,1,1,0,5,6,2015,6,7,48,1,1,3,1,2,US-13,,1196,37.714,-75.691,0,8,0,0,1,1,0,1,1,2,0,2,0,0,99,99,99,99,99,99,0,0,0,1,0,0
51,510277,1,1,0,0,0,4,4,33,0,10,6,2015,4,11,24,1,1,1,1,1,I-95,,1106,38.015,-77.499,0,34,0,0,1,1,0,3,1,1,10,10,0,0,11,34,11,45,12,38,0,0,0,1,0,1
51,510278,1,1,0,1,1,1,1,59,0,11,5,2015,2,20,43,1,2,3,1,2,US-1,ANDERSON LN,1825,38.709,-77.16,0,8,0,0,3,2,0,1,2,1,10,10,0,0,20,43,20,48,99,99,0,0,0,1,0,1
51,510279,1,1,0,0,0,3,3,3,0,21,6,2015,1,15,49,1,1,3,98,2,US-29,,1247,37.937,-78.671,0,42,0,0,1,1,0,3,1,1,10,10,0,0,16,1,16,17,16,38,0,0,0,1,1,0
51,510282,1,1,0,0,0,1,1,175,0,21,6,2015,1,13,45,0,1,4,1,2,US-35,,213,36.763,-77.086,0,42,0,0,1,1,0,4,1,1,10,10,0,0,99,99,99,99,88,88,0,0,0,1,0,0
51,510284,1,1,0,1,1,1,1,700,1720,19,4,2015,1,1,20,1,2,3,4,3,SR-143,,100,37.004,-76.435,0,8,0,0,1,1,0,1,3,1,10,10,0,0,1,20,1,24,88,88,0,0,0,1,0,2
51,510286,2,2,0,0,0,3,3,59,0,9,5,2015,7,3,25,1,2,3,1,3,SR-7,,51,38.997,-77.34,0,12,1,0,1,1,0,1,2,1,10,10,0,0,3,27,3,35,4,8,0,0,0,1,1,2
51,510288,2,2,0,0,0,3,3,700,1720,28,4,2015,3,21,45,0,2,4,4,3,SR-173,,25,37.136,-76.526,0,12,1,0,1,1,0,1,3,1,10,10,0,0,21,48,21,53,22,36,0,0,0,1,1,2
51,510289,2,2,0,0,0,2,2,800,2390,25,6,2015,5,16,51,1,1,2,4,2,US-58,,4752,36.755,-76.515,0,12,7,0,1,1,0,1,1,2,0,2,0,0,16,52,17,5,99,99,0,0,0,1,0,0
51,510292,1,1,0,0,0,1,1,590,720,26,6,2015,6,19,5,1,1,3,4,2,US-29,PARKER RD,65,36.605,-79.412,0,19,0,0,3,2,0,5,1,1,10,10,0,0,99,99,99,99,99,99,0,0,0,1,0,0
51,510293,1,1,0,1,1,1,1,550,468,11,6,2015,5,3,40,1,2,3,4,2,US-17,,229,36.764,-76.345,0,8,0,0,1,1,0,1,3,1,10,10,0,0,3,43,3,50,99,99,0,0,0,1,0,1
51,510294,3,2,1,0,0,2,2,700,1720,19,6,2015,6,3,49,1,2,1,1,1,I-64,,2540,37.133,-76.524,0,45,0,0,1,1,4,1,2,1,10,10,0,0,99,99,99,99,88,88,14,0,0,1,1,1
51,510297,1,1,0,0,0,1,1,550,468,19,6,2015,6,12,9,1,2,1,1,1,I-64,,1,36.769,-76.26,0,42,0,0,1,1,0,4,1,1,10,10,0,0,12,9,12,25,12,53,0,0,0,1,0,1
51,510299,2,2,0,0,0,3,3,23,0,30,6,2015,3,12,40,1,1,3,98,2,US-220,,992,37.558,-79.846,0,12,6,0,1,1,0,1,1,1,10,10,0,0,99,99,99,99,99,99,0,0,0,2,0,0
51,510302,2,2,0,0,0,2,2,700,1720,12,6,2015,6,12,29,1,2,1,1,1,I-64,,2589,37.089,-76.458,0,12,7,0,1,1,0,1,1,1,10,10,0,0,12,38,12,43,13,7,0,0,0,1,0,1
51,510306,2,2,0,0,0,2,2,127,0,31,5,2015,1,2,42,1,1,1,1,1,I-64,,2097,37.508,-77.118,0,12,2,0,1,1,0,1,2,1,10,10,0,0,2,42,2,51,99,99,0,0,0,1,1,1
51,510307,1,1,0,0,0,2,2,61,0,25,6,2015,5,0,10,0,1,3,1,2,US-17,RT-628,2201,38.763,-77.813,0,24,0,0,3,4,0,4,2,1,10,10,0,0,0,26,0,47,1,26,0,0,0,2,1,1
51,510308,2,2,0,0,0,2,2,35,0,3,7,2015,6,7,50,1,1,1,1,1,I-77,,223,36.821,-80.851,0,12,6,0,1,1,0,1,1,2,0,2,0,0,8,45,8,49,9,50,0,0,0,1,0,0
51,510310,2,2,0,0,0,7,7,191,0,4,7,2015,7,12,50,1,2,1,1,1,I-81,,324,36.783,-81.736,0,12,6,0,1,1,0,1,1,2,0,2,0,0,13,0,13,16,14,43,0,0,0,1,0,0
51,510311,1,1,0,0,0,2,2,65,0,6,7,2015,2,13,50,0,1,5,1,3,SR-53,,105,37.928,-78.359,0,42,0,0,1,1,0,4,1,1,10,10,0,0,13,54,14,2,14,41,0,0,0,1,0,2
51,510314,2,2,0,0,0,2,2,1,0,30,6,2015,3,19,13,1,1,3,1,2,US-13,ADAMS CROSSING RD,1122,37.626,-75.759,0,1,0,0,2,2,0,1,1,1,10,10,0,0,99,99,99,99,88,88,14,0,0,1,0,0
51,510315,2,2,0,0,0,2,2,59,0,11,5,2015,2,14,52,0,2,3,98,3,SR-123,CLIFTON RD,88,38.767,-77.314,0,12,6,0,2,2,0,1,1,1,10,10,0,0,15,4,15,10,15,37,0,0,0,1,0,2
51,510316,2,2,0,0,0,2,2,107,0,20,6,2015,7,9,30,0,1,4,1,3,SR-9,HARPERS FERRY RD,31,39.22,-77.745,0,12,2,0,2,3,0,1,1,1,10,10,0,0,9,30,9,55,10,33,0,0,0,1,1,2
51,510317,1,1,0,0,0,1,1,59,0,6,6,2015,7,2,22,0,2,3,1,3,SR-28,,0,38.895,-77.44,0,30,0,1,5,1,0,4,3,1,10,10,0,0,2,23,2,31,99,99,0,0,0,1,1,2
51,510321,2,2,0,0,0,3,3,9,0,12,7,2015,1,14,51,0,1,4,1,2,US-501,,986,37.614,-79.419,0,12,2,0,1,1,0,1,1,1,10,10,0,0,21,36,21,49,22,18,0,0,0,1,0,0
51,510324,1,1,0,0,0,3,3,41,0,20,6,2015,7,20,12,0,1,3,98,2,US-360,,1157,37.376,-77.809,0,42,0,0,1,1,0,3,5,2,0,2,0,0,20,12,20,27,21,2,0,0,0,2,1,1
51,510325,2,2,0,0,0,4,4,197,0,17,6,2015,4,18,30,1,1,3,1,2,US-11,MALIN DR,724,36.948,-81.057,0,12,6,0,2,3,0,1,1,1,10,10,0,0,18,36,19,2,19,48,0,0,0,1,0,0