STATE,ST_CASE,VE_TOTAL,VE_FORMS,PVH_INVL,PEDS,PERNOTMVIT,PERMVIT,PERSONS,COUNTY,CITY,DAY,MONTH,YEAR,DAY_WEEK,HOUR,MINUTE,NHS,RUR_URB,FUNC_SYS,RD_OWNER,ROUTE,TWAY_ID,TWAY_ID2,MILEPT,LATITUDE,LONGITUD,SP_JUR,HARM_EV,MAN_COLL,RELJCT1,RELJCT2,TYP_INT,WRK_ZONE,REL_ROAD,LGT_COND,WEATHER1,WEATHER2,WEATHER,SCH_BUS,RAIL,NOT_HOUR,NOT_MIN,ARR_HOUR,ARR_MIN,HOSP_HR,HOSP_MN,CF1,CF2,CF3,FATALS,DRUNK_DR,RANK
51,510327,2,2,0,0,0,3,3,85,0,7,7,2015,3,10,18,0,1,4,1,3,SR-54,SCOTCHTOWN RD,37,37.826,-77.598,0,12,6,0,2,2,0,1,1,1,10,10,0,0,10,25,10,50,11,11,0,0,0,1,1,2
51,510330,1,1,0,0,0,2,2,37,0,14,7,2015,3,18,20,0,1,3,1,2,US-360,,408,37.037,-78.47,0,35,0,0,1,1,0,3,1,1,10,10,0,0,99,99,99,99,99,99,0,0,0,1,0,0
51,510333,2,2,0,0,0,7,7,23,0,25,6,2015,5,20,25,0,2,7,1,2,US-220,RT-665,816,37.452,-79.897,0,12,6,0,2,3,0,1,1,1,10,10,0,0,20,26,21,15,20,26,0,0,0,2,1,0
51,510334,1,1,0,0,0,2,2,163,0,17,7,2015,6,22,15,0,1,5,1,3,SR-39,,582,37.805,-79.421,0,35,0,0,1,1,0,4,1,1,10,10,0,0,22,19,22,27,22,46,0,0,0,1,1,2
51,510336,2,2,0,0,0,2,2,41,0,10,7,2015,6,7,40,0,2,2,1,3,SR-150,,65,37.505,-77.526,0,12,7,0,1,1,0,1,1,1,10,10,0,0,14,40,14,48,15,30,0,0,0,1,0,0
51,510337,2,2,0,0,0,2,2,89,0,14,7,2015,3,12,17,1,1,3,1,2,US-58,RT-1701,2609,36.645,-79.919,0,12,6,0,2,2,0,1,1,1,10,10,0,0,12,15,12,26,12,45,0,0,0,1,0,0
51,510339,2,2,0,0,0,2,2,85,0,18,7,2015,7,15,18,0,2,4,1,3,SR-156,CAITLIN RD,6023,37.599,-77.361,0,12,2,0,3,3,0,1,1,1,10,10,0,0,15,22,15,27,15,48,0,0,0,1,0,2
51,510342,1,1,0,1,1,2,2,710,1760,25,5,2015,2,18,40,1,2,3,4,2,US-60,,2850,36.933,-76.203,0,8,0,0,1,1,0,1,1,1,10,10,0,0,18,41,18,46,19,13,0,0,0,1,0,0
51,510343,2,2,0,0,0,4,4,3,0,21,7,2015,3,23,14,1,2,3,1,2,US-29,BRANCHLANDS BLVD,156,38.074,-78.481,0,12,6,0,2,2,0,1,2,1,10,10,0,0,99,99,23,26,23,59,0,0,0,1,1,0
51,510344,2,2,0,0,0,2,2,165,0,23,7,2015,5,11,15,0,1,4,1,3,SR-211,,6,38.631,-78.765,0,12,2,0,1,1,0,1,1,1,10,10,0,0,11,19,11,26,13,47,0,0,0,1,0,2
51,510348,1,1,0,0,0,1,1,97,0,18,7,2015,7,11,56,0,1,4,1,3,SR-14,,41,37.785,-76.995,0,42,0,0,1,1,0,4,1,1,10,10,0,0,12,12,12,34,13,31,0,0,0,1,1,2
51,510351,2,2,0,0,0,2,2,3,0,21,7,2015,3,15,14,1,2,2,1,2,US-29,,1369,38.046,-78.526,0,12,6,0,1,1,0,1,1,2,0,2,0,0,15,17,15,19,88,88,5,0,0,1,0,0
51,510352,3,3,0,0,0,5,5,143,0,24,7,2015,6,22,59,0,1,4,1,3,SR-41,,96,36.724,-79.504,0,12,8,0,1,1,0,1,2,1,10,10,0,0,22,57,23,11,88,88,14,0,0,1,1,1
51,510354,1,1,0,0,0,5,5,173,0,26,7,2015,1,11,10,1,1,1,1,1,I-81,,536,36.876,-81.398,0,24,0,0,1,1,0,3,1,1,10,10,0,0,11,31,11,43,12,11,0,0,0,1,0,0
51,510355,3,3,0,0,0,5,5,135,0,21,7,2015,3,21,55,0,1,3,1,2,US-460,RT-723,2698,37.19,-78.183,0,12,6,0,2,2,0,1,2,1,10,10,0,0,22,57,23,4,23,45,0,0,0,1,1,0
51,510357,1,1,0,0,0,1,1,167,0,28,7,2015,3,0,30,1,1,3,1,2,US-58,,730,36.818,-82.151,0,1,0,0,1,1,0,4,2,1,10,10,0,0,99,99,99,99,88,88,0,0,0,1,0,0
51,510358,2,2,0,0,0,4,4,810,2540,22,7,2015,4,12,6,0,2,4,4,3,SR-190,WITHDUCK RD,119,36.826,-76.161,0,12,6,0,2,2,0,1,1,1,10,10,0,0,12,8,12,13,12,40,0,0,0,1,0,0
51,510361,1,1,0,0,0,2,2,159,0,24,7,2015,6,0,20,1,1,3,98,2,US-360,,1964,37.95,-76.696,0,35,0,0,1,1,0,4,2,1,10,10,0,0,99,99,99,99,88,88,0,0,0,1,0,0
51,510362,1,1,0,0,0,4,4,131,0,25,7,2015,7,11,49,0,1,3,1,2,US-13,,1021,37.501,-75.841,0,1,0,0,1,1,0,3,1,1,10,10,0,0,11,49,12,0,99,99,0,0,0,1,0,0
51,510364,1,1,0,0,0,1,1,75,0,26,7,2015,1,18,3,0,1,4,1,2,US-522,WHITEHALL RD,156,37.753,-77.913,0,34,0,0,3,4,0,4,1,1,10,10,0,0,18,7,18,17,19,14,0,0,0,1,1,0
51,510365,2,2,0,0,0,3,3,31,0,29,5,2015,6,5,45,0,1,3,1,2,US-29,RT-699,534,37.147,-79.232,0,54,11,0,2,4,0,1,4,1,10,10,0,0,5,45,5,47,88,88,14,0,0,1,0,0
51,510370,1,1,0,0,0,10,10,99,0,14,2,2015,7,0,43,0,1,4,1,3,SR-3,,562,38.232,-77.126,0,42,0,0,1,1,0,4,2,1,10,10,0,0,0,50,0,54,1,42,0,0,0,1,0,2
51,510371,1,1,0,0,0,1,1,87,0,24,7,2015,6,6,28,1,2,1,1,1,I-95,,863,37.658,-77.453,0,24,0,0,1,1,0,4,4,1,10,10,0,0,99,99,99,99,88,88,0,0,0,1,0,1
51,510372,1,1,0,0,0,1,1,61,0,29,7,2015,4,21,50,0,1,7,1,4,CR-6,,106,38.633,-77.671,0,30,0,0,1,1,0,4,2,1,10,10,0,714628S,11,56,11,59,99,99,0,0,0,1,1,2
51,510373,2,2,0,0,0,2,2,550,468,26,7,2015,1,3,52,1,2,3,4,2,US-13,KELLAND DR,410,36.775,-76.273,0,12,2,0,2,2,0,1,3,1,10,10,0,0,3,55,4,2,4,52,0,0,0,1,1,0
51,510374,1,1,0,0,0,1,1,75,0,30,7,2015,5,1,50,0,1,3,1,3,SR-6,,36,37.6,-77.669,0,35,0,0,5,1,0,8,2,1,10,10,0,0,99,99,99,99,99,99,0,0,0,1,0,2
51,510375,2,2,0,0,0,2,2,67,0,3,8,2015,2,18,25,0,1,4,1,3,SR-40,,436,36.993,-79.722,0,12,2,0,1,1,0,1,1,1,10,10,0,0,18,39,19,4,19,55,0,0,0,1,0,0
51,510377,1,1,0,0,0,1,1,19,0,6,8,2015,5,18,34,1,1,3,1,2,US-460,,1786,37.349,-79.582,0,30,0,0,1,1,0,4,1,1,10,10,0,0,18,36,18,46,88,88,0,0,0,1,1,0
51,510378,2,2,0,0,0,2,2,710,1760,8,7,2015,4,15,21,1,2,3,98,2,US-58,LANDING ST,3990,36.852,-76.278,0,12,6,0,2,3,0,1,1,1,10,10,0,0,15,21,15,26,15,35,0,0,0,1,0,0
51,510379,2,2,0,0,0,6,6,51,0,6,8,2015,5,19,30,0,1,4,1,3,SR-83,,562,37.149,-82.499,0,12,2,0,1,1,0,1,1,1,10,10,0,0,19,32,19,45,20,2,0,0,0,1,0,2
51,510381,2,2,0,0,0,2,2,23,0,2,8,2015,1,21,35,1,1,1,1,1,I-81,,1622,37.497,-79.752,0,24,0,0,1,1,0,3,2,1,10,10,0,0,21,45,21,53,99,99,0,0,0,1,1,0
51,510385,1,1,0,0,0,2,2,75,0,7,8,2015,6,23,35,0,1,5,1,2,US-250,,1468,37.678,-77.719,0,24,0,0,1,1,0,4,2,1,10,10,0,0,99,99,99,99,88,88,0,0,0,2,1,0
51,510386,1,1,0,0,0,1,1,153,0,10,8,2015,2,1,31,1,2,3,1,2,US-1,,1646,38.523,-77.359,0,24,0,0,1,1,0,4,2,1,10,10,0,0,99,99,99,99,88,88,0,0,0,1,0,1
51,510389,1,1,0,0,0,2,2,81,0,9,8,2015,1,5,34,1,1,1,1,1,I-95,,24,36.579,-77.562,0,34,0,0,1,1,0,4,2,1,10,10,0,0,99,99,99,99,99,99,0,0,0,1,0,1
51,510390,1,1,0,0,0,1,1,155,0,13,8,2015,5,12,22,1,1,1,1,1,I-81,,925,37.009,-80.75,0,24,0,0,1,1,0,3,1,1,10,10,0,0,12,23,12,32,13,38,0,0,0,1,0,0
51,510392,1,1,0,0,0,1,1,161,0,26,6,2015,6,14,28,1,2,3,1,2,US-460,,1590,37.317,-79.878,0,34,0,0,1,1,0,4,1,1,10,10,0,0,14,28,14,38,15,1,0,0,0,1,1,0
51,510394,2,2,0,0,0,2,2,191,0,13,8,2015,5,5,45,1,1,3,1,2,US-19,,195,36.889,-82.099,0,12,2,0,1,1,0,1,2,1,10,10,0,0,5,55,6,7,6,46,0,0,0,2,0,0
51,510395,2,2,0,0,0,3,3,89,0,14,8,2015,6,21,59,0,1,4,1,3,SR-87,LEAKSVILLE RD,3,36.574,-79.85,1,12,2,0,2,3,0,1,2,1,10,10,0,0,22,1,99,99,22,59,20,0,0,1,0,1
51,510398,1,1,0,0,0,1,1,73,0,14,8,2015,6,1,45,0,1,5,1,4,CR-17,T C WALKER RD,79,37.402,-76.519,0,26,0,0,3,3,0,3,2,1,10,10,0,0,1,52,2,8,2,52,0,0,0,1,1,2
51,510402,1,1,0,0,0,1,1,630,1020,9,8,2015,1,5,10,1,2,1,1,1,I-95,,1318,38.294,-77.506,0,42,0,0,1,1,0,3,2,1,10,10,0,0,99,99,15,21,88,88,0,0,0,1,0,1
51,510403,2,2,0,0,0,3,3,33,0,9,8,2015,1,15,10,0,1,5,1,2,US-1,GREEN RD,1262,38.006,-77.511,0,12,1,0,2,2,0,1,1,1,10,10,0,0,15,15,15,21,16,3,0,0,0,1,1,1
51,510404,2,2,0,0,0,2,2,570,620,6,8,2015,5,20,7,1,2,1,1,1,I-95,,562,37.286,-77.389,0,12,7,0,1,1,0,1,5,2,0,2,0,0,21,20,22,13,23,20,0,0,0,1,1,1
51,510410,1,1,0,0,0,1,1,35,0,21,8,2015,6,1,50,1,1,1,1,1,I-77,,0,36.577,-80.745,0,24,0,0,5,1,0,4,2,1,10,10,0,0,1,55,2,11,3,18,0,0,0,1,0,0
51,510411,1,1,0,0,0,5,5,155,0,18,8,2015,3,16,17,1,1,1,1,1,I-81,,939,37.014,-80.739,0,24,0,0,1,1,0,3,1,1,10,10,0,0,16,16,16,21,99,99,0,0,0,1,0,0
51,510413,1,1,0,1,1,1,1,87,0,21,8,2015,6,21,55,0,2,5,1,3,SR-33,PLEASANT ST,59,37.55,-77.354,0,8,0,0,2,3,0,1,2,1,10,10,0,0,13,5,13,14,13,40,0,0,0,1,0,1
51,510415,2,2,0,0,0,3,3,760,2060,22,8,2015,7,16,50,0,2,3,4,2,US-360,18TH ST,1409,37.533,-77.428,0,12,6,0,3,2,0,1,1,1,10,10,0,0,99,99,99,99,99,99,0,0,0,1,1,0
51,510419,1,1,0,1,1,1,1,199,0,30,8,2015,1,2,39,0,2,3,1,3,SR-134,,6,37.123,-76.454,0,8,0,0,1,1,0,1,2,1,10,10,0,0,99,99,99,99,99,99,0,0,0,1,0,1
51,510420,2,2,0,0,0,3,3,125,0,30,8,2015,1,11,35,0,1,3,1,2,US-29,CALLOHILL DR,1056,37.753,-78.876,0,12,6,0,2,2,0,1,1,1,10,10,0,0,99,99,99,99,99,99,0,0,0,1,0,0
51,510422,2,2,0,0,0,3,3,800,2390,2,9,2015,4,16,29,1,1,3,1,3,SR-32,,23,36.583,-76.586,0,12,2,0,1,1,0,1,1,1,10,10,0,0,16,29,16,42,17,15,0,0,0,1,0,2
51,510424,1,1,0,0,0,1,1,127,0,23,8,2015,1,14,45,0,1,4,1,2,US-60,,2128,37.45,-77.076,0,42,0,0,1,1,0,4,1,1,10,10,0,0,99,99,99,99,88,88,0,0,0,1,0,0
51,510426,1,1,0,0,0,1,1,69,0,2,8,2015,1,18,56,1,1,3,1,2,US-50,,104,39.207,-78.262,0,1,0,0,1,1,0,3,1,1,10,10,0,0,18,57,19,2,19,25,0,0,0,1,1,2
51,510427,1,1,0,0,0,2,2,137,0,1,9,2015,3,22,30,0,1,4,1,2,US-522,,487,38.147,-77.926,0,24,0,0,1,1,0,4,2,1,10,10,0,0,99,99,99,99,99,99,0,0,0,1,1,0
51,510428,2,2,0,0,0,5,5,89,0,4,9,2015,6,15,35,1,1,2,1,2,US-220,,108,36.625,-79.849,0,12,1,0,1,1,0,1,1,1,10,10,0,0,15,35,15,49,88,88,0,0,0,2,1,0
51,510430,1,1,0,0,0,1,1,35,0,3,9,2015,5,6,15,0,1,5,1,3,SR-94,,174,36.807,-80.976,0,42,0,0,1,1,0,4,4,1,10,10,0,0,99,99,99,99,88,88,0,0,0,1,0,2
51,510433,1,1,0,0,0,1,1,199,0,7,9,2015,2,9,40,1,1,1,1,1,I-64,,2360,37.336,-76.712,0,42,0,0,1,1,0,3,1,1,10,10,0,0,99,99,99,99,88,88,0,0,0,1,0,1
51,510436,1,1,0,0,0,2,2,53,0,5,9,2015,7,17,40,1,1,1,1,1,I-81,,450,36.999,-77.68,0,24,0,0,1,1,0,4,1,1,10,10,0,0,99,99,99,99,99,99,0,0,0,1,0,0
51,510438,1,1,0,1,1,1,1,85,0,5,9,2015,7,11,4,0,1,4,98,2,US-33,,1192,37.744,-77.592,0,9,0,0,1,1,0,2,1,1,10,10,0,0,99,99,99,99,88,88,0,0,0,1,0,0
51,510440,1,1,0,0,0,2,2,175,0,3,8,2015,2,1,14,0,1,3,1,2,US-58,,4213,36.685,-77.39,0,1,0,0,1,1,0,1,2,1,10,10,0,0,99,99,99,99,99,99,0,0,0,1,0,0
51,510441,2,2,0,0,0,2,2,99,0,13,8,2015,5,9,20,0,1,4,1,3,SR-3,BLOOMSBURG RD,460,38.154,-77.169,0,12,6,0,2,3,0,1,1,1,10,10,0,0,9,24,9,39,10,5,0,0,0,1,0,2
51,510442,2,2,0,0,0,4,4,131,0,18,8,2015,3,4,32,1,1,3,1,2,US-13,,911,37.544,-75.813,0,12,2,0,1,1,0,1,2,1,10,10,0,0,4,39,4,52,5,39,0,0,0,1,1,0
51,510443,1,1,0,0,0,3,3,69,0,21,8,2015,6,5,30,0,1,3,1,2,US-522,,1480,39.292,-78.273,0,42,0,0,1,1,0,4,2,1,10,10,0,0,99,99,99,99,99,99,0,0,0,1,0,0
51,510449,1,1,0,0,0,1,1,700,1720,9,9,2015,4,3,56,1,2,1,1,1,I-64,,2523,37.153,-76.537,0,42,0,0,1,1,0,3,3,1,10,10,0,0,99,99,99,99,99,99,0,0,0,1,1,1
51,510450,1,1,0,0,0,1,1,9,0,10,9,2015,5,17,47,0,1,4,1,3,SR-130,,127,37.591,-79.379,0,17,0,0,1,1,0,4,1,1,10,10,0,0,99,99,99,99,88,88,0,0,0,1,1,2
51,510451,1,1,0,1,1,1,1,113,0,13,9,2015,1,1,15,0,1,3,1,2,US-29,,1648,38.373,-78.261,1,8,0,0,1,1,0,1,2,1,10,10,0,0,1,19,1,23,88,88,0,0,0,1,0,0
51,510454,1,1,0,0,0,3,3,143,0,13,9,2015,1,10,0,0,1,3,1,2,US-58,,3067,36.581,-79.241,0,35,0,0,1,1,0,3,1,1,10,10,0,0,10,6,10,11,10,42,0,0,0,1,0,0
51,510455,3,1,2,1,3,1,3,41,0,12,9,2015,7,15,0,1,2,2,1,3,SR-288,,57,37.392,-77.498,0,14,0,0,1,1,0,2,1,2,0,2,0,0,15,3,15,11,15,51,23,0,0,1,0,1
51,510456,1,1,0,0,0,1,1,87,0,30,8,2015,1,3,48,0,2,4,1,2,US-60,,1942,37.518,-77.384,0,30,0,0,1,1,0,4,2,1,10,10,0,0,99,99,99,99,88,88,0,0,0,1,0,0
51,510458,1,1,0,0,0,2,2,89,0,16,9,2015,4,17,36,0,1,3,1,2,US-220,,207,36.774,-79.938,0,24,0,0,1,1,0,4,1,1,10,10,0,0,17,40,18,22,19,5,0,0,0,1,0,0
51,510460,2,2,0,0,0,2,2,183,0,1,9,2015,3,14,0,0,1,4,1,3,SR-40,,1976,36.938,-77.374,0,12,2,0,1,1,0,1,1,1,10,10,0,0,16,16,16,36,17,28,0,0,0,1,0,0
51,510461,1,1,0,0,0,2,2,27,0,10,9,2015,5,11,40,0,1,4,1,3,SR-80,,447,37.109,-82.154,0,42,0,0,1,1,0,4,1,2,0,2,0,0,99,99,99,99,99,99,0,0,0,1,1,2
51,510464,2,2,0,0,0,5,5,167,0,16,9,2015,4,15,0,0,1,3,1,2,US-58,RT-71,652,36.837,-82.25,0,12,6,0,2,2,0,1,1,1,10,10,0,0,15,5,15,18,99,99,0,0,0,1,0,0
51,510465,2,2,0,0,0,2,2,77,0,18,9,2015,6,15,40,0,1,4,1,2,US-58,,1703,36.623,-81.237,0,12,2,0,1,1,0,1,1,1,10,10,0,0,15,44,15,55,88,88,0,0,0,1,0,0
51,510467,1,1,0,0,0,1,1,85,0,19,9,2015,7,8,28,0,1,4,1,3,SR-156,,514,37.562,-77.261,0,30,0,0,1,1,0,4,4,5,0,5,0,0,99,99,99,99,88,88,0,0,0,1,0,2
51,510468,1,1,0,0,0,1,1,53,0,21,9,2015,2,7,11,0,1,3,1,2,US-460,,3117,37.192,-77.5,0,24,0,0,1,1,0,4,1,1,10,10,0,0,99,99,99,99,99,99,0,0,0,1,0,0
51,510470,1,1,0,0,0,2,2,36,0,21,9,2015,2,0,30,0,1,4,1,3,SR-5,,162,37.377,-77.228,0,42,0,0,1,1,0,4,2,1,10,10,0,0,1,14,1,22,99,99,0,0,0,1,1,1
51,510471,2,2,0,0,0,2,2,179,0,16,9,2015,4,22,30,1,2,3,1,2,US-1,MANNING DR,1504,38.343,-77.459,0,12,1,0,3,3,0,1,2,1,10,10,0,0,99,99,99,99,99,99,0,0,0,1,1,1
51,510473,1,1,0,0,0,2,2,95,0,31,7,2015,6,20,5,0,1,4,1,2,US-60,,2234,37.424,-76.89,0,43,0,0,1,1,0,6,5,1,10,10,0,0,20,8,20,15,20,29,0,0,0,1,0,0
51,510477,2,2,0,0,0,4,4,197,0,17,9,2015,5,16,42,0,1,5,1,2,US-52,,332,36.903,-80.92,0,12,2,0,1,1,0,1,1,1,10,10,0,0,16,57,17,34,18,8,0,0,0,1,0,0
51,510479,2,2,0,0,0,2,2,167,0,25,9,2015,6,17,40,0,1,4,1,3,SR-71,,254,36.842,-82.235,0,12,6,0,1,1,0,1,1,1,10,10,0,0,99,99,99,99,88,88,0,0,0,1,1,2
51,510480,1,1,0,1,1,1,1,169,0,23,9,2015,4,9,19,0,2,4,1,2,US-23,RT-665,8,36.638,-82.581,0,8,0,0,3,2,0,1,1,1,10,10,0,0,9,20,9,23,9,57,0,0,0,1,0,0
51,510481,1,1,0,0,0,2,2,141,0,18,9,2015,6,10,20,0,1,5,1,3,SR-40,,102,36.865,-80.19,0,38,0,0,1,1,0,5,1,1,10,10,0,0,99,99,99,99,99,99,0,0,0,1,0,0
51,510484,2,2,0,0,0,2,2,47,0,7,9,2015,2,10,15,0,1,4,1,2,US-15,,1513,38.369,-78.102,0,12,2,0,1,1,0,1,1,1,10,10,0,0,10,24,11,5,11,36,0,0,0,1,0,0
51,510485,1,1,0,0,0,2,2,117,0,10,9,2015,5,3,15,1,1,1,1,1,I-85,,162,36.762,-78.08,0,42,0,0,1,1,0,3,2,2,0,2,0,0,99,99,99,99,99,99,0,0,0,1,0,1
51,510488,2,2,0,0,0,2,2,143,0,25,9,2015,6,17,22,0,1,3,1,2,US-29,,110,36.633,-79.364,0,12,6,0,1,1,0,1,1,2,0,2,0,0,99,99,99,99,99,99,0,0,0,1,0,0
51,510489,2,2,0,0,0,2,2,143,0,28,9,2015,2,18,49,0,1,4,1,3,SR-40,PINEY RD,619,36.954,-79.412,0,12,6,0,2,2,0,1,1,2,0,2,0,0,99,99,99,99,99,99,0,0,0,1,0,0
51,510492,3,2,1,2,2,9,9,7,0,12,9,2015,7,20,53,1,1,3,1,2,US-360,,11118,37.358,-77.869,0,12,1,0,1,1,0,1,2,1,10,10,0,0,99,99,99,99,99,99,23,0,0,1,1,0
51,510493,2,2,0,0,0,2,2,177,0,22,9,2015,3,22,22,0,2,3,1,3,SR-3,,305,38.29,-77.53,0,12,1,0,1,1,0,1,2,1,10,10,0,0,99,99,99,99,88,88,0,0,0,1,0,2
51,510495,1,1,0,0,0,2,2,149,0,28,9,2015,2,14,50,1,1,1,1,1,I-95,,401,37.071,-77.367,0,42,0,0,1,1,0,4,1,2,0,2,0,0,15,43,15,56,17,12,0,0,0,2,0,1
51,510497,1,1,0,0,0,1,1,105,0,28,9,2015,2,21,10,0,1,4,1,2,US-58,,190,36.68,-83.345,0,34,0,0,1,1,0,4,2,1,10,10,0,0,21,25,21,42,23,50,0,0,0,1,1,0
51,510500,2,2,0,0,0,2,2,175,0,18,9,2015,6,10,31,1,1,3,1,2,US-58,,4241,36.702,-77.332,0,12,1,0,1,1,0,1,1,1,10,10,0,0,99,99,99,99,99,99,0,0,0,1,0,0
51,510502,2,2,0,0,0,3,3,3,0,4,10,2015,1,20,5,0,1,4,1,3,SR-20,,260,37.867,-78.556,0,12,6,1,18,1,0,1,2,1,10,10,0,0,20,5,20,16,21,39,0,0,0,1,0,2
51,510504,1,1,0,0,0,1,1,3,0,8,9,2015,3,17,48,1,1,3,98,2,US-29,,1266,37.953,-78.662,0,1,0,0,1,1,0,3,1,1,10,10,0,0,17,48,18,1,18,26,0,0,0,1,0,0
51,510505,1,1,0,0,0,1,1,117,0,27,9,2015,1,22,35,1,1,1,1,1,I-95,,12,36.562,-78.179,0,1,0,0,1,1,0,4,2,1,10,10,0,0,99,99,99,99,88,88,0,0,0,1,0,1
51,510506,1,1,0,0,0,5,5,161,0,3,10,2015,7,22,44,1,1,2,1,1,I-81,,1363,37.299,-80.082,0,35,0,0,1,1,0,3,2,2,0,2,0,0,22,46,23,3,23,36,0,0,0,1,0,0
51,510509,1,1,0,0,0,1,1,75,0,5,10,2015,2,18,53,0,1,5,1,3,SR-6,,847,37.621,-77.768,0,1,0,0,1,1,0,4,5,1,10,10,0,0,99,99,99,99,88,88,0,0,0,1,0,2
51,510510,1,1,0,0,0,1,1,105,0,9,10,2015,6,8,54,0,1,4,1,2,US-58,,477,36.71,-82.887,0,42,0,0,1,1,0,5,1,1,10,10,0,0,99,99,99,99,88,88,0,0,0,1,0,0
51,510513,2,2,0,0,0,2,2,61,0,8,10,2015,5,3,6,0,1,3,1,2,US-17,,1971,38.498,-77.69,0,12,2,0,1,1,0,1,2,1,10,10,0,0,3,14,3,30,99,99,0,0,0,2,0,1
51,510514,1,1,0,0,0,1,1,680,1490,9,10,2015,6,14,17,1,2,2,1,2,US-501,,732,37.366,-79.201,0,42,0,0,1,1,0,3,1,1,10,10,0,0,14,19,14,24,15,4,0,0,0,1,1,0
51,510516,2,2,0,0,0,2,2,85,0,29,9,2015,3,6,53,0,1,5,1,2,US-1,,1120,37.808,-77.473,0,12,2,0,1,1,0,1,1,2,0,2,0,0,99,99,99,99,99,99,0,0,0,1,0,1
51,510517,2,2,0,0,0,2,2,800,2390,9,10,2015,6,6,25,0,1,3,4,2,US-58,,4586,36.686,-76.765,0,12,6,0,8,1,0,1,2,1,10,10,0,0,99,99,99,99,99,99,0,0,0,1,0,0
51,510518,1,1,0,0,0,2,2,183,0,12,10,2015,2,8,40,1,1,1,1,1,I-95,,321,36.959,-77.393,0,1,0,0,1,1,0,4,1,1,10,10,0,0,99,99,99,99,99,99,0,0,0,1,0,1
51,510520,3,3,0,0,0,4,4,69,0,13,10,2015,3,9,2,1,1,1,1,1,I-81,,3039,39.037,-78.26,0,12,2,0,1,1,0,1,1,1,10,10,0,0,9,9,9,10,10,2,0,0,0,2,0,0
51,510522,1,1,0,0,0,1,1,117,0,8,10,2015,5,18,30,1,2,1,1,1,I-85,,180,36.77,-78.055,0,52,0,0,1,1,0,4,1,1,10,10,0,0,99,99,99,99,88,88,0,0,0,1,0,1
51,510523,2,2,0,0,0,2,2,740,1970,5,8,2015,4,8,45,1,2,2,1,1,I-64,,63,36.869,-76.376,0,25,0,0,1,1,0,4,1,1,10,10,0,0,8,51,8,54,99,99,0,0,0,1,0,1
51,510524,1,1,0,0,0,3,3,51,0,1,9,2015,3,12,16,0,1,5,1,3,SR-80,,578,37.219,-82.276,0,42,0,0,1,1,0,4,1,1,10,10,0,0,99,99,99,99,88,88,0,0,0,1,0,2
51,510525,1,1,0,0,0,2,2,53,0,31,8,2015,2,15,15,1,1,1,1,1,I-85,,437,36.967,-77.714,0,1,0,0,1,1,0,1,1,2,0,2,0,0,15,25,15,38,88,88,0,0,0,1,0,1
51,510530,1,1,0,1,1,1,1,23,0,16,10,2015,6,17,10,0,2,5,1,2,US-11,,1671,37.418,-79.876,0,9,0,0,1,1,0,1,1,1,10,10,0,0,99,99,17,16,18,0,0,0,0,1,0,0
51,510532,1,1,0,0,0,1,1,57,0,14,10,2015,4,16,35,0,2,3,1,2,US-17,BEVERLY LANE,1345,37.999,-76.975,0,35,0,0,3,2,0,4,1,1,10,10,0,0,99,99,99,99,88,88,0,0,0,1,0,1
51,510534,1,1,0,0,0,1,1,650,1180,19,10,2015,2,8,50,1,1,1,1,1,I-64,,2610,37.066,-76.428,0,1,0,0,1,1,0,2,1,1,10,10,0,0,99,99,99,99,99,99,0,0,0,1,0,1
51,510539,1,1,0,0,0,1,1,760,2060,10,10,2015,7,0,59,0,1,3,4,2,US-360,,1400,37.526,-77.435,0,30,0,0,1,1,0,4,3,2,0,2,0,0,99,99,99,99,88,88,0,0,0,1,1,0
51,510542,3,3,0,0,0,3,3,177,0,22,10,2015,5,18,50,0,2,4,1,3,SR-2,,458,38.214,-77.403,0,12,2,0,1,1,0,1,2,1,10,10,0,0,18,50,19,0,99,99,0,0,0,1,0,2
51,510543,1,1,0,0,0,1,1,41,0,25,10,2015,1,22,15,1,2,3,1,2,US-1,,843,37.417,-77.436,0,42,0,0,1,1,4,3,3,1,10,10,0,0,99,99,99,99,99,99,0,0,0,1,1,1
51,510545,1,1,0,0,0,2,2,735,1946,25,10,2015,1,2,38,0,1,4,4,3,SR-171,,70,37.126,-76.376,0,34,0,0,1,1,0,4,2,1,10,10,0,0,2,41,2,44,3,23,0,0,0,1,1,1
51,510547,1,1,0,0,0,1,1,165,0,25,10,2015,1,1,0,0,1,4,1,2,US-33,,174,38.457,-78.95,0,53,0,0,1,1,0,4,2,1,10,10,0,0,1,26,1,40,3,53,0,0,0,1,0,0
51,510548,1,1,0,0,0,1,1,121,0,30,10,2015,6,3,10,0,1,3,1,2,US-11,,1207,37.136,-80.361,0,31,0,0,1,1,0,4,3,1,10,10,0,0,99,99,99,99,88,88,0,0,0,1,0,0