STATE,ST_CASE,VE_TOTAL,VE_FORMS,PVH_INVL,PEDS,PERNOTMVIT,PERMVIT,PERSONS,COUNTY,CITY,DAY,MONTH,YEAR,DAY_WEEK,HOUR,MINUTE,NHS,RUR_URB,FUNC_SYS,RD_OWNER,ROUTE,TWAY_ID,TWAY_ID2,MILEPT,LATITUDE,LONGITUD,SP_JUR,HARM_EV,MAN_COLL,RELJCT1,RELJCT2,TYP_INT,WRK_ZONE,REL_ROAD,LGT_COND,WEATHER1,WEATHER2,WEATHER,SCH_BUS,RAIL,NOT_HOUR,NOT_MIN,ARR_HOUR,ARR_MIN,HOSP_HR,HOSP_MN,CF1,CF2,CF3,FATALS,DRUNK_DR,RANK
53,530084,2,2,0,0,0,6,6,57,0,17,3,2015,3,17,20,0,2,3,1,3,SR-20,N DEWEY BEACH DR,444,48.425,-122.616,0,12,6,0,2,3,0,1,1,10,0,10,0,0,17,14,17,24,18,6,0,0,0,1,0,2
53,530089,1,1,0,0,0,1,1,61,690,29,3,2015,1,9,41,1,2,1,1,1,I-5,,1917,47.965,-122.2,0,24,0,1,5,1,0,4,1,1,0,1,0,0,99,99,99,99,88,88,0,0,0,1,1,1
53,530090,2,2,0,0,0,2,2,33,2310,30,3,2015,2,16,16,1,2,1,1,1,I-5,,1540,47.465,-122.267,0,24,0,0,1,1,0,4,1,1,0,1,0,0,99,98,99,98,99,98,0,0,0,1,0,1
53,530093,2,2,0,0,0,3,3,35,0,11,3,2015,4,19,47,0,1,3,1,3,SR-104,PARCELLS RD,231,47.809,-122.519,0,12,2,0,2,2,0,1,3,2,0,2,0,0,99,99,99,99,99,99,0,0,0,1,0,2
53,530097,3,3,0,0,0,13,13,75,0,4,4,2015,7,20,48,0,1,3,1,3,SR-195,,270,46.758,-117.256,0,12,2,0,1,1,0,1,2,1,0,1,0,0,20,15,20,28,21,28,0,0,0,1,1,1
53,530099,1,1,0,0,0,2,2,57,50,8,4,2015,4,10,39,0,2,2,1,3,SR-20,RESERVATION RD,497,48.463,-122.544,0,31,0,0,3,2,0,4,1,1,0,1,0,0,99,99,99,99,99,99,0,0,0,2,0,2
53,530102,3,3,0,0,0,5,5,33,1960,8,4,2015,4,22,35,1,2,1,1,1,I-5,,1590,47.526,-122.292,0,12,1,0,1,1,0,1,2,10,0,10,0,0,22,42,22,58,23,58,19,0,0,1,2,1
53,530106,3,3,0,0,0,4,4,61,1120,19,4,2015,1,13,21,0,2,2,1,3,SR-9,,163,48.013,-122.108,3,12,1,0,1,1,0,1,1,1,0,1,0,0,99,99,99,99,99,99,0,0,0,1,0,2
53,530107,1,1,0,0,0,1,1,41,0,20,4,2015,2,19,55,0,1,5,1,3,SR-122,,40,46.556,-122.531,0,42,0,0,1,1,0,4,5,1,0,1,0,0,99,98,99,98,88,88,0,0,0,1,0,2
53,530108,2,2,0,0,0,2,2,61,2030,19,4,2015,1,14,51,0,2,2,1,3,SR-9,56TH ST SE,118,47.946,-122.101,0,12,6,0,2,2,0,1,1,1,0,1,0,0,99,99,99,99,99,99,0,0,0,1,0,2
53,530118,2,2,0,0,0,2,2,45,0,28,4,2015,3,17,50,0,1,3,1,3,SR-3,ANTHONY RD,113,47.282,-122.96,0,12,2,0,2,3,0,1,1,1,0,1,0,0,99,99,99,99,99,99,0,0,0,1,0,2
53,530119,2,2,0,0,0,4,4,1,0,6,4,2015,2,13,2,1,1,2,1,2,US-395,,755,46.897,-118.612,0,12,6,0,1,1,0,1,1,3,0,3,0,0,13,0,13,35,14,1,0,0,0,1,0,0
53,530125,2,2,0,0,0,2,2,61,170,1,5,2015,6,13,45,1,2,1,1,1,I-405,,265,47.792,-122.208,0,12,1,0,1,1,0,1,1,1,0,1,0,0,99,98,99,98,99,98,0,0,0,1,0,2
53,530131,1,1,0,1,1,1,1,63,2110,7,5,2015,5,23,53,1,2,2,1,2,US-2,,2817,47.643,-117.509,0,8,0,0,1,1,0,1,2,1,0,1,0,0,23,54,0,2,88,88,0,0,0,1,1,0
53,530132,1,1,0,0,0,5,5,1,0,8,5,2015,6,13,50,1,1,3,1,2,US-395,,930,47.075,-118.41,0,1,0,0,1,1,0,3,1,1,0,1,0,0,14,2,14,10,14,57,0,0,0,1,0,0
53,530135,3,3,0,1,1,7,7,61,690,10,5,2015,1,2,41,1,2,1,1,1,I-5,,1958,48.001,-122.174,0,8,0,0,1,1,0,1,2,1,0,1,0,0,99,98,99,98,88,88,0,0,0,1,0,1
53,530138,1,1,0,0,0,1,1,77,0,14,5,2015,5,15,5,1,1,3,1,2,US-12,,1675,46.667,-121.094,0,42,0,0,1,1,0,4,1,1,0,1,0,0,99,98,99,98,88,88,0,0,0,1,1,0
53,530139,1,1,0,0,0,1,1,37,0,18,5,2015,2,2,50,1,1,1,1,1,I-90,,732,47.22,-121.149,0,38,0,0,1,1,0,4,2,1,0,1,0,0,99,98,99,98,88,88,0,0,0,1,0,0
53,530140,2,2,0,0,0,3,3,37,0,17,5,2015,1,3,57,1,1,1,1,1,I-90,,539,47.394,-121.393,0,12,2,0,1,1,0,1,2,1,0,1,0,0,99,99,99,99,99,99,0,0,0,1,1,0
53,530141,1,1,0,0,0,1,1,63,0,16,5,2015,7,19,31,0,1,5,1,3,SR-27,,670,47.429,-117.161,0,35,0,0,1,1,0,4,1,2,0,2,0,0,99,98,99,98,88,88,0,0,0,1,0,2
53,530144,1,1,0,0,0,1,1,77,0,20,5,2015,4,15,57,1,2,1,1,1,I-82,,513,46.408,-120.287,0,1,0,0,1,1,0,3,1,1,0,1,0,0,99,98,99,98,88,88,0,0,0,1,0,0
53,530147,1,1,0,0,0,1,1,51,0,25,5,2015,2,22,13,0,1,4,1,3,SR-211,,28,48.135,-117.284,0,1,0,0,1,1,0,4,2,1,0,1,0,0,99,98,99,98,88,88,0,0,0,1,1,2
53,530149,1,1,0,1,1,1,1,33,1958,21,5,2015,5,0,0,0,2,3,1,3,SR-99,,202,47.461,-122.291,0,8,0,0,1,1,0,1,3,1,0,1,0,0,99,99,99,99,99,99,0,0,0,1,0,2
53,530154,2,2,0,0,0,2,2,35,0,5,6,2015,6,6,13,0,1,2,1,3,SR-16,,203,47.435,-122.623,0,12,6,0,1,1,0,2,1,1,0,1,0,0,99,98,99,98,88,88,19,0,0,1,0,2
53,530155,1,1,0,0,0,1,1,1,0,7,6,2015,1,7,38,0,1,5,1,3,SR-21,,175,46.878,-118.56,0,32,0,0,1,1,0,4,1,1,0,1,0,0,99,98,99,98,88,88,0,0,0,1,1,2
53,530158,2,2,0,0,0,5,5,71,0,11,6,2015,5,4,20,0,1,4,1,3,SR-124,,91,46.238,-118.834,0,12,2,0,1,1,0,1,4,1,0,1,0,0,99,99,99,99,99,99,0,0,0,2,0,1
53,530165,1,1,0,0,0,1,1,33,1960,14,6,2015,1,3,13,1,2,1,1,1,I-5,,1640,47.607,-122.33,0,25,0,1,5,1,0,4,3,1,0,1,0,0,99,98,99,98,88,88,0,0,0,1,1,1
53,530168,2,2,0,0,0,2,2,33,1960,10,6,2015,4,10,46,1,2,1,1,1,I-5,,1658,47.61,-122.332,0,12,2,1,20,1,0,1,1,1,0,1,0,0,99,98,99,98,99,98,0,0,0,1,0,1
53,530169,2,2,0,0,0,2,2,53,0,11,6,2015,5,6,4,1,1,1,1,1,I-5,,1150,47.075,-122.695,0,12,1,0,1,1,0,1,1,1,0,1,0,0,99,99,99,99,0,0,0,0,0,1,0,1
53,530176,2,2,0,0,0,2,2,33,0,31,3,2015,3,4,12,0,1,3,1,3,SR-169,,170,47.436,-122.064,0,12,2,0,1,1,0,1,2,10,0,10,0,0,99,99,99,99,88,88,0,0,0,1,1,2
53,530179,1,1,0,1,1,1,1,57,0,20,5,2015,4,19,12,1,1,1,1,1,I-5,CR-BOW HILL RD,99999,48.558,-122.351,0,9,0,1,2,2,0,1,1,1,0,1,0,0,19,8,19,16,19,30,0,0,0,1,0,1
53,530181,2,2,0,0,0,2,2,61,0,2,6,2015,3,23,31,1,2,2,1,2,US-2,,64,47.965,-122.127,0,12,2,0,1,1,0,1,2,2,0,2,0,0,99,99,99,99,99,99,0,0,0,1,0,0
53,530182,2,2,0,0,0,2,2,61,170,7,6,2015,1,22,30,1,2,1,1,1,I-405,,267,47.792,-122.209,0,42,0,0,1,1,0,4,2,1,0,1,0,0,99,99,99,99,99,99,0,0,0,1,0,2
53,530184,1,1,0,1,1,1,1,9,0,18,6,2015,5,9,29,1,2,3,1,2,US-101,MILL RD,2620,48.079,-123.168,0,8,0,0,3,2,0,1,1,1,0,1,0,0,99,98,99,98,88,88,0,0,0,1,0,0
53,530185,2,2,0,0,0,6,6,59,0,20,6,2015,7,20,8,0,1,3,1,3,SR-14,,332,45.618,-122.039,0,12,2,0,1,1,0,1,5,1,0,1,0,0,20,4,20,15,20,25,0,0,0,4,1,2
53,530189,1,1,0,0,0,2,2,33,1030,16,6,2015,3,8,18,0,2,3,1,3,SR-99,PRIVATE RD,141,47.375,-122.301,0,30,0,0,3,3,0,4,1,1,0,1,0,0,99,98,99,98,99,98,0,0,0,1,0,2
53,530190,2,2,0,0,0,5,5,11,0,24,6,2015,4,12,2,0,1,2,1,3,SR-14,,184,45.569,-122.29,0,12,2,0,1,1,0,1,1,1,0,1,0,0,99,99,99,99,99,99,0,0,0,2,0,2
53,530192,2,1,1,1,2,4,5,41,1450,25,6,2015,5,12,40,1,1,1,1,1,I-5,,716,46.59,-122.895,0,8,0,0,1,1,0,1,1,1,0,1,0,0,13,24,13,24,14,4,23,0,0,1,0,1
53,530193,1,1,0,0,0,1,1,67,0,26,6,2015,6,16,33,1,1,3,1,2,US-12,,434,46.816,-123.067,0,24,0,0,1,1,0,4,1,1,0,1,0,0,99,98,99,98,88,88,0,0,0,1,1,0
53,530194,2,2,0,0,0,3,3,21,0,27,6,2015,7,17,9,1,2,2,1,2,US-12,A ST,2940,46.227,-119.039,0,12,6,0,2,3,0,1,1,1,0,1,0,0,99,98,99,98,99,98,0,0,0,1,0,0
53,530197,2,2,0,0,0,3,3,63,0,25,6,2015,5,13,4,1,1,2,1,2,US-12,ELK-CHATTAROY RD,3020,47.859,-117.356,0,12,6,0,2,2,0,1,1,1,0,1,0,0,13,6,13,15,14,13,0,0,0,1,0,0
53,530211,1,1,0,0,0,1,1,57,0,3,7,2015,6,14,20,0,1,5,1,3,SR-9,,429,48.343,-122.206,0,24,0,0,1,1,0,4,1,1,0,1,0,0,14,19,14,31,15,0,0,0,0,1,0,2
53,530212,3,3,0,0,0,4,4,29,0,3,7,2015,6,21,0,0,1,3,1,3,SR-20,,418,48.405,-122.645,0,12,1,0,8,1,1,1,5,1,0,1,0,0,21,10,21,20,21,46,0,0,0,1,1,2
53,530214,2,2,0,0,0,3,3,67,0,4,7,2015,7,5,39,1,2,1,1,1,I-5,,1000,46.965,-122.934,0,12,1,0,1,1,0,1,4,1,0,1,0,0,99,99,99,99,99,99,0,0,0,1,0,1
53,530215,4,4,0,0,0,12,12,67,0,4,7,2015,7,8,38,1,2,1,1,1,I-5,,1000,46.962,-122.935,0,12,1,0,1,1,0,1,1,1,0,1,0,0,99,99,99,99,99,99,0,0,0,1,0,1
53,530222,1,1,0,0,0,1,1,53,800,8,7,2015,4,9,33,0,2,2,1,3,SR-16,,109,47.306,-122.577,0,57,0,0,1,1,0,3,1,1,0,1,0,0,99,98,99,98,88,88,0,0,0,1,0,2
53,530226,2,2,0,0,0,4,4,63,0,11,7,2015,7,22,13,1,1,3,1,2,US-2,,2682,47.647,-117.797,0,12,2,0,1,1,0,1,2,1,0,1,0,0,21,24,21,45,22,15,0,0,0,2,2,0
53,530227,1,1,0,1,1,1,1,33,980,15,7,2015,4,9,33,1,2,1,1,1,I-90,,138,47.561,-122.091,0,8,0,0,1,1,0,1,1,1,0,1,0,0,99,98,99,98,88,88,0,0,0,1,0,0
53,530229,1,1,0,0,0,2,2,25,0,14,7,2015,3,19,0,0,1,4,1,3,SR-155,,48,47.705,-119.265,0,1,0,0,1,1,0,4,1,1,0,1,0,0,19,13,19,40,20,59,0,0,0,2,0,1
53,530237,1,1,0,0,0,1,1,33,109,19,7,2015,1,22,30,1,2,1,1,1,I-90,,100,47.58,-122.166,0,25,0,0,1,1,0,4,3,1,0,1,0,0,99,99,99,99,99,99,0,0,0,1,1,0
53,530239,3,3,0,0,0,5,5,57,0,20,7,2015,2,17,3,0,1,5,1,3,SR-11,,99,48.606,-122.432,0,12,6,0,1,1,0,1,1,1,0,1,0,0,17,2,17,14,99,99,0,0,0,1,0,2
53,530242,1,1,0,0,0,1,1,67,2320,19,6,2015,6,0,51,1,2,1,1,1,I-5,,1030,47.008,-122.907,0,24,0,0,1,1,0,3,3,2,0,2,0,0,99,99,99,99,99,99,0,0,0,1,0,1
53,530246,2,2,0,0,0,2,2,33,109,21,7,2015,3,13,55,1,2,1,1,1,I-405,,130,47.622,-122.189,0,12,7,0,20,1,0,1,1,1,0,1,0,0,13,53,13,53,99,98,0,0,0,1,0,2
53,530247,2,2,0,0,0,5,5,43,0,22,7,2015,4,17,47,1,1,3,1,2,US-2,,2420,47.644,-118.313,0,12,2,0,1,1,0,1,1,1,0,1,0,0,18,12,18,22,19,0,0,0,0,4,0,0
53,530249,2,2,0,0,0,2,2,1,0,22,7,2015,4,20,42,1,1,1,1,1,I-90,,2374,47.246,-118.113,0,12,1,0,1,1,0,1,5,1,0,1,0,0,20,45,21,4,88,88,0,0,0,1,0,0
53,530255,4,1,3,2,2,2,2,63,2110,28,7,2015,3,10,38,0,2,3,1,2,US-395,,2883,47.673,-117.41,0,8,0,0,1,1,0,4,1,1,0,1,0,0,99,99,99,99,99,99,0,0,0,1,0,0
53,530257,1,1,0,0,0,4,4,37,0,30,7,2015,5,15,55,1,1,1,1,1,I-90,,992,47.065,-120.696,0,1,0,0,1,1,0,1,1,1,0,1,0,0,99,99,99,99,99,99,0,0,0,1,0,0
53,530259,1,1,0,0,0,1,1,53,2230,22,3,2015,1,13,0,0,2,2,1,3,SR-7,,579,47.233,-122.431,0,25,0,0,5,1,0,4,1,1,0,1,0,0,99,98,99,98,99,98,0,0,0,1,1,2
53,530265,1,1,0,0,0,1,1,65,0,1,8,2015,7,7,58,0,1,4,1,3,SR-20,,3790,48.602,-117.554,0,1,0,0,1,1,0,1,1,1,0,1,0,0,99,98,99,98,88,88,0,0,0,1,0,2
53,530266,2,2,0,0,0,2,2,57,0,1,8,2015,7,17,15,0,1,5,1,3,SR-9,,519,48.449,-122.241,0,12,2,0,1,1,0,1,1,1,0,1,0,0,99,98,99,98,88,88,0,0,0,1,2,2
53,530269,2,2,0,0,0,6,6,25,0,2,8,2015,1,0,36,0,1,2,1,3,SR-17,RD 5 SE,432,47.014,-119.143,0,12,2,0,2,3,0,1,2,1,0,1,0,0,0,42,1,0,1,30,0,0,0,1,2,2
53,530273,2,2,0,1,1,2,2,53,1770,3,8,2015,2,14,10,0,2,3,1,6,RIVER RD,,57,47.201,-122.301,0,8,0,0,1,1,0,1,1,1,0,1,0,0,13,14,13,22,13,35,0,0,0,1,0,0
53,530274,2,2,0,0,0,2,2,53,747,3,8,2015,2,10,16,1,2,3,1,1,I-5,54TH AVE E,1374,47.242,-122.357,0,12,6,1,2,3,0,1,1,1,0,1,0,0,99,98,99,98,99,98,0,0,0,1,0,1
53,530277,2,2,0,0,0,3,3,33,0,6,8,2015,5,16,55,0,1,4,1,3,SR-202,,255,47.557,-121.847,0,12,2,0,1,1,0,1,1,1,0,1,0,0,16,57,17,8,88,88,0,0,0,1,1,2
53,530278,1,1,0,0,0,3,3,7,270,6,8,2015,5,16,16,1,1,2,1,2,US-2,,1125,47.514,-120.447,0,1,0,0,1,1,0,1,1,1,0,1,0,0,99,98,99,98,88,88,0,0,0,1,0,0
53,530279,1,1,0,0,0,1,1,33,1960,7,8,2015,6,18,9,1,2,1,1,1,I-5,,1670,47.613,-122.33,0,25,0,0,1,1,0,3,1,1,0,1,0,0,99,98,99,98,88,88,0,0,0,1,1,1
53,530283,2,1,1,1,2,1,2,33,0,8,8,2015,7,14,10,1,1,1,1,1,I-90,,264,47.51,-121.876,0,14,0,0,1,1,0,2,1,10,0,10,0,0,14,32,14,45,15,27,23,0,0,1,0,0
53,530287,2,2,0,0,0,2,2,45,0,11,8,2015,3,15,31,1,1,2,1,2,US-101,HURLEY WALDRIP RD,3553,47.107,-123.095,0,12,6,0,2,2,0,1,1,1,0,1,0,0,99,98,99,98,88,88,0,0,0,1,0,0
53,530291,1,1,0,0,0,1,1,53,0,16,8,2015,1,17,23,0,1,5,1,3,SR-165,,108,46.944,-121.974,0,30,0,0,1,1,0,4,1,1,0,1,0,0,99,98,99,98,88,88,0,0,0,1,0,2
53,530292,2,2,0,0,0,4,4,37,0,16,8,2015,1,17,23,0,1,5,1,3,SR-10,,915,47.151,-120.804,0,12,2,0,1,1,0,1,1,7,0,7,0,0,99,99,99,99,99,99,0,0,0,1,2,2
53,530298,1,1,0,0,0,1,1,7,0,19,8,2015,4,99,99,0,1,4,1,3,SR-20,,1600,48.517,-120.682,0,1,0,0,1,1,0,4,9,5,0,5,0,0,99,98,99,98,88,88,0,0,0,1,0,2
53,530302,1,1,0,1,1,1,1,31,0,25,8,2015,3,1,11,0,1,4,1,3,SR-19,,117,48.042,-122.791,0,9,0,0,1,1,0,2,3,1,0,1,0,0,99,98,99,98,88,88,0,0,0,1,1,2
53,530310,3,3,0,0,0,4,4,33,2310,27,8,2015,5,15,12,1,2,1,1,1,I-5,,1570,47.494,-122.267,0,12,6,0,1,1,0,1,1,1,0,1,0,0,99,99,99,99,99,99,0,0,0,1,0,1
53,530316,2,2,0,0,0,2,2,25,0,31,8,2015,2,6,15,0,1,2,1,3,SR-28,CRESCENT BAR RD,223,47.231,-119.999,0,12,6,0,2,2,0,1,4,1,0,1,0,0,6,17,6,27,88,88,0,0,0,1,0,2
53,530319,2,2,0,0,0,3,3,27,930,1,9,2015,3,10,40,0,2,3,1,3,SR-101,ONTARIO ST,864,46.976,-123.865,0,12,6,0,2,2,0,1,1,1,0,1,0,0,99,98,99,98,99,98,0,0,0,1,0,2
53,530328,2,2,0,0,0,8,8,63,2110,5,9,2015,7,15,1,0,2,2,1,3,SR-195,W THORPE RD,949,47.633,-117.445,0,12,6,0,2,2,0,1,1,1,0,1,0,0,15,2,15,10,15,43,0,0,0,3,0,1
53,530331,1,1,0,1,1,1,1,33,1960,5,9,2015,7,17,35,0,2,2,1,3,SR-99,,358,47.666,-122.347,0,8,0,0,1,1,0,4,1,2,0,2,0,0,99,98,99,98,99,98,0,0,0,1,0,2
53,530334,1,1,0,0,0,1,1,61,0,7,9,2015,2,22,19,0,2,3,1,3,SR-9,CR-CATHCART WAY,61,47.865,-122.11,0,42,0,0,3,3,0,4,3,1,0,1,0,0,99,98,99,98,88,88,0,0,0,1,0,2
53,530335,1,1,0,1,1,1,1,61,1120,8,9,2015,3,6,9,0,2,2,1,3,SR-9,4TH ST SE,151,47.993,-122.105,0,8,0,0,2,3,0,1,4,10,0,10,0,0,99,98,99,98,88,88,0,0,0,1,0,2
53,530336,1,1,0,0,0,1,1,29,0,8,9,2015,3,16,19,0,1,3,1,3,SR-20,,174,48.185,-122.627,0,42,0,0,1,1,0,4,1,1,0,1,0,0,99,98,99,98,88,88,0,0,0,1,0,2
53,530337,1,1,0,0,0,1,1,33,1050,9,9,2015,4,2,8,1,2,1,1,1,I-405,,168,47.668,-122.187,0,24,0,0,1,1,1,4,2,1,0,1,0,0,99,98,99,98,88,88,0,0,0,1,1,2
53,530338,1,1,0,0,0,5,5,1,0,9,9,2015,4,11,55,0,1,2,1,3,SR-17,,325,46.872,-119.133,0,1,0,0,1,1,0,4,1,1,0,1,0,0,11,56,12,1,12,22,0,0,0,1,0,2
53,530342,1,1,0,1,1,1,1,53,2230,9,9,2015,4,18,6,0,2,3,1,3,SR-7,S 82ND ST,542,47.183,-122.434,0,8,0,0,3,2,0,1,1,1,0,1,0,0,99,99,99,99,99,99,0,0,0,1,0,2
53,530343,4,4,0,0,0,5,5,57,0,10,9,2015,5,13,57,1,1,1,1,1,I-5,,2220,48.36,-122.336,0,12,2,0,1,1,0,1,1,1,0,1,0,0,13,58,14,5,14,35,0,0,0,1,0,1
53,530346,2,2,0,0,0,2,2,53,0,11,9,2015,6,22,41,0,2,3,1,3,SR-302,,157,47.384,-122.629,0,12,6,0,1,1,0,1,2,1,0,1,0,0,99,99,99,99,99,99,0,0,0,1,1,2
53,530347,2,2,0,0,0,3,3,33,1030,13,8,2015,5,23,15,0,2,2,1,3,SR-167,,243,47.44,-122.218,0,12,7,0,1,1,0,1,3,1,0,1,0,0,99,98,99,98,99,98,0,0,0,1,0,2
53,530364,1,1,0,1,1,1,1,33,1960,16,9,2015,4,15,43,0,2,3,4,6,1ST AVE,BROAD ST,0,47.617,-122.353,0,8,0,0,2,2,0,1,1,1,0,1,0,0,99,99,99,99,99,99,0,0,0,1,0,2
53,530368,1,1,0,1,1,1,1,15,1190,17,9,2015,5,20,13,0,2,3,1,3,SR-4,,577,46.156,-122.984,0,15,0,0,1,1,0,1,2,99,0,99,0,0,20,21,20,22,20,34,0,0,0,1,0,2
53,530369,3,3,0,0,0,4,4,63,0,19,9,2015,7,16,55,1,1,3,1,2,US-2,,3070,47.926,-117.351,0,12,6,0,1,1,0,1,1,1,0,1,0,0,16,57,17,9,18,23,0,0,0,1,1,0
53,530370,2,2,0,0,0,3,3,53,2230,20,9,2015,1,21,19,1,2,1,1,1,I-5,,0,47.233,-122.432,0,12,2,1,5,1,0,1,3,2,0,2,0,0,99,99,99,99,99,99,0,0,0,1,0,1
53,530374,3,3,0,0,0,6,6,41,0,7,9,2015,2,9,35,1,1,3,1,2,US-12,,1240,46.538,-121.759,0,12,1,0,1,1,0,1,1,1,0,1,0,0,99,99,99,99,99,99,0,0,0,2,0,0
53,530375,3,2,1,0,0,2,2,61,2180,11,9,2015,6,9,17,1,2,3,1,2,US-2,3RD ST,222,47.862,-121.818,0,12,1,0,3,3,0,1,1,1,0,1,0,0,10,50,11,19,12,38,0,0,0,1,0,0
53,530377,2,2,0,0,0,4,4,31,0,23,9,2015,4,14,26,0,1,2,1,3,SR-104,,77,47.894,-122.757,0,12,6,0,1,1,0,1,1,1,0,1,0,0,14,54,14,59,15,33,0,0,0,1,0,2
53,530378,1,1,0,0,0,1,1,35,0,23,9,2015,4,19,24,0,2,2,1,3,SR-3,,485,47.701,-122.685,0,24,0,1,19,1,0,3,3,1,0,1,0,0,99,99,99,99,99,99,0,0,0,1,1,2
53,530380,5,5,0,0,0,93,93,33,1960,24,9,2015,5,11,11,0,2,2,1,3,SR-99,,343,47.646,-122.347,0,12,6,0,1,1,0,1,1,1,0,1,0,0,11,20,11,31,11,40,0,0,0,5,0,2
53,530381,2,2,0,0,0,2,2,65,0,24,9,2015,5,16,17,1,1,3,1,2,US-395,DUNCAN RD,2120,48.312,-117.795,0,12,6,0,2,3,0,1,1,1,0,1,0,0,99,99,99,99,99,99,0,0,0,1,0,0
53,530382,2,2,0,0,0,2,2,27,0,25,9,2015,6,8,40,0,1,4,1,3,SR-108,,24,47.072,-123.264,0,12,2,0,1,1,0,1,1,10,0,10,0,0,7,42,7,53,88,88,0,0,0,1,0,1
53,530383,1,1,0,1,1,1,1,41,0,25,9,2015,6,19,48,1,1,1,1,1,I-5,,645,46.501,-122.877,0,8,0,0,1,1,0,1,2,10,0,10,0,0,99,98,99,98,99,98,0,0,0,1,0,1
53,530384,1,1,0,0,0,2,2,63,0,25,9,2015,6,5,20,1,1,1,1,1,I-90,,2620,47.476,-117.732,0,1,0,0,1,1,0,4,2,1,0,1,0,0,5,26,5,35,6,59,0,0,0,1,0,0
53,530385,1,1,0,0,0,1,1,7,0,26,9,2015,7,0,10,1,1,3,1,2,US-2,,945,47.611,-120.718,0,17,0,0,1,1,0,4,2,10,0,10,0,0,99,99,99,99,99,99,0,0,0,1,1,0
53,530386,1,1,0,0,0,1,1,33,1960,28,9,2015,2,10,0,0,2,2,1,3,SR-99,,334,47.632,-122.344,0,30,0,0,1,1,0,4,1,1,0,1,0,0,99,99,99,99,99,99,0,0,0,1,0,2
53,530388,2,2,0,0,0,2,2,33,1960,29,9,2015,3,5,12,1,2,1,1,1,I-5,,1670,47.62,-122.328,0,12,1,0,1,1,0,1,3,1,0,1,0,0,5,42,5,51,6,12,0,0,0,1,0,1
53,530389,2,2,0,0,0,4,4,9,0,29,9,2015,3,15,33,0,1,5,1,3,SR-112,ELWHA RIVER RD,591,48.114,-123.567,0,12,1,0,3,3,0,1,1,1,0,1,0,0,99,98,99,98,99,98,0,0,0,1,0,2
53,530393,1,1,0,0,0,2,2,77,0,3,10,2015,7,15,38,1,2,1,1,1,I-82,SR-22,498,46.417,-120.318,3,38,0,1,5,1,0,4,1,1,0,1,0,0,15,51,15,51,16,36,0,0,0,1,1,1
53,530396,5,5,0,0,0,6,6,33,735,5,10,2015,2,13,21,1,2,1,1,1,I-5,,1452,47.328,-122.294,0,12,7,0,1,1,0,1,1,1,0,1,0,0,99,98,99,98,99,98,0,0,0,1,0,1
53,530397,5,5,0,0,0,5,5,63,2110,6,10,2015,3,5,45,1,2,1,1,1,I-90,,2810,47.653,-117.414,0,12,2,0,1,1,0,1,3,1,0,1,0,0,5,49,5,58,6,22,0,0,0,1,1,0
53,530402,1,1,0,0,0,1,1,15,0,9,10,2015,6,11,20,1,2,1,1,1,I-5,,569,46.371,-122.907,0,24,0,0,1,1,0,4,1,1,0,1,0,0,99,98,99,98,88,88,0,0,0,1,0,1
53,530403,2,2,0,0,0,3,3,5,0,10,10,2015,7,5,40,0,1,4,1,3,SR-14,321 PR SE,1754,45.948,-119.443,0,12,6,0,2,3,0,1,2,1,0,1,0,0,99,99,99,99,99,99,0,0,0,1,0,2
53,530405,2,2,0,0,0,2,2,77,0,11,10,2015,1,3,30,1,1,1,1,1,I-82,,620,46.329,-120.092,0,12,2,0,1,1,0,1,2,1,0,1,0,0,99,98,99,98,99,98,0,0,0,1,2,1
53,530407,1,1,0,0,0,3,3,5,0,12,10,2015,2,18,54,1,1,1,1,1,I-82,,1006,46.262,-119.403,0,1,0,0,1,1,0,4,2,1,0,1,0,0,99,98,99,98,99,98,0,0,0,1,0,0
53,530410,2,2,0,0,0,2,2,29,0,14,10,2015,4,9,7,0,2,3,1,3,SR-20,FROSTAD RD,364,48.348,-122.613,0,12,6,0,2,2,0,1,1,1,0,1,0,0,9,7,9,14,9,57,0,0,0,1,0,2
53,530412,2,2,0,0,0,2,2,53,0,15,10,2015,5,10,3,0,2,3,1,3,SR-167,,30,47.211,-122.337,3,12,6,0,8,1,0,1,1,1,0,1,0,0,99,98,99,98,99,98,0,0,0,1,0,2
53,530413,1,1,0,0,0,1,1,11,2370,16,10,2015,6,1,16,0,2,2,1,3,SR-14,SB-205,60,45.604,-122.553,0,42,0,1,5,1,0,4,3,1,0,1,0,0,99,99,99,99,88,88,0,0,0,1,1,2
53,530414,1,1,0,0,0,1,1,11,0,17,10,2015,7,14,35,0,1,3,1,3,SR-14,,212,45.575,-122.195,0,24,0,0,1,1,0,4,1,10,0,10,0,0,99,98,99,98,88,88,0,0,0,1,0,2
53,530416,2,2,0,0,0,4,4,53,0,17,10,2015,7,23,33,0,1,4,1,3,SR-161,,101,46.94,-122.281,0,12,6,0,1,1,0,1,2,2,0,2,0,0,22,38,22,48,23,49,0,0,0,1,0,1
53,530418,1,1,0,0,0,1,1,41,0,19,10,2015,2,19,10,0,1,5,1,3,SR-122,,57,46.56,-122.501,0,1,0,0,1,1,0,4,1,2,0,2,0,0,99,98,99,98,88,88,0,0,0,1,0,2