STATE,ST_CASE,VE_TOTAL,VE_FORMS,PVH_INVL,PEDS,PERNOTMVIT,PERMVIT,PERSONS,COUNTY,CITY,DAY,MONTH,YEAR,DAY_WEEK,HOUR,MINUTE,NHS,RUR_URB,FUNC_SYS,RD_OWNER,ROUTE,TWAY_ID,TWAY_ID2,MILEPT,LATITUDE,LONGITUD,SP_JUR,HARM_EV,MAN_COLL,RELJCT1,RELJCT2,TYP_INT,WRK_ZONE,REL_ROAD,LGT_COND,WEATHER1,WEATHER2,WEATHER,SCH_BUS,RAIL,NOT_HOUR,NOT_MIN,ARR_HOUR,ARR_MIN,HOSP_HR,HOSP_MN,CF1,CF2,CF3,FATALS,DRUNK_DR,RANK
53,530419,2,2,0,0,0,3,3,77,0,23,10,2015,6,12,45,1,2,1,1,1,I-82,,398,46.518,-120.457,0,12,1,0,1,1,0,1,1,1,0,1,0,0,12,48,12,55,13,27,0,0,0,2,0,1
53,530421,1,1,0,0,0,1,1,61,0,25,10,2015,1,1,2,1,2,2,1,2,US-2,,8,47.978,-122.168,0,24,0,0,1,1,0,3,2,2,0,2,0,0,99,98,99,98,88,88,0,0,0,1,1,0
53,530425,2,2,0,0,0,4,4,25,0,27,10,2015,3,11,33,0,1,2,1,3,SR-26,I-90,3,46.942,-119.96,0,12,6,1,5,1,0,1,1,1,0,1,0,0,99,98,99,98,99,98,0,0,0,1,0,1
53,530427,2,2,0,0,0,2,2,35,0,29,10,2015,5,20,45,0,2,2,1,3,SR-3,,447,47.653,-122.706,0,12,7,0,1,1,0,1,2,10,0,10,0,0,21,9,21,43,22,20,0,0,0,1,0,2
53,530435,2,2,0,0,0,2,2,33,0,5,11,2015,5,0,30,0,2,2,1,3,SR-18,,66,47.318,-122.167,0,12,2,0,1,1,0,1,2,1,0,1,0,0,0,35,0,56,1,26,0,0,0,1,1,2
53,530439,1,1,0,0,0,1,1,53,800,7,11,2015,7,7,17,0,2,2,1,3,SR-16,,110,47.306,-122.577,0,42,0,0,1,1,0,4,2,99,0,99,0,0,7,40,7,51,88,88,0,0,0,1,1,2
53,530444,1,1,0,0,0,2,2,67,1590,9,11,2015,2,13,53,1,2,1,1,1,I-5,,1056,47.032,-122.893,0,25,0,0,1,1,0,4,1,1,0,1,0,0,99,98,99,98,88,88,0,0,0,1,0,1
53,530447,1,1,0,0,0,1,1,33,0,9,11,2015,2,10,51,1,1,1,1,1,I-90,,386,47.438,-121.648,0,24,0,0,1,1,0,4,1,2,0,2,0,0,88,88,88,88,88,88,0,0,0,1,0,0
53,530450,2,2,0,0,0,2,2,53,1124,11,11,2015,4,6,39,1,2,1,1,1,I-5,,1220,47.121,-122.553,0,12,6,0,1,1,0,1,4,10,0,10,0,0,6,40,6,52,7,20,0,0,0,1,0,1
53,530453,1,1,0,0,0,5,5,61,0,12,11,2015,5,23,29,1,1,3,1,2,US-2,,179,47.856,-121.926,0,35,0,0,1,1,0,4,3,2,0,2,0,0,99,98,99,98,99,98,0,0,0,1,0,0
53,530454,1,1,0,1,1,1,1,33,1030,12,11,2015,5,23,9,0,2,3,3,3,SR-99,,142,47.375,-122.3,0,8,0,0,1,1,0,1,3,2,0,2,0,0,99,99,99,99,99,99,0,0,0,1,0,2
53,530457,1,1,0,0,0,2,2,63,0,15,11,2015,1,3,58,1,2,3,1,2,US-2,,2969,47.782,-117.355,0,24,0,0,1,1,0,4,2,1,0,1,0,0,99,98,99,98,99,98,0,0,0,1,1,0
53,530462,4,4,0,0,0,4,4,35,0,19,11,2015,5,5,21,0,2,2,1,3,SR-16,,290,47.527,-122.7,0,12,1,0,1,1,0,1,3,2,0,2,0,0,88,88,88,88,88,88,0,0,0,1,1,2
53,530468,1,1,0,1,1,1,1,53,0,19,11,2015,5,17,44,0,2,3,1,3,SR-7,180TH ST S,481,47.094,-122.435,0,8,0,0,2,3,0,1,3,1,0,1,0,0,99,98,99,98,99,98,0,0,0,1,1,2
53,530470,2,2,0,0,0,2,2,75,0,22,11,2015,1,13,40,0,1,2,1,3,SR-26,,1165,46.813,-117.662,0,12,2,0,1,1,0,1,1,1,0,1,0,0,13,59,14,26,99,99,0,0,0,1,0,1
53,530474,1,1,0,1,1,5,5,33,735,28,11,2015,7,20,27,1,2,1,1,1,I-5,,1443,47.319,-122.296,0,8,0,0,1,1,0,1,3,1,0,1,0,0,99,98,99,98,88,88,0,0,0,1,0,1
53,530475,3,3,0,0,0,3,3,33,735,25,11,2015,4,5,35,0,2,3,1,3,SR-99,,63,47.265,-122.335,0,12,6,0,1,1,0,1,2,1,0,1,0,0,5,39,5,45,6,26,0,0,0,1,0,2
53,530477,1,1,0,1,1,1,1,53,0,30,11,2015,2,16,43,1,2,1,1,1,I-5,,1201,47.103,-122.596,0,8,0,0,1,1,0,1,3,2,0,2,0,0,99,98,99,98,88,88,0,0,0,1,0,1
53,530480,1,1,0,1,1,2,2,37,0,2,12,2015,4,16,45,1,1,1,1,1,I-90,,1176,46.972,-120.352,0,8,0,0,1,1,0,2,2,3,0,3,0,0,99,98,99,98,88,88,23,24,0,1,0,0
53,530484,1,1,0,0,0,1,1,1,0,4,12,2015,6,6,11,1,1,1,1,1,I-90,,2322,47.202,-118.243,0,1,0,0,1,1,0,3,2,5,0,5,0,0,99,98,99,98,88,88,0,0,0,1,0,0
53,530489,2,2,0,0,0,7,7,5,0,8,12,2015,3,19,7,1,2,1,1,1,I-82,,1070,46.199,-119.322,0,1,0,0,1,1,0,3,2,10,0,10,0,0,99,99,99,99,99,99,0,0,0,3,0,1
53,530490,1,1,0,0,0,3,3,51,0,10,12,2015,5,10,43,0,1,4,1,3,SR-20,,4111,48.448,-117.325,0,1,0,0,1,1,0,4,1,4,0,4,0,0,10,37,11,3,99,98,0,0,0,1,0,2
53,530492,1,1,0,0,0,1,1,33,1030,11,12,2015,6,23,0,1,2,1,1,1,I-5,,1490,47.396,-122.292,0,1,0,0,1,1,0,4,2,10,0,10,0,0,99,98,99,98,88,88,0,0,0,1,1,1
53,530493,3,3,0,0,0,4,4,57,0,11,12,2015,6,16,25,0,1,2,1,3,SR-20,LACONNER WHITNEY RD,531,48.448,-122.471,0,12,1,0,3,2,0,1,1,1,0,1,0,0,99,98,99,98,99,98,0,0,0,1,1,2
53,530497,2,2,0,0,0,3,3,33,735,17,12,2015,5,1,38,1,2,1,1,1,I-5,,1450,47.324,-122.294,0,12,1,0,1,1,0,1,2,10,0,10,0,0,99,98,99,98,99,98,23,0,0,2,1,1
53,530500,2,1,1,0,1,1,2,73,0,18,12,2015,6,16,28,1,1,1,1,1,I-5,,2680,48.91,-122.625,0,14,0,0,1,1,0,2,5,2,0,2,0,0,99,98,99,98,99,98,0,0,0,1,0,1
53,530501,2,2,0,0,0,3,3,45,0,18,12,2015,6,11,17,0,1,5,1,3,SR-106,,174,47.408,-122.881,0,12,6,0,1,1,0,1,1,2,0,2,0,0,99,98,99,98,99,98,0,0,0,1,0,2
53,530503,2,2,0,0,0,3,3,37,0,19,12,2015,7,12,35,1,1,1,1,1,I-90,,1337,46.937,-120.04,0,12,7,0,1,1,0,1,1,10,0,10,0,0,99,98,99,98,88,88,0,0,0,1,1,0
53,530504,2,2,0,0,0,5,5,63,2110,20,12,2015,1,17,22,0,2,3,1,3,SR-291,MAPLE ST,11,47.715,-117.435,0,12,1,0,3,2,0,1,3,4,0,4,0,0,17,24,17,40,18,7,0,0,0,1,1,2
53,530505,5,5,0,0,0,6,6,29,0,22,12,2015,3,9,7,0,1,3,1,3,SR-20,,375,48.358,-122.622,0,12,7,0,1,1,0,1,1,2,0,2,0,0,9,10,9,16,10,11,0,0,0,1,0,2
53,530506,2,2,0,0,0,2,2,31,0,22,12,2015,3,12,38,0,1,4,1,3,SR-19,PROSPECT AVE,124,48.051,-122.8,0,12,6,0,2,3,0,1,1,10,0,10,0,0,12,56,13,26,14,4,0,0,0,1,0,2
53,530507,2,2,0,0,0,2,2,77,0,22,12,2015,3,16,50,0,1,2,1,3,SR-12,LOW RD,1937,46.687,-120.653,0,12,6,0,2,2,0,1,2,10,0,10,0,0,99,98,99,98,99,98,0,0,0,1,0,2
53,530510,2,2,0,0,0,5,5,33,1958,26,12,2015,7,23,28,1,2,1,1,1,I-5,,1517,47.431,-122.272,0,12,6,0,1,1,0,1,3,10,0,10,0,0,23,46,99,99,99,99,0,0,0,1,0,1
53,530512,2,2,0,0,0,6,6,65,0,28,12,2015,2,10,9,1,1,2,1,2,US-395,,2020,48.2,-117.71,0,12,6,0,1,1,0,2,1,4,0,4,0,0,99,98,99,98,99,98,0,0,0,1,0,0
53,530516,1,1,0,0,0,3,3,1,0,30,12,2015,4,15,16,0,1,5,1,3,SR-260,,372,46.737,-118.341,0,1,0,0,1,1,0,4,1,1,0,1,0,0,15,12,15,22,16,9,0,0,0,1,0,0
53,530517,2,2,0,0,0,4,4,33,0,31,12,2015,5,8,50,1,1,3,1,2,US-2,,594,47.726,-121.138,0,48,0,0,1,1,0,4,1,1,0,1,0,0,99,98,99,98,99,98,0,0,0,1,0,0
53,530524,2,2,0,0,0,3,3,33,0,14,7,2015,3,17,6,0,2,5,1,3,SR-18,WEYERHAESER WAY S,0,47.293,-122.292,0,12,6,1,2,2,0,1,1,1,0,1,0,0,17,21,17,36,18,23,0,0,0,1,0,2
54,540001,1,1,0,0,0,1,1,75,1778,2,1,2015,6,15,36,0,1,5,1,3,SR-92,,103,38.068,-80.002,0,42,0,0,1,1,0,4,1,1,0,1,0,0,15,45,16,4,88,88,0,0,0,1,0,2
54,540002,2,2,0,0,0,6,6,81,2411,6,1,2015,3,17,28,0,2,6,1,2,US-19,,80,37.694,-81.1,0,12,6,0,1,1,0,1,2,10,0,10,0,0,99,99,99,99,99,99,0,0,0,1,0,0
54,540003,1,1,0,0,0,1,1,55,908,7,1,2015,4,3,10,0,1,5,1,2,US-19,,316,37.529,-81.112,0,24,0,0,1,1,0,4,2,10,0,10,0,0,3,26,3,44,88,88,0,0,0,1,0,0
54,540004,2,2,0,0,0,2,2,81,996,7,1,2015,4,19,54,1,1,1,1,1,I-77,,280,37.603,-81.125,0,12,1,0,1,1,0,1,2,10,0,10,0,0,19,54,20,5,88,88,0,0,0,1,0,0
54,540005,2,2,0,0,0,6,6,79,2247,7,1,2015,4,10,29,0,2,4,1,3,SR-62,,108,38.537,-81.9,0,30,0,0,1,1,0,4,1,4,0,4,0,0,10,30,10,38,11,17,0,0,0,1,0,0
54,540006,2,2,0,0,0,4,4,89,1220,8,1,2015,5,17,30,0,1,4,1,3,SR-3,,81,37.653,-80.891,0,12,6,0,1,1,0,1,5,1,0,1,0,0,17,29,17,36,18,4,0,0,0,1,0,2
54,540007,2,2,0,0,0,6,6,109,1125,11,1,2015,1,16,12,0,1,3,1,2,US-52,,10,37.577,-81.803,0,12,6,0,1,1,0,1,1,2,0,2,0,0,16,16,16,31,17,29,0,0,0,1,0,0
54,540008,1,1,0,1,1,1,1,39,2370,11,1,2015,1,3,0,0,1,4,1,2,US-60,,10,38.397,-81.885,0,8,0,0,99,99,0,99,2,1,0,1,0,0,99,99,99,99,88,88,0,0,0,1,0,0
54,540009,1,1,0,0,0,2,2,77,2350,19,1,2015,2,17,58,0,1,4,1,2,US-50,,90,39.327,-79.758,0,1,0,0,1,1,0,4,2,1,0,1,0,0,18,45,18,45,20,40,0,0,0,1,0,2
54,540011,2,2,0,0,0,2,2,51,1850,14,1,2015,4,8,15,1,1,2,1,3,SR-2,,43,39.797,-80.822,0,12,6,0,1,1,0,1,2,4,0,4,0,0,99,99,99,99,99,99,0,0,0,1,0,2
54,540012,1,1,0,0,0,1,1,25,1470,29,1,2015,5,8,27,1,1,1,1,1,I-64,,1680,37.808,-80.41,0,24,0,0,1,1,0,4,1,10,0,10,0,0,99,99,99,99,88,88,0,0,0,1,0,1
54,540013,2,2,0,0,0,2,2,37,1140,17,1,2015,7,12,0,0,2,4,1,3,SR-115,,1,39.261,-77.767,0,12,2,0,1,1,0,1,1,1,0,1,0,0,12,22,12,35,13,15,0,0,0,1,0,2
54,540015,2,2,0,0,0,2,2,81,170,20,1,2015,3,14,0,1,2,2,1,3,SR-16,VETERANS DR,155,37.767,-81.196,0,12,6,1,2,3,0,1,1,1,0,1,0,0,99,99,99,99,99,99,0,0,0,1,0,2
54,540017,2,2,0,0,0,2,2,81,2411,23,1,2015,6,0,5,0,2,6,1,2,US-19,,80,37.72,-81.099,0,12,2,0,1,1,0,1,2,10,0,10,0,0,99,99,99,99,88,88,0,0,0,1,0,0
54,540019,1,1,0,0,0,1,1,7,0,4,2,2015,4,20,40,1,1,2,1,1,I-79,,680,38.721,-80.663,0,35,0,0,1,1,0,3,2,10,0,10,0,0,88,88,88,88,88,88,0,0,0,1,1,0
54,540020,2,2,0,0,0,2,2,37,1345,6,2,2015,6,6,30,0,1,5,1,4,CR-4,,8,39.353,-77.96,0,12,1,0,1,1,0,1,2,1,0,1,0,0,6,36,6,50,7,25,0,0,0,1,0,2
54,540021,2,2,0,0,0,2,2,29,530,10,2,2015,3,14,20,0,1,4,1,2,US-30,,15,40.604,-80.548,0,12,6,0,1,1,0,1,1,1,0,1,0,0,99,99,99,99,99,99,0,0,0,1,0,0
54,540022,1,1,0,0,0,1,1,45,2547,13,2,2015,6,17,58,0,1,5,1,3,SR-44,,66,37.723,-81.998,0,30,0,0,1,1,0,4,1,1,0,1,0,0,99,99,99,99,88,88,0,0,0,1,1,2
54,540023,1,1,0,0,0,2,2,69,2830,14,2,2015,7,1,6,1,2,3,1,3,SR-2,,23,40.065,-80.714,0,24,0,0,1,1,0,4,2,1,0,1,0,0,99,99,99,99,99,99,0,0,0,1,1,2
54,540025,2,1,1,0,0,2,2,11,643,10,2,2015,3,13,57,0,2,6,1,2,US-60,CHARLEYS CREEK RD,262,38.419,-82.063,0,14,0,0,3,3,0,4,1,1,0,1,0,0,14,0,14,5,14,58,0,0,0,2,0,0
54,540026,1,1,0,0,0,1,1,37,2230,17,2,2015,3,20,50,0,1,5,1,4,CR-17,,41,39.327,-77.835,0,30,0,0,1,1,0,4,2,1,0,1,0,0,20,54,21,1,22,4,0,0,0,1,0,2
54,540027,2,2,0,0,0,2,2,101,0,25,2,2015,4,16,15,0,1,5,1,3,SR-20,,90,38.409,-80.553,0,12,2,0,1,1,0,1,1,1,0,1,0,0,99,99,99,99,99,99,0,0,0,1,0,2
54,540028,3,3,0,0,0,4,4,51,1020,17,2,2015,3,20,41,1,2,3,1,2,US-250,,326,39.934,-80.754,0,12,6,0,1,1,0,1,3,1,0,1,0,0,20,35,20,40,21,0,0,0,0,1,0,0
54,540030,1,1,0,0,0,2,2,69,0,28,2,2015,7,3,34,0,2,3,1,3,SR-88,,61,40.039,-80.672,0,35,0,0,1,1,0,4,3,1,0,1,0,0,3,36,3,42,4,23,0,0,0,1,1,1
54,540031,1,1,0,0,0,2,2,33,1161,1,3,2015,1,3,10,0,1,4,1,3,SR-20,,250,39.374,-80.348,0,30,0,0,1,1,0,4,2,1,0,1,0,0,99,99,99,99,99,99,0,0,0,1,1,2
54,540032,1,1,0,0,0,2,2,69,0,1,3,2015,1,11,45,1,1,3,1,1,I-70,,130,40.09,-80.537,0,35,0,0,1,1,0,4,1,4,0,4,0,0,11,48,12,0,88,88,0,0,0,1,1,0
54,540034,2,2,0,0,0,2,2,39,9997,4,3,2015,4,16,59,1,2,3,1,2,US-60,,74,38.371,-81.771,0,12,2,0,1,1,0,1,1,2,0,2,0,0,17,3,17,7,17,31,0,0,0,1,1,0
54,540035,1,1,0,0,0,4,4,39,480,6,3,2015,6,23,28,1,2,1,1,1,I-77,,980,38.335,-81.598,0,25,0,0,1,1,0,4,3,1,0,1,0,0,23,30,23,30,0,15,0,0,0,2,1,1
54,540036,1,1,0,1,1,1,1,73,2380,4,2,2015,4,19,6,1,1,3,1,3,SR-2,SYCAMORE ST,103,39.393,-81.203,0,8,0,0,2,2,0,1,3,1,0,1,0,0,19,11,19,11,88,88,0,0,0,1,0,2
54,540038,1,1,0,0,0,1,1,25,2340,10,3,2015,3,13,40,0,2,6,1,4,CR-41,,23,37.761,-80.44,0,16,0,0,1,1,0,1,1,2,0,2,0,0,99,99,99,99,88,88,0,0,0,1,0,2
54,540042,1,1,0,1,1,2,2,59,0,25,3,2015,4,3,43,1,1,3,1,2,US-119,,75,37.739,-82.329,0,8,0,0,1,1,0,1,2,1,0,1,0,0,99,99,99,99,99,99,0,0,0,1,0,0
54,540043,2,2,0,0,0,5,5,81,170,22,3,2015,1,11,47,1,1,1,1,1,I-77,,328,37.669,-81.115,0,12,2,0,1,1,0,1,1,1,0,1,0,0,11,57,12,12,12,35,0,0,0,1,0,0
54,540044,2,2,0,0,0,2,2,19,890,24,3,2015,3,17,0,1,2,3,1,2,US-19,WHITEWATER AVE,120,38.032,-81.123,0,12,1,0,3,2,0,1,1,1,0,1,0,0,99,99,99,99,88,88,0,0,0,1,0,0
54,540045,1,1,0,0,0,1,1,97,340,27,3,2015,6,5,8,1,2,3,1,2,US-33,,36,38.996,-80.247,0,1,0,0,1,1,0,3,2,2,0,2,0,0,5,8,5,12,88,88,0,0,0,1,0,0
54,540048,1,1,0,0,0,2,2,81,0,29,3,2015,1,4,0,0,1,4,1,3,SR-3,,257,37.781,-81.342,0,24,0,0,1,1,0,4,6,1,0,1,0,0,99,99,99,99,99,99,0,0,0,1,1,2
54,540049,1,1,0,0,0,1,1,79,1280,31,3,2015,3,8,34,1,2,1,1,1,I-64,,340,38.443,-82.013,0,57,0,0,1,1,0,3,1,1,0,1,0,0,8,35,8,39,8,53,0,0,0,1,0,1
54,540050,1,1,0,0,0,1,1,49,840,1,4,2015,4,14,55,1,1,1,1,1,I-79,,1420,39.519,-80.044,0,25,0,0,1,1,0,3,1,1,0,1,0,0,14,57,17,18,88,88,0,0,0,1,0,0
54,540051,2,2,0,0,0,2,2,59,680,1,4,2015,4,15,14,1,1,3,1,2,US-52,,296,37.663,-82.157,0,12,2,0,1,1,0,1,1,1,0,1,0,0,99,99,99,99,88,88,0,0,0,1,0,0
54,540054,2,2,0,0,0,2,2,11,1458,5,4,2015,1,21,30,1,2,3,1,3,SR-2,,84,38.477,-82.299,0,1,0,0,8,1,0,1,2,1,0,1,0,0,21,32,21,42,88,88,0,0,0,1,1,2
54,540055,2,2,0,0,0,2,2,31,1998,7,4,2015,3,9,46,0,1,5,1,2,US-220,,150,39.176,-78.938,0,12,6,0,7,1,0,1,1,1,0,1,0,0,99,99,99,99,88,88,0,0,0,1,0,0
54,540056,1,1,0,1,1,1,1,107,2040,8,4,2015,4,7,46,0,2,6,1,2,US-50,,3,39.267,-81.532,0,8,0,0,1,1,0,1,1,1,0,1,0,0,7,49,7,53,8,9,0,0,0,1,0,2
54,540057,1,1,0,0,0,2,2,5,2206,10,4,2015,6,23,41,0,1,5,1,3,SR-94,,15,38.144,-81.658,0,35,0,0,1,1,0,4,2,1,0,1,0,0,99,99,99,99,99,99,0,0,0,1,0,2
54,540058,1,1,0,0,0,2,2,109,1322,18,4,2015,7,18,49,0,1,4,1,3,SR-10,,316,37.67,-81.581,0,24,0,0,1,1,0,4,1,10,0,10,0,0,18,50,18,58,99,99,0,0,0,1,1,2
54,540059,1,1,0,0,0,1,1,107,2040,17,4,2015,6,0,56,1,1,1,1,1,I-77,,1813,39.325,-81.467,0,24,0,0,1,1,0,4,3,10,0,10,0,0,0,58,1,4,88,88,0,0,0,1,1,0
54,540060,1,1,0,0,0,1,1,23,0,22,4,2015,4,10,48,0,1,4,1,3,SR-42,,38,39.051,-79.111,0,34,0,0,1,1,0,4,1,1,0,1,0,0,10,49,10,51,11,18,0,0,0,1,0,1
54,540061,1,1,0,0,0,1,1,7,0,13,4,2015,2,16,22,1,1,1,1,1,I-79,,780,38.849,-80.665,0,21,0,0,1,1,0,3,1,1,0,1,0,0,99,99,99,99,88,88,0,0,0,1,0,0
54,540062,1,1,0,0,0,1,1,15,550,24,4,2015,6,7,30,0,1,5,1,3,SR-4,,109,38.475,-81.072,0,30,0,0,1,1,0,4,1,1,0,1,0,0,99,99,99,99,88,88,0,0,0,1,1,2
54,540063,1,1,0,0,0,1,1,55,1455,24,4,2015,6,12,57,0,1,4,1,3,SR-20,,242,37.493,-80.984,0,34,0,0,1,1,0,4,1,1,0,1,0,0,13,3,13,20,88,88,0,0,0,1,0,2
54,540067,1,1,0,0,0,8,8,7,944,30,4,2015,5,6,0,1,1,1,1,1,I-79,,480,38.621,-80.894,0,1,0,0,1,1,0,3,4,1,0,1,0,0,99,99,99,99,99,99,0,0,0,1,0,0
54,540068,2,2,0,0,0,3,3,19,195,13,4,2015,2,9,15,0,1,5,1,3,SR-39,SR-16,55,38.229,-81.194,0,12,6,0,2,3,0,1,1,1,0,1,0,0,9,21,9,39,10,0,0,0,0,1,0,2
54,540069,2,2,0,0,0,4,4,77,1410,14,4,2015,3,16,41,0,1,4,1,3,SR-7,,133,39.47,-79.675,0,12,2,0,1,1,0,1,1,1,0,1,0,0,99,99,99,99,99,99,0,0,0,1,0,2
54,540071,1,1,0,0,0,1,1,11,1270,24,4,2015,6,1,18,1,2,1,1,1,I-64,,90,38.388,-82.435,0,52,0,0,1,1,0,3,2,1,0,1,0,0,1,20,1,29,1,44,0,0,0,1,0,1
54,540072,2,2,0,0,0,2,2,61,1840,28,4,2015,3,10,14,0,2,4,1,2,US-119,,140,39.573,-79.948,0,12,6,0,1,1,0,1,1,1,0,1,0,0,10,47,11,0,11,11,0,0,0,1,0,0
54,540073,2,2,0,0,0,4,4,69,2630,23,4,2015,5,8,0,0,1,4,1,2,US-40,CALHOUN ST,83,40.052,-80.632,0,12,6,0,2,3,0,1,1,10,0,10,0,0,99,99,99,99,99,99,0,0,0,1,0,0
54,540074,1,1,0,1,1,1,1,39,2480,4,5,2015,2,19,55,0,2,4,1,2,US-60,PARK AVE,157,38.357,-81.724,0,8,0,0,2,2,0,1,3,1,0,1,0,0,99,99,99,99,88,88,0,0,0,1,0,0
54,540075,1,1,0,0,0,5,5,11,2003,6,5,2015,4,18,8,0,1,5,1,4,CR-11,,66,38.51,-82.219,0,1,0,0,1,1,0,4,1,1,0,1,0,0,18,16,18,41,19,13,0,0,0,1,0,2
54,540076,1,1,0,0,0,1,1,81,2470,6,5,2015,4,14,27,0,2,4,1,3,SR-16,W MAIN ST,105,37.707,-81.262,0,34,0,0,1,1,0,4,1,1,0,1,0,0,99,99,99,99,88,88,0,0,0,1,1,2
54,540077,1,1,0,0,0,1,1,87,2687,9,5,2015,7,20,25,0,1,5,1,2,US-119,,90,38.61,-81.385,0,11,0,0,1,1,0,1,5,1,0,1,0,0,99,99,99,99,99,99,0,0,0,1,0,0
54,540079,1,1,0,0,0,1,1,35,2310,15,5,2015,6,7,23,0,1,4,1,2,US-33,,158,38.816,-81.662,0,35,0,0,1,1,0,4,1,1,0,1,0,0,99,99,99,99,88,88,0,0,0,1,1,0
54,540080,2,2,0,0,0,2,2,57,353,8,5,2015,6,8,20,0,1,4,1,2,US-50,,187,39.328,-78.883,0,12,2,0,1,1,0,4,1,1,0,1,0,0,99,99,99,99,88,88,0,0,0,1,0,2
54,540081,1,1,0,0,0,2,2,57,353,18,5,2015,2,17,50,0,1,5,1,4,CR-9,,47,39.37,-78.977,0,34,0,0,1,1,0,4,1,1,0,1,0,0,99,99,99,99,99,99,0,0,0,2,0,2
54,540082,2,2,0,0,0,2,2,41,1242,11,5,2015,2,13,47,1,1,3,1,2,US-33,,223,39.013,-80.319,0,12,1,0,1,1,0,1,1,1,0,1,0,0,13,49,14,0,14,35,0,0,0,1,0,0
54,540083,2,2,0,0,0,2,2,19,195,11,5,2015,2,8,45,0,1,5,1,3,SR-39,,55,38.227,-81.157,0,12,7,0,8,1,0,1,1,1,0,1,0,0,99,99,99,99,88,88,14,0,0,1,0,2
54,540084,1,1,0,0,0,2,2,7,2884,20,5,2015,4,14,0,0,1,5,1,4,CR-9,,66,38.687,-80.916,0,1,0,0,1,1,0,4,1,1,0,1,0,0,99,99,99,99,99,99,0,0,0,1,0,2
54,540085,1,1,0,0,0,1,1,89,2141,21,5,2015,5,17,17,0,1,4,1,3,SR-20,,20,37.579,-80.912,0,42,0,0,1,1,0,4,1,2,0,2,0,0,99,99,99,99,88,88,0,0,0,1,0,2
54,540086,1,1,0,0,0,1,1,45,470,25,5,2015,2,2,17,0,1,5,1,3,SR-10,,335,38.007,-82.066,0,30,0,0,1,1,0,4,3,1,0,1,0,0,99,99,99,99,99,99,0,0,0,1,0,2
54,540089,1,1,0,0,0,1,1,7,944,28,5,2015,5,18,49,0,1,5,1,3,SR-4,,9,38.637,-80.864,0,35,0,0,1,1,0,4,1,1,0,1,0,0,18,56,19,17,19,48,0,0,0,1,1,2
54,540091,2,2,0,0,0,3,3,33,0,23,5,2015,7,19,9,0,1,5,1,3,SR-57,,12,39.172,-80.231,0,12,2,0,1,1,0,1,1,1,0,1,0,0,99,99,99,99,99,99,0,0,0,1,1,2
54,540093,3,3,0,0,0,4,4,61,1840,10,5,2015,1,13,49,1,1,1,1,1,I-79,,1595,39.698,-80.046,0,12,2,0,1,1,0,1,1,1,0,1,0,0,13,50,14,4,14,41,0,0,0,1,0,0
54,540094,2,2,0,0,0,2,2,101,2652,28,5,2015,5,6,50,0,1,5,1,3,SR-20,,101,38.401,-80.496,0,12,2,0,1,1,0,1,1,1,0,1,0,0,99,99,99,99,99,99,0,0,0,1,0,2
54,540095,1,1,0,0,0,1,1,47,0,4,6,2015,5,14,0,0,1,4,1,3,SR-16,,305,37.404,-81.624,0,24,0,0,1,1,0,4,1,1,0,1,0,0,99,99,99,99,88,88,0,0,0,1,0,2
54,540096,2,2,0,0,0,3,3,97,340,2,6,2015,3,14,12,1,1,3,1,2,US-33,KESLING MILL RD,96,38.981,-80.175,0,12,6,0,2,2,0,1,1,10,0,10,0,0,99,99,99,99,99,99,0,0,0,1,0,0
54,540097,1,1,0,1,1,1,1,1,180,1,6,2015,2,11,21,0,1,4,1,2,US-250,,52,39.016,-79.939,0,8,0,0,4,1,0,1,1,10,0,10,0,0,11,25,11,26,11,54,0,0,0,1,0,0
54,540098,1,1,0,1,1,1,1,103,1930,10,6,2015,4,23,15,1,2,3,1,3,SR-2,,83,39.644,-80.858,0,8,0,0,1,1,0,1,3,1,0,1,0,0,99,99,99,99,88,88,0,0,0,1,0,2
54,540099,1,1,0,0,0,2,2,97,2595,10,6,2015,4,2,0,0,1,5,1,4,CR-9,,60,38.879,-80.148,0,16,0,0,1,1,0,1,2,1,0,1,0,0,99,99,99,99,88,88,0,0,0,2,0,2
54,540101,1,1,0,0,0,1,1,39,0,18,6,2015,5,7,40,0,2,4,1,4,CR-21,,9,38.419,-81.67,0,23,0,0,1,1,0,4,1,1,0,1,0,0,7,46,7,51,9,11,0,0,0,1,0,2
54,540104,1,1,0,0,0,1,1,39,0,20,6,2015,7,18,39,1,2,3,1,2,US-60,,383,38.206,-81.411,0,35,0,0,1,1,0,4,1,2,0,2,0,0,99,99,99,99,88,88,0,0,0,1,0,0
54,540105,1,1,0,0,0,1,1,61,1840,25,6,2015,5,2,0,1,2,1,1,1,I-79,,1560,39.718,-80.061,0,11,0,0,1,1,0,1,2,1,0,1,0,0,2,4,2,10,88,88,0,0,0,1,0,0
54,540106,1,1,0,0,0,3,3,99,940,26,6,2015,6,14,5,1,1,3,1,2,US-52,,403,38.115,-82.582,0,35,0,0,1,1,0,4,1,1,0,1,0,0,99,99,99,99,99,99,0,0,0,1,0,0
54,540107,1,1,0,0,0,1,1,51,0,27,6,2015,7,4,36,0,1,5,1,4,CR-21,,196,39.892,-80.758,0,43,0,0,1,1,0,4,2,2,0,2,0,0,99,99,99,99,88,88,0,0,0,1,0,2
54,540108,1,1,0,0,0,1,1,73,829,30,6,2015,3,99,99,1,1,3,1,3,SR-2,,48,39.375,-81.277,0,42,0,0,1,1,0,4,4,1,0,1,0,0,99,99,99,99,99,99,0,0,0,1,0,2