STATE,ST_CASE,VE_TOTAL,VE_FORMS,PVH_INVL,PEDS,PERNOTMVIT,PERMVIT,PERSONS,COUNTY,CITY,DAY,MONTH,YEAR,DAY_WEEK,HOUR,MINUTE,NHS,RUR_URB,FUNC_SYS,RD_OWNER,ROUTE,TWAY_ID,TWAY_ID2,MILEPT,LATITUDE,LONGITUD,SP_JUR,HARM_EV,MAN_COLL,RELJCT1,RELJCT2,TYP_INT,WRK_ZONE,REL_ROAD,LGT_COND,WEATHER1,WEATHER2,WEATHER,SCH_BUS,RAIL,NOT_HOUR,NOT_MIN,ARR_HOUR,ARR_MIN,HOSP_HR,HOSP_MN,CF1,CF2,CF3,FATALS,DRUNK_DR,RANK
54,540109,1,1,0,0,0,3,3,7,0,7,5,2015,5,15,37,1,1,1,1,1,I-79,,825,38.886,-80.63,0,24,0,0,1,1,0,4,1,1,0,1,0,0,99,99,99,99,99,99,0,0,0,1,0,0
54,540110,3,3,0,0,0,3,3,103,0,3,6,2015,4,5,45,0,1,5,1,3,SR-69,,31,39.685,-80.447,0,12,8,0,1,1,0,1,4,1,0,1,0,0,99,99,99,99,99,99,0,0,0,1,1,2
54,540112,3,3,0,0,0,4,4,19,1031,18,6,2015,5,9,10,0,2,4,1,3,SR-16,,36,37.927,-81.157,0,12,6,0,1,1,0,1,1,1,0,1,0,0,99,99,99,99,99,99,0,0,0,2,0,2
54,540115,1,1,0,0,0,1,1,25,0,6,7,2015,2,9,26,1,1,1,1,1,I-64,,1630,37.858,-80.515,0,1,0,0,1,1,0,3,1,2,0,2,0,0,99,99,99,99,99,99,0,0,0,1,0,1
54,540116,1,1,0,0,0,1,1,79,1940,7,7,2015,3,20,34,1,2,1,1,1,I-64,,445,38.443,-81.838,0,25,0,0,1,1,0,3,5,2,0,2,0,0,99,99,99,99,99,99,0,0,0,1,0,1
54,540117,1,1,0,0,0,1,1,45,1610,11,7,2015,7,0,10,0,1,4,1,3,SR-10,,56,37.73,-81.842,0,34,0,0,1,1,0,4,2,1,0,1,0,0,99,99,99,99,99,99,0,0,0,1,1,2
54,540120,1,1,0,0,0,1,1,83,1290,17,7,2015,6,15,15,0,1,4,1,2,US-250,,80,38.655,-79.921,0,35,0,0,1,1,0,4,1,1,0,1,0,0,99,99,99,99,88,88,0,0,0,1,0,0
54,540121,2,2,0,0,0,3,3,3,1170,20,7,2015,2,17,24,1,1,3,1,3,SR-9,,63,39.554,-77.995,0,12,2,0,1,1,0,1,1,1,0,1,0,0,99,99,99,99,99,99,0,0,0,1,0,2
54,540122,1,1,0,0,0,1,1,19,1024,22,7,2015,4,1,20,0,1,4,1,2,US-60,,92,38.154,-81.215,0,39,0,0,1,1,0,4,2,1,0,1,0,0,99,99,99,99,88,88,0,0,0,1,1,0
54,540123,1,1,0,0,0,1,1,105,780,22,7,2015,4,18,45,0,1,5,1,3,SR-47,,31,39.127,-81.303,0,35,0,0,1,1,0,4,1,1,0,1,0,0,18,49,19,10,20,2,0,0,0,1,1,2
54,540128,2,2,0,0,0,3,3,39,2370,2,7,2015,5,7,11,0,2,4,1,4,CR-3,,36,38.383,-81.857,0,12,8,0,1,1,0,1,1,10,0,10,0,0,7,14,7,20,7,45,0,0,0,1,1,2
54,540129,2,2,0,0,0,2,2,37,1140,6,7,2015,2,18,11,0,2,4,1,3,SR-115,,20,39.252,-77.779,0,12,6,0,4,1,0,1,1,1,0,1,0,0,18,13,18,23,88,88,0,0,0,1,1,2
54,540130,2,2,0,0,0,3,3,11,1270,10,7,2015,6,3,26,1,2,1,1,1,I-64,,140,38.408,-82.363,0,12,1,0,1,1,4,1,2,1,0,1,0,0,99,99,99,99,99,99,0,0,0,1,1,1
54,540131,2,2,0,0,0,2,2,107,2040,12,7,2015,1,13,10,1,2,3,1,3,SR-14,GREEN ST,136,39.264,-81.559,0,12,6,0,2,4,0,1,1,10,0,10,0,0,13,12,13,15,13,30,0,0,0,1,0,2
54,540132,2,2,0,0,0,6,6,3,354,25,7,2015,7,3,10,0,2,4,1,2,US-11,,12,39.315,-78.065,0,12,1,0,1,1,0,1,2,1,0,1,0,0,3,38,3,54,4,13,20,0,0,2,1,0
54,540133,1,1,0,0,0,3,3,67,895,29,7,2015,4,11,18,0,1,5,1,3,SR-55,,61,38.274,-80.635,0,34,0,0,1,1,0,4,1,1,0,1,0,0,99,99,99,99,99,99,0,0,0,1,0,2
54,540135,6,5,1,0,0,8,8,11,1458,10,7,2015,6,12,30,1,2,3,1,3,SR-2,,90,38.517,-82.298,0,12,1,0,1,1,0,1,1,1,0,1,0,0,12,32,12,35,13,18,0,0,0,2,0,2
54,540140,1,1,0,0,0,3,3,101,2725,1,8,2015,7,20,19,0,1,5,1,3,SR-15,,293,38.524,-80.314,0,42,0,0,1,1,0,4,5,1,0,1,0,0,99,99,99,99,99,99,0,0,0,1,0,0
54,540141,1,1,0,0,0,1,1,89,2141,1,8,2015,7,19,25,0,1,4,1,3,SR-20,,35,37.55,-80.955,0,24,0,0,1,1,0,4,1,1,0,1,0,0,99,99,99,99,88,88,0,0,0,1,1,2
54,540142,1,1,0,1,1,1,1,81,1560,7,8,2015,6,1,30,1,2,3,1,3,SR-16,,153,37.757,-81.214,0,8,0,0,1,1,0,2,2,10,0,10,0,0,99,99,99,99,88,88,0,0,0,1,0,2
54,540145,1,1,0,0,0,1,1,35,1348,15,8,2015,7,23,47,0,1,5,1,4,CR-21,,196,38.618,-81.663,0,42,0,0,1,1,0,4,2,1,0,1,0,0,99,99,99,99,99,99,0,0,0,1,1,2
54,540147,1,1,0,0,0,1,1,59,1732,17,8,2015,2,21,30,0,1,5,1,4,CR-6,,45,37.632,-82.091,0,34,0,0,1,1,0,4,2,2,0,2,0,0,15,13,15,48,88,88,0,0,0,1,0,2
54,540148,5,4,1,1,1,7,7,107,2040,11,6,2015,5,13,58,1,1,3,1,2,US-50,,120,39.246,-81.475,0,12,1,0,1,1,1,1,1,1,0,1,0,0,14,2,14,10,14,28,14,0,0,1,0,2
54,540150,1,1,0,0,0,2,2,61,1840,19,8,2015,4,20,19,0,2,4,1,3,SR-7,,388,39.608,-79.883,0,5,0,0,1,1,0,1,1,1,0,1,0,0,20,23,20,34,88,88,0,0,0,1,1,2
54,540152,1,1,0,0,0,1,1,7,0,22,8,2015,7,21,20,0,1,5,1,3,SR-4,,233,38.69,-80.674,0,34,0,0,1,1,0,4,2,1,0,1,0,0,99,99,99,99,99,99,0,0,0,1,1,2
54,540153,1,1,0,0,0,1,1,81,0,22,8,2015,7,13,35,0,1,4,1,3,SR-3,,264,37.77,-81.28,0,34,0,0,1,1,0,4,1,1,0,1,0,0,99,99,99,99,99,99,0,0,0,1,0,2
54,540154,1,1,0,0,0,1,1,49,2320,23,8,2015,1,18,0,0,2,4,1,2,US-19,,159,39.552,-80.12,0,35,0,0,1,1,0,4,1,1,0,1,0,0,99,99,99,99,99,99,0,0,0,1,0,0
54,540156,2,2,0,0,0,2,2,33,740,3,8,2015,2,20,56,0,2,4,1,3,SR-58,PHILIPPI PIKE,28,39.264,-80.307,0,12,6,0,1,1,0,1,5,1,0,1,0,0,99,99,99,99,99,99,19,0,0,1,1,1
54,540160,2,2,0,0,0,2,2,3,1170,14,8,2015,6,12,29,1,1,3,1,3,SR-9,,46,39.554,-78.023,0,12,2,0,1,1,0,1,1,1,0,1,0,0,99,99,99,99,99,99,0,0,0,1,0,2
54,540162,2,2,0,0,0,2,2,97,340,19,8,2015,4,15,40,1,1,3,1,2,US-33,HARMAN RD,113,38.973,-80.124,0,12,6,0,2,2,0,1,1,1,0,1,0,0,99,99,99,99,88,88,0,0,0,1,0,0
54,540163,2,2,0,0,0,3,3,69,0,22,8,2015,7,0,19,1,1,1,1,1,I-70,,88,40.052,-80.597,0,12,2,0,1,1,0,1,2,1,0,1,0,0,99,99,99,99,99,99,0,0,0,2,0,1
54,540164,3,2,1,0,0,3,3,19,1730,2,8,2015,1,21,30,0,1,4,1,3,SR-20,,5,37.879,-80.827,0,12,2,0,1,1,0,1,2,1,0,1,0,0,99,99,99,99,99,99,0,0,0,1,1,2
54,540165,4,1,3,0,0,1,1,53,1465,6,8,2015,5,2,30,0,1,5,1,3,SR-62,,114,38.927,-81.913,0,34,0,0,1,1,0,4,2,1,0,1,0,0,88,88,88,88,88,88,14,0,0,1,1,0
54,540166,3,3,0,0,0,4,4,55,908,18,8,2015,3,10,22,1,1,1,1,1,I-77,,240,37.565,-81.113,0,12,7,0,1,1,4,1,1,10,0,10,0,0,10,25,10,46,11,26,0,0,0,1,0,0
54,540168,2,2,0,0,0,4,4,27,2522,29,8,2015,7,11,30,0,1,5,1,4,CR-3,,3,39.447,-78.688,0,12,2,0,1,1,0,1,1,1,0,1,0,0,99,99,99,99,99,99,0,0,0,1,0,2
54,540169,2,2,0,0,0,2,2,39,2370,31,8,2015,2,20,1,0,2,4,1,4,CR-3,,36,38.384,-81.856,0,12,1,0,1,1,0,1,5,1,0,1,0,0,20,2,20,8,20,53,0,0,0,1,1,2
54,540174,1,1,0,1,1,1,1,39,480,10,9,2015,5,0,30,1,2,3,1,2,US-119,,128,38.326,-81.714,0,8,0,0,1,1,0,4,3,10,0,10,0,0,0,36,0,45,1,4,0,0,0,1,0,0
54,540175,1,1,0,0,0,1,1,43,3000,12,9,2015,7,19,10,0,1,5,1,3,SR-3,,221,38.229,-81.967,0,24,0,0,1,1,0,4,1,1,0,1,0,0,19,11,19,23,19,40,0,0,0,1,0,2
54,540177,1,1,0,1,1,1,1,39,480,23,9,2015,4,4,59,1,2,3,1,2,US-119,,123,38.333,-81.711,0,9,0,0,1,1,0,1,2,5,0,5,0,0,5,5,5,5,5,26,0,0,0,1,0,0
54,540178,1,1,0,1,1,4,4,39,480,26,9,2015,7,19,35,1,2,3,1,3,SR-61,,220,38.317,-81.573,0,8,0,0,1,1,0,1,3,2,0,2,0,0,19,36,19,39,99,99,0,0,0,1,0,2
54,540181,2,2,0,0,0,2,2,79,1280,14,9,2015,2,13,41,0,1,5,1,2,US-60,,45,38.419,-82.031,0,12,2,0,1,1,0,1,1,1,0,1,0,0,13,43,13,53,99,99,0,0,0,1,0,0
54,540182,3,3,0,0,0,3,3,51,0,15,9,2015,3,15,42,1,1,3,1,3,SR-2,,139,39.877,-80.785,0,12,6,0,1,1,0,1,1,1,0,1,0,0,99,99,99,99,99,99,0,0,0,1,0,2
54,540183,2,2,0,0,0,5,5,73,1168,19,9,2015,7,16,45,0,1,5,1,4,CR-3,,125,39.379,-81.034,0,1,0,0,1,1,0,1,1,1,0,1,0,0,99,99,99,99,99,96,0,0,0,1,0,2
54,540184,2,2,0,0,0,3,3,61,592,20,9,2015,1,15,13,1,1,3,1,3,SR-7,PEDLAR RUN RD,225,39.68,-80.107,0,12,6,0,2,3,0,1,1,1,0,1,0,0,15,23,15,36,16,0,0,0,0,1,0,2
54,540185,2,2,0,0,0,3,3,61,1840,20,9,2015,1,13,5,1,2,3,1,2,US-119,SR-73,119,39.603,-79.965,0,12,2,1,2,4,0,1,1,1,0,1,0,0,99,99,99,99,99,99,0,0,0,1,1,0
54,540186,2,2,0,0,0,7,7,99,626,27,9,2015,1,15,5,1,1,3,1,2,US-52,SR-152,453,37.941,-82.421,0,12,6,0,2,2,0,1,1,2,0,2,0,0,99,99,99,99,99,99,0,0,0,1,0,0
54,540188,1,1,0,1,1,3,3,81,170,2,10,2015,6,6,45,0,2,4,1,3,SR-16,CENTRAL AVE,172,37.772,-81.195,0,8,0,0,2,2,0,1,2,10,0,10,0,0,99,99,99,99,99,99,0,0,0,1,0,2
54,540189,1,1,0,0,0,3,3,83,1130,2,10,2015,6,4,0,0,1,4,1,2,US-33,,338,38.916,-79.513,0,32,0,0,1,1,0,4,2,1,0,1,0,0,4,34,4,47,7,12,0,0,0,1,0,0
54,540190,1,1,0,0,0,1,1,39,965,9,10,2015,6,21,57,1,1,1,1,1,I-77,,740,38.129,-81.388,0,25,0,0,1,1,0,3,3,10,0,10,0,0,88,88,88,88,88,88,0,0,0,1,0,0
54,540191,1,1,0,0,0,1,1,39,1250,10,10,2015,7,14,30,1,2,3,1,2,US-60,,397,38.211,-81.375,0,33,0,0,1,1,0,3,1,1,0,1,0,0,88,88,88,88,88,88,0,0,0,1,0,0
54,540193,1,1,0,0,0,2,2,81,1022,12,10,2015,2,9,55,0,1,4,1,3,SR-3,,257,37.787,-81.341,0,1,0,0,1,1,0,4,1,1,0,1,0,0,99,99,99,99,88,88,0,0,0,2,0,2
54,540194,1,1,0,0,0,1,1,61,1840,18,10,2015,1,3,17,1,1,1,1,1,I-79,,1460,39.721,-80.062,0,34,0,1,19,1,0,4,6,1,0,1,0,0,3,21,3,31,4,8,0,0,0,1,0,0
54,540197,1,1,0,0,0,1,1,59,1700,28,10,2015,4,18,9,0,1,5,1,3,SR-65,,12,37.635,-82.147,0,38,0,0,1,1,0,4,1,1,0,1,0,0,18,17,18,36,19,22,0,0,0,1,0,0
54,540198,1,1,0,0,0,1,1,39,619,30,10,2015,6,15,5,0,2,4,1,3,SR-62,,62,38.401,-81.748,0,42,0,0,1,1,0,4,1,10,0,10,0,0,15,11,15,15,15,31,0,0,0,1,0,0
54,540200,1,1,0,0,0,1,1,3,1660,31,10,2015,7,6,28,0,2,4,1,2,US-11,,98,39.451,-77.978,0,43,0,0,1,1,0,4,2,1,0,1,0,0,99,99,99,99,88,88,0,0,0,1,0,0
54,540201,1,1,0,0,0,1,1,39,64,31,10,2015,7,3,28,0,2,4,1,4,CR-9,,35,38.298,-81.789,0,34,0,0,1,1,0,4,2,1,0,1,0,0,99,99,99,99,88,88,0,0,0,1,1,2
54,540202,2,2,0,0,0,3,3,107,2040,27,9,2015,1,20,24,1,1,3,1,3,SR-2,,291,39.328,-81.438,0,12,1,0,1,1,0,1,2,2,0,2,0,0,20,24,20,34,21,14,0,0,0,1,0,2
54,540205,2,2,0,0,0,2,2,11,1760,6,10,2015,3,13,40,1,2,1,1,1,I-64,,260,38.442,-82.131,0,12,7,0,1,1,0,1,1,1,0,1,0,0,13,42,13,45,14,12,0,0,0,1,0,1
54,540207,1,1,0,0,0,1,1,85,820,21,8,2015,6,20,50,0,1,6,1,4,CR-6,,25,39.304,-81.05,0,35,0,0,1,1,0,4,2,2,0,2,0,0,99,99,99,99,99,99,0,0,0,1,1,2
54,540208,2,2,0,0,0,2,2,55,1980,12,10,2015,2,19,30,1,1,3,1,2,US-460,,230,37.339,-80.97,0,1,0,0,1,1,0,1,2,1,0,1,0,0,99,99,99,99,88,88,0,0,0,1,0,0
54,540209,2,2,0,0,0,4,4,81,165,14,10,2015,4,18,5,1,1,1,1,1,I-64,,1360,37.78,-80.934,0,12,1,0,1,1,0,1,1,1,0,1,0,0,99,99,99,99,99,99,0,0,0,3,0,1
54,540210,2,2,0,0,0,2,2,39,480,15,10,2015,5,22,10,0,2,4,1,2,US-119,,186,38.366,-81.612,0,12,2,0,1,1,0,1,2,1,0,1,0,0,22,20,22,23,22,52,0,0,0,1,1,0
54,540211,2,2,0,0,0,6,6,99,1438,16,10,2015,6,18,30,0,1,5,1,3,SR-152,CHERRY LN,411,38.333,-82.454,0,12,2,0,2,3,0,1,1,1,0,1,0,0,99,99,99,99,99,99,0,0,0,3,0,1
54,540213,2,2,0,0,0,2,2,35,2310,19,10,2015,2,8,2,0,1,4,1,3,SR-62,,96,38.84,-81.789,0,12,2,0,1,1,0,1,1,1,0,1,0,0,8,3,8,11,8,27,0,0,0,1,0,0
54,540214,2,2,0,0,0,2,2,83,810,27,10,2015,3,18,45,1,2,3,1,2,US-33,HARRISON AVE,98,38.93,-79.851,0,12,6,0,2,2,0,1,3,2,0,2,0,0,18,46,18,54,99,99,0,0,0,1,0,0
54,540215,2,2,0,0,0,4,4,11,130,27,10,2015,3,20,8,1,2,1,1,1,I-64,,205,38.421,-82.25,0,57,0,0,1,1,0,3,2,2,0,2,0,0,20,24,20,29,20,58,0,0,0,2,0,1
54,540219,1,1,0,0,0,1,1,11,2003,9,11,2015,2,16,25,0,2,4,1,2,US-60,,173,38.424,-82.218,0,1,0,0,1,1,0,4,1,10,0,10,0,0,16,26,16,27,88,88,0,0,0,1,0,0
54,540221,1,1,0,0,0,1,1,37,490,11,11,2015,4,14,44,0,2,4,1,3,SR-115,,10,39.269,-77.84,0,31,0,0,1,1,0,4,1,1,0,1,0,0,14,45,14,48,99,99,0,0,0,1,0,2
54,540224,3,3,0,0,0,8,8,11,1458,6,11,2015,6,17,43,1,1,3,1,3,SR-2,FRAZIER LN,135,38.569,-82.282,0,12,1,0,2,2,0,1,2,1,0,1,0,0,17,44,18,0,18,14,0,0,0,1,0,2
54,540227,2,2,0,0,0,3,3,39,2439,18,11,2015,4,20,45,1,1,1,1,1,I-77,,1110,38.467,-81.646,0,12,6,0,1,1,0,1,2,2,0,2,0,0,20,48,20,52,21,38,0,0,0,1,0,0
54,540228,2,2,0,0,0,3,3,39,480,20,11,2015,6,10,0,0,2,4,1,2,US-119,,182,38.359,-81.641,0,33,0,0,1,1,0,4,1,1,0,1,0,0,99,99,99,99,99,99,0,0,0,1,0,0
54,540229,2,2,0,0,0,2,2,103,2153,24,11,2015,3,12,7,0,1,4,1,3,SR-20,,269,39.581,-80.76,0,12,2,0,1,1,0,1,1,1,0,1,0,0,99,99,99,99,99,99,0,0,0,1,1,2
54,540230,2,2,0,0,0,6,6,33,540,26,11,2015,5,15,0,0,2,4,1,2,US-19,,186,39.266,-80.374,0,12,8,0,1,1,0,1,1,1,0,1,0,0,99,99,99,99,99,99,0,0,0,1,0,0
54,540232,1,1,0,0,0,1,1,39,2370,19,11,2015,5,1,11,0,1,6,1,4,CR-42,,38,38.328,-81.693,0,30,0,0,1,1,0,4,2,2,0,2,0,0,99,99,99,99,99,99,99,99,99,1,1,2
54,540233,1,1,0,0,0,1,1,77,1890,3,12,2015,5,7,44,0,1,4,1,3,SR-92,,75,39.404,-79.834,0,24,0,0,1,1,0,4,2,1,0,1,0,0,99,99,99,99,88,88,0,0,0,1,0,2
54,540234,1,1,0,1,1,1,1,81,2411,19,11,2015,5,6,40,0,2,4,1,3,SR-3,,476,37.697,-81.082,0,8,0,0,1,1,0,1,1,1,0,1,0,0,99,99,99,99,99,99,0,0,0,1,0,2
54,540236,1,1,0,0,0,1,1,61,2691,7,12,2015,2,4,40,1,1,3,1,3,SR-7,,91,39.702,-80.277,0,24,0,0,1,1,0,4,2,1,0,1,0,0,4,45,5,15,6,10,0,0,0,1,1,2
54,540239,1,1,0,0,0,1,1,59,680,16,12,2015,4,20,23,1,1,3,1,2,US-52,,276,37.703,-82.194,0,32,0,0,1,1,0,4,2,1,0,1,0,0,99,99,99,99,99,99,0,0,0,1,0,0
54,540240,1,1,0,0,0,2,2,1,1330,24,12,2015,5,12,39,1,1,3,1,2,US-33,,15,38.961,-79.995,0,24,0,0,1,1,0,4,1,1,0,1,0,0,12,50,13,12,99,99,0,0,0,1,0,0
54,540241,1,1,0,0,0,1,1,71,950,26,12,2015,7,21,19,0,1,4,1,2,US-33,,410,38.668,-79.251,0,35,0,0,1,1,0,4,2,2,0,2,0,0,99,99,99,99,88,88,0,0,0,1,1,0
54,540242,1,1,0,0,0,2,2,23,1726,26,12,2015,7,16,5,0,1,4,1,3,SR-42,,120,39.117,-79.168,0,32,0,0,1,1,0,4,1,2,0,2,0,0,16,15,16,30,16,47,0,0,0,1,0,1
54,540243,2,2,0,0,0,6,6,53,105,7,12,2015,2,19,7,1,1,3,1,3,SR-2,JERRY'S RUN RD,56,38.645,-82.162,0,12,6,0,2,3,0,1,2,5,2,2,0,0,19,11,19,13,19,52,0,0,0,1,0,2
54,540244,2,2,0,0,0,2,2,99,1438,9,12,2015,4,14,41,0,1,5,1,3,SR-152,,223,38.327,-82.449,0,12,2,0,1,1,0,1,1,1,0,1,0,0,99,99,99,99,99,99,0,0,0,2,0,1
54,540246,2,2,0,0,0,3,3,27,2330,16,12,2015,4,15,49,0,1,4,1,3,SR-28,,184,39.377,-78.738,0,12,2,0,1,1,0,1,1,1,0,1,0,0,15,49,15,57,99,96,0,0,0,3,0,2
54,540247,2,2,0,0,0,2,2,35,1348,18,12,2015,6,8,10,1,1,1,1,1,I-77,,1240,38.666,-81.651,0,12,6,0,1,1,0,1,2,11,0,11,0,0,99,99,99,99,99,99,0,0,0,1,0,0
54,540248,2,2,0,0,0,2,2,37,490,18,12,2015,6,19,26,1,2,2,1,3,SR-9,CATTAIL RUN RD,124,39.274,-77.821,0,12,6,1,2,2,0,1,2,1,0,1,0,0,19,29,19,31,20,0,0,0,0,1,0,2
54,540249,2,2,0,0,0,3,3,27,410,31,12,2015,5,15,40,0,1,4,1,2,US-50,,268,39.285,-78.492,0,12,2,0,1,1,0,1,1,10,0,10,0,0,99,99,99,99,99,99,0,0,0,1,0,2
55,550002,2,2,0,0,0,3,3,79,3100,5,1,2015,2,2,6,1,2,1,1,1,I-94,,3186,42.933,-87.935,0,12,1,1,18,1,0,1,3,1,0,1,0,0,2,6,2,21,99,99,23,0,0,1,0,0
55,550003,3,3,0,0,0,3,3,35,0,7,1,2015,4,2,43,1,1,1,1,1,I-94,,750,44.724,-91.356,0,12,1,0,1,1,0,1,3,10,0,10,0,0,2,43,3,1,99,99,23,0,0,1,0,0
55,550004,2,2,0,0,0,2,2,111,0,8,1,2015,5,12,46,1,1,1,1,1,I-90,,986,43.549,-89.664,0,31,0,0,1,1,0,3,1,4,0,4,0,0,99,99,99,99,99,99,0,0,0,1,0,0
55,550005,3,3,0,0,0,5,5,15,0,9,1,2015,6,17,50,0,1,4,1,3,SR-55,US-151,99999,44,-88.307,0,12,6,0,1,1,0,1,2,10,0,10,0,0,17,52,99,99,88,88,0,0,0,1,0,2
55,550008,1,1,0,0,0,2,2,135,0,9,1,2015,6,9,4,1,1,3,1,2,US-10,,0,44.263,-88.912,0,24,0,0,1,1,0,3,1,11,0,11,0,0,99,99,99,99,99,99,0,0,0,1,0,0
55,550010,3,3,0,0,0,3,3,105,2320,9,1,2015,6,10,51,0,2,3,1,2,US-51,,0,42.711,-89.031,0,12,6,0,1,1,0,1,1,1,0,1,0,0,99,99,99,99,99,99,0,0,0,1,0,0
55,550013,1,1,0,0,0,1,1,33,0,15,1,2015,5,8,20,0,1,4,1,3,SR-64,,0,45.139,-91.983,0,1,0,0,1,1,0,4,1,1,0,1,0,0,8,32,8,55,88,88,0,0,0,1,0,2
55,550018,2,2,0,0,0,2,2,21,0,20,1,2015,3,5,46,0,1,4,1,2,US-51,,0,43.332,-89.334,0,12,6,0,1,1,0,1,2,12,0,12,0,0,5,47,99,99,99,99,0,0,0,1,0,0
55,550019,3,3,0,0,0,5,5,39,0,21,1,2015,4,13,39,1,1,3,1,3,SR-23,,0,43.783,-88.279,0,12,8,0,1,1,0,1,1,1,0,1,0,0,13,45,99,99,99,99,0,0,0,2,0,0
55,550026,2,2,0,0,0,2,2,101,0,27,1,2015,3,5,28,0,1,4,1,3,SR-75,,0,42.71,-88.111,0,12,2,0,1,1,0,1,2,10,0,10,0,0,5,30,5,36,6,20,0,0,0,1,0,1
55,550027,3,3,0,0,0,4,4,43,0,29,1,2015,5,6,30,1,1,3,1,3,SR-61,,0,42.872,-90.674,0,54,11,0,1,1,0,1,2,1,0,1,0,0,6,31,99,99,99,99,14,0,0,1,0,2
55,550031,2,2,0,0,0,2,2,77,0,10,2,2015,3,14,0,0,1,3,1,3,SR-23,28 ROAD,0,43.795,-89.381,0,12,2,0,1,1,0,1,1,1,0,1,0,0,99,99,99,99,99,99,0,0,0,2,0,0
55,550034,2,2,0,0,0,3,3,87,0,3,2,2015,3,9,50,0,1,4,1,3,SR-55,,0,44.459,-88.291,0,12,2,0,1,1,0,1,1,1,0,1,0,0,9,52,10,7,99,99,0,0,0,1,0,2
55,550035,2,2,0,0,0,3,3,73,0,4,2,2015,4,16,47,1,1,3,1,3,SR-13,,0,44.723,-90.25,0,12,6,0,1,1,0,1,1,1,0,1,0,0,16,48,16,56,99,99,0,0,0,3,1,2
55,550036,1,1,0,0,0,3,3,13,0,3,2,2015,3,17,25,0,1,5,1,3,SR-48,,0,45.664,-92.566,0,35,0,0,1,1,0,4,2,4,0,4,0,0,17,40,99,99,99,99,2,0,0,1,0,1
55,550040,2,2,0,0,0,4,4,75,0,10,2,2015,3,10,44,1,1,3,1,2,US-41,ACCESS 3 RD,0,45.067,-87.69,1,12,6,0,2,3,0,1,1,10,0,10,0,0,10,47,10,49,99,99,0,0,0,1,0,0
55,550041,2,2,0,0,0,2,2,129,4550,10,2,2015,3,17,41,0,2,3,1,3,SR-70,,0,45.82,-91.864,0,12,6,0,1,1,0,1,1,4,0,4,0,0,99,99,99,99,99,99,0,0,0,1,0,1
55,550045,2,2,0,0,0,3,3,45,0,23,2,2015,2,15,57,0,1,3,1,3,SR-69,,0,42.646,-89.632,0,12,2,0,1,1,0,1,1,1,0,1,0,0,15,59,16,7,16,31,0,0,0,1,0,2
55,550046,2,2,0,0,0,3,3,69,0,24,2,2015,3,13,32,0,1,4,1,3,SR-17,,0,45.202,-89.64,0,12,6,0,1,1,0,1,1,1,0,1,0,0,99,99,99,99,99,99,0,0,0,1,0,2
55,550047,2,2,0,0,0,3,3,131,0,17,2,2015,3,15,47,0,2,4,1,3,SR-83,,0,43.375,-88.351,0,12,1,0,8,1,0,1,1,1,0,1,1,0,15,52,15,59,99,99,0,0,0,1,0,2
55,550048,6,6,0,0,0,9,9,79,3100,23,1,2015,6,20,6,1,2,1,1,1,I-94,,0,43.031,-87.986,0,12,2,1,5,1,1,1,3,10,0,10,0,0,99,99,99,99,99,99,14,0,0,1,1,0
55,550051,1,1,0,0,0,1,1,105,0,15,2,2015,1,0,0,1,1,3,1,3,SR-11,PANN RD,0,42.632,-89.295,0,34,0,0,1,1,0,4,9,99,0,99,0,0,6,55,7,12,88,88,0,0,0,1,1,2
55,550053,2,2,0,0,0,2,2,51,0,27,2,2015,6,21,39,1,1,3,1,2,US-2,,0,46.475,-90.211,0,12,2,0,1,1,0,1,2,1,0,1,0,0,21,43,21,47,22,5,0,0,0,1,2,0
55,550054,2,2,0,0,0,6,6,137,0,15,2,2015,1,20,30,1,1,3,1,3,SR-21,CR-Z,0,44.055,-89.165,0,12,6,0,1,1,0,4,2,1,0,1,0,0,99,99,99,99,99,99,0,0,0,1,0,2
55,550056,2,2,0,0,0,2,2,9,0,3,3,2015,3,8,53,1,1,3,1,2,US-41,CR-U,0,44.357,-88.186,0,12,6,0,1,1,0,1,1,4,0,4,0,0,99,99,99,99,99,99,0,0,0,1,0,0
55,550058,2,2,0,0,0,2,2,97,0,4,3,2015,4,15,43,1,2,3,1,3,SR-54,MONROE AVE,0,44.448,-89.599,0,12,1,0,1,1,0,1,1,1,0,1,0,0,15,48,15,55,88,88,0,0,0,1,0,2
55,550061,1,1,0,0,0,1,1,121,0,8,3,2015,1,99,99,0,1,3,1,3,SR-53,,0,44.341,-91.288,0,34,0,0,1,1,0,4,2,1,0,1,0,0,88,88,88,88,88,88,0,0,0,1,1,2
55,550064,1,1,0,0,0,2,2,81,0,13,3,2015,6,19,9,0,1,5,1,3,SR-71,,0,44.097,-90.965,0,34,0,0,1,1,0,4,1,1,0,1,0,0,19,12,19,28,99,99,0,0,0,1,1,2
55,550065,1,1,0,0,0,2,2,25,2780,13,3,2015,6,19,17,1,2,3,1,2,US-51,,0,43.108,-89.317,0,52,0,0,1,1,0,3,5,10,0,10,0,0,19,17,19,24,19,48,0,0,0,1,1,0
55,550072,1,1,0,0,0,2,2,79,3100,18,3,2015,4,1,38,1,2,3,1,2,US-41,,0,43.075,-87.992,0,38,0,0,1,1,0,4,3,1,0,1,0,0,1,39,1,44,2,47,0,0,0,1,1,0