STATE,ST_CASE,VE_TOTAL,VE_FORMS,PVH_INVL,PEDS,PERNOTMVIT,PERMVIT,PERSONS,COUNTY,CITY,DAY,MONTH,YEAR,DAY_WEEK,HOUR,MINUTE,NHS,RUR_URB,FUNC_SYS,RD_OWNER,ROUTE,TWAY_ID,TWAY_ID2,MILEPT,LATITUDE,LONGITUD,SP_JUR,HARM_EV,MAN_COLL,RELJCT1,RELJCT2,TYP_INT,WRK_ZONE,REL_ROAD,LGT_COND,WEATHER1,WEATHER2,WEATHER,SCH_BUS,RAIL,NOT_HOUR,NOT_MIN,ARR_HOUR,ARR_MIN,HOSP_HR,HOSP_MN,CF1,CF2,CF3,FATALS,DRUNK_DR,RANK
55,550400,1,1,0,0,0,1,1,27,0,12,9,2015,7,17,31,0,1,4,1,3,SR-73,,0,43.499,-89,0,11,0,0,1,1,0,1,1,1,0,1,0,0,17,37,17,46,18,59,0,0,0,1,0,2
55,550401,1,1,0,0,0,1,1,17,0,20,11,2015,6,14,47,0,1,4,1,3,SR-27,,0,45.026,-91.147,0,1,0,0,1,1,0,4,1,10,0,10,0,0,99,98,99,98,99,98,0,0,0,1,1,2
55,550402,1,1,0,0,0,2,2,85,0,21,11,2015,7,0,20,0,1,5,3,5,RIVER RD,,0,45.667,-89.406,0,42,0,0,1,1,0,4,2,1,0,1,0,0,0,22,0,28,99,99,0,0,0,1,1,0
55,550411,3,3,0,0,0,3,3,83,0,23,11,2015,2,10,30,0,1,4,1,3,SR-64,,0,45.129,-88.414,0,12,2,0,1,1,0,1,1,1,0,1,0,0,99,99,99,99,99,96,0,0,0,1,0,2
55,550414,2,2,0,0,0,2,2,49,0,15,9,2015,3,6,58,0,1,7,4,3,SR-80,,0,43.184,-90.413,0,12,1,0,1,1,0,1,1,1,0,1,0,0,6,58,99,99,99,99,0,0,0,1,0,2
55,550423,1,1,0,0,0,3,3,115,0,9,10,2015,6,14,53,0,1,3,1,3,SR-29,,0,44.727,-88.446,0,34,0,1,19,1,0,8,1,1,0,1,0,0,14,56,15,1,15,55,0,0,0,1,0,2
55,550425,1,1,0,0,0,1,1,25,2780,23,11,2015,2,2,15,1,2,3,1,2,US-51,COTTAGE GROVE RD,0,43.084,-89.311,0,59,0,1,19,1,0,8,3,1,0,1,0,0,2,17,2,21,3,0,0,0,0,1,1,0
55,550428,1,1,0,0,0,3,3,21,0,28,11,2015,7,3,0,1,1,1,1,1,I-90,,1050,43.523,-89.54,0,1,0,0,1,1,0,3,2,1,0,1,0,0,99,99,99,99,99,99,0,0,0,1,1,0
55,550433,1,1,0,0,0,1,1,59,685,30,11,2015,2,18,16,0,2,4,1,2,US-45,,0,42.574,-88.047,0,30,0,0,1,1,0,4,2,2,0,2,0,0,99,99,99,99,99,99,0,0,0,1,0,0
55,550438,1,1,0,0,0,2,2,101,3224,10,10,2015,7,19,45,1,1,3,1,3,SR-32,25TH ST,0,42.699,-87.794,0,33,0,0,1,1,0,4,2,1,0,1,0,0,19,46,19,54,99,99,0,0,0,1,1,2
55,550440,2,2,0,0,0,2,2,39,5090,22,9,2015,3,8,0,1,1,3,1,3,SR-26,CR-TC,0,43.72,-88.676,0,12,6,0,2,2,0,1,1,1,0,1,0,0,8,4,8,8,88,88,0,0,0,1,0,1
55,550444,3,3,0,0,0,5,5,23,3890,11,10,2015,1,12,57,0,1,3,1,3,SR-35,MEADOW LN,0,43.082,-91.137,0,12,7,0,3,3,0,1,1,1,0,1,0,0,12,59,13,7,99,99,0,0,0,1,0,1
55,550446,1,1,0,1,1,1,1,79,3100,19,10,2015,2,21,52,1,2,1,1,1,I-94,,0,43.036,-87.939,0,8,0,0,1,1,0,1,3,1,0,1,0,0,21,54,22,6,88,88,0,0,0,1,0,0
55,550448,3,3,0,0,0,4,4,27,0,21,10,2015,4,19,4,0,1,4,1,3,SR-73,,0,43.456,-88.99,0,12,1,0,1,1,0,1,2,1,0,1,0,0,19,6,19,12,99,99,0,0,0,1,0,2
55,550451,4,4,0,0,0,10,10,25,0,18,10,2015,1,12,15,0,1,4,1,3,SR-19,,0,43.173,-89.107,0,12,8,0,1,1,0,1,1,1,0,1,0,0,12,17,12,26,99,99,0,0,0,1,0,2
55,550454,1,1,0,0,0,1,1,39,0,24,10,2015,7,20,50,0,1,4,1,2,US-45,,0,43.831,-88.466,0,42,0,0,1,1,0,4,2,1,0,1,0,0,99,98,99,98,88,88,0,0,0,1,1,0
55,550457,2,2,0,0,0,3,3,121,180,24,10,2015,7,23,35,0,1,5,1,3,SR-95,,0,44.258,-91.348,0,12,6,0,1,1,0,1,2,1,0,1,0,0,23,42,23,52,99,99,0,0,0,1,0,1
55,550460,2,2,0,0,0,2,2,21,1120,23,11,2015,2,17,10,0,2,4,1,3,SR-16,SR-60,0,43.35,-89.038,0,12,6,0,2,2,0,1,3,1,0,1,0,0,17,13,17,15,99,99,0,0,0,1,0,2
55,550463,2,2,0,0,0,2,2,19,0,14,10,2015,4,5,59,0,1,3,1,2,US-10,,0,44.598,-90.349,0,12,2,0,1,1,0,1,2,1,0,1,0,0,6,2,6,11,99,99,0,0,0,1,0,0
55,550464,2,1,1,0,0,1,1,73,0,1,12,2015,3,20,38,1,1,3,1,3,SR-29,,0,44.945,-90.081,0,14,0,1,19,1,0,2,2,10,0,10,0,0,20,41,20,55,99,99,23,0,0,1,0,2
55,550465,2,2,0,0,0,2,2,141,5400,28,10,2015,4,6,59,0,2,3,1,3,SR-13,SR-73,0,44.395,-89.832,0,12,2,0,2,2,0,1,3,2,0,2,0,0,7,1,7,3,7,30,0,0,0,1,0,2
55,550466,2,2,0,0,0,2,2,121,180,29,10,2015,5,5,30,1,1,3,1,3,SR-93,,0,44.279,-91.473,0,12,1,0,8,1,0,1,2,2,0,2,0,0,5,36,5,50,6,25,0,0,0,1,0,0
55,550467,1,1,0,0,0,2,2,109,4590,24,10,2015,7,18,56,1,1,3,1,3,SR-64,,0,45.124,-92.64,0,1,0,0,1,1,0,4,2,1,0,1,0,0,18,56,19,12,99,99,0,0,0,1,1,2
55,550469,2,2,0,0,0,2,2,43,3790,24,9,2015,5,15,4,0,1,4,1,3,SR-80,US-151 RAMP,0,42.713,-90.456,0,12,6,1,2,2,0,1,1,10,0,10,0,0,15,4,15,14,15,45,0,0,0,1,0,2
55,550471,1,1,0,0,0,1,1,141,2880,22,9,2015,3,23,58,1,1,3,1,2,US-10,,0,44.625,-90.084,0,59,0,0,1,1,0,4,2,10,0,10,0,0,23,58,0,8,88,88,0,0,0,1,1,0
55,550473,1,1,0,0,0,1,1,85,3115,23,9,2015,4,8,23,0,1,4,1,3,SR-70,,0,45.886,-89.826,0,42,0,0,1,1,0,4,1,10,0,10,0,0,8,24,8,36,88,88,0,0,0,1,1,2
55,550479,1,1,0,1,1,1,1,117,0,5,12,2015,7,6,45,1,1,3,1,3,SR-23,,0,43.767,-88.039,0,1,0,0,1,1,0,2,4,1,0,1,0,0,7,2,99,99,88,88,0,0,0,1,0,0
55,550482,2,2,0,0,0,2,2,125,2477,27,9,2015,1,21,16,0,1,5,1,3,SR-47,,0,45.976,-89.828,3,12,2,0,1,1,0,1,2,1,0,1,0,0,21,19,21,29,22,17,0,0,0,1,1,2
55,550486,1,1,0,1,1,1,1,57,3270,16,9,2015,4,1,0,1,1,3,1,3,SR-21,,0,44.025,-90.187,0,8,0,0,1,1,0,1,2,1,0,1,0,0,1,5,1,13,88,88,16,0,0,1,0,2
55,550487,2,2,0,0,0,2,2,65,0,14,12,2015,2,13,50,0,1,4,1,3,SR-81,,0,42.668,-90.277,0,12,2,0,1,1,0,1,1,10,0,10,0,0,99,99,99,99,99,99,0,0,0,1,0,2
55,550488,1,1,0,0,0,2,2,101,0,15,12,2015,3,4,59,0,1,4,1,3,SR-75,,0,42.705,-88.111,0,32,0,0,1,1,0,4,2,1,0,1,0,0,5,9,5,14,88,88,0,0,0,2,1,1
55,550490,1,1,0,0,0,1,1,21,2650,14,10,2015,4,10,30,0,1,5,1,3,SR-113,,0,43.344,-89.569,0,30,0,0,1,1,0,4,1,99,0,99,0,0,14,48,15,4,88,88,18,0,0,1,0,1
55,550491,1,1,0,0,0,2,2,117,0,10,12,2015,5,10,50,1,1,3,1,3,SR-23,DIVISION RD,0,43.772,-88.161,0,35,0,0,3,2,0,4,1,10,0,10,0,0,11,3,11,15,12,47,0,0,0,1,0,0
55,550496,1,1,0,0,0,1,1,121,180,28,9,2015,2,15,50,0,1,5,1,3,SR-95,,0,44.252,-91.46,0,42,0,0,1,1,0,5,1,2,0,2,0,0,15,56,16,0,88,88,0,0,0,1,1,1
55,550497,2,2,0,0,0,2,2,17,0,28,9,2015,2,20,20,1,1,3,1,3,SR-29,300TH ST,0,44.936,-91.066,0,12,6,0,2,2,0,1,2,1,0,1,0,0,20,22,20,29,99,98,0,0,0,1,1,2
55,550501,1,1,0,1,1,1,1,25,1200,28,9,2015,2,21,49,0,1,3,1,2,US-14,,0,43.093,-89.603,0,8,0,0,1,1,0,1,2,10,0,10,0,0,21,50,99,99,99,99,0,0,0,1,0,0
55,550502,3,3,0,0,0,3,3,99,0,14,12,2015,2,12,26,1,1,3,1,3,SR-13,,0,45.802,-90.429,0,12,8,0,1,1,0,1,1,3,0,3,0,0,12,26,12,48,13,8,0,0,0,1,0,2
55,550504,2,2,0,0,0,2,2,7,0,23,12,2015,4,11,56,1,1,3,1,2,US-2,,0,46.549,-91.307,0,12,6,0,1,1,0,1,1,4,0,4,0,0,11,57,12,10,88,88,0,0,0,1,0,0
55,550506,1,1,0,0,0,1,1,133,1305,23,12,2015,4,15,50,0,2,3,1,3,SR-83,,0,43.073,-88.364,0,35,0,0,1,1,0,4,1,10,0,10,0,0,15,50,15,54,88,88,24,0,0,1,1,2
55,550507,1,1,0,0,0,1,1,121,0,23,12,2015,4,18,10,0,1,4,1,3,SR-35,,0,44.046,-91.441,0,35,0,0,1,1,0,4,2,4,0,4,0,0,18,18,18,34,19,32,0,0,0,1,0,1
55,550509,2,2,0,0,0,3,3,115,0,24,12,2015,5,17,49,1,1,3,1,3,SR-29,ROCK RD,0,44.797,-88.878,0,12,6,0,2,2,0,1,2,10,0,10,0,0,17,52,18,9,18,59,0,0,0,1,0,2
55,550513,1,1,0,0,0,2,2,79,3100,13,12,2015,1,17,30,1,2,2,1,3,SR-145,FOND DU LAC AVE W,0,43.107,-87.998,0,46,0,1,19,1,0,4,3,2,0,2,0,0,99,99,99,99,99,99,0,0,0,1,1,1
55,550515,2,2,0,0,0,2,2,99,3750,13,12,2015,1,7,39,1,2,3,1,3,SR-13,,0,45.691,-90.399,0,12,2,0,1,1,0,1,1,10,0,10,0,0,7,39,7,40,99,99,0,0,0,1,0,2
55,550521,1,1,0,0,0,6,6,78,0,28,8,2015,6,22,15,0,1,4,1,3,SR-47,,0,44.98,-88.822,3,42,0,0,1,1,0,5,2,10,0,10,0,0,22,15,99,99,99,99,0,0,0,1,1,2
55,550525,2,2,0,0,0,3,3,113,2120,25,9,2015,6,6,40,1,2,3,1,2,US-63,,0,46.015,-91.482,0,12,1,0,8,1,0,1,3,1,0,1,0,0,99,99,99,99,88,88,0,0,0,1,0,0
56,560001,1,1,0,0,0,1,1,13,0,3,1,2015,7,99,99,1,1,3,1,2,US-26,,1091,43.082,-108.38,3,24,0,0,1,1,0,4,9,99,0,99,0,0,88,88,88,88,88,88,0,0,0,1,1,0
56,560003,1,1,0,0,0,5,5,21,0,4,1,2015,1,8,32,1,1,1,1,1,I-25,,341,41.472,-104.893,0,1,0,0,1,1,0,3,1,11,10,11,0,0,8,34,8,57,10,5,0,0,0,1,0,1
56,560007,1,1,0,0,0,1,1,19,0,28,1,2015,4,7,25,1,1,1,1,1,I-90,,665,44.277,-106.556,0,1,0,0,1,1,0,1,1,1,0,1,0,0,7,28,7,42,8,0,0,0,0,1,0,0
56,560009,1,1,0,0,0,5,5,13,0,11,1,2015,1,4,56,0,1,6,1,3,SR-138,,24,42.933,-108.517,0,38,0,0,1,1,0,4,2,1,0,1,0,0,5,4,5,17,5,45,0,0,0,1,1,1
56,560010,2,2,0,0,0,4,4,5,0,2,2,2015,2,13,45,0,1,5,1,3,SR-50,,241,44.018,-105.72,0,12,6,0,1,1,0,4,1,1,0,1,0,0,14,0,14,45,15,15,0,0,0,1,1,0
56,560011,1,1,0,0,0,1,1,17,0,14,2,2015,7,15,45,1,1,3,1,2,US-20,,1428,43.779,-108.183,0,35,0,0,1,1,0,4,1,1,0,1,0,0,15,49,16,0,16,5,0,0,0,1,1,0
56,560012,1,1,0,0,0,3,3,25,90,21,2,2015,7,6,30,1,2,1,1,1,I-25,,1895,42.866,-106.345,0,25,0,0,1,1,0,3,2,4,0,4,0,0,7,9,7,16,7,33,0,0,0,1,1,1
56,560018,1,1,0,0,0,1,1,25,0,20,3,2015,6,20,50,1,1,1,1,1,I-25,,1955,42.952,-106.331,0,1,0,0,1,1,0,3,2,1,0,1,0,0,20,53,21,5,88,88,0,0,0,1,1,1
56,560019,2,2,0,0,0,2,2,29,0,21,3,2015,7,18,5,0,1,5,1,3,SR-295,CR-L5,178,44.812,-108.76,0,12,6,0,2,2,0,1,1,6,0,6,0,0,18,7,18,12,18,33,0,0,0,1,0,1
56,560021,1,1,0,0,0,2,2,9,0,1,4,2015,4,3,0,1,1,1,1,1,I-25,,1430,42.78,-105.463,0,31,0,0,1,1,0,4,2,1,0,1,0,0,3,5,3,13,3,36,0,0,0,1,0,1
56,560022,1,1,0,0,0,1,1,13,0,1,4,2015,4,13,10,0,1,5,1,3,SR-135,,132,42.832,-108.232,0,1,0,0,1,1,0,2,1,1,0,1,0,0,13,16,13,35,88,88,0,0,0,1,0,1
56,560023,1,1,0,0,0,1,1,1,0,3,4,2015,6,17,45,0,1,5,1,3,SR-130,,302,41.329,-106.161,0,17,0,0,1,1,0,4,1,1,0,1,0,0,18,5,18,26,88,88,0,0,0,1,1,2
56,560024,1,1,0,0,0,2,2,13,0,3,4,2015,6,23,25,1,1,3,1,2,US-26,,1140,43.168,-108.722,3,1,0,0,1,1,0,4,2,1,0,1,0,0,23,25,23,42,23,45,0,0,0,1,1,0
56,560028,3,1,2,1,2,2,3,37,0,22,4,2015,4,9,0,1,1,1,1,1,I-80,,1548,41.631,-108.33,0,14,0,0,1,1,0,2,1,1,0,1,0,0,9,11,9,33,88,88,23,14,0,1,0,0
56,560029,1,1,0,0,0,1,1,33,0,23,4,2015,5,14,20,1,1,3,1,2,US-14,,711,44.805,-107.331,0,1,0,0,1,1,0,1,1,10,0,10,0,0,14,25,14,59,88,88,0,0,0,1,0,0
56,560031,19,18,1,1,3,25,27,1,0,20,4,2015,2,7,45,1,1,1,1,1,I-80,,2923,41.435,-105.904,0,12,6,0,1,1,0,1,1,4,5,4,0,0,8,4,8,33,9,15,27,14,0,2,0,0
56,560035,1,1,0,0,0,2,2,33,0,2,5,2015,7,20,52,1,1,1,1,1,I-90,,319,44.65,-106.869,0,1,0,0,1,1,0,3,2,1,0,1,0,0,21,3,21,11,21,42,0,0,0,1,1,0
56,560037,2,2,0,0,0,2,2,5,310,5,5,2015,3,21,42,1,2,1,1,1,I-90,,1201,44.274,-105.609,0,12,1,0,1,1,0,2,2,1,0,1,0,0,21,50,21,53,21,59,0,0,0,1,0,0
56,560038,1,1,0,0,0,2,2,23,0,8,5,2015,6,14,25,1,1,3,1,2,US-89,,778,42.622,-110.914,0,33,0,0,1,1,0,4,1,10,0,10,0,0,14,32,14,37,88,88,0,0,0,2,0,0
56,560039,2,2,0,0,0,2,2,15,0,12,5,2015,3,9,25,1,1,3,1,2,US-85,CR-10,627,41.646,-104.241,0,12,6,0,2,2,0,1,1,1,0,1,0,0,9,27,9,40,10,40,0,0,0,1,0,0
56,560040,2,2,0,0,0,2,2,9,0,14,5,2015,5,12,25,1,1,3,1,3,SR-59,,365,43.251,-105.276,0,12,1,0,8,1,0,1,1,1,0,1,0,0,12,25,12,53,88,88,0,0,0,1,0,2
56,560043,1,1,0,0,0,1,1,11,0,27,5,2015,4,19,40,0,1,5,1,3,SR-24,,380,44.646,-104.23,0,11,0,0,1,1,0,1,1,1,0,1,0,0,19,47,20,8,21,2,0,0,0,1,0,2
56,560044,1,1,0,0,0,3,3,19,0,31,5,2015,1,22,0,1,1,1,1,1,I-25,,2850,44.15,-106.649,0,31,0,0,1,1,0,4,2,1,0,1,0,0,22,12,22,26,23,49,0,0,0,1,0,1
56,560047,1,1,0,0,0,2,2,13,0,2,6,2015,3,17,11,1,1,3,1,2,US-26,,1221,43.221,-108.208,0,1,0,0,1,1,0,4,1,1,0,1,0,0,17,11,17,20,18,12,0,0,0,2,1,0
56,560048,1,1,0,1,1,1,1,5,0,3,6,2015,4,2,20,0,1,5,1,3,SR-51,,1412,44.278,-105.208,0,8,0,0,1,1,0,1,2,1,0,1,0,0,2,23,2,44,88,88,0,0,0,1,1,2
56,560049,2,2,0,0,0,7,7,9,0,5,6,2015,6,0,50,1,1,3,1,3,SR-59,,289,43.141,-105.259,0,12,6,0,1,1,0,1,2,5,0,5,0,0,99,99,99,99,99,99,0,0,0,1,0,2
56,560050,2,2,0,0,0,2,2,1,0,14,6,2015,1,10,10,1,1,1,1,1,I-80,,3179,41.278,-105.513,0,12,7,0,1,1,0,1,1,1,0,1,0,0,10,14,10,18,88,88,0,0,0,1,0,0
56,560052,1,1,0,1,1,2,2,7,0,18,6,2015,5,17,50,1,1,1,1,1,I-80,,2438,41.731,-106.666,0,24,0,0,1,1,4,4,1,1,0,1,0,0,17,51,18,10,88,88,0,0,0,1,1,0
56,560053,1,1,0,0,0,1,1,11,0,6,6,2015,7,14,0,0,1,5,1,3,SR-24,,240,44.702,-104.449,0,24,0,0,1,1,0,4,1,1,0,1,0,0,14,25,14,40,99,99,0,0,0,1,0,2
56,560054,1,1,0,0,0,2,2,7,0,23,6,2015,3,20,0,1,1,3,1,2,US-287,,415,42.333,-107.468,0,1,0,0,1,1,0,4,1,1,0,1,0,0,20,10,21,4,22,45,0,0,0,1,1,0
56,560055,2,2,0,0,0,5,5,21,0,24,6,2015,4,17,50,1,1,1,1,1,I-80,,3808,41.157,-104.457,0,12,1,0,1,1,0,1,1,1,0,1,0,0,17,58,18,18,88,88,26,0,0,3,0,1
56,560057,1,1,0,0,0,1,1,31,0,30,6,2015,3,6,25,1,1,1,1,1,I-25,,855,42.135,-105.001,0,1,0,0,1,1,4,3,1,1,0,1,0,0,6,27,6,38,88,88,0,0,0,1,0,1
56,560060,2,2,0,0,0,3,3,7,0,5,7,2015,1,17,0,1,1,3,1,2,US-287,,161,41.988,-107.36,0,12,6,0,1,1,0,1,1,10,2,2,0,0,17,3,17,19,18,22,0,0,0,1,0,0
56,560061,1,1,0,0,0,1,1,17,0,2,7,2015,5,22,25,1,1,3,1,2,US-20,,1229,43.516,-108.184,0,24,0,0,1,1,0,4,2,1,0,1,0,0,22,35,22,52,88,88,0,0,0,1,0,0
56,560062,1,1,0,0,0,2,2,9,0,10,7,2015,6,10,10,0,1,3,1,2,US-18,,30,42.665,-105.152,0,11,0,0,1,1,0,1,1,1,0,1,0,0,10,11,10,27,11,33,0,0,0,1,0,1
56,560063,1,1,0,0,0,2,2,3,0,16,7,2015,5,21,50,0,1,5,1,3,SR-295,SR-32,0,44.694,-108.584,0,31,0,0,3,3,0,4,3,1,0,1,0,0,22,53,23,10,23,32,0,0,0,1,1,1
56,560066,2,2,0,0,0,2,2,29,0,21,7,2015,3,14,0,0,1,4,1,3,SR-120,,1110,44.654,-109.175,0,12,6,0,1,1,0,1,1,2,0,2,0,0,14,10,14,14,14,48,0,0,0,1,0,1
56,560069,1,1,0,0,0,5,5,13,0,24,7,2015,6,9,45,0,1,4,1,3,SR-28,,333,42.373,-108.908,0,1,0,0,1,1,0,4,1,1,0,1,0,0,9,50,10,30,11,49,0,0,0,1,0,2
56,560070,2,2,0,0,0,2,2,41,0,25,7,2015,7,22,15,1,1,1,1,1,I-80,,240,41.298,-110.614,0,12,1,0,1,1,0,1,2,1,0,1,0,0,22,19,22,43,88,88,0,0,0,1,0,0
56,560073,2,2,0,0,0,2,2,5,310,29,7,2015,4,4,19,0,2,3,1,3,SR-59,,1094,44.246,-105.475,0,12,1,0,1,1,0,1,3,1,0,1,0,0,99,99,99,99,88,88,0,0,0,1,0,2
56,560074,2,2,0,0,0,12,12,13,0,31,7,2015,6,13,45,1,1,3,1,2,US-20,,780,43.379,-109.301,0,31,0,0,1,1,0,4,1,1,0,1,0,0,13,46,14,26,99,99,0,0,0,1,1,0
56,560075,1,1,0,0,0,5,5,9,0,29,7,2015,4,22,35,1,1,1,1,1,I-25,,1295,42.691,-105.243,0,1,0,0,1,1,0,4,2,1,0,1,0,0,22,37,22,48,23,20,0,0,0,1,0,1
56,560076,1,1,0,0,0,2,2,37,0,19,7,2015,1,11,17,0,1,4,1,2,US-191,,5240,41.242,-109.2,0,1,0,0,1,1,0,1,1,1,0,1,0,0,11,18,11,50,13,12,0,0,0,1,0,0
56,560079,1,1,0,0,0,1,1,25,0,2,8,2015,1,6,55,0,1,5,1,3,SR-251,,82,42.749,-106.323,0,42,0,0,1,1,0,4,1,1,0,1,0,0,6,59,7,11,88,88,0,0,0,1,1,2
56,560080,3,3,0,0,0,3,3,37,350,3,8,2015,2,11,40,1,2,1,1,1,I-80,,900,41.537,-109.469,0,12,6,0,1,1,1,1,1,1,0,1,0,0,11,44,11,50,88,88,0,0,0,1,0,0
56,560081,3,3,0,0,0,6,6,27,0,7,8,2015,6,10,0,1,1,3,1,2,US-85,,1870,43.269,-104.297,0,12,2,0,1,1,0,1,1,1,0,1,0,0,10,1,10,35,11,24,0,0,0,2,0,0
56,560082,2,2,0,0,0,3,3,5,0,7,8,2015,6,14,25,0,1,5,1,3,SR-50,SR-387,526,43.617,-105.786,0,12,6,0,2,2,0,1,1,1,0,1,0,0,14,30,14,55,88,88,0,0,0,1,0,0
56,560083,1,1,0,0,0,1,1,41,0,7,8,2015,6,15,40,1,1,1,1,1,I-80,,522,41.427,-110.127,0,1,0,0,1,1,0,1,1,1,0,1,0,0,99,99,99,99,88,88,0,0,0,1,0,0
56,560085,1,1,0,0,0,2,2,29,0,17,8,2015,2,14,50,0,6,96,96,2,US-212,,302,44.971,-109.445,0,1,0,0,1,1,0,4,1,4,2,4,0,0,15,5,16,37,99,99,0,0,0,1,0,0
56,560086,1,1,0,0,0,1,1,1,470,21,8,2015,6,13,52,1,2,1,1,1,I-80,,3167,41.291,-105.528,0,59,0,0,1,1,0,4,1,1,0,1,0,0,14,0,14,4,14,17,0,0,0,1,0,0
56,560089,2,2,0,0,0,3,3,37,0,24,8,2015,2,16,5,1,1,3,1,2,US-191,,510,42.257,-109.47,0,12,2,0,1,1,0,1,1,10,0,10,0,0,16,19,16,39,17,59,0,0,0,2,0,0
56,560090,2,2,0,0,0,3,3,23,0,25,8,2015,3,15,52,1,1,3,1,2,US-89,,944,42.847,-110.981,0,12,2,0,1,1,0,1,1,1,0,1,0,0,16,5,16,16,17,0,0,0,0,2,0,0
56,560091,1,1,0,0,0,7,7,13,0,29,8,2015,7,19,20,0,1,5,1,3,SR-132,,125,43.1,-108.754,3,1,0,0,1,1,1,4,5,1,0,1,0,0,19,29,19,52,20,58,0,0,0,1,1,1
56,560093,2,2,0,0,0,2,2,7,0,30,8,2015,1,23,10,1,1,3,1,2,US-287,,268,42.135,-107.427,0,12,2,0,1,1,0,1,2,1,0,1,0,0,23,99,23,99,88,88,0,0,0,2,1,0
56,560096,3,3,0,0,0,4,4,25,0,1,9,2015,3,19,5,1,1,3,1,2,US-20,,250,43.001,-106.72,0,12,6,0,1,1,0,1,1,1,0,1,0,0,19,6,19,25,20,1,0,0,0,1,1,0
56,560099,1,1,0,0,0,1,1,19,0,7,9,2015,2,17,8,1,1,1,1,1,I-90,,700,44.26,-106.49,0,1,0,0,1,1,0,4,1,1,0,1,0,0,99,99,99,99,88,88,0,0,0,1,0,0
56,560100,1,1,0,0,0,2,2,37,0,7,9,2015,2,14,27,1,1,1,1,1,I-80,,610,41.505,-109.993,0,1,0,0,1,1,0,1,1,1,0,1,0,0,99,99,14,54,99,99,0,0,0,1,0,0
56,560101,2,2,0,0,0,2,2,25,0,18,9,2015,6,23,30,0,1,5,1,2,US-20,,1778,42.854,-106.101,0,12,2,0,1,1,0,1,2,1,0,1,0,0,23,31,23,46,0,11,0,0,0,1,2,0
56,560104,1,1,0,0,0,2,2,25,0,3,10,2015,7,4,25,1,1,1,1,1,I-25,,2046,43.086,-106.337,0,24,0,0,1,1,0,3,2,10,0,10,0,0,4,27,4,41,5,6,0,0,0,1,1,1
56,560105,1,1,0,0,0,1,1,21,0,10,10,2015,7,6,25,0,1,5,1,3,SR-210,,127,41.156,-105.057,0,31,0,0,1,1,0,4,1,1,0,1,0,0,6,43,6,58,88,88,0,0,0,1,0,2
56,560107,1,1,0,0,0,1,1,7,0,17,10,2015,7,4,0,0,1,5,1,3,SR-70,,284,41.109,-107.226,0,1,0,0,1,1,0,4,2,1,0,1,0,0,5,0,5,37,88,88,0,0,0,1,1,2
56,560108,1,1,0,0,0,1,1,1,0,19,10,2015,2,15,0,0,1,4,1,3,SR-34,,134,41.695,-105.508,0,1,0,0,1,1,0,4,1,1,0,1,0,0,15,4,15,35,88,88,0,0,0,1,1,2
56,560111,1,1,0,0,0,1,1,3,0,22,10,2015,5,17,0,1,1,3,1,2,US-14,,839,44.487,-108.458,0,1,0,0,1,1,0,4,1,1,0,1,0,0,17,15,17,35,18,12,0,0,0,1,1,0
56,560112,1,1,0,0,0,2,2,13,0,31,10,2015,7,99,99,0,1,5,1,3,SR-134,,76,43.186,-108.397,0,31,0,0,1,1,0,4,2,1,0,1,0,0,7,37,7,52,8,28,0,0,0,1,1,1
56,560113,1,1,0,0,0,1,1,9,0,27,10,2015,3,6,48,0,1,5,1,3,SR-93,CR-31,182,42.959,-105.613,0,31,0,0,3,4,0,4,2,2,0,2,0,0,6,48,7,7,7,99,0,0,0,1,0,0
56,560118,1,1,0,0,0,1,1,31,0,14,11,2015,7,22,0,1,1,1,1,1,I-25,,550,41.794,-104.792,0,11,0,0,1,1,0,1,2,1,0,1,0,0,8,3,8,21,88,88,0,0,0,1,0,1
56,560119,2,2,0,0,0,2,2,13,0,14,11,2015,7,15,9,1,1,3,1,2,US-26,,1091,43.083,-108.379,0,12,2,0,1,1,0,1,1,1,0,1,0,0,15,11,15,20,15,51,0,0,0,1,1,0
56,560122,2,2,0,0,0,2,2,37,0,19,11,2015,5,16,30,1,1,1,1,1,I-80,,1102,41.607,-109.144,0,12,7,0,1,1,0,1,1,1,0,1,0,0,99,99,99,99,88,88,0,0,0,1,1,0
56,560123,1,1,0,1,1,2,2,39,0,23,11,2015,2,17,55,1,1,3,1,2,US-26,,1496,43.426,-110.778,0,8,0,0,1,1,0,1,2,1,0,1,0,0,17,54,18,2,88,88,0,0,0,1,0,0
56,560124,1,1,0,0,0,5,5,33,0,24,11,2015,3,0,5,1,1,1,1,1,I-90,,170,44.876,-106.999,0,1,0,0,1,1,0,1,2,1,0,1,0,0,0,22,0,28,0,42,0,0,0,1,0,0
56,560125,2,2,0,0,0,2,2,1,0,6,12,2015,1,0,4,1,1,3,1,2,US-30,,3115,41.542,-105.675,0,12,2,0,1,1,0,1,2,1,0,1,0,0,0,11,0,28,2,9,0,0,0,1,0,0
56,560128,2,2,0,0,0,2,2,21,100,13,12,2015,1,11,50,1,2,3,1,2,US-30,REESE RD,3691,41.159,-104.694,0,12,6,0,2,2,0,1,1,1,0,1,0,0,11,54,12,2,12,32,0,0,0,1,0,0
56,560129,2,2,0,0,0,4,4,21,0,14,12,2015,2,23,5,0,1,3,1,2,US-85,,533,41.531,-104.329,0,12,6,0,1,1,0,1,2,4,0,4,0,0,23,12,23,55,0,18,0,0,0,1,0,0
56,560130,1,1,0,0,0,1,1,33,0,19,12,2015,7,21,55,1,1,3,1,2,US-14,,760,44.824,-107.328,0,1,0,0,1,1,0,1,2,1,0,1,0,0,21,59,22,25,1,16,0,0,0,1,0,0