STATE,ST_CASE,VE_TOTAL,VE_FORMS,PVH_INVL,PEDS,PERNOTMVIT,PERMVIT,PERSONS,COUNTY,CITY,DAY,MONTH,YEAR,DAY_WEEK,HOUR,MINUTE,NHS,RUR_URB,FUNC_SYS,RD_OWNER,ROUTE,TWAY_ID,TWAY_ID2,MILEPT,LATITUDE,LONGITUD,SP_JUR,HARM_EV,MAN_COLL,RELJCT1,RELJCT2,TYP_INT,WRK_ZONE,REL_ROAD,LGT_COND,WEATHER1,WEATHER2,WEATHER,SCH_BUS,RAIL,NOT_HOUR,NOT_MIN,ARR_HOUR,ARR_MIN,HOSP_HR,HOSP_MN,CF1,CF2,CF3,FATALS,DRUNK_DR,RANK
1,10001,1,1,0,0,0,1,1,73,1716,1,1,2016,6,9,25,1,2,1,1,1,I-65,,2530,33.426,-86.82,0,42,0,0,1,1,0,5,1,1,0,1,0,0,9,31,9,36,88,88,0,0,0,1,1,1
1,10002,1,1,0,0,0,2,2,73,1716,10,1,2016,1,19,59,1,2,1,1,1,I-65,I-459 RAMP,2500,33.4,-86.787,0,1,0,1,5,1,0,4,3,1,0,1,0,0,99,99,20,5,99,99,0,0,0,1,1,1
1,10003,2,1,1,0,1,1,2,73,0,1,1,2016,6,2,20,1,1,1,1,1,I-59,,1417,33.649,-86.607,0,14,0,0,1,1,0,4,3,10,0,10,0,0,99,99,2,31,88,88,0,0,0,1,0,1
1,10004,1,1,0,0,0,1,1,73,0,17,1,2016,1,21,45,1,1,1,1,1,I-65,,2543,33.43,-86.822,0,25,0,0,1,1,0,3,3,1,0,1,0,0,99,99,21,57,99,99,0,0,0,1,1,1
1,10005,1,1,0,0,0,1,1,73,3125,26,1,2016,3,20,7,1,2,1,1,1,I-65,,2530,33.412,-86.806,0,42,0,0,1,1,0,5,3,2,0,2,0,0,20,7,20,10,88,88,0,0,0,1,0,1
1,10006,1,1,0,0,0,1,1,109,0,1,1,2016,6,1,10,0,1,4,1,3,SR-87,,520,31.721,-85.96,0,42,0,0,1,1,0,4,2,10,0,10,0,0,99,99,1,31,88,88,0,0,0,1,0,1
1,10008,1,1,0,0,0,1,1,83,0,4,1,2016,2,17,30,0,1,5,1,3,SR-127,,108,34.965,-87.015,0,32,0,0,1,1,0,4,2,1,0,1,0,0,17,36,17,50,88,88,0,0,0,1,1,2
1,10009,2,2,0,0,0,4,4,103,2545,4,1,2016,2,5,37,1,1,3,1,3,SR-67,,310,34.5,-86.854,0,12,2,0,1,1,0,1,2,1,0,1,0,0,99,99,5,50,99,99,0,0,0,2,0,2
1,10012,1,1,0,0,0,2,2,93,1540,6,1,2016,4,14,20,0,1,3,2,4,CR-11,,0,34.124,-88.045,0,42,0,0,1,1,0,4,1,1,0,1,0,0,99,99,14,26,99,99,0,0,0,1,0,2
1,10013,1,1,0,2,2,1,1,55,0,7,1,2016,5,16,55,1,1,1,1,1,I-59,,1785,33.968,-86.121,0,8,0,0,1,1,1,2,5,10,0,10,0,0,17,5,17,26,18,4,15,0,0,1,0,1
1,10014,2,2,0,0,0,5,5,97,2100,8,1,2016,6,0,35,1,2,3,1,3,SR-163,DAVID DR,0,30.625,-88.088,0,12,2,0,1,1,0,1,3,10,0,10,0,0,99,99,0,41,99,99,0,0,0,1,1,2
1,10019,1,1,0,0,0,7,7,103,0,13,1,2016,4,16,35,1,1,3,1,2,US-SR 53,,3020,34.516,-86.594,0,34,0,0,1,1,0,4,1,1,0,1,0,0,16,42,16,46,17,9,0,0,0,1,0,0
1,10021,2,2,0,0,0,3,3,79,0,13,1,2016,4,7,30,1,1,4,1,3,SR-36,SR-157,80,34.417,-87.162,0,12,6,0,2,2,0,1,1,1,0,1,0,0,7,38,7,44,8,0,0,0,0,1,0,1
1,10023,1,1,0,0,0,2,2,83,9997,14,1,2016,5,4,35,0,1,4,1,3,SR-127,,39,34.875,-86.981,0,34,0,0,1,1,0,4,2,1,0,1,0,0,99,99,4,55,88,88,0,0,0,2,0,2
1,10025,2,2,0,0,0,4,4,15,0,15,1,2016,6,21,45,1,1,3,1,2,US-SR 1,OLD ANNISTON GADSDEN HWY,2494,33.886,-85.917,0,12,6,0,2,2,0,1,2,5,0,5,0,0,99,99,22,2,99,99,0,0,0,1,1,0
1,10029,2,2,0,0,0,2,2,123,0,14,1,2016,5,11,54,0,1,4,1,3,SR-49,,518,33.092,-85.779,0,12,2,0,1,1,0,1,1,1,0,1,0,0,12,15,12,41,99,99,0,0,0,1,0,1
1,10031,3,3,0,0,0,4,4,51,2063,21,1,2016,5,14,24,0,1,4,1,3,SR-14,,0,32.504,-86.388,0,12,8,0,1,1,0,1,1,10,0,10,0,0,14,24,14,35,15,7,0,0,0,1,0,2
1,10034,2,2,0,0,0,4,4,83,0,22,1,2016,6,16,40,1,1,3,1,3,SR-53,,3389,34.976,-86.805,0,12,6,0,1,1,0,1,1,4,0,4,0,0,16,43,16,51,88,88,0,0,0,1,0,2
1,10036,1,1,0,1,1,1,1,125,3050,23,1,2016,7,18,54,1,1,3,1,2,US-SR 6,,540,33.166,-87.525,0,8,0,0,1,1,0,1,3,1,0,1,0,0,99,99,19,0,99,99,0,0,0,1,0,1
1,10037,1,1,0,0,0,1,1,13,0,25,1,2016,2,13,30,0,1,5,1,2,US-SR 3,,1245,31.655,-86.712,0,1,0,0,1,1,0,4,1,10,0,10,0,0,99,99,13,40,88,88,0,0,0,1,0,1
1,10038,2,2,0,0,0,2,2,21,0,26,1,2016,3,12,15,1,1,3,1,2,US-SR 6,,1110,32.708,-86.822,0,12,2,0,1,1,0,1,1,1,0,1,0,0,12,21,12,42,99,99,0,0,0,1,0,1
1,10042,2,2,0,0,0,3,3,19,0,30,1,2016,7,19,35,0,1,4,1,3,SR-68,CR-3,241,34.239,-85.811,0,12,2,0,2,2,0,1,2,1,0,1,0,0,99,99,19,41,99,99,0,0,0,1,1,2
1,10043,1,1,0,0,0,1,1,91,0,31,1,2016,1,3,45,1,1,3,1,3,SR-13,,1072,32.133,-87.782,0,42,0,0,1,1,0,5,2,1,0,1,0,0,99,99,4,15,88,88,0,0,0,1,1,2
1,10044,1,1,0,0,0,2,2,77,0,2,2,2016,3,14,5,0,1,5,2,4,CR-2,,0,34.79,-87.753,0,35,0,0,1,1,0,4,1,10,0,10,0,0,99,99,14,19,99,99,0,0,0,1,0,2
1,10045,1,1,0,0,0,1,1,55,190,7,2,2016,1,17,15,1,2,1,1,1,I-59,,1807,33.991,-86.092,0,1,0,0,1,1,0,3,5,1,0,1,0,0,17,30,17,33,88,88,0,0,0,1,0,1
1,10046,2,1,1,0,1,2,3,101,2130,7,2,2016,1,6,15,1,2,1,1,1,I-85,,120,32.368,-86.121,0,14,0,0,1,1,0,2,1,1,0,1,0,0,99,99,6,36,99,99,0,0,0,1,0,1
1,10049,2,2,0,0,0,5,5,87,0,14,2,2016,1,11,47,1,1,1,1,1,I-85,,445,32.506,-85.606,0,12,6,0,1,1,0,1,1,1,0,1,0,0,99,99,12,15,99,99,0,0,0,1,0,1
1,10050,2,2,0,0,0,2,2,15,0,12,2,2016,6,5,40,1,2,1,1,1,I-20,,1904,33.614,-85.747,0,12,1,0,1,1,0,1,2,1,0,1,0,0,99,99,99,99,88,88,0,0,0,1,0,1
1,10051,2,2,0,0,0,3,3,117,1716,27,1,2016,4,18,27,0,1,4,1,3,SR-119,BROOK HIGHLAND PKWY,284,33.426,-86.669,0,12,6,0,2,2,0,1,3,1,0,1,0,0,99,99,18,31,99,99,0,0,0,1,0,2
1,10052,1,1,0,1,1,3,3,7,460,30,1,2016,7,1,25,1,1,3,1,3,SR-5,,860,32.942,-87.176,0,8,0,0,1,1,0,1,3,1,0,1,0,0,99,99,1,33,88,88,0,0,0,1,0,1
1,10054,2,2,0,0,0,2,2,43,0,1,2,2016,2,22,25,1,1,3,1,3,SR-157,PINE HILL RD,70,34.218,-86.895,0,12,1,0,2,3,0,1,2,10,0,10,0,0,99,99,99,99,88,88,0,0,0,1,0,2
1,10057,2,2,0,0,0,3,3,51,2063,4,2,2016,5,21,50,0,1,7,1,3,SR-14,I-65,1578,32.489,-86.408,0,12,6,1,2,2,0,1,3,1,0,1,0,0,99,99,21,55,99,99,0,0,0,1,0,2
1,10060,2,2,0,0,0,3,3,43,0,7,2,2016,1,15,23,0,1,4,1,3,SR-69,,2243,33.958,-87.005,0,12,2,0,1,1,0,1,1,1,0,1,0,0,15,30,15,47,16,6,0,0,0,2,0,2
1,10062,1,1,0,0,0,1,1,51,0,9,2,2016,3,16,17,0,1,4,1,3,SR-111,,96,32.631,-86.301,0,34,0,0,1,1,0,4,1,1,0,1,0,0,99,99,16,28,99,99,0,0,0,1,0,1
1,10065,2,2,0,1,1,3,3,3,0,11,2,2016,5,1,5,0,1,4,1,2,US-SR 3,,88,30.72,-87.802,0,9,0,0,1,1,0,1,2,1,0,1,0,0,1,7,1,10,99,99,0,0,0,1,0,1
1,10066,1,1,0,0,0,1,1,89,0,7,2,2016,1,19,25,1,1,3,1,2,US-SR 1,KNOWLEDGE DR,3499,34.934,-86.572,0,30,0,0,3,2,0,4,3,1,0,1,0,0,99,99,19,34,99,99,0,0,0,1,1,0
1,10068,1,1,0,0,0,1,1,127,0,10,2,2016,4,16,30,0,1,4,1,3,SR-118,,484,33.874,-87.461,0,42,0,0,1,1,0,4,1,1,0,1,0,0,99,99,16,40,88,88,0,0,0,1,0,2
1,10071,1,1,0,0,0,1,1,51,0,20,2,2016,7,2,10,1,1,1,1,1,I-65,COBBS FORD RD,1790,32.462,-86.389,0,25,0,0,1,1,0,3,3,1,0,1,0,0,2,10,2,21,88,88,0,0,0,1,1,1
1,10072,1,1,0,0,0,5,5,21,0,3,3,2016,5,10,10,1,1,1,1,1,I-65,,2205,32.997,-86.699,0,1,0,0,1,1,0,3,1,2,0,2,0,0,10,13,10,25,11,4,0,0,0,1,0,1
1,10073,1,1,0,1,1,1,1,83,0,26,2,2016,6,22,25,1,2,1,1,1,I-65,,3562,34.856,-86.928,0,8,0,0,1,1,0,1,2,1,0,1,0,0,99,99,22,35,88,88,0,0,0,1,0,1
1,10074,1,1,0,0,0,1,1,63,0,10,3,2016,5,16,8,1,1,1,1,1,I-59,,420,32.88,-87.91,0,34,0,0,1,1,1,3,1,10,0,10,0,0,16,12,16,21,16,51,0,0,0,1,0,1
1,10077,2,2,0,0,0,3,3,35,0,16,2,2016,3,22,15,0,1,4,1,3,SR-55,,474,31.514,-86.703,0,12,2,0,1,1,0,1,2,10,0,10,0,0,99,99,22,58,99,99,0,0,0,2,0,2
1,10078,1,1,0,0,0,1,1,97,0,17,2,2016,4,4,25,1,2,3,1,2,US-SR 13,,210,31.03,-88.024,0,34,0,0,1,1,0,3,2,1,0,1,0,0,99,99,99,99,88,88,0,0,0,1,0,0
1,10081,2,2,0,0,0,4,4,95,0,18,2,2016,5,11,39,0,1,4,1,3,SR-69,UNION GROVE RD,2744,34.362,-86.404,0,12,6,0,2,3,0,1,1,1,0,1,0,0,11,43,11,48,11,50,0,0,0,3,0,2
1,10082,2,2,0,0,0,7,7,31,0,20,2,2016,7,3,45,0,1,4,1,3,SR-167,,388,31.487,-85.913,0,12,2,0,1,1,0,1,2,1,0,1,0,0,99,99,4,17,99,99,0,0,0,2,1,2
1,10083,1,1,0,1,1,1,1,3,1943,20,2,2016,7,20,48,1,1,2,1,3,SR-59,,570,30.602,-87.738,0,8,0,0,1,1,0,1,2,1,0,1,0,0,20,49,20,59,88,88,0,0,0,1,0,2
1,10085,1,1,0,1,1,1,1,77,1200,21,2,2016,1,18,33,1,2,4,1,3,SR-157,PAMPLIN AVE,830,34.855,-87.692,0,8,0,0,2,3,0,1,3,2,0,2,0,0,99,99,18,37,99,99,0,0,0,1,0,2
1,10086,3,3,0,0,0,4,4,123,0,22,2,2016,2,19,42,0,1,4,1,3,SR-49,SR-14,89,32.559,-85.815,0,12,6,0,2,2,0,1,2,2,0,2,0,0,19,45,19,55,20,47,0,0,0,2,0,1
1,10091,1,1,0,1,1,1,1,69,930,25,2,2016,5,0,30,1,1,3,1,2,US-SR 1,,0,31.164,-85.402,0,8,0,0,1,1,0,1,3,1,0,1,0,0,0,35,0,43,88,88,0,0,0,1,0,0
1,10093,2,2,0,0,0,3,3,113,0,25,2,2016,5,6,40,0,1,4,1,3,SR-169,,113,32.469,-85.204,0,12,2,0,1,1,0,1,1,1,0,1,0,0,6,45,6,50,99,99,0,0,0,1,0,2
1,10105,1,1,0,0,0,1,1,73,2960,3,3,2016,5,18,29,1,1,3,1,3,SR-79,,27,33.582,-86.775,0,30,0,0,1,1,0,4,3,2,0,2,0,0,18,33,18,37,88,88,0,0,0,1,0,1
1,10106,1,1,0,0,0,1,1,119,0,5,3,2016,7,4,52,0,1,5,2,4,CR-21,,0,32.711,-88.127,0,35,0,0,1,1,0,4,2,1,0,1,0,0,88,88,88,88,88,88,0,0,0,1,0,2
1,10108,2,2,0,0,0,3,3,71,0,5,3,2016,7,14,20,0,1,4,1,3,SR-40,,50,34.634,-85.908,0,12,6,0,1,1,0,1,1,1,0,1,0,0,99,99,14,35,88,88,0,0,0,1,0,0
1,10109,1,1,0,1,1,2,2,21,0,5,3,2016,7,19,30,0,1,4,1,3,SR-155,,58,33.048,-86.81,0,8,0,0,1,1,0,1,2,1,0,1,0,0,99,99,19,50,88,88,23,0,0,1,0,1
1,10111,2,2,0,0,0,3,3,43,0,7,3,2016,2,16,30,0,1,4,1,3,SR-91,,322,34.119,-86.678,0,12,8,0,1,1,0,1,1,1,0,1,0,0,99,99,16,45,99,99,0,0,0,1,0,2
1,10112,2,2,0,0,0,3,3,49,1230,7,3,2016,2,19,23,1,2,3,1,3,SR-35,,0,34.437,-85.741,0,12,1,0,1,1,0,1,3,1,0,1,0,0,19,25,19,34,19,38,0,0,0,1,1,1
1,10117,3,3,0,0,0,3,3,1,2540,9,3,2016,4,17,9,0,1,3,1,3,SR-14,,1557,32.48,-86.436,0,12,6,0,1,1,0,1,1,1,0,1,0,0,17,10,17,16,17,40,0,0,0,1,0,2
1,10118,1,1,0,0,0,1,1,115,0,13,3,2016,1,4,45,0,1,7,2,4,CR-12,,0,33.716,-86.448,0,42,0,0,1,1,0,4,2,10,0,10,0,0,99,99,5,55,88,88,0,0,0,1,0,2
1,10121,2,2,0,0,0,2,2,35,0,14,3,2016,2,5,50,0,1,4,1,3,SR-41,,239,31.27,-87.202,0,12,2,0,1,1,0,1,2,10,0,10,0,0,5,57,6,21,7,16,0,0,0,1,0,1
1,10126,1,1,0,0,0,2,2,69,930,19,3,2016,7,3,17,1,2,3,1,3,SR-210,,8,31.197,-85.413,0,30,0,0,1,1,0,4,3,10,0,10,0,0,99,99,3,28,99,99,0,0,0,1,0,2
1,10127,1,1,0,1,1,1,1,13,0,23,3,2016,4,20,41,1,1,1,1,1,I-65,,1231,31.765,-86.699,0,8,0,0,1,1,0,2,2,10,0,10,0,0,20,47,21,2,88,88,23,0,0,1,1,1
1,10129,1,1,0,0,0,3,3,21,0,26,3,2016,7,10,15,1,1,1,1,1,I-65,,2215,33.006,-86.706,0,34,0,0,1,1,0,3,1,1,0,1,0,0,99,99,10,30,99,99,0,0,0,1,0,1
1,10131,1,1,0,0,0,2,2,115,0,30,3,2016,4,14,15,1,1,1,1,1,I-20,,1494,33.584,-86.441,0,1,0,0,1,1,0,1,1,1,0,1,0,0,14,36,15,32,15,43,0,0,0,1,0,1
1,10132,1,1,0,0,0,1,1,53,0,31,3,2016,5,12,40,1,1,1,1,1,I-65,,605,31.132,-87.434,0,42,0,0,1,1,0,4,1,2,0,2,0,0,99,99,13,38,88,88,0,0,0,1,0,1
1,10134,3,3,0,0,0,6,6,97,2100,1,4,2016,6,12,38,1,2,1,1,1,I-10,RANGELINE RD,171,30.595,-88.155,0,12,6,1,5,1,0,1,1,2,0,2,0,0,99,99,12,44,99,99,0,0,0,1,0,1
1,10135,1,1,0,0,0,2,2,1,0,2,4,2016,7,13,25,1,1,1,1,1,I-65,,1860,32.545,-86.453,0,1,0,0,1,1,0,1,1,1,0,1,0,0,99,99,13,30,99,99,0,0,0,1,0,1
1,10136,2,1,1,0,1,1,2,21,0,4,4,2016,2,2,30,1,1,1,1,1,I-65,,2147,32.922,-86.65,0,14,0,0,1,1,0,2,2,1,0,1,0,0,99,99,2,50,88,88,0,0,0,1,0,1
1,10138,2,2,0,0,0,2,2,73,0,27,3,2016,1,7,56,1,1,3,1,3,SR-75,SWEENEY HOLLOW RD,67,33.682,-86.682,0,12,6,0,2,2,0,1,1,2,0,2,0,0,7,56,8,6,8,36,0,0,0,1,0,1
1,10140,1,1,0,0,0,1,1,117,2120,4,3,2016,6,7,13,0,1,6,2,4,CR-17,,0,33.165,-86.861,0,32,0,0,1,1,0,4,1,10,0,10,0,0,7,18,7,26,7,50,0,0,0,1,0,2
1,10145,2,2,0,0,0,2,2,129,1959,14,3,2016,2,8,46,1,1,3,1,2,US-SR 13,,376,31.262,-88.03,0,12,1,0,8,1,0,1,1,1,0,1,0,0,99,99,8,56,88,88,0,0,0,1,0,0
1,10147,1,1,0,1,1,1,1,97,0,16,3,2016,4,6,20,1,1,3,1,2,US-SR 13,,159,30.952,-88.026,0,8,0,0,1,1,0,1,4,1,0,1,0,0,6,47,7,1,88,88,0,0,0,1,0,0
1,10150,2,2,0,0,0,2,2,55,2822,18,3,2016,6,12,23,1,2,3,1,3,SR-77,LOUISE AVE,960,33.867,-86.039,0,12,1,0,2,3,0,1,1,1,0,1,0,0,12,22,12,34,13,11,0,0,0,1,0,1
1,10151,2,2,0,0,0,2,2,103,2814,19,3,2016,7,15,33,1,1,3,1,3,SR-67,,260,34.461,-86.779,0,12,1,0,8,1,0,1,1,1,0,1,0,0,99,99,15,39,99,99,0,0,0,1,0,2
1,10152,2,2,0,0,0,2,2,43,0,22,3,2016,3,6,30,0,1,4,1,3,SR-69,SR-157,2480,34.192,-86.786,0,12,1,0,2,2,0,1,4,1,0,1,0,0,99,99,6,40,88,88,0,0,0,1,0,2
1,10153,1,1,0,1,1,1,1,69,930,24,3,2016,5,21,18,1,2,3,1,3,SR-210,,26,31.217,-85.431,0,8,0,0,1,1,1,1,2,10,0,10,0,0,21,20,21,24,88,88,0,0,0,1,0,2
1,10155,2,2,0,0,0,3,3,71,0,24,3,2016,5,8,10,0,1,4,1,3,SR-40,,60,34.632,-85.893,0,12,2,0,1,1,0,1,1,10,0,10,0,0,99,99,8,27,99,99,0,0,0,1,0,0
1,10157,1,1,0,0,0,1,1,43,0,25,3,2016,6,17,2,0,1,4,1,3,SR-91,,280,34.088,-86.734,0,52,0,0,1,1,0,4,1,1,0,1,0,0,88,88,88,88,88,88,0,0,0,1,0,2
1,10159,2,2,0,0,0,5,5,127,0,28,3,2016,2,7,50,0,1,5,1,3,SR-18,,569,33.702,-87.464,0,12,2,0,1,1,0,1,1,1,0,1,0,0,99,99,8,15,88,88,0,0,0,4,0,2
1,10163,1,1,0,0,0,2,2,133,0,30,3,2016,4,17,7,0,1,4,1,3,SR-5,,1974,34.087,-87.597,0,32,0,0,1,1,0,3,1,1,0,1,0,0,17,9,17,53,18,53,0,0,0,1,0,1
1,10171,3,2,1,2,2,2,2,103,0,14,4,2016,5,4,55,1,2,1,1,1,I-65,,3356,34.566,-86.911,0,12,1,0,1,1,1,1,3,2,0,2,0,0,99,99,5,10,99,99,15,0,0,1,0,1
1,10172,2,2,0,0,0,3,3,101,2465,18,4,2016,2,5,40,1,1,1,1,1,I-85,,155,32.368,-86.067,0,12,6,0,1,1,0,1,2,1,0,1,0,0,99,99,6,21,99,99,0,0,0,1,0,1
1,10179,1,1,0,0,0,1,1,103,2814,18,4,2016,2,16,55,1,1,3,1,3,SR-67,,250,34.448,-86.76,0,34,0,0,1,1,0,4,1,1,0,1,0,0,17,11,17,39,99,99,0,0,0,1,0,2
1,10188,2,2,0,0,0,4,4,55,1280,21,4,2016,5,20,7,1,1,3,1,2,US-SR 1,N 4TH ST,0,34.015,-86.001,0,12,1,0,2,2,0,1,3,1,0,1,0,0,99,99,20,10,99,99,0,0,0,1,1,0
1,10190,2,2,0,0,0,4,4,5,0,18,4,2016,2,6,30,0,1,4,1,3,SR-30,,44,31.862,-85.393,0,12,1,0,1,1,0,1,1,1,0,1,0,0,6,33,6,44,7,25,0,0,0,2,0,1
1,10191,2,2,0,0,0,2,2,35,1080,18,4,2016,2,7,8,1,1,3,1,3,SR-3,SHIPP ST,960,31.436,-86.948,0,12,6,0,2,2,0,1,1,1,0,1,0,0,99,99,7,18,88,88,0,0,0,1,0,2
1,10193,2,2,0,0,0,2,2,51,3270,23,4,2016,7,14,18,0,1,4,1,3,SR-14,,0,32.535,-86.232,0,1,0,0,1,1,0,1,1,1,0,1,0,0,99,99,14,20,88,88,14,0,0,1,0,2
1,10197,1,1,0,0,0,4,4,59,0,27,4,2016,4,15,30,1,1,3,1,2,US-SR 13,,2918,34.466,-87.753,0,42,0,0,1,1,0,4,1,2,0,2,0,0,15,32,15,33,99,99,0,0,0,1,0,0
1,10202,1,1,0,0,0,3,3,65,2210,13,2,2016,7,0,25,0,1,5,1,3,SR-61,,102,32.595,-87.533,0,39,0,0,1,1,0,4,3,1,0,1,0,0,0,15,0,36,99,99,0,0,0,1,0,2
1,10207,1,1,0,0,0,1,1,81,0,20,2,2016,7,2,36,0,1,5,1,3,SR-51,,1062,32.521,-85.383,0,42,0,0,1,1,0,4,2,1,0,1,0,0,99,99,2,50,99,99,0,0,0,1,0,2
1,10208,1,1,0,0,0,1,1,103,0,18,2,2016,5,23,20,0,1,4,1,3,SR-36,,120,34.415,-87.081,0,32,0,0,1,1,0,4,2,1,0,1,0,0,88,88,88,88,88,88,0,0,0,1,0,1
1,10209,2,2,0,0,0,2,2,121,0,18,2,2016,5,12,12,1,2,3,1,3,SR-38,,347,33.253,-86.343,0,12,6,0,8,1,0,1,1,1,0,1,0,0,99,99,12,22,88,88,0,0,0,1,1,2
1,10212,2,2,0,0,0,3,3,27,0,7,2,2016,1,18,10,0,1,4,1,3,SR-9,,1730,33.186,-85.933,0,12,2,0,1,1,0,1,2,1,0,1,0,0,99,99,18,25,99,99,0,0,0,1,0,2
1,10213,1,1,0,0,0,1,1,81,0,5,2,2016,6,6,9,0,1,5,1,3,SR-51,,1066,32.528,-85.377,0,32,0,0,1,1,0,4,2,1,0,1,0,0,99,99,6,20,88,88,0,0,0,1,0,2
1,10216,2,2,0,0,0,2,2,51,0,2,1,2016,7,16,30,0,1,4,1,3,SR-170,,33,32.578,-86.155,0,12,2,0,1,1,0,1,1,1,0,1,0,0,16,42,16,53,17,4,0,0,0,1,0,2
1,10217,2,2,0,0,0,2,2,9,0,4,2,2016,5,10,16,0,1,7,2,4,CR-41,CR-39,0,34.045,-86.335,0,12,6,0,2,2,0,1,1,1,0,1,0,0,10,21,10,23,88,88,0,0,0,1,0,2
1,10222,1,1,0,0,0,1,1,51,0,21,1,2016,5,21,10,0,1,4,1,3,SR-9,,1302,32.636,-86.128,0,42,0,0,1,1,0,4,2,1,0,1,0,0,99,99,21,23,88,88,0,0,0,1,0,2
1,10223,2,2,0,0,0,2,2,9,0,11,1,2016,2,17,36,0,1,4,1,3,SR-75,,246,33.893,-86.519,0,12,6,0,1,1,0,1,5,1,0,1,0,0,99,99,17,42,88,88,0,0,0,2,0,1
1,10225,3,3,0,0,0,4,4,77,0,17,1,2016,1,18,5,0,1,3,1,2,US-SR 13,,3340,34.975,-87.521,0,12,1,0,8,1,0,1,2,1,0,1,0,0,99,99,18,16,99,99,0,0,0,1,0,0
1,10226,2,2,0,0,0,3,3,101,0,10,2,2016,4,22,25,1,1,1,1,1,I-65,,1745,32.407,-86.344,0,12,1,0,1,1,0,1,2,1,0,1,0,0,22,36,22,47,23,16,0,0,0,2,0,1
1,10227,3,3,0,0,0,6,6,101,0,2,1,2016,7,18,5,1,1,1,1,1,I-65,,1761,32.417,-86.356,0,12,1,0,1,1,0,1,2,1,0,1,0,0,99,99,18,25,99,99,0,0,0,1,0,1
1,10228,1,1,0,0,0,2,2,35,1080,11,1,2016,2,18,35,1,2,1,1,1,I-65,,934,31.425,-87,0,23,0,0,1,1,0,4,3,1,0,1,0,0,99,99,18,37,99,99,0,0,0,1,0,1
1,10229,1,1,0,1,1,1,1,101,2130,14,3,2016,2,20,50,9,8,98,1,3,SR-6,NARROW LANE RD,0,32.327,-86.282,0,8,0,0,3,2,0,1,3,1,0,1,0,0,99,99,20,57,88,88,0,0,0,1,0,2
1,10230,1,1,0,2,2,2,2,21,1790,12,4,2016,3,18,18,9,8,98,1,3,SR-191,MAIN ST,138,32.96,-86.747,0,8,0,0,2,2,0,1,1,1,0,1,0,0,18,22,18,24,99,99,0,0,0,1,0,0
1,10231,1,1,0,0,0,1,1,113,0,21,4,2016,5,19,10,9,8,98,1,3,SR-51,,957,32.381,-85.38,0,42,0,0,1,1,0,4,2,2,0,2,0,0,19,13,19,53,19,54,0,0,0,1,1,2
1,10241,1,1,0,1,1,1,1,95,50,5,5,2016,5,10,0,9,8,98,1,3,SR-75,,597,34.282,-86.192,0,8,0,0,1,1,0,2,1,1,0,1,0,0,10,12,10,14,11,22,0,0,0,1,0,1
1,10242,1,1,0,0,0,1,1,113,0,5,5,2016,5,4,11,9,8,98,1,3,SR-165,,84,32.1,-85.082,0,42,0,0,1,1,0,4,2,1,0,1,0,0,88,88,88,88,88,88,0,0,0,1,0,2
1,10243,2,2,0,0,0,2,2,125,0,5,5,2016,5,23,10,1,8,98,1,1,I-59,,689,33.155,-87.592,0,12,2,0,1,1,0,1,2,1,0,1,0,0,99,99,23,35,99,99,0,0,0,1,1,1
1,10244,1,1,0,0,0,1,1,45,0,6,5,2016,6,16,55,9,8,98,1,3,SR-123,,438,31.597,-85.748,0,24,0,0,1,1,0,4,1,1,0,1,0,0,99,99,17,10,88,88,0,0,0,1,0,2
1,10247,2,2,0,0,0,2,2,5,710,6,5,2016,6,13,10,9,8,98,1,3,SR-51,SR-239,499,31.885,-85.461,0,12,6,0,2,2,0,1,1,1,0,1,0,0,13,16,13,31,14,39,14,0,0,1,0,2
1,10252,1,1,0,0,0,1,1,101,2130,22,5,2016,1,12,12,1,2,1,1,1,I-85,,0,32.367,-86.322,0,25,0,1,19,1,0,4,1,1,0,1,0,0,99,99,12,16,88,88,0,0,0,1,0,1
1,10253,2,2,0,0,0,2,2,77,0,14,4,2016,5,11,50,1,1,3,1,2,US-SR 13,,3355,34.997,-87.512,0,12,2,0,1,1,0,1,1,10,0,10,0,0,99,99,12,15,99,99,0,0,0,1,0,0
1,10254,2,2,0,0,0,3,3,79,0,23,4,2016,7,22,54,0,1,4,1,3,SR-36,,102,34.416,-87.122,0,12,1,0,1,1,0,1,2,1,0,1,0,0,99,99,23,5,99,99,0,0,0,2,0,1
1,10256,1,1,0,0,0,1,1,3,1210,29,4,2016,6,21,11,0,2,5,2,4,CR-12,,0,30.356,-87.677,0,34,0,0,1,1,0,4,2,10,0,10,0,0,99,99,21,12,99,99,0,0,0,1,0,2
1,10257,1,1,0,0,0,1,1,47,0,7,5,2016,7,21,10,0,1,5,2,4,CR-16,,0,32.506,-87.019,0,52,0,0,1,1,0,4,2,1,0,1,0,0,88,88,88,88,88,88,0,0,0,1,1,2
1,10258,2,2,0,0,0,2,2,99,0,6,5,2016,6,11,30,0,1,5,1,3,SR-136,US 84,6,31.466,-87.34,0,12,6,0,2,2,0,1,1,1,0,1,0,0,99,99,11,35,88,88,0,0,0,1,0,2
1,10259,1,1,0,0,0,3,3,69,0,10,5,2016,3,16,40,1,1,3,1,2,US-SR 1,,55,31.077,-85.405,0,1,0,0,1,1,0,4,1,1,0,1,0,0,99,99,16,52,99,99,0,0,0,1,0,0
1,10260,1,1,0,0,0,1,1,57,0,10,5,2016,3,18,45,0,1,5,1,3,SR-18,,195,33.74,-87.948,0,42,0,0,1,1,0,4,1,1,0,1,0,0,88,88,88,88,88,88,0,0,0,1,0,2
1,10266,2,2,0,0,0,2,2,121,2910,13,5,2016,6,16,29,1,1,4,1,3,SR-21,SR-275,2347,33.409,-86.134,0,12,6,0,2,2,0,1,1,1,0,1,0,0,16,39,17,2,17,41,0,0,0,1,0,2