STATE,ST_CASE,VE_TOTAL,VE_FORMS,PVH_INVL,PEDS,PERNOTMVIT,PERMVIT,PERSONS,COUNTY,CITY,DAY,MONTH,YEAR,DAY_WEEK,HOUR,MINUTE,NHS,RUR_URB,FUNC_SYS,RD_OWNER,ROUTE,TWAY_ID,TWAY_ID2,MILEPT,LATITUDE,LONGITUD,SP_JUR,HARM_EV,MAN_COLL,RELJCT1,RELJCT2,TYP_INT,WRK_ZONE,REL_ROAD,LGT_COND,WEATHER1,WEATHER2,WEATHER,SCH_BUS,RAIL,NOT_HOUR,NOT_MIN,ARR_HOUR,ARR_MIN,HOSP_HR,HOSP_MN,CF1,CF2,CF3,FATALS,DRUNK_DR,RANK
1,10268,1,1,0,1,1,1,1,125,2260,14,5,2016,7,21,32,1,2,3,1,2,US-SR 6,,456,33.24,-87.59,0,8,0,0,1,1,0,1,3,1,0,1,0,0,99,99,21,34,99,99,0,0,0,1,0,1
1,10269,2,2,0,0,0,3,3,55,0,15,5,2016,1,14,48,1,2,3,1,2,US-SR 1,,2752,34.127,-86.12,0,12,1,0,1,1,0,1,1,1,0,1,0,0,15,14,15,21,15,55,0,0,0,1,0,0
1,10271,2,2,0,0,0,2,2,15,0,18,5,2016,4,16,25,0,1,4,1,3,SR-204,,70,33.828,-85.807,0,12,2,0,1,1,0,1,1,2,0,2,0,0,16,31,16,37,99,99,0,0,0,1,0,2
1,10272,2,2,0,0,0,2,2,15,9997,13,5,2016,6,17,41,1,2,3,1,2,US-SR 1,,2504,33.895,-85.918,0,34,0,0,1,1,0,3,1,1,0,1,0,0,99,99,17,53,88,88,0,0,0,1,0,0
1,10273,2,2,0,0,0,3,3,53,470,5,4,2016,3,13,18,9,8,98,1,2,US-SR 3,AG SCIENCE DR,672,31.086,-87.101,0,12,6,0,2,2,0,1,1,1,0,1,0,0,99,99,13,32,99,99,0,0,0,1,0,1
1,10278,1,1,0,0,0,1,1,127,0,21,5,2016,7,10,30,9,8,98,1,3,SR-5,,1635,33.812,-87.148,0,35,0,0,1,1,0,4,1,1,0,1,0,0,10,26,10,37,11,13,0,0,0,1,0,1
1,10279,1,1,0,0,0,1,1,15,0,22,5,2016,1,8,35,9,8,98,1,3,SR-144,,231,33.78,-85.957,0,32,0,0,1,1,0,4,1,1,0,1,0,0,8,45,9,17,10,6,0,0,0,1,0,2
1,10280,1,1,0,1,1,1,1,113,2440,22,5,2016,1,2,14,9,8,98,1,2,US-SR 1,KNOWLES RD,1114,32.448,-85.017,0,8,0,0,3,2,0,1,3,1,0,1,0,0,99,99,2,22,88,88,0,0,0,1,0,0
1,10282,2,2,0,0,0,4,4,49,0,22,5,2016,1,13,53,9,8,98,1,3,SR-75,,1129,34.82,-85.58,0,1,0,0,8,1,0,1,1,1,0,1,0,0,13,55,14,7,14,22,0,0,0,1,0,1
1,10285,1,1,0,0,0,1,1,83,0,25,5,2016,4,12,40,9,8,98,1,3,SR-251,,52,34.846,-86.874,0,32,0,0,1,1,0,4,1,1,0,1,0,0,99,99,12,53,88,88,0,0,0,1,0,2
1,10287,3,3,0,0,0,3,3,73,350,26,5,2016,5,16,10,1,8,98,1,1,I-59,,1340,33.586,-86.699,0,12,1,0,1,1,0,1,1,1,0,1,0,0,16,17,16,17,88,88,0,0,0,1,0,1
1,10289,2,2,0,0,0,5,5,55,80,26,5,2016,5,14,45,9,8,98,1,3,SR-132,,120,34.038,-86.293,0,12,2,0,1,1,0,1,1,1,0,1,1,0,14,50,15,7,15,31,0,0,0,1,0,1
1,10291,2,2,0,0,0,2,2,133,0,26,5,2016,5,12,50,0,8,98,2,4,CR-41,,0,34.15,-87.181,0,12,2,0,1,1,0,1,1,1,0,1,0,0,99,99,13,10,99,99,0,0,0,1,0,2
1,10297,1,1,0,0,0,1,1,37,0,30,5,2016,2,12,25,0,8,98,2,4,CR-20,,0,32.81,-86.036,0,42,0,0,1,1,0,4,1,1,0,1,0,0,88,88,88,88,88,88,0,0,0,1,0,2
1,10299,1,1,0,0,0,2,2,117,2405,31,5,2016,3,20,51,1,8,98,1,1,I-65,,2440,33.309,-86.787,0,25,0,0,1,1,0,3,2,1,0,1,0,0,99,99,20,59,99,99,0,0,0,1,0,1
1,10301,1,1,0,1,1,1,1,73,1110,3,6,2016,6,5,8,1,8,98,1,1,I-59,HIGHLINE,1171,33.463,-86.942,0,8,0,1,18,1,0,1,4,1,0,1,0,0,5,21,5,28,5,55,0,0,0,1,0,1
1,10305,1,1,0,0,0,1,1,43,0,27,5,2016,6,22,5,1,2,1,1,1,I-65,,3167,34.296,-86.911,0,24,0,0,1,1,0,3,2,1,0,1,0,0,99,99,22,19,88,88,0,0,0,1,0,1
1,10306,2,1,1,1,1,1,1,21,0,4,6,2016,7,4,20,1,1,1,1,1,I-65,,2140,32.915,-86.643,0,8,0,0,1,1,0,2,2,1,0,1,0,0,4,43,5,3,5,50,23,0,0,1,0,1
1,10307,2,2,0,0,0,4,4,73,0,10,6,2016,6,8,45,1,2,1,1,1,I-59,,1398,33.618,-86.638,0,12,7,0,1,1,0,1,1,1,0,1,0,0,8,53,8,58,9,45,0,0,0,1,0,1
1,10308,1,1,0,0,0,6,6,1,0,11,6,2016,7,16,20,1,1,1,1,1,I-65,,1944,32.663,-86.503,0,24,0,0,1,1,0,4,1,2,0,2,0,0,99,99,16,40,99,99,0,0,0,1,0,1
1,10311,1,1,0,1,1,3,3,117,2405,25,5,2016,4,22,35,1,2,3,1,3,SR-119,,190,33.333,-86.792,0,8,0,0,1,1,0,1,3,1,0,1,0,0,99,99,22,42,99,99,0,0,0,1,0,2
1,10317,1,1,0,1,1,2,2,9,0,3,6,2016,6,21,0,1,1,3,1,2,US-SR 53,SR-67,2763,34.177,-86.511,0,8,0,0,2,3,0,1,2,2,0,2,0,0,99,99,21,24,88,88,0,0,0,1,0,0
1,10323,2,2,0,0,0,5,5,21,0,8,6,2016,4,15,15,1,1,3,1,2,US-SR 6,,1070,32.749,-86.866,0,12,2,0,1,1,0,1,1,1,0,1,0,0,15,21,15,40,16,8,0,0,0,4,0,1
1,10325,2,2,0,0,0,4,4,95,1500,10,6,2016,6,17,32,1,2,3,1,2,US-SR 1,DRIVE IN RD,2917,34.304,-86.284,0,12,6,0,2,3,0,1,1,1,0,1,0,0,99,99,17,43,99,99,0,0,0,1,0,0
1,10328,1,1,0,0,0,2,2,39,0,11,6,2016,7,10,25,0,1,4,1,3,SR-55,,351,31.389,-86.571,0,42,0,0,1,1,0,4,1,1,0,1,0,0,10,30,10,38,88,88,0,0,0,2,0,2
1,10331,1,1,0,0,0,1,1,115,0,4,7,2016,2,12,20,1,8,98,1,1,I-59,,1586,33.79,-86.388,0,42,0,0,1,1,0,4,1,1,0,1,0,0,99,99,12,35,88,88,0,0,0,1,0,1
1,10332,1,1,0,1,1,1,1,101,2130,3,7,2016,1,5,1,1,8,98,1,1,I-85,,60,32.363,-86.218,0,8,0,0,1,1,0,1,4,1,0,1,0,0,99,99,5,6,88,88,0,0,0,1,0,1
1,10333,4,4,0,0,0,7,7,73,350,3,7,2016,1,2,3,1,8,98,1,1,I-59,,1273,33.541,-86.789,0,12,1,0,1,1,0,1,3,10,0,10,0,0,99,99,2,5,99,99,0,0,0,1,0,1
1,10334,1,1,0,0,0,2,2,115,0,23,6,2016,5,13,35,1,8,98,1,1,I-59,,1562,33.777,-86.426,0,35,0,1,19,1,0,4,1,1,0,1,0,0,99,99,13,40,88,88,0,0,0,2,0,1
1,10335,1,1,0,0,0,2,2,103,1590,12,6,2016,1,8,46,1,8,98,1,1,I-65,,3290,34.442,-86.902,0,1,0,0,1,1,0,4,1,1,0,1,0,0,99,99,99,99,99,99,0,0,0,1,0,1
1,10338,2,2,0,0,0,2,2,9,0,23,6,2016,5,23,26,1,1,1,1,1,I-65,,2905,33.928,-86.867,0,12,6,0,1,1,0,1,2,1,0,1,0,0,99,99,23,45,99,99,19,0,0,1,1,1
1,10339,1,1,0,0,0,2,2,51,0,9,6,2016,5,0,15,0,1,4,1,3,SR-111,,43,32.577,-86.243,0,42,0,0,1,1,0,4,2,1,0,1,0,0,88,88,88,88,88,88,0,0,0,2,1,1
1,10340,2,2,0,0,0,4,4,43,0,9,6,2016,5,7,49,1,1,3,1,3,SR-53,,2841,34.286,-86.496,0,12,1,0,1,1,0,1,1,1,0,1,0,0,99,99,7,56,99,99,14,0,0,1,0,2
1,10342,1,1,0,0,0,1,1,9,2811,10,6,2016,6,11,40,0,1,4,1,3,SR-75,,417,34.102,-86.406,0,53,0,0,1,1,0,4,1,1,0,1,0,0,11,42,11,53,88,88,0,0,0,1,1,1
1,10345,2,2,0,0,0,2,2,61,1990,11,6,2016,7,21,3,0,1,4,1,3,SR-52,,514,31.138,-85.554,0,12,2,0,1,1,0,1,2,10,0,10,0,0,99,99,21,24,99,99,0,0,0,1,0,0
1,10347,1,1,0,0,0,1,1,7,0,16,6,2016,5,5,35,1,1,3,1,2,US-SR 6,,906,32.925,-87.043,0,1,0,0,1,1,0,4,4,1,0,1,0,0,88,88,88,88,88,88,0,0,0,1,0,1
1,10349,1,1,0,0,0,1,1,89,1730,17,6,2016,6,17,13,1,2,3,1,3,SR-1,,3308,34.717,-86.548,0,30,0,0,1,1,0,4,1,1,0,1,0,0,99,99,17,22,88,88,0,0,0,1,0,1
1,10351,2,2,0,0,0,4,4,69,0,19,6,2016,1,9,40,0,1,4,1,3,SR-53,CR-33,108,31.099,-85.313,0,12,6,0,2,2,0,1,1,1,0,1,0,0,9,38,9,48,10,16,0,0,0,1,1,2
1,10354,1,1,0,0,0,1,1,71,0,20,6,2016,2,18,40,0,1,4,1,3,SR-40,,116,34.624,-85.801,0,53,0,0,1,1,0,4,1,1,0,1,0,0,18,45,19,0,88,88,0,0,0,1,0,0
1,10357,3,3,0,0,0,5,5,67,0,23,6,2016,5,16,45,0,1,5,1,3,SR-95,,530,31.664,-85.203,0,12,1,0,1,1,1,1,1,1,0,1,0,0,99,99,16,50,99,99,0,0,0,1,0,1
1,10359,2,2,0,0,0,3,3,13,0,24,6,2016,6,13,35,0,1,4,1,3,SR-55,,486,31.528,-86.719,0,12,1,0,8,1,0,1,1,1,0,1,0,0,99,99,13,49,99,99,0,0,0,1,0,2
1,10367,1,1,0,0,0,1,1,19,0,25,6,2016,7,6,39,0,1,5,2,4,CR-19,,0,34.069,-85.681,0,34,0,0,1,1,0,4,2,1,0,1,0,0,99,99,6,47,88,88,0,0,0,1,1,2
1,10370,2,2,0,0,0,4,4,125,0,27,6,2016,2,15,35,1,1,3,1,3,SR-69,UPPER HULL RD,1349,33.055,-87.58,0,12,6,0,3,3,0,1,1,10,0,10,0,0,15,37,15,49,99,99,0,0,0,2,0,2
1,10376,2,2,0,0,0,2,2,29,0,30,6,2016,5,15,45,1,1,3,1,3,SR-1,,2102,33.503,-85.608,0,12,2,0,1,1,0,1,1,1,0,1,0,0,15,51,16,0,88,88,0,0,0,1,0,1
1,10378,1,1,0,0,0,2,2,71,0,2,7,2016,7,17,25,0,1,5,1,3,SR-117,,491,34.977,-85.915,0,34,0,0,1,1,0,4,1,1,0,1,0,0,17,33,17,57,18,26,0,0,0,1,0,2
1,10383,1,1,0,0,0,1,1,97,2100,5,7,2016,3,3,54,1,2,1,1,1,I-65,,15,30.58,-88.173,0,25,0,0,1,1,0,3,3,10,0,10,0,0,99,99,4,2,88,88,0,0,0,1,0,1
1,10384,2,2,0,0,0,2,2,73,350,18,7,2016,2,6,30,1,2,1,1,1,I-65,,2630,33.55,-86.829,0,12,1,0,1,1,0,1,1,10,0,10,0,0,99,99,6,40,99,99,0,0,0,1,0,1
1,10385,2,1,1,0,2,2,4,115,2620,12,7,2016,3,6,18,1,2,1,1,1,I-20,,1621,33.603,-86.226,0,14,0,0,1,1,0,2,1,10,0,10,0,0,6,25,6,37,7,4,0,0,0,1,0,1
1,10387,2,2,0,0,0,2,2,45,0,17,3,2016,5,6,40,0,2,4,1,3,SR-27,EAST PERIMETER RD,392,31.431,-85.749,0,12,6,0,2,3,0,1,1,1,0,1,0,0,6,37,6,55,88,88,0,0,0,1,0,2
1,10388,2,1,1,1,2,1,2,63,0,2,3,2016,4,7,44,1,1,1,1,1,I-59,,520,32.988,-87.788,0,8,0,1,20,1,1,1,1,1,0,1,0,0,7,48,8,7,88,88,0,0,0,1,0,1
1,10390,1,1,0,0,0,5,5,65,0,1,7,2016,6,4,40,0,1,4,1,3,SR-69,,1146,32.792,-87.591,0,1,0,0,1,1,0,1,2,1,0,1,0,0,99,99,4,56,99,99,0,0,0,1,0,2
1,10391,2,2,0,0,0,5,5,11,0,6,3,2016,1,0,20,0,1,4,1,2,US-SR 6,,2083,32.108,-85.58,0,12,2,0,1,1,0,1,2,1,0,1,0,0,99,99,0,50,99,99,0,0,0,2,1,1
1,10392,2,2,0,0,0,5,5,69,930,3,4,2016,1,20,49,1,2,3,1,3,SR-52,S SHADY LANE,0,31.191,-85.452,0,12,6,0,2,2,0,1,3,1,0,1,0,0,20,53,21,1,21,12,0,0,0,3,0,0
1,10393,2,2,0,0,0,2,2,15,0,30,4,2016,7,17,30,0,1,4,1,3,SR-204,,19,33.855,-85.882,0,12,2,0,1,1,0,1,1,10,0,10,0,0,17,36,17,46,99,99,0,0,0,1,0,2
1,10394,2,2,0,0,0,2,2,51,2063,3,6,2016,6,23,37,0,1,4,1,3,SR-14,GRANDVIEW RD,1855,32.498,-86.399,0,12,6,0,2,2,0,1,3,1,0,1,0,0,99,99,23,44,88,88,0,0,0,1,0,2
1,10397,2,2,0,0,0,6,6,123,0,9,4,2016,7,16,53,0,1,4,1,3,SR-49,,231,32.748,-85.785,0,12,1,0,8,1,0,1,1,1,0,1,0,0,16,47,17,7,17,36,0,0,0,1,0,1
1,10398,1,1,0,1,1,2,2,83,0,7,4,2016,5,15,3,0,1,5,1,3,SR-251,,145,34.96,-86.826,0,8,0,0,1,1,0,4,1,1,0,1,0,0,15,47,16,3,16,45,0,0,0,1,0,2
1,10399,2,2,0,0,0,2,2,131,0,6,4,2016,4,6,45,1,1,3,1,3,SR-5,CR-32,153,32.053,-87.566,0,12,6,0,2,2,0,1,1,10,0,10,0,0,88,88,88,88,88,88,0,0,0,1,0,1
1,10400,2,2,0,0,0,2,2,33,0,22,3,2016,3,16,50,0,1,5,1,3,SR-247,,218,34.694,-87.85,0,12,2,0,1,1,0,1,1,1,0,1,0,0,17,2,17,21,18,45,0,0,0,2,0,1
1,10403,2,2,0,0,0,3,3,97,2100,19,6,2016,1,23,30,1,2,3,1,3,SR-163,SAN MARINO DR,11,30.551,-88.106,0,12,1,0,3,3,0,1,3,10,0,10,0,0,23,30,23,42,88,88,0,0,0,1,0,2
1,10405,2,2,0,0,0,3,3,121,0,27,6,2016,2,16,50,0,1,4,1,3,SR-34,GLAD RD,83,33.517,-86.168,0,12,6,0,2,2,0,1,1,10,0,10,0,0,17,0,17,5,17,35,0,0,0,1,0,2
1,10406,2,2,0,0,0,3,3,91,0,27,6,2016,2,9,50,0,1,4,1,3,SR-10,,414,32.08,-87.852,0,12,6,0,1,1,0,1,1,1,0,1,0,0,99,99,10,10,99,99,0,0,0,1,0,2
1,10407,2,2,0,0,0,2,2,43,0,29,6,2016,4,7,58,1,1,3,1,3,SR-157,,161,34.297,-86.998,0,12,1,0,1,1,0,1,1,1,0,1,0,0,99,99,99,99,88,88,0,0,0,1,0,2
1,10409,2,2,0,0,0,3,3,15,0,2,7,2016,7,3,30,1,2,3,1,2,US-SR 1,BIG VALLEY DR,2420,33.781,-85.896,0,12,6,0,2,3,0,1,3,1,0,1,0,0,99,99,99,99,88,88,0,0,0,1,1,0
1,10413,1,1,0,0,0,1,1,91,0,5,7,2016,3,22,59,1,2,3,1,2,US-SR 13,,1314,32.468,-87.792,0,30,0,0,1,1,0,4,2,10,0,10,0,0,99,99,99,99,88,88,0,0,0,1,0,0
1,10414,1,1,0,0,0,1,1,85,0,10,7,2016,1,4,0,0,1,4,1,3,SR-21,,1113,32.085,-86.677,0,30,0,0,1,1,0,4,2,1,0,1,0,0,99,99,9,40,88,88,0,0,0,1,0,2
1,10416,1,1,0,0,0,2,2,115,2410,13,7,2016,4,16,47,0,2,4,1,3,SR-53,,2160,33.548,-86.28,0,42,0,0,1,1,0,4,1,1,0,1,0,0,99,99,16,54,99,99,0,0,0,1,0,2
1,10419,1,1,0,0,0,1,1,119,0,16,7,2016,7,0,15,0,1,4,1,3,SR-17,,1554,32.704,-88.313,0,42,0,0,1,1,0,5,2,5,0,5,0,0,99,99,99,99,88,88,0,0,0,1,0,2
1,10420,1,1,0,0,0,1,1,15,0,17,7,2016,1,3,20,0,1,4,1,3,SR-204,,34,33.849,-85.859,0,32,0,0,1,1,1,4,2,1,0,1,0,0,99,99,99,99,88,88,0,0,0,1,0,2
1,10425,2,2,0,0,0,6,6,97,0,10,4,2016,1,5,35,1,2,1,1,1,I-10,,111,30.541,-88.232,0,12,1,0,1,1,0,1,2,1,0,1,0,0,5,50,6,16,7,1,0,0,0,2,0,1
1,10426,1,1,0,0,0,1,1,65,0,1,5,2016,1,3,20,0,1,5,2,4,CR-16,,0,32.609,-87.709,0,42,0,0,1,1,0,4,2,1,0,1,0,0,99,99,4,15,88,88,0,0,0,1,1,2
1,10428,1,1,0,0,0,4,4,21,0,8,7,2016,6,5,45,1,1,1,1,1,I-65,,1992,32.722,-86.534,0,34,0,0,1,1,0,3,1,1,0,1,0,0,5,57,6,13,6,38,0,0,0,1,0,1
1,10429,2,2,0,0,0,3,3,73,350,26,7,2016,3,18,15,1,2,1,1,1,I-59,,1330,33.572,-86.718,0,12,99,0,1,1,0,1,1,1,0,1,0,0,18,22,18,27,19,0,0,0,0,1,1,1
1,10430,2,2,0,0,0,2,2,97,2100,26,7,2016,3,14,47,1,2,1,1,1,I-10,,285,30.692,-88.03,0,12,1,0,1,1,0,1,1,10,0,10,0,0,99,99,15,1,88,88,28,0,0,1,0,1
1,10436,1,1,0,1,1,1,1,5,1050,9,7,2016,7,21,53,1,2,3,1,2,US-SR 1,,630,31.842,-85.167,0,8,0,0,1,1,0,1,2,1,0,1,0,0,22,0,22,5,22,20,0,0,0,1,0,0
1,10441,1,1,0,1,1,1,1,33,1915,21,7,2016,5,22,30,1,2,3,1,2,US-SR 13,,3010,34.58,-87.681,0,8,0,0,1,1,0,1,2,10,0,10,0,0,99,99,22,53,88,88,0,0,0,1,0,0
1,10449,1,1,0,0,0,1,1,103,0,25,7,2016,2,22,15,1,1,3,1,3,SR-67,,216,34.425,-86.721,0,34,0,0,1,1,0,4,2,10,0,10,0,0,99,99,99,99,88,88,0,0,0,1,0,2
1,10454,2,2,0,0,0,3,3,125,0,28,7,2016,5,18,0,1,2,3,1,2,US-SR 6,PRIVATE ROAD,399,33.25,-87.682,0,12,6,0,2,3,0,1,1,1,0,1,0,0,18,11,18,17,99,99,0,0,0,2,0,1
1,10465,1,1,0,0,0,1,1,127,0,9,8,2016,3,14,30,0,1,5,1,3,SR-195,,98,33.976,-87.348,0,1,0,0,1,1,0,1,1,10,0,10,0,0,14,26,14,38,15,37,0,0,0,1,0,1
1,10466,1,1,0,0,0,1,1,13,0,12,8,2016,6,15,5,1,1,1,1,1,I-65,,1150,31.667,-86.762,0,42,0,0,1,1,0,4,1,10,0,10,0,0,15,6,15,15,15,43,0,0,0,1,0,1
1,10467,1,1,0,1,1,2,2,125,0,12,8,2016,6,20,58,1,1,1,1,1,I-59,,656,33.131,-87.64,0,8,0,0,1,1,0,1,2,10,0,10,0,0,99,99,21,20,88,88,0,0,0,1,0,1
1,10468,3,3,0,0,0,6,6,73,1716,14,8,2016,1,3,41,1,2,1,1,1,I-65,,2533,33.427,-86.819,0,12,2,0,1,1,0,1,2,1,0,1,0,0,99,99,3,43,99,99,0,0,0,1,1,1
1,10469,2,2,0,0,0,2,2,101,2130,14,8,2016,1,5,0,1,2,1,1,1,I-85,,10,32.368,-86.309,0,12,2,0,1,1,0,1,4,1,0,1,0,0,5,18,5,27,5,41,0,0,0,1,0,1
1,10470,1,1,0,0,0,4,4,43,0,14,8,2016,1,4,45,1,1,1,1,1,I-65,,3074,34.17,-86.875,0,30,0,0,1,1,0,4,2,1,0,1,0,0,5,4,5,9,5,32,0,0,0,1,0,1
1,10472,1,1,0,0,0,2,2,73,350,18,8,2016,5,5,23,1,2,1,1,1,I-65,,2560,33.481,-86.827,0,42,0,0,1,1,0,4,1,1,0,1,0,0,99,99,5,43,99,99,0,0,0,1,0,1
1,10473,2,2,0,0,0,2,2,73,350,19,8,2016,6,13,33,1,2,1,1,1,I-65,,2589,33.513,-86.822,0,23,0,1,19,1,0,4,1,2,0,2,0,0,13,29,13,33,88,88,14,0,0,1,0,1
1,10474,2,2,0,0,0,2,2,101,2130,20,8,2016,7,19,58,1,2,1,1,1,I-85,,19,32.366,-86.29,0,25,0,0,1,1,0,3,3,2,0,2,0,0,19,59,20,1,88,88,14,0,0,1,0,1
1,10476,1,1,0,0,0,1,1,63,0,21,8,2016,1,10,30,1,1,1,1,1,I-59,,426,32.889,-87.903,0,34,0,0,1,1,0,3,1,1,0,1,0,0,10,49,10,55,88,88,0,0,0,1,0,1
1,10477,1,1,0,0,0,2,2,13,1460,21,8,2016,1,10,32,1,2,1,1,1,I-65,,1270,31.809,-86.668,0,33,0,0,1,1,0,4,1,1,0,1,0,0,99,99,10,41,88,88,0,0,0,1,0,1
1,10481,1,1,0,1,1,5,5,81,0,30,7,2016,7,2,34,1,2,3,1,2,US-SR 1,,1223,32.563,-85.126,0,8,0,0,1,1,0,1,2,1,0,1,0,0,99,99,2,47,88,88,0,0,0,1,0,0
1,10486,2,2,0,0,0,3,3,95,400,10,8,2016,4,17,0,1,2,3,1,2,US-SR 1,,2819,34.22,-86.159,0,12,1,0,1,1,0,1,1,10,0,10,0,0,16,59,17,3,17,14,0,0,0,1,0,0
1,10488,1,1,0,0,0,1,1,23,0,13,8,2016,7,18,59,0,1,4,1,3,SR-17,,798,31.721,-88.305,0,1,0,0,1,1,0,4,1,10,0,10,0,0,99,99,19,23,88,88,0,0,0,1,0,2
1,10489,2,2,0,0,0,5,5,113,0,13,8,2016,7,7,22,0,1,4,1,3,SR-26,,24,32.251,-85.376,0,12,2,0,1,1,0,1,1,10,0,10,0,0,7,40,8,8,8,34,0,0,0,4,0,2
1,10490,2,2,0,0,0,2,2,31,0,13,8,2016,7,17,10,0,1,5,1,3,SR-134,,115,31.294,-86.082,0,12,2,0,1,1,0,1,1,2,0,2,0,0,99,99,17,32,88,88,0,0,0,1,1,1
1,10491,2,2,0,0,0,3,3,3,2890,14,8,2016,1,0,36,1,1,3,1,3,SR-59,,180,30.518,-87.708,0,12,2,0,1,1,0,1,2,1,0,1,0,0,99,99,0,47,99,99,0,0,0,1,0,2
1,10495,1,1,0,0,0,2,2,49,0,16,8,2016,3,22,40,0,1,4,1,3,SR-75,,1105,34.787,-85.596,0,32,0,0,1,1,0,4,2,1,0,1,0,0,22,44,22,53,23,37,0,0,0,1,1,1
1,10500,1,1,0,1,1,2,2,45,130,19,8,2016,6,6,50,0,1,4,1,3,SR-123,,228,31.6,-85.717,0,8,0,0,8,1,0,1,1,1,0,1,0,0,99,99,7,5,88,88,0,0,0,1,0,2
1,10502,1,1,0,0,0,1,1,97,2100,19,8,2016,6,99,99,1,2,3,1,3,SR-193,,221,30.556,-88.124,0,32,0,0,1,1,0,4,2,1,0,1,0,0,3,20,3,27,88,88,0,0,0,1,0,2
1,10506,1,1,0,0,0,1,1,73,1716,20,8,2016,7,0,18,1,2,3,1,3,SR-150,,0,33.358,-86.878,0,42,0,0,1,1,0,4,3,2,0,2,0,0,99,99,0,18,88,88,0,0,0,1,0,0
1,10510,2,2,0,0,0,2,2,117,530,22,8,2016,2,5,38,0,2,3,1,2,US-SR 3,,2460,33.147,-86.749,0,12,7,0,8,1,0,1,3,1,0,1,0,0,99,99,5,45,99,99,0,0,0,1,0,1
1,10511,1,1,0,0,0,1,1,71,0,22,8,2016,2,17,10,0,1,4,2,4,CR-42,,0,34.772,-85.956,0,11,0,0,1,1,0,1,1,1,0,1,0,0,99,99,17,25,99,99,0,0,0,1,0,2
1,10512,1,1,0,1,1,1,1,31,1030,23,8,2016,3,20,45,0,2,4,1,3,SR-167,,232,31.288,-85.829,0,8,0,0,1,1,0,1,2,1,0,1,0,0,20,34,20,40,88,88,0,0,0,1,0,2
1,10514,1,1,0,0,0,1,1,85,0,24,8,2016,4,9,50,0,1,4,1,3,SR-21,,1239,32.239,-86.531,0,42,0,0,1,1,0,4,1,1,0,1,0,0,99,99,10,27,99,99,0,0,0,1,0,2
1,10515,2,2,0,0,0,2,2,33,2190,28,8,2016,1,19,47,1,2,3,1,3,SR-133,JEFFERSON AVE,0,34.761,-87.635,0,12,2,0,3,3,0,1,1,1,0,1,0,0,99,99,19,52,88,88,0,0,0,2,0,2
1,10518,1,1,0,0,0,2,2,13,0,13,9,2016,3,7,45,1,1,1,1,1,I-65,,1183,31.704,-86.738,0,42,0,0,1,1,0,4,1,10,0,10,0,0,99,99,8,2,99,99,0,0,0,1,0,1
1,10519,2,2,0,0,0,2,2,73,0,7,9,2016,4,22,3,1,1,1,1,1,I-65,,2825,33.821,-86.825,0,12,2,0,1,1,0,1,2,1,0,1,0,0,99,99,22,11,88,88,20,0,0,1,1,1
1,10520,1,1,0,0,0,3,3,53,0,6,9,2016,3,23,9,1,1,1,1,1,I-65,,684,31.194,-87.323,0,59,0,0,1,1,0,3,2,1,0,1,0,0,99,99,23,38,99,99,0,0,0,1,1,1
1,10521,1,1,0,1,1,4,4,121,1870,4,9,2016,1,4,10,1,1,1,1,1,I-20,,1661,33.591,-86.159,0,8,0,0,1,1,0,1,2,1,0,1,0,0,4,8,4,20,88,88,0,0,0,1,0,1
1,10522,1,1,0,0,0,1,1,21,0,22,8,2016,2,23,25,1,1,1,1,1,I-65,,2144,32.918,-86.646,0,24,0,0,1,1,0,3,2,1,0,1,0,0,23,49,0,10,88,88,0,0,0,1,0,1
1,10527,2,2,0,0,0,2,2,87,1236,22,8,2016,2,14,50,0,1,5,1,3,SR-49,,24,32.476,-85.806,0,12,1,0,1,1,0,1,1,1,0,1,0,0,99,99,15,1,99,99,0,0,0,1,0,1
1,10530,1,1,0,0,0,1,1,75,0,25,8,2016,5,17,10,0,1,5,2,4,CR-9,,0,33.663,-88.192,0,34,0,0,1,1,0,4,1,1,0,1,0,0,99,99,99,99,88,88,0,0,0,1,0,2
1,10535,1,1,0,0,0,2,2,51,0,31,8,2016,4,4,19,0,1,4,1,3,SR-14,,1840,32.575,-86.012,0,34,0,0,1,1,0,4,2,1,0,1,0,0,4,56,5,6,99,99,20,0,0,1,0,2
1,10537,1,1,0,0,0,1,1,47,0,1,9,2016,5,3,30,1,1,3,1,3,SR-5,,369,32.293,-87.362,0,1,0,0,1,1,0,4,2,1,0,1,0,0,99,99,4,40,88,88,0,0,0,1,0,1
1,10542,1,1,0,1,1,1,1,97,2100,2,9,2016,6,22,44,0,2,4,1,3,SR-163,,20,30.579,-88.084,0,8,0,0,1,1,0,1,2,10,0,10,0,0,99,99,22,49,88,88,0,0,0,1,0,2
1,10545,2,2,0,0,0,2,2,125,3050,4,9,2016,1,11,38,1,2,3,1,3,SR-7,DINAH WASHINGTON AVE,0,33.2,-87.574,0,12,2,0,2,2,0,1,1,1,0,1,0,0,99,99,99,99,99,99,0,0,0,1,0,2
1,10550,2,2,0,0,0,3,3,121,0,6,9,2016,3,12,0,1,1,3,1,3,SR-38,OLD SYLACAUGA HWY,372,33.222,-86.32,0,12,6,0,2,2,0,1,1,1,0,1,0,0,99,99,12,5,99,99,0,0,0,1,0,2
1,10551,2,2,0,0,0,3,3,127,0,6,9,2016,3,11,10,0,1,4,1,3,SR-69,,2115,33.865,-87.169,0,12,2,0,1,1,0,1,1,1,0,1,0,0,11,13,11,26,12,5,0,0,0,1,0,2
1,10552,1,1,0,0,0,1,1,121,1870,7,9,2016,4,16,24,1,1,3,1,3,SR-77,,745,33.587,-86.125,0,34,0,0,1,1,0,4,1,1,0,1,0,0,16,26,16,30,88,88,0,0,0,1,0,1
1,10554,1,1,0,1,1,1,1,43,830,9,9,2016,6,21,13,1,2,3,1,3,SR-157,,0,34.207,-86.877,0,8,0,0,1,1,0,1,2,10,0,10,0,0,99,99,21,26,88,88,23,0,0,1,0,2