STATE,ST_CASE,VE_TOTAL,VE_FORMS,PVH_INVL,PEDS,PERNOTMVIT,PERMVIT,PERSONS,COUNTY,CITY,DAY,MONTH,YEAR,DAY_WEEK,HOUR,MINUTE,NHS,RUR_URB,FUNC_SYS,RD_OWNER,ROUTE,TWAY_ID,TWAY_ID2,MILEPT,LATITUDE,LONGITUD,SP_JUR,HARM_EV,MAN_COLL,RELJCT1,RELJCT2,TYP_INT,WRK_ZONE,REL_ROAD,LGT_COND,WEATHER1,WEATHER2,WEATHER,SCH_BUS,RAIL,NOT_HOUR,NOT_MIN,ARR_HOUR,ARR_MIN,HOSP_HR,HOSP_MN,CF1,CF2,CF3,FATALS,DRUNK_DR,RANK
1,10555,1,1,0,0,0,1,1,1,0,9,9,2016,6,12,30,0,1,4,1,3,SR-14,,1295,32.468,-86.825,0,42,0,0,1,1,0,4,1,1,0,1,0,0,99,99,12,50,88,88,0,0,0,1,0,2
1,10557,2,2,0,0,0,6,6,49,0,22,5,2016,1,9,0,1,1,1,1,1,I-59,,2275,34.562,-85.668,0,12,7,0,1,1,0,1,1,1,0,1,0,0,9,22,9,35,9,59,0,0,0,1,0,1
1,10558,1,1,0,0,0,1,1,97,0,9,5,2016,2,23,15,1,2,1,1,1,I-10,,115,30.544,-88.226,0,1,0,0,1,1,0,4,2,10,0,10,0,0,99,99,23,35,88,88,0,0,0,1,1,1
1,10560,2,2,0,0,0,3,3,43,1310,28,5,2016,7,16,10,0,1,5,1,2,US-SR 3,MULBERRY LANE,3130,33.999,-86.751,0,12,6,0,2,3,0,1,1,1,0,1,0,0,99,99,16,25,99,99,0,0,0,1,0,1
1,10561,1,1,0,0,0,1,1,125,0,18,5,2016,4,19,10,0,1,3,1,3,SR-69,,1564,33.346,-87.561,0,53,0,0,1,1,0,4,5,1,0,1,0,0,19,16,19,33,19,52,0,0,0,1,0,2
1,10564,1,1,0,0,0,2,2,121,0,8,5,2016,1,4,55,1,1,3,1,3,SR-21,,2383,33.505,-86.003,0,1,0,0,1,1,0,4,2,1,0,1,0,0,5,20,5,44,6,24,0,0,0,1,0,2
1,10565,2,2,0,0,0,2,2,21,0,18,5,2016,4,13,15,0,1,4,1,2,US-SR 3,,2155,32.783,-86.556,0,12,2,0,1,1,0,1,1,1,0,1,0,0,13,6,13,13,13,56,0,0,0,1,0,1
1,10568,2,2,0,0,0,2,2,3,0,2,5,2016,2,20,5,0,1,5,1,3,SR-180,,48,30.234,-87.945,0,12,1,0,1,1,0,1,2,10,0,10,0,0,20,10,20,25,88,88,0,0,0,1,1,1
1,10571,2,2,0,0,0,6,6,101,0,23,5,2016,2,9,52,1,2,3,1,2,US-SR 6,,1645,32.27,-86.169,0,12,1,0,1,1,0,1,1,1,0,1,0,0,99,99,9,58,99,99,20,0,0,1,0,1
1,10572,3,3,0,0,0,9,9,69,0,27,5,2016,6,15,30,1,1,3,1,2,US-SR 1,,10,31.01,-85.408,0,12,7,0,1,1,0,1,1,1,0,1,0,0,15,36,15,48,16,9,0,0,0,2,1,0
1,10578,1,1,0,0,0,2,2,25,0,11,9,2016,1,15,50,1,1,3,1,2,US-SR 13,,826,31.791,-87.757,0,1,0,0,1,1,0,4,1,2,0,2,0,0,15,55,16,2,16,52,0,0,0,1,0,0
1,10580,2,2,0,0,0,2,2,1,0,11,9,2016,1,2,30,1,1,3,1,2,US-SR 6,,1345,32.489,-86.543,0,12,2,0,1,1,0,1,2,1,0,1,0,0,99,99,2,50,99,99,0,0,0,1,0,1
1,10581,2,2,0,0,0,2,2,125,0,12,9,2016,2,16,0,1,1,3,1,2,US-SR 6,,639,33.052,-87.426,0,12,1,0,1,1,0,1,1,1,0,1,0,0,99,99,16,20,88,88,23,0,0,1,0,1
1,10582,1,1,0,1,1,3,3,103,890,12,9,2016,2,20,26,1,2,3,1,2,US-SR 3,,0,34.538,-86.974,0,8,0,0,1,1,0,1,3,1,0,1,0,0,99,99,20,31,88,88,0,0,0,1,0,1
1,10583,2,2,0,0,0,3,3,27,0,13,9,2016,3,13,45,0,1,4,1,3,SR-9,,1940,33.381,-85.701,0,12,2,0,1,1,0,1,1,1,0,1,0,0,99,99,14,15,99,99,0,0,0,2,0,2
1,10585,1,1,0,0,0,1,1,7,0,15,9,2016,5,16,45,1,1,3,1,2,US-SR 6,,743,33.024,-87.263,0,32,0,0,1,1,0,4,1,1,0,1,0,0,99,99,17,5,99,99,0,0,0,1,0,1
1,10587,1,1,0,2,2,3,3,113,2440,17,9,2016,7,6,17,1,2,3,1,2,US-SR 1,,1119,32.454,-85.012,0,8,0,0,1,1,0,1,3,1,0,1,0,0,99,99,6,32,99,99,0,0,0,2,0,0
1,10589,1,1,0,0,0,2,2,89,1730,17,9,2016,7,4,41,1,1,3,1,3,SR-53,,3240,34.779,-86.657,0,33,0,0,1,1,0,8,3,10,0,10,0,0,4,41,4,54,5,30,0,0,0,1,0,2
1,10590,1,1,0,0,0,1,1,115,2560,18,9,2016,1,4,10,0,1,4,1,3,SR-144,,82,33.716,-86.16,0,32,0,0,1,1,0,4,2,10,0,10,0,0,6,11,6,18,88,88,0,0,0,1,0,2
1,10591,4,4,0,0,0,7,7,115,0,18,9,2016,1,1,5,1,2,1,1,1,I-20,,1600,33.607,-86.26,0,12,1,0,1,1,0,1,2,1,0,1,0,0,1,26,1,41,2,5,14,0,0,1,0,1
1,10592,4,4,0,0,0,6,6,97,2100,24,9,2016,7,21,10,1,2,1,1,1,I-10,,240,30.656,-88.066,0,1,0,0,1,1,0,1,3,1,0,1,0,0,21,13,21,20,88,88,14,0,0,1,0,1
1,10593,2,2,0,1,1,2,2,97,2100,29,9,2016,5,21,5,1,2,1,1,1,I-65,,58,30.707,-88.122,0,8,0,0,1,1,0,1,3,1,0,1,0,0,21,7,21,16,21,32,19,0,0,1,0,1
1,10594,1,1,0,0,0,1,1,3,0,4,10,2016,3,5,10,1,1,1,1,1,I-65,,323,30.951,-87.85,0,42,0,0,1,1,0,3,2,1,0,1,0,0,99,99,99,99,88,88,0,0,0,1,0,1
1,10595,2,2,0,0,0,6,6,97,2100,5,10,2016,4,9,18,1,2,1,1,1,I-10,,201,30.626,-88.121,0,12,7,1,18,1,0,1,1,1,0,1,0,0,9,18,9,26,9,51,0,0,0,1,0,1
1,10596,2,2,0,0,0,3,3,13,0,5,10,2016,4,14,10,1,1,1,1,1,I-65,,1125,31.637,-86.79,0,12,1,0,1,1,1,1,1,1,0,1,0,0,99,99,14,32,99,99,26,0,0,1,0,1
1,10598,1,1,0,0,0,1,1,21,700,6,10,2016,5,11,10,1,2,1,1,1,I-65,,2076,32.833,-86.591,0,52,0,1,19,1,0,4,1,1,0,1,0,0,99,99,11,20,88,88,0,0,0,1,0,1
1,10599,1,1,0,0,0,1,1,73,0,8,10,2016,7,23,29,1,2,1,1,1,I-20,,1341,33.539,-86.691,0,1,0,0,1,1,0,3,2,1,0,1,0,0,23,22,23,25,88,88,0,0,0,1,0,1
1,10600,4,4,0,0,0,4,4,83,0,9,10,2016,1,15,50,1,1,1,1,1,I-65,,3370,34.582,-86.906,0,12,1,0,1,1,0,1,1,1,0,1,0,0,99,99,99,99,88,88,26,0,0,1,0,1
1,10601,2,2,0,0,0,3,3,83,0,12,10,2016,4,15,14,1,2,1,1,1,I-65,,3486,34.747,-86.938,0,12,1,0,1,1,1,1,1,1,0,1,0,0,15,21,15,31,16,12,0,0,0,1,0,1
1,10602,2,2,0,0,0,3,3,3,0,12,10,2016,4,12,40,1,1,1,1,1,I-65,SR-59,340,30.954,-87.823,0,12,6,1,5,1,0,1,1,1,0,1,0,0,99,99,12,55,99,99,20,0,0,1,0,1
1,10603,1,1,0,0,0,1,1,115,0,18,10,2016,3,6,0,1,1,1,1,1,I-59,,1539,33.768,-86.466,0,21,0,0,1,1,0,3,2,1,0,1,0,0,99,99,99,99,88,88,0,0,0,1,0,1
1,10604,1,1,0,0,0,1,1,73,350,23,10,2016,1,7,8,1,2,1,1,1,I-59,,1330,33.576,-86.715,0,24,0,0,1,1,0,3,1,1,0,1,0,0,7,11,7,18,88,88,0,0,0,1,0,1
1,10608,1,1,0,1,1,1,1,3,0,15,9,2016,5,5,59,0,2,5,2,4,CR-12,,0,30.356,-87.706,0,8,0,0,1,1,0,1,2,1,0,1,0,0,99,99,6,15,88,88,0,0,0,1,0,2
1,10610,2,2,0,0,0,4,4,33,3060,17,9,2016,7,15,9,0,2,3,1,3,SR-2,,220,34.709,-87.742,0,1,0,0,1,1,0,3,1,2,0,2,0,0,99,99,15,16,99,99,0,0,0,1,0,2
1,10612,1,1,0,1,1,1,1,97,2100,19,9,2016,2,19,25,1,2,3,1,3,SR-193,,0,30.596,-88.155,0,8,0,0,1,1,0,1,3,1,0,1,0,0,19,30,19,35,19,49,23,0,0,1,0,2
1,10613,1,1,0,0,0,3,3,99,0,20,9,2016,3,10,48,0,1,5,2,4,CR-20,,0,31.486,-87.245,0,1,0,0,1,1,0,4,1,1,0,1,0,0,10,52,11,2,11,21,0,0,0,1,0,2
1,10615,1,1,0,0,0,1,1,19,1852,22,9,2016,5,10,14,0,1,4,1,3,SR-68,,0,34.201,-85.771,0,59,0,0,1,1,0,4,1,1,0,1,0,0,99,99,10,23,99,99,0,0,0,1,0,2
1,10616,2,2,0,0,0,3,3,3,1493,20,9,2016,3,22,46,0,2,7,1,3,SR-59,COVE AVE,10,30.269,-87.688,0,12,6,0,2,3,0,1,3,1,0,1,0,0,22,50,22,52,23,36,0,0,0,1,0,2
1,10620,1,1,0,0,0,7,7,77,0,24,9,2016,7,3,35,0,1,7,2,4,CR-3,,0,35.004,-88.103,0,34,0,0,1,1,0,4,2,1,0,1,0,0,3,59,4,53,6,9,0,0,0,1,1,2
1,10623,1,1,0,0,0,1,1,69,0,24,9,2016,7,0,0,0,2,3,1,3,SR-53,,140,31.142,-85.333,0,38,0,0,1,1,0,4,2,1,0,1,0,0,99,99,0,10,88,88,0,0,0,1,0,2
1,10629,1,1,0,1,1,2,2,125,0,27,9,2016,3,20,25,1,1,3,1,3,SR-13,,2084,33.382,-87.61,0,8,0,0,1,1,0,1,2,1,0,1,0,0,99,99,20,36,99,99,0,0,0,1,0,2
1,10630,2,2,0,0,0,3,3,37,0,29,9,2016,5,17,17,0,1,4,1,3,SR-9,US 280,1564,32.984,-86.066,0,12,6,0,2,2,0,1,1,1,0,1,0,0,17,32,18,7,19,6,0,0,0,2,0,2
1,10632,1,1,0,1,1,1,1,45,2230,29,9,2016,5,19,30,0,1,5,1,3,SR-123,,178,31.309,-85.6,0,8,0,0,1,1,0,1,2,1,0,1,0,0,99,99,10,18,88,88,0,0,0,1,0,2
1,10633,2,2,0,0,0,2,2,67,0,29,9,2016,5,7,30,1,1,3,1,2,US-SR 1,,441,31.608,-85.277,0,12,1,0,8,1,0,1,1,1,0,1,0,0,99,99,7,47,99,99,0,0,0,1,0,0
1,10639,2,2,0,0,0,2,2,45,0,30,9,2016,6,9,5,0,2,4,1,3,SR-27,JOHNTOWN RD,487,31.448,-85.609,0,12,6,0,2,3,0,1,1,1,0,1,0,0,9,11,9,17,9,47,14,0,0,1,0,2
1,10642,2,2,0,0,0,2,2,101,0,1,10,2016,7,2,40,1,1,3,1,3,SR-6,,1706,32.2,-86.118,0,1,0,0,1,1,0,4,2,1,0,1,0,0,99,99,3,1,88,88,14,0,0,1,0,2
1,10645,1,1,0,0,0,1,1,49,0,2,10,2016,1,21,3,0,1,4,1,3,SR-68,,142,34.307,-85.923,0,42,0,0,1,1,0,4,2,1,0,1,0,0,99,99,21,10,88,88,0,0,0,1,0,2
1,10646,2,2,0,0,0,3,3,13,0,3,10,2016,2,18,51,0,1,5,1,3,SR-106,CR-17,89,31.661,-86.785,0,12,6,0,3,3,0,1,2,1,0,1,0,0,99,99,19,2,88,88,20,0,0,1,0,2
1,10649,2,2,0,0,0,2,2,7,3240,4,10,2016,3,11,55,1,1,3,1,3,SR-5,CR-27,995,33.134,-87.145,0,12,6,0,2,2,0,1,1,1,0,1,0,0,99,99,12,14,88,88,0,0,0,1,0,1
1,10650,1,1,0,0,0,3,3,91,0,6,10,2016,5,14,45,1,1,3,1,3,SR-13,,1304,32.453,-87.789,0,1,0,0,1,1,0,4,1,1,0,1,0,0,99,99,15,15,99,99,0,0,0,1,0,2
1,10652,1,1,0,0,0,1,1,111,0,6,10,2016,5,13,20,0,1,4,1,3,SR-48,,267,33.311,-85.485,0,42,0,0,1,1,0,4,1,1,0,1,0,0,99,99,13,40,88,88,0,0,0,1,0,1
1,10653,3,3,0,0,0,4,4,107,0,7,10,2016,6,19,0,1,1,3,1,2,US-SR 6,,277,33.299,-87.879,0,12,2,0,1,1,0,1,2,1,0,1,0,0,99,99,19,4,99,99,0,0,0,1,0,1
1,10655,1,1,0,0,0,1,1,65,0,7,10,2016,6,0,45,0,1,4,1,3,SR-69,,1144,32.789,-87.59,0,1,0,0,1,1,0,4,2,1,0,1,0,0,99,99,99,99,88,88,0,0,0,1,0,2
1,10657,1,1,0,0,0,7,7,31,0,8,10,2016,7,22,0,0,1,4,1,3,SR-167,,461,31.588,-85.94,0,42,0,0,1,1,1,4,2,1,0,1,0,0,99,99,22,20,99,99,0,0,0,2,0,2
1,10661,1,1,0,0,0,1,1,89,0,9,10,2016,1,8,30,1,2,3,1,2,US-SR 1,,3452,34.88,-86.568,0,34,0,0,1,1,0,4,1,1,0,1,0,0,8,27,8,37,88,88,0,0,0,1,0,0
1,10662,1,1,0,1,1,2,2,5,1050,9,10,2016,1,21,0,1,2,3,1,2,US-SR 1,,660,31.886,-85.145,0,8,0,0,1,1,0,1,3,1,0,1,0,0,21,1,21,5,21,23,0,0,0,1,1,0
1,10663,1,1,0,0,0,1,1,73,1315,10,10,2016,2,3,53,0,2,4,1,2,US-SR 3,,2890,33.716,-86.824,0,32,0,0,1,1,0,3,2,1,0,1,0,0,99,99,4,5,88,88,0,0,0,1,0,1
1,10666,1,1,0,0,0,1,1,101,2130,10,10,2016,2,8,12,1,2,2,1,3,SR-152,,56,32.422,-86.246,0,42,0,0,1,1,0,3,1,1,0,1,0,0,99,99,8,15,88,88,0,0,0,1,0,1
1,10667,1,1,0,0,0,1,1,113,0,12,10,2016,4,11,15,0,1,5,1,3,SR-51,,926,32.342,-85.401,0,34,0,0,1,1,0,4,1,1,0,1,0,0,99,99,99,99,88,88,0,0,0,1,0,2
1,10669,1,1,0,0,0,3,3,75,0,13,10,2016,5,22,30,0,1,4,1,3,SR-17,,2490,33.833,-88.114,0,1,0,0,1,1,0,4,2,1,0,1,0,0,22,41,22,53,23,27,20,0,0,1,1,2
1,10672,1,1,0,1,1,1,1,69,930,14,10,2016,6,4,50,1,2,3,1,3,SR-210,,126,31.192,-85.383,0,8,0,0,1,1,0,1,2,1,0,1,0,0,99,99,4,54,88,88,0,0,0,1,0,2
1,10673,2,2,0,0,0,3,3,29,0,14,10,2016,6,0,45,0,1,4,1,3,SR-46,,69,33.626,-85.478,0,12,2,0,1,1,0,1,2,1,0,1,0,0,99,99,0,52,88,88,0,0,0,1,0,1
1,10674,1,1,0,0,0,1,1,9,0,15,10,2016,7,0,45,1,1,3,1,3,SR-79,,330,33.964,-86.588,0,42,0,0,1,1,0,4,2,1,0,1,0,0,99,99,1,2,88,88,0,0,0,1,0,1
1,10675,1,1,0,0,0,1,1,31,0,16,10,2016,1,4,0,0,1,4,1,3,SR-87,SR-134,240,31.311,-86.034,0,34,0,0,3,3,0,4,2,1,0,1,0,0,99,99,10,32,88,88,0,0,0,1,1,1
1,10678,1,1,0,0,0,1,1,101,0,17,10,2016,2,4,21,1,1,3,1,3,SR-6,,1650,32.265,-86.163,0,52,0,0,1,1,0,3,2,1,0,1,0,0,99,99,4,50,88,88,0,0,0,1,0,2
1,10680,1,1,0,1,1,1,1,73,350,18,10,2016,3,21,38,1,2,3,1,3,SR-3,,2740,33.523,-86.8,0,8,0,0,1,1,0,1,3,1,0,1,0,0,99,99,21,55,88,88,0,0,0,1,0,2
1,10685,2,2,0,0,0,3,3,39,2580,20,10,2016,5,22,15,0,1,4,1,3,SR-55,CR-82,371,31.407,-86.602,0,12,6,0,2,2,0,1,2,1,0,1,0,0,22,25,22,34,99,99,0,0,0,1,0,2
1,10686,2,2,0,0,0,3,3,113,0,21,10,2016,6,19,22,0,2,4,1,3,SR-165,THREE LAKES DR,315,32.41,-85.037,0,12,6,0,3,3,0,1,2,1,0,1,0,0,99,99,19,31,99,99,0,0,0,1,0,2
1,10688,1,1,0,0,0,1,1,77,0,24,10,2016,2,5,30,0,1,4,1,3,SR-20,,145,34.856,-87.759,0,34,0,0,1,1,0,4,2,1,0,1,0,0,99,99,8,45,88,88,0,0,0,1,0,2
1,10689,2,2,0,0,0,2,2,73,0,8,11,2016,3,13,25,1,1,1,1,1,I-65,,2811,33.8,-86.825,0,12,1,0,1,1,0,1,1,1,0,1,0,0,99,99,13,27,88,88,0,0,0,1,0,1
1,10690,3,3,0,0,0,3,3,35,0,16,10,2016,1,17,50,1,1,1,1,1,I-65,,1009,31.508,-86.921,0,12,1,0,1,1,0,1,1,10,0,10,0,0,99,99,18,30,99,99,0,0,0,1,0,1
1,10691,2,2,0,1,1,1,1,97,2100,23,10,2016,1,13,13,1,2,3,1,1,I-65,,70,30.725,-88.12,0,8,0,0,1,1,0,1,1,1,0,1,0,0,13,18,13,24,88,88,0,0,0,1,0,1
1,10692,1,1,0,0,0,2,2,9,0,29,10,2016,7,13,37,1,1,1,1,1,I-65,,2842,33.845,-86.826,0,25,0,0,1,1,0,3,1,1,0,1,0,0,13,37,13,43,14,11,0,0,0,1,0,1
1,10693,2,2,0,0,0,5,5,1,0,30,10,2016,1,5,0,1,1,1,1,1,I-65,,1963,32.684,-86.514,0,12,1,0,1,1,0,1,2,1,0,1,0,0,99,99,5,15,99,99,0,0,0,1,1,1
1,10694,1,1,0,0,0,8,8,13,0,20,11,2016,1,15,12,1,1,1,1,1,I-65,,1238,31.773,-86.692,0,1,0,0,1,1,0,1,1,1,0,1,0,0,99,99,15,31,99,99,0,0,0,2,0,1
1,10696,1,1,0,0,0,1,1,85,0,22,11,2016,3,16,5,1,1,1,1,1,I-65,,1576,32.196,-86.417,0,24,0,0,1,1,0,3,1,1,0,1,0,0,99,99,16,20,88,88,0,0,0,1,0,1
1,10697,2,2,0,0,0,2,2,43,0,23,11,2016,4,4,14,1,1,1,1,1,I-65,,2944,33.984,-86.86,0,12,1,0,1,1,0,1,2,1,0,1,0,0,99,99,4,30,88,88,27,0,0,1,0,1
1,10698,2,2,0,0,0,2,2,117,0,25,11,2016,6,4,10,1,2,1,1,1,I-65,,2299,33.116,-86.741,0,12,2,0,1,1,0,1,2,10,0,10,0,0,99,99,4,10,88,88,0,0,0,2,0,1
1,10702,1,1,0,1,1,5,5,93,3300,24,9,2016,7,20,1,0,1,4,1,3,SR-118,,266,33.931,-87.81,0,8,0,0,1,1,0,1,3,1,0,1,0,0,20,3,20,44,21,22,0,0,0,1,0,2
1,10704,1,1,0,0,0,1,1,131,0,8,10,2016,7,2,30,0,1,4,1,3,SR-10,,814,31.989,-87.244,0,30,0,0,1,1,0,4,2,1,0,1,0,0,99,99,3,10,88,88,0,0,0,1,1,2
1,10706,1,1,0,0,0,1,1,117,2120,9,10,2016,1,3,0,0,2,3,1,3,SR-119,,0,33.139,-86.825,0,42,0,0,1,1,0,4,2,1,0,1,0,0,99,99,3,21,88,88,0,0,0,1,0,2
1,10707,3,3,0,0,0,10,10,131,0,9,10,2016,1,13,0,1,1,3,1,3,SR-5,CR-29,322,32.232,-87.41,0,12,2,0,2,3,0,1,1,1,0,1,0,0,99,99,13,43,99,99,0,0,0,1,0,1
1,10711,2,2,0,0,0,4,4,47,0,15,10,2016,7,19,0,0,1,4,1,3,SR-14,,1127,32.45,-87.077,0,12,2,0,1,1,0,1,2,1,0,1,0,0,19,25,19,54,99,99,0,0,0,1,0,2
1,10712,2,2,0,0,0,2,2,39,2580,16,10,2016,1,12,1,0,1,4,1,3,SR-55,GANTT RED LEVEL RD,370,31.407,-86.602,0,12,6,0,2,2,0,1,1,1,0,1,0,0,12,8,12,35,99,99,0,0,0,1,0,2
1,10713,1,1,0,0,0,1,1,91,0,16,10,2016,1,6,0,0,1,5,2,4,CR-19,,0,32.44,-87.831,0,32,0,0,1,1,0,5,1,1,0,1,0,0,99,99,99,99,88,88,0,0,0,1,0,2
1,10716,2,2,0,0,0,3,3,37,0,18,10,2016,3,8,1,0,1,5,1,3,SR-115,SR-9,0,32.934,-86.061,0,12,6,0,2,4,0,1,2,1,0,1,0,0,99,99,20,13,99,99,0,0,0,1,0,2
1,10717,2,2,0,0,0,3,3,127,0,20,10,2016,5,13,52,0,1,4,1,3,SR-69,,2138,33.895,-87.156,0,12,6,0,8,1,0,1,1,1,0,1,0,0,13,55,14,5,15,15,0,0,0,1,0,2
1,10723,1,1,0,0,0,1,1,55,400,25,10,2016,3,11,24,1,2,3,1,2,US-SR 1,,2766,34.151,-86.13,0,42,0,0,1,1,0,4,1,1,0,1,0,0,11,21,11,26,12,13,0,0,0,1,0,0
1,10725,1,1,0,0,0,1,1,3,1493,26,10,2016,4,6,7,0,2,4,1,3,SR-180,,0,30.279,-87.671,0,3,0,0,1,1,0,4,6,1,0,1,0,0,99,99,6,11,88,88,0,0,0,1,0,1
1,10726,1,1,0,0,0,1,1,125,0,26,10,2016,4,1,55,1,2,3,1,2,US-SR 6,,561,33.138,-87.506,0,34,0,0,1,1,0,4,2,1,0,1,0,0,2,3,2,12,2,41,0,0,0,1,0,1
1,10730,2,2,0,0,0,3,3,39,1714,28,10,2016,6,11,5,1,1,3,1,3,SR-299,CR-85,6456,31.26,-86.298,0,12,6,0,2,2,0,1,1,1,0,1,0,0,99,99,11,21,88,88,0,0,0,2,0,0
1,10731,3,3,0,0,0,5,5,121,0,29,10,2016,7,17,40,1,1,3,1,3,SR-21,,2201,33.313,-86.197,0,12,6,0,1,1,0,1,1,1,0,1,0,0,99,99,17,50,99,99,0,0,0,2,1,2
1,10738,1,1,0,0,0,1,1,89,0,30,10,2016,1,22,10,1,2,3,1,3,SR-2,,1061,34.758,-86.473,0,1,0,0,1,1,0,1,3,1,0,1,0,0,99,99,10,32,88,88,0,0,0,1,0,2
1,10739,3,3,0,0,0,4,4,69,930,31,10,2016,2,7,19,1,2,3,1,3,SR-210,WESLEY WAY,0,31.221,-85.432,0,12,1,0,3,3,0,1,1,1,0,1,0,0,7,20,7,25,7,43,0,0,0,1,0,2
1,10745,2,2,0,0,0,3,3,57,320,2,11,2016,4,13,28,1,1,3,1,3,SR-13,CR-30,2310,33.693,-87.645,0,12,6,0,2,2,0,1,1,1,0,1,0,0,13,56,13,58,14,38,0,0,0,1,0,2
1,10746,1,1,0,1,1,1,1,95,1500,3,11,2016,5,6,0,1,2,3,1,2,US-SR 1,,3018,34.423,-86.263,0,8,0,0,1,1,0,1,2,1,0,1,0,0,6,3,6,3,88,88,0,0,0,1,0,0
1,10747,1,1,0,2,2,2,2,15,0,3,11,2016,5,18,45,1,2,3,1,3,SR-21,DOGWOOD CIR,2640,33.774,-85.766,0,8,0,0,3,2,0,1,2,1,0,1,0,0,18,50,18,53,19,42,0,0,0,1,0,2
1,10748,1,1,0,1,1,1,1,33,3060,4,11,2016,6,19,24,1,2,3,1,3,SR-2,,230,34.712,-87.718,0,8,0,0,1,1,0,1,2,10,0,10,0,0,99,99,19,27,99,99,0,0,0,1,0,2
1,10749,2,2,0,0,0,3,3,83,9997,4,11,2016,6,12,40,1,1,3,1,3,SR-20,,0,34.629,-86.944,0,12,1,0,1,1,0,1,1,1,0,1,0,0,99,99,12,48,99,99,0,0,0,2,0,2
1,10750,1,1,0,1,1,1,1,97,0,4,11,2016,6,7,50,1,1,3,1,2,US-SR 13,,250,31.08,-88.022,0,8,0,0,1,1,0,2,1,1,0,1,0,0,99,99,99,99,88,88,0,0,0,1,0,0
1,10752,1,1,0,0,0,1,1,21,0,5,11,2016,7,20,0,0,1,4,1,3,SR-155,,9,32.994,-86.771,0,42,0,0,1,1,0,4,2,1,0,1,0,0,99,99,20,40,88,88,0,0,0,1,1,1
1,10753,2,2,0,0,0,3,3,53,0,5,11,2016,7,9,50,0,1,5,2,4,CR-4,CR-51,0,31.027,-86.705,0,12,6,0,2,2,0,1,1,1,0,1,0,0,9,56,10,21,99,99,0,0,0,1,0,2
1,10757,2,2,0,0,0,3,3,125,0,7,11,2016,2,17,14,1,2,3,1,2,US-SR 6,FORESTDALE DR,553,33.144,-87.517,0,12,6,0,2,3,0,1,2,10,0,10,0,0,17,19,17,24,99,99,20,0,0,1,0,1
1,10758,1,1,0,0,0,1,1,79,0,7,11,2016,2,1,25,0,1,4,1,3,SR-36,,80,34.417,-87.159,0,32,0,0,1,1,0,4,2,1,0,1,0,0,99,99,1,49,88,88,20,0,0,1,0,1
1,10760,2,2,0,0,0,3,3,71,0,10,11,2016,5,13,35,0,1,5,1,3,SR-71,CR-88,112,34.669,-85.824,0,12,6,0,2,2,0,1,1,1,0,1,0,0,13,23,13,25,14,4,0,0,0,1,0,2
1,10761,1,1,0,0,0,1,1,41,0,10,11,2016,5,20,15,0,1,5,1,3,SR-106,AIKEN RD,294,31.626,-86.458,0,35,0,0,3,3,0,4,2,1,0,1,0,0,99,99,20,28,88,88,0,0,0,1,0,2
1,10762,6,6,0,0,0,7,7,89,1730,10,11,2016,5,7,26,1,2,2,1,2,US-SR 1,,3345,34.73,-86.596,0,12,1,1,18,1,0,1,1,1,0,1,0,0,99,99,7,31,99,99,26,0,0,1,0,0
1,10765,1,1,0,0,0,1,1,113,0,11,11,2016,6,7,13,0,1,4,1,3,SR-169,,30,32.366,-85.186,0,42,0,0,1,1,0,4,1,1,0,1,0,0,99,99,8,28,88,88,0,0,0,1,1,2
1,10769,1,1,0,0,0,1,1,71,0,14,11,2016,2,13,45,0,1,5,1,3,SR-117,,427,34.912,-85.876,0,1,0,0,1,1,0,5,1,1,0,1,0,0,13,49,14,0,88,88,0,0,0,1,0,2
1,10770,2,2,0,0,0,2,2,105,0,14,11,2016,2,11,30,1,1,3,1,3,SR-5,,742,32.797,-87.27,0,12,2,0,8,1,0,1,1,1,0,1,0,0,99,99,12,18,88,88,0,0,0,1,0,1
1,10773,2,2,0,0,0,3,3,127,0,16,11,2016,4,16,8,0,1,4,1,3,SR-69,,2175,33.907,-87.095,0,12,2,0,1,1,0,1,1,1,0,1,0,0,16,31,16,31,16,53,0,0,0,1,0,2
1,10775,2,2,0,0,0,4,4,41,0,17,11,2016,5,19,25,1,1,3,1,3,SR-9,,650,31.855,-86.292,0,12,2,0,1,1,0,1,2,1,0,1,0,0,19,35,19,44,20,54,0,0,0,1,0,2
1,10776,1,1,0,0,0,1,1,1,0,18,11,2016,6,3,0,0,2,7,2,4,CR-12,,0,32.492,-86.454,0,34,0,0,1,1,0,4,2,10,0,10,0,0,3,40,3,47,88,88,0,0,0,1,1,2
1,10777,1,1,0,1,1,1,1,77,0,19,11,2016,7,3,0,0,1,4,1,3,SR-20,,166,34.834,-87.735,0,8,0,0,1,1,0,1,2,1,0,1,0,0,99,99,3,34,88,88,19,0,0,1,0,2
1,10779,1,1,0,0,0,1,1,111,0,20,11,2016,1,6,19,0,1,4,1,3,SR-48,,124,33.304,-85.536,0,42,0,0,1,1,0,4,1,1,0,1,0,0,6,23,6,26,88,88,0,0,0,1,0,1
1,10782,1,1,0,0,0,2,2,15,0,23,11,2016,4,23,50,0,1,4,1,3,SR-204,,32,33.851,-85.864,0,42,0,0,1,1,0,4,2,1,0,1,0,0,0,18,0,18,88,88,18,0,0,1,1,2
1,10786,1,1,0,2,2,1,1,45,2380,27,11,2016,1,17,54,1,2,4,1,3,SR-249,,30,31.419,-85.679,0,8,0,0,1,1,0,1,3,1,0,1,0,0,17,57,18,2,18,42,0,0,0,2,0,2
1,10787,2,2,0,0,0,3,3,119,0,22,12,2016,5,22,50,1,1,1,1,1,I-59,,258,32.724,-88.115,0,12,7,0,1,1,0,1,2,1,0,1,0,0,22,44,23,10,99,99,0,0,0,1,0,1
1,10788,1,1,0,1,1,1,1,97,2100,30,12,2016,6,23,40,1,2,1,1,1,I-65,,36,30.687,-88.126,0,8,0,0,1,1,0,1,3,1,0,1,0,0,99,99,23,42,88,88,0,0,0,1,0,1