STATE,ST_CASE,VE_TOTAL,VE_FORMS,PVH_INVL,PEDS,PERNOTMVIT,PERMVIT,PERSONS,COUNTY,CITY,DAY,MONTH,YEAR,DAY_WEEK,HOUR,MINUTE,NHS,RUR_URB,FUNC_SYS,RD_OWNER,ROUTE,TWAY_ID,TWAY_ID2,MILEPT,LATITUDE,LONGITUD,SP_JUR,HARM_EV,MAN_COLL,RELJCT1,RELJCT2,TYP_INT,WRK_ZONE,REL_ROAD,LGT_COND,WEATHER1,WEATHER2,WEATHER,SCH_BUS,RAIL,NOT_HOUR,NOT_MIN,ARR_HOUR,ARR_MIN,HOSP_HR,HOSP_MN,CF1,CF2,CF3,FATALS,DRUNK_DR,RANK
1,10789,1,1,0,0,0,2,2,21,700,31,8,2016,4,4,30,1,2,1,1,1,I-65,LAKE MITCHELL RD,2083,32.844,-86.595,0,25,0,1,5,1,0,4,4,1,0,1,0,0,99,99,4,37,88,88,0,0,0,1,0,1
1,10790,1,1,0,0,0,4,4,87,0,25,11,2016,6,10,14,1,1,1,1,1,I-85,,234,32.417,-85.943,0,52,0,0,1,1,0,3,1,1,0,1,0,0,99,99,10,19,99,99,0,0,0,1,0,1
1,10791,1,1,0,0,0,1,1,87,0,4,12,2016,1,9,16,1,1,1,1,1,I-85,,441,32.502,-85.612,0,42,0,0,1,1,0,5,1,2,0,2,0,0,99,99,9,31,88,88,0,0,0,1,0,1
1,10792,1,1,0,0,0,2,2,3,0,5,12,2016,2,14,50,1,1,1,1,1,I-65,,332,30.953,-87.834,0,42,0,0,1,1,0,4,1,2,0,2,0,0,14,33,14,49,15,18,0,0,0,1,0,1
1,10795,1,1,0,0,0,1,1,17,1820,30,10,2016,1,19,4,0,1,4,1,3,SR-77,,10,32.918,-85.408,0,42,0,0,1,1,0,4,2,1,0,1,0,0,99,99,19,16,88,88,0,0,0,1,0,1
1,10796,2,2,0,0,0,2,2,17,0,1,11,2016,3,14,25,1,1,3,1,2,US-SR 1,CR-249,1765,33.097,-85.342,0,12,6,0,3,3,0,1,1,1,0,1,0,0,14,25,14,38,99,99,0,0,0,1,0,0
1,10797,2,2,0,0,0,2,2,21,0,16,11,2016,4,6,25,0,1,4,1,3,SR-191,CR-50,96,32.922,-86.795,0,12,6,0,2,2,0,1,4,5,0,5,0,0,6,27,6,43,7,3,0,0,0,1,0,0
1,10798,1,1,0,0,0,1,1,99,0,19,11,2016,7,5,0,0,1,4,1,3,SR-21,,556,31.679,-87.219,0,18,0,0,1,1,0,1,2,1,0,1,0,0,99,99,99,99,88,88,0,0,0,1,0,2
1,10805,1,1,0,0,0,1,1,23,0,27,11,2016,1,0,10,0,1,5,2,4,CR-9,,0,32.129,-88.325,0,1,0,0,1,1,0,4,2,10,0,10,0,0,99,99,0,35,99,99,0,0,0,1,1,2
1,10806,1,1,0,0,0,1,1,29,0,27,11,2016,1,20,30,0,1,4,1,3,SR-9,,2040,33.505,-85.656,0,32,0,0,1,1,0,4,2,10,0,10,0,0,99,99,99,99,88,88,0,0,0,1,1,2
1,10807,2,2,0,0,0,2,2,83,9997,28,11,2016,2,11,55,1,1,3,1,3,SR-20,,0,34.628,-86.915,0,34,0,0,1,1,0,3,1,10,0,10,0,0,11,58,12,5,12,58,0,0,0,1,0,2
1,10813,1,1,0,0,0,1,1,1,0,30,11,2016,4,11,30,0,1,4,1,2,US-SR 3,,2040,32.648,-86.487,0,42,0,0,1,1,0,4,1,2,0,2,0,0,99,99,11,40,88,88,0,0,0,1,0,1
1,10814,1,1,0,0,0,1,1,107,0,30,11,2016,4,8,30,0,1,4,1,3,SR-17,,1921,33.151,-88.116,0,30,0,0,1,1,0,4,1,2,0,2,0,0,99,99,99,99,88,88,0,0,0,1,0,2
1,10815,2,2,0,0,0,2,2,121,0,30,11,2016,4,23,35,1,2,3,1,3,SR-21,,2156,33.251,-86.216,0,12,7,0,1,1,0,1,2,10,0,10,0,0,99,99,0,10,99,99,0,0,0,1,0,2
1,10819,1,1,0,0,0,1,1,3,0,1,12,2016,5,16,5,0,1,4,1,2,US-SR 3,,274,30.932,-87.687,0,42,0,0,1,1,0,4,1,1,0,1,0,0,16,8,16,26,17,30,0,0,0,1,0,1
1,10821,1,1,0,1,1,1,1,69,930,3,12,2016,7,5,32,1,2,3,1,2,US-SR 53,GRIFFIN DR,0,31.258,-85.435,0,8,0,0,3,3,0,1,2,1,0,1,0,0,99,99,5,39,99,99,0,0,0,1,0,0
1,10824,1,1,0,0,0,1,1,129,0,4,12,2016,1,1,25,0,1,7,2,4,CR-20,,0,31.355,-88.225,0,32,0,0,1,1,0,4,2,2,0,2,0,0,99,99,2,23,88,88,0,0,0,1,0,2
1,10825,1,1,0,1,1,1,1,9,2330,4,12,2016,1,16,48,0,2,4,1,2,US-SR 53,4TH AVE,2542,33.949,-86.474,0,8,0,0,2,2,0,1,3,2,0,2,0,0,99,99,16,51,88,88,0,0,0,1,0,0
1,10826,2,2,0,0,0,3,3,33,3060,4,12,2016,1,1,20,1,2,3,1,3,SR-2,,220,34.709,-87.745,0,12,1,0,1,1,0,1,3,2,0,2,0,0,99,99,1,24,99,99,0,0,0,1,1,2
1,10827,2,2,0,0,0,3,3,49,0,14,6,2016,3,18,40,1,1,1,1,1,I-59,,1998,34.212,-85.934,0,12,7,0,1,1,0,1,1,1,0,1,0,0,18,44,18,52,19,42,0,0,0,1,0,1
1,10828,1,1,0,0,0,2,2,63,0,25,6,2016,7,15,50,1,1,1,1,1,I-59,,495,32.952,-87.839,0,1,0,0,1,1,0,1,1,1,0,1,0,0,15,53,16,11,16,39,0,0,0,1,0,1
1,10831,3,3,0,0,0,4,4,21,0,12,6,2016,1,10,30,1,1,3,1,2,US-SR 6,,1138,32.681,-86.791,0,12,2,0,1,1,0,1,1,1,0,1,0,0,99,99,10,47,88,88,0,0,0,1,0,1
1,10832,2,2,0,0,0,7,7,33,0,4,6,2016,7,18,51,1,1,3,1,3,SR-20,GARGIS LANE,318,34.692,-87.617,0,12,6,0,2,2,0,1,1,1,0,1,0,0,19,7,19,20,19,41,0,0,0,2,0,2
1,10833,2,2,0,0,0,5,5,125,0,6,6,2016,2,2,50,1,1,3,1,2,US-SR 6,,653,33.046,-87.404,0,12,1,0,1,1,0,1,2,1,0,1,0,0,2,58,3,13,4,25,0,0,0,2,1,1
1,10836,2,2,0,0,0,2,2,83,0,6,12,2016,3,7,40,1,1,3,1,3,SR-53,,3386,34.968,-86.799,0,12,6,0,1,1,0,1,1,2,0,2,0,0,99,99,7,52,99,99,0,0,0,1,0,2
1,10837,1,1,0,0,0,1,1,49,1351,6,12,2016,3,3,40,0,1,5,4,6,CR-20,,0,34.344,-85.998,0,42,0,0,1,1,0,4,2,2,0,2,0,0,99,99,3,50,88,88,0,0,0,1,0,2
1,10838,1,1,0,0,0,1,1,133,0,6,12,2016,3,12,30,0,1,5,1,3,SR-195,,388,34.253,-87.574,0,40,0,0,1,1,0,4,1,2,0,2,0,0,12,38,12,40,99,99,0,0,0,1,0,1
1,10841,2,2,0,0,0,4,4,125,3050,7,12,2016,4,5,39,1,2,3,1,2,US-SR 6,15TH ST,516,33.197,-87.526,0,12,6,0,2,2,0,1,1,1,0,1,0,0,5,42,5,49,6,13,0,0,0,1,0,1
1,10845,5,5,0,0,0,5,5,35,0,13,12,2016,3,23,10,1,1,1,1,1,I-65,,988,31.484,-86.943,0,12,1,0,1,1,0,1,2,5,0,5,0,0,99,99,23,44,99,99,19,27,14,1,0,1
1,10847,1,1,0,0,0,1,1,125,0,8,12,2016,5,14,50,1,1,3,1,2,US-SR 6,,352,33.274,-87.758,0,24,0,0,1,1,0,3,1,1,0,1,0,0,99,99,99,99,88,88,0,0,0,1,0,1
1,10853,1,1,0,0,0,3,3,23,0,11,12,2016,1,11,10,0,1,7,2,4,CR-5,,0,31.809,-88.274,0,5,0,0,1,1,0,1,1,1,0,1,0,0,99,99,11,28,99,99,0,0,0,1,0,2
1,10859,2,2,0,0,0,2,2,99,0,15,12,2016,5,11,15,0,1,5,1,3,SR-59,,935,31.305,-87.504,0,12,2,0,8,1,0,1,1,1,0,1,0,0,99,99,11,32,88,88,0,0,0,1,0,2
1,10860,3,3,0,0,0,4,4,47,0,15,12,2016,5,23,45,1,2,3,1,3,SR-41,,1241,32.387,-86.997,0,12,8,0,1,1,0,1,2,1,0,1,0,0,99,99,0,0,99,99,0,0,0,1,0,1
1,10861,1,1,0,0,0,1,1,121,0,16,12,2016,6,5,45,1,1,3,1,3,SR-77,,729,33.547,-86.126,0,34,0,0,1,1,0,4,2,1,0,1,0,0,99,99,6,5,88,88,0,0,0,1,0,1
1,10864,3,3,0,0,0,5,5,3,2890,18,12,2016,1,17,35,1,1,3,1,3,SR-59,CR-32,0,30.473,-87.703,0,12,6,0,3,2,0,1,3,2,0,2,0,0,99,99,17,35,99,99,0,0,0,1,0,2
1,10865,1,1,0,1,1,1,1,125,3050,18,12,2016,1,4,6,1,2,3,1,3,SR-13,6TH ST,0,33.208,-87.569,0,8,0,0,2,2,0,1,3,2,0,2,0,0,4,8,4,12,88,88,0,0,0,1,0,2
1,10867,2,2,0,0,0,2,2,95,0,21,12,2016,4,5,10,0,2,4,1,3,SR-75,SR-68,627,34.301,-86.145,0,12,6,0,2,2,0,1,2,5,0,5,0,0,5,15,5,18,5,46,0,0,0,1,0,1
1,10873,2,2,0,0,0,3,3,31,0,22,12,2016,5,16,25,0,2,4,1,3,SR-134,,231,31.323,-85.9,0,12,8,0,1,1,0,1,1,10,0,10,0,0,16,30,16,37,88,88,0,0,0,1,1,1
1,10875,1,1,0,0,0,1,1,53,0,24,12,2016,7,5,45,1,1,3,1,2,US-SR 3,,622,31.048,-87.173,0,1,0,0,1,1,0,4,2,1,0,1,0,0,5,42,5,51,88,88,0,0,0,1,0,1
1,10876,2,2,0,0,0,2,2,97,0,23,12,2016,6,5,45,1,1,3,1,2,US-SR 13,,278,31.12,-88.01,0,12,1,0,1,1,0,1,2,1,0,1,0,0,5,47,6,8,88,88,0,0,0,1,0,0
1,10877,1,1,0,1,1,1,1,15,100,23,12,2016,6,18,50,1,2,3,1,3,SR-21,,0,33.653,-85.827,0,8,0,0,1,1,0,1,3,1,0,1,0,0,18,52,18,59,19,7,0,0,0,1,0,2
1,10878,5,5,0,0,0,12,12,15,100,23,12,2016,6,19,28,1,2,3,1,2,US-SR 1,COLEMAN RD,2280,33.644,-85.786,0,12,6,0,2,2,0,1,3,10,0,10,0,0,19,31,19,34,20,33,14,0,0,2,0,0
1,10880,1,1,0,0,0,1,1,29,0,24,12,2016,7,13,15,0,1,4,1,3,SR-46,,70,33.625,-85.476,0,42,0,0,1,1,0,4,1,1,0,1,0,0,13,19,13,25,88,88,0,0,0,1,0,1
1,10882,1,1,0,0,0,2,2,7,0,25,12,2016,1,23,15,0,1,4,1,3,SR-139,,85,32.903,-86.915,0,59,0,0,1,1,0,4,2,1,0,1,0,0,99,99,23,55,99,99,0,0,0,1,1,1
1,10884,2,2,0,0,0,2,2,101,2130,25,12,2016,1,18,6,1,2,3,1,3,SR-8,HASKELL DR,0,32.355,-86.218,0,12,6,0,2,2,0,1,3,1,0,1,0,0,99,99,18,13,99,99,0,0,0,1,0,2
1,10888,2,2,0,0,0,2,2,81,2340,26,12,2016,2,12,10,0,2,4,1,3,SR-51,CRAWFORD RD,0,32.623,-85.371,0,12,2,0,2,4,0,1,1,1,0,1,0,0,12,17,12,19,99,99,0,0,0,1,0,2
1,10893,2,2,0,0,0,3,3,91,1880,30,12,2016,6,13,45,0,1,4,1,3,SR-28,SHILOH ST,430,32.306,-87.796,0,12,6,0,2,2,0,1,1,1,0,1,0,0,99,99,14,0,88,88,0,0,0,1,0,2
1,10897,2,2,0,1,1,2,2,97,0,19,7,2016,3,2,5,0,2,3,1,3,SR-193,,195,30.518,-88.124,0,8,0,0,1,1,0,1,2,1,0,1,0,0,99,99,2,16,88,88,23,0,0,1,0,2
1,10898,2,2,0,0,0,10,10,121,0,16,7,2016,7,13,40,1,1,3,1,3,SR-21,ORANGEVALE RD,2232,33.354,-86.18,0,12,6,0,2,2,0,1,1,1,0,1,0,0,13,48,13,51,99,99,0,0,0,4,0,2
1,10903,1,1,0,0,0,1,1,13,0,5,7,2016,3,11,36,0,1,4,1,3,SR-10,,1324,31.787,-86.492,0,59,0,0,1,1,0,4,1,2,0,2,0,0,99,99,11,41,88,88,0,0,0,1,0,2
1,10904,2,2,0,0,0,4,4,105,3100,3,7,2016,1,20,20,0,1,5,1,3,SR-61,,11,32.465,-87.518,0,12,6,0,1,1,0,1,1,1,0,1,0,0,20,41,21,0,22,11,0,0,0,1,1,2
1,10906,2,2,0,0,0,2,2,115,0,6,8,2016,7,16,50,9,8,98,1,2,US-SR 53,GALLANT RD,2432,33.902,-86.318,0,12,6,0,2,3,0,1,1,1,0,1,0,0,99,99,17,10,99,99,0,0,0,1,0,0
1,10907,2,2,0,0,0,3,3,127,0,30,8,2016,3,7,10,0,1,3,1,3,SR-5,,1626,33.806,-87.136,0,12,6,0,8,1,0,1,1,1,0,1,0,0,7,14,7,24,8,20,0,0,0,2,0,1
1,10908,1,1,0,0,0,3,3,107,0,2,7,2016,7,16,20,0,1,4,1,3,SR-17,,1820,33.071,-88.243,0,59,0,0,1,1,0,4,1,1,0,1,0,0,99,99,17,28,99,99,0,0,0,1,1,2
1,10911,1,1,0,1,1,1,1,3,0,10,8,2016,4,14,33,1,1,3,1,2,US-SR 3,,166,30.825,-87.774,0,8,0,0,1,1,2,2,1,2,0,2,0,0,99,99,14,44,99,99,0,0,0,1,0,1
1,10914,3,3,0,0,0,4,4,3,0,5,8,2016,6,20,5,0,2,4,1,3,SR-225,GENERAL CANBY BLVD,14,30.689,-87.902,0,12,2,0,3,3,0,1,5,10,0,10,0,0,99,99,20,20,99,99,0,0,0,1,1,2
1,10921,1,1,0,0,0,1,1,45,0,31,12,2016,7,7,10,0,1,4,1,3,SR-105,,67,31.532,-85.564,0,42,0,0,1,1,0,4,1,10,0,10,0,0,99,99,7,30,99,99,0,0,0,1,0,2
1,10922,3,2,1,0,1,2,3,117,0,4,8,2016,5,23,44,1,2,1,1,1,I-65,,2350,33.188,-86.784,0,14,0,0,1,1,0,2,2,1,0,1,0,0,23,44,23,58,99,99,0,0,0,1,2,1
1,10923,1,1,0,0,0,6,6,3,0,7,8,2016,1,4,50,1,1,1,1,1,I-65,,318,30.949,-87.858,0,24,0,0,1,1,0,3,4,1,0,1,0,0,5,35,5,40,6,40,0,0,0,1,0,1
1,10924,4,4,0,0,0,10,10,125,0,8,8,2016,2,10,55,1,1,1,1,1,I-59,,701,33.161,-87.572,0,12,1,0,1,1,1,1,1,1,0,1,0,0,10,57,11,7,11,41,14,0,0,1,0,1
1,10925,1,1,0,0,0,4,4,115,0,7,8,2016,1,15,30,1,1,1,1,1,I-59,,1674,33.871,-86.272,0,42,0,0,1,1,0,4,1,2,0,2,0,0,99,99,15,50,99,99,0,0,0,1,0,1
1,10926,1,1,0,0,0,1,1,1,0,14,7,2016,5,14,15,1,1,1,1,1,I-65,,1979,32.705,-86.523,0,34,0,0,1,1,0,4,1,1,0,1,0,0,99,99,14,23,88,88,0,0,0,1,0,1
1,10927,2,2,0,0,0,2,2,73,0,29,11,2016,3,11,45,1,2,1,1,1,I-20,,1335,33.534,-86.697,0,12,7,0,1,1,0,1,1,1,0,1,0,0,11,32,11,37,88,88,0,0,0,1,0,1
1,10928,4,2,2,1,3,5,7,125,0,10,12,2016,7,5,55,1,2,1,1,1,I-59,,736,33.174,-87.514,0,12,7,0,1,1,0,1,3,1,0,1,0,0,5,59,6,10,6,33,15,14,23,1,0,1
1,10929,1,1,0,0,0,1,1,125,0,10,12,2016,7,13,40,1,1,1,1,1,I-59,,624,33.094,-87.672,0,1,0,0,1,1,0,4,1,1,0,1,0,0,13,50,14,3,14,40,0,0,0,1,0,1
1,10930,1,1,0,0,0,5,5,3,0,9,9,2016,6,17,45,1,1,1,1,1,I-65,,319,30.95,-87.855,0,1,0,0,1,1,0,4,1,1,0,1,0,0,17,48,17,54,18,4,0,0,0,1,0,1
1,10931,1,1,0,0,0,1,1,3,0,26,11,2016,7,5,24,1,1,1,1,1,I-65,,382,30.969,-87.742,0,52,0,0,1,1,0,4,2,1,0,1,0,0,99,99,5,50,99,99,0,0,0,1,0,1
1,10932,3,3,0,0,0,4,4,123,0,20,9,2016,3,15,10,0,1,4,1,3,SR-49,,266,32.797,-85.789,0,1,0,0,1,1,0,1,1,1,0,1,0,0,99,99,15,17,99,99,14,0,0,1,0,1
1,10940,1,1,0,0,0,2,2,125,0,6,12,2016,3,12,0,0,1,4,1,3,SR-171,,52,33.319,-87.651,0,53,0,0,1,1,0,4,1,10,0,10,0,0,99,99,12,15,99,99,0,0,0,2,0,1
2,20050,2,2,0,0,0,4,4,170,2475,22,8,2016,2,16,8,1,1,1,1,3,SR-1 GLENN HWY,,864,61.794,-147.996,0,12,2,0,1,1,0,1,1,1,0,1,0,0,16,8,16,22,18,25,0,0,0,1,0,0
2,20054,1,1,0,0,0,3,3,20,130,25,9,2016,1,0,20,1,2,1,1,3,SR-1 GLENN HWY,,332,61.225,-149.791,0,24,0,0,1,1,0,3,3,2,0,2,0,0,0,20,0,25,1,5,0,0,0,1,0,0
2,20061,2,2,0,0,0,3,3,170,2000,27,10,2016,5,23,5,1,1,1,1,3,SR-1 GLENN HWY,,446,61.657,-149.097,0,12,8,0,1,1,0,1,2,1,0,1,0,0,23,6,23,18,23,51,0,0,0,1,0,0
2,20066,4,4,0,0,0,9,9,20,130,15,11,2016,3,12,1,1,2,1,1,3,SR-1 GLENN HWY,,26,61.224,-149.751,0,12,6,0,1,1,0,1,1,10,0,10,0,0,12,1,12,10,12,34,0,0,0,1,0,0
2,20069,2,2,0,0,0,2,2,170,2475,16,11,2016,4,18,28,1,1,1,1,3,SR-1 GLENN HWY,,555,61.712,-148.847,0,12,2,0,1,1,0,1,2,10,0,10,0,0,18,30,18,44,19,31,0,0,0,1,1,0
2,20070,2,2,0,0,0,3,3,170,2000,20,11,2016,1,2,28,1,2,1,1,3,SR-1 GLENN HWY,,360,61.551,-149.19,0,12,2,0,1,1,0,1,2,1,0,1,0,0,2,31,2,40,3,30,0,0,0,1,2,0
2,20076,1,1,0,1,1,2,2,261,870,23,12,2016,6,2,8,1,1,1,1,3,SR-1 GLENN HWY,,1685,62.106,-145.67,0,8,0,0,1,1,0,1,2,1,0,1,0,0,2,99,99,99,88,88,0,0,0,1,0,0
2,20078,1,1,0,0,0,2,2,170,2475,24,12,2016,7,2,8,1,1,1,1,3,SR-1 GLENN HWY,,631,61.745,-148.654,0,34,0,0,1,1,0,4,2,1,0,1,0,0,2,24,2,56,4,16,0,0,0,1,0,0
4,40003,1,1,0,0,0,6,6,13,60,3,1,2016,1,6,56,1,1,1,1,1,I-10,,1082,33.445,-112.703,0,1,0,0,1,1,0,4,4,1,0,1,0,0,6,56,7,6,7,48,0,0,0,1,0,1
4,40008,1,1,0,0,0,3,3,13,370,11,1,2016,2,19,49,1,2,2,1,3,SR-101,,226,33.669,-112.102,0,5,0,1,18,1,0,1,3,1,0,1,0,0,19,49,19,49,21,0,0,0,0,1,0,2
4,40011,1,1,0,0,0,1,1,13,370,15,1,2016,6,2,23,1,2,2,1,3,SR-101,,226,33.669,-112.103,0,1,0,1,19,1,0,4,3,1,0,1,0,0,1,57,2,3,2,25,0,0,0,1,1,2
4,40012,1,1,0,0,0,2,2,13,0,17,1,2016,1,11,59,1,1,1,1,1,I-8,,1079,32.923,-112.879,0,24,0,0,1,1,0,3,1,1,0,1,0,0,11,59,12,20,13,31,0,0,0,1,0,0
4,40017,3,3,0,0,0,6,6,13,490,23,1,2016,7,20,23,1,2,2,1,3,SR-101,,540,33.385,-111.891,0,12,1,1,18,1,0,1,3,10,0,10,0,0,22,3,23,5,99,99,19,0,0,1,0,2
4,40021,1,1,0,0,0,3,3,1,0,25,1,2016,2,15,43,0,1,5,1,2,US-191,,4496,36.203,-109.598,3,1,0,0,1,1,0,4,1,1,0,1,0,0,15,45,15,50,18,30,0,0,0,1,1,0
4,40027,1,1,0,0,0,1,1,13,0,13,1,2016,4,13,43,1,1,1,1,1,I-10,,795,33.544,-113.185,0,1,0,0,1,1,0,4,1,10,0,10,0,0,13,50,14,29,15,7,0,0,0,1,0,1
4,40030,1,1,0,0,0,2,2,21,0,9,1,2016,7,21,22,1,1,1,1,1,I-10,,1788,33.085,-111.817,3,1,0,0,1,1,0,4,2,1,0,1,0,0,21,22,21,35,99,99,0,0,0,1,0,1
4,40031,3,2,1,0,0,2,2,25,0,16,1,2016,7,8,15,0,1,4,1,3,SR-169,ORME RD,50,34.546,-112.159,0,12,2,0,2,3,0,1,1,1,0,1,0,0,8,15,8,26,99,99,0,0,0,1,0,2
4,40032,2,2,0,0,0,7,7,1,0,15,1,2016,6,99,99,0,1,5,1,2,US-191,,4872,36.627,-109.584,3,23,0,0,1,1,0,4,1,3,4,4,0,0,12,45,13,20,14,35,0,0,0,1,0,0
4,40034,1,1,0,0,0,2,2,5,0,2,2,2016,3,9,25,1,1,3,1,3,SR-64,,115,35.418,-112.17,0,1,0,0,1,1,0,4,1,1,0,1,0,0,9,25,10,0,99,99,0,0,0,1,0,2
4,40035,1,1,0,1,1,1,1,13,490,2,2,2016,3,13,25,0,2,3,4,6,BROADWAY RD,I-10 RAMP,0,33.409,-111.969,0,9,0,1,2,2,0,1,1,1,0,1,0,0,13,25,13,30,13,48,0,0,0,1,0,1
4,40036,2,2,0,1,1,2,2,19,530,4,2,2016,5,6,36,0,2,3,4,6,1ST AVE,,0,32.251,-110.961,0,8,0,0,1,1,0,1,6,1,0,1,0,0,6,36,6,47,6,51,14,0,0,1,0,2
4,40037,2,2,0,0,0,3,3,13,0,4,2,2016,5,16,56,1,1,1,1,1,I-10,,941,33.498,-112.938,0,12,1,1,18,1,0,1,1,1,0,1,0,0,16,57,17,22,18,29,0,0,0,1,0,1
4,40039,2,2,0,0,0,2,2,13,490,5,2,2016,6,12,23,1,2,2,1,3,SR-101,,334,33.658,-111.924,0,12,1,1,18,1,0,1,1,1,0,1,0,0,12,23,12,33,13,5,28,0,0,1,0,2
4,40044,2,2,0,0,0,3,3,25,0,14,2,2016,1,18,1,0,1,5,1,3,SR-89,,25,34.059,-112.818,0,12,7,0,1,1,0,1,1,1,0,1,0,0,18,3,18,15,18,58,0,0,0,1,0,1
4,40047,1,1,0,0,0,2,2,5,0,16,2,2016,3,13,12,1,2,1,1,1,I-17,,1393,35.086,-111.687,0,1,0,1,19,1,0,4,1,1,0,1,0,0,13,12,13,18,99,99,0,0,0,1,0,1
4,40059,3,3,0,0,0,4,4,25,0,25,2,2016,5,17,5,1,1,3,1,3,SR-89,LITTLE RANCH RD,775,34.868,-112.47,0,12,1,0,2,3,0,1,1,1,0,1,0,0,17,9,17,13,99,99,0,0,0,1,0,1
4,40060,1,1,0,0,0,1,1,13,322,29,2,2016,2,11,27,1,1,3,1,2,US-60,,887,33.872,-112.643,0,1,0,0,1,1,0,2,1,1,0,1,0,0,11,31,11,38,12,36,0,0,0,1,0,0
4,40061,1,1,0,0,0,6,6,1,0,29,2,2016,2,19,7,1,1,3,1,2,US-160,,1077,36.81,-109.903,3,1,0,0,1,1,0,4,2,1,0,1,0,0,19,7,19,25,20,45,0,0,0,1,1,0
4,40070,1,1,0,1,1,1,1,5,528,8,1,2016,6,18,31,1,2,3,1,2,US-160,SR-264,102,36.119,-111.229,3,8,0,0,3,2,0,1,8,98,0,98,0,0,99,99,99,99,99,99,0,0,0,1,0,0
4,40079,1,1,0,2,2,1,1,13,370,20,1,2016,4,6,29,1,2,3,4,6,INDIAN SCHOOL RD,63RD AVE,0,33.495,-112.195,0,8,0,0,3,2,0,1,9,98,0,98,0,0,99,99,99,99,99,99,0,0,0,1,0,1
4,40092,1,1,0,0,0,1,1,3,0,12,2,2016,6,0,52,1,1,1,1,1,I-10,,3191,32.038,-110.1,0,52,0,0,1,1,0,4,2,1,0,1,0,0,0,56,1,32,88,88,0,0,0,1,0,1
4,40093,2,2,0,0,0,2,2,13,370,16,2,2016,3,0,15,1,2,1,1,1,I-17,,235,33.705,-112.116,0,12,1,0,1,1,0,1,3,1,0,1,0,0,0,17,0,25,0,54,0,0,0,1,1,1
4,40095,3,2,1,0,1,3,4,1,0,28,2,2016,1,11,41,1,1,3,1,2,US-60,CR-3148,3210,34.275,-109.778,0,12,6,0,2,2,0,1,1,1,0,1,0,0,11,41,11,44,88,88,14,0,0,2,0,0
4,40102,1,1,0,1,1,3,3,1,0,4,3,2016,6,20,34,0,1,5,1,2,US-191,,4484,36.187,-109.593,3,8,0,0,1,1,0,1,2,1,0,1,0,0,20,39,22,4,88,88,0,0,0,1,0,0
4,40105,2,2,0,0,0,3,3,17,0,8,3,2016,3,18,51,0,1,4,1,3,SR-73,,421,34.023,-109.905,3,12,2,0,1,1,0,1,5,10,0,10,0,0,18,53,18,59,99,99,0,0,0,2,0,2
4,40109,2,2,0,0,0,4,4,21,0,12,3,2016,7,15,0,0,1,5,1,3,SR-177,BATTLE AXE RD,220,33.179,-111.04,0,1,0,0,3,3,0,1,1,1,0,1,0,0,15,37,15,50,88,88,0,0,0,1,0,2
4,40111,2,2,0,0,0,2,2,19,295,19,3,2016,7,4,16,1,2,1,1,1,I-10,,2439,32.395,-111.123,0,12,2,0,1,1,0,1,2,1,0,1,0,0,4,16,4,23,88,88,0,0,0,2,1,1
4,40118,1,1,0,0,0,1,1,5,0,22,3,2016,3,19,13,0,1,5,1,3,SR-87,,1838,34.625,-111.152,0,42,0,0,1,1,0,4,2,1,0,1,0,0,19,15,19,26,88,88,0,0,0,1,0,1
4,40119,1,1,0,0,0,3,3,21,0,23,3,2016,4,6,10,0,1,4,1,3,SR-79,,82,32.646,-111.021,0,1,0,0,1,1,0,4,4,1,0,1,0,0,6,11,6,30,99,99,0,0,0,1,0,1
4,40122,1,1,0,0,0,2,2,25,0,24,3,2016,5,5,15,1,1,1,1,1,I-17,,705,34.361,-112.117,0,1,0,0,1,1,0,3,2,1,0,1,0,0,5,19,5,30,99,99,0,0,0,1,1,1
4,40125,2,2,0,0,0,2,2,1,0,26,3,2016,7,4,43,0,1,5,1,2,US-191,,4505,36.215,-109.603,3,12,2,0,1,1,0,1,2,1,0,1,0,0,4,46,4,52,88,88,0,0,0,2,0,0
4,40126,1,1,0,0,0,1,1,27,0,26,3,2016,7,15,27,1,1,1,1,1,I-8,,664,32.787,-113.568,0,41,0,0,1,1,0,3,1,1,0,1,0,0,15,27,16,0,88,88,0,0,0,1,0,0
4,40127,1,1,0,0,0,2,2,5,170,30,3,2016,4,5,44,1,2,1,1,1,I-40,,1967,35.179,-111.639,0,1,0,0,1,1,0,3,2,10,0,10,0,0,5,46,6,5,88,88,0,0,0,2,1,1
4,40132,1,1,0,0,0,1,1,21,0,14,2,2016,1,4,14,0,1,4,1,3,SR-77,,628,32.953,-110.745,0,11,0,0,1,1,0,1,2,1,0,1,0,0,4,18,4,30,88,88,0,0,0,1,0,1
4,40140,1,1,0,0,0,1,1,3,0,13,2,2016,7,99,99,0,2,3,1,3,SR-92,,322,31.407,-109.904,0,99,99,0,99,99,0,99,9,98,0,98,0,0,99,99,99,99,88,88,0,0,0,1,1,2
4,40146,1,1,0,0,0,4,4,13,0,19,2,2016,6,4,14,1,1,1,1,1,I-8,,1352,32.869,-112.428,0,1,0,0,1,1,0,4,2,1,0,1,0,0,4,14,4,33,5,27,0,0,0,2,0,1
4,40151,1,1,0,0,0,2,2,9,0,29,2,2016,2,11,50,0,1,4,1,2,US-70,,329,33.232,-110.24,3,35,0,0,1,1,0,4,8,98,0,98,0,0,99,99,99,99,88,88,0,0,0,1,1,0
4,40156,1,1,0,0,0,3,3,19,530,19,3,2016,7,10,40,1,2,1,1,1,I-10,,2541,32.278,-111.016,0,59,0,0,1,1,0,4,1,1,0,1,0,0,10,40,10,51,11,0,0,0,0,2,0,1
4,40157,4,4,0,0,0,17,17,13,0,20,3,2016,1,14,3,1,1,1,1,1,I-10,,740,33.558,-113.279,0,12,1,0,1,1,0,1,1,1,0,1,0,0,14,10,14,45,15,35,27,0,0,1,0,1