STATE,ST_CASE,VE_TOTAL,VE_FORMS,PVH_INVL,PEDS,PERNOTMVIT,PERMVIT,PERSONS,COUNTY,CITY,DAY,MONTH,YEAR,DAY_WEEK,HOUR,MINUTE,NHS,RUR_URB,FUNC_SYS,RD_OWNER,ROUTE,TWAY_ID,TWAY_ID2,MILEPT,LATITUDE,LONGITUD,SP_JUR,HARM_EV,MAN_COLL,RELJCT1,RELJCT2,TYP_INT,WRK_ZONE,REL_ROAD,LGT_COND,WEATHER1,WEATHER2,WEATHER,SCH_BUS,RAIL,NOT_HOUR,NOT_MIN,ARR_HOUR,ARR_MIN,HOSP_HR,HOSP_MN,CF1,CF2,CF3,FATALS,DRUNK_DR,RANK
4,40162,1,1,0,0,0,1,1,13,0,1,4,2016,6,14,30,1,1,1,1,1,I-17,,440,33.996,-112.134,0,35,0,0,1,1,0,3,1,1,0,1,0,0,14,30,14,44,88,88,0,0,0,1,0,1
4,40168,2,2,0,0,0,2,2,25,373,2,4,2016,7,12,31,1,2,3,1,3,SR-69,,237,34.578,-112.292,0,12,1,0,1,1,0,1,1,1,0,1,0,0,12,31,12,31,12,51,0,0,0,1,0,2
4,40186,2,2,0,0,0,8,8,17,0,22,4,2016,6,19,13,1,1,1,1,1,I-40,,3010,34.993,-109.941,0,1,0,0,1,1,0,1,2,1,0,1,0,0,19,14,19,28,21,0,0,0,0,2,0,1
4,40187,1,1,0,0,0,5,5,7,0,25,4,2016,2,21,51,0,1,4,1,3,SR-87,,1489,34.372,-111.445,0,42,0,0,1,1,0,4,2,1,0,1,0,0,21,53,22,2,23,23,0,0,0,4,0,1
4,40189,1,1,0,0,0,2,2,13,0,27,4,2016,4,18,47,1,1,1,1,1,I-10,,861,33.521,-113.073,0,1,0,1,19,1,0,4,5,1,0,1,0,0,18,47,19,7,20,16,0,0,0,1,0,1
4,40194,1,1,0,0,0,4,4,21,256,27,3,2016,1,10,48,0,1,5,1,3,SR-177,UPTON DR,96,33.059,-110.904,0,33,0,0,3,2,0,4,1,1,0,1,0,0,10,48,11,14,99,99,0,0,0,1,0,2
4,40195,1,1,0,0,0,1,1,13,490,17,4,2016,1,10,6,0,2,3,4,6,BROADWAY RD,,0,33.407,-111.902,0,33,0,0,1,1,0,3,1,1,0,1,0,0,10,11,10,17,10,55,0,0,0,1,0,1
4,40202,1,1,0,1,1,1,1,17,565,11,3,2016,6,19,18,0,2,4,1,3,SR-73,,297,33.856,-109.964,3,8,0,0,1,1,0,1,9,98,0,98,0,0,99,99,99,99,99,99,0,0,0,1,0,2
4,40213,2,2,0,0,0,2,2,7,0,30,4,2016,7,12,40,0,1,4,1,2,US-60,,2621,33.814,-110.464,0,12,2,0,1,1,0,1,1,10,0,10,0,0,12,42,13,17,99,99,0,0,0,1,0,0
4,40215,3,3,0,0,0,5,5,7,0,5,3,2016,7,16,32,1,2,3,1,2,US-60,,2096,33.38,-110.906,0,12,2,0,1,1,0,1,1,1,0,1,0,0,16,33,16,43,17,52,0,0,0,2,1,0
4,40217,3,3,0,0,0,3,3,13,290,10,3,2016,5,18,6,1,2,2,1,2,US-60,,1614,33.387,-111.608,0,12,1,1,18,1,0,1,1,1,0,1,0,0,18,7,18,15,18,40,28,0,0,1,0,0
4,40220,2,2,0,0,0,2,2,13,370,12,3,2016,7,2,30,1,2,2,1,3,SR-202,,32,33.459,-111.989,0,12,1,1,18,1,0,1,3,1,0,1,0,0,2,30,2,45,88,88,0,0,0,1,1,2
4,40223,2,2,0,1,1,2,2,13,370,17,3,2016,5,19,20,1,2,3,4,6,INDIAN SCHOOL RD,,0,33.495,-112.191,0,8,0,0,1,1,0,1,3,1,0,1,0,0,99,99,99,99,88,88,0,0,0,1,1,1
4,40230,3,3,0,0,0,5,5,13,290,9,4,2016,7,1,39,1,2,2,1,2,US-60,,1498,33.386,-111.8,0,12,1,1,18,1,0,1,3,10,0,10,0,0,1,40,1,43,2,10,0,0,0,1,1,0
4,40234,1,1,0,1,1,1,1,19,355,27,4,2016,4,8,13,0,2,4,3,5,1ST AVE,STRADA PATANIA,0,32.419,-110.961,0,33,0,0,3,3,0,3,1,1,0,1,0,0,8,13,8,20,99,99,0,0,0,1,0,2
4,40236,2,2,0,0,0,2,2,13,0,29,4,2016,6,17,5,0,1,5,1,3,SR-74,,305,33.865,-112.632,0,12,6,0,1,1,0,1,1,1,0,1,0,0,17,10,17,17,18,0,0,0,0,1,0,2
4,40237,2,2,0,0,0,4,4,21,0,5,4,2016,3,8,43,0,1,4,1,3,SR-87,SR-287,110,32.88,-111.515,0,12,6,0,2,2,0,1,1,1,0,1,0,0,8,45,8,56,9,51,0,0,0,1,0,1
4,40238,1,1,0,0,0,1,1,3,0,11,4,2016,2,5,49,1,1,1,1,1,I-10,,3191,32.036,-110.101,0,17,0,0,1,1,1,3,4,1,0,1,0,0,5,55,6,10,88,88,0,0,0,1,0,1
4,40254,1,1,0,0,0,4,4,15,0,7,4,2016,5,5,30,0,1,7,2,4,CR-5,,0,36.942,-113.01,0,35,0,0,1,1,0,4,4,1,0,1,0,0,6,21,6,37,8,3,6,0,0,1,1,2
4,40261,2,2,0,0,0,2,2,13,200,22,4,2016,6,20,32,0,2,4,4,6,NORTHERN AVE,,0,100,1000,0,1,0,0,8,1,0,1,6,98,0,98,0,0,20,32,20,36,20,59,0,0,0,1,0,2
4,40262,2,2,0,0,0,6,6,13,0,24,4,2016,1,4,11,1,1,3,1,3,SR-347,,256,33.248,-111.979,3,12,2,0,1,1,0,1,2,1,0,1,0,0,4,11,4,33,99,99,0,0,0,3,1,2
4,40264,2,2,0,0,0,2,2,13,290,5,4,2016,3,8,1,1,2,2,1,2,US-60,,1477,33.386,-111.846,0,39,0,0,1,1,0,4,1,1,0,1,0,0,8,3,8,14,8,30,0,0,0,1,0,0
4,40265,2,2,0,0,0,3,3,21,0,21,4,2016,5,0,52,1,1,3,1,3,SR-347,,219,33.184,-112,3,12,8,0,1,1,0,1,2,1,0,1,0,0,0,54,1,9,1,45,0,0,0,1,0,2
4,40269,2,2,0,0,0,4,4,13,370,7,4,2016,5,18,24,0,2,4,4,6,NORTHERN AVE,19TH DR,0,33.553,-112.101,0,12,6,0,2,3,0,1,9,98,0,98,0,0,99,99,99,99,99,99,0,0,0,1,1,2
4,40277,1,1,0,0,0,3,3,5,0,24,4,2016,1,15,32,1,1,1,1,1,I-17,,1241,34.893,-111.641,0,42,0,0,1,1,0,4,1,10,0,10,0,0,15,34,15,42,16,9,0,0,0,1,0,1
4,40282,3,3,0,0,0,5,5,13,60,1,5,2016,1,17,5,1,1,1,1,1,I-10,,1068,33.45,-112.726,0,12,7,0,1,1,0,1,1,1,0,1,0,0,17,6,17,16,18,1,0,0,0,1,0,1
4,40284,1,1,0,0,0,1,1,5,0,5,5,2016,5,6,38,0,1,5,1,2,US-180,,482,35.633,-112.12,0,1,0,0,1,1,0,4,1,1,0,1,0,0,6,42,7,10,88,88,0,0,0,1,0,0
4,40290,1,1,0,0,0,1,1,1,0,16,5,2016,2,5,59,0,1,5,1,3,SR-61,,269,34.506,-109.478,0,52,0,0,1,1,0,4,1,1,0,1,0,0,6,5,6,10,88,88,0,0,0,1,0,2
4,40291,1,1,0,0,0,3,3,25,0,17,5,2016,3,5,38,1,1,1,1,1,I-40,,1065,35.28,-113.129,0,1,0,0,1,1,0,1,4,1,0,1,0,0,5,41,6,38,8,8,0,0,0,1,0,1
4,40292,2,2,0,0,0,2,2,19,530,18,5,2016,4,10,36,0,2,3,4,6,1ST AVE,RIVER RD,0,32.295,-110.961,0,12,2,0,2,2,0,1,1,10,0,10,0,0,10,37,10,42,10,59,0,0,0,1,0,2
4,40293,1,1,0,1,1,1,1,19,295,19,5,2016,5,2,43,1,2,1,1,1,I-10,,2425,32.408,-111.141,0,8,0,0,1,1,0,1,2,1,0,1,0,0,2,43,2,54,88,88,0,0,0,1,0,1
4,40294,2,2,0,0,0,3,3,13,60,20,5,2016,6,3,39,1,2,1,1,1,I-10,,1138,33.428,-112.608,0,12,2,0,1,1,0,1,2,1,0,1,0,0,3,40,3,52,4,26,0,0,0,1,1,1
4,40296,1,1,0,0,0,2,2,1,0,21,5,2016,7,19,23,1,1,3,1,2,US-160,,1003,36.794,-109.941,3,1,0,0,1,1,0,4,2,1,0,1,0,0,19,14,19,35,99,99,0,0,0,1,1,0
4,40297,1,1,0,0,0,2,2,13,0,22,5,2016,1,6,8,0,1,5,1,3,SR-74,,90,33.838,-112.482,0,1,0,0,1,1,0,4,4,1,0,1,0,0,6,8,6,32,7,27,0,0,0,1,0,2
4,40300,1,1,0,0,0,1,1,15,0,25,5,2016,4,18,38,1,1,3,1,2,US-93,,1493,34.485,-113.364,0,1,0,0,1,1,0,3,5,10,0,10,0,0,18,40,19,0,88,88,0,0,0,1,0,0
4,40304,1,1,0,1,1,1,1,13,370,19,5,2016,5,22,44,1,2,3,4,6,INDIAN SCHOOL RD,9TH ST,0,33.495,-112.063,0,8,0,0,3,2,0,1,3,1,0,1,0,0,22,44,22,48,23,1,0,0,0,1,0,1
4,40306,1,1,0,0,0,1,1,13,370,29,5,2016,1,15,58,1,2,1,1,1,I-10,,1421,33.462,-112.127,0,35,0,0,1,1,0,4,1,1,0,1,0,0,15,58,16,2,16,30,0,0,0,1,0,1
4,40307,2,2,0,0,0,2,2,17,0,29,5,2016,1,1,56,1,2,3,1,3,SR-260,,1745,34.112,-109.914,0,31,0,0,1,1,0,3,2,1,0,1,0,0,2,8,2,16,99,99,0,0,0,1,2,0
4,40311,1,1,0,0,0,1,1,17,0,11,4,2016,2,13,30,1,1,3,1,2,US-160,,717,36.661,-110.419,3,35,0,0,1,1,0,4,1,98,0,98,0,0,99,99,99,99,88,88,0,0,0,1,0,0
4,40312,2,2,0,0,0,2,2,19,0,3,5,2016,3,17,47,0,2,5,1,3,SR-83,I-10 FRONTAGE RD,531,32.004,-110.69,0,12,6,1,2,3,0,1,1,1,0,1,0,0,17,47,17,55,88,88,0,0,0,1,0,2
4,40313,1,1,0,0,0,1,1,11,140,5,5,2016,5,18,30,0,1,5,1,3,SR-75,,9,32.729,-109.094,0,59,0,0,1,1,0,4,1,1,0,1,0,0,18,32,18,40,88,88,0,0,0,1,1,1
4,40315,5,3,2,2,4,6,8,25,0,7,5,2016,7,9,48,1,1,1,1,1,I-40,,1275,35.28,-112.784,0,12,6,0,1,1,0,1,1,3,0,3,0,0,9,46,10,7,99,99,19,23,14,2,0,1
4,40316,3,3,0,0,0,5,5,3,580,10,5,2016,3,23,3,1,1,1,1,1,I-10,,3415,32.268,-109.842,0,12,99,1,18,1,0,1,3,1,0,1,0,0,23,3,23,5,99,99,0,0,0,1,0,1
4,40317,2,2,0,0,0,2,2,25,0,13,5,2016,6,9,55,1,1,3,1,3,SR-69,,37,34.358,-112.17,0,12,99,0,7,1,0,1,1,1,0,1,0,0,10,0,10,5,88,88,0,0,0,1,0,2
4,40321,2,2,0,0,0,3,3,9,0,21,5,2016,7,3,9,0,1,4,1,2,US-70,,586,32.984,-109.933,0,12,8,0,1,1,0,1,2,1,0,1,0,0,3,13,3,14,99,99,0,0,0,1,1,0
4,40323,1,1,0,1,1,1,1,13,0,30,5,2016,2,20,41,1,2,1,1,1,I-10,,1627,33.282,-111.968,3,8,0,1,18,1,0,1,3,1,0,1,0,0,20,42,20,56,88,88,0,0,0,1,0,1
4,40327,1,1,0,1,1,1,1,13,0,18,5,2016,4,99,99,0,2,5,62,8,INDIAN SCHOOL RD,,0,100,1000,3,8,0,0,99,99,0,99,9,98,0,98,0,0,99,99,99,99,99,99,0,0,0,1,0,1
4,40330,2,2,0,0,0,3,3,21,0,23,5,2016,2,19,40,0,1,4,1,3,SR-87,SACATON RD,298,33.121,-111.738,3,12,6,0,2,2,0,1,1,1,0,1,0,0,99,99,99,99,99,99,0,0,0,1,0,1
4,40334,1,1,0,0,0,1,1,3,50,29,5,2016,1,15,50,1,2,3,1,3,SR-80,,477,31.441,-109.916,0,1,0,0,1,1,0,1,1,1,0,1,0,0,15,50,15,59,16,14,0,0,0,1,1,2
4,40337,1,1,0,0,0,1,1,7,0,18,5,2016,4,11,20,1,1,3,1,3,SR-87,,1161,33.998,-111.364,0,24,0,0,1,1,0,4,1,1,0,1,0,0,11,20,11,47,88,88,0,0,0,1,0,1
4,40338,1,1,0,0,0,3,3,21,0,26,5,2016,5,23,27,1,1,1,1,1,I-10,,1707,33.183,-111.892,3,1,0,0,1,1,0,3,2,1,0,1,0,0,23,28,23,32,99,99,0,0,0,1,0,1
4,40341,1,1,0,1,1,1,1,13,370,5,5,2016,5,21,42,1,2,3,4,6,INDIAN SCHOOL RD,,0,100,1000,0,8,0,0,1,1,0,1,6,98,0,98,0,0,99,99,99,99,99,99,16,0,0,1,0,1
4,40345,1,1,0,1,1,1,1,13,370,20,5,2016,6,3,10,0,2,4,4,6,BROADWAY RD,,0,100,1000,0,8,0,0,1,1,0,1,6,98,0,98,0,0,99,99,99,99,99,99,0,0,0,1,0,1
4,40349,1,1,0,0,0,1,1,13,290,1,6,2016,4,19,4,0,2,3,4,6,BROADWAY RD,,0,33.408,-111.861,0,33,0,0,1,1,0,4,3,1,0,1,0,0,19,4,19,11,19,27,0,0,0,1,0,1
4,40350,2,2,0,1,1,6,6,13,370,3,6,2016,6,13,52,1,2,1,1,1,I-17,,2072,33.557,-112.113,0,8,0,1,18,1,0,1,1,1,0,1,0,0,13,52,13,57,16,8,14,0,0,1,0,1
4,40352,1,1,0,1,1,1,1,19,0,4,6,2016,7,2,38,1,1,1,1,1,I-10,,2955,31.968,-110.467,0,8,0,0,1,1,0,1,2,1,0,1,0,0,2,38,2,50,88,88,23,0,0,1,0,1
4,40355,1,1,0,0,0,1,1,17,0,5,6,2016,1,11,34,1,1,1,1,1,I-40,,3024,34.998,-109.916,0,1,0,0,1,1,0,3,1,1,0,1,0,0,11,40,11,50,88,88,0,0,0,1,0,1
4,40357,2,2,0,0,0,2,2,27,620,7,6,2016,3,8,14,1,2,1,1,1,I-8,,20,32.705,-114.61,0,12,2,0,1,1,0,1,1,1,0,1,0,0,8,14,8,19,8,45,0,0,0,2,0,1
4,40358,2,2,0,0,0,2,2,25,0,7,6,2016,3,9,2,1,1,1,1,1,I-17,,482,34.055,-112.147,0,12,6,1,18,1,0,1,1,1,0,1,0,0,9,6,9,10,99,99,0,0,0,1,0,1
4,40361,2,2,0,0,0,6,6,5,0,10,6,2016,6,12,30,1,1,3,1,2,US-160,,15,36.084,-111.368,3,12,2,0,1,1,0,1,1,1,0,1,0,0,12,32,12,40,13,43,0,0,0,2,0,0
4,40362,2,2,0,0,0,2,2,25,0,11,6,2016,7,8,0,0,1,4,1,3,SR-169,,58,34.539,-112.148,0,12,2,0,1,1,0,1,1,1,0,1,0,0,8,0,8,11,99,99,0,0,0,1,0,2
4,40363,3,3,0,0,0,4,4,25,0,12,6,2016,1,12,25,1,1,3,1,2,US-93,,1690,34.3,-113.118,0,12,2,0,1,1,0,1,1,1,0,1,0,0,12,45,13,7,99,99,0,0,0,2,0,0
4,40373,4,4,0,0,0,8,8,12,0,17,6,2016,6,3,11,1,1,1,1,1,I-10,,343,33.655,-113.957,0,12,1,0,1,1,0,1,2,1,0,1,0,0,3,13,3,26,5,41,27,0,0,2,0,1
4,40374,2,2,0,0,0,4,4,13,0,17,6,2016,6,21,31,1,1,1,1,1,I-10,,946,33.496,-112.929,0,12,2,0,1,1,0,1,2,1,0,1,0,0,21,31,21,35,22,56,0,0,0,3,1,1
4,40377,1,1,0,0,0,4,4,13,0,24,6,2016,6,13,25,1,1,1,1,1,I-10,,899,33.51,-113.008,0,1,0,0,1,1,0,3,1,1,0,1,0,0,13,25,13,47,14,30,0,0,0,2,0,1
4,40380,2,2,0,0,0,2,2,15,0,26,6,2016,1,23,22,1,1,1,1,1,I-40,,112,34.73,-114.295,0,12,2,0,1,1,0,1,2,1,0,1,0,0,23,22,23,39,88,88,0,0,0,1,1,1
4,40383,1,1,0,0,0,3,3,3,0,28,6,2016,3,22,41,1,1,1,1,1,I-10,,3024,31.963,-110.354,0,1,0,1,18,1,0,1,3,10,0,10,0,0,22,42,22,50,99,99,0,0,0,2,0,1
4,40385,8,8,0,0,0,11,11,13,370,30,6,2016,5,18,51,1,2,2,1,3,SR-51,,83,33.566,-112.031,0,12,7,0,1,1,0,1,1,10,0,10,0,0,18,52,19,4,88,88,23,0,0,1,0,2
4,40386,2,2,0,0,0,5,5,13,290,3,6,2016,6,4,53,1,2,2,1,3,SR-202,,216,33.478,-111.71,0,12,1,0,1,1,0,1,4,1,0,1,0,0,4,56,5,5,5,30,0,0,0,1,0,2
4,40387,1,1,0,1,1,1,1,13,370,3,6,2016,6,22,41,1,2,1,1,1,I-17,,272,33.759,-112.127,0,8,0,0,1,1,0,1,3,1,0,1,0,0,22,29,22,34,88,88,0,0,0,1,0,1
4,40389,1,1,0,1,1,1,1,13,290,20,6,2016,2,20,52,0,2,4,4,6,BROADWAY RD,,0,33.408,-111.648,0,8,0,0,1,1,0,1,3,1,0,1,0,0,20,52,21,0,88,88,0,0,0,1,0,1
4,40392,1,1,0,0,0,1,1,13,200,8,6,2016,4,20,46,1,2,2,1,3,SR-101,,150,33.663,-112.231,0,35,0,0,1,1,0,3,3,10,0,10,0,0,20,48,20,52,21,17,0,0,0,1,0,2
4,40393,1,1,0,1,1,1,1,13,420,13,6,2016,2,2,54,1,2,2,1,3,SR-101,,413,33.563,-111.887,3,8,0,1,18,1,1,1,3,1,0,1,0,0,2,54,3,5,3,27,0,0,0,1,0,2
4,40394,2,2,0,0,0,3,3,15,0,13,6,2016,2,3,10,1,1,3,1,2,US-93,,1209,34.798,-113.624,3,12,2,0,1,1,0,1,2,1,0,1,0,0,3,10,4,0,99,99,0,0,0,1,0,0
4,40395,1,1,0,0,0,1,1,21,0,14,6,2016,3,14,40,1,1,1,1,1,I-10,,2214,32.636,-111.377,0,41,0,0,1,1,0,3,1,1,0,1,0,0,14,43,14,46,88,88,0,0,0,1,0,1
4,40396,7,7,0,0,0,20,20,25,0,19,6,2016,1,12,14,1,1,1,1,1,I-10,,3000,34.701,-111.743,0,12,99,0,1,1,0,1,1,1,0,1,0,0,12,13,12,32,13,54,23,26,0,1,0,1
4,40399,2,2,0,0,0,3,3,13,0,21,6,2016,3,20,40,1,2,1,1,1,I-10,,1658,33.244,-111.939,3,12,7,0,1,1,0,1,2,1,0,1,0,0,20,45,20,56,88,88,0,0,0,1,0,1
4,40400,2,2,0,0,0,2,2,13,490,24,6,2016,6,9,23,0,2,3,4,6,BROADWAY RD,,0,33.407,-111.947,0,12,6,0,8,1,0,1,1,1,0,1,0,0,9,24,9,29,9,48,0,0,0,1,0,1
4,40401,2,2,0,0,0,3,3,7,210,27,6,2016,2,11,3,1,2,3,1,2,US-70,,9,33.384,-110.757,0,12,2,0,1,1,0,1,1,1,0,1,0,0,11,3,11,8,12,17,0,0,0,2,0,0
4,40402,3,3,0,0,0,3,3,21,22,29,6,2016,4,18,33,1,2,2,1,2,US-60,,1645,33.387,-111.555,0,12,1,0,1,1,0,1,1,10,0,10,0,0,18,33,18,33,99,99,19,27,0,1,1,0
4,40408,2,2,0,0,0,8,8,13,189,10,6,2016,6,15,33,0,1,4,1,3,SR-85,,2,32.944,-112.735,0,12,2,0,1,1,0,1,1,1,0,1,0,0,15,43,16,25,16,51,0,0,0,2,0,1
4,40410,1,1,0,0,0,1,1,13,370,11,6,2016,7,2,22,0,2,4,4,6,NORTHERN AVE,,0,33.553,-112.143,0,38,0,0,1,1,0,5,6,98,0,98,0,0,99,99,99,99,88,88,0,0,0,1,1,2
4,40426,2,2,0,0,0,2,2,13,370,30,6,2016,5,17,9,0,2,4,4,6,NORTHERN AVE,,0,33.555,-112.045,0,12,6,0,8,1,0,1,1,98,0,98,0,0,99,99,99,99,99,99,0,0,0,1,0,2
4,40429,1,1,0,1,1,2,2,5,170,2,7,2016,7,22,25,1,2,1,1,1,I-40,,1982,35.194,-111.619,0,8,0,1,18,1,0,1,3,10,0,10,0,0,22,25,22,35,99,99,0,0,0,1,0,1
4,40430,1,1,0,0,0,4,4,17,0,3,7,2016,1,15,47,0,1,5,1,3,SR-87,,2313,35.051,-110.597,0,1,0,0,1,1,0,4,1,1,0,1,0,0,15,41,15,55,16,29,0,0,0,1,0,1
4,40433,1,1,0,0,0,2,2,19,0,5,7,2016,3,14,44,1,1,1,1,1,I-10,,2939,31.974,-110.494,0,42,0,0,1,1,0,4,1,1,0,1,0,0,14,44,14,56,88,88,0,0,0,2,0,1
4,40434,3,3,0,0,0,9,9,13,370,10,7,2016,1,1,57,1,2,1,1,1,I-17,,69,33.467,-112.11,0,12,7,0,1,1,0,1,3,1,0,1,0,0,1,57,2,2,2,30,0,0,0,1,1,1
4,40438,1,1,0,0,0,9,9,13,60,11,7,2016,2,11,0,1,2,1,1,1,I-10,,1159,33.439,-112.574,0,1,0,0,1,1,0,3,1,1,0,1,0,0,11,2,11,7,12,0,0,0,0,2,0,1
4,40442,1,1,0,0,0,1,1,5,0,12,7,2016,3,15,30,1,1,1,1,1,I-40,,1878,35.214,-111.78,0,1,0,0,1,1,0,3,1,1,0,1,0,0,15,34,15,48,16,40,0,0,0,1,0,1
4,40444,2,2,0,0,0,3,3,13,220,14,7,2016,5,18,31,0,2,3,4,6,INDIAN SCHOOL RD,LITCHFIELD RD,0,33.486,-112.362,0,12,6,0,2,2,0,1,1,1,0,1,0,0,18,32,18,33,18,47,0,0,0,1,0,1
4,40446,2,1,1,1,1,1,1,13,0,15,7,2016,6,14,1,1,1,3,1,2,US-60,,874,33.883,-112.658,0,8,0,0,1,1,0,2,1,1,0,1,0,0,14,1,14,13,88,88,23,0,0,1,0,0
4,40447,1,1,0,0,0,1,1,13,370,15,7,2016,6,23,57,1,2,1,1,1,I-17,,180,33.632,-112.116,0,39,0,0,1,1,0,4,3,1,0,1,0,0,23,59,0,4,0,17,0,0,0,1,0,1
4,40451,1,1,0,0,0,5,5,21,22,21,7,2016,5,16,25,1,2,2,1,2,US-60,,1655,33.387,-111.531,0,38,0,1,19,1,0,4,1,1,0,1,0,0,16,29,16,34,17,28,0,0,0,1,1,0
4,40453,2,2,0,0,0,2,2,7,0,22,7,2016,6,11,55,0,1,4,1,2,US-60,,2352,33.57,-110.663,0,12,2,0,1,1,0,1,1,10,0,10,0,0,11,55,12,20,13,56,0,0,0,1,0,0
4,40475,1,1,0,0,0,2,2,21,0,14,7,2016,5,14,15,1,2,1,1,1,I-10,,1893,32.958,-111.717,0,1,0,0,1,1,0,2,1,1,0,1,0,0,14,15,14,24,15,30,0,0,0,1,0,1
4,40476,1,1,0,0,0,7,7,3,0,26,7,2016,3,3,22,1,1,1,1,1,I-10,,3421,32.284,-109.827,0,1,0,0,1,1,0,3,2,1,0,1,0,0,3,22,3,26,4,10,0,0,0,3,0,1
4,40479,1,1,0,0,0,2,2,19,0,3,7,2016,1,21,26,0,1,4,1,3,SR-86,,524,32,-111.985,3,1,0,0,1,1,0,4,2,1,0,1,0,0,21,55,22,50,23,20,0,0,0,1,0,1
4,40484,1,1,0,0,0,1,1,1,0,16,7,2016,7,14,1,0,1,5,1,2,US-191,,3548,35.064,-109.282,3,1,0,0,99,99,0,99,1,98,0,98,0,0,99,99,99,99,88,88,0,0,0,1,0,0
4,40486,1,1,0,1,1,1,1,13,0,1,8,2016,2,2,42,1,1,1,1,1,I-10,,1051,33.456,-112.755,0,8,0,0,1,1,0,1,2,1,0,1,0,0,2,43,3,1,88,88,19,0,0,1,0,1
4,40488,2,2,0,0,0,17,17,17,0,1,8,2016,2,13,53,1,1,3,1,2,US-160,SR-98,501,36.461,-110.692,3,12,6,0,2,3,0,1,1,1,0,1,0,0,13,53,14,8,99,99,0,0,0,1,0,0
4,40491,3,3,0,0,0,5,5,1,0,3,8,2016,4,13,20,0,1,5,1,2,US-191,,4587,36.33,-109.621,3,12,6,0,1,1,0,1,1,10,0,10,0,0,13,42,13,47,16,42,0,0,0,2,1,0
4,40494,1,1,0,0,0,2,2,5,0,7,8,2016,1,17,6,1,1,1,1,1,I-17,,1312,34.983,-111.686,0,1,0,1,19,1,0,3,1,2,0,2,0,0,17,17,17,19,99,99,0,0,0,1,0,1
4,40495,1,1,0,0,0,4,4,12,0,7,8,2016,1,17,42,1,1,1,1,1,I-10,,467,33.627,-113.744,0,1,0,0,1,1,0,3,1,1,0,1,0,0,17,42,18,8,99,99,0,0,0,2,0,1
4,40498,1,1,0,1,1,2,2,17,0,11,8,2016,5,0,45,0,2,4,1,3,SR-73,,337,33.91,-109.943,3,8,0,0,1,1,0,1,2,10,0,10,0,0,0,47,0,54,88,88,0,0,0,1,0,2
4,40505,1,1,0,0,0,1,1,13,370,15,8,2016,2,13,12,1,2,2,1,3,SR-101,,328,33.659,-111.93,0,1,0,1,18,1,0,1,1,1,0,1,0,0,13,13,13,30,88,88,0,0,0,1,0,2
4,40506,3,3,0,0,0,3,3,12,0,15,8,2016,2,14,35,1,1,1,1,1,I-10,,436,33.635,-113.798,0,12,1,0,1,1,0,1,1,7,0,7,0,0,14,40,15,32,88,88,0,0,0,1,0,1
4,40507,1,1,0,0,0,2,2,5,0,21,8,2016,1,4,0,0,1,5,1,2,US-180,,354,35.566,-111.914,0,1,0,0,1,1,0,1,2,10,0,10,0,0,4,12,4,50,99,99,0,0,0,1,0,0
4,40508,4,4,0,0,0,4,4,7,365,22,8,2016,2,12,32,1,2,3,1,3,SR-260,MANZANITA ST,721,34.241,-111.317,0,12,7,0,3,2,0,1,1,1,0,1,0,0,12,11,12,23,12,38,0,0,0,1,0,0
4,40509,1,1,0,0,0,1,1,13,370,22,8,2016,2,22,44,1,2,1,1,1,I-17,,191,33.642,-112.116,0,20,0,1,19,1,0,8,3,1,0,1,0,0,22,47,22,57,23,17,0,0,0,1,1,1
4,40513,2,2,0,0,0,2,2,15,0,24,8,2016,4,22,9,1,1,3,1,3,SR-68,,249,35.22,-114.171,0,12,2,0,1,1,0,1,3,1,0,1,0,0,22,9,22,16,0,10,0,0,0,1,1,2
4,40514,1,1,0,0,0,1,1,12,0,26,8,2016,6,23,12,1,1,1,1,1,I-10,,563,33.603,-113.58,0,73,0,0,1,1,0,1,2,1,0,1,0,0,23,13,23,32,88,88,0,0,0,1,0,1
4,40516,3,3,0,0,0,3,3,13,290,29,8,2016,2,7,17,1,2,2,1,3,SR-202,,194,33.481,-111.747,0,12,1,1,18,1,0,1,1,1,0,1,0,0,7,21,7,27,8,15,28,0,0,1,0,2
4,40517,2,2,0,0,0,2,2,5,0,30,8,2016,3,13,40,1,1,1,1,1,I-40,,2218,35.147,-111.233,0,12,6,0,1,1,0,1,1,1,0,1,0,0,13,40,13,50,88,88,0,0,0,1,0,1
4,40518,1,1,0,1,1,1,1,13,370,3,7,2016,1,20,10,0,2,4,4,6,NORTHERN AVE,,0,33.553,-112.11,0,8,0,0,1,1,0,1,9,98,0,98,0,0,99,99,99,99,99,99,0,0,0,1,0,2
4,40519,2,2,0,0,0,2,2,13,370,7,7,2016,5,1,5,1,2,3,4,6,INDIAN SCHOOL RD,45TH AVE,0,33.495,-112.156,0,12,99,0,2,2,0,1,6,98,0,98,0,0,99,99,99,99,99,99,0,0,0,1,1,1
4,40522,1,1,0,0,0,7,7,13,0,6,8,2016,7,17,3,1,1,3,1,3,SR-87,,791,33.583,-111.618,0,1,0,0,1,1,0,1,1,1,0,1,0,0,17,9,17,20,99,99,0,0,0,1,0,1
4,40523,1,1,0,0,0,1,1,5,170,11,8,2016,5,5,58,1,2,1,1,1,I-17,,1452,35.168,-111.667,0,30,0,1,19,1,0,3,4,1,0,1,0,0,5,58,6,5,88,88,0,0,0,1,0,1
4,40526,2,2,0,0,0,3,3,5,0,20,8,2016,7,10,48,1,1,1,1,1,I-17,,1331,35.001,-111.686,0,12,2,0,1,1,0,1,1,10,0,10,0,0,10,49,10,55,11,43,0,0,0,1,0,1
4,40529,1,1,0,0,0,1,1,25,0,4,8,2016,5,11,29,1,1,1,1,1,I-40,,1070,35.285,-113.123,0,1,0,0,1,1,0,3,1,10,0,10,0,0,11,33,12,8,88,88,0,0,0,1,1,1