STATE,ST_CASE,VE_TOTAL,VE_FORMS,PVH_INVL,PEDS,PERNOTMVIT,PERMVIT,PERSONS,COUNTY,CITY,DAY,MONTH,YEAR,DAY_WEEK,HOUR,MINUTE,NHS,RUR_URB,FUNC_SYS,RD_OWNER,ROUTE,TWAY_ID,TWAY_ID2,MILEPT,LATITUDE,LONGITUD,SP_JUR,HARM_EV,MAN_COLL,RELJCT1,RELJCT2,TYP_INT,WRK_ZONE,REL_ROAD,LGT_COND,WEATHER1,WEATHER2,WEATHER,SCH_BUS,RAIL,NOT_HOUR,NOT_MIN,ARR_HOUR,ARR_MIN,HOSP_HR,HOSP_MN,CF1,CF2,CF3,FATALS,DRUNK_DR,RANK
4,40531,1,1,0,1,1,2,2,13,370,21,8,2016,1,21,21,1,2,3,4,6,INDIAN SCHOOL RD,9TH ST,0,33.495,-112.063,0,15,0,0,2,2,0,1,3,1,0,1,0,0,99,99,99,99,99,99,0,0,0,1,0,1
4,40532,1,1,0,0,0,2,2,21,0,23,8,2016,3,5,14,1,1,1,1,1,I-10,,2323,32.507,-111.269,0,52,0,1,19,1,0,4,4,1,0,1,0,0,5,15,5,29,6,23,0,0,0,1,0,1
4,40533,1,1,0,1,1,2,2,7,0,31,8,2016,4,19,40,0,2,5,1,3,SR-73,,227,33.791,-110.032,3,8,0,0,1,1,0,1,2,1,0,1,0,0,19,40,19,44,20,9,0,0,0,1,0,2
4,40540,1,1,0,0,0,1,1,21,0,7,7,2016,5,2,13,1,1,1,1,1,I-10,,2119,32.718,-111.507,0,1,0,0,1,1,0,3,2,1,0,1,0,0,2,15,2,26,88,88,0,0,0,1,0,1
4,40541,1,1,0,0,0,4,4,5,0,9,7,2016,7,20,27,1,1,1,1,1,I-17,,1202,34.849,-111.605,0,31,0,0,1,1,0,3,2,1,0,1,0,0,20,28,20,45,21,52,0,0,0,1,1,1
4,40542,7,7,0,0,0,12,12,13,290,14,7,2016,5,23,54,1,2,2,1,2,US-60,,1487,33.386,-111.831,0,12,7,0,1,1,0,1,3,1,0,1,0,0,23,56,0,1,88,88,0,0,0,1,1,0
4,40545,1,1,0,0,0,3,3,5,0,22,7,2016,6,6,46,1,1,1,1,1,I-40,,1881,35.212,-111.775,0,35,0,0,1,1,0,3,1,1,0,1,0,0,6,46,7,26,7,50,0,0,0,1,0,1
4,40554,1,1,0,0,0,1,1,9,0,4,9,2016,1,0,7,0,2,4,1,2,US-191,CR-ARMORY RD,1185,32.795,-109.708,0,33,0,0,3,3,0,4,3,1,0,1,0,0,0,7,0,15,88,88,0,0,0,1,1,0
4,40556,1,1,0,1,1,1,1,3,0,7,9,2016,4,4,48,0,1,5,1,2,US-191,,569,32.053,-109.887,0,8,0,0,1,1,0,1,2,2,0,2,0,0,4,50,5,8,88,88,0,0,0,1,0,0
4,40557,2,2,0,0,0,2,2,17,0,8,9,2016,5,20,48,1,1,3,1,2,US-160,,548,36.498,-110.622,3,12,2,0,1,1,0,1,2,1,0,1,0,0,20,54,21,14,99,99,0,0,0,1,1,0
4,40558,1,1,0,0,0,1,1,13,370,10,9,2016,7,2,30,1,2,1,1,1,I-17,,181,33.629,-112.117,0,38,0,1,19,1,0,4,3,1,0,1,0,0,2,31,2,45,88,88,0,0,0,1,1,1
4,40559,1,1,0,0,0,4,4,1,0,11,9,2016,1,1,44,0,1,6,1,3,SR-61,,715,35.016,-109.055,3,1,0,0,1,1,0,4,2,1,0,1,0,0,1,44,2,9,99,99,0,0,0,1,1,2
4,40560,1,1,0,1,1,1,1,13,370,12,9,2016,2,2,17,1,2,1,1,1,I-17,,80,33.484,-112.113,0,8,0,1,18,1,0,1,3,1,0,1,0,0,2,23,2,27,2,43,23,0,0,1,0,1
4,40570,1,1,0,0,0,2,2,13,0,19,9,2016,2,13,3,1,1,3,1,2,US-60,,845,33.92,-112.678,0,35,0,0,1,1,0,4,1,1,0,1,0,0,13,9,13,20,14,8,0,0,0,1,0,0
4,40574,1,1,0,1,1,1,1,13,370,22,9,2016,5,19,53,1,2,3,4,6,INDIAN SCHOOL RD,,0,33.495,-111.997,0,8,0,0,1,1,0,1,2,10,0,10,0,0,99,99,99,99,99,99,0,0,0,1,0,1
4,40577,1,1,0,0,0,2,2,1,0,28,9,2016,4,13,57,0,1,5,1,2,US-191,,4386,36.069,-109.61,3,1,0,0,1,1,0,6,1,1,0,1,0,0,13,57,14,12,99,99,0,0,0,1,1,0
4,40579,1,1,0,0,0,1,1,25,0,12,9,2016,2,3,56,1,1,1,1,1,I-17,,1076,34.724,-111.714,0,35,0,0,1,1,0,3,2,10,0,10,0,0,99,99,99,99,99,99,0,0,0,1,0,1
4,40585,3,3,0,1,1,4,4,19,530,29,8,2016,2,22,38,1,2,1,1,1,I-10,,2585,32.224,-110.981,0,8,0,1,18,1,0,1,2,1,0,1,0,0,22,35,22,38,88,88,0,0,0,1,0,1
4,40588,3,3,0,0,0,3,3,13,490,15,9,2016,5,16,18,1,2,2,1,2,US-60,,1418,33.386,-111.949,0,12,1,0,1,1,0,1,1,1,0,1,0,0,16,20,16,27,88,88,28,0,0,1,0,0
4,40589,2,2,0,0,0,3,3,13,370,26,9,2016,2,13,24,0,2,4,4,6,BROADWAY RD,,0,33.407,-112.071,0,12,1,0,1,1,0,1,1,2,0,2,0,0,99,99,99,99,99,99,26,0,0,1,0,1
4,40594,1,1,0,0,0,1,1,3,0,1,9,2016,5,23,45,0,1,4,1,3,SR-80,,33,31.926,-110.275,0,1,0,0,1,1,0,4,2,1,0,1,0,0,23,45,23,50,0,55,0,0,0,1,1,2
4,40595,2,2,0,0,0,2,2,25,0,8,9,2016,5,14,7,1,1,1,1,1,I-40,,1274,35.28,-112.784,0,35,0,0,1,1,0,3,1,1,0,1,0,0,14,9,14,21,15,45,0,0,0,1,0,1
4,40597,1,1,0,3,3,1,1,13,370,26,9,2016,2,23,43,1,2,1,1,1,I-17,,15,33.428,-112.056,0,8,0,0,1,1,0,2,3,1,0,1,0,0,23,43,23,47,0,13,23,0,0,1,1,1
4,40598,3,3,0,0,0,4,4,3,0,29,9,2016,5,19,0,1,1,1,1,1,I-10,,3079,31.965,-110.266,0,12,6,0,1,1,0,1,3,2,0,2,0,0,19,1,19,10,19,20,0,0,0,1,0,1
4,40599,2,2,0,0,0,2,2,13,290,3,8,2016,4,11,3,1,2,2,1,3,SR-202,,289,33.408,-111.64,0,12,1,1,18,1,0,1,1,1,0,1,0,0,11,3,11,14,11,53,0,0,0,1,0,2
4,40604,1,1,0,0,0,1,1,13,370,8,8,2016,2,11,0,1,2,3,4,6,INDIAN SCHOOL RD,,0,100,1000,0,43,0,0,1,1,0,4,1,98,0,98,0,0,99,99,99,99,99,99,0,0,0,1,0,1
4,40606,1,1,0,0,0,2,2,7,0,9,8,2016,3,21,7,1,1,3,1,3,SR-87,,1095,33.947,-111.437,0,99,99,0,99,99,0,99,6,98,0,98,0,0,99,99,99,99,99,99,0,0,0,1,0,1
4,40610,1,1,0,0,0,3,3,5,0,16,8,2016,3,8,50,0,1,5,1,3,SR-67,,99999,100,1000,1,99,99,0,99,99,0,99,1,98,0,98,0,0,99,99,99,99,99,99,0,0,0,2,0,2
4,40615,1,1,0,1,1,1,1,1,0,28,8,2016,1,2,33,0,1,5,1,2,US-191,,4223,35.84,-109.602,3,8,0,0,99,99,0,99,6,98,0,98,0,0,3,0,3,25,88,88,0,0,0,1,0,0
4,40619,1,1,0,0,0,1,1,21,0,1,9,2016,5,21,38,1,1,1,1,1,I-8,,1761,32.832,-111.73,0,1,0,0,1,1,0,2,2,1,0,1,0,0,21,40,21,55,88,88,0,0,0,1,1,1
4,40622,1,1,0,0,0,2,2,27,0,30,9,2016,6,19,30,1,1,1,1,1,I-8,,668,32.789,-113.562,0,1,0,0,1,1,0,1,2,1,0,1,0,0,19,30,20,5,99,99,0,0,0,1,0,0
4,40635,2,2,0,0,0,2,2,13,570,19,9,2016,2,5,55,1,1,3,1,2,US-93,,2002,33.991,-112.748,0,12,2,0,1,1,0,1,1,1,0,1,0,0,6,8,6,11,99,99,0,0,0,1,1,0
4,40638,2,2,0,0,0,3,3,13,370,2,9,2016,6,1,0,1,2,2,1,3,SR-202,,15,33.462,-112.017,0,12,6,1,18,1,1,1,3,1,0,1,0,0,1,1,1,6,99,99,0,0,0,1,0,2
4,40639,2,2,0,0,0,4,4,13,370,3,9,2016,7,0,32,0,2,4,4,6,BROADWAY RD,103RD AVE,0,33.406,-112.281,0,12,6,0,2,2,0,1,6,98,0,98,0,0,99,99,99,99,88,88,0,0,0,1,0,1
4,40662,2,2,0,0,0,5,5,7,0,5,10,2016,4,15,10,0,1,4,1,3,SR-87,,1378,34.279,-111.324,0,24,0,0,1,1,0,4,1,1,0,1,0,0,15,10,15,15,16,31,0,0,0,1,0,1
4,40666,2,2,0,0,0,4,4,13,368,9,10,2016,1,19,23,1,2,3,4,6,NORTHERN AVE,75TH AVE,0,33.552,-112.22,0,12,6,0,2,2,0,1,3,1,0,1,0,0,99,99,99,99,99,99,0,0,0,1,0,2
4,40667,1,1,0,0,0,1,1,5,0,11,10,2016,3,8,24,0,1,5,1,3,SR-87,,1844,34.627,-111.142,0,42,0,0,1,1,0,4,1,1,0,1,0,0,8,24,8,30,88,88,0,0,0,1,0,1
4,40670,1,1,0,0,0,2,2,25,0,13,10,2016,5,15,9,0,1,5,1,3,SR-71,,104,34.06,-113.046,0,32,0,0,1,1,0,4,1,1,0,1,0,0,15,38,16,10,16,49,0,0,0,1,0,2
4,40673,3,3,0,0,0,3,3,5,0,19,10,2016,4,3,30,1,1,1,1,1,I-40,,1723,35.261,-112.036,0,12,1,0,1,1,0,1,2,5,0,5,0,0,3,30,99,99,99,99,0,0,0,1,0,1
4,40675,1,1,0,0,0,4,4,1,0,22,10,2016,7,5,4,0,1,5,1,2,US-191,,4511,36.223,-109.602,3,1,0,0,1,1,0,4,2,1,0,1,0,0,5,4,5,20,99,99,0,0,0,1,1,0
4,40678,1,1,0,0,0,1,1,5,0,23,10,2016,1,13,5,1,1,1,1,1,I-17,,1376,35.065,-111.685,0,31,0,0,1,1,0,3,1,1,0,1,0,0,13,5,13,15,13,45,0,0,0,1,0,1
4,40685,1,1,0,0,0,1,1,19,295,3,10,2016,2,8,28,1,2,1,1,1,I-10,,2412,32.42,-111.158,0,1,0,0,1,1,0,3,1,1,0,1,0,0,8,28,8,28,8,54,0,0,0,1,0,1
4,40686,1,1,0,0,0,1,1,13,0,23,10,2016,1,11,30,1,1,1,1,1,I-17,,383,33.92,-112.145,0,1,0,0,1,1,0,1,1,1,0,1,0,0,11,33,11,50,12,55,0,0,0,1,1,1
4,40687,1,1,0,0,0,1,1,3,0,24,10,2016,2,5,49,0,2,5,1,3,SR-80,,738,31.368,-109.535,0,42,0,0,1,1,0,4,2,1,0,1,0,0,5,51,6,1,6,51,0,0,0,1,1,2
4,40688,2,2,0,0,0,2,2,13,290,3,10,2016,2,14,45,0,2,3,4,6,BROADWAY RD,ALPINE AVE,0,33.408,-111.778,0,12,7,0,3,3,0,1,1,1,0,1,0,0,14,47,14,53,15,22,0,0,0,1,0,1
4,40693,2,2,0,0,0,2,2,19,0,3,10,2016,2,8,50,1,2,3,1,3,SR-77,CASAS ADOBES DR,61,32.327,-110.976,0,12,6,0,2,2,0,1,1,1,0,1,0,0,8,50,8,55,9,3,0,0,0,1,0,1
4,40697,2,2,0,0,0,3,3,13,490,7,10,2016,6,9,0,0,2,3,4,6,BROADWAY RD,,0,33.408,-111.916,0,12,1,0,1,1,0,1,1,1,0,1,0,0,9,0,9,5,9,27,0,0,0,1,0,1
4,40705,1,1,0,1,1,1,1,1,0,12,3,2016,7,23,12,0,1,5,1,2,US-191,,4467,36.163,-109.584,3,8,0,0,1,1,0,1,6,98,0,98,0,0,99,99,99,99,88,88,0,0,0,1,0,0
4,40708,2,2,0,0,0,2,2,13,370,1,11,2016,3,3,11,1,2,2,1,3,SR-101,,206,33.67,-112.138,0,12,2,1,18,1,0,1,3,1,0,1,0,0,3,13,3,18,88,88,0,0,0,2,2,2
4,40710,2,2,0,1,1,1,1,1,0,1,11,2016,3,19,55,1,1,1,1,1,I-40,,3096,35.046,-109.806,1,12,7,0,1,1,0,1,2,10,0,10,0,0,19,56,20,22,88,88,23,0,0,1,0,1
4,40712,1,1,0,0,0,2,2,3,0,4,11,2016,6,10,3,1,1,3,1,3,SR-80,,669,31.358,-109.636,0,41,0,0,1,1,0,4,1,1,0,1,0,0,9,59,10,6,10,38,0,0,0,1,0,2
4,40714,3,3,0,0,0,6,6,13,290,7,11,2016,2,6,20,1,2,2,1,2,US-60,,1475,33.386,-111.842,0,12,7,1,18,1,0,1,3,1,0,1,0,0,6,22,6,30,88,88,14,28,0,1,0,0
4,40715,1,1,0,1,1,1,1,5,0,7,11,2016,2,3,35,1,1,1,1,1,I-40,,2454,35.066,-110.831,0,8,0,1,18,1,0,1,2,1,0,1,0,0,3,42,3,50,88,88,0,0,0,1,0,1
4,40716,3,3,0,0,0,4,4,13,200,7,11,2016,2,6,31,1,2,2,1,3,SR-101,,168,33.668,-112.207,0,12,1,1,18,1,0,1,4,1,0,1,0,0,6,31,6,35,6,58,0,0,0,1,0,2
4,40720,2,2,0,0,0,4,4,25,0,8,11,2016,3,23,59,1,1,3,1,2,US-93,,1719,34.266,-113.091,0,12,2,0,1,1,0,1,2,1,0,1,0,0,99,99,0,31,88,88,0,0,0,4,0,0
4,40724,1,1,0,1,1,8,8,25,82,11,11,2016,6,18,36,1,1,3,1,3,SR-89,,751,34.831,-112.46,0,8,0,0,1,1,0,1,5,1,0,1,0,0,18,38,18,47,88,88,0,0,0,1,0,1
4,40725,2,2,0,0,0,5,5,13,490,12,11,2016,7,19,53,0,2,3,4,6,BROADWAY RD,48TH ST,0,33.407,-111.978,0,12,6,0,2,2,0,1,3,1,0,1,0,0,19,53,20,4,20,18,0,0,0,1,1,1
4,40727,1,1,0,0,0,4,4,13,80,13,11,2016,1,6,33,1,2,2,1,3,SR-202,,475,33.287,-111.84,0,1,0,1,19,1,0,4,4,1,0,1,0,0,6,33,6,46,7,7,0,0,0,1,0,2
4,40729,1,1,0,0,0,1,1,5,0,14,11,2016,2,12,28,1,1,3,1,2,US-89,,223,35.517,-111.544,0,17,0,0,1,1,0,4,1,1,0,1,0,0,12,32,12,57,88,88,18,0,0,1,0,0
4,40730,1,1,0,0,0,2,2,5,0,14,11,2016,2,15,37,1,1,1,1,1,I-40,,2188,35.161,-111.282,0,41,0,1,19,1,0,10,1,1,0,1,0,0,15,38,15,50,16,41,0,0,0,1,1,1
4,40732,2,2,0,1,1,4,4,15,0,16,11,2016,4,17,5,1,1,1,1,1,I-15,,133,36.922,-113.856,0,12,7,0,1,1,0,1,5,1,0,1,0,0,17,6,17,15,17,20,19,23,0,1,0,1
4,40733,1,1,0,0,0,1,1,3,431,16,11,2016,4,20,23,0,2,3,1,3,SR-92,,21,31.524,-110.257,0,42,0,0,1,1,0,4,2,1,0,1,0,0,20,23,20,23,21,40,0,0,0,1,0,2
4,40735,4,4,0,0,0,4,4,13,490,18,11,2016,6,16,52,1,2,2,1,2,US-60,,1411,33.386,-111.952,0,12,1,0,1,1,0,1,1,1,0,1,0,0,16,54,17,1,17,23,28,0,0,1,0,0
4,40737,2,2,0,0,0,3,3,13,370,23,11,2016,4,13,0,1,2,1,1,1,I-17,,222,33.687,-112.112,0,51,0,1,18,1,0,1,1,1,0,1,0,0,13,1,13,1,88,88,14,0,0,1,0,1
4,40739,1,1,0,1,1,1,1,1,0,24,11,2016,5,3,15,1,1,3,1,2,US-160,,1044,36.821,-109.876,3,8,0,0,1,1,0,1,2,1,0,1,0,0,3,30,4,20,5,9,0,0,0,1,0,0
4,40740,2,2,0,0,0,15,15,13,220,25,11,2016,6,2,30,1,2,1,1,1,I-10,,1256,33.462,-112.411,0,12,2,1,18,1,0,1,3,1,0,1,0,0,2,30,2,36,99,99,0,0,0,1,1,1
4,40741,1,1,0,1,1,3,3,13,368,25,11,2016,6,22,35,1,2,2,1,3,SR-101,,105,33.602,-112.254,0,8,0,1,18,1,0,1,3,1,0,1,0,0,22,35,22,40,22,56,16,0,0,1,0,2
4,40743,1,1,0,0,0,2,2,25,0,30,11,2016,4,6,24,0,1,5,1,3,SR-260,,243,34.507,-111.731,0,1,0,0,1,1,0,4,2,1,0,1,0,0,6,24,6,45,99,99,0,0,0,1,0,0
4,40744,7,7,0,0,0,8,8,19,530,18,10,2016,3,8,1,1,2,1,1,1,I-10,,2532,32.288,-111.024,0,12,1,0,1,1,0,1,1,1,0,1,0,0,8,2,8,6,8,30,14,26,0,3,1,1
4,40746,1,1,0,0,0,1,1,21,0,24,10,2016,2,12,51,0,1,4,1,3,SR-84,,1,32.836,-112.132,0,1,0,0,1,1,0,5,1,1,0,1,0,0,12,55,13,11,88,88,0,0,0,1,0,2
4,40747,2,2,0,0,0,3,3,21,0,27,10,2016,5,18,47,1,1,1,1,1,I-10,,1796,33.075,-111.809,3,12,2,0,1,1,0,1,2,1,0,1,0,0,18,47,18,59,99,99,0,0,0,1,0,1
4,40753,1,1,0,1,1,2,2,13,370,15,10,2016,7,21,17,1,2,3,4,6,INDIAN SCHOOL RD,27TH AVE,0,33.495,-112.117,0,8,0,0,3,2,0,1,6,98,0,98,0,0,99,99,99,99,99,99,0,0,0,1,0,1
4,40766,4,4,0,0,0,4,4,13,420,21,11,2016,2,13,34,1,2,2,1,3,SR-101,,381,33.605,-111.892,0,12,1,0,1,1,0,1,1,2,0,2,0,0,13,37,13,49,14,9,26,0,0,1,0,2
4,40767,2,2,0,0,0,5,5,9,0,3,11,2016,5,23,31,0,1,4,1,2,US-70,,480,33.087,-110.056,0,12,2,0,1,1,0,1,2,2,0,2,0,0,23,31,23,37,99,99,0,0,0,2,2,0
4,40768,1,1,0,0,0,1,1,13,290,7,11,2016,2,4,44,1,2,2,1,3,SR-202,,249,33.452,-111.67,0,21,0,1,19,1,0,4,3,1,0,1,0,0,4,45,4,51,5,24,0,0,0,1,0,2
4,40787,1,1,0,1,1,1,1,13,370,8,11,2016,3,6,35,0,2,4,4,6,BROADWAY RD,,0,100,1000,0,8,0,0,1,1,0,1,1,1,0,1,0,0,99,99,99,99,99,99,0,0,0,1,0,1
4,40802,1,1,0,1,1,1,1,17,0,1,12,2016,5,13,26,1,1,1,1,1,I-40,,2626,34.983,-110.549,0,8,0,0,1,1,0,99,1,99,0,99,0,0,88,88,88,88,88,88,0,0,0,1,0,1
4,40807,1,1,0,1,1,1,1,13,490,7,12,2016,4,15,40,0,2,3,4,6,BROADWAY RD,,0,33.407,-111.952,0,8,0,0,1,1,0,1,1,1,0,1,0,0,15,40,15,45,16,8,0,0,0,1,0,1
4,40813,4,4,0,0,0,6,6,13,490,10,12,2016,7,17,30,1,2,2,1,2,US-60,,1417,33.386,-111.942,0,12,7,1,18,1,0,1,1,1,0,1,0,0,17,31,17,38,17,57,14,0,0,1,0,0
4,40815,1,1,0,0,0,1,1,13,290,11,12,2016,1,2,56,1,2,2,1,3,SR-202,,144,33.465,-111.824,0,25,0,0,1,1,0,4,3,1,0,1,0,0,2,58,3,8,3,34,0,0,0,1,0,2
4,40818,2,2,0,1,1,1,1,3,0,17,12,2016,7,19,30,1,1,3,1,3,SR-80,,449,31.467,-109.959,0,12,6,0,1,1,0,1,2,1,0,1,0,0,19,33,19,46,21,10,19,23,15,1,0,2
4,40821,1,1,0,1,1,1,1,13,0,20,12,2016,3,11,18,0,1,5,1,3,SR-88,,236,33.543,-111.334,0,9,0,0,1,1,0,1,1,1,0,1,0,0,11,18,11,54,12,40,0,0,0,1,0,1
4,40826,1,1,0,0,0,5,5,21,160,24,12,2016,7,15,45,1,1,1,1,1,I-10,,2012,32.803,-111.662,0,1,0,0,1,1,0,3,1,2,0,2,0,0,15,45,15,56,16,26,0,0,0,3,0,1
4,40828,2,2,0,0,0,2,2,13,0,28,12,2016,4,4,52,1,1,3,1,3,SR-85,,1583,32.978,-112.67,0,12,6,0,1,1,0,1,2,10,0,10,0,0,4,54,4,54,88,88,19,0,0,1,1,1
4,40832,2,2,0,0,0,2,2,21,0,31,12,2016,7,4,55,0,1,5,1,3,SR-87,,66,32.814,-111.515,0,12,1,0,1,1,0,1,2,5,0,5,0,0,4,58,5,11,7,16,0,0,0,1,0,1
4,40846,2,2,0,0,0,3,3,13,370,14,12,2016,4,6,44,1,2,3,4,6,INDIAN SCHOOL RD,,0,33.494,-112.235,0,12,1,0,1,1,0,1,4,1,0,1,0,0,99,99,99,99,99,99,0,0,0,1,0,1
4,40848,2,2,0,0,0,3,3,21,70,15,12,2016,5,15,36,1,1,1,1,1,I-8,,1796,32.82,-111.688,0,12,1,1,18,1,0,1,1,1,0,1,0,0,15,36,15,48,16,36,0,0,0,1,0,0
4,40849,1,1,0,0,0,1,1,13,370,27,12,2016,3,21,46,1,1,2,1,3,SR-51,,71,33.563,-112.037,0,59,0,1,19,1,0,8,3,1,0,1,0,0,21,50,21,54,22,4,0,0,0,1,1,2
4,40855,3,3,0,0,0,4,4,13,370,3,12,2016,7,7,35,0,2,4,4,6,NORTHERN AVE,43RD AVE,0,33.553,-112.151,0,12,99,0,2,2,0,1,1,98,0,98,0,0,99,99,99,99,99,99,0,0,0,1,1,2
4,40879,1,1,0,1,1,2,2,13,370,10,12,2016,7,19,12,1,2,3,4,6,INDIAN SCHOOL RD,10TH PL,0,33.495,-112.06,0,8,0,0,3,3,0,1,3,1,0,1,0,0,99,99,99,99,99,99,0,0,0,1,0,1
5,50461,1,1,0,0,0,4,4,55,0,29,10,2016,7,2,24,0,1,7,2,4,CR-611,,0,36.127,-90.581,0,53,0,0,1,1,0,4,2,1,0,1,0,0,2,25,2,39,99,99,0,0,0,1,1,2
8,80001,1,1,0,0,0,3,3,63,0,3,1,2016,1,6,17,1,1,1,1,1,I-70,,4443,39.32,-102.147,0,24,0,0,1,1,0,3,2,1,0,1,0,0,99,99,99,99,99,99,0,0,0,2,0,1
8,80004,2,2,0,0,0,3,3,29,0,10,1,2016,1,16,57,0,1,4,1,3,SR-92,,80,38.788,-107.941,0,12,8,0,1,1,0,1,1,1,0,1,0,0,17,0,17,14,99,99,0,0,0,1,0,2
8,80005,3,3,0,0,0,5,5,123,0,13,1,2016,4,19,15,1,1,1,1,1,I-76,,551,40.204,-104.251,0,12,7,0,1,1,0,1,2,98,0,98,0,0,99,99,99,99,99,99,0,0,0,1,1,1
8,80006,1,1,0,0,0,2,2,1,0,14,1,2016,5,13,30,1,1,1,1,1,I-70,,2949,39.74,-104.61,0,31,0,0,1,1,0,4,1,1,0,1,0,0,99,99,99,99,99,99,0,0,0,1,0,0
8,80007,1,1,0,0,0,2,2,1,434,14,1,2016,5,17,1,1,2,2,1,2,US-85,,2281,39.894,-104.873,0,1,0,0,1,1,0,3,2,98,0,98,0,0,99,99,99,99,99,99,0,0,0,1,0,0
8,80012,2,2,0,0,0,2,2,23,0,24,1,2016,1,11,50,1,1,3,1,2,US-160,,2782,37.618,-105.196,0,12,2,0,1,1,0,1,1,98,0,98,0,0,11,58,12,15,99,99,0,0,0,1,0,0
8,80015,1,1,0,0,0,1,1,61,0,28,1,2016,5,2,4,0,1,4,1,3,SR-96,,1915,38.461,-102.337,0,35,0,0,1,1,0,4,2,98,0,98,0,0,99,99,99,99,88,88,0,0,0,1,1,2
8,80020,1,1,0,0,0,1,1,5,0,30,1,2016,7,12,20,1,1,1,1,1,I-70,,2909,39.74,-104.685,0,38,0,0,1,1,0,5,1,98,0,98,0,0,99,99,99,99,99,99,0,0,0,1,0,0
8,80023,1,1,0,0,0,1,1,13,0,14,1,2016,5,9,20,0,1,4,1,3,SR-119,,370,40.006,-105.346,0,18,0,0,1,1,0,6,1,98,0,98,0,0,9,21,9,35,88,88,0,0,0,1,0,2
8,80024,3,3,0,0,0,3,3,119,2600,6,1,2016,4,18,14,1,2,3,1,2,US-24,,2842,38.984,-105.063,0,12,2,0,1,1,0,1,2,98,0,98,0,0,99,99,99,99,99,99,0,0,0,1,1,1
8,80026,3,3,0,0,0,3,3,123,750,13,1,2016,4,8,22,1,1,3,1,3,SR-52,,81,40.088,-105.038,0,12,8,0,1,1,0,1,1,98,0,98,0,0,8,22,8,27,88,88,0,0,0,1,1,0
8,80028,2,2,0,0,0,2,2,123,0,1,2,2016,2,9,50,1,1,3,1,2,US-85,,3048,40.934,-104.798,0,12,6,0,1,1,0,1,1,4,0,4,0,0,99,99,99,99,88,88,0,0,0,1,0,0
8,80029,2,2,0,0,0,3,3,117,0,2,2,2016,3,7,15,0,1,4,1,3,SR-91,,200,39.473,-106.131,0,12,6,0,1,1,0,1,4,98,0,98,0,0,7,15,7,24,99,99,0,0,0,1,0,2
8,80030,2,2,0,0,0,2,2,43,0,2,2,2016,3,9,10,1,1,3,1,2,US-50,,2940,38.395,-104.973,0,12,6,0,1,1,0,1,1,98,0,98,0,0,9,14,9,24,10,11,0,0,0,1,0,2
8,80032,2,2,0,0,0,5,5,43,0,13,2,2016,7,19,20,1,1,3,1,2,US-50,,2723,38.496,-105.289,0,12,2,0,1,1,0,1,2,98,0,98,0,0,99,99,99,99,99,99,0,0,0,1,0,2
8,80033,2,2,0,0,0,4,4,101,0,10,2,2016,4,16,34,1,1,1,1,1,I-25,,721,37.937,-104.816,0,12,1,0,1,1,0,1,1,98,0,98,0,0,99,99,99,99,99,99,0,0,0,1,0,1
8,80035,1,1,0,0,0,1,1,41,430,14,2,2016,1,0,7,1,2,1,1,1,I-25,,1435,38.861,-104.834,0,23,0,1,19,1,0,3,3,98,0,98,0,0,0,7,99,99,99,99,0,0,0,1,1,1
8,80036,2,2,0,0,0,2,2,69,0,29,2,2016,2,12,45,0,2,5,1,3,SR-1,I-25 OFF RAMP,99,40.704,-104.999,0,12,6,1,2,2,0,1,1,98,0,98,0,0,99,99,99,99,99,99,0,0,0,1,0,1
8,80041,2,2,0,0,0,3,3,69,0,10,2,2016,4,15,30,1,1,3,1,2,US-287,CR-54G,3547,40.65,-105.171,0,12,6,0,2,2,0,1,1,1,0,1,0,0,99,99,99,99,99,99,0,0,0,1,0,0
8,80042,1,1,0,1,1,1,1,41,430,19,2,2016,6,19,14,1,2,3,1,3,SR-115,,470,38.809,-104.822,0,8,0,0,1,1,0,1,3,98,0,98,0,0,99,99,99,99,99,99,0,0,0,1,0,2
8,80043,3,3,0,0,0,8,8,1,434,21,2,2016,1,20,9,1,2,3,1,2,US-85,E 120TH AVE,2298,39.914,-104.857,0,12,6,0,2,2,0,1,3,98,0,98,0,0,20,9,20,13,99,99,0,0,0,1,0,0
8,80047,1,1,0,0,0,1,1,13,0,26,2,2016,6,15,10,1,1,3,1,2,US-36,,180,40.248,-105.288,0,1,0,0,1,1,0,4,1,1,0,1,0,0,99,99,99,99,88,88,0,0,0,1,0,1
8,80048,3,3,0,0,0,4,4,35,0,27,2,2016,7,13,33,1,1,3,1,3,SR-83,,404,39.26,-104.703,0,12,2,0,1,1,0,1,1,98,0,98,0,0,13,34,13,46,99,99,0,0,0,2,2,2
8,80049,1,1,0,1,1,3,3,69,9997,28,2,2016,1,3,6,1,2,1,1,1,I-25,,2537,40.356,-104.982,0,8,0,0,1,1,0,1,2,1,0,1,0,0,99,99,99,99,88,88,0,0,0,1,0,1
8,80050,2,2,0,0,0,2,2,123,690,13,2,2016,7,16,31,1,1,3,1,2,US-85,CR-76,2766,40.539,-104.715,0,12,6,0,2,2,0,1,1,98,0,98,0,0,16,32,16,35,17,6,0,0,0,1,0,0
8,80055,1,1,0,1,1,3,3,123,1070,2,3,2016,4,19,21,1,2,3,1,2,US-85,,15,40.444,-104.693,0,8,0,0,1,1,0,1,2,98,0,98,0,0,19,24,19,29,88,88,0,0,0,1,0,0
8,80058,3,3,0,0,0,3,3,1,434,6,3,2016,1,3,44,1,2,1,1,1,I-270,,23,39.8,-104.934,0,12,6,1,17,1,0,1,3,98,0,98,0,0,3,44,3,50,4,17,0,0,0,1,1,2
8,80059,1,1,0,0,0,1,1,35,0,6,3,2016,1,11,13,1,2,1,1,1,I-25,,1884,39.471,-104.872,0,35,0,1,19,1,0,4,1,98,0,98,0,0,99,99,99,99,99,99,0,0,0,1,1,1