STATE,ST_CASE,VE_TOTAL,VE_FORMS,PVH_INVL,PEDS,PERNOTMVIT,PERMVIT,PERSONS,COUNTY,CITY,DAY,MONTH,YEAR,DAY_WEEK,HOUR,MINUTE,NHS,RUR_URB,FUNC_SYS,RD_OWNER,ROUTE,TWAY_ID,TWAY_ID2,MILEPT,LATITUDE,LONGITUD,SP_JUR,HARM_EV,MAN_COLL,RELJCT1,RELJCT2,TYP_INT,WRK_ZONE,REL_ROAD,LGT_COND,WEATHER1,WEATHER2,WEATHER,SCH_BUS,RAIL,NOT_HOUR,NOT_MIN,ARR_HOUR,ARR_MIN,HOSP_HR,HOSP_MN,CF1,CF2,CF3,FATALS,DRUNK_DR,RANK
8,80061,2,2,0,0,0,3,3,35,0,7,3,2016,2,7,0,1,1,3,1,2,US-85,,1884,39.431,-104.926,0,12,6,0,1,1,0,1,1,98,0,98,0,0,99,99,99,99,99,99,0,0,0,1,0,0
8,80065,2,2,0,0,0,2,2,67,0,10,3,2016,5,11,58,1,1,3,1,2,US-160,CR-225A,941,37.229,-107.748,0,12,6,0,3,2,0,1,1,98,0,98,0,0,99,99,99,99,99,99,0,0,0,2,0,0
8,80066,2,2,0,0,0,2,2,13,1390,12,3,2016,7,3,1,1,2,3,1,2,US-287,,3012,39.963,-105.09,0,12,1,0,1,1,0,1,2,98,0,98,0,0,3,1,3,5,88,88,0,0,0,1,1,0
8,80067,2,2,0,0,0,4,4,1,434,12,3,2016,7,14,23,1,2,3,1,3,SR-2,E 88TH AVE,150,39.856,-104.883,0,12,6,0,2,3,0,1,1,1,0,1,0,0,14,23,14,26,99,99,0,0,0,1,0,2
8,80068,1,1,0,0,0,1,1,1,0,13,3,2016,1,0,58,1,2,1,1,1,I-76,,77,39.827,-104.947,0,24,0,0,1,1,0,4,2,98,0,98,0,0,0,57,1,3,1,31,0,0,0,1,1,1
8,80069,1,1,0,0,0,1,1,117,0,13,3,2016,1,3,20,1,1,1,1,1,I-70,,2031,39.601,-106.088,0,1,0,0,1,1,0,1,2,98,0,98,0,0,3,20,3,29,3,42,0,0,0,1,0,0
8,80070,2,2,0,0,0,2,2,91,0,14,3,2016,2,14,12,1,1,3,1,2,US-550,CR-3A,1011,38.12,-107.724,0,12,1,0,3,4,0,1,1,98,0,98,0,0,99,99,99,99,88,88,0,0,0,1,0,0
8,80073,1,1,0,0,0,1,1,69,0,17,3,2016,5,22,15,1,2,1,1,1,I-25,,2665,40.54,-104.996,0,24,0,0,1,1,0,4,2,4,0,4,0,0,23,17,23,17,88,88,0,0,0,1,0,1
8,80075,2,2,0,0,0,2,2,1,0,21,3,2016,2,11,45,0,1,5,1,3,SR-79,CR-88TH AVE,88,39.854,-104.414,0,12,6,0,2,2,0,1,1,98,0,98,0,0,99,99,99,99,88,88,0,0,0,1,0,1
8,80079,1,1,0,0,0,2,2,93,0,23,3,2016,4,8,30,1,1,3,1,2,US-285,,1886,39.276,-105.933,0,32,0,0,1,1,0,4,1,4,0,4,0,0,99,99,99,99,99,99,0,0,0,1,0,0
8,80080,2,2,0,0,0,2,2,101,0,23,3,2016,4,14,54,1,1,1,1,1,I-25,,1104,38.435,-104.607,0,12,2,1,18,1,0,1,1,98,0,98,0,0,99,99,99,99,99,99,0,0,0,1,1,1
8,80081,1,1,0,0,0,1,1,45,0,27,3,2016,1,2,36,0,1,5,1,2,US-6,,1049,39.565,-107.553,0,31,0,0,1,1,0,4,2,98,0,98,0,0,2,37,99,99,88,88,0,0,0,1,1,0
8,80085,2,2,0,0,0,3,3,1,2427,31,3,2016,5,19,38,1,2,1,1,1,I-25,,2182,39.845,-104.985,0,12,7,1,17,1,0,1,3,98,0,98,0,0,19,38,19,44,99,99,0,0,0,1,0,1
8,80086,2,2,0,0,0,2,2,59,0,21,3,2016,2,16,34,1,2,3,1,3,SR-74,,41,39.669,-105.358,0,12,6,0,1,1,0,2,1,98,0,98,0,0,16,34,16,34,88,88,0,0,0,1,0,2
8,80088,2,2,0,0,0,2,2,117,620,2,3,2016,4,7,57,0,2,4,1,2,US-6,,2109,39.625,-106.036,0,12,6,0,1,1,0,2,1,4,0,4,0,0,7,57,8,2,8,30,0,0,0,1,0,0
8,80091,1,1,0,1,1,2,2,59,1000,11,3,2016,6,20,43,1,2,2,1,3,SR-58,,14,39.763,-105.217,0,8,0,0,1,1,0,1,2,98,0,98,0,0,20,43,99,99,88,88,0,0,0,1,0,1
8,80095,2,2,0,0,0,2,2,13,0,2,4,2016,7,12,4,0,1,4,1,2,US-36,,289,40.116,-105.282,0,12,2,0,8,1,0,2,1,98,0,98,0,0,12,5,12,10,12,52,0,0,0,1,0,1
8,80098,2,2,0,0,0,4,4,35,0,8,4,2016,6,10,58,1,1,1,1,1,I-25,,1691,39.209,-104.864,0,12,6,0,1,1,0,1,1,98,0,98,0,0,10,59,11,10,88,88,0,0,0,1,1,1
8,80099,3,3,0,0,0,4,4,99,0,8,4,2016,6,15,19,1,1,3,1,2,US-50,,4585,38.057,-102.209,0,12,8,0,1,1,0,1,1,98,0,98,0,0,99,99,99,99,99,99,0,0,0,2,0,2
8,80102,1,1,0,0,0,5,5,27,0,12,4,2016,3,15,45,0,1,4,1,3,SR-96,,143,38.164,-105.233,0,1,0,0,1,1,0,4,1,3,0,3,0,0,99,99,99,99,99,99,0,0,0,1,0,2
8,80105,2,2,0,0,0,2,2,41,0,6,4,2016,4,9,0,1,2,3,1,2,US-24,SR-94,3124,38.843,-104.691,0,12,6,0,2,2,0,1,1,98,0,98,0,0,99,99,99,99,99,99,0,0,0,1,0,1
8,80106,2,2,0,0,0,2,2,123,870,13,4,2016,4,4,35,1,2,3,1,2,US-85,CR-8,2391,40.044,-104.82,0,12,6,0,2,2,0,1,2,98,0,98,0,0,99,99,99,99,99,99,0,0,0,1,0,0
8,80107,2,2,0,0,0,3,3,117,0,13,4,2016,4,23,9,1,1,1,1,1,I-70,,1930,39.506,-106.182,0,12,2,0,1,1,0,1,2,98,0,98,0,0,23,9,99,99,99,99,0,0,0,1,1,0
8,80108,7,1,6,0,0,1,1,69,0,14,4,2016,5,4,10,1,2,1,1,1,I-25,,2764,40.683,-105,0,24,0,0,1,1,0,4,2,98,0,98,0,0,99,99,99,99,88,88,14,0,0,1,0,1
8,80109,2,2,0,0,0,3,3,1,2427,14,4,2016,5,11,10,1,2,1,1,1,I-25,,2266,39.966,-104.988,0,12,1,0,1,1,0,1,1,98,0,98,0,0,11,10,11,15,11,40,0,0,0,1,0,1
8,80111,1,1,0,0,0,1,1,83,0,15,4,2016,6,16,0,1,1,3,1,3,SR-145,,285,37.569,-108.281,0,1,0,0,1,1,0,4,1,4,0,4,0,0,16,8,16,32,88,88,0,0,0,1,1,1
8,80112,1,1,0,0,0,1,1,59,0,15,4,2016,6,18,24,1,1,1,1,1,I-70,,2486,39.716,-105.374,0,42,0,0,1,1,0,4,2,98,0,98,0,0,99,99,99,99,88,88,0,0,0,1,0,0
8,80113,1,1,0,1,1,2,2,5,0,15,4,2016,6,21,35,1,2,3,1,3,SR-83,CR-ULSTER ST,742,39.693,-104.894,0,8,0,0,3,2,0,1,1,2,0,2,0,0,99,99,99,99,99,99,0,0,0,1,0,2
8,80114,1,1,0,0,0,3,3,87,0,17,4,2016,1,2,3,1,1,1,1,1,I-76,,977,40.322,-103.493,0,1,0,0,1,1,0,3,2,4,0,4,0,0,99,99,99,99,99,99,0,0,0,1,0,1
8,80115,2,2,0,0,0,7,7,67,0,18,4,2016,2,8,21,0,1,5,1,3,SR-140,,16,37.022,-108.182,0,12,6,0,1,1,0,1,1,4,0,4,0,0,99,99,99,99,99,99,0,0,0,1,0,1
8,80118,2,2,0,0,0,3,3,55,0,21,4,2016,5,21,13,1,1,3,1,2,US-160,,2952,37.559,-104.94,0,12,2,0,1,1,0,1,1,98,0,98,0,0,99,99,99,99,99,99,0,0,0,1,1,0
8,80119,1,1,0,0,0,1,1,69,0,22,4,2016,6,8,55,1,2,1,1,1,I-25,,2597,40.442,-104.992,0,31,0,0,1,1,0,3,1,98,0,98,0,0,99,99,99,99,88,88,0,0,0,1,0,1
8,80121,2,2,0,0,0,2,2,123,0,27,4,2016,4,8,5,1,1,2,1,2,US-85,,2594,40.313,-104.741,0,12,2,0,1,1,0,1,1,98,0,98,0,0,99,99,99,99,99,99,0,0,0,1,0,0
8,80122,1,1,0,0,0,1,1,107,0,28,4,2016,5,0,40,1,1,3,1,2,US-40,,1123,40.489,-107.176,0,31,0,0,1,1,0,4,2,98,0,98,0,0,0,41,0,47,88,88,0,0,0,1,1,0
8,80124,2,2,0,0,0,2,2,43,0,29,4,2016,6,7,15,1,1,3,1,2,US-50,,2725,38.495,-105.286,0,12,2,0,1,1,0,1,1,4,0,4,0,0,99,99,99,99,99,99,0,0,0,1,0,2
8,80127,1,1,0,0,0,1,1,87,0,28,4,2016,5,8,48,1,1,1,1,1,I-76,,828,40.263,-103.752,0,31,0,0,1,1,0,4,1,98,0,98,0,0,8,42,8,49,9,13,0,0,0,1,0,1
8,80130,1,1,0,0,0,1,1,125,0,2,5,2016,2,21,46,0,1,4,1,2,US-36,,1821,39.655,-102.771,0,1,0,0,1,1,0,4,2,98,0,98,0,0,21,43,22,7,88,88,0,0,0,1,1,1
8,80131,2,2,0,0,0,2,2,43,0,2,5,2016,2,17,58,1,1,3,1,2,US-50,,2317,38.464,-105.861,0,12,8,0,1,1,0,1,1,98,0,98,0,0,99,99,99,99,99,99,0,0,0,1,0,2
8,80134,1,1,0,0,0,1,1,67,0,4,5,2016,4,8,55,0,1,5,1,3,SR-140,,13,37.018,-108.183,0,31,0,0,1,1,0,4,2,98,0,98,0,0,99,99,99,99,88,88,0,0,0,1,1,1
8,80140,1,1,0,0,0,1,1,123,0,8,5,2016,1,16,50,1,1,3,1,2,US-34,,1333,40.3,-104.335,0,38,0,0,1,1,0,5,1,98,0,98,0,0,16,55,17,9,88,88,0,0,0,1,1,0
8,80143,2,2,0,0,0,2,2,123,1070,6,5,2016,6,16,0,0,2,5,4,6,1ST AVE,,0,40.407,-104.678,0,12,2,0,1,1,0,1,1,98,0,98,0,0,16,0,16,5,99,99,0,0,0,1,0,2
8,80146,1,1,0,0,0,1,1,71,0,12,5,2016,5,19,39,0,1,5,1,3,SR-12,,620,37.132,-104.624,0,24,0,0,1,1,0,4,5,98,0,98,0,0,99,99,99,99,88,88,0,0,0,1,1,2
8,80149,2,2,0,0,0,3,3,3,0,13,5,2016,6,13,0,1,1,3,1,3,SR-17,CR-STANLEY RD,761,37.575,-105.862,0,12,6,0,3,2,1,1,1,98,0,98,0,0,13,2,13,15,13,40,0,0,0,1,0,2
8,80150,1,1,0,0,0,3,3,35,0,13,5,2016,6,17,12,1,1,1,1,1,I-25,,1673,39.185,-104.85,0,23,0,0,1,1,0,4,1,98,0,98,0,0,17,16,17,24,88,88,0,0,0,3,0,1
8,80152,2,2,0,0,0,3,3,45,0,15,5,2016,1,5,20,1,1,1,1,1,I-70,,1087,39.572,-107.456,0,12,2,0,1,1,0,1,3,98,0,98,0,0,99,99,99,99,99,99,0,0,0,1,1,0
8,80154,1,1,0,0,0,1,1,81,0,16,5,2016,2,22,15,1,1,3,1,3,SR-13,,1279,40.999,-107.636,0,59,0,0,1,1,0,4,2,98,0,98,0,0,99,99,99,99,88,88,0,0,0,1,0,2
8,80160,1,1,0,0,0,2,2,107,0,22,5,2016,1,21,28,1,1,3,1,2,US-40,,1115,40.497,-107.185,0,32,0,0,1,1,0,4,2,98,0,98,0,0,21,30,21,34,88,88,0,0,0,1,1,0
8,80166,3,3,0,0,0,4,4,41,0,25,5,2016,4,6,20,1,1,3,1,3,SR-83,,284,39.104,-104.771,0,12,8,0,1,1,0,1,1,98,0,98,0,0,99,99,99,99,99,99,0,0,0,1,0,2
8,80167,1,1,0,0,0,1,1,41,0,25,5,2016,4,20,50,1,1,3,1,2,US-24,,2950,38.888,-104.956,0,31,0,0,1,1,0,4,2,98,0,98,0,0,99,99,99,99,88,88,0,0,0,1,1,1
8,80175,2,2,0,0,0,2,2,1,434,3,6,2016,6,20,52,1,2,3,1,2,US-85,E 112TH AVE,2286,39.9,-104.869,0,12,6,0,2,2,0,1,3,98,0,98,0,0,20,52,20,56,99,99,0,0,0,1,0,0
8,80176,2,2,0,0,0,3,3,59,0,4,6,2016,7,12,5,1,1,3,1,2,US-285,CR-KINGS VALLEY RD,2324,39.491,-105.348,0,12,6,0,2,3,0,1,1,1,0,1,0,0,12,8,12,14,12,58,0,0,0,1,0,0
8,80178,4,4,0,0,0,6,6,35,0,5,6,2016,1,14,22,0,1,4,1,3,SR-67,,906,39.154,-105.153,0,12,8,0,1,1,0,1,1,1,0,1,0,0,99,99,99,99,99,99,0,0,0,1,1,2
8,80180,1,1,0,0,0,2,2,29,0,5,6,2016,1,6,47,0,1,4,1,3,SR-65,,222,38.998,-107.963,0,1,0,0,1,1,0,4,1,98,0,98,0,0,99,99,99,99,88,88,0,0,0,1,1,0
8,80182,3,3,0,0,0,3,3,67,650,6,6,2016,2,10,26,0,2,3,1,3,SR-3,US-160  S CAMINO DEL RIO,1,37.235,-107.867,0,12,1,0,3,3,0,1,1,98,0,98,0,0,10,26,10,29,10,46,28,0,0,1,0,2
8,80183,2,2,0,0,0,3,3,31,600,6,6,2016,2,12,3,1,2,1,1,1,I-25,,2088,39.721,-105.008,0,1,0,0,1,1,0,1,1,98,0,98,0,0,99,99,99,99,99,99,28,0,0,1,0,1
8,80192,1,1,0,0,0,1,1,109,0,12,6,2016,1,14,30,0,1,5,1,3,SR-114,,321,38.21,-106.561,0,1,0,0,1,1,0,4,1,98,0,98,0,0,14,45,15,5,88,88,0,0,0,1,0,2
8,80193,1,1,0,0,0,2,2,75,0,12,6,2016,1,15,8,1,1,1,1,1,I-76,,1112,40.453,-103.305,0,1,0,0,1,1,0,3,1,98,0,98,0,0,15,8,99,99,99,99,0,0,0,1,0,1
8,80195,5,2,3,0,0,3,3,13,0,14,6,2016,3,10,5,1,1,3,1,2,US-287,CR-NIWOT RD,3114,40.102,-105.103,0,12,6,0,2,3,0,1,1,98,0,98,0,0,10,9,10,15,88,88,14,0,0,1,0,0
8,80197,1,1,0,1,1,1,1,123,1070,14,6,2016,3,23,20,1,2,3,1,2,US-34,17TH AVE,1117,40.392,-104.707,0,8,0,0,3,3,0,1,3,98,0,98,0,0,23,21,23,25,23,36,0,0,0,1,0,0
8,80200,1,1,0,0,0,3,3,63,0,16,6,2016,5,15,35,1,1,1,1,1,I-70,,4265,39.294,-102.47,0,31,0,0,1,1,0,3,1,98,0,98,0,0,15,36,15,45,15,56,0,0,0,1,0,0
8,80203,1,1,0,0,0,2,2,43,0,18,6,2016,7,14,26,1,1,3,1,2,US-50,,2933,38.402,-104.982,0,59,0,0,1,1,0,3,1,98,0,98,0,0,99,99,99,99,99,99,0,0,0,1,0,2
8,80204,1,1,0,0,0,1,1,123,0,20,6,2016,2,10,15,1,1,1,1,1,I-25,,2957,40.954,-104.924,0,17,0,0,1,1,0,4,1,98,0,98,0,0,99,99,99,99,88,88,0,0,0,1,0,1
8,80206,1,1,0,0,0,3,3,87,0,20,6,2016,2,16,24,1,1,1,1,1,I-76,,851,40.268,-103.708,0,1,0,0,1,1,0,4,1,98,0,98,0,0,99,99,99,99,99,99,0,0,0,1,0,1
8,80207,1,1,0,0,0,1,1,37,0,20,6,2016,2,19,59,1,1,1,1,1,I-70,,1415,39.654,-106.919,0,1,0,0,1,1,0,3,1,98,0,98,0,0,99,99,99,99,88,88,0,0,0,1,0,0
8,80210,2,2,0,0,0,5,5,75,0,21,6,2016,3,18,35,0,1,4,1,3,SR-113,,81,40.851,-103.115,0,12,2,0,1,1,0,1,1,98,0,98,0,0,99,99,99,99,99,99,0,0,0,1,1,1
8,80212,2,2,0,0,0,3,3,123,1070,15,6,2016,4,18,13,0,2,5,1,3,SR-257,CR-54,32,40.378,-104.87,0,12,6,0,2,2,0,1,1,98,0,98,0,0,18,14,18,21,88,88,0,0,0,1,0,1
8,80220,2,2,0,0,0,9,9,125,0,25,6,2016,7,7,55,1,1,3,1,2,US-385,CR-12,2195,39.746,-102.256,0,12,6,0,2,2,0,1,1,98,0,98,0,0,99,99,99,99,99,99,0,0,0,1,0,0
8,80221,2,2,0,0,0,5,5,15,0,25,6,2016,7,13,17,1,1,3,1,2,US-285,CR-140,1280,38.536,-106.08,0,1,0,0,3,2,0,1,1,98,0,98,0,0,99,99,99,99,99,99,14,0,0,1,0,0
8,80224,1,1,0,0,0,1,1,111,0,26,6,2016,1,16,20,1,1,3,1,2,US-550,,591,37.717,-107.755,0,1,0,0,1,1,0,1,1,98,0,98,0,0,99,99,99,99,99,99,0,0,0,1,0,0
8,80226,2,2,0,0,0,3,3,123,1522,18,6,2016,7,10,21,1,1,1,1,1,I-76,,265,40.015,-104.699,0,12,1,0,1,1,0,1,1,98,0,98,0,0,10,21,10,22,99,99,27,0,0,1,1,1
8,80235,2,2,0,0,0,2,2,123,9997,1,7,2016,6,5,6,0,2,7,2,4,CR-4,CR-27,0,40.015,-104.812,0,12,6,0,2,2,0,1,4,98,0,98,0,0,5,9,5,9,6,4,0,0,0,1,0,2
8,80237,1,1,0,0,0,1,1,123,0,2,7,2016,7,7,30,0,1,7,2,4,CR-20,,0,40.131,-104.179,0,1,0,0,1,1,0,4,1,98,0,98,0,0,99,99,99,99,88,88,0,0,0,1,1,2
8,80239,2,2,0,0,0,3,3,85,0,6,7,2016,4,8,50,1,2,3,1,2,US-550,,1252,38.425,-107.859,0,12,2,0,1,1,0,2,1,1,0,1,0,0,8,50,9,0,99,99,0,0,0,1,0,0
8,80241,1,1,0,0,0,1,1,59,0,9,7,2016,7,11,30,0,1,4,1,2,US-6,,2669,39.746,-105.303,0,24,0,0,1,1,0,4,1,98,0,98,0,0,99,99,99,99,88,88,0,0,0,1,0,0
8,80243,1,1,0,0,0,1,1,41,0,10,7,2016,1,5,35,1,1,3,1,2,US-24,,3385,39.028,-104.319,0,1,0,0,1,1,0,4,4,98,0,98,0,0,99,99,99,99,88,88,0,0,0,1,1,1
8,80245,2,2,0,0,0,2,2,43,0,12,7,2016,3,9,20,1,2,3,1,2,US-50,,2767,38.446,-105.252,0,12,1,0,8,1,0,1,1,98,0,98,0,0,99,99,99,99,99,99,0,0,0,1,0,2
8,80246,3,3,0,0,0,6,6,65,0,10,7,2016,1,17,25,0,1,4,1,3,SR-91,,64,39.328,-106.219,0,12,8,0,1,1,0,1,1,98,0,98,0,0,99,99,99,99,99,99,0,0,0,1,0,2
8,80248,1,1,0,0,0,1,1,123,750,11,7,2016,2,13,50,1,1,3,1,3,SR-52,,97,40.087,-105.009,0,35,0,0,1,1,0,4,1,1,0,1,0,0,99,99,99,99,88,88,0,0,0,1,0,0
8,80249,1,1,0,0,0,5,5,37,0,11,7,2016,2,16,0,1,1,1,1,1,I-70,,1519,39.695,-106.743,0,1,0,0,1,1,0,4,1,98,0,98,0,0,16,1,16,10,99,99,0,0,0,2,0,1
8,80252,1,1,0,0,0,1,1,57,0,14,7,2016,5,15,50,0,1,4,1,3,SR-14,,264,40.663,-106.394,0,35,0,0,1,1,0,4,1,98,0,98,0,0,15,56,16,3,88,88,0,0,0,1,1,2
8,80253,2,2,0,0,0,2,2,63,0,14,7,2016,5,20,45,1,1,3,1,2,US-385,,1799,39.185,-102.276,0,12,2,0,1,1,0,1,5,1,0,1,0,0,99,99,99,99,88,88,0,0,0,1,1,0
8,80254,2,2,0,0,0,2,2,13,0,15,7,2016,6,11,50,1,1,3,1,2,US-287,,3135,40.132,-105.103,0,12,2,0,1,1,0,1,1,98,0,98,0,0,99,99,99,99,99,99,0,0,0,2,0,0
8,80255,1,1,0,0,0,2,2,107,0,15,7,2016,6,11,52,1,1,3,1,2,US-40,,1236,40.484,-106.98,0,59,0,0,1,1,0,4,1,98,0,98,0,0,99,99,99,99,99,99,0,0,0,1,0,0
8,80256,2,2,0,0,0,3,3,79,0,15,7,2016,6,17,55,1,1,3,1,2,US-160,,1682,37.476,-106.785,0,12,7,0,1,1,1,1,1,98,0,98,0,0,17,58,18,15,18,55,0,0,0,1,1,0
8,80258,1,1,0,0,0,1,1,15,0,17,7,2016,1,1,55,1,1,3,1,2,US-285,,1422,38.735,-106.086,0,31,0,0,1,1,0,4,2,98,0,98,0,0,2,5,2,15,88,88,0,0,0,1,1,0
8,80259,1,1,0,0,0,2,2,113,0,17,7,2016,1,15,7,1,1,3,1,3,SR-145,,659,37.881,-107.887,0,24,0,0,1,1,0,4,1,1,0,1,0,0,15,7,15,16,99,99,0,0,0,1,0,1
8,80260,1,1,0,0,0,1,1,19,0,17,7,2016,1,17,35,0,1,5,1,3,SR-103,,6,39.736,-105.527,0,31,0,0,1,1,0,4,1,98,0,98,0,0,17,37,17,38,88,88,0,0,0,1,1,2
8,80265,1,1,0,0,0,1,1,31,600,18,7,2016,2,20,20,1,2,1,1,1,I-270,,48,39.78,-104.898,0,1,0,0,1,1,0,3,5,98,0,98,0,0,20,22,20,34,88,88,0,0,0,1,1,2
8,80269,1,1,0,0,0,1,1,123,0,21,7,2016,5,14,55,0,1,6,2,4,CR-19,,0,40.515,-104.889,0,1,0,0,1,1,0,1,1,98,0,98,0,0,99,99,99,99,99,99,0,0,0,1,1,2
8,80270,3,3,0,0,0,5,5,91,0,21,7,2016,5,15,30,1,1,3,1,2,US-550,,1157,38.307,-107.773,0,12,8,0,1,1,0,1,1,98,0,98,0,0,15,37,15,53,99,99,0,0,0,1,0,0
8,80273,2,2,0,0,0,2,2,123,0,23,7,2016,7,21,25,1,1,3,1,2,US-85,CR-70,2735,40.495,-104.702,0,12,2,0,2,2,0,1,2,98,0,98,0,0,99,99,99,99,88,88,0,0,0,2,1,0
8,80280,1,1,0,0,0,1,1,59,0,26,7,2016,3,20,34,1,1,3,1,2,US-285,,2410,39.554,-105.241,0,1,0,0,1,1,0,3,2,98,0,98,0,0,99,99,99,99,88,88,0,0,0,1,1,0
8,80281,3,3,0,0,0,5,5,69,0,27,7,2016,4,6,45,1,2,1,1,1,I-25,,2650,40.519,-104.992,0,12,6,1,17,1,0,1,1,1,0,1,0,0,99,99,99,99,88,88,28,0,0,1,0,1
8,80282,3,3,0,0,0,3,3,103,0,28,7,2016,5,11,10,0,1,4,1,3,SR-139,,613,39.944,-108.76,0,12,7,0,8,1,0,1,1,98,0,98,0,0,1,10,99,99,99,99,0,0,0,1,0,1
8,80286,1,1,0,0,0,5,5,109,0,29,7,2016,6,8,50,1,1,3,1,2,US-285,,1041,38.241,-105.946,0,1,0,0,1,1,0,4,1,98,0,98,0,0,8,58,9,10,9,45,0,0,0,2,0,0
8,80287,2,2,0,0,0,5,5,93,0,29,7,2016,6,18,28,0,1,4,1,3,SR-9,,665,39.234,-106.022,0,12,2,0,1,1,0,2,1,98,0,98,0,0,99,99,99,99,99,99,0,0,0,1,0,2
8,80288,1,1,0,0,0,1,1,37,0,29,7,2016,6,20,45,1,1,1,1,1,I-70,,1434,39.652,-106.884,0,42,0,0,1,1,0,4,2,98,0,98,0,0,21,7,21,7,88,88,0,0,0,1,1,0
8,80289,2,2,0,0,0,3,3,35,0,30,7,2016,7,15,38,1,1,3,1,2,US-85,,1892,39.434,-104.939,0,12,6,0,8,1,0,1,1,1,0,1,0,0,99,99,99,99,99,99,0,0,0,1,0,0
8,80290,3,3,0,0,0,5,5,43,0,30,7,2016,7,17,13,1,1,3,1,2,US-50,,2733,38.488,-105.276,0,12,2,0,1,1,0,1,1,98,0,98,0,0,99,99,99,99,99,99,0,0,0,1,0,2
8,80291,1,1,0,0,0,1,1,101,0,31,7,2016,1,11,51,1,1,1,1,1,I-25,,1093,38.42,-104.61,0,1,0,0,1,1,0,3,1,98,0,98,0,0,99,99,99,99,99,99,0,0,0,1,0,1
8,80292,1,1,0,0,0,1,1,7,0,31,7,2016,1,20,30,0,1,4,1,3,SR-84,,269,37.256,-106.995,0,1,0,0,1,1,0,4,5,98,0,98,0,0,99,99,99,99,88,88,0,0,0,1,1,2
8,80298,1,1,0,0,0,1,1,45,2130,27,7,2016,4,15,44,1,2,1,1,1,I-70,,910,39.526,-107.769,0,1,0,0,1,1,0,3,1,1,0,1,0,0,15,44,15,50,88,88,0,0,0,1,1,0
8,80300,5,5,0,0,0,9,9,123,540,21,7,2016,5,12,10,1,2,3,1,3,SR-52,CHERRY ST,135,40.088,-104.937,0,12,1,0,3,3,0,1,1,98,0,98,0,0,12,11,12,15,12,33,0,0,0,1,0,0
8,80303,1,1,0,0,0,2,2,45,0,1,8,2016,2,6,15,1,1,1,1,1,I-70,,866,39.52,-107.85,0,1,0,0,1,1,0,3,4,98,0,98,0,0,99,99,99,99,88,88,0,0,0,2,1,1
8,80304,2,2,0,0,0,3,3,123,0,1,8,2016,2,12,10,0,1,6,2,4,CR-19,CR-20,0,40.131,-104.886,0,12,6,0,2,2,0,1,1,98,0,98,0,0,99,99,99,99,99,99,0,0,0,1,0,2
8,80305,5,5,0,0,0,6,6,1,2427,2,8,2016,3,11,15,1,2,1,1,1,I-25,,2240,39.928,-104.988,0,12,7,0,1,1,0,1,1,98,0,98,0,0,11,15,11,20,99,99,0,0,0,1,0,1
8,80306,1,1,0,0,0,1,1,101,0,2,8,2016,3,22,0,0,1,5,1,3,SR-165,,300,37.924,-104.904,0,42,0,0,1,1,0,4,2,2,0,2,0,0,99,99,99,99,88,88,0,0,0,1,1,2
8,80309,1,1,0,1,1,1,1,13,0,7,8,2016,1,9,45,0,1,4,1,2,US-36,,318,40.074,-105.285,0,9,0,0,1,1,0,1,1,98,0,98,0,0,9,47,10,3,99,99,16,0,0,1,0,1
8,80310,1,1,0,0,0,1,1,71,0,7,8,2016,1,9,54,1,1,1,1,1,I-25,,4,36.999,-104.483,0,1,0,0,1,1,0,3,1,98,0,98,0,0,99,99,99,99,88,88,0,0,0,1,1,1
8,80312,1,1,0,0,0,5,5,69,0,8,8,2016,2,8,25,0,1,4,1,3,SR-14,,856,40.696,-105.677,0,1,0,0,1,1,0,4,1,98,0,98,0,0,99,99,99,99,99,99,0,0,0,1,0,2
8,80313,2,1,1,0,3,1,4,77,0,8,8,2016,2,13,5,1,1,3,1,2,US-50,,441,38.95,-108.414,0,14,0,0,1,1,0,2,1,2,0,2,0,0,13,11,13,29,99,99,0,0,0,1,0,2
8,80317,1,1,0,0,0,2,2,45,0,13,8,2016,7,3,45,0,1,5,1,2,US-6,,1104,39.572,-107.459,0,1,0,0,1,1,0,4,2,98,0,98,0,0,99,99,99,99,88,88,0,0,0,2,1,0
8,80318,1,1,0,0,0,1,1,107,0,14,8,2016,1,6,34,0,1,5,1,3,SR-134,,6,40.062,-106.793,0,1,0,0,1,1,0,4,2,98,0,98,0,0,6,34,6,56,88,88,0,0,0,1,1,1
8,80319,2,2,0,0,0,3,3,83,0,14,8,2016,1,15,5,1,1,3,1,3,SR-145,CR-38.1,237,37.589,-108.354,0,1,0,0,3,3,0,1,1,98,0,98,0,0,99,99,99,99,99,99,14,0,0,1,0,1
8,80320,1,1,0,0,0,3,3,59,0,14,8,2016,1,22,18,0,1,4,1,2,US-6,,2680,39.742,-105.286,0,1,0,0,1,1,0,5,2,98,0,98,0,0,99,99,99,99,99,99,0,0,0,1,1,0
8,80322,1,1,0,0,0,4,4,59,80,17,8,2016,4,17,31,1,2,1,1,1,I-70,,2693,39.786,-105.078,0,1,0,1,19,1,0,4,1,98,0,98,0,0,17,31,17,40,18,0,0,0,0,1,0,0
8,80323,1,1,0,1,1,1,1,1,230,19,8,2016,6,6,19,1,2,1,1,1,I-76,,196,39.942,-104.786,0,8,0,1,18,1,0,1,3,98,0,98,0,0,6,19,6,28,88,88,19,0,0,1,0,1