STATE,ST_CASE,VE_TOTAL,VE_FORMS,PVH_INVL,PEDS,PERNOTMVIT,PERMVIT,PERSONS,COUNTY,CITY,DAY,MONTH,YEAR,DAY_WEEK,HOUR,MINUTE,NHS,RUR_URB,FUNC_SYS,RD_OWNER,ROUTE,TWAY_ID,TWAY_ID2,MILEPT,LATITUDE,LONGITUD,SP_JUR,HARM_EV,MAN_COLL,RELJCT1,RELJCT2,TYP_INT,WRK_ZONE,REL_ROAD,LGT_COND,WEATHER1,WEATHER2,WEATHER,SCH_BUS,RAIL,NOT_HOUR,NOT_MIN,ARR_HOUR,ARR_MIN,HOSP_HR,HOSP_MN,CF1,CF2,CF3,FATALS,DRUNK_DR,RANK
8,80326,2,2,0,0,0,4,4,69,0,21,8,2016,1,16,40,0,1,3,1,2,US-34,,810,40.414,-105.253,0,12,2,0,1,1,0,1,1,98,0,98,0,0,99,99,99,99,99,99,0,0,0,2,0,0
8,80327,1,1,0,0,0,5,5,113,0,21,8,2016,1,18,25,0,1,4,1,3,SR-145,,925,38.083,-108.177,0,42,0,0,1,1,0,4,1,98,0,98,0,0,99,99,99,99,99,99,0,0,0,1,0,1
8,80331,1,1,0,1,1,1,1,45,0,18,8,2016,5,22,41,1,1,1,1,1,I-70,,1135,39.561,-107.376,0,8,0,0,1,1,0,2,2,98,0,98,0,0,99,99,99,99,99,99,23,0,0,1,0,0
8,80334,1,1,0,0,0,2,2,1,0,24,8,2016,4,15,15,1,2,1,1,1,I-76,,77,39.827,-104.948,0,1,0,0,1,1,0,3,1,2,0,2,0,0,99,99,99,99,99,99,28,0,0,1,0,1
8,80338,1,1,0,0,0,2,2,45,0,27,8,2016,7,8,1,1,1,1,1,1,I-70,,969,39.546,-107.663,0,1,0,0,1,1,0,3,1,98,0,98,0,0,8,2,8,2,88,88,0,0,0,1,1,0
8,80341,3,3,0,0,0,3,3,51,0,29,8,2016,2,7,58,1,1,3,1,2,US-50,,1242,38.414,-107.407,0,1,0,0,1,1,0,1,1,1,0,1,0,0,7,58,8,7,88,88,0,0,0,1,0,2
8,80342,2,2,0,0,0,2,2,5,0,28,8,2016,1,16,30,1,1,1,1,1,I-70,,2935,39.738,-104.636,0,31,0,0,1,1,0,3,1,98,0,98,0,0,16,33,99,99,88,88,14,0,0,1,1,0
8,80343,2,2,0,0,0,2,2,23,0,29,8,2016,2,5,40,1,1,3,1,2,US-160,,2592,37.428,-105.414,0,12,2,0,1,1,0,1,2,98,0,98,0,0,5,44,5,59,99,99,0,0,0,1,0,0
8,80345,1,1,0,0,0,3,3,67,0,29,8,2016,2,4,30,1,1,3,1,2,US-160,,967,37.225,-107.701,0,31,0,0,1,1,0,4,2,98,0,98,0,0,4,51,5,1,5,20,0,0,0,1,1,0
8,80346,1,1,0,0,0,1,1,75,2370,30,8,2016,3,12,39,1,2,1,1,1,I-76,,1253,40.627,-103.166,0,31,0,0,1,1,0,3,1,2,0,2,0,0,12,39,99,99,88,88,0,0,0,1,0,1
8,80354,1,1,0,1,1,1,1,123,810,26,8,2016,6,17,0,1,2,3,1,3,SR-119,CR-5,614,40.161,-105.018,0,8,0,0,3,3,1,1,1,98,0,98,0,0,99,99,99,99,99,99,0,0,0,1,0,2
8,80356,4,4,0,0,0,6,6,59,1000,7,6,2016,3,16,16,1,2,1,1,1,I-70,,2609,39.724,-105.181,0,12,1,1,18,1,0,1,1,98,0,98,0,0,16,16,99,99,99,99,28,0,0,1,0,0
8,80358,2,2,0,1,1,4,4,101,0,1,9,2016,5,20,41,1,2,2,1,2,US-50,,3098,38.324,-104.702,0,8,0,0,1,1,0,1,2,98,0,98,0,0,20,44,20,49,21,3,0,0,0,1,0,2
8,80360,2,2,0,0,0,7,7,49,0,3,9,2016,7,19,20,1,1,3,1,2,US-40,,2203,39.998,-105.896,0,12,2,0,1,1,0,1,1,98,0,98,0,0,99,99,99,99,99,99,0,0,0,1,1,0
8,80364,2,2,0,0,0,2,2,81,0,5,9,2016,2,1,28,1,1,3,1,2,US-40,,964,40.532,-107.45,0,31,0,0,1,1,0,4,2,98,0,98,0,0,1,31,1,42,88,88,14,0,0,1,1,0
8,80365,3,3,0,0,0,3,3,35,0,5,9,2016,2,14,33,1,1,3,1,3,SR-83,,440,39.295,-104.736,0,12,1,0,8,1,0,1,1,1,0,1,0,0,99,99,99,99,88,88,0,0,0,1,0,2
8,80366,1,1,0,0,0,2,2,119,0,5,9,2016,2,15,59,1,1,3,1,2,US-24,,2800,38.954,-105.124,0,31,0,0,1,1,0,4,1,98,0,98,0,0,99,99,99,99,99,99,0,0,0,1,1,1
8,80367,1,1,0,1,1,1,1,93,0,5,9,2016,2,15,56,1,1,3,1,2,US-285,,2200,39.413,-105.511,0,8,0,0,1,1,0,1,1,98,0,98,0,0,99,99,99,99,88,88,0,0,0,1,0,0
8,80368,1,1,0,0,0,4,4,123,0,5,9,2016,2,16,49,1,1,1,1,1,I-76,,373,40.11,-104.552,0,1,0,0,1,1,0,3,1,98,0,98,0,0,99,99,99,99,99,99,0,0,0,1,0,1
8,80372,2,2,0,0,0,3,3,1,1771,6,9,2016,3,5,59,1,2,1,1,1,I-25,,2216,39.894,-104.988,0,12,1,0,1,1,0,1,3,98,0,98,0,0,6,0,6,5,88,88,0,0,0,1,0,1
8,80377,1,1,0,0,0,1,1,117,0,10,9,2016,7,4,49,0,1,4,1,3,SR-9,,1229,39.87,-106.266,0,24,0,0,1,1,0,4,2,98,0,98,0,0,4,49,99,99,88,88,0,0,0,1,0,2
8,80379,2,2,0,0,0,4,4,41,0,10,9,2016,7,11,15,1,2,3,1,3,SR-83,,222,39.023,-104.78,0,12,6,0,1,1,0,1,1,98,0,98,0,0,11,20,11,25,99,99,0,0,0,1,0,2
8,80380,3,3,0,0,0,10,10,65,0,10,9,2016,7,16,0,0,1,4,1,2,US-24,,1901,39.091,-106.287,0,12,2,0,1,1,0,1,1,98,0,98,0,0,99,99,99,99,99,99,0,0,0,1,0,1
8,80381,1,1,0,0,0,1,1,15,0,10,9,2016,7,16,28,1,1,3,1,2,US-50,,2110,38.537,-106.184,0,42,0,0,1,1,0,4,1,98,0,98,0,0,99,99,99,99,88,88,0,0,0,1,0,2
8,80382,1,1,0,0,0,1,1,101,0,11,9,2016,1,13,30,0,1,4,1,3,SR-96,,819,38.197,-104.161,0,1,0,0,1,1,0,4,1,98,0,98,0,0,99,99,99,99,88,88,0,0,0,1,0,2
8,80387,2,2,0,0,0,4,4,75,0,15,9,2016,5,18,10,0,1,5,1,2,US-6,,3905,40.47,-103.373,0,12,6,0,1,1,0,1,1,98,0,98,0,0,99,99,99,99,99,99,0,0,0,1,0,0
8,80389,1,1,0,0,0,3,3,69,0,16,9,2016,6,21,15,1,2,1,1,1,I-25,,2563,40.393,-104.994,0,1,0,0,1,1,0,4,2,98,0,98,0,0,99,99,99,99,99,99,0,0,0,2,1,1
8,80391,1,1,0,0,0,1,1,35,0,17,9,2016,7,18,54,1,1,1,1,1,I-25,,1699,39.216,-104.876,0,1,0,0,1,1,0,3,2,1,0,1,0,0,99,99,99,99,88,88,0,0,0,1,0,1
8,80392,1,1,0,0,0,1,1,39,0,18,9,2016,1,3,0,0,1,6,1,2,US-40,,3603,39.488,-103.957,0,31,0,0,1,1,0,4,2,98,0,98,0,0,99,99,99,99,88,88,0,0,0,1,1,0
8,80393,1,1,0,0,0,2,2,51,0,18,9,2016,1,16,6,0,1,4,1,3,SR-149,,1050,38.343,-107.101,0,31,0,0,1,1,0,4,1,1,0,1,0,0,16,6,16,22,17,0,0,0,0,1,0,2
8,80394,2,2,0,0,0,3,3,35,0,19,9,2016,2,18,30,0,1,4,1,3,SR-67,,906,39.155,-105.153,0,12,6,0,1,1,0,1,1,10,0,10,0,0,99,99,99,99,99,99,14,0,0,1,0,2
8,80397,2,2,0,0,0,3,3,31,600,17,9,2016,7,5,42,1,2,1,1,1,I-25,,2126,39.767,-104.998,0,12,1,1,18,1,0,1,3,98,0,98,0,0,5,42,99,99,6,41,0,0,0,1,0,1
8,80402,1,1,0,0,0,1,1,33,0,21,9,2016,4,23,30,1,1,3,1,3,SR-145,,581,37.8,-107.927,0,35,0,0,1,1,0,4,2,2,0,2,0,0,99,99,99,99,88,88,0,0,0,1,1,1
8,80403,1,1,0,0,0,1,1,123,0,22,9,2016,5,6,55,1,2,3,1,2,US-34,,989,40.407,-104.944,0,1,0,0,1,1,0,1,4,98,0,98,0,0,99,99,99,99,99,99,0,0,0,1,0,0
8,80406,1,1,0,0,0,2,2,81,0,25,9,2016,1,13,0,1,1,3,1,2,US-40,,604,40.516,-108.081,0,42,0,0,1,1,0,4,1,98,0,98,0,0,13,0,13,13,13,50,0,0,0,1,0,0
8,80410,1,1,0,0,0,1,1,93,0,22,9,2016,5,22,55,0,1,4,1,3,SR-9,,753,39.348,-106.055,0,31,0,0,1,1,0,4,2,98,0,98,0,0,22,59,23,10,88,88,0,0,0,1,1,2
8,80412,2,2,0,0,0,3,3,55,0,29,9,2016,5,19,40,1,1,1,1,1,I-25,,632,37.808,-104.829,0,12,7,0,1,1,0,1,1,98,0,98,0,0,99,99,99,99,99,99,0,0,0,1,0,1
8,80416,1,1,0,0,0,1,1,113,0,27,9,2016,3,14,57,1,1,3,1,3,SR-145,,644,37.864,-107.872,0,31,0,0,1,1,0,4,1,1,0,1,0,0,14,5,14,8,88,88,0,0,0,1,1,1
8,80418,1,1,0,0,0,4,4,55,0,10,9,2016,7,11,4,1,1,1,1,1,I-25,,686,37.888,-104.829,0,31,0,0,1,1,0,4,1,98,0,98,0,0,10,7,10,23,11,34,0,0,0,1,0,1
8,80420,2,2,0,0,0,3,3,101,0,30,9,2016,6,17,9,1,1,1,1,1,I-25,,697,37.904,-104.829,0,12,7,0,1,1,0,1,1,98,0,98,0,0,99,99,99,99,99,99,0,0,0,1,1,1
8,80422,1,1,0,0,0,1,1,123,870,27,9,2016,3,13,4,1,2,2,1,2,US-85,,2408,40.068,-104.818,0,59,0,0,1,1,0,3,1,98,0,98,0,0,13,4,13,14,88,88,0,0,0,1,0,0
8,80427,2,2,0,0,0,4,4,109,0,21,9,2016,4,7,25,0,1,4,1,3,SR-112,CR-6 EAST,193,37.748,-106.038,0,12,6,0,2,2,0,1,1,98,0,98,0,0,99,99,99,99,99,99,0,0,0,1,0,2
8,80433,2,2,0,0,0,2,2,43,0,3,10,2016,2,10,25,0,1,4,1,3,SR-9,,95,38.597,-105.427,0,12,6,0,8,1,0,1,1,98,0,98,0,0,99,99,99,99,99,99,0,0,0,1,0,2
8,80438,2,1,1,1,2,2,3,1,0,5,10,2016,4,15,15,1,1,1,1,1,I-70,,2981,39.739,-104.551,0,14,0,0,1,1,0,2,1,10,0,10,0,0,99,99,99,99,99,99,0,0,0,1,0,0
8,80440,1,1,0,0,0,1,1,75,0,7,10,2016,6,11,20,0,1,5,1,3,SR-61,,340,40.592,-103.053,0,38,0,0,1,1,0,5,1,98,0,98,0,0,11,22,11,30,88,88,0,0,0,1,1,2
8,80443,1,1,0,0,0,1,1,123,0,8,10,2016,7,19,10,1,2,2,1,2,US-34,,1152,40.394,-104.641,0,11,0,0,1,1,0,1,2,98,0,98,0,0,99,99,99,99,88,88,0,0,0,1,0,0
8,80446,1,1,0,0,0,1,1,67,0,12,10,2016,4,19,2,1,1,3,1,2,US-160,,729,37.289,-108.036,0,11,0,0,1,1,0,1,2,98,0,98,0,0,99,99,99,99,88,88,0,0,0,1,1,0
8,80447,1,1,0,0,0,1,1,79,0,13,10,2016,5,10,32,1,1,3,1,2,US-160,,1605,37.45,-106.889,0,39,0,0,1,1,0,4,1,98,0,98,0,0,99,99,99,99,88,88,0,0,0,1,0,0
8,80449,1,1,0,1,1,1,1,31,600,12,10,2016,4,0,45,1,2,1,1,1,I-25,,2113,39.753,-105.015,0,8,0,0,1,1,0,1,3,1,0,1,0,0,0,46,0,52,88,88,0,0,0,1,0,1
8,80452,1,1,0,0,0,1,1,1,0,14,10,2016,6,4,34,0,1,5,1,3,SR-79,,135,39.922,-104.414,0,1,0,0,1,1,0,4,2,98,0,98,0,0,4,38,4,57,99,99,0,0,0,1,1,1
8,80455,2,2,0,0,0,2,2,69,0,17,10,2016,2,21,10,0,1,3,1,2,US-287,CR-72  OWL CANYON RD,3632,40.761,-105.176,0,12,6,0,2,3,0,1,2,98,0,98,0,0,99,99,99,99,88,88,0,0,0,1,0,0
8,80473,1,1,0,0,0,1,1,123,1990,13,10,2016,5,16,15,1,1,2,1,2,US-85,,2525,40.235,-104.821,0,1,0,0,1,1,0,1,1,98,0,98,0,0,99,99,99,99,88,88,0,0,0,1,1,0
8,80475,1,1,0,0,0,1,1,107,0,31,10,2016,2,6,40,1,1,3,1,2,US-40,,1411,40.377,-106.796,0,1,0,0,1,1,0,1,2,98,0,98,0,0,6,43,6,51,88,88,0,0,0,1,0,0
8,80476,3,3,0,0,0,3,3,105,0,31,10,2016,2,17,20,1,1,3,1,2,US-160,,1983,37.674,-106.42,0,12,6,0,1,1,0,2,1,98,0,98,0,0,99,99,99,99,99,99,14,0,0,1,0,0
8,80478,1,1,0,0,0,1,1,69,0,21,10,2016,6,15,58,1,1,1,1,1,I-25,,2860,40.82,-104.973,0,35,0,0,1,1,0,10,1,1,0,1,0,0,15,59,16,9,16,51,0,0,0,1,0,1
8,80482,1,1,0,1,1,0,0,13,2400,20,10,2016,5,5,25,0,2,4,1,3,SR-128,,52,39.914,-105.148,0,8,0,0,1,1,0,2,3,98,0,98,0,0,5,20,5,25,99,99,0,0,0,1,0,1
8,80484,2,2,0,0,0,2,2,123,0,17,10,2016,2,15,30,1,1,3,1,3,SR-66,,423,40.204,-104.991,0,12,2,0,1,1,0,1,1,98,0,98,0,0,15,30,15,41,16,6,0,0,0,1,1,0
8,80489,1,1,0,0,0,6,6,123,1990,16,8,2016,3,7,0,1,1,2,1,2,US-85,,2532,40.246,-104.818,0,38,0,0,1,1,0,5,1,98,0,98,0,0,99,98,99,98,99,98,0,0,0,1,0,0
8,80493,1,1,0,0,0,2,2,101,0,4,11,2016,6,13,9,1,2,2,1,2,US-50,,3057,38.343,-104.771,0,1,0,0,1,1,0,4,1,98,0,98,0,0,99,99,99,99,99,99,0,0,0,1,0,2
8,80498,1,1,0,0,0,2,2,39,0,4,11,2016,6,14,20,1,1,1,1,1,I-70,,3491,39.35,-103.859,0,31,0,0,1,1,0,4,1,1,0,1,0,0,99,99,99,99,99,99,0,0,0,1,0,0
8,80505,1,1,0,0,0,1,1,93,0,12,11,2016,7,19,1,0,1,4,1,3,SR-9,,572,39.133,-105.916,0,1,0,0,1,1,0,4,2,98,0,98,0,0,99,99,99,99,88,88,0,0,0,1,0,2
8,80508,2,2,0,0,0,3,3,123,0,14,11,2016,2,11,39,1,1,1,1,1,I-25,,2464,40.25,-104.98,0,12,1,0,1,1,1,1,1,1,0,1,0,0,99,99,99,99,88,88,0,0,0,1,0,1
8,80509,1,1,0,0,0,1,1,67,0,14,11,2016,2,17,55,1,2,3,1,2,US-160,CR-THREE SPRINGS BLVD,901,37.227,-107.82,0,46,0,0,3,2,0,4,3,98,0,98,0,0,17,55,17,56,18,12,0,0,0,1,1,0
8,80510,1,1,0,0,0,4,4,93,0,10,11,2016,5,5,24,1,1,3,1,2,US-285,,1749,39.105,-105.99,0,1,0,0,1,1,0,4,2,98,0,98,0,0,5,24,6,2,99,99,0,0,0,1,0,0
8,80513,3,3,0,0,0,3,3,123,2580,16,11,2016,4,15,20,0,2,4,1,3,SR-257,KODAK DR,88,40.454,-104.889,0,12,1,0,3,3,0,1,1,98,0,98,0,0,15,22,15,29,16,25,0,0,0,1,0,1
8,80515,1,1,0,0,0,2,2,123,0,19,11,2016,7,1,40,0,1,5,1,3,SR-257,,25,40.369,-104.87,0,1,0,0,1,1,0,4,2,1,0,1,0,0,99,99,99,99,99,99,0,0,0,2,1,2
8,80517,3,3,0,0,0,5,5,123,1070,17,11,2016,5,21,15,1,2,2,1,2,US-34,,1068,40.393,-104.799,0,12,2,0,1,1,0,1,2,4,0,4,0,0,21,17,21,21,21,49,0,0,0,1,0,0
8,80519,2,2,0,0,0,3,3,123,0,24,11,2016,5,3,4,1,1,1,1,1,I-25,,2315,40.035,-104.98,0,12,2,0,1,1,0,1,2,98,0,98,0,0,3,4,3,9,99,99,0,0,0,1,1,1
8,80521,2,1,1,1,1,1,1,35,0,25,11,2016,6,13,50,1,2,1,1,1,I-25,,1794,39.345,-104.874,0,8,0,0,1,1,0,2,1,98,0,98,0,0,13,50,13,55,88,88,14,19,0,1,0,1
8,80535,4,4,0,0,0,5,5,13,1390,8,12,2016,5,14,48,1,2,3,1,2,US-287,W SOUTH BOULDER RD,3031,39.986,-105.098,0,12,1,0,3,2,0,1,1,98,0,98,0,0,14,48,14,52,15,5,0,0,0,2,0,0
8,80538,1,1,0,0,0,1,1,93,0,13,12,2016,3,0,45,1,1,3,1,2,US-285,,1880,39.277,-105.945,0,59,0,0,1,1,0,4,2,98,0,98,0,0,99,99,99,99,88,88,0,0,0,1,0,0
8,80539,1,1,0,1,1,1,1,3,0,20,12,2016,3,18,5,1,2,3,1,2,US-160,,2306,37.482,-105.91,0,9,0,0,8,1,0,1,2,98,0,98,0,0,18,8,18,12,88,88,0,0,0,1,0,0
8,80540,1,1,0,0,0,3,3,101,0,15,12,2016,5,3,31,1,2,1,1,1,I-25,,1088,38.413,-104.612,0,11,0,0,1,1,0,1,2,98,0,98,0,0,99,99,99,99,99,99,0,0,0,1,0,1
8,80543,3,3,0,0,0,4,4,41,0,22,12,2016,5,13,22,1,2,1,1,1,I-25,,1628,39.121,-104.865,0,12,7,0,1,1,0,1,1,98,0,98,0,0,99,99,99,99,99,99,0,0,0,2,0,1
8,80545,2,2,0,0,0,3,3,101,0,22,12,2016,5,22,35,1,1,1,1,1,I-25,,1090,38.416,-104.611,0,12,2,0,1,1,0,1,2,98,0,98,0,0,99,99,99,99,88,88,0,0,0,3,0,1
8,80546,1,1,0,0,0,1,1,123,0,22,12,2016,5,23,25,0,1,4,1,3,SR-52,,480,40.073,-104.295,0,1,0,0,1,1,0,4,2,98,0,98,0,0,23,59,0,13,88,88,0,0,0,1,1,0
8,80547,1,1,0,0,0,4,4,75,0,23,12,2016,6,8,0,1,1,1,1,1,I-76,,1343,40.716,-103.043,0,1,0,0,1,1,0,3,1,98,0,98,0,0,99,99,99,99,99,99,0,0,0,1,0,1
8,80550,1,1,0,0,0,3,3,45,0,26,12,2016,2,5,53,1,1,1,1,1,I-70,,683,39.391,-108.13,0,1,0,0,1,1,0,3,2,4,0,4,0,0,5,57,6,11,7,26,0,0,0,1,0,0
8,80551,1,1,0,0,0,4,4,1,0,27,12,2016,3,7,20,1,2,1,1,1,I-76,,71,39.825,-104.959,0,24,0,0,1,1,0,4,1,1,0,1,0,0,99,99,99,99,99,99,0,0,0,1,0,1
8,80552,5,5,0,0,0,9,9,23,0,28,12,2016,4,12,15,1,1,3,1,2,US-160,,2738,37.585,-105.262,0,12,8,0,1,1,0,1,1,98,0,98,0,0,99,99,99,99,99,99,0,0,0,1,0,0
8,80558,3,3,0,0,0,6,6,101,0,26,12,2016,2,19,22,1,1,1,1,1,I-25,,912,38.17,-104.637,0,12,8,0,1,1,0,1,2,98,0,98,0,0,99,99,99,99,99,99,0,0,0,1,1,1
9,90001,5,5,0,0,0,6,6,9,810,6,1,2016,4,21,28,1,2,1,1,1,I-84,,332,41.551,-73.032,0,12,1,0,1,1,0,1,3,1,0,1,0,0,21,28,21,38,22,4,0,0,0,1,0,1
9,90002,1,1,0,0,0,1,1,5,350,9,1,2016,7,11,50,0,1,5,1,3,SR-118,,12,41.753,-73.157,0,42,0,0,1,1,0,4,1,1,0,1,0,0,99,99,99,99,99,99,0,0,0,1,0,2
9,90003,3,3,0,0,0,4,4,11,219,11,1,2016,2,4,28,1,2,1,1,1,I-95,,839,41.325,-72.252,0,12,7,1,18,1,0,1,2,1,0,1,0,0,4,28,4,48,5,11,0,0,0,2,0,1
9,90005,2,2,0,0,0,2,2,11,339,14,1,2016,5,17,42,1,2,3,1,3,SR-12,NORTH GLENWOOD ROAD,75,41.462,-72.062,0,12,2,0,2,3,0,1,2,1,0,1,0,0,99,99,99,99,99,99,0,0,0,1,1,2
9,90007,3,3,0,0,0,4,4,9,430,28,1,2016,5,10,37,1,2,3,1,2,US-1,SR-337,503,41.29,-72.892,0,12,6,0,2,2,0,1,1,10,0,10,0,0,10,38,10,44,11,9,0,0,0,1,1,1
9,90009,1,1,0,0,0,1,1,9,267,30,1,2016,7,3,9,1,2,3,4,3,SR-10,,92,41.388,-72.898,0,33,0,0,1,1,0,4,3,1,0,1,0,0,99,98,99,98,88,88,0,0,0,1,1,2
9,90011,1,1,0,0,0,1,1,1,835,22,1,2016,6,11,42,1,2,1,1,1,I-95,,199,41.126,-73.304,0,24,0,0,1,1,0,4,1,1,0,1,0,0,11,43,11,58,88,88,0,0,0,1,0,1
9,90013,2,2,0,1,1,1,1,9,370,1,1,2016,6,6,24,1,2,2,1,3,SR-15,,651,41.545,-72.772,0,8,0,0,1,1,0,1,2,1,0,1,0,0,6,26,6,35,6,50,19,0,0,1,0,0
9,90014,1,1,0,0,0,1,1,1,715,13,1,2016,4,21,17,1,2,2,1,3,SR-15,,372,41.246,-73.097,0,31,0,0,1,1,0,5,3,1,0,1,0,0,21,30,21,39,22,5,0,0,0,1,0,0
9,90016,1,1,0,1,1,1,1,1,700,10,1,2016,1,20,24,1,2,3,1,3,SR-137,VINE ROAD,39,41.102,-73.548,0,8,0,0,2,3,0,1,3,1,0,1,0,0,20,25,20,31,20,43,0,0,0,1,0,1
9,90020,1,1,0,0,0,1,1,13,756,10,2,2016,4,11,49,0,2,4,1,3,SR-74,,100,41.878,-72.389,0,42,0,0,1,1,0,4,1,4,0,4,0,0,12,1,11,54,88,88,0,0,0,1,0,2
9,90022,1,1,0,0,0,1,1,3,280,14,2,2016,1,20,48,1,2,1,1,1,I-84,,606,41.759,-72.7,0,25,0,0,1,1,0,3,3,1,0,1,0,0,20,55,21,6,21,13,0,0,0,1,1,1
9,90024,1,1,0,0,0,2,2,5,450,25,1,2016,2,9,11,0,1,4,1,2,US-7,,413,41.615,-73.454,0,42,0,0,1,1,0,5,1,1,0,1,0,0,9,21,9,50,10,17,0,0,0,1,0,0
9,90025,2,2,0,0,0,3,3,3,225,13,2,2016,7,2,7,0,2,4,1,2,US-44,,566,41.778,-72.62,0,12,2,0,1,1,0,1,3,1,0,1,0,0,2,13,2,17,2,39,0,0,0,1,0,0
9,90026,1,1,0,1,1,1,1,9,385,6,3,2016,1,2,0,0,2,3,1,2,US-1,BERWYN STREET,360,41.203,-73.1,0,8,0,0,3,3,0,1,3,10,0,10,0,0,2,0,2,4,2,37,0,0,0,1,1,1
9,90028,2,2,0,0,0,2,2,9,825,22,2,2016,2,0,58,1,2,1,1,1,I-95,,440,41.274,-72.97,0,12,7,1,18,1,0,1,3,1,0,1,0,0,1,1,1,8,1,53,0,0,0,1,1,1
9,90029,1,1,0,1,1,1,1,15,99,24,2,2016,4,18,25,1,2,3,1,2,US-6,,1069,41.784,-71.958,0,8,0,0,1,1,0,1,2,2,0,2,0,0,18,25,18,32,88,88,0,0,0,1,0,0
9,90030,1,1,0,0,0,1,1,7,205,28,2,2016,1,15,20,1,2,3,1,3,SR-17,,137,41.453,-72.697,0,30,0,0,1,1,0,4,1,1,0,1,0,0,15,20,15,24,88,88,0,0,0,1,1,2
9,90031,1,1,0,0,0,1,1,3,225,3,3,2016,5,20,43,1,2,2,1,3,SR-2,,35,41.734,-72.624,0,42,0,0,1,1,0,4,3,1,0,1,0,0,20,44,20,50,88,88,0,0,0,1,1,2
9,90032,1,1,0,1,1,2,2,3,845,21,2,2016,1,19,51,1,2,3,1,3,SR-75,,54,41.921,-72.671,0,8,0,0,1,1,0,1,3,1,0,1,0,0,19,51,19,54,99,99,0,0,0,1,0,1
9,90033,2,2,0,0,0,3,3,3,630,3,3,2016,5,9,52,1,2,1,1,1,I-91,,280,41.644,-72.676,0,12,7,0,1,1,0,1,1,1,0,1,0,0,9,53,9,59,99,98,0,0,0,1,0,0
9,90034,1,1,0,0,0,1,1,3,229,29,1,2016,6,11,29,1,2,1,1,1,I-91,,515,41.936,-72.607,0,25,0,1,19,1,0,3,1,1,0,1,0,0,11,31,11,41,12,11,0,0,0,1,0,0
9,90038,2,2,0,0,0,2,2,9,669,4,3,2016,6,7,20,0,2,4,1,2,US-6,,235,41.494,-73.213,0,12,2,0,1,1,0,1,1,4,0,4,0,0,7,18,7,26,7,57,0,0,0,1,0,0
9,90039,1,1,0,0,0,1,1,1,185,5,4,2016,3,17,36,1,2,1,1,1,I-95,,102,41.068,-73.502,0,42,0,0,1,1,0,4,1,1,0,1,0,0,17,36,17,59,88,88,0,0,0,1,0,1
9,90040,1,1,0,0,0,3,3,9,502,11,3,2016,6,1,5,1,2,1,1,1,I-91,,68,41.38,-72.868,0,42,0,0,1,1,0,8,3,1,0,1,0,0,99,99,99,99,99,99,0,0,0,2,1,0
9,90043,1,1,0,1,1,1,1,3,838,6,4,2016,4,19,53,0,2,4,1,3,SR-99,,80,41.691,-72.656,0,8,0,0,1,1,0,1,3,1,0,1,0,0,19,56,19,58,20,18,0,0,0,1,0,2
9,90044,2,2,0,0,0,3,3,15,215,18,4,2016,2,15,31,0,1,4,1,2,US-44,,879,41.874,-72.069,0,12,6,0,8,1,0,1,1,1,0,1,0,0,15,30,15,36,99,99,0,0,0,1,0,0
9,90045,1,1,0,1,1,1,1,15,12,20,4,2016,4,22,15,0,1,4,1,2,US-44,,797,41.843,-72.213,0,8,0,0,1,1,0,1,2,1,0,1,0,0,22,14,22,26,88,88,0,0,0,1,0,0
9,90047,3,3,0,0,0,4,4,1,170,17,3,2016,5,9,27,1,2,1,1,1,I-84,ON X5 EB OFF RAMP (010),51,41.403,-73.463,0,25,0,1,3,2,0,4,1,1,0,1,0,0,9,29,99,99,99,99,0,0,0,1,0,1
9,90049,2,1,1,1,2,1,2,13,663,23,3,2016,4,11,11,0,2,3,1,3,SR-190,,107,41.984,-72.463,0,8,0,0,1,1,1,1,1,1,0,1,0,0,11,12,11,16,11,37,0,0,0,1,0,0
9,90050,1,1,0,0,0,1,1,9,430,25,4,2016,2,22,32,1,2,3,1,2,US-1,,467,41.298,-72.948,0,42,0,0,1,1,0,4,3,1,0,1,0,0,21,38,21,45,88,88,0,0,0,1,0,1
9,90051,1,1,0,0,0,1,1,11,539,20,4,2016,4,0,57,1,2,1,1,1,I-95,,788,41.32,-72.341,0,26,0,0,1,1,0,4,3,1,0,1,0,0,0,57,1,6,88,88,0,0,0,1,1,1
9,90052,1,1,0,1,1,2,2,1,256,17,4,2016,1,22,56,0,2,3,1,2,US-1,HILLSIDE RD(SB),30,41.037,-73.611,0,8,0,0,2,3,0,1,3,1,0,1,0,0,23,0,23,0,99,99,0,0,0,1,0,1
9,90053,1,1,0,0,0,1,1,9,70,22,4,2016,6,12,45,0,2,5,1,3,SR-146,,66,41.278,-72.756,0,42,0,0,1,1,0,4,1,1,0,1,0,0,12,45,12,50,88,88,0,0,0,1,0,2
9,90054,3,3,0,0,0,3,3,1,765,30,4,2016,7,9,25,0,2,2,1,3,SR-8,,52,41.237,-73.191,0,12,1,0,1,1,0,1,1,1,0,1,0,0,9,26,9,42,10,14,0,0,0,1,0,2
9,90058,1,1,0,1,1,1,1,15,330,12,5,2016,5,13,48,0,2,4,1,3,SR-12,,340,41.768,-71.899,0,8,0,0,1,1,0,1,1,1,0,1,0,0,13,55,14,3,88,88,0,0,0,1,0,2
9,90061,2,2,0,0,0,2,2,7,217,15,5,2016,1,19,2,0,1,5,1,3,SR-149,,41,41.503,-72.45,0,12,6,0,8,1,0,1,1,1,0,1,0,0,99,98,99,98,99,99,0,0,0,1,1,2