STATE,ST_CASE,VE_TOTAL,VE_FORMS,PVH_INVL,PEDS,PERNOTMVIT,PERMVIT,PERSONS,COUNTY,CITY,DAY,MONTH,YEAR,DAY_WEEK,HOUR,MINUTE,NHS,RUR_URB,FUNC_SYS,RD_OWNER,ROUTE,TWAY_ID,TWAY_ID2,MILEPT,LATITUDE,LONGITUD,SP_JUR,HARM_EV,MAN_COLL,RELJCT1,RELJCT2,TYP_INT,WRK_ZONE,REL_ROAD,LGT_COND,WEATHER1,WEATHER2,WEATHER,SCH_BUS,RAIL,NOT_HOUR,NOT_MIN,ARR_HOUR,ARR_MIN,HOSP_HR,HOSP_MN,CF1,CF2,CF3,FATALS,DRUNK_DR,RANK
9,90062,2,2,0,0,0,2,2,1,650,19,5,2016,5,1,11,1,2,2,1,3,SR-8,,114,41.305,-73.1,0,12,2,1,18,1,0,1,3,1,0,1,0,0,1,11,1,20,88,88,0,0,0,2,0,2
9,90064,1,1,0,1,1,1,1,1,650,11,5,2016,4,20,40,0,2,4,1,3,SR-110,,90,41.315,-73.091,0,8,0,0,1,1,0,1,5,1,0,1,0,0,20,44,20,49,21,13,0,0,0,1,0,2
9,90071,2,1,1,0,1,1,2,9,640,19,5,2016,5,12,10,1,2,2,1,3,SR-8,,176,41.384,-73.078,0,24,0,1,19,1,4,4,1,1,0,1,0,0,12,17,12,22,13,0,0,0,0,1,0,2
9,90074,1,1,0,0,0,2,2,5,286,20,4,2016,4,16,37,0,2,5,1,3,SR-118,,54,41.763,-73.11,0,35,0,0,1,1,0,4,1,1,0,1,0,0,16,37,16,42,99,99,0,0,0,1,1,2
9,90076,2,2,0,0,0,2,2,9,538,20,4,2016,4,21,1,1,2,3,1,3,SR-34,CHESTNUT RIDGE ROAD,197,41.299,-72.993,0,12,6,0,2,2,0,1,2,1,0,1,0,0,99,98,99,98,99,99,0,0,0,1,0,2
9,90077,2,2,0,0,0,2,2,1,650,6,5,2016,6,13,33,0,2,3,1,3,SR-110,,48,41.265,-73.094,0,12,2,0,1,1,0,1,1,2,0,2,0,0,13,35,13,44,14,39,0,0,0,1,0,2
9,90078,2,2,0,0,0,4,4,5,492,29,5,2016,1,17,17,0,1,3,1,2,US-44,,129,42.016,-73.3,0,12,2,1,18,1,0,1,1,1,0,1,0,0,17,19,17,21,17,58,0,0,0,1,0,0
9,90080,3,3,0,0,0,3,3,1,80,18,4,2016,2,16,34,0,2,3,1,2,US-1,PEMBROKE ST,317,41.187,-73.178,0,12,6,0,2,2,0,1,1,1,0,1,0,0,16,36,16,44,17,9,0,0,0,1,1,1
9,90082,2,2,0,0,0,2,2,3,686,13,5,2016,6,13,1,0,2,3,1,2,US-6,OLD WATERBURY RD,226,41.482,-73.213,0,12,6,0,2,2,0,1,1,10,0,10,0,0,13,1,13,6,13,30,0,0,0,1,0,0
9,90083,2,2,0,0,0,3,3,5,100,6,6,2016,2,21,53,0,1,4,1,2,US-7,,737,41.989,-73.331,0,12,8,0,1,1,0,1,2,1,0,1,0,0,21,52,21,57,22,26,0,0,0,1,1,0
9,90085,1,1,0,0,0,1,1,9,810,10,6,2016,6,1,26,1,2,2,1,3,SR-8,,330,41.588,-73.058,0,42,0,1,19,1,0,4,2,1,0,1,0,0,99,99,99,99,99,99,0,0,0,1,0,2
9,90086,2,2,0,0,0,2,2,5,83,11,6,2016,7,2,18,0,1,4,1,3,SR-67,,24,41.555,-73.386,0,12,2,0,1,1,0,1,2,1,0,1,0,0,2,11,2,17,2,55,0,0,0,1,1,2
9,90088,1,1,0,0,0,1,1,3,555,20,5,2016,6,18,10,0,2,3,1,3,SR-72,,42,41.674,-72.848,0,57,0,0,1,1,0,3,1,1,0,1,0,0,18,5,18,17,18,27,0,0,0,1,1,2
9,90090,2,2,0,0,0,2,2,13,156,24,5,2016,3,23,15,0,2,3,1,2,US-44,,702,41.798,-72.373,0,12,1,0,1,1,0,1,3,1,0,1,0,0,23,14,23,23,99,99,0,0,0,1,1,0
9,90093,2,2,0,0,0,2,2,1,650,27,6,2016,2,15,55,1,2,2,1,3,SR-8,,85,41.267,-73.125,0,12,1,0,1,1,0,1,1,1,0,1,0,0,15,54,16,1,88,88,0,0,0,1,0,2
9,90094,2,2,0,0,0,2,2,3,823,4,5,2016,4,14,38,0,2,3,1,2,US-44,,468,41.796,-72.798,0,12,6,0,1,1,0,1,1,10,0,10,0,0,14,38,14,43,15,5,0,0,0,1,1,0
9,90095,2,2,0,0,0,2,2,5,33,20,5,2016,6,21,4,0,1,3,1,2,US-44,,323,41.905,-72.998,0,12,6,0,4,1,0,1,3,1,0,1,0,0,99,99,99,99,99,99,0,0,0,1,0,0
9,90096,2,2,0,0,0,3,3,3,229,13,6,2016,2,0,7,1,2,1,1,1,I-91,,568,42.009,-72.586,0,12,7,0,1,1,0,1,3,1,0,1,0,0,0,4,0,15,0,40,0,0,0,1,1,0
9,90097,1,1,0,1,1,12,12,7,822,3,7,2016,1,1,52,1,2,1,1,1,I-95,,730,41.292,-72.446,0,8,0,1,19,1,0,2,2,1,0,1,0,0,1,52,1,52,88,88,0,0,0,1,0,1
9,90099,1,1,0,0,0,1,1,15,215,17,6,2016,6,15,58,0,1,4,1,2,US-44,,879,41.874,-72.069,0,42,0,0,1,1,0,4,1,1,0,1,0,0,15,58,16,2,88,88,0,0,0,1,0,0
9,90100,3,3,0,0,0,3,3,1,835,13,5,2016,6,10,7,0,2,3,1,2,US-1,CRESCENT RD SB JCT,202,41.14,-73.348,0,12,8,0,2,3,0,1,1,1,0,1,0,0,99,99,99,99,99,99,0,0,0,1,0,1
9,90101,3,3,0,0,0,3,3,11,787,7,7,2016,5,5,9,0,1,4,1,3,SR-138,,145,41.575,-71.84,0,11,0,0,1,1,0,1,1,1,0,1,0,0,5,9,5,17,88,88,0,0,0,1,0,1
9,90102,2,2,0,0,0,4,4,9,810,10,3,2016,5,13,49,0,2,3,4,3,SR-69,TERRY ROAD,144,41.529,-73.005,0,12,6,0,2,3,0,1,1,1,0,1,0,0,99,99,99,99,99,99,0,0,0,1,0,2
9,90103,1,1,0,0,0,1,1,3,280,2,7,2016,7,16,3,1,1,1,1,1,I-91,,377,41.758,-72.663,0,25,0,0,1,1,0,3,1,1,0,1,0,0,15,57,16,8,16,20,0,0,0,1,0,0
9,90107,2,2,0,0,0,6,6,1,80,17,7,2016,1,17,27,1,2,1,1,1,I-95,,300,41.179,-73.179,0,12,7,1,18,1,0,1,1,1,0,1,0,0,99,99,99,99,99,99,0,0,0,1,0,1
9,90108,1,1,0,1,1,1,1,7,266,25,6,2016,7,14,51,0,1,5,1,3,SR-154,JAIL HILL ROAD CON,226,41.477,-72.512,0,9,0,0,2,4,0,1,1,1,0,1,0,0,14,47,14,51,99,99,16,0,0,1,0,2
9,90111,1,1,0,1,1,1,1,1,510,28,4,2016,5,23,30,0,2,4,1,3,SR-53,,12,41.137,-73.399,0,8,0,0,1,1,0,1,3,1,0,1,0,0,23,31,23,35,23,57,0,0,0,1,0,2
9,90116,1,1,0,0,0,1,1,9,538,24,7,2016,1,0,23,1,2,3,1,3,SR-34,,182,41.3,-73.021,0,17,0,0,1,1,0,4,2,1,0,1,0,0,0,25,0,30,88,88,0,0,0,1,1,2
9,90117,1,1,0,0,0,1,1,9,370,7,7,2016,5,22,5,1,2,1,1,3,SR-15,SB EXIT TO EAST MAIN ST #1(148,649,41.534,-72.769,0,31,0,1,5,1,0,8,3,1,0,1,0,0,22,5,22,14,88,88,0,0,0,1,1,0
9,90118,1,1,0,0,0,1,1,3,842,14,7,2016,5,22,40,1,2,2,1,3,SR-20,,282,41.919,-72.69,0,57,0,0,1,1,0,4,3,1,0,1,0,0,22,45,22,50,88,88,0,0,0,1,1,2
9,90119,1,1,0,0,0,1,1,13,151,24,7,2016,1,16,29,1,1,3,1,2,US-6,,863,41.725,-72.307,0,53,0,0,1,1,0,4,1,1,0,1,0,0,16,29,16,39,88,88,99,99,99,1,1,0
9,90121,2,2,0,0,0,2,2,9,495,18,7,2016,2,5,16,1,2,3,1,3,SR-80,,44,41.332,-72.802,0,12,2,0,1,1,0,1,4,1,0,1,0,0,99,99,99,99,99,99,0,0,0,2,0,2
9,90122,1,1,0,0,0,1,1,7,217,26,7,2016,3,7,59,0,1,4,1,3,SR-82,,120,41.432,-72.349,0,42,0,0,1,1,0,4,1,1,0,1,0,0,8,3,8,25,88,88,0,0,0,1,0,2
9,90123,1,1,0,0,0,1,1,5,634,4,8,2016,5,0,37,0,1,5,1,3,SR-112,,49,41.938,-73.395,0,42,0,0,1,1,0,4,2,1,0,1,0,0,0,41,0,48,88,88,0,0,0,1,0,2
9,90125,2,2,0,0,0,2,2,9,385,16,4,2016,7,2,17,1,1,1,1,1,I-95,,363,41.218,-73.082,0,12,2,0,1,1,0,1,3,1,0,1,0,0,2,22,2,31,2,51,0,0,0,1,1,1
9,90127,2,2,0,0,0,2,2,9,430,13,8,2016,7,21,20,0,2,3,1,2,US-1,FULTON TER,498,41.294,-72.898,0,12,6,0,2,2,0,1,3,10,0,10,0,0,21,25,21,31,21,48,0,0,0,1,0,1
9,90128,2,2,0,0,0,7,7,9,430,31,7,2016,1,16,44,1,2,1,1,1,I-95,,473,41.292,-72.921,0,12,7,1,18,1,0,1,1,1,0,1,0,0,99,99,99,99,99,99,0,0,0,1,0,1
9,90129,1,1,0,0,0,1,1,9,430,11,8,2016,5,13,14,1,2,1,1,1,I-91,ON SB X6 (143),18,41.319,-72.902,0,24,0,1,5,1,0,4,1,1,0,1,0,0,13,13,13,22,13,56,0,0,0,1,0,0
9,90130,1,1,0,2,2,1,1,1,510,11,5,2016,4,21,37,0,2,3,1,2,US-1,BEDFORD AVENUE,155,41.115,-73.42,0,8,0,0,3,2,0,1,2,1,0,1,0,0,21,37,21,42,21,57,0,0,0,1,0,1
9,90133,2,2,0,0,0,2,2,1,387,18,6,2016,7,10,20,0,2,4,1,3,SR-110,WHEELER RD #2,156,41.33,-73.203,0,12,6,0,2,2,0,1,1,1,0,1,0,0,10,20,10,23,11,3,0,0,0,1,0,2
9,90134,2,2,0,0,0,2,2,9,810,5,8,2016,6,2,9,1,2,1,1,1,I-84,,323,41.552,-73.05,0,12,7,0,1,1,0,1,3,1,0,1,0,0,2,10,2,17,88,88,0,0,0,1,1,1
9,90135,1,1,0,0,0,4,4,5,634,7,8,2016,1,17,40,0,1,6,1,3,SR-112,,45,41.936,-73.402,0,30,0,0,1,1,0,4,1,1,0,1,0,0,17,40,17,51,18,13,0,0,0,1,0,2
9,90136,1,1,0,0,0,1,1,9,790,8,8,2016,2,1,57,1,2,1,1,1,I-91,,148,41.463,-72.777,0,42,0,0,1,1,0,4,2,1,0,1,0,0,1,57,2,7,88,88,0,0,0,1,0,0
9,90137,1,1,0,0,0,1,1,9,541,15,8,2016,2,0,27,0,2,4,1,3,SR-67,,257,41.4,-73.089,0,32,0,0,1,1,0,6,2,1,0,1,0,0,99,99,99,99,99,99,0,0,0,1,1,2
9,90139,1,1,0,0,0,1,1,13,691,29,8,2016,2,23,39,0,2,4,1,3,SR-32,,538,42.016,-72.317,0,35,0,0,1,1,0,4,2,1,0,1,0,0,99,99,99,99,88,88,0,0,0,1,1,2
9,90141,1,1,0,0,0,1,1,7,130,4,8,2016,5,13,34,1,2,1,1,1,I-95,,675,41.288,-72.554,0,24,0,0,1,1,0,4,1,1,0,1,0,0,13,34,13,48,88,88,0,0,0,1,1,1
9,90142,1,1,0,1,1,1,1,1,700,9,5,2016,2,9,39,1,2,3,1,2,US-1,EDITH SHERMAN DRIVE,72,41.051,-73.538,0,9,0,0,2,3,0,1,1,1,0,1,0,0,9,40,9,41,10,0,0,0,0,1,0,1
9,90145,2,1,1,0,1,5,6,1,170,3,9,2016,7,4,23,0,2,4,1,2,US-6,SR-824,11,41.392,-73.521,0,46,0,0,3,2,0,4,3,1,0,1,0,0,4,23,99,99,99,99,14,0,0,3,1,0
9,90148,2,2,0,0,0,3,3,15,268,23,6,2016,5,15,46,1,1,3,1,2,US-6,SR-97,1013,41.767,-72.058,0,12,6,0,3,2,0,1,1,1,0,1,0,0,15,46,99,98,99,98,0,0,0,1,0,0
9,90151,2,2,0,0,0,3,3,15,330,9,6,2016,5,99,99,0,2,4,1,3,SR-101,DOG HILL ROAD,55,41.839,-71.869,0,30,0,0,3,3,0,4,1,1,0,1,0,0,14,44,99,98,99,98,0,0,0,1,0,2
9,90153,2,2,0,0,0,2,2,3,365,15,7,2016,6,99,99,1,2,3,1,3,SR-30,SR-83,62,41.81,-72.517,0,31,0,0,3,2,0,3,3,1,0,1,0,0,0,22,0,25,0,59,0,0,0,1,2,1
9,90154,1,1,0,0,0,1,1,1,700,20,7,2016,4,99,99,1,2,3,1,2,US-1,,57,41.049,-73.564,0,32,0,0,1,1,0,4,1,1,0,1,0,0,19,1,19,5,19,19,0,0,0,1,0,1
9,90155,5,5,0,0,0,8,8,9,430,25,8,2016,5,3,50,1,2,1,1,1,I-91,,15,41.317,-72.906,0,12,7,1,18,1,1,1,3,1,0,1,0,0,3,52,4,12,4,43,0,0,0,1,0,0
9,90156,1,1,0,2,2,1,1,5,428,16,9,2016,6,9,13,1,2,3,1,2,US-44,,346,41.878,-72.974,0,33,0,0,1,1,0,4,1,1,0,1,0,0,9,11,9,18,9,53,0,0,0,1,0,0
9,90158,1,1,0,0,0,1,1,13,691,11,9,2016,1,15,0,0,2,4,1,3,SR-32,,537,42.014,-72.316,0,1,0,0,1,1,0,1,1,1,0,1,0,0,14,55,15,1,15,26,0,0,0,1,0,2
9,90162,3,3,0,0,0,3,3,3,630,10,9,2016,7,16,49,0,2,4,1,3,SR-3,,57,41.637,-72.676,0,12,2,0,1,1,0,1,1,1,0,1,0,0,16,49,16,54,17,33,0,0,0,1,1,2
9,90166,2,2,0,0,0,2,2,1,835,28,9,2016,4,18,59,1,2,1,1,1,I-95,,186,41.121,-73.364,0,12,7,0,1,1,0,1,5,1,0,1,0,0,99,99,99,99,99,99,0,0,0,1,1,1
9,90167,3,3,0,0,0,5,5,9,385,15,6,2016,4,12,40,1,2,3,1,2,US-1,SR-162,373,41.213,-73.078,0,12,6,0,2,7,0,1,1,1,0,1,0,0,12,40,12,42,12,52,0,0,0,1,0,1
9,90169,1,1,0,0,0,1,1,15,99,2,10,2016,1,2,17,0,1,5,1,3,SR-169,,221,41.808,-71.953,0,31,0,0,1,1,0,4,2,1,0,1,0,0,99,99,2,40,88,88,0,0,0,1,0,2
9,90172,1,1,0,1,1,1,1,9,200,23,6,2016,5,23,59,1,2,3,1,3,SR-34,,151,41.309,-73.073,0,8,0,0,1,1,0,1,2,1,0,1,0,0,99,99,99,99,99,99,0,0,0,1,0,2
9,90173,1,1,0,0,0,1,1,9,430,14,9,2016,4,1,23,1,2,1,1,1,I-91,NB EXIT TO TRUMBULL ST(134) :,10,41.311,-72.914,0,33,0,1,5,1,1,3,2,1,0,1,0,0,1,23,99,99,88,88,0,0,0,1,1,0
9,90174,1,1,0,0,0,1,1,1,426,14,9,2016,4,17,23,0,2,4,1,3,SR-37,,78,41.491,-73.519,0,1,0,0,1,1,0,4,1,1,0,1,0,0,17,22,17,28,18,1,0,0,0,1,0,1
9,90175,4,4,0,0,0,4,4,13,64,4,10,2016,3,17,5,1,2,3,1,2,US-6,,784,41.781,-72.422,0,24,0,0,1,1,0,4,1,1,0,1,0,0,17,5,17,10,99,99,0,0,0,1,0,0
9,90176,1,1,0,0,0,35,35,9,360,8,2,2016,2,12,24,1,2,1,1,1,I-95,,646,41.288,-72.604,0,1,0,0,1,1,0,1,1,4,0,4,0,0,12,20,12,22,13,12,0,0,0,1,0,1
9,90178,1,1,0,0,0,1,1,1,227,18,2,2016,5,12,38,0,2,4,1,3,SR-136,ORCHARD LANE,197,41.26,-73.3,0,42,0,0,3,4,0,4,1,1,0,1,0,0,12,38,12,40,13,9,0,0,0,1,0,2
9,90180,1,1,0,0,0,3,3,9,222,14,9,2016,4,12,1,1,2,3,1,2,US-1,,509,41.287,-72.879,0,30,0,0,1,1,0,4,1,1,0,1,0,0,99,99,99,99,99,99,0,0,0,1,0,1
9,90183,3,3,0,0,0,4,4,9,502,27,9,2016,3,17,9,1,2,2,1,3,SR-15,,528,41.384,-72.893,0,12,1,1,18,1,0,1,1,1,0,1,0,0,17,11,17,25,17,49,0,0,0,1,0,0
9,90184,1,1,0,0,0,1,1,3,365,24,9,2016,7,9,44,1,2,1,1,1,I-84,,677,41.776,-72.575,0,35,0,0,1,1,0,3,1,1,0,1,0,0,9,49,9,58,88,88,0,0,0,1,0,1
9,90185,1,1,0,0,0,1,1,7,536,30,9,2016,6,22,36,0,2,5,1,3,SR-154,BOKUM RD,80,41.314,-72.383,0,42,0,0,3,4,0,4,2,2,0,2,0,0,22,36,22,41,88,88,0,0,0,1,1,2
9,90186,1,1,0,1,1,1,1,9,538,14,10,2016,6,21,47,1,2,3,1,2,US-1,,434,41.27,-72.998,0,8,0,0,1,1,0,1,2,1,0,1,0,0,21,47,21,49,22,12,0,0,0,1,0,1
9,90187,3,3,0,0,0,5,5,13,7,21,9,2016,4,12,12,1,1,3,1,2,US-6,,846,41.731,-72.337,0,12,1,0,8,1,0,1,1,1,0,1,0,0,12,12,12,23,13,12,0,0,0,1,0,0
9,90188,3,3,0,0,0,5,5,5,428,7,10,2016,6,18,35,1,1,3,1,2,US-202,,494,41.831,-73.032,0,24,0,0,1,1,0,4,1,1,0,1,0,0,18,35,18,36,20,9,99,99,99,1,0,0
9,90189,4,4,0,0,0,4,4,3,237,20,10,2016,5,18,8,1,2,3,1,3,SR-4,,445,41.732,-72.799,0,12,2,0,1,1,0,1,2,1,0,1,0,0,18,8,18,15,19,3,0,0,0,1,0,2
9,90191,2,2,0,0,0,2,2,3,845,15,10,2016,7,13,55,1,2,1,1,1,I-91,,497,41.915,-72.629,0,12,1,0,1,1,0,1,1,1,0,1,0,0,13,56,14,4,88,88,0,0,0,1,0,0
9,90192,1,1,0,0,0,1,1,7,190,17,10,2016,2,1,2,1,2,2,1,3,SR-9,,75,41.385,-72.451,0,17,0,1,19,1,0,3,2,1,0,1,0,0,1,9,1,23,88,88,0,0,0,1,1,2
9,90193,2,2,0,0,0,2,2,3,214,25,10,2016,3,16,31,0,2,4,1,3,SR-20,,270,41.928,-72.708,0,12,6,0,8,1,0,1,1,1,0,1,0,0,16,32,16,43,99,99,0,0,0,1,0,2
9,90195,2,1,1,0,0,1,1,11,520,30,7,2016,7,2,16,1,2,3,1,3,SR-32,,116,41.516,-72.08,0,14,0,0,1,1,0,4,3,1,0,1,0,0,2,18,2,21,88,88,0,0,0,1,1,2
9,90196,2,2,0,0,0,3,3,1,765,7,10,2016,6,11,37,1,2,2,1,3,SR-8,,55,41.232,-73.156,0,12,2,1,18,1,0,1,1,1,0,1,0,0,99,99,99,99,99,99,0,0,0,1,0,2
9,90197,2,2,0,0,0,2,2,11,140,7,10,2016,6,17,50,0,1,4,1,3,SR-16,SR-149,73,41.545,-72.413,0,12,6,0,2,2,0,1,1,1,0,1,0,0,17,50,17,56,18,40,0,0,0,1,0,2
9,90198,1,1,0,1,1,1,1,9,430,28,10,2016,6,21,54,1,2,3,1,3,SR-10,,9,41.293,-72.944,0,8,0,0,1,1,0,1,2,1,0,1,0,0,21,55,21,59,22,15,0,0,0,1,0,2
9,90201,1,1,0,0,0,1,1,1,50,16,5,2016,2,23,41,0,1,5,1,3,SR-53,,182,41.346,-73.414,0,42,0,0,1,1,0,4,2,1,0,1,0,0,23,41,23,50,0,27,0,0,0,1,0,2
9,90202,2,2,0,0,0,4,4,11,520,30,10,2016,1,2,18,0,2,3,1,3,SR-2,,402,41.524,-72.07,0,12,2,0,1,1,0,1,3,1,0,1,0,0,2,22,2,25,2,41,20,0,0,1,1,2
9,90204,3,3,0,0,0,6,6,9,370,21,10,2016,6,15,57,1,2,1,1,1,I-91,,186,41.518,-72.771,0,12,7,0,1,1,0,1,1,10,0,10,0,0,15,57,15,57,99,99,0,0,0,1,0,0
9,90205,1,1,0,1,1,1,1,1,235,27,9,2016,3,19,47,0,2,3,1,3,SR-58,,13,41.18,-73.248,0,8,0,0,1,1,0,1,3,1,0,1,0,0,19,47,99,99,99,99,0,0,0,1,0,1
9,90208,1,1,0,0,0,1,1,15,330,9,11,2016,4,18,6,1,2,3,1,3,SR-101,,33,41.849,-71.908,0,30,0,0,1,1,0,4,2,1,0,1,0,0,18,6,18,10,18,46,0,0,0,1,0,2
9,90209,1,1,0,0,0,1,1,1,98,8,11,2016,3,3,51,1,2,2,1,2,US-7,,287,41.453,-73.396,0,42,0,0,1,1,0,4,2,1,0,1,0,0,3,55,4,0,88,88,0,0,0,1,1,0
9,90210,1,1,0,1,1,1,1,3,225,4,11,2016,6,18,20,0,2,4,1,2,US-44,,585,41.784,-72.584,0,15,0,0,1,1,0,1,3,1,0,1,0,0,18,21,18,25,18,46,0,0,0,1,0,0
9,90211,1,1,0,0,0,1,1,1,715,8,8,2016,2,0,5,1,2,3,1,3,SR-113,,73,41.21,-73.13,0,33,0,0,1,1,0,4,3,1,0,1,0,0,0,5,0,10,0,30,0,0,0,1,0,1
9,90212,2,2,0,0,0,2,2,7,380,7,7,2016,5,15,34,0,2,3,1,3,SR-17,COLEMAN RD,195,41.524,-72.666,0,12,6,0,2,3,0,1,1,10,2,2,0,0,99,99,99,99,99,99,28,0,0,1,0,2
9,90214,5,5,0,0,0,7,7,5,350,23,10,2016,1,13,31,0,1,5,1,3,SR-63,TALLMADGE AVE,356,41.756,-73.193,0,12,8,0,2,3,0,1,1,1,0,1,0,0,13,31,13,36,14,7,0,0,0,1,1,2
9,90216,3,3,0,0,0,4,4,9,854,9,11,2016,4,21,20,0,2,4,1,3,SR-67,,282,41.395,-73.047,0,24,0,0,1,1,0,4,3,1,0,1,0,0,21,20,21,28,99,99,0,0,0,1,0,2
9,90219,2,2,0,0,0,2,2,3,90,27,11,2016,1,6,31,1,2,3,1,2,US-6,RTE 229(SB)(KING PL),483,41.69,-72.925,0,12,6,0,2,3,0,1,1,1,0,1,0,0,6,39,6,44,99,99,0,0,0,1,0,0
9,90220,2,2,0,0,0,2,2,9,430,8,10,2016,7,2,0,0,2,3,1,3,SR-10,OSBORN AVE,32,41.322,-72.953,0,12,2,0,2,3,0,1,3,1,0,1,0,0,2,8,2,14,2,36,0,0,0,1,1,2
9,90221,1,1,0,0,0,1,1,1,715,16,7,2016,7,1,59,1,2,3,1,3,SR-113,,70,41.207,-73.132,0,33,0,0,1,1,0,4,3,1,0,1,0,0,1,59,2,3,2,26,0,0,0,1,1,1
9,90223,2,2,0,1,1,1,1,1,256,19,11,2016,7,16,8,1,2,1,1,1,I-95,,24,41.019,-73.63,0,8,0,1,19,1,0,2,1,1,0,1,0,0,99,99,99,99,99,99,2,23,0,1,0,1
9,90224,1,1,0,0,0,1,1,11,584,4,12,2016,1,5,35,0,1,5,1,3,SR-165,,24,41.535,-72.024,0,31,0,0,1,1,0,4,2,1,0,1,0,0,5,43,5,53,88,88,0,0,0,1,1,2
9,90225,2,2,0,0,0,2,2,3,280,5,12,2016,2,22,42,1,2,1,1,1,I-91,,397,41.785,-72.659,0,31,0,0,1,1,0,4,3,1,0,1,0,0,22,42,22,47,23,5,0,0,0,1,0,0
9,90228,2,2,0,0,0,2,2,3,420,28,10,2016,6,5,55,1,2,2,1,3,SR-72,,21,41.663,-72.809,0,12,7,0,1,1,0,1,3,10,0,10,0,0,5,55,6,7,6,51,0,0,0,1,0,2
9,90229,1,1,0,0,0,1,1,15,843,8,11,2016,3,8,16,0,2,3,1,3,SR-66,,379,41.725,-72.191,0,42,0,0,1,1,0,4,1,1,0,1,0,0,8,17,8,20,8,39,0,0,0,1,0,0
9,90230,2,2,0,0,0,7,7,9,70,27,11,2016,1,18,25,1,2,1,1,2,US-1,I-95 SB ENT RAMP (174),569,41.295,-72.783,0,12,6,1,2,3,0,1,3,1,0,1,0,0,99,99,99,99,99,99,0,0,0,1,0,1
9,90232,1,1,0,1,1,1,1,3,225,1,12,2016,5,19,50,1,2,1,1,1,I-84,,629,41.769,-72.661,0,8,0,0,1,1,0,1,3,1,0,1,0,0,99,99,99,99,99,99,0,0,0,1,0,1
9,90233,2,2,0,0,0,2,2,7,230,13,12,2016,3,19,0,1,2,2,1,3,SR-9,,47,41.357,-72.417,0,12,1,0,1,1,0,1,2,1,0,1,0,0,19,0,19,0,88,88,19,0,0,1,0,2
9,90234,1,1,0,0,0,2,2,3,229,19,12,2016,2,13,59,1,2,1,1,1,I-91,OLIVER RD OP,537,41.964,-72.59,0,23,0,0,1,1,0,4,1,1,0,1,0,0,14,5,14,9,14,37,0,0,0,1,0,0
9,90235,1,1,0,1,1,2,2,1,170,22,12,2016,5,17,33,1,2,1,1,1,I-84,,74,41.417,-73.427,0,8,0,0,1,1,0,1,3,1,0,1,0,0,99,99,99,99,99,99,0,0,0,1,1,1
9,90241,1,1,0,1,1,1,1,3,420,1,12,2016,5,17,6,1,2,3,1,3,SR-71,,135,41.664,-72.78,0,15,0,0,1,1,0,1,3,1,0,1,0,0,17,7,17,11,18,5,0,0,0,1,0,2
9,90243,2,1,1,1,3,1,3,11,539,1,12,2016,5,11,28,1,2,1,1,1,I-95,,809,41.32,-72.31,0,14,0,0,1,1,0,2,1,1,0,1,0,0,11,25,11,37,99,99,0,0,0,1,0,1
9,90245,1,1,0,1,1,1,1,9,267,11,12,2016,1,2,5,0,2,4,1,3,SR-10,,60,41.352,-72.931,0,8,0,0,1,1,0,1,3,1,0,1,0,0,99,99,99,99,99,99,0,0,0,1,0,2
9,90248,2,2,0,0,0,4,4,7,580,18,9,2016,1,99,99,0,2,3,1,3,SR-66,,95,41.573,-72.614,0,12,6,0,8,1,0,1,1,1,0,1,0,0,12,56,12,57,99,99,0,0,0,1,0,0
9,90249,6,6,0,0,0,17,17,9,222,2,7,2016,7,11,8,1,2,1,1,1,I-95,,502,41.285,-72.877,0,12,1,0,1,1,0,1,1,1,0,1,0,0,11,8,99,99,99,99,28,0,0,1,0,1
9,90250,2,2,0,0,0,4,4,1,835,31,12,2016,7,5,14,1,2,1,1,1,I-95,,197,41.123,-73.345,0,12,1,0,1,1,0,1,3,1,0,1,0,0,5,14,99,99,99,99,0,0,0,1,0,1
9,90253,1,1,0,1,1,1,1,5,817,30,9,2016,6,19,31,1,2,3,1,3,SR-63,,240,41.604,-73.117,0,8,0,0,1,1,0,1,3,2,0,2,0,0,19,34,19,38,20,3,0,0,0,1,0,2
9,90254,1,1,0,0,0,2,2,9,669,25,11,2016,6,9,48,1,2,1,1,1,I-84,,205,41.461,-73.231,0,42,0,0,1,1,0,4,1,10,0,10,0,0,9,54,10,15,10,29,0,0,0,2,0,1
9,90258,1,1,0,0,0,4,4,9,502,25,12,2016,1,8,34,1,2,1,1,1,I-91,,86,41.399,-72.852,0,1,0,1,19,1,0,3,1,1,0,1,0,0,8,34,8,44,8,59,0,0,0,1,0,0
9,90259,1,1,0,1,1,1,1,11,540,25,5,2016,4,10,4,0,2,3,1,2,US-1,,1167,41.376,-71.844,0,15,0,0,1,1,0,1,1,1,0,1,0,0,10,5,10,6,10,42,0,0,0,1,0,1
9,90261,1,1,0,0,0,1,1,7,580,2,9,2016,6,14,33,0,2,3,1,3,SR-66,,81,41.572,-72.637,0,1,0,0,1,1,0,1,1,6,0,6,0,0,99,99,99,99,99,99,0,0,0,1,0,0
9,90262,3,3,0,0,0,3,3,9,669,28,7,2016,5,9,4,1,2,1,1,1,I-84,,432,41.596,-72.904,0,12,2,0,1,1,0,1,1,1,0,1,0,0,9,13,9,30,9,53,0,0,0,1,0,1
9,90263,1,1,0,2,2,3,3,1,80,12,10,2016,4,1,26,0,2,4,1,3,SR-130,,45,41.177,-73.175,0,33,0,0,1,1,0,4,3,1,0,1,0,0,1,28,1,29,1,56,0,0,0,1,0,2
9,90266,1,1,0,0,0,1,1,3,660,24,8,2016,4,11,27,1,2,3,1,3,SR-10,,428,41.843,-72.812,0,42,0,0,1,1,0,4,1,1,0,1,0,0,11,27,11,27,12,32,0,0,0,1,0,2
9,90267,1,1,0,0,0,1,1,9,669,21,12,2016,4,23,51,1,2,3,1,3,SR-10,,236,41.59,-72.885,0,33,0,0,1,1,0,4,3,10,0,10,0,0,23,52,23,54,0,23,0,0,0,1,1,2