STATE,ST_CASE,VE_TOTAL,VE_FORMS,PVH_INVL,PEDS,PERNOTMVIT,PERMVIT,PERSONS,COUNTY,CITY,DAY,MONTH,YEAR,DAY_WEEK,HOUR,MINUTE,NHS,RUR_URB,FUNC_SYS,RD_OWNER,ROUTE,TWAY_ID,TWAY_ID2,MILEPT,LATITUDE,LONGITUD,SP_JUR,HARM_EV,MAN_COLL,RELJCT1,RELJCT2,TYP_INT,WRK_ZONE,REL_ROAD,LGT_COND,WEATHER1,WEATHER2,WEATHER,SCH_BUS,RAIL,NOT_HOUR,NOT_MIN,ARR_HOUR,ARR_MIN,HOSP_HR,HOSP_MN,CF1,CF2,CF3,FATALS,DRUNK_DR,RANK
9,90269,2,2,0,0,0,2,2,1,426,1,12,2016,5,14,22,0,2,4,1,3,SR-39,,94,41.469,-73.481,0,12,2,0,1,1,0,1,1,1,0,1,0,0,99,99,99,99,99,99,0,0,0,1,0,2
9,90270,2,2,0,1,1,2,2,9,410,22,12,2016,5,17,33,1,2,2,1,3,SR-8,NB ACC FR SR-709 RMP# 063,257,41.492,-73.051,0,8,0,1,18,1,0,1,3,1,0,1,0,0,99,99,99,99,99,99,0,0,0,1,0,2
9,90272,3,3,0,0,0,4,4,7,380,8,9,2016,5,18,52,0,2,4,1,3,SR-3,FISHER RD,4,41.561,-72.667,0,12,1,0,2,3,0,1,1,1,0,1,0,0,99,99,99,99,99,99,0,0,0,1,0,2
9,90273,3,3,0,0,0,5,5,11,811,26,12,2016,2,13,28,1,2,3,1,2,US-1,,964,41.348,-72.146,0,12,2,0,1,1,1,1,1,10,0,10,0,0,13,26,13,34,13,54,0,0,0,1,1,1
9,90275,2,2,0,0,0,3,3,11,584,27,12,2016,3,10,28,1,2,3,1,3,SR-12,KENDALL RD(DE),85,41.474,-72.064,0,12,6,0,2,3,0,1,1,2,0,2,0,0,10,28,10,37,99,99,0,0,0,1,0,2
9,90278,1,1,0,0,0,2,2,1,835,21,12,2016,4,22,2,1,2,2,1,3,SR-15,,201,41.163,-73.387,0,42,0,0,1,1,0,4,2,1,0,1,0,0,22,2,22,21,22,54,0,0,0,1,0,0
9,90280,1,1,0,2,2,2,2,1,700,19,11,2016,7,18,59,0,2,3,1,2,US-1,GREENWICH AVE(SB),67,41.051,-73.547,0,8,0,0,3,2,0,1,3,1,0,1,0,0,19,0,19,4,19,20,0,0,0,1,0,1
9,90282,1,1,0,1,1,1,1,1,170,11,10,2016,3,8,8,0,2,4,1,3,SR-37,MADISON AVENUE,4,41.407,-73.456,0,9,0,0,2,2,0,1,1,1,0,1,0,0,8,12,8,14,8,31,0,0,0,1,0,1
10,100027,2,1,1,1,1,5,5,3,490,16,5,2016,2,19,34,1,2,1,1,1,I-95,,55,39.757,-75.552,0,8,0,0,1,1,0,1,1,1,0,1,0,0,19,36,19,39,99,99,14,16,0,1,0,1
10,100101,2,2,0,0,0,2,2,3,0,24,11,2016,5,9,46,1,2,1,1,1,I-95,,99998,39.781,-75.503,0,12,1,0,1,1,0,1,1,10,0,10,0,0,9,46,9,52,88,88,0,0,0,1,1,1
11,110008,2,2,0,0,0,2,2,1,10,26,6,2016,1,22,42,1,2,1,1,1,I-295,,0,38.852,-77.006,0,34,0,0,1,1,0,3,3,1,0,1,0,0,22,44,22,48,99,99,13,0,0,1,1,2
12,120001,2,2,0,0,0,2,2,33,0,5,1,2016,3,7,58,1,1,3,1,2,US-90,,99998,30.515,-87.373,0,12,2,0,1,1,0,1,1,1,0,1,0,0,99,99,99,99,99,99,0,0,0,1,0,0
12,120003,1,1,0,0,0,1,1,49,0,9,1,2016,7,15,10,1,1,3,1,3,SR-66,SWEETWATER ROAD,99998,27.458,-81.676,0,34,0,0,1,1,0,4,1,10,0,10,0,0,99,99,99,99,88,88,0,0,0,1,0,0
12,120004,1,1,0,0,0,1,1,86,0,25,1,2016,2,10,17,1,2,2,1,3,SR-826,24TH ST,99998,25.748,-80.32,0,25,0,0,1,1,0,3,1,1,0,1,0,0,99,99,99,99,99,99,0,0,0,1,0,2
12,120006,2,2,0,0,0,2,2,51,0,30,1,2016,7,6,35,1,1,3,1,3,SR-29,,99998,26.523,-81.435,0,12,2,0,1,1,0,1,4,5,0,5,0,0,99,99,99,99,88,88,0,0,0,1,0,2
12,120014,2,2,0,0,0,5,5,15,0,4,1,2016,2,14,48,1,2,3,1,2,US-17,WASHINGTON LOOP RD,99998,26.971,-81.961,0,12,6,0,2,3,0,1,1,1,0,1,0,0,99,99,99,99,99,99,0,0,0,1,0,1
12,120015,3,3,0,0,0,5,5,119,3230,21,1,2016,5,14,0,1,2,3,1,3,SR-44,POWELL RD,108,28.843,-82.027,0,12,6,0,2,2,0,1,1,1,0,1,0,0,99,99,99,99,99,99,0,0,0,1,0,2
12,120021,5,5,0,0,0,9,9,109,0,5,1,2016,3,21,35,1,1,1,1,1,I-95,,99998,29.761,-81.352,0,12,6,0,1,1,0,1,2,2,0,2,0,0,99,99,99,99,99,99,0,0,0,1,0,1
12,120023,1,1,0,0,0,3,3,111,0,4,1,2016,2,1,19,1,1,1,1,1,I-95,,99998,27.255,-80.418,0,59,0,0,1,1,0,4,3,10,0,10,0,0,99,99,99,99,99,99,0,0,0,1,0,1
12,120024,2,2,0,0,0,4,4,87,0,4,1,2016,2,11,33,1,1,3,1,2,US-1,MAKO AVE,99998,24.661,-81.412,0,12,6,0,2,2,0,1,1,1,0,1,0,0,99,99,99,99,99,99,0,0,0,1,0,1
12,120025,2,2,0,0,0,2,2,111,0,3,1,2016,1,21,15,1,2,3,1,3,SR-91,,99998,27.485,-80.501,0,12,1,0,1,1,0,1,2,2,0,2,0,0,99,99,99,99,99,99,0,0,0,1,0,2
12,120029,2,2,0,0,0,2,2,57,2540,7,1,2016,5,21,20,1,2,3,1,3,SR-39,ENGLISH STREET,99998,28.027,-82.126,0,12,1,0,3,3,0,1,3,1,0,1,0,0,99,99,99,99,88,88,0,0,0,1,1,2
12,120030,2,2,0,0,0,3,3,77,0,14,1,2016,5,16,55,1,1,3,1,3,SR-20,CR-379A HOECAKE ROAD,99998,30.432,-84.948,0,12,2,1,2,3,0,1,1,1,0,1,0,0,99,99,99,99,99,99,0,0,0,1,0,2
12,120031,2,2,0,0,0,7,7,5,0,1,1,2016,6,16,35,1,1,3,1,3,SR-20,ROLLOHOME RD,256,30.435,-85.391,0,12,6,0,2,3,0,1,1,1,0,1,0,0,99,99,99,99,99,99,0,0,0,1,0,2
12,120032,2,2,0,0,0,2,2,125,0,1,1,2016,6,4,50,1,1,3,1,3,SR-121,,99998,30.044,-82.286,0,12,2,0,1,1,0,1,2,10,0,10,0,0,99,99,99,99,99,99,0,0,0,1,2,2
12,120036,1,1,0,0,0,1,1,57,0,6,1,2016,4,9,35,1,2,3,1,2,US-41,,99998,27.949,-82.451,0,25,0,0,5,1,0,4,1,1,0,1,0,0,99,99,99,99,88,88,0,0,0,1,0,0
12,120037,2,2,0,0,0,4,4,1,0,27,1,2016,4,11,53,1,1,3,1,3,SR-26,,99998,29.71,-82.085,0,12,6,0,1,1,0,1,1,10,0,10,0,0,99,99,99,99,99,99,0,0,0,1,0,1
12,120041,2,2,0,0,0,2,2,69,0,28,1,2016,5,17,40,1,1,3,1,3,SR-44,HIGHLAND LAKES RD,99998,28.962,-81.413,0,12,2,8,2,2,0,1,1,2,0,2,0,0,99,99,99,99,99,99,0,0,0,1,1,2
12,120042,2,2,0,0,0,3,3,109,0,21,1,2016,5,9,42,1,1,1,1,1,I-95,,99998,29.983,-81.46,0,12,1,0,1,1,0,1,1,1,0,1,0,0,99,99,99,99,99,99,0,0,0,1,0,1
12,120043,3,3,0,0,0,3,3,95,0,21,1,2016,5,21,22,1,2,2,1,3,SR-91,,99998,28.429,-81.403,0,12,6,0,1,1,0,1,3,1,0,1,0,0,99,99,99,99,88,88,0,0,0,1,0,2
12,120045,2,2,0,0,0,2,2,83,0,10,1,2016,1,16,45,1,2,3,1,2,US-27,,99998,29.215,-82.202,0,12,1,0,1,1,0,1,1,1,0,1,0,0,99,99,99,99,88,88,0,0,0,1,1,0
12,120046,2,2,0,0,0,2,2,105,0,24,1,2016,1,5,45,1,2,3,1,2,US-92,,0,28.027,-82.056,0,12,2,0,1,1,0,1,2,1,0,1,0,0,99,99,99,99,99,99,0,0,0,1,1,1
12,120047,2,2,0,0,0,2,2,101,0,11,1,2016,2,11,6,1,1,3,1,3,SR-52,SECRETARIAT ROAD,99998,28.323,-82.458,0,12,2,0,1,1,0,1,1,1,0,1,0,0,99,99,99,99,99,99,0,0,0,1,0,0
12,120049,2,2,0,0,0,2,2,31,1510,4,1,2016,2,4,10,1,2,1,1,1,I-295,,99998,30.167,-81.556,0,12,2,1,18,1,0,1,3,1,0,1,0,0,99,99,99,99,99,99,0,0,0,1,1,2
12,120050,1,1,0,0,0,2,2,19,0,23,1,2016,7,23,40,1,1,3,1,3,SR-23,OAKLEAF PLANTATION PKWY,99998,30.159,-81.831,0,59,0,0,3,2,4,4,2,1,0,1,0,0,99,99,99,99,99,99,0,0,0,1,1,0
12,120053,1,1,0,0,0,1,1,1,1130,25,1,2016,2,22,50,1,2,1,1,1,I-75,,99998,29.635,-82.398,0,1,0,0,1,1,0,4,2,1,0,1,0,0,99,99,99,99,99,99,0,0,0,1,0,2
12,120055,1,1,0,0,0,1,1,127,0,22,1,2016,6,23,25,1,2,3,1,3,SR-44,,107,29.019,-81.219,0,32,0,0,8,1,0,5,2,98,0,98,0,0,99,99,99,99,88,88,18,0,0,1,1,2
12,120056,2,2,0,0,0,2,2,21,0,17,1,2016,1,13,18,1,1,3,1,3,SR-29,,99998,25.993,-81.347,0,12,6,0,8,1,0,1,1,1,0,1,0,0,99,99,99,99,99,99,0,0,0,1,0,2
12,120057,3,3,0,0,0,3,3,9,0,27,1,2016,4,4,51,1,1,3,1,3,SR-528,,99998,28.453,-80.898,0,24,0,0,1,1,0,4,2,2,0,2,0,0,99,99,99,99,99,99,0,0,0,1,0,1
12,120059,2,2,0,0,0,4,4,69,0,10,1,2016,1,19,25,0,1,4,2,4,CR-42,CR-439,99998,28.962,-81.595,0,12,6,0,2,2,0,1,2,10,0,10,0,0,99,99,99,99,99,99,0,0,0,1,0,2
12,120060,3,3,0,0,0,4,4,51,0,25,1,2016,2,18,36,1,1,3,1,3,SR-29,,99998,26.574,-81.436,0,12,6,0,1,1,0,1,2,1,0,1,0,0,99,99,99,99,99,99,0,0,0,1,0,2
12,120065,1,1,0,0,0,1,1,86,0,16,1,2016,7,0,0,1,2,2,1,3,SR-826,,99998,25.927,-80.232,0,1,0,0,1,1,0,1,3,10,0,10,0,0,99,99,99,99,88,88,0,0,0,1,1,2
12,120066,1,1,0,0,0,1,1,127,0,10,1,2016,1,0,15,1,1,2,1,2,US-1,,99998,28.795,-80.882,0,30,0,0,1,1,0,4,2,10,0,10,0,0,99,99,99,99,88,88,0,0,0,1,1,1
12,120068,2,2,0,0,0,4,4,27,0,17,1,2016,1,4,37,1,1,3,1,3,SR-70,,104,27.209,-81.733,0,12,6,0,1,1,0,1,2,2,0,2,0,0,99,99,99,99,99,99,0,0,0,2,0,2
12,120071,3,3,0,0,0,6,6,115,2235,10,1,2016,1,10,40,1,2,1,1,1,I-75,,99998,27.061,-82.086,0,12,1,0,1,1,0,1,1,10,0,10,0,0,99,99,99,99,99,99,0,0,0,1,0,2
12,120072,2,2,0,0,0,3,3,101,0,1,1,2016,6,16,20,1,1,2,1,2,US-41,LEONARD ROAD,99998,28.189,-82.466,0,12,6,0,2,3,0,1,1,1,0,1,0,0,99,99,99,99,99,99,0,0,0,1,0,0
12,120073,2,2,0,0,0,5,5,99,9997,10,1,2016,1,0,59,1,1,3,1,3,SR-704,SR-809,99998,26.707,-80.111,0,12,2,0,2,2,0,1,7,2,0,2,0,0,99,99,99,99,99,99,0,0,0,1,0,2
12,120078,1,1,0,0,0,1,1,31,1510,29,1,2016,6,23,20,1,2,1,1,1,I-295,,99998,30.253,-81.512,0,1,0,1,5,1,0,4,3,1,0,1,0,0,99,99,99,99,88,88,0,0,0,1,1,2
12,120079,1,1,0,0,0,2,2,86,0,30,1,2016,7,0,45,1,2,2,1,3,SR-826,,99998,25.77,-80.321,0,25,0,1,5,1,0,3,3,1,0,1,0,0,99,99,99,99,99,99,0,0,0,1,1,2
12,120081,3,3,0,0,0,15,15,87,1505,2,1,2016,7,12,55,1,2,3,1,2,US-1,,99998,24.952,-80.588,0,12,1,0,1,1,0,1,1,1,0,1,0,0,99,99,99,99,99,99,0,0,0,1,0,1
12,120086,1,1,0,0,0,1,1,115,0,10,1,2016,1,10,30,1,1,1,1,1,I-75,,99998,27.068,-82.094,0,24,0,0,1,1,0,4,1,10,0,10,0,0,99,99,99,99,99,99,0,0,0,1,0,2
12,120088,1,1,0,0,0,1,1,19,0,1,2,2016,2,3,10,1,1,3,1,2,US-17,VILLAGE SQUARE PKWY,99998,30.08,-81.707,0,30,0,0,3,2,0,4,3,1,0,1,0,0,99,99,99,99,99,99,0,0,0,1,0,1
12,120089,2,2,0,0,0,4,4,11,771,16,1,2016,7,5,9,1,2,1,1,1,I-75,,99998,26.036,-80.352,0,12,2,1,18,1,4,1,3,5,0,5,0,0,99,99,99,99,99,99,0,0,0,1,1,2
12,120094,1,1,0,0,0,1,1,131,0,8,1,2016,6,14,25,1,1,1,1,1,I-10,,99998,30.691,-86.084,0,42,0,0,1,1,0,5,1,10,0,10,0,0,99,99,99,99,88,88,0,0,0,1,0,1
12,120096,2,2,0,0,0,2,2,31,1510,14,2,2016,1,10,10,1,2,3,1,2,US-17,RAMP TO EDGEWOOD AVE,99998,30.328,-81.731,0,12,2,0,2,2,0,1,1,1,0,1,0,0,99,99,99,99,99,99,0,0,0,1,0,1
12,120099,1,1,0,0,0,1,1,121,0,2,2,2016,3,8,50,1,1,3,1,2,US-27,,99998,29.953,-82.904,0,32,0,0,1,1,0,5,1,5,0,5,0,0,99,99,99,99,88,88,0,0,0,1,0,0
12,120100,2,2,0,0,0,4,4,9,0,12,2,2016,6,21,0,1,2,3,1,3,SR-520,PLUMOSA STREET,99998,28.357,-80.692,0,12,6,1,2,2,4,1,3,1,0,1,0,0,99,99,99,99,99,99,0,0,0,1,0,2
12,120105,1,1,0,0,0,1,1,113,0,4,2,2016,5,20,15,1,1,1,1,1,I-10,,99998,30.682,-86.807,0,1,0,0,1,1,0,3,2,1,0,1,0,0,99,99,99,99,88,88,0,0,0,1,1,1
12,120107,1,1,0,0,0,1,1,31,1510,14,1,2016,5,18,58,0,2,7,1,3,SR-134,,99998,30.248,-81.698,0,10,0,0,6,1,0,1,2,1,0,1,0,620891F,99,99,99,99,99,99,0,0,0,1,0,1
12,120114,2,2,0,0,0,2,2,41,0,12,2,2016,6,22,35,1,1,3,1,3,SR-47,,99998,29.863,-82.741,0,12,6,0,1,1,0,1,2,1,0,1,0,0,99,99,99,99,88,88,0,0,0,1,0,2
12,120115,2,2,0,0,0,2,2,83,0,3,2,2016,4,10,40,1,1,2,1,2,US-301,132 ST RD,99998,29.029,-82.045,0,12,6,1,2,2,0,1,1,1,0,1,0,0,99,99,99,99,88,88,0,0,0,1,0,0
12,120116,2,2,0,0,0,4,4,57,0,15,2,2016,2,6,28,1,2,3,1,2,US-301,ESTATES DEL SOL DR,99998,27.815,-82.332,0,1,0,1,2,3,0,1,3,10,0,10,0,0,99,99,99,99,88,88,0,0,0,1,0,0
12,120118,1,1,0,0,0,2,2,105,0,16,2,2016,3,2,41,1,2,1,1,1,I-4,,99998,28.157,-81.825,0,57,0,0,1,1,4,3,2,2,0,2,0,0,99,99,99,99,99,99,0,0,0,1,0,1
12,120119,2,2,0,2,2,3,3,127,0,31,1,2016,1,3,22,1,2,3,1,2,US-1,,99998,29.102,-80.971,0,8,0,0,1,1,0,1,2,1,0,1,0,0,99,99,99,99,99,99,19,0,0,2,0,1
12,120120,2,2,0,0,0,2,2,86,1340,20,2,2016,7,3,15,1,2,2,1,3,SR-826,,99998,25.875,-80.323,0,12,2,0,1,1,4,1,3,1,0,1,0,0,99,99,99,99,88,88,0,0,0,1,0,2
12,120123,1,1,0,0,0,3,3,11,2570,24,2,2016,4,23,11,1,2,1,1,1,I-95,,99998,26.257,-80.137,0,42,0,1,19,1,0,4,3,10,0,10,0,0,99,99,99,99,99,99,0,0,0,1,0,1
12,120124,1,1,0,0,0,2,2,31,1510,14,2,2016,1,2,4,1,2,3,1,2,US-1,,99998,30.244,-81.6,0,33,0,0,1,1,0,4,3,10,0,10,0,0,99,99,99,99,99,99,0,0,0,1,1,1
12,120125,2,2,0,0,0,3,3,81,0,3,2,2016,4,2,49,1,2,3,1,2,US-301,63RD AVE,99998,27.429,-82.53,0,12,6,1,2,2,0,1,3,1,0,1,0,0,99,99,99,99,88,88,0,0,0,2,1,1
12,120126,2,2,0,0,0,2,2,105,1690,2,2,2016,3,21,13,1,2,1,1,1,I-4,,99998,28.152,-81.856,0,12,1,0,1,1,0,1,3,1,0,1,0,0,21,45,99,99,99,99,0,0,0,1,0,1
12,120127,2,2,0,0,0,3,3,101,0,26,1,2016,3,16,50,1,1,3,1,2,US-301,CHANCEY RD,99998,28.208,-82.185,0,12,6,1,2,2,0,1,1,10,0,10,0,0,16,52,16,59,99,99,0,0,0,1,0,0
12,120128,1,1,0,0,0,2,2,55,0,16,1,2016,7,0,5,1,1,3,1,2,US-98,CR-721,99998,27.362,-81.054,0,42,0,0,3,3,0,5,2,5,0,5,0,0,99,99,99,99,99,99,0,0,0,1,1,0
12,120129,2,2,0,0,0,2,2,57,0,14,1,2016,5,20,0,1,2,3,1,2,US-41,,99998,27.701,-82.454,0,12,2,0,1,1,0,1,2,1,0,1,0,0,99,99,99,99,99,99,0,0,0,1,1,0
12,120134,1,1,0,0,0,1,1,75,540,24,2,2016,4,12,15,1,1,3,1,2,US-19,,99998,29.506,-82.873,0,32,0,0,1,1,0,4,1,10,0,10,0,0,99,99,99,99,88,88,0,0,0,1,0,0
12,120139,1,1,0,0,0,1,1,121,0,5,2,2016,6,11,37,1,1,1,1,1,I-10,,99998,30.344,-83.089,0,1,0,0,1,1,0,3,1,1,0,1,0,0,99,99,99,99,88,88,0,0,0,1,0,1
12,120140,1,1,0,0,0,2,2,73,0,3,3,2016,5,22,15,1,1,3,1,2,US-27,,123,30.413,-84.081,0,34,0,0,1,1,0,4,2,10,0,10,0,0,99,99,99,99,99,99,0,0,0,1,1,0
12,120143,3,3,0,0,0,3,3,101,0,27,1,2016,4,14,25,1,1,3,1,3,SR-54,TRINITY BLVD,99998,28.191,-82.614,0,12,6,1,2,2,0,1,1,2,0,2,0,0,14,34,14,35,99,99,0,0,0,1,0,2
12,120150,2,2,0,0,0,3,3,35,2439,26,1,2016,3,21,31,1,2,1,1,1,I-95,,99998,29.547,-81.215,0,12,6,0,1,1,0,1,2,10,0,10,0,0,99,99,99,99,88,88,0,0,0,2,0,1
12,120151,2,2,0,0,0,2,2,57,0,25,1,2016,2,23,42,1,2,1,1,1,I-275,,99998,28.135,-82.413,0,12,1,0,1,1,0,1,2,1,0,1,0,0,99,99,99,99,88,88,18,23,0,1,1,2
12,120152,4,4,0,0,0,7,7,19,0,1,3,2016,3,19,0,1,2,3,1,2,US-17,DENMARK DR,99998,30.108,-81.705,0,12,6,0,2,2,0,1,2,1,0,1,0,0,99,99,99,99,99,99,0,0,0,1,0,1
12,120153,1,1,0,0,0,3,3,115,0,21,2,2016,1,8,45,1,1,1,1,1,I-75,,99998,27.135,-82.405,0,32,0,0,1,1,0,3,1,10,0,10,0,0,99,99,99,99,99,99,0,0,0,2,0,2
12,120155,2,2,0,0,0,3,3,33,0,28,1,2016,5,18,30,0,2,4,1,2,US-90,FOXRUN ROAD,99998,30.533,-87.24,0,12,6,1,2,3,0,1,2,1,0,1,0,0,99,99,99,99,99,99,0,0,0,1,0,0
12,120158,1,1,0,0,0,1,1,99,290,3,2,2016,4,2,50,1,2,1,1,1,I-95,,99998,26.366,-80.119,0,1,0,1,5,1,0,3,3,1,0,1,0,0,99,99,99,99,88,88,0,0,0,1,1,1
12,120160,1,1,0,0,0,2,2,103,0,28,2,2016,1,19,35,1,1,1,1,1,I-275,,99998,27.921,-82.606,0,25,0,0,1,1,0,3,3,1,0,1,0,0,99,99,99,99,99,99,0,0,0,1,0,1
12,120162,2,2,0,0,0,4,4,81,0,21,2,2016,1,19,26,1,2,3,1,2,US-41,53RD AVE,99998,27.448,-82.575,0,12,6,0,8,1,0,1,3,1,0,1,0,0,99,99,99,99,88,88,0,0,0,1,0,0
12,120164,1,1,0,0,0,1,1,57,0,12,2,2016,6,22,0,1,2,3,1,2,US-92,39A ALEXANDER STREET,99998,28.064,-82.136,0,34,0,0,3,3,0,4,9,8,0,8,0,0,99,99,99,99,88,88,0,0,0,1,1,1
12,120170,2,2,0,0,0,2,2,83,2270,13,2,2016,7,18,25,1,1,3,1,2,US-441,,99998,29.203,-82.142,0,1,0,0,1,1,0,1,5,1,0,1,0,0,99,99,99,99,99,99,0,0,0,1,2,0
12,120172,1,1,0,0,0,1,1,107,0,16,2,2016,3,7,31,0,1,4,1,3,SR-26,,99998,29.729,-81.979,0,1,0,0,1,1,0,5,1,1,0,1,0,0,99,99,99,99,88,88,0,0,0,1,1,1
12,120174,2,2,0,0,0,3,3,107,0,4,3,2016,6,16,10,1,1,3,1,3,SR-20,CR-21,99998,29.615,-81.978,0,12,6,0,2,2,0,1,1,10,0,10,0,0,99,99,99,99,99,99,0,0,0,2,1,2
12,120175,2,2,0,0,0,2,2,9,0,1,3,2016,3,2,11,1,1,1,1,1,I-95,,99998,28.188,-80.706,0,12,1,0,1,1,0,1,2,1,0,1,0,0,99,99,99,99,99,99,0,0,0,1,1,1
12,120176,2,2,0,0,0,2,2,101,2590,15,2,2016,2,0,11,1,2,3,1,2,US-19,,99998,28.283,-82.716,0,12,1,0,1,1,0,1,3,1,0,1,0,0,99,99,99,99,88,88,0,0,0,1,1,0
12,120177,2,2,0,0,0,3,3,9,0,8,3,2016,3,16,27,1,1,3,1,3,SR-3,DUVAL ST,99998,28.417,-80.707,0,12,6,0,8,1,0,1,1,1,0,1,0,0,99,99,99,99,99,99,0,0,0,1,0,2
12,120178,1,1,0,0,0,2,2,86,0,10,2,2016,4,3,29,1,2,1,1,1,I-95,,99998,25.778,-80.2,0,25,0,0,1,1,0,3,3,10,0,10,0,0,99,99,99,99,99,99,0,0,0,2,1,1
12,120179,2,2,0,0,0,3,3,57,0,20,2,2016,7,21,0,1,2,3,1,2,US-301,,99998,27.69,-82.343,0,12,2,0,1,1,0,1,2,1,0,1,0,0,99,99,99,99,99,99,0,0,0,2,1,1
12,120188,2,2,0,0,0,2,2,107,0,23,2,2016,3,7,55,1,1,3,1,3,SR-100,END RD,99998,29.6,-81.575,0,12,2,0,3,4,0,1,1,1,0,1,0,0,99,99,99,99,99,99,0,0,0,1,0,1
12,120189,3,3,0,0,0,6,6,71,0,3,2,2016,4,7,55,1,1,1,1,1,I-75,,99998,26.728,-81.837,0,12,1,0,1,1,0,1,1,1,0,1,0,0,99,99,99,99,99,99,0,0,0,1,0,2
12,120190,2,2,0,0,0,4,4,127,0,25,1,2016,2,22,25,1,1,1,1,1,I-4,,99998,28.862,-81.292,0,12,6,0,1,1,0,1,2,1,0,1,0,0,99,99,99,99,99,99,0,0,0,2,1,1
12,120191,2,2,0,0,0,3,3,31,1510,2,2,2016,3,22,59,1,2,3,1,3,SR-115,,99998,30.327,-81.598,0,12,1,0,1,1,0,1,3,1,0,1,0,0,99,99,99,99,88,88,0,0,0,1,1,2
12,120192,2,1,1,0,1,1,2,109,0,4,2,2016,5,15,40,1,1,1,1,1,I-95,,99998,29.749,-81.347,0,24,0,1,19,1,0,4,1,2,0,2,0,0,99,99,99,99,99,99,0,0,0,1,0,1
12,120193,4,4,0,0,0,4,4,95,0,22,2,2016,2,3,10,1,2,3,1,2,US-441,AMERICANA BLVD,99998,28.484,-81.397,0,12,1,0,3,3,0,1,3,1,0,1,0,0,99,99,99,99,99,99,0,0,0,1,1,0
12,120194,2,2,0,0,0,5,5,105,120,21,1,2016,5,2,56,1,2,3,1,2,US-92,,99998,28.057,-81.816,0,12,1,0,1,1,0,1,3,1,0,1,0,0,99,99,99,99,99,99,0,0,0,1,0,1
12,120195,2,2,0,0,0,2,2,5,2450,1,3,2016,3,3,55,1,2,3,1,2,US-231,STAR AVE,99998,30.249,-85.557,0,12,1,0,3,3,0,1,3,5,0,5,0,0,99,99,99,99,99,99,0,0,0,1,0,0
12,120197,1,1,0,0,0,4,4,115,0,14,3,2016,2,16,25,1,1,1,1,1,I-75,,99998,27.106,-82.299,0,1,0,0,1,1,4,4,1,1,0,1,0,0,99,99,99,99,99,99,0,0,0,1,0,2
12,120199,1,1,0,0,0,3,3,31,1510,7,3,2016,2,7,20,1,2,2,1,3,SR-202,,99998,30.254,-81.508,0,1,0,0,1,1,0,4,1,1,0,1,0,0,99,99,99,99,99,99,0,0,0,1,0,2
12,120200,1,1,0,0,0,2,2,127,2375,15,2,2016,2,0,55,1,2,3,1,2,US-1,,99998,29.263,-81.051,0,42,0,0,1,1,0,4,2,1,0,1,0,0,99,99,99,99,99,99,0,0,0,1,0,1
12,120201,1,1,0,0,0,1,1,127,0,2,3,2016,4,9,24,1,1,1,1,1,I-4,,99998,28.889,-81.279,0,21,0,0,1,1,0,4,1,1,0,1,0,0,99,99,99,99,88,88,0,0,0,1,0,1
12,120202,2,2,0,0,0,4,4,86,0,4,2,2016,5,1,34,1,2,3,1,3,SR-94,SW 117TH AVE,99998,25.686,-80.384,0,12,6,0,8,1,0,1,3,1,0,1,0,0,99,99,99,99,99,99,0,0,0,1,1,2
12,120203,2,2,0,0,0,2,2,81,0,9,3,2016,4,18,57,1,1,3,1,2,US-19,TERRA CEIA RD,99998,27.58,-82.578,0,12,6,0,2,2,0,1,2,1,0,1,0,0,99,99,99,99,99,99,0,0,0,1,0,0
12,120207,1,1,0,0,0,1,1,61,0,31,1,2016,1,16,29,1,1,3,1,3,SR-60,,99998,27.641,-80.667,0,42,0,0,1,1,0,4,1,10,0,10,0,0,99,99,99,99,88,88,0,0,0,1,0,2
12,120209,2,2,0,0,0,2,2,11,2083,28,2,2016,1,6,34,1,2,1,1,1,I-75,,99998,25.977,-80.352,0,12,6,0,1,1,4,1,4,10,0,10,0,0,99,99,99,99,99,99,0,0,0,1,0,2
12,120212,2,2,0,0,0,3,3,75,3240,8,3,2016,3,14,40,1,1,3,1,2,US-27,55TH STREET,99998,29.411,-82.453,0,12,2,0,2,3,0,1,1,1,0,1,0,0,99,99,99,99,99,99,0,0,0,1,0,0
12,120216,3,3,0,0,0,5,5,57,0,5,3,2016,7,12,8,1,2,3,1,2,US-301,GIBSONTON DR,99998,27.862,-82.327,0,12,2,0,1,1,0,1,1,1,0,1,0,0,99,99,99,99,99,99,0,0,0,1,0,0
12,120220,3,3,0,0,0,6,6,5,0,11,3,2016,6,22,4,1,1,3,1,2,US-231,,99998,30.292,-85.496,0,1,0,0,1,1,0,1,2,1,0,1,0,0,99,99,99,99,99,99,0,0,0,1,0,0
12,120222,1,1,0,0,0,1,1,131,0,5,3,2016,7,99,99,0,1,4,1,3,SR-83,CR-185,99998,30.817,-86.12,0,42,0,0,3,3,0,5,2,1,0,1,0,0,99,99,99,99,88,88,0,0,0,1,1,2
12,120223,1,1,0,0,0,2,2,65,0,19,2,2016,6,6,13,0,1,4,1,2,US-90,,99998,30.537,-83.931,0,42,0,0,1,1,0,4,2,1,0,1,0,0,99,99,99,99,99,99,0,0,0,1,0,0