STATE,ST_CASE,VE_TOTAL,VE_FORMS,PVH_INVL,PEDS,PERNOTMVIT,PERMVIT,PERSONS,COUNTY,CITY,DAY,MONTH,YEAR,DAY_WEEK,HOUR,MINUTE,NHS,RUR_URB,FUNC_SYS,RD_OWNER,ROUTE,TWAY_ID,TWAY_ID2,MILEPT,LATITUDE,LONGITUD,SP_JUR,HARM_EV,MAN_COLL,RELJCT1,RELJCT2,TYP_INT,WRK_ZONE,REL_ROAD,LGT_COND,WEATHER1,WEATHER2,WEATHER,SCH_BUS,RAIL,NOT_HOUR,NOT_MIN,ARR_HOUR,ARR_MIN,HOSP_HR,HOSP_MN,CF1,CF2,CF3,FATALS,DRUNK_DR,RANK
12,120224,2,2,0,0,0,5,5,81,0,18,2,2016,5,20,59,1,1,1,1,1,I-75,,99998,27.404,-82.453,0,12,7,0,1,1,4,1,2,1,0,1,0,0,99,99,99,99,99,99,0,0,0,3,0,2
12,120227,2,2,0,0,0,3,3,95,0,1,3,2016,3,16,35,1,2,3,1,3,SR-50,,99998,28.535,-81.036,0,12,1,0,1,1,0,1,1,1,0,1,0,0,99,99,99,99,99,99,0,0,0,2,0,0
12,120229,2,2,0,0,0,2,2,31,1510,9,1,2016,7,14,0,1,1,3,1,3,SR-15,LONG BOW RD,99998,30.253,-81.699,0,12,6,0,2,3,0,1,1,10,0,10,0,0,99,99,99,99,99,99,0,0,0,2,0,0
12,120232,1,1,0,0,0,1,1,27,0,13,3,2016,1,0,10,1,1,3,1,3,SR-70,,252,27.252,-81.96,0,43,0,0,1,1,0,5,2,10,0,10,0,0,99,99,99,99,88,88,0,0,0,1,1,2
12,120233,4,2,2,0,1,3,4,86,0,6,3,2016,1,18,56,1,2,3,1,3,SR-976,SW 104 CT,99998,25.732,-80.364,0,12,2,0,2,3,0,1,3,1,0,1,0,0,99,99,99,99,88,88,14,0,0,1,0,2
12,120234,1,1,0,0,0,1,1,95,0,14,3,2016,2,7,34,1,1,3,1,3,SR-50,,99998,28.544,-80.94,0,52,0,0,1,1,0,4,1,1,0,1,0,0,99,99,99,99,99,99,0,0,0,1,0,0
12,120237,2,2,0,0,0,3,3,93,0,13,3,2016,1,7,0,1,1,3,1,2,US-441,,99998,27.456,-80.81,0,12,11,0,1,1,0,1,2,1,0,1,0,0,99,99,99,99,99,99,0,0,0,1,0,0
12,120239,2,2,0,0,0,3,3,39,0,12,3,2016,7,13,25,0,1,3,1,3,SR-267,,99998,30.672,-84.615,0,1,0,0,1,1,0,1,1,1,0,1,0,0,99,99,99,99,88,88,0,0,0,1,0,2
12,120240,1,1,0,0,0,5,5,127,0,6,2,2016,7,17,45,1,1,3,1,2,US-17,,99998,29.149,-81.373,0,1,0,0,1,1,0,4,2,2,0,2,0,0,99,99,99,99,99,99,0,0,0,1,0,1
12,120241,2,2,0,0,0,2,2,57,0,1,3,2016,3,3,3,1,2,1,1,1,I-75,,99998,27.849,-82.347,0,12,1,0,1,1,4,1,3,1,0,1,0,0,99,99,99,99,88,88,0,0,0,1,1,2
12,120242,3,3,0,0,0,3,3,86,0,9,3,2016,4,6,50,1,2,1,1,1,I-95,,99998,25.813,-80.206,0,12,1,0,1,1,0,1,1,10,0,10,0,0,99,99,99,99,99,99,0,0,0,1,0,1
12,120246,2,2,0,0,0,3,3,21,0,11,3,2016,6,13,6,1,1,3,1,2,US-41,,99998,26.018,-81.629,0,24,0,0,1,1,0,4,1,10,0,10,0,0,99,99,99,99,99,99,0,0,0,1,0,0
12,120248,2,2,0,0,0,2,2,51,0,18,3,2016,6,5,40,1,1,3,1,3,SR-80,,99998,26.768,-81.279,0,12,2,0,1,1,0,4,2,1,0,1,0,0,99,99,99,99,88,88,0,0,0,2,1,2
12,120249,1,1,0,0,0,1,1,7,0,17,3,2016,5,18,59,1,1,3,1,3,SR-21,,99998,29.76,-82.056,0,42,0,0,1,1,0,5,5,2,0,2,0,0,99,99,99,99,99,99,0,0,0,1,1,2
12,120250,3,3,0,0,0,3,3,99,0,10,3,2016,5,3,56,1,1,3,1,3,SR-80,SUGAR HOUSE RD,99998,26.726,-80.65,0,12,6,1,2,3,0,1,2,1,0,1,0,0,99,99,99,99,99,99,0,0,0,2,0,2
12,120251,3,3,0,0,0,3,3,95,0,11,3,2016,6,1,4,1,2,1,1,1,I-4,,99998,28.593,-81.381,0,12,1,1,18,1,4,1,3,1,0,1,0,0,99,99,99,99,88,88,0,0,0,1,1,1
12,120252,2,2,0,0,0,4,4,127,0,6,2,2016,7,5,45,1,1,1,1,1,I-4,,99998,29.153,-81.082,0,12,6,0,1,1,0,1,6,1,0,1,0,0,99,99,99,99,99,99,0,0,0,1,1,1
12,120255,1,1,0,0,0,3,3,61,0,11,3,2016,6,15,10,1,1,1,1,1,I-95,,99998,27.615,-80.514,0,1,0,0,1,1,0,3,1,1,0,1,0,0,99,99,99,99,99,99,0,0,0,1,0,1
12,120259,2,2,0,0,0,2,2,57,0,16,3,2016,4,13,1,1,2,3,1,2,US-301,,99998,27.825,-82.331,0,12,6,0,1,1,0,1,1,1,0,1,0,0,99,99,99,99,88,88,0,0,0,1,0,0
12,120261,1,1,0,0,0,1,1,86,0,22,3,2016,3,5,24,1,1,3,1,3,SR-821,106 STREET,99998,25.868,-80.388,0,38,0,0,1,1,0,4,3,10,0,10,0,0,99,99,99,99,88,88,0,0,0,1,0,1
12,120262,1,1,0,0,0,2,2,95,0,16,3,2016,4,3,25,1,1,3,1,3,SR-50,CHRISTMAS SHOOL RD,99998,28.537,-81.018,0,59,0,0,3,2,0,4,2,1,0,1,0,0,99,99,99,99,88,88,0,0,0,2,1,0
12,120264,2,2,0,0,0,2,2,33,0,20,3,2016,1,20,27,1,2,3,1,3,SR-173,,99998,30.438,-87.324,0,12,1,0,1,1,0,1,3,1,0,1,0,0,99,99,99,99,88,88,0,0,0,1,1,2
12,120269,3,3,0,0,0,3,3,31,1510,20,3,2016,1,2,45,1,2,3,1,2,US-1,,99998,30.387,-81.733,0,12,1,0,1,1,0,1,3,1,0,1,0,0,99,99,99,99,99,99,0,0,0,1,1,1
12,120271,2,2,0,0,0,2,2,83,2270,13,3,2016,1,15,37,1,2,3,1,3,SR-40,,99998,29.187,-82.121,0,12,2,0,1,1,0,1,1,10,0,10,0,0,99,99,99,99,88,88,0,0,0,1,1,0
12,120277,3,3,0,0,0,6,6,11,1050,11,1,2016,2,8,29,1,2,3,1,2,US-1,26TH ST,99998,26.16,-80.117,0,12,6,0,2,2,0,1,1,1,0,1,0,0,99,99,99,99,99,99,0,0,0,1,0,1
12,120278,4,4,0,0,0,5,5,11,1050,6,2,2016,7,10,51,1,2,3,1,2,US-1,,99998,26.137,-80.144,0,12,1,0,1,1,0,1,1,2,0,2,0,0,99,99,99,99,99,99,0,0,0,1,1,1
12,120280,1,1,0,0,0,1,1,57,2950,18,1,2016,2,19,5,1,2,3,1,2,US-92,TAMPA BAY BLVD W,105,27.974,-82.505,0,33,0,0,3,2,0,4,3,10,0,10,0,0,99,99,99,99,88,88,0,0,0,1,1,1
12,120281,1,1,0,0,0,1,1,57,2950,15,1,2016,6,18,50,1,2,3,1,2,US-92,,86,27.947,-82.506,0,33,0,0,1,1,0,4,3,1,0,1,0,0,99,99,99,99,88,88,0,0,0,1,0,1
12,120282,2,2,0,0,0,5,5,57,2950,25,1,2016,2,3,15,1,2,3,1,3,SR-60,,99998,27.968,-82.568,0,24,0,0,1,1,0,4,3,1,0,1,0,0,99,99,99,99,99,99,0,0,0,1,1,2
12,120283,1,1,0,0,0,1,1,105,0,1,2,2016,2,4,23,1,2,3,1,2,US-27,,99998,28.04,-81.637,0,31,0,0,1,1,0,4,2,1,0,1,0,0,99,99,99,99,88,88,0,0,0,1,1,0
12,120284,2,2,0,0,0,6,6,105,0,23,2,2016,3,19,5,1,2,3,1,3,SR-60,CR-655,99998,27.916,-81.726,0,12,6,0,2,3,0,1,3,1,0,1,0,0,99,99,99,99,99,99,0,0,0,1,0,2
12,120294,2,2,0,0,0,2,2,57,2950,9,3,2016,4,0,34,1,2,3,1,2,US-92,CYPRESS ST,90,27.952,-82.506,0,12,6,0,2,2,4,1,3,1,0,1,0,0,99,99,99,99,88,88,0,0,0,1,1,1
12,120295,1,1,0,0,0,1,1,69,1820,7,1,2016,5,11,49,1,2,3,1,2,US-27,,99998,28.81,-81.888,0,42,0,0,1,1,0,4,1,1,0,1,0,0,99,99,99,99,99,99,0,0,0,1,0,0
12,120296,1,1,0,0,0,2,2,31,1510,5,2,2016,6,13,10,1,2,3,1,2,US-1,,99998,30.378,-81.728,0,32,0,0,1,1,0,4,1,1,0,1,0,0,99,99,99,99,99,99,0,0,0,1,0,1
12,120300,6,6,0,0,0,11,11,57,0,18,3,2016,6,12,50,1,2,3,1,2,US-301,BALM RIVERVIEW RD,99998,27.77,-82.335,0,12,7,0,3,3,0,1,1,1,0,1,0,0,99,99,99,99,99,99,0,0,0,1,0,0
12,120309,2,2,0,0,0,2,2,71,1070,22,3,2016,3,11,4,1,2,3,1,3,SR-82,I-75 RAMP,99998,26.634,-81.802,0,12,6,1,2,2,0,1,1,1,0,1,0,0,99,99,99,99,99,99,0,0,0,1,0,2
12,120314,2,2,0,0,0,2,2,11,771,29,1,2016,6,20,32,1,2,3,1,2,US-441,SW 52ND CT,99998,26.056,-80.208,0,12,6,0,2,3,0,1,3,1,0,1,0,0,99,99,99,99,88,88,0,0,0,1,0,0
12,120316,1,1,0,0,0,1,1,95,70,22,2,2016,2,18,20,1,2,3,1,2,US-441,,99998,28.657,-81.473,0,42,0,0,1,1,0,4,1,1,0,1,0,0,99,99,99,99,99,99,0,0,0,1,0,0
12,120318,1,1,0,0,0,1,1,103,2530,29,2,2016,2,3,10,1,2,3,1,2,US-19,BRYAN DAIRY RD,99998,27.879,-82.712,0,21,0,0,3,2,0,3,3,1,0,1,0,0,99,99,99,99,88,88,0,0,0,1,0,0
12,120324,2,2,0,0,0,2,2,11,2570,22,3,2016,3,14,53,1,2,3,1,2,US-1,18TH ST,99998,26.255,-80.1,0,12,6,0,2,2,0,1,1,1,0,1,0,0,99,99,99,99,99,99,0,0,0,1,0,1
12,120326,2,2,0,0,0,2,2,1,1130,16,3,2016,4,17,12,1,2,3,1,3,SR-120,2ND ST,99998,29.674,-82.32,0,12,6,0,2,2,0,1,1,10,0,10,0,0,99,99,99,99,88,88,0,0,0,1,0,1
12,120327,2,2,0,0,0,3,3,1,1130,24,3,2016,5,8,54,1,2,3,1,3,SR-24,NEWELL DR,99998,29.64,-82.342,0,12,6,0,2,2,0,1,1,1,0,1,0,0,99,99,99,99,88,88,0,0,0,1,0,2
12,120331,1,1,0,0,0,2,2,105,0,27,2,2016,7,13,54,1,1,3,1,3,SR-60,,99998,27.841,-81.355,0,1,0,0,1,1,0,1,1,1,0,1,0,0,99,99,99,99,99,99,0,0,0,1,0,2
12,120334,2,2,0,0,0,2,2,11,2083,15,2,2016,2,2,27,1,2,3,1,2,US-27,PEMBROKE RD,99998,25.983,-80.432,0,12,2,0,1,1,0,1,2,10,0,10,0,0,99,99,99,99,99,99,0,0,0,1,0,0
12,120347,2,2,0,0,0,3,3,71,0,3,3,2016,5,18,36,0,2,4,1,3,SR-78,,99998,26.716,-81.769,0,12,6,0,1,1,0,1,3,1,0,1,0,0,99,99,99,99,99,99,0,0,0,1,1,1
12,120348,1,1,0,0,0,1,1,71,2218,6,3,2016,1,2,27,1,2,3,1,3,SR-78,,99998,26.682,-81.902,0,33,0,0,1,1,0,3,2,1,0,1,0,0,99,99,99,99,99,99,0,0,0,1,1,1
12,120358,2,2,0,0,0,3,3,57,0,18,2,2016,5,16,40,1,2,1,1,1,I-75,,99998,27.94,-82.33,0,12,1,0,1,1,0,1,1,1,0,1,0,0,99,99,99,99,99,99,0,0,0,1,0,2
12,120360,2,2,0,0,0,2,2,15,0,7,3,2016,2,19,40,1,2,3,1,2,US-41,,99998,26.971,-82.083,0,12,1,0,1,1,0,1,3,1,0,1,0,0,99,99,99,99,99,99,0,0,0,1,1,0
12,120362,2,2,0,0,0,2,2,95,0,15,3,2016,3,3,10,1,2,1,1,1,I-4,,99998,28.457,-81.474,0,12,2,0,1,1,0,1,3,1,0,1,0,0,99,99,99,99,88,88,0,0,0,2,2,1
12,120364,1,1,0,0,0,1,1,51,0,13,3,2016,1,11,50,1,1,3,1,3,SR-80,,99998,26.766,-81.381,0,1,0,0,1,1,0,4,1,1,0,1,0,0,99,99,99,99,99,99,0,0,0,1,0,2
12,120366,2,2,0,0,0,3,3,33,0,20,3,2016,1,1,10,1,1,3,1,3,SR-292,,99998,30.312,-87.427,0,12,2,0,1,1,0,1,2,10,0,10,0,0,99,99,99,99,99,99,0,0,0,1,1,2
12,120368,1,1,0,0,0,2,2,21,0,5,3,2016,7,19,15,1,1,3,1,3,SR-29,,99998,25.949,-81.358,0,1,0,0,1,1,0,4,2,1,0,1,0,0,99,99,99,99,99,99,0,0,0,1,0,2
12,120369,1,1,0,0,0,2,2,21,0,23,3,2016,4,18,2,1,1,1,1,1,I-75,,99998,26.155,-81.301,0,1,0,0,1,1,0,3,1,10,0,10,0,0,99,99,99,99,99,99,0,0,0,1,0,2
12,120370,3,3,0,0,0,3,3,65,0,16,3,2016,4,14,45,1,1,1,1,1,I-10,,99998,30.489,-83.992,0,12,7,0,1,1,0,1,1,1,0,1,0,0,99,99,99,99,88,88,0,0,0,1,0,1
12,120371,2,2,0,0,0,2,2,11,771,18,3,2016,6,4,15,1,2,1,1,1,I-75,,99998,26.063,-80.354,0,12,7,0,1,1,4,1,2,1,0,1,0,0,99,99,99,99,88,88,0,0,0,1,0,2
12,120373,2,2,0,0,0,2,2,69,0,22,3,2016,3,14,55,0,2,3,1,3,SR-44,,16,28.812,-81.928,0,12,6,0,1,1,0,1,1,1,0,1,0,0,99,99,99,99,99,99,0,0,0,1,0,2
12,120374,2,2,0,0,0,2,2,99,290,28,3,2016,2,16,53,1,1,1,1,1,I-95,,99998,26.35,-80.118,0,12,1,1,18,1,0,1,1,1,0,1,0,0,99,99,99,99,99,99,0,0,0,1,0,1
12,120375,1,1,0,0,0,4,4,86,0,19,3,2016,7,22,12,1,2,2,1,2,US-441,,99998,25.929,-80.212,0,20,0,1,5,1,0,8,3,1,0,1,0,0,99,99,99,99,99,99,0,0,0,1,1,0
12,120382,1,1,0,0,0,1,1,69,2970,28,3,2016,2,22,57,1,2,3,1,3,SR-19,,99998,28.789,-81.747,0,59,0,0,1,1,0,4,3,1,0,1,0,0,99,99,99,99,88,88,0,0,0,1,1,2
12,120384,2,2,0,0,0,2,2,57,2950,19,3,2016,7,1,3,1,2,3,1,3,SR-60,PARKER ST,99998,27.946,-82.462,0,12,6,0,2,3,0,1,3,1,0,1,0,0,99,99,99,99,99,99,0,0,0,1,1,2
12,120393,2,2,0,0,0,2,2,95,2250,2,4,2016,7,1,40,1,2,3,1,3,SR-50,,99998,28.55,-81.637,0,12,1,0,1,1,0,1,3,1,0,1,0,0,99,99,99,99,88,88,0,0,0,1,1,0
12,120395,1,1,0,0,0,2,2,86,0,3,3,2016,5,14,7,1,2,3,1,3,SR-976,,99998,25.734,-80.268,0,33,0,0,1,1,0,3,1,10,0,10,0,0,99,99,99,99,99,99,0,0,0,1,0,2
12,120398,1,1,0,0,0,3,3,65,0,4,1,2016,2,18,0,1,1,2,1,2,US-27,,99998,30.404,-84.057,0,1,0,0,1,1,0,3,2,1,0,1,0,0,99,99,99,99,99,99,0,0,0,1,1,0
12,120399,2,2,0,0,0,2,2,115,0,17,3,2016,5,10,50,1,1,1,1,1,I-75,,99998,27.352,-82.447,0,12,6,0,1,1,0,1,1,1,0,1,0,0,99,99,99,99,99,99,0,0,0,1,0,2
12,120401,3,3,0,0,0,9,9,1,1130,27,3,2016,1,12,25,0,1,3,1,3,SR-26,,99998,29.686,-82.227,0,12,2,0,1,1,0,1,1,10,0,10,0,0,99,99,99,99,99,99,0,0,0,2,0,1
12,120405,2,2,0,0,0,3,3,127,2240,22,2,2016,2,19,32,1,2,3,1,2,US-1,,99998,28.878,-80.853,0,12,6,0,8,1,0,1,5,1,0,1,0,0,99,99,99,99,99,99,0,0,0,2,0,1
12,120413,1,1,0,1,1,1,1,31,1510,2,1,2016,7,17,50,1,2,3,1,3,SR-10,1600 SAN MATEO RD,99998,30.305,-81.634,0,9,0,0,3,2,0,1,3,1,0,1,0,0,99,99,99,99,99,99,0,0,0,1,0,2
12,120415,1,1,0,1,1,1,1,89,0,1,1,2016,6,22,9,1,1,3,1,2,US-17,,99998,30.715,-81.675,0,8,0,0,1,1,0,1,2,10,0,10,0,0,99,99,99,99,88,88,0,0,0,1,0,1
12,120419,1,1,0,1,1,1,1,109,0,7,1,2016,5,13,17,1,2,3,1,2,US-1,,99998,29.966,-81.351,0,8,0,0,1,1,0,2,1,10,0,10,0,0,99,99,99,99,99,99,0,0,0,1,0,1
12,120420,1,1,0,1,1,6,6,81,0,3,1,2016,1,20,4,1,2,3,1,2,US-41,,99998,27.453,-82.575,0,8,0,0,1,1,0,1,2,2,0,2,0,0,99,99,99,99,88,88,0,0,0,1,0,0
12,120429,1,1,0,1,1,1,1,81,0,2,1,2016,7,10,15,1,2,3,1,2,US-41,,99998,27.396,-82.563,0,43,0,0,1,1,0,4,1,2,0,2,0,0,99,99,99,99,99,99,0,0,0,1,0,0
12,120431,1,1,0,1,1,2,2,109,0,1,2,2016,2,18,30,0,2,4,1,3,SR-A1A,,99998,29.817,-81.269,0,8,0,0,1,1,0,1,3,1,0,1,0,0,99,99,99,99,99,99,0,0,0,1,0,1
12,120434,1,1,0,1,1,2,2,115,2235,9,1,2016,7,21,51,1,1,3,1,2,US-41,,99998,27.047,-82.321,0,9,0,0,1,1,0,1,2,2,0,2,0,0,99,99,99,99,99,99,0,0,0,1,0,0
12,120437,1,1,0,2,2,1,1,86,2020,20,1,2016,4,5,10,1,2,3,1,3,SR-112,,99998,25.766,-80.246,0,8,0,0,1,1,0,1,2,1,0,1,0,0,99,99,99,99,99,99,19,23,0,1,0,2
12,120438,1,1,0,1,1,1,1,115,0,24,1,2016,1,22,15,1,2,3,1,2,US-41,,99998,27.25,-82.514,0,8,0,0,1,1,0,1,3,1,0,1,0,0,99,99,99,99,99,99,0,0,0,1,0,0
12,120443,2,2,0,0,0,3,3,86,2230,28,1,2016,5,6,22,1,2,3,1,2,US-1,,99998,25.934,-80.151,0,12,6,0,8,1,0,1,3,1,0,1,0,0,99,99,99,99,99,99,0,0,0,1,0,1
12,120445,1,1,0,1,1,2,2,97,0,1,2,2016,2,0,29,1,1,3,1,2,US-192,,99998,28.207,-81.171,0,8,0,0,1,1,0,1,2,1,0,1,0,0,99,99,99,99,88,88,0,0,0,1,0,1
12,120446,1,1,0,1,1,1,1,101,0,1,1,2016,6,20,13,1,2,3,1,2,US-19,SCENIC DR,99998,28.298,-82.707,0,9,0,0,3,2,0,1,3,1,0,1,0,0,20,14,20,19,99,99,0,0,0,1,0,0
12,120447,1,1,0,1,1,1,1,101,0,7,1,2016,5,20,27,1,1,2,1,2,US-19,,99998,28.185,-82.74,0,8,0,0,1,1,0,1,3,1,0,1,0,0,99,99,99,99,88,88,0,0,0,1,0,0
12,120451,1,1,0,1,1,1,1,31,1510,13,2,2016,7,7,30,1,2,3,1,2,US-90,PALMER TERR,99998,30.304,-81.632,0,15,0,1,2,3,0,1,1,1,0,1,0,0,99,99,99,99,88,88,0,0,0,1,0,0
12,120453,1,1,0,0,0,2,2,55,0,3,2,2016,4,11,30,1,2,3,1,2,US-27,,99998,27.496,-81.488,0,1,0,0,1,1,0,1,1,1,0,1,0,0,99,99,99,99,99,99,0,0,0,1,0,0
12,120454,1,1,0,1,1,1,1,9,0,12,2,2016,6,22,37,1,2,3,1,2,US-1,,99998,28.497,-80.78,0,8,0,0,1,1,0,1,2,1,0,1,0,0,99,99,99,99,88,88,0,0,0,1,0,1
12,120455,1,1,0,1,1,1,1,81,0,2,2,2016,3,8,7,1,1,3,1,3,SR-64,GREYHAWK BLVD,99998,27.484,-82.413,0,8,0,0,3,2,0,1,1,5,0,5,0,0,99,99,99,99,88,88,0,0,0,1,0,2
12,120456,2,2,0,1,1,2,2,99,0,19,1,2016,3,22,34,1,1,3,1,3,SR-809,,99998,26.669,-80.113,0,8,0,0,1,1,0,1,3,1,0,1,0,0,99,99,99,99,99,99,0,0,0,1,1,1
12,120458,1,1,0,1,1,2,2,113,0,12,2,2016,6,18,46,0,2,4,1,2,US-90,,99998,30.603,-87.081,0,8,0,0,1,1,0,1,2,1,0,1,0,0,99,99,99,99,88,88,0,0,0,1,0,0
12,120460,1,1,0,1,1,1,1,5,431,25,2,2016,5,19,30,1,2,3,1,2,US-98,,99998,30.145,-85.591,0,8,0,0,1,1,0,1,3,1,0,1,0,0,99,99,99,99,99,99,0,0,0,1,0,0
12,120462,1,1,0,1,1,1,1,19,0,27,1,2016,4,21,24,1,1,3,1,3,SR-21,,99998,30.157,-81.747,0,8,0,0,1,1,0,1,3,10,0,10,0,0,99,99,99,99,99,99,0,0,0,1,0,2
12,120465,1,1,0,1,1,1,1,33,0,9,1,2016,7,21,46,1,2,3,1,2,US-90,,99998,30.434,-87.276,0,8,0,0,1,1,0,1,2,10,0,10,0,0,99,99,99,99,88,88,0,0,0,1,0,0
12,120466,1,1,0,1,1,1,1,101,0,15,1,2016,6,21,50,1,1,3,1,3,SR-52,,99998,28.339,-82.619,0,9,0,0,1,1,0,1,2,1,0,1,0,0,21,51,21,53,88,88,0,0,0,1,0,0
12,120469,1,1,0,1,1,1,1,101,0,13,2,2016,7,23,17,1,2,3,1,2,US-19,BONITA RD,99998,28.188,-82.74,0,8,0,0,2,2,0,1,3,1,0,1,0,0,99,99,99,99,88,88,0,0,0,1,0,0
12,120470,2,2,0,0,0,3,3,51,0,14,2,2016,1,2,28,1,1,3,1,3,SR-29,,99998,26.689,-81.437,0,12,2,0,8,1,0,1,2,1,0,1,0,0,99,99,99,99,99,99,0,0,0,1,1,2
12,120472,1,1,0,1,1,1,1,83,0,14,1,2016,5,10,40,1,1,2,1,2,US-27,,99998,29.223,-82.218,0,9,0,0,1,1,0,2,1,10,0,10,0,0,99,99,99,99,99,99,0,0,0,1,0,0
12,120473,1,1,0,1,1,4,4,103,0,21,2,2016,1,22,52,0,1,4,25,4,CR-611,,99998,28.156,-82.696,0,8,0,0,1,1,0,1,3,1,0,1,0,0,99,99,99,99,88,88,0,0,0,1,0,2
12,120474,1,1,0,1,1,1,1,101,0,23,1,2016,7,2,8,1,1,3,1,3,SR-54,US-41,99998,28.192,-82.466,0,8,0,1,3,2,0,1,3,2,0,2,0,0,99,99,99,99,88,88,0,0,0,1,0,2
12,120484,1,1,0,1,1,2,2,9,454,9,3,2016,4,1,42,1,2,3,1,3,SR-A1A,,99998,28.383,-80.606,0,8,0,0,1,1,0,1,2,1,0,1,0,0,99,99,99,99,88,88,0,0,0,1,1,1
12,120487,4,4,0,0,0,4,4,97,0,17,2,2016,4,17,7,1,1,1,1,1,I-4,,99998,28.305,-81.572,0,12,1,0,1,1,0,1,1,10,0,10,0,0,99,99,99,99,99,99,0,0,0,1,0,1
12,120488,1,1,0,1,1,1,1,87,1580,7,3,2016,2,18,15,1,2,3,1,2,US-1,CROSS ST,99998,24.575,-81.736,0,9,0,0,2,3,0,1,5,10,0,10,0,0,99,99,99,99,99,99,0,0,0,1,0,1
12,120489,2,1,1,1,3,1,3,57,0,15,2,2016,2,2,23,1,2,1,1,1,I-275,,99998,27.934,-82.569,0,14,0,0,1,1,0,4,3,1,0,1,0,0,99,99,99,99,88,88,23,0,0,1,0,1
12,120491,1,1,0,1,1,1,1,33,0,17,2,2016,4,21,21,0,2,4,1,2,US-90,,99998,30.493,-87.324,0,9,0,0,1,1,0,1,2,1,0,1,0,0,99,99,99,99,88,88,0,0,0,1,0,0
12,120492,1,1,0,1,1,1,1,31,1510,12,2,2016,6,2,54,1,2,1,1,1,I-295,,99998,30.418,-81.738,0,8,0,0,1,1,0,1,3,1,0,1,0,0,99,99,99,99,88,88,0,0,0,1,0,2
12,120495,1,1,0,1,1,1,1,86,0,10,2,2016,4,0,20,1,2,3,1,2,US-441,191 ST,99998,25.95,-80.205,0,9,0,0,3,2,0,1,3,1,0,1,0,0,99,99,99,99,99,99,0,0,0,1,0,0
12,120497,1,1,0,1,1,1,1,9,3000,25,2,2016,5,19,52,1,2,3,1,3,SR-50,,99998,28.553,-80.849,0,8,0,0,1,1,0,1,3,1,0,1,0,0,99,99,99,99,88,88,0,0,0,1,0,0
12,120498,1,1,0,1,1,2,2,5,431,3,2,2016,4,23,55,1,2,2,1,2,US-98,,99998,30.159,-85.591,0,8,0,0,1,1,0,1,2,2,0,2,0,0,99,99,99,99,99,99,0,0,0,1,0,0
12,120501,1,1,0,1,1,2,2,9,0,28,2,2016,1,14,5,1,2,3,1,2,US-1,,99998,28.275,-80.693,0,9,0,0,1,1,0,1,1,1,0,1,0,0,99,99,99,99,88,88,0,0,0,1,0,1
12,120504,1,1,0,0,0,1,1,119,0,10,3,2016,5,1,40,1,2,3,1,2,US-301,SR-44,99998,28.859,-82.174,0,59,0,0,3,3,0,4,2,1,0,1,0,0,99,99,99,99,99,99,0,0,0,1,0,0
12,120506,2,2,0,2,2,2,2,86,2020,15,1,2016,6,2,16,1,2,3,1,3,SR-A1A,ESPANOLA WAY,99998,25.787,-80.131,0,8,0,0,3,3,0,1,3,1,0,1,0,0,99,99,99,99,99,99,0,0,0,1,0,1
12,120509,1,1,0,1,1,3,3,127,0,13,3,2016,1,0,15,1,2,3,1,2,US-1,,128,29.351,-81.152,0,8,0,0,1,1,0,1,2,1,0,1,0,0,99,99,99,99,88,88,0,0,0,1,0,1
12,120510,1,1,0,0,0,1,1,11,1050,6,3,2016,1,0,8,1,2,1,1,1,I-95,,99998,26.081,-80.166,0,42,0,1,5,1,0,5,2,10,0,10,0,0,99,99,99,99,99,99,0,0,0,1,0,1
12,120512,1,1,0,1,1,2,2,85,0,6,3,2016,1,5,45,1,1,1,1,1,I-95,,99998,26.961,-80.17,0,8,0,0,1,1,0,1,2,1,0,1,0,0,99,99,99,99,99,99,0,0,0,1,0,1
12,120514,1,1,0,1,1,1,1,95,0,11,3,2016,6,22,40,1,2,3,1,3,SR-50,PEACHTREE ROAD,99998,28.553,-81.384,0,9,0,0,3,3,0,1,3,1,0,1,0,0,22,46,22,48,99,99,20,0,0,1,0,0
12,120516,2,2,0,0,0,5,5,127,2580,23,2,2016,3,12,48,1,2,3,1,2,US-1,FLEMING AV,99998,29.134,-80.983,0,12,6,0,2,2,0,1,1,1,0,1,0,0,99,99,99,99,99,99,0,0,0,1,0,1
12,120517,1,1,0,1,1,2,2,31,1510,22,2,2016,2,20,25,1,2,3,1,2,US-17,37   ROSEVELT BLVD,99998,30.303,-81.72,0,9,0,1,3,2,0,1,3,1,0,1,0,0,99,99,99,99,99,99,0,0,0,1,0,1
12,120518,1,1,0,1,1,1,1,127,2190,14,1,2016,5,19,28,1,2,3,1,3,SR-44,,99998,29.013,-80.967,0,9,0,0,1,1,0,2,2,1,0,1,0,0,99,99,99,99,88,88,0,0,0,1,0,2
12,120519,2,2,0,1,1,1,1,93,0,14,3,2016,2,17,25,1,2,3,1,3,SR-70,,99998,27.247,-80.801,0,12,1,0,1,1,0,1,1,10,0,10,0,0,99,99,99,99,99,99,23,0,0,1,0,1