STATE,ST_CASE,VE_TOTAL,VE_FORMS,PVH_INVL,PEDS,PERNOTMVIT,PERMVIT,PERSONS,COUNTY,CITY,DAY,MONTH,YEAR,DAY_WEEK,HOUR,MINUTE,NHS,RUR_URB,FUNC_SYS,RD_OWNER,ROUTE,TWAY_ID,TWAY_ID2,MILEPT,LATITUDE,LONGITUD,SP_JUR,HARM_EV,MAN_COLL,RELJCT1,RELJCT2,TYP_INT,WRK_ZONE,REL_ROAD,LGT_COND,WEATHER1,WEATHER2,WEATHER,SCH_BUS,RAIL,NOT_HOUR,NOT_MIN,ARR_HOUR,ARR_MIN,HOSP_HR,HOSP_MN,CF1,CF2,CF3,FATALS,DRUNK_DR,RANK
12,120521,1,1,0,1,1,1,1,9,0,20,3,2016,1,21,35,1,1,3,1,3,SR-3,SPRUCE AVE,99998,28.391,-80.704,0,8,0,0,3,3,0,1,3,10,0,10,0,0,99,99,99,99,88,88,0,0,0,1,0,2
12,120522,2,2,0,0,0,2,2,63,0,20,3,2016,1,3,30,1,1,1,1,1,I-10,,99998,30.69,-85.118,0,12,2,0,1,1,0,1,2,1,0,1,0,0,99,99,99,99,99,99,0,0,0,1,0,1
12,120523,1,1,0,1,1,1,1,86,2330,23,3,2016,4,22,47,1,2,3,1,3,SR-9,SUPERIOR ST,99998,25.9,-80.244,0,8,0,0,3,2,0,1,3,1,0,1,0,0,99,99,99,99,88,88,0,0,0,1,0,2
12,120525,1,1,0,1,1,1,1,57,0,19,3,2016,7,2,39,1,2,3,1,2,US-41,,99998,27.768,-82.393,0,9,0,0,1,1,0,1,3,10,0,10,0,0,99,99,99,99,88,88,0,0,0,1,0,0
12,120526,1,1,0,1,1,1,1,31,1510,13,3,2016,1,23,17,1,2,3,1,3,SR-134,,99998,30.247,-81.722,0,8,0,0,1,1,0,1,3,1,0,1,0,0,99,99,99,99,99,99,0,0,0,1,0,1
12,120527,1,1,0,1,1,1,1,91,835,25,3,2016,6,21,57,1,2,3,1,2,US-98,MARLER STREET,99998,30.394,-86.505,0,8,0,0,2,3,0,1,3,2,0,2,0,0,99,99,99,99,88,88,0,0,0,1,0,0
12,120528,2,2,0,1,1,3,3,71,0,21,3,2016,2,5,20,1,1,3,1,3,SR-78,,99998,26.682,-81.9,0,8,0,0,1,1,0,1,2,1,0,1,0,0,99,99,99,99,88,88,0,0,0,1,0,1
12,120531,2,2,0,0,0,3,3,31,1510,26,3,2016,7,22,48,1,2,3,1,2,US-90,CORTEZ RD,99998,30.287,-81.528,0,12,6,1,2,2,0,1,3,1,0,1,0,0,99,99,99,99,88,88,0,0,0,1,0,0
12,120532,1,1,0,1,1,5,5,5,2451,12,3,2016,7,3,39,1,2,3,1,2,US-98,,99998,30.209,-85.848,0,8,0,0,1,1,0,1,2,1,0,1,0,0,99,99,99,99,99,99,0,0,0,1,0,0
12,120533,2,2,0,0,0,2,2,95,3290,13,2,2016,7,14,14,1,2,3,1,3,SR-50,,99998,28.551,-81.604,0,12,1,0,1,1,0,1,1,1,0,1,0,0,99,99,99,99,99,99,0,0,0,1,1,0
12,120536,1,1,0,1,1,1,1,86,0,5,1,2016,3,4,56,1,2,3,1,3,SR-7,81ST ST,99998,25.849,-80.209,0,8,0,0,3,2,0,1,3,2,0,2,0,0,99,99,99,99,99,99,0,0,0,1,0,2
12,120538,3,3,0,0,0,3,3,9,1990,4,1,2016,2,17,24,1,2,3,1,2,US-1,,99998,28.141,-80.634,0,12,2,0,1,1,0,1,1,1,0,1,0,0,99,99,99,99,99,99,0,0,0,1,0,1
12,120540,1,1,0,1,1,1,1,11,1050,15,1,2016,6,18,14,1,2,3,1,3,SR-A1A,,99998,26.275,-80.08,0,8,0,0,1,1,0,1,1,10,0,10,0,0,99,99,99,99,99,99,0,0,0,1,0,1
12,120541,1,1,0,1,1,2,2,11,1050,6,2,2016,7,19,40,1,2,3,1,2,US-1,,99998,26.099,-80.137,0,8,0,0,1,1,0,1,3,10,0,10,0,0,99,99,99,99,99,99,0,0,0,1,0,1
12,120543,2,2,0,1,1,3,3,105,0,29,1,2016,6,18,25,1,1,3,1,2,US-98,FOX LAKE DR,99998,28.138,-81.974,0,9,0,0,1,1,0,1,2,1,0,1,0,0,99,99,99,99,88,88,0,0,0,1,0,0
12,120555,1,1,0,1,1,1,1,31,1510,20,3,2016,1,21,15,1,2,3,1,3,SR-109,,99998,30.338,-81.603,0,8,0,0,1,1,0,1,3,10,0,10,0,0,99,99,99,99,99,99,0,0,0,1,1,2
12,120565,2,2,0,0,0,6,6,73,2940,31,1,2016,1,13,33,1,2,3,1,2,US-27,ALLEN RD,99998,30.473,-84.293,0,12,6,0,3,3,0,1,1,1,0,1,0,0,99,99,99,99,99,99,0,0,0,1,0,0
12,120567,1,1,0,1,1,1,1,71,1070,9,3,2016,4,19,49,0,2,3,1,3,SR-82,,99998,26.641,-81.844,0,8,0,0,1,1,0,1,3,1,0,1,0,0,99,99,99,99,99,99,0,0,0,1,0,2
12,120573,3,3,0,0,0,3,3,11,2570,15,1,2016,6,17,20,1,2,3,1,2,US-1,,99998,26.238,-80.103,0,12,1,0,1,1,0,1,1,10,0,10,0,0,99,99,99,99,99,99,0,0,0,1,0,1
12,120577,1,1,0,1,1,1,1,11,1781,2,2,2016,3,6,40,1,1,2,1,2,US-441,,99998,26.176,-80.203,0,8,0,0,1,1,0,1,4,1,0,1,0,0,99,99,99,99,88,88,0,0,0,1,0,0
12,120579,1,1,0,1,1,1,1,11,1781,17,2,2016,4,5,30,1,2,3,1,3,SR-7,,99998,26.176,-80.204,0,8,0,0,1,1,0,1,3,1,0,1,0,0,99,99,99,99,99,99,0,0,0,1,0,2
12,120583,1,1,0,1,1,3,3,11,2570,10,3,2016,5,19,21,1,2,3,1,2,US-1,10TH ST,99998,26.243,-80.102,0,9,0,0,2,2,0,1,3,1,0,1,0,0,99,99,99,99,99,99,0,0,0,1,0,1
12,120587,2,2,0,0,0,3,3,105,0,4,1,2016,2,17,40,1,1,2,3,2,US-92,LYNCHBURG RD,99998,28.068,-81.752,0,12,6,1,2,3,0,1,5,1,0,1,0,0,99,99,99,99,99,99,0,0,0,1,1,1
12,120589,1,1,0,0,0,1,1,105,0,7,3,2016,2,16,13,1,1,3,1,3,SR-60,,99998,27.904,-81.846,0,34,0,0,1,1,0,4,1,1,0,1,0,0,99,99,99,99,99,99,0,0,0,1,0,2
12,120593,1,1,0,1,1,1,1,103,2730,28,2,2016,1,15,53,1,2,3,1,2,US-19,,99998,27.756,-82.679,0,8,0,0,1,1,0,1,1,1,0,1,0,0,99,99,99,99,99,99,0,0,0,1,0,0
12,120599,2,2,0,1,1,2,2,95,2360,4,3,2016,6,0,26,1,2,3,1,3,SR-50,,99998,28.553,-81.379,0,15,0,0,1,1,0,1,3,1,0,1,0,0,99,99,99,99,99,99,0,0,0,1,0,0
12,120607,1,1,0,1,1,1,1,109,2690,31,3,2016,5,7,58,1,2,3,1,3,SR-A1A,MENENDEZ DRIVE,99998,29.89,-81.294,0,15,0,1,3,3,0,1,1,1,0,1,0,0,99,99,99,99,99,99,0,0,0,1,0,1
12,120608,1,1,0,1,1,5,5,11,1050,14,3,2016,2,20,49,1,2,3,1,3,SR-A1A,MIAMI RD,99998,26.089,-80.136,0,8,0,0,2,3,0,1,3,1,0,1,0,0,99,99,99,99,88,88,0,0,0,1,0,1
12,120611,1,1,0,1,1,1,1,105,1690,22,3,2016,3,21,27,1,2,3,1,2,US-98,,99998,28.078,-81.962,0,8,0,0,1,1,0,1,3,1,0,1,0,0,99,99,99,99,99,99,0,0,0,1,0,0
12,120612,1,1,0,1,1,1,1,117,480,26,3,2016,7,23,25,1,2,3,1,3,SR-436,,99998,28.626,-81.316,0,8,0,0,1,1,0,1,3,2,0,2,0,0,99,99,99,99,99,99,0,0,0,1,0,2
12,120614,1,1,0,1,1,1,1,115,2780,27,1,2016,4,0,56,1,2,2,1,2,US-301,,99998,27.357,-82.53,0,8,0,0,1,1,0,1,3,2,0,2,0,0,99,99,99,99,99,99,0,0,0,1,0,0
12,120616,1,1,0,1,1,1,1,115,2780,31,1,2016,1,18,49,1,2,3,1,2,US-301,,99998,27.343,-82.531,0,9,0,0,1,1,0,2,3,1,0,1,0,0,99,99,99,99,99,99,0,0,0,1,0,0
12,120620,2,2,0,0,0,3,3,86,2010,7,4,2016,5,9,51,1,2,3,1,3,SR-9,14 STREET,99998,25.787,-80.24,0,12,6,0,2,2,0,1,1,1,0,1,0,0,99,99,99,99,88,88,0,0,0,1,0,2
12,120623,2,2,0,0,0,3,3,11,1826,1,4,2016,6,20,20,1,2,3,1,2,US-1,25 ST,99998,26.263,-80.099,0,12,6,1,2,3,0,1,2,1,0,1,0,0,99,99,99,99,99,99,0,0,0,1,0,1
12,120624,2,2,0,0,0,2,2,71,1070,31,3,2016,5,13,15,1,2,3,1,3,SR-82,FLINT DR,99998,26.641,-81.833,0,12,6,0,2,3,0,1,1,1,0,1,0,0,99,99,99,99,99,99,0,0,0,1,0,2
12,120626,1,1,0,0,0,1,1,81,0,28,3,2016,2,4,35,1,1,1,1,1,I-75,I-275,99998,27.447,-82.498,0,21,0,1,3,4,0,4,3,1,0,1,0,0,99,99,99,99,88,88,0,0,0,1,0,2
12,120629,2,2,0,0,0,3,3,75,0,28,3,2016,2,7,0,1,1,3,1,2,US-19,,99998,29.417,-82.823,0,12,1,0,1,1,0,1,4,10,0,10,0,0,99,99,99,99,99,99,0,0,0,2,0,0
12,120630,1,1,0,0,0,1,1,71,0,27,3,2016,1,14,30,1,1,1,1,1,I-75,,99998,26.403,-81.773,0,1,0,0,1,1,0,4,1,1,0,1,0,0,99,99,99,99,88,88,0,0,0,1,1,2
12,120634,2,2,0,0,0,2,2,127,0,3,4,2016,1,1,20,1,2,3,1,2,US-92,,99998,29.062,-81.265,0,12,1,0,1,1,0,1,2,1,0,1,0,0,99,99,99,99,99,99,0,0,0,1,1,1
12,120635,2,2,0,0,0,2,2,1,0,7,4,2016,5,7,29,1,1,3,1,3,SR-24,90TH STREET,99998,29.752,-82.219,0,12,6,0,1,1,0,1,1,10,0,10,0,0,99,99,99,99,88,88,0,0,0,1,0,2
12,120636,3,3,0,0,0,6,6,127,0,5,4,2016,3,12,21,1,2,3,1,3,SR-44,CR-4053,24,29.027,-81.347,0,12,6,1,2,2,0,1,1,1,0,1,0,0,99,99,99,99,88,88,0,0,0,4,0,2
12,120637,2,2,0,0,0,2,2,131,0,8,4,2016,6,14,29,1,1,3,1,3,SR-20,,99998,30.51,-86.198,0,12,2,0,1,1,0,1,1,1,0,1,0,0,99,99,99,99,99,99,0,0,0,1,1,2
12,120638,1,1,0,1,1,1,1,115,0,31,3,2016,5,21,33,1,1,1,1,1,I-75,,99998,27.099,-82.134,0,8,0,0,1,1,4,1,2,1,0,1,0,0,99,99,99,99,88,88,0,0,0,1,0,2
12,120639,2,2,0,0,0,2,2,81,0,9,4,2016,7,10,55,1,2,3,1,2,US-41,ORLANDO AVE,99998,27.458,-82.575,0,12,6,1,2,2,0,1,1,1,0,1,0,0,99,99,99,99,99,99,0,0,0,1,0,0
12,120640,2,2,0,0,0,3,3,81,0,3,4,2016,1,2,12,1,2,3,1,2,US-41,,99998,27.398,-82.564,0,1,0,0,1,1,0,1,3,1,0,1,0,0,99,99,99,99,88,88,0,0,0,1,1,0
12,120641,2,2,0,1,1,2,2,95,0,29,3,2016,3,20,31,1,2,3,1,2,US-441,,99998,28.614,-81.434,0,8,0,0,1,1,0,1,2,2,0,2,0,0,99,99,99,99,99,99,0,0,0,1,0,0
12,120642,1,1,0,1,1,1,1,97,0,6,4,2016,4,6,23,1,1,2,1,2,US-17,PLEASANT HILL RD,99998,28.261,-81.436,0,8,0,1,3,2,0,1,2,1,0,1,0,0,99,99,99,99,99,99,0,0,0,1,0,1
12,120644,2,2,0,0,0,2,2,97,0,5,4,2016,3,9,45,1,2,3,1,2,US-192,INTERNATIONAL DR,99998,28.333,-81.521,0,12,7,1,2,3,0,1,1,1,0,1,0,0,99,99,99,99,99,99,0,0,0,1,0,1
12,120645,2,2,0,0,0,2,2,57,0,4,4,2016,2,20,35,1,2,3,1,2,US-41,TOWAWAY AVE,99998,27.916,-82.402,0,12,6,1,3,2,0,1,2,1,0,1,0,0,99,99,99,99,88,88,0,0,0,1,1,0
12,120647,1,1,0,1,1,1,1,31,1510,13,4,2016,4,21,29,1,2,3,1,2,US-1,,99998,30.359,-81.654,0,8,0,0,1,1,0,1,3,10,0,10,0,0,99,99,99,99,99,99,0,0,0,1,0,1
12,120650,1,1,0,1,1,1,1,63,1930,24,3,2016,5,16,48,1,2,3,1,2,US-90,,99998,30.782,-85.246,0,9,0,0,1,1,0,1,1,10,0,10,0,0,99,99,99,99,99,99,0,0,0,1,0,0
12,120652,1,1,0,1,1,2,2,95,0,27,3,2016,1,8,21,1,2,3,1,2,US-17,,99998,28.497,-81.397,0,8,0,0,1,1,0,1,1,1,0,1,0,0,99,99,99,99,99,99,0,0,0,1,0,1
12,120655,2,2,0,0,0,2,2,105,0,18,3,2016,6,20,19,1,1,2,1,2,US-92,,99998,28.048,-81.922,0,12,1,0,7,1,0,1,2,1,0,1,0,0,99,99,99,99,88,88,0,0,0,1,1,1
12,120656,1,1,0,1,1,1,1,103,570,4,4,2016,2,20,36,1,2,3,1,3,SR-60,,99998,27.961,-82.71,0,8,0,0,1,1,0,1,2,1,0,1,0,0,99,99,99,99,99,99,0,0,0,1,0,2
12,120660,1,1,0,0,0,1,1,107,0,24,3,2016,5,1,40,1,1,2,1,2,US-17,,99998,29.562,-81.658,0,32,0,0,1,1,0,4,2,1,0,1,0,0,99,99,99,99,99,99,0,0,0,1,0,1
12,120662,2,2,0,0,0,2,2,39,2060,27,3,2016,1,15,24,1,1,1,1,1,I-10,,99998,30.489,-84.424,0,12,1,0,1,1,0,1,1,2,0,2,0,0,99,99,99,99,88,88,27,0,0,1,0,1
12,120663,1,1,0,1,1,1,1,15,0,7,3,2016,2,21,30,1,1,1,1,1,I-75,,99998,26.812,-81.933,0,8,0,0,1,1,0,1,2,1,0,1,0,0,99,99,99,99,88,88,0,0,0,1,0,2
12,120666,2,2,0,0,0,2,2,27,0,4,4,2016,2,5,55,1,1,3,1,3,SR-31,CR-760A,99998,27.151,-81.808,0,12,2,0,2,3,0,1,3,1,0,1,0,0,99,99,99,99,99,99,0,0,0,1,0,2
12,120668,1,1,0,0,0,2,2,117,0,31,3,2016,5,19,34,1,2,1,1,1,I-4,,99998,28.708,-81.38,0,1,0,0,1,1,0,4,5,10,0,10,0,0,99,99,99,99,99,99,0,0,0,1,0,1
12,120669,1,1,0,0,0,7,7,117,0,26,3,2016,7,15,27,1,2,1,1,1,I-4,,99998,28.72,-81.376,0,24,0,0,1,1,0,3,1,1,0,1,0,0,99,99,99,99,99,99,0,0,0,2,0,1
12,120670,2,2,0,0,0,3,3,117,0,27,3,2016,1,19,33,1,2,1,1,1,I-4,,99998,28.795,-81.346,0,12,7,0,1,1,0,1,1,1,0,1,0,0,99,99,99,99,99,99,0,0,0,2,1,1
12,120671,2,2,0,0,0,3,3,101,0,1,4,2016,6,18,5,1,2,3,1,2,US-41,LEONARD RD,99998,28.189,-82.466,0,12,6,1,2,3,0,1,1,1,0,1,0,0,99,99,99,99,99,99,0,0,0,1,0,0
12,120672,4,4,0,0,0,8,8,35,0,11,3,2016,6,18,15,0,1,3,1,3,SR-A1A,,99998,29.544,-81.159,0,12,2,0,1,1,0,1,5,1,0,1,0,0,99,99,99,99,99,99,0,0,0,2,1,1
12,120673,2,2,0,0,0,3,3,31,1510,1,4,2016,6,21,11,1,2,3,1,2,US-17,I-295,99998,30.458,-81.636,0,12,1,0,3,3,0,1,3,1,0,1,0,0,99,99,99,99,99,99,0,0,0,1,0,1
12,120675,2,2,0,0,0,5,5,86,0,13,4,2016,4,13,50,1,2,1,1,1,I-95,,99998,25.869,-80.209,0,12,1,0,1,1,0,1,1,1,0,1,0,0,99,99,99,99,88,88,0,0,0,1,0,1
12,120677,2,2,0,0,0,2,2,95,0,11,4,2016,2,3,17,1,2,3,1,3,SR-50,BERKELEY ST,99998,28.552,-81.102,0,12,6,0,2,3,0,1,2,1,0,1,0,0,99,99,99,99,99,99,0,0,0,1,1,0
12,120678,2,2,0,0,0,3,3,5,0,7,4,2016,5,23,50,1,1,3,1,3,SR-77,WOODLAND RD,99998,30.399,-85.689,0,12,2,0,1,1,0,1,2,1,0,1,0,0,99,99,99,99,99,99,0,0,0,1,1,1
12,120679,2,2,0,0,0,3,3,63,0,5,4,2016,3,10,19,1,1,3,1,3,SR-71,,99998,30.804,-85.179,0,12,2,0,1,1,0,1,1,1,0,1,0,0,99,99,99,99,88,88,0,0,0,1,0,2
12,120681,3,3,0,0,0,3,3,103,2730,9,4,2016,7,3,31,1,2,3,1,2,US-19,22ND AVE,99998,27.749,-82.679,0,12,1,0,3,98,0,1,3,1,0,1,0,0,99,99,99,99,99,99,0,0,0,1,1,0
12,120683,2,2,0,0,0,4,4,23,0,8,4,2016,6,20,0,1,1,3,1,2,US-27,CR-138,99998,29.853,-82.641,0,12,6,0,2,3,0,1,2,1,0,1,0,0,99,99,99,99,99,99,0,0,0,1,0,0
12,120684,2,2,0,0,0,3,3,86,0,2,4,2016,7,1,35,1,2,3,1,3,SR-817,NORTHWEST 159TH ST,99998,25.919,-80.244,0,12,6,0,8,1,0,1,3,1,0,1,0,0,99,99,99,99,99,99,0,0,0,2,0,2
12,120686,2,2,0,0,0,4,4,75,0,4,4,2016,2,7,45,1,1,2,1,2,US-27,CR-335,99998,29.441,-82.466,0,12,6,1,2,2,0,1,1,1,0,1,0,0,99,99,99,99,99,99,0,0,0,1,0,0
12,120689,1,1,0,0,0,1,1,133,3060,15,4,2016,6,11,0,1,1,3,1,3,SR-79,,99998,30.476,-85.845,0,1,0,0,1,1,0,1,1,10,0,10,0,0,99,99,99,99,88,88,0,0,0,1,0,1
12,120690,1,1,0,0,0,1,1,87,1505,31,3,2016,5,20,42,1,2,3,1,2,US-1,,99998,24.86,-80.722,0,42,0,0,1,1,0,4,2,1,0,1,0,0,99,99,99,99,99,99,0,0,0,1,0,1
12,120694,2,2,0,0,0,3,3,71,0,12,3,2016,7,2,37,1,1,3,1,2,US-41,AIRPORT ROAD,99998,26.61,-81.872,0,12,6,0,2,2,0,1,3,1,0,1,0,0,99,99,99,99,99,99,0,0,0,1,2,0
12,120696,2,2,0,0,0,2,2,83,0,31,3,2016,5,17,11,1,1,2,1,2,US-27,,99998,29.121,-82.1,0,12,6,0,1,1,0,1,1,1,0,1,0,0,99,99,99,99,99,99,0,0,0,1,0,0
12,120698,2,2,0,0,0,2,2,101,0,30,3,2016,4,14,17,1,1,3,1,3,SR-52,POINT BLVD,99998,28.331,-82.637,0,12,6,0,2,3,0,1,1,1,0,1,0,0,99,99,99,99,99,99,0,0,0,1,0,0
12,120699,2,2,0,0,0,3,3,33,0,29,3,2016,3,19,21,0,2,4,1,3,SR-292,SAINT MARY AVE,99998,30.442,-87.24,0,12,6,0,2,2,0,1,3,1,0,1,0,0,99,99,99,99,99,99,0,0,0,1,0,2
12,120700,2,2,0,0,0,4,4,71,0,13,3,2016,1,20,20,1,1,3,1,3,SR-82,,99998,26.553,-81.648,0,12,2,0,1,1,0,1,2,1,0,1,0,0,99,99,99,99,99,99,0,0,0,1,0,2
12,120703,1,1,0,1,1,1,1,89,3326,7,4,2016,5,21,47,1,2,3,1,2,US-17,,99998,30.598,-81.599,0,8,0,0,1,1,0,1,2,1,0,1,0,0,99,99,99,99,88,88,0,0,0,1,0,1
12,120706,1,1,0,0,0,1,1,71,1070,2,4,2016,7,1,45,1,2,3,1,2,US-41,,99998,26.573,-81.872,0,41,0,0,1,1,0,3,3,1,0,1,0,0,99,99,99,99,99,99,0,0,0,1,0,0
12,120707,2,2,0,0,0,2,2,33,0,31,3,2016,5,15,27,0,2,4,1,3,SR-291,SR-290,99998,30.51,-87.221,0,12,6,0,2,2,0,1,1,10,0,10,0,0,99,99,99,99,99,99,0,0,0,1,0,2
12,120709,2,2,0,0,0,2,2,86,0,5,4,2016,3,21,40,1,2,3,1,2,US-41,90TH AVE,99998,25.761,-80.365,0,12,6,0,2,3,0,1,3,1,0,1,0,0,99,99,99,99,99,99,0,0,0,1,0,0
12,120710,2,2,0,0,0,6,6,57,0,9,4,2016,7,20,55,1,2,3,1,2,US-301,BLOOMINGDALE AVE,99998,27.894,-82.338,0,12,2,1,2,2,0,1,3,1,0,1,0,0,99,99,99,99,99,99,0,0,0,1,0,0
12,120711,1,1,0,1,1,1,1,9,1990,4,4,2016,2,21,55,1,1,2,1,2,US-1,,99998,28.205,-80.662,0,9,0,0,1,1,0,1,2,1,0,1,0,0,99,99,99,99,88,88,0,0,0,1,0,1
12,120712,2,2,0,0,0,4,4,31,1510,16,3,2016,4,0,31,1,2,3,1,2,US-90,KERNAN BOULEVARD,99998,30.287,-81.489,0,12,6,1,2,2,0,1,3,1,0,1,0,0,99,99,99,99,99,99,0,0,0,1,1,0
12,120713,2,2,0,0,0,3,3,21,0,17,3,2016,5,11,18,1,1,3,1,3,SR-29,,99998,26.289,-81.343,0,12,2,0,1,1,0,1,1,1,0,1,0,0,99,99,99,99,99,99,0,0,0,3,0,2
12,120714,1,1,0,1,1,1,1,86,2010,26,3,2016,7,20,18,1,2,3,1,2,US-441,,99998,25.767,-80.375,0,9,0,0,1,1,0,1,3,1,0,1,0,0,99,99,99,99,88,88,0,0,0,1,0,0
12,120718,1,1,0,0,0,1,1,95,0,11,4,2016,2,1,5,1,2,3,31,3,SR-528,,99998,28.421,-81.459,0,21,0,0,5,1,0,5,3,1,0,1,0,0,1,3,1,16,88,88,0,0,0,1,0,1
12,120720,3,3,0,0,0,6,6,87,1505,15,4,2016,6,22,0,1,2,3,1,2,US-1,DAVIS LN,99998,24.886,-80.684,0,12,2,0,1,1,0,1,2,10,0,10,0,0,99,99,99,99,99,99,0,0,0,2,2,1
12,120721,2,2,0,0,0,3,3,115,0,29,3,2016,3,2,58,1,1,1,1,1,I-75,,99998,27.357,-82.446,0,12,1,0,1,1,4,1,2,10,0,10,0,0,99,99,99,99,99,99,0,0,0,1,0,2
12,120726,1,1,0,0,0,1,1,9,0,17,4,2016,1,9,15,1,1,1,1,1,I-95,,99998,28.357,-80.782,0,25,0,0,1,1,0,3,1,1,0,1,0,0,99,99,99,99,88,88,0,0,0,1,0,1
12,120729,2,2,0,0,0,2,2,69,1240,12,4,2016,3,16,51,1,2,3,1,2,US-27,SR-19 RAMP,99998,28.642,-81.805,0,12,6,1,2,3,0,1,1,1,0,1,0,0,99,99,99,99,99,99,0,0,0,1,0,0
12,120730,2,2,0,0,0,3,3,11,771,12,4,2016,3,6,55,1,2,3,1,2,US-441,,99998,26.084,-80.203,0,12,98,1,18,1,0,1,1,1,0,1,0,0,99,99,99,99,99,99,0,0,0,1,0,0
12,120735,2,2,0,0,0,3,3,91,835,8,4,2016,6,13,48,1,2,3,1,2,US-98,CRYSTAL BEACH DR,99998,30.391,-86.424,0,12,6,1,2,2,0,1,1,1,0,1,0,0,99,99,99,99,99,99,0,0,0,1,0,0
12,120736,2,2,0,0,0,2,2,86,2230,16,4,2016,7,15,18,1,2,3,1,3,SR-826,26 AV,99998,25.926,-80.147,0,12,6,0,2,2,0,1,1,1,0,1,0,0,99,99,99,99,88,88,0,0,0,1,0,2
12,120737,1,1,0,0,0,4,4,11,3193,13,4,2016,4,14,35,1,2,3,1,2,US-27,,99998,26.089,-80.434,0,1,0,0,1,1,0,4,1,1,0,1,0,0,99,99,99,99,99,99,0,0,0,1,0,0
12,120739,1,1,0,1,1,1,1,105,1690,8,4,2016,6,3,33,1,2,3,1,2,US-92,,99998,28.055,-81.948,0,8,0,0,1,1,0,1,3,1,0,1,0,0,99,99,99,99,99,99,0,0,0,1,0,1
12,120744,2,2,0,0,0,4,4,127,0,15,4,2016,6,16,35,1,1,3,1,2,US-92,,99998,29.119,-81.18,0,12,2,0,1,1,0,3,1,10,0,10,0,0,99,99,99,99,99,99,0,0,0,2,0,1
12,120753,2,2,0,0,0,4,4,119,0,16,4,2016,7,5,35,1,1,3,1,3,SR-44,,99998,28.867,-82.08,0,12,6,0,1,1,0,1,2,10,0,10,0,0,99,99,99,99,99,99,0,0,0,1,0,2
12,120754,1,1,0,0,0,1,1,107,0,14,4,2016,5,20,48,0,1,3,1,3,SR-19,,99998,29.568,-81.725,0,1,0,0,1,1,0,4,2,10,0,10,0,0,99,99,99,99,99,99,0,0,0,1,0,2
12,120757,1,1,0,1,1,1,1,113,0,17,4,2016,1,8,20,0,2,4,1,2,US-90,,99998,30.63,-86.996,0,9,0,0,1,1,0,1,1,1,0,1,0,0,99,99,99,99,99,99,0,0,0,1,0,0
12,120758,2,2,0,0,0,2,2,101,0,12,4,2016,3,17,24,1,2,3,1,2,US-41,SWANS LANDING DR,99998,28.209,-82.462,0,12,6,0,8,1,0,1,1,1,0,1,0,0,99,99,99,99,99,99,0,0,0,1,1,0
12,120761,3,3,0,0,0,4,4,83,0,12,4,2016,3,11,0,1,1,3,1,3,SR-40,,99998,29.176,-81.828,0,12,2,0,1,1,0,1,1,1,0,1,0,0,99,99,99,99,99,99,0,0,0,1,0,0
12,120762,2,1,1,0,0,1,1,57,0,15,4,2016,6,3,35,1,2,3,1,2,US-41,,99998,27.682,-82.476,0,14,0,0,1,1,0,5,3,10,0,10,0,0,99,99,99,99,88,88,0,0,0,1,1,0
12,120763,1,1,0,1,1,2,2,73,2940,22,4,2016,6,2,32,1,2,3,1,2,US-90,3891 W. TENNESSEE,99998,30.459,-84.356,0,8,0,0,2,2,0,1,3,1,0,1,0,0,99,99,99,99,88,88,0,0,0,1,0,0
12,120766,1,1,0,0,0,1,1,99,3190,8,4,2016,6,1,56,1,2,1,1,1,I-95,,99998,26.759,-80.094,0,42,0,0,1,1,0,5,3,1,0,1,0,0,99,99,99,99,88,88,0,0,0,1,0,1
12,120769,1,1,0,0,0,2,2,127,0,16,4,2016,7,17,53,1,1,1,1,1,I-95,,99998,29.028,-80.998,0,20,0,0,1,1,4,3,1,2,0,2,0,0,99,99,99,99,99,99,0,0,0,1,0,1
12,120770,1,1,0,0,0,1,1,81,0,17,4,2016,1,11,56,1,1,2,1,2,US-301,,99998,27.485,-82.563,0,25,0,0,1,1,0,3,1,1,0,1,0,0,99,99,99,99,88,88,0,0,0,1,1,0
12,120771,2,2,0,0,0,4,4,97,0,14,4,2016,5,1,2,1,2,3,1,2,US-192,ALLIGATOR LAKE SHORE,99998,28.242,-81.207,0,12,6,0,2,3,0,1,2,1,0,1,0,0,99,99,99,99,88,88,0,0,0,2,1,1
12,120773,2,2,0,0,0,4,4,103,0,25,4,2016,2,7,44,1,2,3,1,2,US-19,HIGHLAND ACRE DR,99998,28.042,-82.738,0,12,6,0,3,3,0,1,1,1,0,1,0,0,99,99,99,99,99,99,0,0,0,2,0,0
12,120777,1,1,0,2,2,1,1,33,0,19,4,2016,3,14,28,1,2,3,1,3,SR-295,,99998,30.445,-87.236,0,18,0,0,8,1,0,1,1,1,0,1,0,0,99,99,99,99,99,99,0,0,0,1,0,1
12,120778,2,2,0,0,0,3,3,61,0,15,4,2016,6,7,11,1,1,3,1,3,SR-60,,99998,27.641,-80.643,0,12,1,0,1,1,0,1,4,10,0,10,0,0,99,99,99,99,88,88,0,0,0,1,0,2
12,120781,4,4,0,0,0,4,4,11,2948,19,4,2016,3,23,10,1,2,3,1,3,SR-817,58TH ST,99998,26.197,-80.252,0,12,6,0,3,2,0,1,3,1,0,1,0,0,99,99,99,99,99,99,0,0,0,1,0,2