STATE,ST_CASE,VE_TOTAL,VE_FORMS,PVH_INVL,PEDS,PERNOTMVIT,PERMVIT,PERSONS,COUNTY,CITY,DAY,MONTH,YEAR,DAY_WEEK,HOUR,MINUTE,NHS,RUR_URB,FUNC_SYS,RD_OWNER,ROUTE,TWAY_ID,TWAY_ID2,MILEPT,LATITUDE,LONGITUD,SP_JUR,HARM_EV,MAN_COLL,RELJCT1,RELJCT2,TYP_INT,WRK_ZONE,REL_ROAD,LGT_COND,WEATHER1,WEATHER2,WEATHER,SCH_BUS,RAIL,NOT_HOUR,NOT_MIN,ARR_HOUR,ARR_MIN,HOSP_HR,HOSP_MN,CF1,CF2,CF3,FATALS,DRUNK_DR,RANK
12,120782,1,1,0,0,0,1,1,86,0,7,4,2016,5,22,8,1,2,2,31,3,SR-821,,99998,25.948,-80.353,0,18,0,0,1,1,4,4,3,1,0,1,0,0,99,99,99,99,99,99,0,0,0,1,0,1
12,120783,1,1,0,0,0,1,1,105,1740,15,4,2016,6,5,53,1,2,3,1,2,US-27,,99998,27.896,-81.6,0,59,0,0,1,1,0,3,2,1,0,1,0,0,99,99,99,99,99,99,0,0,0,1,0,0
12,120784,2,2,0,0,0,2,2,5,0,17,4,2016,1,3,59,1,2,3,1,2,US-98,,99998,30.188,-85.743,0,12,1,0,1,1,0,1,3,1,0,1,0,0,99,99,99,99,88,88,0,0,0,1,1,0
12,120785,1,1,0,0,0,2,2,115,0,10,4,2016,1,13,43,1,1,1,1,1,I-75,,99998,27.1,-82.271,0,18,0,0,1,1,4,3,1,10,0,10,0,0,99,99,99,99,99,99,0,0,0,1,0,2
12,120786,4,4,0,0,0,10,10,11,2570,10,4,2016,1,21,13,1,2,1,1,1,I-95,,99998,26.261,-80.133,0,12,7,1,18,1,0,1,3,1,0,1,0,0,99,99,99,99,99,99,0,0,0,1,0,1
12,120787,2,2,0,0,0,3,3,83,0,23,4,2016,7,19,33,1,1,2,1,2,US-441,92 PL RD,99998,29.088,-82.081,0,12,6,1,2,3,0,1,2,1,0,1,0,0,99,99,99,99,99,99,0,0,0,2,1,0
12,120790,1,1,0,0,0,2,2,127,0,21,4,2016,5,19,55,1,1,1,1,1,I-95,,99998,29.041,-81.005,0,32,0,0,1,1,4,4,5,1,0,1,0,0,99,99,99,99,88,88,0,0,0,1,1,1
12,120795,2,2,0,0,0,2,2,73,2940,23,4,2016,7,18,52,1,2,3,1,2,US-90,WHITE DR,99998,30.447,-84.326,0,12,6,0,3,2,0,1,1,1,0,1,0,0,99,99,99,99,99,99,0,0,0,1,0,0
12,120799,2,2,0,2,2,2,2,86,0,23,4,2016,7,3,40,1,2,2,1,3,SR-821,,99998,25.613,-80.379,0,12,1,0,1,1,4,1,2,10,0,10,0,0,99,99,99,99,99,99,0,0,0,1,0,1
12,120801,1,1,0,0,0,2,2,57,0,30,4,2016,7,16,3,0,1,4,25,3,SR-39,,99998,28.1,-82.142,0,10,0,0,6,1,0,1,1,1,0,1,0,915244N,99,99,99,99,99,99,0,0,0,1,0,2
12,120802,1,1,0,0,0,1,1,87,0,3,4,2016,1,11,9,1,1,3,1,2,US-1,,99998,24.662,-81.459,0,1,0,0,1,1,0,1,1,1,0,1,0,0,99,99,99,99,99,99,0,0,0,1,0,1
12,120803,2,2,0,0,0,3,3,57,2950,12,4,2016,3,8,45,1,2,3,1,2,US-92,CLARK AVE,99998,27.894,-82.512,0,12,6,0,2,3,0,1,1,1,0,1,0,0,99,99,99,99,88,88,0,0,0,1,0,1
12,120804,2,2,0,0,0,3,3,17,730,21,4,2016,5,18,0,1,1,3,1,2,US-19,W POWER LINE ST,99998,28.96,-82.63,0,12,1,0,3,3,0,1,1,1,0,1,0,0,99,99,99,99,99,99,0,0,0,1,0,0
12,120807,2,2,0,0,0,9,9,21,0,12,4,2016,3,5,30,1,1,3,1,2,US-41,,99998,25.853,-80.99,0,12,2,0,1,1,0,1,2,1,0,1,0,0,99,99,99,99,99,99,0,0,0,1,0,0
12,120809,1,1,0,0,0,2,2,71,0,17,4,2016,1,3,0,1,1,3,1,3,SR-80,WAVERLY AVE,99998,26.672,-81.82,0,30,0,0,3,3,0,4,3,1,0,1,0,0,99,99,99,99,99,99,0,0,0,1,1,2
12,120810,4,4,0,0,0,6,6,71,0,19,4,2016,3,13,18,1,1,1,1,1,I-75,,99998,26.534,-81.795,0,12,1,0,1,1,0,1,1,1,0,1,0,0,99,99,99,99,99,99,0,0,0,1,0,2
12,120811,1,1,0,1,1,1,1,101,0,23,4,2016,7,7,37,1,1,3,1,3,SR-54,,99998,28.186,-82.407,0,9,0,0,8,1,0,2,1,1,0,1,0,0,99,99,99,99,88,88,0,0,0,1,0,2
12,120812,2,2,0,0,0,2,2,11,1420,2,4,2016,7,2,25,1,2,1,1,1,I-75,,99998,25.982,-80.35,0,12,6,0,1,1,4,1,3,1,0,1,0,0,99,99,99,99,99,99,0,0,0,1,2,2
12,120816,1,1,0,0,0,1,1,111,0,1,5,2016,1,5,25,1,1,1,1,1,I-95,,99998,27.347,-80.414,0,42,0,0,1,1,0,5,2,1,0,1,0,0,99,99,99,99,99,99,0,0,0,1,1,1
12,120822,1,1,0,0,0,1,1,9,1990,30,4,2016,7,8,20,1,1,1,1,1,I-95,,99998,28.188,-80.706,0,59,0,0,1,1,0,4,1,1,0,1,0,0,99,99,99,99,88,88,0,0,0,1,0,1
12,120823,2,2,0,0,0,2,2,117,0,23,4,2016,7,17,37,1,2,1,1,1,I-4,,99998,28.681,-81.388,0,12,7,0,1,1,0,1,1,10,0,10,0,0,99,99,99,99,99,99,0,0,0,1,0,1
12,120824,1,1,0,0,0,2,2,45,0,2,5,2016,2,13,50,1,1,3,1,3,SR-71,,99998,29.864,-85.241,0,42,0,0,1,1,0,4,1,1,0,1,0,0,99,99,99,99,99,99,0,0,0,1,0,2
12,120825,2,2,0,0,0,2,2,1,1620,29,4,2016,6,10,26,1,1,3,1,3,SR-121,,99998,29.829,-82.395,0,12,6,0,1,1,0,1,1,1,0,1,0,0,99,99,99,99,99,99,0,0,0,1,0,2
12,120827,2,2,0,0,0,2,2,31,1510,4,4,2016,2,2,30,1,2,3,1,2,US-17,SETZER RD,99998,30.43,-81.645,0,12,2,0,3,2,0,1,3,1,0,1,0,0,99,99,99,99,99,99,0,0,0,1,2,1
12,120833,2,2,0,0,0,4,4,17,0,23,4,2016,7,21,49,1,2,3,1,3,SR-44,,99998,28.853,-82.498,0,1,0,0,1,1,0,1,2,1,0,1,0,0,99,99,99,99,99,99,0,0,0,2,1,2
12,120834,1,1,0,0,0,3,3,83,0,27,4,2016,4,6,24,1,1,2,1,1,I-75,,99998,29.006,-82.151,0,42,0,0,1,1,0,5,1,1,0,1,0,0,99,99,99,99,99,99,0,0,0,1,0,2
12,120835,1,1,0,0,0,2,2,83,0,27,4,2016,4,7,45,1,1,1,1,1,I-75,,99998,29.034,-82.16,0,24,0,0,1,1,0,3,1,1,0,1,0,0,99,99,99,99,99,99,0,0,0,1,0,2
12,120836,1,1,0,1,1,1,1,17,0,27,4,2016,4,1,25,1,1,3,1,2,US-98,LARUE DENISE TER,142,28.936,-82.619,0,8,0,0,1,1,0,1,2,1,0,1,0,0,99,99,99,99,88,88,0,0,0,1,0,0
12,120837,2,2,0,0,0,2,2,95,0,19,4,2016,3,20,29,1,2,3,1,3,SR-50,,99998,28.546,-81.091,0,12,1,0,1,1,0,1,2,1,0,1,0,0,99,99,99,99,99,99,0,0,0,1,1,0
12,120839,1,1,0,1,1,1,1,86,2010,4,5,2016,4,20,20,1,2,3,1,2,US-41,SW 8TH ST,99998,25.763,-80.316,0,8,0,0,2,2,0,1,3,2,0,2,0,0,99,99,99,99,88,88,0,0,0,1,0,0
12,120842,2,2,0,0,0,3,3,121,0,1,5,2016,1,23,7,1,1,1,1,1,I-10,,99998,30.348,-83.079,0,12,1,0,1,1,0,1,2,1,0,1,0,0,99,99,99,99,99,99,0,0,0,1,1,1
12,120843,1,1,0,0,0,1,1,115,0,24,4,2016,1,23,45,1,2,3,1,2,US-41,,99998,27.147,-82.462,0,34,0,1,5,1,0,4,3,1,0,1,0,0,99,99,99,99,88,88,0,0,0,1,1,0
12,120844,1,1,0,0,0,2,2,81,0,28,4,2016,5,22,11,1,1,3,1,3,SR-78,,99998,27.387,-82.401,0,59,0,0,1,1,0,3,2,1,0,1,0,0,99,99,99,99,99,99,0,0,0,1,0,1
12,120845,2,2,0,0,0,2,2,73,2940,21,4,2016,5,5,1,1,2,3,1,3,SR-61,,99998,30.395,-84.283,0,12,6,0,8,1,0,1,2,1,0,1,0,0,99,99,99,99,5,36,0,0,0,1,0,2
12,120846,2,2,0,0,0,3,3,127,2190,24,4,2016,1,9,19,1,2,3,1,2,US-1,SKYLINE DR,99998,29.057,-80.941,0,12,6,0,2,3,0,1,1,1,0,1,0,0,99,99,99,99,99,99,0,0,0,1,0,1
12,120848,1,1,0,1,1,1,1,105,1690,25,4,2016,2,19,9,1,2,3,1,3,SR-37,HIGHLAND DR,99998,27.986,-81.957,0,9,0,0,2,2,0,1,1,1,0,1,0,0,99,99,99,99,88,88,0,0,0,1,0,1
12,120850,2,2,0,0,0,2,2,77,0,22,4,2016,6,12,27,1,1,3,1,3,SR-12,,99998,30.506,-84.864,0,12,2,0,1,1,0,1,1,10,0,10,0,0,99,99,99,99,99,99,0,0,0,1,0,2
12,120855,1,1,0,1,1,1,1,31,1510,19,4,2016,3,2,31,1,2,3,1,3,SR-115,,99998,30.195,-81.552,0,8,0,0,1,1,0,1,2,1,0,1,0,0,99,99,99,99,99,99,0,0,0,1,0,2
12,120857,1,1,0,1,1,1,1,103,2730,18,3,2016,6,23,50,0,2,3,1,2,US-92,,99998,27.771,-82.637,0,8,0,0,1,1,0,1,3,1,0,1,0,0,99,99,99,99,99,99,0,0,0,1,1,1
12,120860,2,2,0,0,0,2,2,101,0,24,4,2016,1,17,43,0,1,4,25,4,CR-41,,99998,28.407,-82.226,0,12,2,0,1,1,0,1,1,1,0,1,0,0,99,99,99,99,99,99,0,0,0,1,0,2
12,120865,1,1,0,1,1,1,1,17,0,24,4,2016,1,2,15,1,1,3,1,2,US-19,,99998,28.956,-82.628,0,8,0,0,1,1,0,1,2,1,0,1,0,0,99,99,99,99,88,88,0,0,0,1,0,0
12,120866,2,2,0,0,0,2,2,19,9997,2,5,2016,2,10,54,1,2,3,1,3,SR-21,LONDONDERRY DR,99998,30.139,-81.771,0,12,6,0,2,2,0,1,1,1,0,1,0,0,99,99,99,99,99,99,0,0,0,1,0,2
12,120872,2,2,0,0,0,2,2,15,0,6,5,2016,6,2,31,1,1,1,1,1,I-75,,99998,26.937,-82.018,0,12,1,0,1,1,0,1,3,1,0,1,0,0,99,99,99,99,88,88,0,0,0,1,0,2
12,120874,1,1,0,0,0,1,1,85,0,1,5,2016,1,18,54,0,1,4,1,2,US-441,,99998,27.1,-80.657,0,59,0,0,1,1,0,4,1,1,0,1,0,0,99,99,99,99,88,88,0,0,0,1,1,0
12,120875,1,1,0,1,1,1,1,11,2570,29,4,2016,6,13,22,1,2,1,1,1,I-95,,99998,26.234,-80.136,0,8,0,1,5,1,0,8,1,1,0,1,0,0,99,99,99,99,99,99,0,0,0,1,0,1
12,120877,1,1,0,1,1,1,1,57,0,2,5,2016,2,4,45,1,2,1,1,1,I-75,,99998,27.726,-82.383,0,8,0,0,1,1,0,1,1,1,0,1,0,0,99,99,99,99,88,88,0,0,0,1,0,2
12,120879,1,1,0,0,0,1,1,21,0,28,4,2016,5,13,45,1,1,3,1,2,US-41,,99998,25.987,-81.57,0,24,0,0,1,1,0,4,1,1,0,1,0,0,99,99,99,99,88,88,0,0,0,1,0,0
12,120880,1,1,0,1,1,1,1,101,0,25,4,2016,2,22,6,1,1,3,1,3,SR-52,,99998,28.329,-82.584,0,8,0,0,1,1,0,4,2,1,0,1,0,0,99,99,99,99,99,99,0,0,0,1,0,0
12,120881,2,2,0,0,0,3,3,19,0,5,5,2016,5,21,59,1,1,3,1,3,SR-21,CR-315 C,99998,29.877,-81.926,0,12,6,0,2,3,0,1,2,1,0,1,0,0,99,99,99,99,99,99,0,0,0,1,0,2
12,120885,3,3,0,0,0,5,5,81,0,6,5,2016,6,22,30,1,2,3,1,2,US-41,,99998,27.547,-82.564,0,12,1,0,1,1,0,10,3,1,0,1,0,0,99,99,99,99,99,99,0,0,0,1,1,0
12,120887,1,1,0,0,0,3,3,105,0,12,4,2016,3,23,40,1,1,3,1,3,SR-60,,99998,27.91,-81.684,0,1,0,0,1,1,0,1,2,1,0,1,0,0,99,99,99,99,99,99,0,0,0,1,0,2
12,120888,2,2,0,0,0,2,2,105,1690,6,5,2016,6,0,1,1,2,3,1,3,SR-33,I-4 RAMP,99998,28.139,-81.903,0,12,6,1,3,3,0,1,3,1,0,1,0,0,99,99,99,99,88,88,0,0,0,1,1,1
12,120889,1,1,0,1,1,1,1,86,0,15,4,2016,6,20,9,1,2,3,1,2,US-1,,99998,25.455,-80.475,0,8,0,0,1,1,0,1,3,1,0,1,0,0,99,99,99,99,88,88,0,0,0,1,0,1
12,120890,1,1,0,1,1,1,1,31,1510,29,4,2016,6,21,25,1,2,1,1,1,I-95,,99998,30.298,-81.638,0,8,0,0,1,1,4,1,2,1,0,1,0,0,99,99,99,99,88,88,0,0,0,1,0,1
12,120891,1,1,0,0,0,1,1,81,0,5,5,2016,5,2,5,1,2,3,1,2,US-41,,99998,27.418,-82.575,0,30,0,0,1,1,0,4,2,1,0,1,0,0,99,99,99,99,99,99,0,0,0,1,1,0
12,120893,2,2,0,0,0,9,9,97,0,16,3,2016,4,1,48,1,2,3,1,2,US-192,,99998,28.31,-81.466,0,12,1,0,1,1,0,1,3,1,0,1,0,0,99,99,99,99,99,99,0,0,0,1,1,1
12,120898,1,1,0,0,0,2,2,95,0,8,5,2016,1,13,54,1,1,2,31,3,SR-528,,99998,28.452,-80.994,0,1,0,0,1,1,0,5,1,1,0,1,0,0,99,99,99,99,99,99,0,0,0,1,0,1
12,120906,2,2,0,0,0,2,2,69,580,6,5,2016,6,18,45,1,2,3,1,3,SR-50,MAGNOLIA POINTE BLVD,99998,28.547,-81.67,0,12,1,0,2,2,0,1,1,1,0,1,0,0,99,99,99,99,99,99,0,0,0,1,0,0
12,120911,3,3,0,0,0,4,4,105,0,30,4,2016,7,23,5,1,1,3,1,2,US-98,,99998,28.238,-82.043,0,12,2,0,1,1,0,1,2,1,0,1,0,0,99,99,99,99,99,99,0,0,0,1,1,0
12,120912,2,2,0,0,0,2,2,33,0,6,5,2016,6,4,10,1,2,3,1,2,US-90,,99998,30.519,-87.171,0,12,8,0,1,1,0,1,3,1,0,1,0,0,99,99,99,99,99,99,0,0,0,1,1,0
12,120915,2,2,0,0,0,3,3,95,0,25,4,2016,2,22,9,1,1,3,1,3,SR-50,SHERMAN STREET,99998,28.565,-81.158,0,12,6,0,2,3,0,1,2,1,0,1,0,0,99,99,99,99,88,88,0,0,0,1,0,0
12,120921,1,1,0,1,1,1,1,11,2468,13,5,2016,6,15,41,1,2,3,1,3,SR-817,,99998,25.992,-80.248,0,8,0,0,1,1,0,1,1,1,0,1,0,0,99,99,99,99,99,99,0,0,0,1,0,2
12,120922,2,2,0,0,0,2,2,55,0,13,5,2016,6,5,55,1,1,3,1,3,SR-66,,99998,27.412,-81.532,0,12,2,0,1,1,0,1,2,1,0,1,0,0,99,99,99,99,88,88,0,0,0,1,0,0
12,120927,1,1,0,0,0,1,1,81,0,15,5,2016,1,5,10,1,1,1,1,1,I-75,,99998,27.427,-82.459,0,42,0,0,1,1,0,4,2,10,0,10,0,0,99,99,99,99,88,88,0,0,0,1,1,2
12,120930,2,2,0,0,0,3,3,103,2960,1,5,2016,1,11,19,1,2,3,1,2,US-19,,99998,28.124,-82.74,0,5,0,0,1,1,0,1,1,1,0,1,0,0,99,99,99,99,99,99,0,0,0,1,0,0
12,120939,2,2,0,0,0,4,4,91,0,6,5,2016,6,23,0,1,1,3,1,2,US-90,,99998,30.752,-86.634,0,12,6,0,1,1,4,1,2,1,0,1,0,0,99,99,99,99,99,99,0,0,0,1,0,0
12,120942,2,2,0,0,0,3,3,95,0,6,5,2016,6,20,20,1,1,3,1,3,SR-50,3RD STREET,99998,28.555,-81.112,0,12,6,0,2,2,0,1,5,1,0,1,0,0,99,99,99,99,99,99,0,0,0,1,1,0
12,120944,1,1,0,1,1,1,1,91,1091,24,1,2016,1,12,53,1,2,3,1,2,US-98,,99998,30.404,-86.613,0,8,0,0,1,1,0,1,1,1,0,1,0,0,99,99,99,99,99,99,0,0,0,1,0,0
12,120945,2,2,0,0,0,2,2,105,3300,12,1,2016,3,6,19,1,2,3,1,2,US-17,AVE I NW,99998,28.031,-81.733,0,12,6,0,2,3,0,1,3,1,0,1,0,0,99,99,99,99,88,88,0,0,0,1,0,1
12,120947,1,1,0,0,0,1,1,11,2468,28,2,2016,1,4,29,1,2,1,1,1,I-75,,99998,26.008,-80.34,0,20,0,0,1,1,0,3,3,10,0,10,0,0,99,99,99,99,99,99,0,0,0,1,1,2
12,120948,2,2,0,0,0,2,2,11,1050,22,2,2016,2,15,30,1,2,3,1,2,US-1,,99998,26.153,-80.119,0,12,1,0,1,1,0,1,1,1,0,1,0,0,99,99,99,99,99,99,0,0,0,1,0,1
12,120955,2,2,0,0,0,4,4,69,1240,28,4,2016,5,18,44,1,2,3,1,2,US-27,SR-19 RAMP,99998,28.643,-81.808,0,12,6,1,2,3,0,1,1,1,0,1,0,0,99,99,99,99,99,99,0,0,0,1,0,0
12,120958,1,1,0,1,1,1,1,117,2770,14,5,2016,7,0,8,1,2,3,1,2,US-17,11TH ST,99998,28.803,-81.273,0,9,0,0,2,2,0,1,3,1,0,1,0,0,99,99,99,99,88,88,0,0,0,1,0,1
12,120959,1,1,0,0,0,1,1,31,1510,16,5,2016,2,13,43,1,2,3,1,3,SR-109,NETTIE RD,99998,30.261,-81.632,0,59,0,0,3,3,0,4,1,1,0,1,0,0,99,99,99,99,88,88,0,0,0,1,0,2
12,120963,2,2,0,0,0,2,2,35,0,10,5,2016,3,16,11,1,1,3,1,2,US-1,,99998,29.408,-81.198,0,12,1,0,8,1,0,1,1,1,0,1,0,0,99,99,99,99,88,88,0,0,0,1,1,1
12,120964,3,3,0,0,0,3,3,33,0,16,5,2016,2,18,10,1,2,3,1,3,SR-292,NIGHTHAWK LANE,99998,30.349,-87.391,0,12,2,0,1,1,0,1,1,10,0,10,0,0,99,99,99,99,99,99,0,0,0,1,0,2
12,120965,2,2,0,0,0,3,3,127,0,10,5,2016,3,11,50,1,2,3,1,2,US-17,ANITA ST,99998,29.068,-81.305,0,1,0,0,3,3,0,1,1,1,0,1,0,0,99,99,99,99,99,99,0,0,0,1,0,1
12,120969,1,1,0,0,0,7,7,35,2439,7,5,2016,7,13,56,1,2,1,1,1,I-95,,99998,29.641,-81.271,0,1,0,0,1,1,0,1,1,1,0,1,0,0,99,99,99,99,99,99,0,0,0,4,0,1
12,120970,3,3,0,0,0,3,3,49,3340,10,5,2016,3,2,40,1,1,3,1,2,US-17,SWEETWATER RD,99998,27.403,-81.795,0,12,2,0,1,1,0,1,2,1,0,1,0,0,99,99,99,99,99,99,0,0,0,1,1,1
12,120972,4,4,0,0,0,7,7,103,0,7,5,2016,7,3,20,1,2,3,1,2,US-19,,99998,28.102,-82.74,0,12,1,0,1,1,0,1,2,1,0,1,0,0,99,99,99,99,88,88,0,0,0,1,1,0
12,120973,1,1,0,0,0,8,8,11,1420,24,4,2016,1,22,18,1,2,1,1,1,I-75,,99998,26.029,-80.351,0,1,0,1,19,1,4,3,3,10,0,10,0,0,99,99,99,99,99,99,0,0,0,3,1,2
12,120974,2,2,0,0,0,3,3,57,0,25,4,2016,2,23,11,1,2,3,1,2,US-301,,99998,27.759,-82.335,0,12,2,0,1,1,0,1,2,1,0,1,0,0,99,99,99,99,99,99,0,0,0,1,1,0
12,120975,1,1,0,0,0,1,1,86,2010,16,5,2016,2,12,45,1,2,1,1,1,I-95,,99998,25.813,-80.206,0,25,0,0,1,1,0,4,1,10,0,10,0,0,99,99,99,99,99,99,0,0,0,1,0,1
12,120977,2,2,0,0,0,2,2,31,1510,10,5,2016,3,19,20,1,2,1,1,1,I-295,,99998,30.19,-81.676,0,12,1,0,1,1,0,1,5,10,0,10,0,0,99,99,99,99,99,99,0,0,0,1,0,2
12,120978,1,1,0,0,0,2,2,57,0,19,5,2016,5,3,20,1,1,1,1,1,I-75,,99998,28.15,-82.387,0,24,0,0,1,1,0,3,2,10,0,10,0,0,99,99,99,99,99,99,0,0,0,1,0,2
12,120979,1,1,0,1,1,1,1,57,0,14,5,2016,7,21,0,1,2,3,1,3,SR-60,,99998,27.938,-82.292,0,8,0,0,1,1,0,1,3,1,0,1,0,0,99,99,99,99,99,99,0,0,0,1,0,2
12,120981,2,2,0,0,0,4,4,9,620,27,4,2016,4,22,37,1,2,1,1,1,I-95,SR-524,99998,28.374,-80.805,0,12,6,1,2,3,0,1,1,1,0,1,0,0,99,99,99,99,99,99,0,0,0,1,0,1
12,120982,1,1,0,1,1,1,1,101,0,12,5,2016,5,21,50,1,1,3,1,2,US-19,,99998,28.224,-82.734,0,8,0,0,1,1,0,1,3,1,0,1,0,0,99,99,99,99,88,88,0,0,0,1,0,0
12,120985,1,1,0,1,1,1,1,9,0,18,5,2016,4,2,18,1,2,3,1,2,US-192,,100,28.079,-80.701,0,8,0,0,1,1,0,1,2,2,0,2,0,0,99,99,99,99,99,99,0,0,0,1,0,1
12,120987,1,1,0,0,0,1,1,127,2190,13,5,2016,6,20,46,1,2,2,1,2,US-1,ART CENTER AVE,99998,29.071,-80.95,0,1,0,1,3,3,0,4,3,1,0,1,0,0,99,99,99,99,99,99,0,0,0,1,0,1
12,120988,2,2,0,0,0,4,4,59,0,23,3,2016,4,6,39,1,1,2,1,2,US-90,SR-81,99998,30.727,-85.937,0,12,6,0,2,2,0,1,1,1,0,1,0,0,99,99,99,99,99,99,0,0,0,1,0,0
12,120989,1,1,0,0,0,1,1,13,0,12,5,2016,5,22,50,1,1,3,1,3,SR-71,,99998,30.203,-85.209,0,32,0,0,1,1,0,4,2,1,0,1,0,0,23,5,23,45,88,88,0,0,0,1,0,2
12,120990,1,1,0,0,0,1,1,59,0,16,5,2016,2,18,15,1,1,3,1,3,SR-81,,99998,30.919,-85.961,0,34,0,0,1,1,0,4,5,1,0,1,0,0,99,99,99,99,99,99,0,0,0,1,0,2
12,120992,2,2,0,0,0,6,6,85,2900,8,5,2016,1,18,45,1,2,3,1,3,SR-76,HANCOCK ST,99998,27.182,-80.253,0,5,0,0,3,2,0,1,1,1,0,1,0,0,99,99,99,99,99,99,0,0,0,1,0,2
12,120993,2,2,0,0,0,2,2,11,1280,29,4,2016,6,13,48,1,2,3,1,3,SR-A1A,,99998,25.976,-80.12,0,12,1,0,1,1,0,1,1,1,0,1,0,0,99,99,99,99,99,99,0,0,0,1,0,1
12,120994,1,1,0,0,0,6,6,3,0,14,5,2016,7,13,8,1,1,1,1,1,I-10,,99998,30.254,-82.413,0,42,0,1,19,1,0,4,1,1,0,1,0,0,99,99,99,99,99,99,0,0,0,4,0,1
12,120998,3,3,0,0,0,4,4,121,0,12,5,2016,5,12,5,1,1,3,1,3,SR-247,228TH TER,99998,30.037,-82.818,0,12,1,0,2,3,0,1,1,1,0,1,0,0,99,99,99,99,99,99,0,0,0,2,0,1
12,121001,1,1,0,1,1,1,1,5,2451,21,5,2016,7,2,15,1,2,3,1,2,US-98,,99998,30.219,-85.862,0,8,0,0,1,1,0,1,3,1,0,1,0,0,99,99,99,99,88,88,0,0,0,1,0,0
12,121003,1,1,0,1,1,1,1,33,0,19,5,2016,5,22,23,1,1,3,1,2,US-29,8935 PENSACOLA BLVD,99998,30.529,-87.275,0,8,0,0,3,3,0,1,2,10,0,10,0,0,99,99,99,99,99,99,0,0,0,1,0,0
12,121004,4,4,0,0,0,7,7,57,0,8,5,2016,1,18,25,1,2,1,1,1,I-275,,99998,27.956,-82.467,0,12,1,0,1,1,0,1,1,1,0,1,0,0,99,99,99,99,88,88,0,0,0,1,0,1
12,121007,2,2,0,0,0,2,2,57,0,9,5,2016,2,0,12,1,2,3,1,2,US-41,,99998,27.898,-82.402,0,12,2,0,1,1,0,1,2,1,0,1,0,0,99,99,99,99,99,99,0,0,0,1,2,0
12,121008,2,2,0,0,0,2,2,53,0,12,5,2016,5,5,18,1,1,3,1,3,SR-50,CR-50,99998,28.541,-82.462,0,12,6,1,2,2,0,1,2,1,0,1,0,0,99,99,99,99,99,99,0,0,0,1,0,0
12,121009,1,1,0,0,0,1,1,17,0,19,4,2016,3,8,43,1,2,3,1,2,US-19,,99998,28.696,-82.552,0,30,0,0,1,1,0,4,1,1,0,1,0,0,99,99,99,99,88,88,0,0,0,1,0,0
12,121010,1,1,0,0,0,1,1,111,0,14,5,2016,7,4,15,1,1,1,1,1,I-95,,99998,27.371,-80.41,0,42,0,0,1,1,0,3,3,1,0,1,0,0,99,99,99,99,88,88,0,0,0,1,0,1
12,121015,2,2,0,0,0,2,2,23,1660,10,5,2016,3,23,58,1,1,1,1,1,I-75,,99998,30.258,-82.749,0,12,6,0,1,1,0,1,2,1,0,1,0,0,99,99,99,99,99,99,0,0,0,1,0,2
12,121018,2,2,0,0,0,3,3,81,0,12,5,2016,5,13,57,1,1,3,1,3,SR-64,RYE RD,99998,27.482,-82.406,0,12,6,0,2,3,0,1,1,1,0,1,0,0,99,99,99,99,99,99,0,0,0,1,0,2
12,121020,1,1,0,0,0,1,1,91,0,20,5,2016,6,3,17,1,1,3,1,3,SR-85,CR-2,99998,30.924,-86.483,0,59,0,0,3,3,0,4,2,10,0,10,0,0,99,99,99,99,88,88,0,0,0,1,0,1
12,121023,1,1,0,1,1,2,2,33,0,14,5,2016,7,15,20,1,2,3,1,3,SR-292,,99998,30.282,-87.517,0,8,0,0,8,1,0,1,1,1,0,1,0,0,99,99,99,99,99,99,0,0,0,1,0,2
12,121025,1,1,0,1,1,1,1,15,0,16,2,2016,3,17,10,1,1,3,1,2,US-41,,32,26.81,-81.957,0,9,0,0,1,1,0,4,1,1,0,1,0,0,99,99,99,99,99,99,0,0,0,1,0,0
12,121029,2,2,0,0,0,2,2,31,1510,12,5,2016,5,3,31,1,2,1,1,1,I-295,,99998,30.17,-81.607,0,12,1,0,1,1,0,1,3,10,0,10,0,0,99,99,99,99,99,99,0,0,0,1,0,2
12,121030,1,1,0,1,1,1,1,131,0,21,5,2016,7,4,45,1,1,3,1,2,US-90,,99998,30.745,-86.309,0,8,0,0,1,1,0,2,2,10,0,10,0,0,99,99,99,99,88,88,0,0,0,1,0,0
12,121031,2,2,0,0,0,3,3,33,0,19,5,2016,5,13,40,1,2,3,1,3,SR-292,ATHENS AVE,99998,30.379,-87.315,0,12,2,0,2,3,0,1,1,1,0,1,0,0,99,99,99,99,99,99,0,0,0,1,0,2
12,121032,1,1,0,0,0,3,3,95,0,24,5,2016,3,13,40,1,1,2,31,3,SR-528,,99998,28.453,-80.951,0,42,0,0,1,1,0,4,1,10,0,10,0,0,99,99,99,99,99,99,0,0,0,1,0,1
12,121034,2,2,0,0,0,2,2,103,1770,12,5,2016,5,18,52,1,2,3,1,2,US-19,8TH AVE,99998,27.909,-82.788,0,12,2,1,2,2,0,1,1,1,0,1,0,0,99,99,99,99,99,99,0,0,0,1,0,0