STATE,ST_CASE,VE_TOTAL,VE_FORMS,PVH_INVL,PEDS,PERNOTMVIT,PERMVIT,PERSONS,COUNTY,CITY,DAY,MONTH,YEAR,DAY_WEEK,HOUR,MINUTE,NHS,RUR_URB,FUNC_SYS,RD_OWNER,ROUTE,TWAY_ID,TWAY_ID2,MILEPT,LATITUDE,LONGITUD,SP_JUR,HARM_EV,MAN_COLL,RELJCT1,RELJCT2,TYP_INT,WRK_ZONE,REL_ROAD,LGT_COND,WEATHER1,WEATHER2,WEATHER,SCH_BUS,RAIL,NOT_HOUR,NOT_MIN,ARR_HOUR,ARR_MIN,HOSP_HR,HOSP_MN,CF1,CF2,CF3,FATALS,DRUNK_DR,RANK
12,121038,2,2,0,0,0,2,2,73,0,17,5,2016,3,22,17,1,1,3,1,2,US-90,,99998,30.503,-84.096,0,12,2,0,1,1,0,1,2,10,0,10,0,0,99,99,99,99,99,99,0,0,0,1,2,0
12,121043,3,3,0,0,0,3,3,11,1420,5,5,2016,5,16,50,1,2,1,1,1,I-95,,99998,26.041,-80.163,0,1,0,1,18,1,0,1,1,1,0,1,0,0,99,99,99,99,88,88,0,0,0,1,0,1
12,121059,1,1,0,0,0,1,1,117,0,22,5,2016,1,12,14,1,2,1,1,1,I-4,,99998,28.709,-81.38,0,1,0,0,1,1,0,1,1,1,0,1,0,0,99,99,99,99,99,99,0,0,0,1,0,1
12,121060,2,2,0,0,0,5,5,109,0,16,5,2016,2,9,55,1,1,3,1,3,SR-13,,99998,30.081,-81.641,0,12,6,0,1,1,0,1,1,10,0,10,0,0,99,99,99,99,88,88,0,0,0,1,0,2
12,121061,1,1,0,1,1,2,2,131,0,21,5,2016,7,1,50,1,2,3,1,2,US-98,,0,30.386,-86.397,0,8,0,0,1,1,0,1,2,1,0,1,0,0,99,99,99,99,88,88,0,0,0,1,0,0
12,121064,2,2,0,0,0,7,7,95,0,24,5,2016,3,11,38,1,1,3,1,3,SR-91,,99998,28.353,-81.385,0,24,0,0,1,1,0,4,1,1,0,1,0,0,99,99,99,99,99,99,0,0,0,2,0,2
12,121065,1,1,0,0,0,1,1,99,3190,29,5,2016,1,23,33,1,2,3,1,3,SR-704,,99998,26.706,-80.065,0,33,0,0,1,1,0,3,3,1,0,1,0,0,99,99,99,99,99,99,0,0,0,1,0,2
12,121068,1,1,0,0,0,2,2,67,0,22,5,2016,1,20,25,1,1,3,1,3,SR-51,,99998,30.087,-83.173,0,1,0,0,1,1,0,4,5,1,0,1,0,0,99,99,99,99,99,99,0,0,0,1,0,2
12,121069,1,1,0,1,1,1,1,83,0,18,5,2016,4,1,15,1,2,3,1,2,US-301,125TH PLACE,99998,29.04,-82.045,0,8,0,0,3,3,0,1,2,2,0,2,0,0,99,99,99,99,88,88,0,0,0,1,0,0
12,121070,3,3,0,0,0,3,3,57,0,28,5,2016,7,16,5,1,2,3,1,2,US-92,PALM DR,99998,27.924,-82.506,0,12,6,0,2,3,0,1,1,1,0,1,0,0,99,99,99,99,99,99,0,0,0,1,0,1
12,121071,2,2,0,0,0,3,3,55,0,27,5,2016,6,18,15,1,2,3,1,2,US-27,JERI KAY LANE,99998,27.493,-81.486,0,12,6,1,2,2,0,1,1,1,0,1,0,0,99,99,99,99,99,99,0,0,0,1,0,0
12,121072,1,1,0,1,1,3,3,33,0,29,5,2016,1,23,50,1,2,3,1,3,SR-292,,99998,30.384,-87.298,0,8,0,0,1,1,0,1,2,1,0,1,0,0,99,99,99,99,99,99,0,0,0,1,0,2
12,121074,2,2,0,0,0,2,2,127,0,12,5,2016,5,12,32,1,1,3,1,3,SR-11,LAKE DIAZ PARK DRIVE,99998,29.171,-81.302,0,12,6,1,2,3,0,1,1,1,0,1,0,0,99,99,99,99,99,99,0,0,0,1,0,2
12,121075,1,1,0,0,0,1,1,127,0,25,5,2016,4,8,1,1,1,3,1,2,US-1,,99998,28.802,-80.877,0,32,0,0,1,1,0,4,1,1,0,1,0,0,99,99,99,99,88,88,0,0,0,1,1,1
12,121079,1,1,0,1,1,1,1,33,0,28,5,2016,7,22,4,1,2,3,1,2,US-90,,99998,30.44,-87.281,0,8,0,0,1,1,0,1,2,1,0,1,0,0,99,99,99,99,88,88,0,0,0,1,0,0
12,121083,2,2,0,0,0,2,2,31,1510,7,5,2016,7,16,30,1,2,3,1,3,SR-21,LAKE GRAY BLVD,99998,30.2,-81.74,0,12,6,0,2,2,0,1,1,1,0,1,0,0,99,99,99,99,99,99,0,0,0,1,0,2
12,121084,3,3,0,0,0,3,3,31,1510,8,5,2016,1,19,2,1,2,1,1,1,I-95,,99998,30.466,-81.648,0,1,0,1,19,1,0,4,1,1,0,1,0,0,99,99,99,99,88,88,0,0,0,1,0,1
12,121088,1,1,0,1,1,1,1,15,0,19,5,2016,5,11,40,1,1,2,1,2,US-17,,99998,26.939,-82.026,0,8,0,0,1,1,0,4,1,1,0,1,0,0,99,99,99,99,99,99,0,0,0,1,0,1
12,121089,2,2,0,0,0,2,2,83,0,28,5,2016,7,15,45,0,1,4,25,4,CR-42,,99998,28.992,-81.808,0,12,2,0,1,1,0,1,1,1,0,1,0,0,99,99,99,99,99,99,0,0,0,1,0,2
12,121090,2,2,0,0,0,10,10,89,0,21,5,2016,7,17,45,1,1,1,1,1,I-95,,99998,30.734,-81.66,0,12,7,0,1,1,0,1,1,1,0,1,0,0,99,99,99,99,99,99,0,0,0,1,0,1
12,121091,2,2,0,0,0,3,3,21,0,24,5,2016,3,8,11,1,2,3,1,2,US-41,CREEKSIDE BLVD,99998,26.269,-81.802,0,12,6,0,2,2,0,1,1,1,0,1,0,0,99,99,99,99,99,99,0,0,0,1,0,0
12,121092,3,3,0,0,0,3,3,101,0,26,5,2016,5,8,48,1,1,3,1,3,SR-54,CR-579,99998,28.219,-82.246,0,12,6,1,2,2,0,1,1,1,0,1,0,0,99,99,99,99,99,99,0,0,0,1,0,2
12,121093,1,1,0,1,1,1,1,95,2360,28,5,2016,7,0,12,1,2,3,1,3,SR-15,,99998,28.481,-81.31,0,8,0,0,1,1,0,1,2,1,0,1,0,0,99,99,99,99,99,99,0,0,0,1,0,0
12,121094,2,2,0,0,0,4,4,51,0,1,5,2016,1,12,21,1,1,3,1,3,SR-80,,99998,26.768,-81.223,0,12,6,0,8,1,0,1,1,1,0,1,0,0,99,99,99,99,99,99,0,0,0,1,0,2
12,121096,3,3,0,0,0,3,3,71,0,26,5,2016,5,5,9,1,1,1,1,1,I-75,,99998,26.532,-81.795,0,12,1,0,1,1,0,1,3,1,0,1,0,0,99,99,99,99,99,99,0,0,0,1,0,2
12,121097,2,2,0,0,0,2,2,103,0,27,5,2016,6,17,30,1,1,3,1,2,US-19,ESTANCIA BLVD,99998,28.029,-82.738,0,12,6,0,2,3,0,1,1,1,0,1,0,0,99,99,99,99,99,99,0,0,0,1,0,0
12,121099,1,1,0,0,0,5,5,111,0,21,5,2016,7,2,37,1,1,3,1,3,SR-91,,99998,27.485,-80.467,0,24,0,0,1,1,0,3,2,1,0,1,0,0,99,99,99,99,99,99,0,0,0,1,0,2
12,121101,2,2,0,0,0,2,2,121,0,29,5,2016,1,17,29,1,1,3,1,2,US-27,CR-137,99998,29.953,-82.81,0,12,2,0,2,3,0,1,1,1,0,1,0,0,99,99,99,99,99,99,0,0,0,1,0,0
12,121108,2,2,0,0,0,3,3,31,1510,25,5,2016,4,14,46,1,2,3,1,3,SR-134,,99998,30.246,-81.869,0,12,1,0,1,1,0,1,1,1,0,1,0,0,99,99,99,99,99,99,0,0,0,1,0,1
12,121109,2,2,0,0,0,6,6,69,0,16,5,2016,2,17,5,1,1,3,1,3,SR-19,,99998,29.011,-81.64,0,12,2,0,1,1,0,1,1,10,0,10,0,0,99,99,99,99,99,99,0,0,0,2,0,2
12,121112,3,3,0,0,0,3,3,101,0,31,5,2016,3,10,16,1,1,3,1,2,US-19,,99998,28.344,-82.699,0,12,6,0,1,1,0,1,1,1,0,1,0,0,99,99,99,99,99,99,0,0,0,1,0,0
12,121114,2,2,0,0,0,3,3,115,0,5,6,2016,1,10,11,1,2,3,1,2,US-41,TAYLOR RANCH TRAIL,99998,27.05,-82.358,0,12,6,0,2,2,0,1,1,1,0,1,0,0,99,99,99,99,99,99,0,0,0,1,0,0
12,121117,1,1,0,0,0,1,1,11,2083,13,5,2016,6,5,28,1,2,2,1,3,SR-821,,99998,25.971,-80.304,0,42,0,0,1,1,0,5,2,1,0,1,0,0,99,99,99,99,88,88,0,0,0,1,0,1
12,121119,2,2,0,0,0,2,2,31,1510,29,5,2016,1,3,25,1,2,3,1,3,SR-105,,99998,30.4,-81.486,0,12,2,0,1,1,0,1,3,1,0,1,0,0,99,99,99,99,99,99,0,0,0,1,2,2
12,121121,2,1,1,0,2,1,3,127,780,31,5,2016,3,18,31,1,2,1,1,1,I-95,,99998,29.159,-81.078,0,18,0,0,1,1,4,4,1,1,0,1,0,0,99,99,99,99,99,99,0,0,0,1,0,1
12,121124,2,2,0,0,0,3,3,127,0,28,5,2016,7,20,37,1,1,2,1,2,US-17,,99998,29.091,-81.329,0,12,2,0,1,1,0,1,2,10,0,10,0,0,99,99,99,99,99,99,0,0,0,2,1,1
12,121126,1,1,0,1,1,1,1,57,2950,27,5,2016,6,17,32,1,2,3,1,2,US-41,,99998,27.966,-82.459,0,8,0,0,1,1,0,1,1,1,0,1,0,0,99,99,99,99,99,99,0,0,0,1,0,0
12,121129,2,2,0,0,0,4,4,99,0,10,2,2016,4,19,5,1,2,3,1,2,US-441,,99998,26.617,-80.205,0,1,0,0,8,1,0,1,3,1,0,1,0,0,99,99,99,99,99,99,0,0,0,1,0,0
12,121132,2,2,0,0,0,2,2,99,290,13,2,2016,7,9,47,0,2,5,1,3,SR-A1A,COQUINA WAY,99998,26.361,-80.07,0,12,6,0,3,2,0,1,1,1,0,1,0,0,99,99,99,99,99,99,0,0,0,1,0,1
12,121134,1,1,0,1,1,1,1,75,0,27,5,2016,6,22,40,1,1,3,1,2,US-19,,99998,29.573,-82.914,0,8,0,0,1,1,0,1,2,10,0,10,0,0,99,99,99,99,88,88,0,0,0,1,0,0
12,121135,1,1,0,0,0,2,2,121,0,6,6,2016,2,20,25,1,1,1,1,1,I-10,,99998,30.292,-82.88,0,34,0,0,1,1,0,4,5,2,0,2,0,0,99,99,99,99,99,99,0,0,0,1,0,1
12,121137,2,2,0,0,0,2,2,127,0,24,5,2016,3,23,48,1,1,3,1,3,SR-46,,99998,28.676,-80.977,0,12,2,0,1,1,0,1,2,1,0,1,0,0,99,99,99,99,99,99,0,0,0,1,0,1
12,121139,1,1,0,0,0,1,1,115,0,31,3,2016,5,14,11,1,2,3,1,2,US-41,,99998,27.047,-82.29,0,42,0,0,1,1,0,4,1,1,0,1,0,0,99,99,99,99,99,99,0,0,0,1,0,0
12,121143,2,2,0,0,0,3,3,99,0,25,2,2016,5,11,14,1,1,3,1,3,SR-80,BENOIST FARMS RD,99998,26.679,-80.174,0,12,6,1,2,2,0,1,1,1,0,1,0,0,99,99,99,99,99,99,0,0,0,1,0,2
12,121144,1,1,0,1,1,2,2,99,2674,25,1,2016,2,20,13,1,2,3,1,3,SR-704,PONCE DE LEON ST,99998,26.707,-80.22,0,9,0,0,3,2,0,1,3,1,0,1,0,0,99,99,99,99,99,99,0,0,0,1,0,2
12,121150,1,1,0,1,1,4,4,35,1020,20,5,2016,6,20,40,1,2,3,1,3,SR-A1A,26TH ST,99998,29.448,-81.112,0,8,0,0,2,3,0,1,2,1,0,1,0,0,99,99,99,99,88,88,0,0,0,1,0,1
12,121152,1,1,0,0,0,1,1,101,0,29,5,2016,1,16,15,1,1,2,1,2,US-19,,99998,28.322,-82.699,0,1,0,0,1,1,0,1,1,1,0,1,0,0,99,99,99,99,99,99,0,0,0,1,0,0
12,121153,1,1,0,0,0,1,1,81,0,3,6,2016,6,3,50,1,1,3,1,2,US-301,,99998,27.643,-82.389,0,32,0,0,1,1,0,4,2,1,0,1,0,0,99,99,99,99,88,88,0,0,0,1,1,0
12,121154,1,1,0,0,0,2,2,11,771,23,5,2016,2,2,40,1,2,1,1,1,I-75,,99998,26.045,-80.352,0,35,0,0,1,1,4,3,2,1,0,1,0,0,99,99,99,99,99,99,0,0,0,1,1,2
12,121157,1,1,0,1,1,3,3,99,0,13,3,2016,1,1,5,1,1,3,1,3,SR-704,,99998,26.707,-80.111,0,8,0,0,1,1,0,1,3,1,0,1,0,0,99,99,99,99,88,88,0,0,0,1,0,2
12,121160,1,1,0,0,0,2,2,73,0,3,6,2016,6,18,4,1,1,1,1,1,I-10,,99998,30.478,-84.091,0,1,0,0,1,1,0,4,1,1,0,1,0,0,99,99,99,99,99,99,0,0,0,1,0,1
12,121163,2,2,0,0,0,3,3,87,0,30,5,2016,2,0,29,1,1,3,1,2,US-1,,99998,24.667,-81.257,0,12,2,0,1,1,0,1,2,1,0,1,0,0,99,99,99,99,99,99,0,0,0,1,0,1
12,121164,3,3,0,0,0,6,6,131,0,1,6,2016,4,17,20,1,2,3,98,2,US-98,,7,30.385,-86.385,0,12,1,0,1,1,0,1,1,10,0,10,0,0,99,99,99,99,99,99,20,0,0,1,0,0
12,121165,2,2,0,0,0,2,2,81,0,2,6,2016,5,12,55,1,1,3,1,3,SR-64,LORRAINE ROAD,99998,27.476,-82.396,0,12,8,0,2,2,0,1,1,1,0,1,0,0,99,99,99,99,88,88,0,0,0,1,0,2
12,121168,1,1,0,1,1,1,1,99,0,22,2,2016,2,21,16,1,2,3,1,2,US-98,,99998,26.682,-80.276,0,8,0,0,1,1,0,1,2,1,0,1,0,0,99,99,99,99,88,88,0,0,0,1,0,0
12,121170,2,2,0,0,0,4,4,23,0,7,6,2016,3,16,30,1,1,1,1,1,I-75,,99998,30.303,-82.791,0,12,7,0,1,1,0,1,1,1,0,1,0,0,99,99,99,99,99,99,0,0,0,1,0,2
12,121173,1,1,0,0,0,1,1,87,0,9,3,2016,4,8,30,1,1,2,1,2,US-1,,99998,24.724,-81.052,0,33,0,0,1,1,0,4,1,1,0,1,0,0,99,99,99,99,99,99,0,0,0,1,0,1
12,121174,2,2,0,0,0,2,2,31,1510,18,3,2016,6,2,14,1,2,1,1,1,I-295,SR-208,99998,30.27,-81.767,0,12,1,1,2,2,0,1,3,2,0,2,0,0,99,99,99,99,99,99,0,0,0,1,1,2
12,121176,1,1,0,1,1,1,1,99,820,1,5,2016,1,0,35,1,2,3,1,2,US-1,LINDELL BLVD,99998,26.425,-80.074,0,8,0,0,2,2,0,1,3,1,0,1,0,0,99,99,99,99,99,99,0,0,0,1,0,1
12,121178,1,1,0,1,1,1,1,99,0,10,2,2016,4,19,30,1,2,3,1,3,SR-809,,99998,26.689,-80.112,0,8,0,0,1,1,0,1,3,10,0,10,0,0,99,99,99,99,88,88,0,0,0,1,0,1
12,121181,3,3,0,0,0,3,3,119,0,10,6,2016,6,5,33,1,1,1,1,1,I-75,,99998,28.886,-82.095,0,24,0,0,1,1,0,4,3,1,0,1,0,0,99,99,99,99,99,99,0,0,0,1,0,2
12,121182,2,2,0,0,0,2,2,57,2540,8,6,2016,4,12,19,1,2,3,1,2,US-92,,99998,28.02,-82.162,0,12,6,0,8,1,0,1,1,1,0,1,0,0,99,99,99,99,99,99,0,0,0,1,0,1
12,121183,1,1,0,0,0,1,1,59,0,4,6,2016,7,6,25,1,1,3,1,2,US-90,,99998,30.79,-85.748,0,42,0,0,1,1,0,5,1,2,0,2,0,0,99,99,99,99,88,88,0,0,0,1,0,0
12,121185,2,2,0,0,0,3,3,11,760,3,6,2016,6,0,50,1,2,1,1,1,I-95,,99998,26.05,-80.162,0,12,1,1,18,1,0,1,3,1,0,1,0,0,99,99,99,99,99,99,0,0,0,1,0,1
12,121186,2,2,0,0,0,2,2,111,0,8,6,2016,4,20,5,1,1,3,1,3,SR-91,,99998,27.548,-80.63,0,12,1,0,1,1,0,1,2,2,0,2,0,0,99,99,99,99,88,88,0,0,0,1,1,2
12,121192,2,2,0,0,0,5,5,39,530,17,3,2016,5,16,27,0,2,4,1,2,US-90,,4,30.705,-84.852,0,12,1,0,4,1,0,1,1,10,0,10,0,0,99,99,99,99,99,99,0,0,0,1,0,0
12,121193,2,2,0,0,0,6,6,101,2180,24,4,2016,1,21,45,1,2,3,1,2,US-19,MARINE PKWY,99998,28.232,-82.73,0,12,1,0,3,2,0,1,3,1,0,1,0,0,99,99,99,99,99,99,0,0,0,1,0,0
12,121194,2,2,0,0,0,2,2,73,0,6,6,2016,2,10,10,1,1,1,1,1,I-10,,99998,30.499,-84.216,0,12,6,0,1,1,0,1,1,2,0,2,0,0,99,99,99,99,99,99,0,0,0,1,0,1
12,121196,1,1,0,0,0,2,2,31,1510,8,6,2016,4,16,0,1,2,1,1,1,I-295,,99998,30.26,-81.764,0,42,0,0,1,1,0,4,1,10,0,10,0,0,99,99,99,99,99,99,0,0,0,1,1,2
12,121199,1,1,0,0,0,2,2,31,1510,13,6,2016,2,9,55,1,2,1,1,1,I-95,,99998,30.328,-81.677,0,25,0,0,1,1,0,3,1,1,0,1,0,0,99,99,99,99,99,99,0,0,0,1,0,1
12,121200,2,2,0,0,0,3,3,31,1510,5,6,2016,1,18,29,1,2,1,1,1,I-95,,99998,30.404,-81.661,0,12,6,0,1,1,0,1,5,2,0,2,0,0,99,99,99,99,99,99,19,23,0,1,0,1
12,121202,1,1,0,0,0,2,2,61,3070,1,6,2016,4,16,43,1,2,3,1,3,SR-60,10TH AVE,99998,27.638,-80.393,0,33,0,0,3,2,0,4,1,1,0,1,0,0,99,99,99,99,99,99,0,0,0,1,0,2
12,121205,2,2,0,0,0,2,2,31,110,29,5,2016,1,22,16,1,2,3,1,3,SR-A1A,10TH STREET,99998,30.331,-81.417,0,12,6,0,2,3,0,1,3,1,0,1,0,0,99,99,99,99,99,99,0,0,0,1,1,1
12,121206,1,1,0,1,1,1,1,71,0,7,6,2016,3,21,25,1,2,3,1,2,US-41,COMMONS WAY,99998,26.428,-81.811,0,8,0,1,3,3,0,1,2,1,0,1,0,0,99,99,99,99,88,88,0,0,0,1,0,0
12,121209,2,2,0,0,0,3,3,105,0,21,5,2016,7,0,52,1,2,3,1,2,US-92,COMBEE RD,99998,28.048,-81.908,0,12,1,0,3,2,0,1,3,2,0,2,0,0,99,99,99,99,88,88,0,0,0,1,1,1
12,121210,1,1,0,1,1,1,1,101,0,27,5,2016,6,22,43,1,1,2,1,2,US-19,,99998,28.324,-82.699,0,8,0,0,1,1,0,1,3,1,0,1,0,0,99,99,99,99,99,99,0,0,0,1,0,0
12,121214,1,1,0,0,0,1,1,101,0,2,6,2016,5,10,51,1,1,3,1,3,SR-52,,99998,28.332,-82.634,0,33,0,0,1,1,0,4,1,1,0,1,0,0,10,52,10,56,99,99,0,0,0,1,0,0
12,121217,1,1,0,0,0,1,1,57,0,8,6,2016,4,1,14,1,2,1,1,1,I-275,,99998,27.955,-82.462,0,25,0,0,1,1,4,3,3,10,0,10,0,0,99,99,99,99,88,88,0,0,0,1,0,1
12,121218,1,1,0,0,0,2,2,11,1420,6,6,2016,2,3,17,1,1,3,1,3,SR-91,,99998,26.008,-80.214,0,59,0,1,19,1,0,8,3,1,0,1,0,0,99,99,99,99,99,99,0,0,0,1,1,2
12,121219,2,2,0,0,0,3,3,83,0,13,4,2016,4,13,0,1,1,3,1,2,US-27,,99998,29.238,-82.278,0,12,1,0,1,1,0,1,1,1,0,1,0,0,99,99,99,99,99,99,0,0,0,1,1,0
12,121220,1,1,0,1,1,1,1,101,0,4,6,2016,7,0,40,1,2,3,1,2,US-19,,99998,28.366,-82.692,0,8,0,0,99,1,0,1,3,10,0,10,0,0,99,99,99,99,99,99,0,0,0,1,0,0
12,121221,1,1,0,0,0,3,3,39,0,6,6,2016,2,12,50,1,1,2,1,2,US-90,,99998,30.517,-84.465,0,42,0,0,1,1,0,4,1,2,0,2,0,0,99,99,99,99,99,99,0,0,0,1,0,0
12,121222,1,1,0,1,1,1,1,117,0,30,5,2016,2,1,20,1,2,3,1,3,SR-436,,99998,28.672,-81.455,0,8,0,0,1,1,0,1,2,1,0,1,0,0,99,99,99,99,99,99,0,0,0,1,0,2
12,121224,2,2,0,0,0,3,3,1,0,26,5,2016,5,20,30,1,2,1,1,1,I-75,,99998,29.642,-82.404,0,12,1,0,1,1,0,1,2,1,0,1,0,0,99,99,99,99,88,88,0,0,0,1,1,2
12,121225,1,1,0,1,1,1,1,115,2235,14,6,2016,3,6,5,1,2,3,1,3,SR-45,,99998,27.043,-82.235,0,9,0,0,1,1,0,2,2,1,0,1,0,0,99,99,99,99,88,88,0,0,0,1,0,0
12,121233,1,1,0,1,1,2,2,11,0,20,5,2016,6,0,35,1,1,3,1,3,SR-821,,99998,25.972,-80.251,0,8,0,1,18,1,0,1,3,1,0,1,0,0,99,99,99,99,99,99,0,0,0,1,0,1
12,121234,2,2,0,1,1,3,3,105,1110,6,6,2016,2,5,25,1,2,3,1,2,US-27,CHARLES ST,99998,27.712,-81.561,0,8,0,0,2,2,0,1,2,10,0,10,0,0,99,99,99,99,88,88,0,0,0,1,0,0
12,121238,1,1,0,1,1,1,1,86,2020,10,6,2016,6,10,56,1,2,3,1,3,SR-A1A,MERIDIAN AVE,99998,25.774,-80.136,0,8,0,0,3,2,0,1,1,1,0,1,0,0,99,99,99,99,99,99,0,0,0,1,0,1
12,121240,2,2,0,0,0,2,2,85,0,5,6,2016,1,4,38,1,1,1,1,1,I-95,,99998,27.009,-80.211,0,12,1,0,1,1,0,1,2,1,0,1,0,0,99,99,99,99,88,88,0,0,0,1,0,1
12,121241,2,2,0,0,0,3,3,17,0,8,6,2016,4,21,17,1,2,3,1,2,US-41,COUNTRY CLUB WAY,99998,28.998,-82.443,0,12,6,0,2,2,0,1,3,1,0,1,0,0,99,99,99,99,99,99,0,0,0,1,1,0
12,121243,1,1,0,1,1,2,2,23,0,16,6,2016,5,16,54,1,1,2,1,2,US-90,,99998,30.186,-82.593,0,9,0,0,1,1,0,1,1,10,0,10,0,0,99,99,99,99,88,88,0,0,0,1,0,0
12,121244,2,2,0,0,0,2,2,63,0,14,6,2016,3,15,15,1,1,3,1,2,US-231,GREEN CIRCLE PKWY,99998,30.734,-85.387,0,12,1,0,2,3,0,1,1,10,0,10,0,0,99,99,99,99,99,99,0,0,0,1,0,0
12,121246,5,5,0,0,0,5,5,101,0,8,6,2016,4,17,25,1,1,1,1,1,I-75,,99998,28.228,-82.361,0,12,1,0,1,1,0,1,1,1,0,1,0,0,99,99,99,99,99,99,0,0,0,1,0,2
12,121249,2,2,0,1,1,3,3,105,0,20,5,2016,6,22,8,1,2,3,1,2,US-92,,99998,28.058,-81.813,0,12,1,0,1,1,0,1,2,2,0,2,0,0,99,99,99,99,88,88,0,0,0,1,0,1
12,121250,1,1,0,1,1,2,2,105,1690,15,6,2016,4,16,59,1,2,3,1,2,US-98,4600 US-98,99998,27.981,-81.889,0,8,0,1,3,3,0,1,1,1,0,1,0,0,99,99,99,99,88,88,0,0,0,1,0,0
12,121259,3,3,0,0,0,6,6,69,1630,15,6,2016,4,18,27,1,2,3,1,2,US-441,MCCLENDON ST,99998,28.916,-81.922,0,12,1,0,3,2,0,1,1,1,0,1,0,0,99,99,99,99,99,99,28,0,0,1,0,0
12,121262,2,2,0,0,0,2,2,57,0,15,6,2016,4,23,34,1,2,3,1,3,SR-60,LIMONA RD,99998,27.938,-82.304,0,12,6,0,2,3,0,1,3,1,0,1,0,0,99,99,99,99,99,99,0,0,0,1,1,2
12,121263,1,1,0,1,1,1,1,105,0,3,3,2016,5,15,7,1,2,3,1,2,US-27,LUCERNE PARK RD,99998,28.081,-81.65,0,8,0,0,1,1,0,1,1,1,0,1,0,0,99,99,99,99,88,88,0,0,0,1,0,0
12,121266,1,1,0,1,1,1,1,86,2023,7,5,2016,7,6,10,1,2,3,1,2,US-441,,99998,25.944,-80.205,0,8,0,0,1,1,0,1,3,1,0,1,0,0,99,99,99,99,88,88,0,0,0,1,0,0
12,121268,1,1,0,1,1,1,1,11,2083,3,6,2016,6,0,0,1,2,3,1,3,SR-7,,99998,25.982,-80.207,0,8,0,0,1,1,0,1,3,1,0,1,0,0,99,99,99,99,88,88,0,0,0,1,0,2
12,121270,2,2,0,0,0,9,9,99,1560,30,4,2016,7,21,30,1,2,1,1,1,I-95,,99998,26.934,-80.15,0,25,0,0,1,1,0,3,2,1,0,1,0,0,99,99,99,99,99,99,0,0,0,6,0,1
12,121273,3,1,2,2,3,1,2,86,2010,19,6,2016,1,18,50,1,2,3,1,3,SR-826,,99998,25.925,-80.289,0,14,0,0,1,1,0,4,5,2,0,2,0,0,99,99,99,99,99,99,19,0,0,1,1,2
12,121274,1,1,0,1,1,2,2,81,0,15,6,2016,4,7,23,1,2,3,1,2,US-41,60TH AVE W,99998,27.435,-82.575,0,8,0,0,2,2,0,1,1,1,0,1,0,0,99,99,99,99,99,99,0,0,0,1,0,0
12,121275,2,2,0,0,0,2,2,31,1510,11,6,2016,7,8,41,1,2,3,1,3,SR-105,NEW BERLIN RD,99998,30.412,-81.567,0,12,1,0,3,2,0,1,1,1,0,1,0,0,99,99,99,99,88,88,0,0,0,1,0,2
12,121276,2,2,0,0,0,2,2,11,771,9,6,2016,5,3,16,1,2,3,1,3,SR-817,S UNIVERSITY DR,99998,26.097,-80.251,0,12,6,0,2,2,0,1,3,10,0,10,0,0,99,99,99,99,99,99,0,0,0,1,1,2
12,121280,1,1,0,0,0,1,1,75,0,6,6,2016,2,13,8,1,1,3,1,2,US-19,135TH LN,99998,29.527,-82.886,0,59,0,1,3,2,0,3,1,2,0,2,0,0,99,99,99,99,99,99,0,0,0,1,0,0
12,121281,4,4,0,0,0,4,4,11,2570,13,6,2016,2,11,25,1,2,3,1,2,US-1,,99998,26.296,-80.094,0,33,0,0,1,1,0,3,1,1,0,1,0,0,99,99,99,99,99,99,0,0,0,1,0,1
12,121282,1,1,0,1,1,1,1,83,2270,14,6,2016,3,12,12,1,2,3,1,3,SR-200,44TH CT,99998,29.141,-82.195,0,15,0,0,3,2,0,1,1,1,0,1,0,0,99,99,99,99,88,88,0,0,0,1,0,1
12,121283,1,1,0,0,0,1,1,9,3000,13,6,2016,2,15,44,1,2,3,1,2,US-1,HARRISON ST,99998,28.585,-80.801,0,5,0,0,3,3,0,3,1,1,0,1,0,0,99,99,99,99,88,88,27,0,0,1,0,1
12,121287,2,2,0,0,0,3,3,35,0,11,6,2016,7,14,5,1,1,3,1,3,SR-100,CR-305,99998,29.482,-81.372,0,12,6,0,2,3,0,1,1,1,0,1,0,0,99,99,99,99,88,88,0,0,0,1,0,1
12,121288,1,1,0,1,1,1,1,101,0,30,5,2016,2,21,42,1,1,3,1,2,US-19,WINSOR MILL RD,99998,28.361,-82.696,0,9,0,0,8,1,0,1,3,1,0,1,0,0,21,45,21,49,99,99,0,0,0,1,0,0
12,121291,1,1,0,1,1,1,1,11,2541,30,5,2016,2,5,12,1,2,3,1,3,SR-817,SUNRISE BLVD,99998,26.148,-80.257,0,9,0,0,2,2,0,1,3,1,0,1,0,0,99,99,99,99,88,88,0,0,0,1,0,2
12,121295,1,1,0,0,0,2,2,3,1860,6,6,2016,2,13,14,1,2,1,1,1,I-10,,99998,30.259,-82.13,0,31,0,0,1,1,0,5,1,2,0,2,0,0,99,99,99,99,99,99,0,0,0,1,0,1
12,121296,1,1,0,0,0,1,1,11,771,19,6,2016,1,1,0,1,2,3,1,3,SR-84,DAVIE ROAD,99998,26.094,-80.227,0,25,0,0,3,2,0,4,3,1,0,1,0,0,99,99,99,99,88,88,0,0,0,1,1,2