STATE,ST_CASE,VE_TOTAL,VE_FORMS,PVH_INVL,PEDS,PERNOTMVIT,PERMVIT,PERSONS,COUNTY,CITY,DAY,MONTH,YEAR,DAY_WEEK,HOUR,MINUTE,NHS,RUR_URB,FUNC_SYS,RD_OWNER,ROUTE,TWAY_ID,TWAY_ID2,MILEPT,LATITUDE,LONGITUD,SP_JUR,HARM_EV,MAN_COLL,RELJCT1,RELJCT2,TYP_INT,WRK_ZONE,REL_ROAD,LGT_COND,WEATHER1,WEATHER2,WEATHER,SCH_BUS,RAIL,NOT_HOUR,NOT_MIN,ARR_HOUR,ARR_MIN,HOSP_HR,HOSP_MN,CF1,CF2,CF3,FATALS,DRUNK_DR,RANK
12,121297,2,1,1,2,2,1,1,11,790,2,6,2016,5,23,55,1,2,1,1,1,I-95,,99998,26.275,-80.125,0,8,0,0,1,1,0,1,3,1,0,1,0,0,99,99,99,99,99,99,23,0,0,2,0,1
12,121298,1,1,0,0,0,6,6,97,0,20,6,2016,2,6,58,1,1,1,1,1,I-4,,99998,28.269,-81.606,0,1,0,0,1,1,0,1,1,10,0,10,0,0,99,99,99,99,99,99,0,0,0,1,0,1
12,121299,2,2,0,1,1,2,2,9,0,22,6,2016,4,21,45,1,2,3,1,2,US-1,,99998,28.477,-80.769,0,8,0,0,1,1,0,1,2,1,0,1,0,0,99,99,99,99,88,88,0,0,0,1,0,1
12,121302,1,1,0,1,1,1,1,1,0,17,6,2016,6,21,59,1,1,3,1,2,US-27,,99998,29.647,-82.607,0,8,0,0,1,1,0,1,2,1,0,1,0,0,99,99,99,99,99,99,0,0,0,1,0,0
12,121303,2,2,0,0,0,3,3,81,0,16,6,2016,5,20,24,1,2,3,1,2,US-41,,99998,27.545,-82.564,0,12,6,0,8,1,0,1,5,1,0,1,0,0,99,99,99,99,99,99,0,0,0,1,0,0
12,121308,1,1,0,0,0,1,1,97,0,2,6,2016,5,3,40,1,1,3,1,3,SR-91,,99998,28.308,-81.365,0,42,0,0,1,1,0,5,2,1,0,1,0,0,99,99,99,99,88,88,0,0,0,1,1,2
12,121316,1,1,0,0,0,1,1,99,2674,6,6,2016,2,2,57,1,2,3,1,3,SR-704,,99998,26.709,-80.215,0,42,0,0,1,1,0,3,2,10,0,10,0,0,99,99,99,99,88,88,0,0,0,1,1,2
12,121319,2,2,0,0,0,2,2,99,0,1,6,2016,4,21,55,1,1,3,1,3,SR-809,LAGUNA LN,99998,26.746,-80.109,0,12,6,0,2,2,0,1,2,1,0,1,0,0,99,99,99,99,99,99,0,0,0,1,1,1
12,121324,1,1,0,0,0,1,1,65,0,16,6,2016,5,2,0,1,1,3,1,3,SR-59,,99998,30.374,-84.001,0,1,0,0,1,1,4,4,2,10,0,10,0,0,99,99,99,99,88,88,0,0,0,1,1,2
12,121325,1,1,0,0,0,1,1,79,0,19,6,2016,1,12,0,1,1,2,1,2,US-90,,99998,30.492,-83.711,0,18,0,0,1,1,4,4,1,1,0,1,0,0,99,99,99,99,88,88,0,0,0,1,1,0
12,121326,2,2,0,0,0,2,2,7,0,24,6,2016,6,18,33,1,1,3,1,3,SR-21,,99998,29.753,-82.056,0,12,1,0,1,1,0,1,1,1,0,1,0,0,99,99,99,99,99,99,0,0,0,1,0,2
12,121328,1,1,0,1,1,2,2,86,0,5,6,2016,1,7,47,1,2,3,1,3,SR-976,,99998,25.732,-80.366,0,9,0,0,1,1,0,4,1,1,0,1,0,0,99,99,99,99,88,88,0,0,0,1,1,2
12,121331,2,2,0,0,0,2,2,133,0,25,6,2016,7,21,10,1,1,3,1,3,SR-79,,99998,30.549,-85.825,0,12,1,0,1,1,0,1,2,1,0,1,0,0,99,99,99,99,99,99,0,0,0,1,1,1
12,121333,1,1,0,1,1,3,3,97,0,21,6,2016,3,1,50,1,2,3,1,2,US-192,SEVEN DWARFS LN,99998,28.326,-81.471,0,8,0,0,1,1,0,1,3,1,0,1,0,0,99,99,99,99,88,88,0,0,0,1,0,1
12,121336,1,1,0,0,0,1,1,115,0,24,6,2016,6,11,45,1,1,1,1,1,I-75,,99998,27.268,-82.449,0,24,0,0,1,1,0,4,1,1,0,1,0,0,99,99,99,99,88,88,0,0,0,1,0,2
12,121337,7,7,0,0,0,11,11,105,1690,21,6,2016,3,7,55,1,2,1,1,1,I-4,,99998,28.165,-81.778,0,12,7,0,1,1,0,1,1,1,0,1,0,0,99,99,99,99,99,99,14,0,0,4,0,1
12,121338,1,1,0,0,0,1,1,57,0,24,6,2016,6,1,20,1,2,1,1,1,I-275,,99998,28.091,-82.455,0,25,0,0,1,1,0,4,3,1,0,1,0,0,99,99,99,99,88,88,0,0,0,1,0,1
12,121339,1,1,0,1,1,1,1,107,0,21,6,2016,3,21,52,1,1,2,1,2,US-17,,99998,29.635,-81.589,0,8,0,0,1,1,0,1,2,1,0,1,0,0,99,99,99,99,99,99,0,0,0,1,0,1
12,121342,1,1,0,1,1,2,2,87,1568,23,6,2016,5,16,35,1,2,3,1,3,SR-5,,99998,25.078,-80.459,0,8,0,0,1,1,0,1,1,1,0,1,0,0,99,99,99,99,99,99,0,0,0,1,0,1
12,121345,1,1,0,0,0,2,2,29,0,25,6,2016,7,19,12,1,1,3,1,3,SR-349,,99998,29.792,-82.973,0,42,0,0,1,1,0,5,1,1,0,1,0,0,99,99,99,99,99,99,0,0,0,1,0,2
12,121353,2,2,0,0,0,2,2,23,0,27,6,2016,2,3,51,1,1,3,1,3,SR-100,,99998,30.109,-82.492,0,12,2,0,1,1,0,1,2,1,0,1,0,0,99,99,99,99,99,99,0,0,0,1,0,1
12,121355,1,1,0,0,0,1,1,105,0,27,5,2016,6,13,21,1,1,3,98,2,US-98,,99998,27.748,-81.752,0,42,0,0,1,1,0,4,1,1,0,1,0,0,99,99,99,99,99,99,0,0,0,1,1,0
12,121358,2,2,0,0,0,2,2,1,1130,30,6,2016,5,20,39,1,2,3,1,3,SR-20,21ST ST,99998,29.647,-82.298,0,12,6,0,2,2,0,1,5,1,0,1,0,0,99,99,99,99,88,88,0,0,0,1,0,2
12,121359,2,2,0,0,0,3,3,9,0,2,7,2016,7,15,13,1,2,3,1,2,US-1,CANAVERAL GROVES BLVD,99998,28.432,-80.76,0,12,2,1,2,2,0,1,1,1,0,1,0,0,99,99,99,99,99,99,0,0,0,1,0,1
12,121360,1,1,0,0,0,1,1,9,620,24,4,2016,1,3,0,1,2,3,1,3,SR-520,,99998,28.356,-80.731,0,39,0,0,1,1,0,4,3,1,0,1,0,0,99,99,99,99,88,88,0,0,0,1,1,2
12,121368,1,1,0,0,0,1,1,105,0,7,6,2016,3,12,30,1,1,3,1,2,US-17,,99998,27.665,-81.823,0,38,0,0,1,1,0,5,1,1,0,1,0,0,99,99,99,99,88,88,0,0,0,1,0,1
12,121372,1,1,0,0,0,1,1,86,2220,19,6,2016,1,4,56,1,2,1,1,1,I-95,,99998,25.869,-80.209,0,25,0,0,1,1,0,3,3,10,0,10,0,0,99,99,99,99,88,88,0,0,0,1,1,1
12,121373,2,2,0,0,0,2,2,93,0,28,6,2016,3,6,9,1,1,3,1,3,SR-70,SE 128TH AVE,185,27.291,-80.697,0,12,6,1,2,2,4,1,4,1,0,1,0,0,99,99,99,99,99,99,0,0,0,1,1,2
12,121374,1,1,0,0,0,4,4,97,0,26,6,2016,1,9,11,1,1,3,1,3,SR-91,,99998,27.94,-81.076,0,1,0,0,1,1,0,1,1,10,0,10,0,0,99,99,99,99,99,99,0,0,0,1,0,2
12,121375,1,1,0,1,1,1,1,37,0,25,6,2016,7,4,40,1,1,3,1,3,SR-30,,99998,29.871,-84.611,0,8,0,0,1,1,0,1,2,1,0,1,0,0,99,99,99,99,88,88,0,0,0,1,0,1
12,121376,2,2,0,0,0,3,3,13,0,16,6,2016,5,23,0,1,1,3,98,3,SR-20,,99998,30.427,-85.114,0,12,2,0,1,1,0,1,2,1,0,1,0,0,99,99,99,99,99,99,0,0,0,1,0,2
12,121377,1,1,0,0,0,1,1,86,0,24,6,2016,6,4,26,1,2,3,1,3,SR-94,SW 82 AVE,99998,25.688,-80.327,0,30,0,0,3,3,0,4,3,10,0,10,0,0,99,99,99,99,88,88,0,0,0,1,1,2
12,121379,2,2,0,0,0,4,4,57,2950,3,7,2016,1,1,4,1,2,3,1,3,SR-60,,99998,27.967,-82.568,0,12,1,0,1,1,0,1,3,1,0,1,0,0,99,99,99,99,99,99,0,0,0,1,0,2
12,121380,1,1,0,1,1,1,1,103,2730,28,6,2016,3,21,35,1,2,3,1,2,US-19,,99998,27.802,-82.679,0,8,0,0,1,1,0,1,3,1,0,1,0,0,99,99,99,99,88,88,0,0,0,1,0,0
12,121388,2,2,0,0,0,2,2,57,0,12,6,2016,1,21,48,1,2,2,1,1,I-75,,99998,27.892,-82.349,0,12,1,0,1,1,0,2,2,10,0,10,0,0,99,99,99,99,88,88,0,0,0,1,0,2
12,121389,2,2,0,0,0,3,3,59,0,3,7,2016,1,11,38,1,1,1,1,1,I-10,,99998,30.761,-85.73,0,12,7,0,1,1,0,1,1,10,0,10,0,0,99,99,99,99,99,99,0,0,0,1,0,1
12,121390,2,2,0,0,0,36,36,129,0,2,7,2016,7,5,16,1,1,3,1,2,US-98,SR-363,99998,30.191,-84.216,0,12,6,0,2,2,0,1,3,1,0,1,0,0,99,99,99,99,99,99,0,0,0,4,0,1
12,121391,4,4,0,0,0,8,8,87,1505,27,6,2016,2,19,52,1,2,3,1,2,US-1,,99998,24.955,-80.582,0,12,2,0,1,1,0,1,2,10,0,10,0,0,99,99,99,99,99,99,14,0,0,1,1,1
12,121392,2,1,1,0,1,2,3,119,0,2,7,2016,7,9,50,1,1,1,1,1,I-75,,99998,28.63,-82.171,0,45,0,0,1,1,4,2,1,1,0,1,0,0,99,99,99,99,99,99,0,0,0,1,0,2
12,121396,2,2,0,0,0,2,2,83,0,2,7,2016,7,15,56,1,1,3,1,2,US-441,,99998,29.139,-82.11,0,12,6,0,4,1,0,1,1,1,0,1,0,0,99,99,99,99,99,99,0,0,0,1,0,0
12,121397,2,2,0,0,0,2,2,81,0,27,5,2016,6,9,2,0,1,4,25,4,CR-6,I-75,99998,27.601,-82.501,0,12,6,1,5,1,0,1,1,1,0,1,0,0,99,99,99,99,88,88,0,0,0,1,0,2
12,121399,4,4,0,0,0,7,7,57,0,2,7,2016,7,5,40,1,2,3,1,2,US-301,,99998,28.08,-82.285,0,12,2,0,1,1,0,1,2,1,0,1,0,0,99,99,99,99,99,99,0,0,0,3,1,1
12,121403,1,1,0,1,1,1,1,57,2950,29,6,2016,4,19,15,1,2,1,1,1,I-275,,99998,27.932,-82.576,0,9,0,0,1,1,0,2,1,1,0,1,0,0,99,99,99,99,88,88,0,0,0,1,1,2
12,121404,2,2,0,0,0,5,5,103,0,1,7,2016,6,21,40,1,1,1,1,1,I-275,,99998,27.915,-82.619,0,12,7,0,1,1,0,1,3,1,0,1,0,0,99,99,99,99,99,99,0,0,0,3,1,2
12,121405,2,2,0,0,0,8,8,63,0,2,7,2016,7,4,30,1,1,1,1,1,I-10,,99998,30.722,-85.194,0,12,1,0,1,1,0,1,2,1,0,1,0,0,99,99,99,99,88,88,0,0,0,2,0,1
12,121406,4,4,0,0,0,4,4,9,0,30,6,2016,5,9,20,1,1,1,1,1,I-95,,99998,28.035,-80.656,0,24,0,0,1,1,0,3,1,1,0,1,0,0,99,99,99,99,99,99,14,0,0,1,0,1
12,121412,4,4,0,0,0,4,4,31,1510,29,6,2016,4,6,40,1,2,1,1,1,I-95,,99998,30.347,-81.668,0,12,1,0,1,1,0,1,1,10,0,10,0,0,99,99,99,99,99,99,0,0,0,1,0,1
12,121415,1,1,0,0,0,1,1,1,1130,10,7,2016,1,1,36,1,2,3,1,3,SR-26,,99998,29.652,-82.373,0,33,0,0,1,1,0,3,3,1,0,1,0,0,99,99,99,99,99,99,0,0,0,1,0,1
12,121417,2,2,0,0,0,3,3,93,0,5,7,2016,3,6,15,1,1,3,1,3,SR-70,,173,27.279,-80.713,0,12,2,0,1,1,4,2,4,1,0,1,0,0,99,99,99,99,99,99,0,0,0,1,0,1
12,121418,1,1,0,0,0,2,2,99,0,18,6,2016,7,11,58,1,2,1,1,1,I-95,,99998,26.706,-80.079,0,1,0,1,19,1,0,4,1,1,0,1,0,0,99,99,99,99,99,99,0,0,0,1,0,1
12,121419,2,2,0,0,0,9,9,23,0,9,7,2016,7,10,30,1,1,1,1,1,I-75,,99998,30.015,-82.608,0,12,6,0,1,1,0,1,1,1,0,1,0,0,99,99,99,99,99,99,0,0,0,1,0,2
12,121420,1,1,0,1,1,1,1,71,0,16,6,2016,5,22,46,1,1,3,1,3,SR-78,,99998,26.686,-81.869,0,8,0,0,1,1,0,1,2,1,0,1,0,0,99,99,99,99,88,88,0,0,0,1,0,1
12,121427,3,3,0,0,0,3,3,11,1420,14,5,2016,7,18,2,1,2,3,1,3,SR-7,,99998,25.987,-80.207,0,12,2,0,1,1,0,1,1,1,0,1,0,0,99,99,99,99,99,99,0,0,0,1,0,2
12,121428,1,1,0,1,1,1,1,11,3250,10,6,2016,6,3,2,1,2,3,1,2,US-1,,99998,26.09,-80.137,0,8,0,0,1,1,0,1,3,1,0,1,0,0,99,99,99,99,88,88,0,0,0,1,0,1
12,121431,1,1,0,1,1,4,4,81,3148,2,7,2016,7,13,45,1,2,3,1,3,SR-45,,99998,27.481,-82.575,0,8,0,0,1,1,0,1,1,1,0,1,0,0,99,99,99,99,99,99,0,0,0,1,0,0
12,121432,1,1,0,1,1,2,2,75,0,4,7,2016,2,12,50,1,1,3,1,3,SR-24,,99998,29.482,-82.599,0,9,0,0,1,1,0,4,1,1,0,1,0,0,99,99,99,99,99,99,0,0,0,1,0,2
12,121435,1,1,0,0,0,2,2,11,1050,21,6,2016,3,23,23,1,2,1,1,1,I-95,,99998,26.136,-80.17,0,30,0,1,19,1,0,4,3,2,0,2,0,0,99,99,99,99,99,99,0,0,0,1,0,1
12,121436,3,3,0,0,0,7,7,86,0,11,7,2016,2,7,58,1,2,1,1,1,I-95,,99998,25.913,-80.21,0,12,6,0,1,1,0,1,1,10,0,10,0,0,99,99,99,99,99,99,0,0,0,2,0,1
12,121445,3,3,0,0,0,3,3,57,0,5,7,2016,3,7,27,1,2,3,1,3,SR-60,,99998,27.938,-82.28,0,12,7,0,1,1,0,1,1,1,0,1,0,0,99,99,99,99,99,99,0,0,0,1,0,2
12,121447,3,3,0,0,0,3,3,57,0,8,7,2016,6,17,1,1,2,1,1,1,I-75,,99998,28.042,-82.351,0,12,1,0,1,1,0,1,1,1,0,1,0,0,99,99,99,99,99,99,0,0,0,1,0,2
12,121448,3,3,0,0,0,8,8,75,0,2,7,2016,7,16,20,1,1,3,1,3,SR-24,96TH PLACE,99998,29.474,-82.609,0,12,1,0,3,3,0,1,1,1,0,1,0,0,99,99,99,99,99,99,0,0,0,2,0,2
12,121449,1,1,0,1,1,1,1,71,0,8,7,2016,6,1,36,1,1,1,1,1,I-75,SR-80,99998,26.689,-81.799,0,9,0,1,3,3,0,1,3,1,0,1,0,0,99,99,99,99,99,99,0,0,0,1,0,2
12,121451,1,1,0,0,0,2,2,86,0,8,6,2016,4,11,35,1,2,2,1,3,SR-821,,99998,25.644,-80.386,0,25,0,0,1,1,0,3,1,10,0,10,0,0,99,99,99,99,99,99,0,0,0,1,0,1
12,121455,1,1,0,1,1,3,3,91,835,11,7,2016,2,21,24,1,2,3,98,2,US-98,PALMETTO ST,99998,30.395,-86.508,0,8,0,0,3,2,0,1,3,1,0,1,0,0,99,99,99,99,99,99,0,0,0,1,0,0
12,121458,2,2,0,0,0,3,3,17,0,6,7,2016,4,11,4,1,1,3,1,2,US-41,CITRUS SPRINGS BLVD,99998,29.013,-82.454,0,12,2,0,2,2,0,1,1,1,0,1,0,0,99,99,99,99,99,99,0,0,0,1,0,0
12,121459,1,1,0,1,1,1,1,17,0,7,7,2016,5,7,50,1,1,3,1,2,US-19,,99998,29.024,-82.669,0,8,0,0,1,1,0,1,1,1,0,1,0,0,99,99,99,99,88,88,0,0,0,1,0,0
12,121460,2,2,0,0,0,4,4,105,1690,9,7,2016,7,23,36,1,2,3,1,2,US-98,,99998,28.106,-81.974,0,59,0,0,1,1,0,3,3,1,0,1,0,0,99,99,99,99,99,99,0,0,0,3,1,1
12,121463,1,1,0,0,0,2,2,105,0,20,6,2016,2,17,0,1,1,3,1,3,SR-33,,99998,28.18,-81.847,0,1,0,0,1,1,0,4,1,1,0,1,0,0,99,99,99,99,88,88,0,0,0,2,0,1
12,121469,1,1,0,1,1,1,1,107,0,5,7,2016,3,13,25,1,1,3,1,2,US-17,MAIN ST,99998,29.497,-81.595,0,9,0,0,3,2,0,1,1,10,0,10,0,0,99,99,99,99,99,99,0,0,0,1,0,1
12,121474,1,1,0,0,0,1,1,55,0,3,7,2016,1,3,50,1,1,2,1,2,US-98,,99998,27.434,-81.355,0,32,0,0,1,1,0,5,2,1,0,1,0,0,99,99,99,99,99,99,0,0,0,1,1,0
12,121480,2,2,0,0,0,3,3,9,0,6,7,2016,4,16,50,1,1,1,1,1,I-95,,99998,28.286,-80.735,0,12,1,0,1,1,0,1,1,1,0,1,0,0,99,99,99,99,99,99,0,0,0,1,0,1
12,121490,3,3,0,0,0,3,3,53,0,1,6,2016,4,12,0,1,1,3,1,3,SR-50,HIGHPOINT BLVD,99998,28.533,-82.528,0,12,1,0,3,2,0,1,1,1,0,1,0,0,99,99,99,99,99,99,0,0,0,1,0,0
12,121498,1,1,0,0,0,1,1,131,0,18,7,2016,2,1,30,1,2,3,1,2,US-98,,21,30.384,-86.361,0,1,0,0,1,1,0,1,2,1,0,1,0,0,99,99,99,99,88,88,0,0,0,1,1,0
12,121499,1,1,0,1,1,2,2,127,0,17,7,2016,1,5,30,1,1,1,1,1,I-95,,99998,29.204,-81.098,0,8,0,0,1,1,0,1,2,1,0,1,0,0,99,99,99,99,88,88,23,0,0,1,0,1
12,121500,2,2,0,0,0,2,2,27,0,9,7,2016,7,23,35,1,1,3,1,3,SR-70,SE TOWNSEND AVE,99998,27.209,-81.817,0,12,2,0,1,1,0,1,2,1,0,1,0,0,99,99,99,99,88,88,0,0,0,1,1,2
12,121505,2,2,0,0,0,6,6,83,2270,12,7,2016,3,20,8,1,2,3,1,3,SR-200,SW 19TH AVE,99998,29.175,-82.158,0,12,6,0,8,1,0,1,5,1,0,1,0,0,99,99,99,99,99,99,0,0,0,1,0,1
12,121506,2,2,0,1,1,4,4,103,570,28,6,2016,3,21,15,1,2,3,1,3,SR-60,,99998,27.961,-82.79,0,8,0,0,1,1,0,1,3,10,0,10,0,0,99,99,99,99,88,88,0,0,0,1,0,2
12,121507,1,1,0,0,0,1,1,11,771,7,7,2016,5,19,29,1,1,3,1,3,SR-84,,99998,26.093,-80.227,0,33,0,0,1,1,0,3,1,1,0,1,0,0,99,99,99,99,99,99,0,0,0,1,0,2
12,121510,2,2,0,0,0,3,3,103,2530,12,7,2016,3,1,50,1,2,3,1,3,SR-55,,99998,27.855,-82.695,0,12,1,0,1,1,4,1,3,1,0,1,0,0,99,99,99,99,99,99,0,0,0,1,1,2
12,121513,1,1,0,1,1,2,2,69,1820,28,3,2016,2,4,12,1,2,3,1,2,US-27,,99998,28.841,-81.895,0,8,0,0,1,1,0,1,3,10,0,10,0,0,99,99,99,99,99,99,0,0,0,1,0,0
12,121519,1,1,0,0,0,1,1,97,0,16,7,2016,7,18,33,1,1,3,1,2,US-441,,99998,28.092,-81.074,0,1,0,0,1,1,0,4,1,1,0,1,0,0,99,99,99,99,99,99,0,0,0,1,0,0
12,121522,2,2,0,0,0,2,2,81,0,4,7,2016,2,4,27,1,2,3,1,2,US-41,23RD ST E,99998,27.534,-82.561,0,12,1,0,3,2,0,1,3,1,0,1,0,0,99,99,99,99,99,99,0,0,0,1,0,0
12,121523,2,2,0,0,0,3,3,55,0,12,7,2016,3,18,55,1,2,3,1,2,US-27,RALEY RD,99998,27.456,-81.424,0,12,6,1,2,3,0,1,5,10,0,10,0,0,99,99,99,99,99,99,0,0,0,1,0,0
12,121524,2,2,0,0,0,2,2,81,0,19,7,2016,3,23,25,1,1,1,1,1,I-75,,99998,27.505,-82.488,0,12,7,0,1,1,0,1,2,1,0,1,0,0,99,99,99,99,99,99,0,0,0,1,0,2
12,121527,1,1,0,0,0,2,2,55,0,19,7,2016,3,21,47,1,1,2,1,2,US-27,,99998,27.522,-81.497,0,42,0,0,1,1,0,5,3,10,0,10,0,0,99,99,99,99,99,99,0,0,0,1,1,0
12,121528,2,2,0,0,0,3,3,69,0,17,7,2016,1,1,52,1,2,3,1,2,US-27,,99998,28.376,-81.686,0,12,1,0,1,1,0,1,3,1,0,1,0,0,99,99,99,99,88,88,0,0,0,2,1,1
12,121529,3,3,0,0,0,5,5,9,0,17,7,2016,1,16,20,1,1,1,1,1,I-95,,99998,28.259,-80.727,0,12,1,0,1,1,0,1,1,1,0,1,0,0,99,99,99,99,88,88,0,0,0,1,0,1
12,121530,1,1,0,1,1,1,1,89,0,18,7,2016,2,3,46,1,1,3,1,2,US-1,,99998,30.673,-81.9,0,8,0,0,1,1,0,1,3,1,0,1,0,0,99,99,99,99,88,88,0,0,0,1,0,1
12,121533,1,1,0,1,1,2,2,81,0,24,3,2016,5,20,35,1,2,3,1,2,US-41,,99998,27.435,-82.575,0,8,0,0,1,1,0,1,3,1,0,1,0,0,99,99,99,99,88,88,0,0,0,1,0,0
12,121537,2,2,0,0,0,2,2,89,0,20,7,2016,4,0,52,1,1,3,3,2,US-17,CRANDALL ROAD,99998,30.668,-81.638,0,12,2,0,1,1,0,1,2,1,0,1,0,0,99,99,99,99,99,99,0,0,0,2,1,1
12,121538,1,1,0,0,0,1,1,9,0,23,7,2016,7,17,55,1,2,3,1,2,US-1,KINGS HIGHWAY,99998,28.494,-80.778,0,53,0,0,1,1,0,5,1,10,0,10,0,0,99,99,99,99,99,99,0,0,0,1,1,1
12,121539,1,1,0,0,0,1,1,83,0,18,6,2016,7,20,50,0,1,4,25,4,CR-42,,99998,28.966,-81.66,0,38,0,0,1,1,0,4,2,1,0,1,0,0,99,99,99,99,88,88,0,0,0,1,0,2
12,121541,1,1,0,0,0,4,4,127,0,15,7,2016,6,8,33,1,1,1,1,1,I-95,,99998,28.826,-80.91,0,38,0,0,1,1,0,5,1,1,0,1,0,0,99,99,99,99,88,88,0,0,0,4,1,1
12,121544,1,1,0,0,0,1,1,86,0,27,3,2016,1,11,40,1,1,3,1,2,US-27,,99998,25.927,-80.421,0,1,0,0,1,1,0,2,1,1,0,1,0,0,99,99,99,99,99,99,0,0,0,1,0,0
12,121546,2,2,0,0,0,3,3,53,0,22,7,2016,6,12,13,1,1,3,1,2,US-98,CR-491,99998,28.651,-82.447,0,12,6,1,2,2,0,1,1,10,0,10,0,0,99,99,99,99,88,88,0,0,0,2,0,0
12,121550,2,2,0,0,0,3,3,101,0,14,7,2016,5,17,35,1,1,3,1,3,SR-52,HAYS RD,99998,28.33,-82.569,0,12,6,0,2,3,0,1,1,10,0,10,0,0,99,99,99,99,99,99,0,0,0,1,0,0
12,121553,1,1,0,1,1,2,2,35,410,10,7,2016,1,9,54,1,2,2,1,2,US-1,,99998,29.492,-81.265,0,8,0,0,1,1,0,1,1,1,0,1,0,0,99,99,99,99,99,99,0,0,0,1,0,1
12,121554,1,1,0,0,0,1,1,86,0,15,7,2016,6,20,53,1,2,1,1,1,I-95,,99998,25.906,-80.21,0,25,0,0,1,1,0,3,3,10,0,10,0,0,99,99,99,99,88,88,0,0,0,1,0,1
12,121556,5,5,0,0,0,6,6,105,1690,20,7,2016,4,22,56,1,2,3,1,2,US-92,KETTLES AVE,99998,28.055,-81.964,0,12,1,0,3,3,0,1,3,1,0,1,0,0,99,99,99,99,99,99,0,0,0,1,0,1
12,121557,5,4,1,0,0,4,4,101,2180,24,7,2016,1,0,0,1,2,3,1,2,US-19,MAIN ST,99998,28.25,-82.728,0,12,1,0,3,2,0,1,3,2,0,2,0,0,99,99,99,99,99,99,0,0,0,1,1,0
12,121559,1,1,0,0,0,1,1,57,0,24,7,2016,1,18,0,1,2,1,1,1,I-75,,99998,27.72,-82.384,0,1,0,0,1,1,0,4,1,1,0,1,0,0,99,99,99,99,99,99,0,0,0,1,0,2
12,121560,2,2,0,0,0,2,2,86,2010,22,7,2016,6,15,47,0,2,5,25,5,1ST AVE,,99998,25.773,-80.19,0,12,1,0,8,1,0,1,1,2,0,2,0,0,99,99,99,99,99,99,0,0,0,1,0,2
12,121562,1,1,0,1,1,1,1,9,0,21,7,2016,5,16,55,1,2,3,1,2,US-1,,99998,27.857,-80.492,0,9,0,0,1,1,0,1,1,1,0,1,0,0,99,99,99,99,88,88,0,0,0,1,0,1
12,121564,2,2,0,0,0,2,2,11,2570,19,6,2016,1,15,37,1,2,3,1,2,US-1,2ND ST,99998,26.234,-80.103,0,12,6,0,3,2,0,1,1,10,0,10,0,0,99,99,99,99,99,99,0,0,0,1,0,1
12,121566,1,1,0,0,0,1,1,9,620,14,7,2016,5,23,7,1,2,3,1,3,SR-528,,99998,28.407,-80.789,0,24,0,8,98,1,0,3,2,1,0,1,0,0,99,99,99,99,88,88,0,0,0,1,0,1
12,121569,3,3,0,0,0,5,5,11,2570,16,7,2016,7,18,30,1,2,1,1,1,I-95,,99998,26.275,-80.125,0,12,1,0,1,1,0,1,1,10,0,10,0,0,99,99,99,99,88,88,0,0,0,1,0,1
12,121570,1,1,0,0,0,5,5,11,2570,21,7,2016,5,19,37,1,2,1,1,1,I-95,,99998,26.275,-80.125,0,1,0,0,1,1,0,4,1,1,0,1,0,0,99,99,99,99,99,99,0,0,0,1,0,1
12,121572,2,2,0,0,0,5,5,101,0,18,7,2016,2,15,27,1,1,3,1,3,SR-54,,99998,28.22,-82.271,0,12,2,0,1,1,0,1,1,2,0,2,0,0,99,99,99,99,99,99,0,0,0,1,0,2
12,121573,2,2,0,0,0,4,4,83,0,23,7,2016,7,14,40,1,1,1,1,1,I-75,,99998,29.405,-82.246,0,12,6,0,1,1,0,1,1,1,0,1,0,0,99,99,99,99,99,99,0,0,0,1,0,2
12,121579,2,2,0,0,0,2,2,75,0,20,7,2016,4,10,0,1,1,3,1,3,SR-121,CR-335A,99998,29.374,-82.493,0,12,1,0,2,3,0,1,1,1,0,1,0,0,99,99,99,99,99,99,0,0,0,1,0,2
12,121587,1,1,0,0,0,1,1,133,0,31,7,2016,1,12,10,1,1,1,1,1,I-10,,99998,30.746,-85.535,0,1,0,0,1,1,0,3,1,1,0,1,0,0,99,99,99,99,99,99,0,0,0,1,0,1
12,121588,1,1,0,0,0,1,1,107,0,30,7,2016,7,1,29,1,1,3,1,3,SR-20,,99998,29.609,-82.008,0,1,0,0,1,1,0,4,2,1,0,1,0,0,99,99,99,99,88,88,0,0,0,1,1,2
12,121590,1,1,0,1,1,1,1,111,0,18,7,2016,2,22,0,1,1,3,1,3,SR-70,VPI GROVE RD,99998,27.36,-80.627,0,8,0,1,2,2,0,1,2,1,0,1,0,0,99,99,99,99,88,88,0,0,0,1,0,1
12,121592,1,1,0,0,0,2,2,1,0,28,7,2016,5,21,5,1,1,1,1,1,I-75,,99998,29.587,-82.361,0,3,0,1,19,1,0,4,2,1,0,1,0,0,99,99,99,99,88,88,0,0,0,1,0,2
12,121595,1,1,0,0,0,1,1,111,1080,30,7,2016,7,13,48,1,2,3,1,2,US-1,,99998,27.531,-80.361,0,33,0,0,1,1,0,3,1,1,0,1,0,0,99,99,99,99,99,99,0,0,0,1,0,1