STATE,ST_CASE,VE_TOTAL,VE_FORMS,PVH_INVL,PEDS,PERNOTMVIT,PERMVIT,PERSONS,COUNTY,CITY,DAY,MONTH,YEAR,DAY_WEEK,HOUR,MINUTE,NHS,RUR_URB,FUNC_SYS,RD_OWNER,ROUTE,TWAY_ID,TWAY_ID2,MILEPT,LATITUDE,LONGITUD,SP_JUR,HARM_EV,MAN_COLL,RELJCT1,RELJCT2,TYP_INT,WRK_ZONE,REL_ROAD,LGT_COND,WEATHER1,WEATHER2,WEATHER,SCH_BUS,RAIL,NOT_HOUR,NOT_MIN,ARR_HOUR,ARR_MIN,HOSP_HR,HOSP_MN,CF1,CF2,CF3,FATALS,DRUNK_DR,RANK
12,121602,1,1,0,1,1,1,1,95,0,3,8,2016,4,5,48,1,2,3,1,2,US-441,,99998,28.422,-81.405,0,9,0,0,8,1,0,1,4,1,0,1,0,0,99,99,99,99,99,99,0,0,0,1,0,0
12,121605,1,1,0,0,0,2,2,119,0,24,7,2016,1,8,0,1,1,1,1,1,I-75,,99998,28.668,-82.143,0,1,0,0,1,1,4,1,1,1,0,1,0,0,8,2,8,8,99,99,0,0,0,1,0,2
12,121607,2,2,0,0,0,4,4,87,0,25,7,2016,2,17,21,1,1,3,1,2,US-1,,99998,24.674,-81.243,0,12,2,0,1,1,0,1,1,1,0,1,0,0,99,99,99,99,99,99,0,0,0,2,0,1
12,121608,2,2,0,0,0,2,2,83,0,22,6,2016,4,11,17,1,1,3,1,2,US-441,155TH ST,99998,29.374,-82.175,0,12,1,0,3,2,0,1,1,1,0,1,0,0,99,99,99,99,99,99,0,0,0,1,0,0
12,121615,1,1,0,1,1,1,1,86,0,29,7,2016,6,17,17,0,2,4,1,2,US-441,,99998,25.871,-80.21,0,8,0,0,1,1,0,1,1,1,0,1,0,0,99,99,99,99,88,88,0,0,0,1,0,0
12,121616,2,2,0,0,0,2,2,71,0,7,8,2016,1,9,1,1,1,1,1,1,I-75,,99998,26.563,-81.794,0,12,2,0,1,1,0,1,1,10,0,10,0,0,99,99,99,99,99,99,0,0,0,1,0,2
12,121617,2,2,0,0,0,3,3,71,0,5,8,2016,6,19,40,1,1,1,1,1,I-75,,99998,26.435,-81.779,0,12,1,0,1,1,0,1,5,10,0,10,0,0,99,99,99,99,99,99,0,0,0,1,0,2
12,121618,1,1,0,1,1,2,2,9,2670,10,7,2016,1,1,34,1,2,2,1,2,US-1,,99998,28.315,-80.711,0,8,0,0,1,1,0,1,2,10,0,10,0,0,99,99,99,99,88,88,0,0,0,1,0,1
12,121620,1,1,0,0,0,1,1,57,0,25,7,2016,2,13,25,1,2,1,1,1,I-75,,99998,27.961,-82.327,0,59,0,0,1,1,0,4,1,1,0,1,0,0,99,99,99,99,88,88,0,0,0,1,0,2
12,121621,1,1,0,1,1,1,1,99,2431,31,7,2016,1,5,1,1,1,1,1,1,I-95,,99998,26.893,-80.134,0,8,0,0,1,1,0,1,3,10,0,10,0,0,99,99,99,99,99,99,0,0,0,1,0,1
12,121623,1,1,0,1,1,2,2,101,2180,20,7,2016,4,21,45,1,2,3,1,2,US-19,MAIN ST,99998,28.251,-82.728,0,8,0,0,3,2,0,1,3,1,0,1,0,0,99,99,99,99,99,99,0,0,0,1,0,0
12,121624,1,1,0,0,0,2,2,123,0,8,8,2016,2,11,45,1,1,3,1,2,US-19,,99998,30.195,-83.65,0,42,0,0,1,1,0,4,1,2,0,2,0,0,99,99,99,99,88,88,0,0,0,2,0,0
12,121626,1,1,0,1,1,1,1,61,0,23,7,2016,7,5,20,1,1,3,1,3,SR-60,,99998,27.67,-80.803,0,8,0,0,8,1,0,1,2,5,0,5,0,0,99,99,99,99,88,88,0,0,0,1,0,2
12,121629,2,2,0,0,0,5,5,87,1568,26,7,2016,3,18,30,1,2,3,1,2,US-1,,99998,25.065,-80.472,0,12,1,0,1,1,0,1,1,1,0,1,0,0,99,99,99,99,99,99,0,0,0,1,0,1
12,121632,1,1,0,0,0,1,1,86,0,2,8,2016,3,3,36,0,1,4,25,4,CR-9,,99998,25.839,-80.241,0,33,0,0,1,1,0,3,3,7,0,7,0,0,99,99,99,99,88,88,0,0,0,1,0,2
12,121634,1,1,0,0,0,1,1,75,0,28,7,2016,5,12,20,1,1,3,1,2,US-19,,99998,29.496,-82.868,0,1,0,0,1,1,0,3,1,10,0,10,0,0,99,99,99,99,88,88,0,0,0,1,0,0
12,121638,1,1,0,0,0,1,1,61,0,18,7,2016,2,4,32,1,1,3,1,3,SR-60,,99998,27.639,-80.48,0,42,0,0,1,1,0,4,3,1,0,1,0,0,99,99,99,99,88,88,0,0,0,1,1,2
12,121640,1,1,0,1,1,1,1,101,0,26,7,2016,3,22,43,1,1,2,1,3,SR-55,,99998,28.343,-82.699,0,8,0,0,1,1,0,1,3,1,0,1,0,0,22,43,22,47,88,88,0,0,0,1,0,2
12,121642,1,1,0,0,0,1,1,101,0,23,7,2016,7,17,29,1,1,3,1,3,SR-52,,99998,28.324,-82.348,0,31,0,0,1,1,0,5,1,10,0,10,0,0,17,30,17,40,99,99,0,0,0,1,0,0
12,121644,2,2,0,0,0,2,2,79,1890,5,8,2016,6,16,44,1,2,3,1,3,SR-53,,99998,30.474,-83.415,0,12,6,0,1,1,0,1,1,1,0,1,0,0,99,99,99,99,88,88,0,0,0,1,1,2
12,121645,1,1,0,1,1,2,2,101,0,3,8,2016,4,23,50,1,1,3,1,3,SR-55,,99998,28.343,-82.699,0,9,0,0,1,1,0,1,3,1,0,1,0,0,23,50,23,57,99,99,0,0,0,1,0,2
12,121646,1,1,0,1,1,5,5,33,0,1,8,2016,2,20,55,1,2,3,1,3,SR-292,,99998,30.364,-87.35,0,9,0,0,1,1,0,1,3,1,0,1,0,0,99,99,99,99,99,99,0,0,0,1,0,2
12,121647,2,2,0,0,0,2,2,57,2950,30,7,2016,7,21,17,1,2,3,1,3,SR-60,,99998,27.968,-82.57,0,12,99,0,1,1,0,1,3,1,0,1,0,0,99,99,99,99,99,99,0,0,0,1,0,2
12,121652,1,1,0,0,0,1,1,39,0,3,8,2016,4,12,47,1,1,1,1,1,I-10,,99998,30.526,-84.501,0,42,0,0,1,1,0,3,1,1,0,1,0,0,99,99,99,99,88,88,0,0,0,1,0,1
12,121653,1,1,0,0,0,2,2,86,1440,29,7,2016,6,15,50,1,2,3,1,3,SR-821,SR-5,99998,25.451,-80.476,0,24,0,0,5,1,0,4,1,2,0,2,0,0,99,99,99,99,99,99,0,0,0,1,0,1
12,121654,2,2,0,0,0,5,5,105,1690,7,8,2016,1,12,18,1,2,3,1,2,US-92,,99998,28.055,-81.967,0,12,6,0,1,1,0,1,1,2,0,2,0,0,99,99,99,99,99,99,0,0,0,2,0,1
12,121655,2,2,0,1,1,7,7,47,0,3,8,2016,4,22,40,1,1,3,1,3,SR-93,,99998,30.603,-83.128,0,8,0,0,1,1,0,1,3,1,0,1,0,0,99,99,99,99,88,88,0,0,0,1,0,0
12,121663,3,3,0,0,0,4,4,105,1740,24,7,2016,1,9,37,1,2,3,1,3,SR-17,,99998,27.918,-81.592,0,12,2,0,1,1,0,1,1,1,0,1,0,0,99,99,99,99,99,99,14,0,0,1,0,2
12,121670,2,2,0,0,0,2,2,31,1510,11,8,2016,5,18,10,1,2,3,1,3,SR-105,HERITAGE RIVER RD,99998,30.4,-81.478,0,12,6,0,4,1,0,1,1,1,0,1,0,0,99,99,99,99,99,99,0,0,0,1,0,2
12,121685,1,1,0,0,0,1,1,99,2674,25,3,2016,6,19,3,1,2,3,1,2,US-98,SOUTHERN BOULEVARD,99998,26.681,-80.23,0,1,0,0,8,1,0,1,3,10,0,10,0,0,99,99,99,99,99,99,0,0,0,1,0,0
12,121686,1,1,0,0,0,1,1,81,3148,15,8,2016,2,4,1,1,2,3,1,2,US-41,,99998,27.484,-82.563,0,30,0,0,1,1,0,4,3,1,0,1,0,0,99,99,99,99,88,88,0,0,0,1,1,0
12,121688,1,1,0,1,1,1,1,31,110,12,8,2016,6,23,24,1,2,3,1,3,SR-10,,99998,30.325,-81.415,0,8,0,1,18,1,0,1,3,1,0,1,0,0,99,99,99,99,88,88,0,0,0,1,0,2
12,121693,1,1,0,1,1,1,1,11,771,3,8,2016,4,6,30,1,2,3,1,3,SR-817,,99998,26.033,-80.249,0,8,0,0,1,1,0,1,3,10,0,10,0,0,99,99,99,99,88,88,0,0,0,1,0,2
12,121695,2,2,0,0,0,4,4,105,0,30,6,2016,5,17,50,1,1,3,1,3,SR-33,MT OLIVE RD,99998,28.161,-81.858,0,12,6,1,2,3,0,1,1,1,0,1,0,0,99,99,99,99,99,99,0,0,0,1,0,1
12,121699,1,1,0,0,0,1,1,57,0,7,8,2016,1,5,58,1,2,1,1,1,I-75,,99998,28.054,-82.357,0,42,0,0,5,1,0,5,3,10,0,10,0,0,99,99,99,99,88,88,0,0,0,1,1,2
12,121702,1,1,0,0,0,1,1,61,0,17,7,2016,1,17,17,1,1,3,1,3,SR-91,,99998,27.56,-80.763,0,1,0,0,1,1,0,4,1,1,0,1,0,0,99,99,99,99,99,99,0,0,0,1,0,2
12,121707,3,3,0,0,0,8,8,23,1660,9,8,2016,3,11,30,1,1,1,1,1,I-10,,99998,30.243,-82.651,0,12,1,0,1,1,0,1,1,2,0,2,0,0,99,99,99,99,99,99,14,0,0,1,0,1
12,121710,2,2,0,0,0,2,2,51,0,28,7,2016,5,21,48,1,1,3,1,3,SR-29,,99998,26.606,-81.437,0,12,8,0,1,1,0,1,2,1,0,1,0,0,99,99,99,99,88,88,0,0,0,1,0,2
12,121711,3,3,0,0,0,4,4,87,0,1,8,2016,2,20,43,1,2,3,1,2,US-1,,99998,24.656,-81.537,0,12,1,0,1,1,0,1,2,1,0,1,0,0,99,99,99,99,99,99,0,0,0,1,1,1
12,121712,1,1,0,1,1,1,1,87,1505,7,8,2016,1,23,10,1,2,3,1,2,US-1,,99998,24.853,-80.735,0,8,0,0,1,1,0,1,2,1,0,1,0,0,99,99,99,99,99,99,0,0,0,1,0,1
12,121714,2,2,0,0,0,2,2,23,0,7,8,2016,1,16,5,1,1,1,1,1,I-75,,99998,30.18,-82.688,0,12,6,0,1,1,0,1,1,2,0,2,0,0,99,99,99,99,99,99,0,0,0,1,0,2
12,121715,2,2,0,0,0,2,2,31,1510,3,8,2016,4,2,26,1,2,1,1,1,I-95,,99998,30.136,-81.536,0,12,1,0,1,1,0,1,3,10,0,10,0,0,99,99,99,99,88,88,0,0,0,1,1,1
12,121721,3,3,0,0,0,6,6,53,0,3,8,2016,4,11,5,1,1,3,1,3,SR-50,CR-484,99998,28.541,-82.462,0,12,6,0,2,2,0,1,1,10,0,10,0,0,99,99,99,99,99,99,0,0,0,1,0,0
12,121724,1,1,0,0,0,2,2,75,0,15,8,2016,2,1,10,1,1,3,1,2,US-19,,99998,29.274,-82.736,0,42,0,0,1,1,0,5,2,10,0,10,0,0,99,99,99,99,99,99,0,0,0,1,0,0
12,121726,1,1,0,0,0,1,1,35,0,14,8,2016,1,3,0,1,1,3,1,3,SR-A1A,,99998,29.561,-81.167,0,1,0,0,1,1,0,5,2,1,0,1,0,0,99,99,99,99,88,88,0,0,0,1,1,1
12,121728,2,2,0,0,0,6,6,71,0,7,8,2016,1,0,30,1,1,3,1,3,SR-82,ALABAMA RD,99998,26.559,-81.662,0,12,6,0,2,3,0,1,2,10,0,10,0,0,99,99,99,99,99,99,0,0,0,1,1,2
12,121731,2,2,0,0,0,4,4,127,0,7,8,2016,1,17,43,1,1,3,1,2,US-17,MILLS ROAD,99998,29.105,-81.343,0,12,6,0,3,3,0,1,1,1,0,1,0,0,99,99,99,99,99,99,0,0,0,1,0,1
12,121732,2,2,0,0,0,2,2,86,0,11,8,2016,5,20,5,1,2,3,1,2,US-27,ENTRANCE RAMP,51,25.9,-80.384,0,12,6,1,2,4,0,1,3,1,0,1,0,0,99,99,99,99,88,88,0,0,0,1,0,0
12,121735,2,2,0,0,0,2,2,81,0,18,8,2016,5,6,4,1,2,3,1,3,SR-70,,99998,27.432,-82.385,0,12,8,0,1,1,0,1,2,1,0,1,0,0,99,99,99,99,99,99,0,0,0,1,1,2
12,121736,2,2,0,0,0,3,3,81,2440,11,8,2016,5,22,0,1,2,3,1,3,SR-43,,99998,27.521,-82.553,0,12,2,0,1,1,0,1,3,2,0,2,0,0,99,99,99,99,99,99,0,0,0,1,0,2
12,121737,2,2,0,0,0,3,3,31,1510,18,8,2016,5,20,50,1,2,3,1,3,SR-13,LORETTO RD,99998,30.16,-81.633,0,12,6,0,8,1,0,1,3,1,0,1,0,0,99,99,99,99,99,99,0,0,0,1,0,2
12,121741,1,1,0,0,0,1,1,9,0,3,7,2016,1,12,50,1,1,3,1,3,SR-A1A,SEBASTIAN INLET PARK ENTRANCE,99998,27.863,-80.45,0,1,0,0,8,1,0,4,1,10,0,10,0,0,99,99,99,99,99,99,0,0,0,1,0,1
12,121745,1,1,0,1,1,1,1,9,620,30,7,2016,7,8,19,1,1,3,1,2,US-1,PEACHTREE ST,99998,28.358,-80.733,0,8,0,0,3,2,0,1,1,1,0,1,0,0,99,99,99,99,99,99,0,0,0,1,0,1
12,121746,3,3,0,0,0,5,5,101,0,18,8,2016,5,14,3,1,2,3,1,2,US-41,GATOR LANE,67,28.262,-82.476,0,12,1,1,3,3,0,1,1,1,0,1,0,0,14,3,14,11,99,99,0,0,0,1,0,0
12,121747,1,1,0,0,0,1,1,86,0,12,8,2016,6,19,7,1,2,3,1,3,SR-821,,99998,25.625,-80.379,0,25,0,0,1,1,4,4,5,1,0,1,0,0,99,99,99,99,99,99,0,0,0,1,0,1
12,121750,1,1,0,0,0,1,1,11,2916,10,8,2016,4,20,26,1,2,2,1,3,SR-84,,99998,26.125,-80.361,0,35,0,1,19,1,0,4,3,1,0,1,0,0,99,99,99,99,88,88,0,0,0,1,0,2
12,121752,2,2,0,0,0,4,4,33,2490,7,8,2016,1,19,56,1,2,3,1,2,US-98,BARRANCAS AVE,99998,30.411,-87.229,0,12,2,0,2,7,0,1,5,1,0,1,0,0,99,99,99,99,99,99,0,0,0,1,0,0
12,121764,2,2,0,0,0,2,2,105,0,8,8,2016,2,22,7,1,1,3,1,2,US-27,US-98,99998,28.347,-81.674,0,12,6,0,2,2,0,1,3,10,0,10,0,0,99,99,99,99,88,88,0,0,0,1,0,0
12,121772,1,1,0,1,1,1,1,111,0,22,8,2016,2,3,0,1,1,1,1,1,I-95,,99998,27.557,-80.48,0,8,0,0,1,1,0,1,3,1,0,1,0,0,99,99,99,99,88,88,0,0,0,1,0,1
12,121774,1,1,0,0,0,1,1,31,1510,20,8,2016,7,11,3,1,2,1,1,1,I-95,,99998,30.291,-81.63,0,42,0,0,1,1,0,5,1,1,0,1,0,0,99,99,99,99,88,88,0,0,0,1,0,1
12,121775,1,1,0,1,1,1,1,69,0,18,8,2016,5,22,18,1,2,3,1,2,US-192,BALI BLVD,99998,28.347,-81.659,0,8,0,0,1,1,0,1,2,1,0,1,0,0,99,99,99,99,99,99,0,0,0,1,0,1
12,121780,1,1,0,0,0,3,3,105,0,13,8,2016,7,3,5,1,1,1,1,1,I-4,,99998,28.097,-81.952,0,1,0,0,1,1,0,4,2,10,0,10,0,0,99,99,99,99,99,99,0,0,0,1,1,1
12,121781,1,1,0,1,1,1,1,9,0,20,8,2016,7,2,56,1,1,1,1,1,I-95,,99998,28.454,-80.825,0,8,0,1,20,1,0,1,2,1,0,1,0,0,99,99,99,99,88,88,0,0,0,1,0,1
12,121782,2,2,0,0,0,3,3,85,0,19,8,2016,6,19,42,1,1,3,1,2,US-1,WESTMORELAND BLVD,99998,27.258,-80.28,0,12,1,0,3,3,0,1,5,1,0,1,0,0,99,99,99,99,99,99,0,0,0,1,1,1
12,121783,1,1,0,0,0,2,2,86,0,20,8,2016,7,7,54,1,2,2,1,3,SR-821,,99998,25.475,-80.443,0,1,0,0,1,1,0,3,1,1,0,1,0,0,99,99,99,99,88,88,0,0,0,1,0,1
12,121784,1,1,0,0,0,2,2,103,0,25,4,2016,2,16,43,1,1,1,1,1,I-275,,99998,27.814,-82.665,0,1,0,0,1,1,0,3,1,1,0,1,0,0,99,99,99,99,99,99,0,0,0,1,0,1
12,121785,1,1,0,1,1,1,1,11,1927,10,5,2016,3,11,35,1,2,3,1,3,SR-7,COCONUT CREEK PKWY,99998,26.244,-80.201,0,9,0,0,2,3,0,1,1,1,0,1,0,0,99,99,99,99,99,99,0,0,0,1,0,2
12,121786,1,1,0,0,0,1,1,11,771,13,5,2016,6,22,43,1,2,3,1,2,US-441,,99998,26.076,-80.206,0,38,0,0,5,1,0,4,2,1,0,1,0,0,99,99,99,99,88,88,0,0,0,1,0,0
12,121789,2,2,0,0,0,3,3,95,0,18,8,2016,5,6,5,1,1,3,1,3,SR-520,ENTRANCE RAMP,99998,28.452,-80.979,0,12,6,0,2,2,0,1,4,10,0,10,0,0,99,99,99,99,99,99,0,0,0,1,0,2
12,121791,1,1,0,1,1,1,1,31,1510,27,8,2016,7,5,3,1,2,3,1,2,US-90,ACME ST,99998,30.469,-81.555,0,8,0,0,3,2,0,1,3,1,0,1,0,0,99,99,99,99,88,88,0,0,0,1,0,0
12,121792,1,1,0,1,1,1,1,31,1510,28,8,2016,1,8,44,1,2,3,1,3,SR-115,,99998,30.327,-81.634,0,8,0,0,1,1,0,1,1,1,0,1,0,0,99,99,99,99,88,88,0,0,0,1,0,2
12,121796,2,2,0,0,0,2,2,131,0,23,8,2016,3,14,10,1,1,3,1,3,SR-83,SPRADLIN ROAD,99998,30.75,-86.114,0,12,2,0,2,2,0,1,1,1,0,1,0,0,99,99,99,99,99,99,0,0,0,1,1,2
12,121798,2,2,0,0,0,2,2,57,0,22,8,2016,2,6,32,1,1,3,1,3,SR-39,SAM ALLEN RD,99998,28.047,-82.136,0,12,6,0,2,2,0,1,4,1,0,1,0,0,99,99,99,99,99,99,0,0,0,1,0,2
12,121799,2,2,0,0,0,2,2,69,1460,27,8,2016,7,16,22,1,2,3,1,3,SR-19,,99998,28.697,-81.78,0,12,2,0,1,1,0,1,1,1,0,1,0,0,99,99,99,99,99,99,0,0,0,1,0,2
12,121800,1,1,0,1,1,1,1,105,1740,22,8,2016,2,10,50,1,2,3,1,3,SR-60,,99998,27.894,-81.574,0,8,0,0,1,1,0,2,1,1,0,1,0,0,99,99,99,99,88,88,0,0,0,1,0,2
12,121802,3,3,0,0,0,3,3,57,0,24,8,2016,4,5,0,1,2,3,1,1,I-4,,99998,28.004,-82.315,0,12,1,0,1,1,0,1,1,1,0,1,0,0,99,99,99,99,99,99,0,0,0,1,0,1
12,121804,1,1,0,1,1,1,1,83,0,20,8,2016,7,6,30,1,1,3,1,2,US-441,,99998,29.348,-82.158,0,8,0,0,1,1,0,2,2,1,0,1,0,0,99,99,99,99,88,88,0,0,0,1,0,0
12,121805,2,2,0,0,0,2,2,95,0,23,8,2016,3,11,11,1,1,3,1,3,SR-50,CHULUOTA RD,99998,28.561,-81.13,0,12,6,0,2,2,0,1,1,1,0,1,0,0,99,99,99,99,99,99,0,0,0,1,0,0
12,121814,1,1,0,0,0,1,1,127,0,27,8,2016,7,1,30,1,1,3,1,3,SR-44,,99998,29.029,-81.161,0,1,0,0,1,1,0,4,2,1,0,1,0,0,99,99,99,99,88,88,0,0,0,1,1,2
12,121815,1,1,0,0,0,1,1,31,1510,23,7,2016,7,17,34,1,2,1,1,1,I-95,,99998,30.314,-81.653,0,25,0,0,1,1,4,3,1,1,0,1,0,0,99,99,99,99,88,88,0,0,0,1,0,1
12,121816,1,1,0,0,0,1,1,5,0,25,8,2016,5,22,0,1,1,3,98,2,US-98,,99998,29.969,-85.454,2,1,0,0,1,1,0,4,2,1,0,1,0,0,99,99,99,99,99,99,0,0,0,1,1,0
12,121817,2,2,0,0,0,4,4,5,0,18,8,2016,5,12,50,1,1,2,1,2,US-231,,99998,30.343,-85.441,0,12,6,0,1,1,0,1,1,1,0,1,0,0,99,99,99,99,99,99,0,0,0,2,0,0
12,121822,1,1,0,0,0,1,1,107,0,3,7,2016,1,2,57,1,1,2,1,2,US-17,,99998,29.835,-81.662,0,1,0,0,1,1,0,4,2,10,0,10,0,0,99,99,99,99,88,88,0,0,0,1,1,1
12,121823,2,2,0,0,0,2,2,75,0,22,7,2016,6,20,10,1,1,3,1,2,US-27,140TH CT,99998,29.411,-82.54,0,12,6,1,2,2,0,1,5,1,0,1,0,0,99,99,99,99,99,99,0,0,0,1,0,0
12,121824,1,1,0,0,0,2,2,127,0,28,8,2016,1,18,16,1,1,1,1,1,I-95,,99998,29.204,-81.098,0,42,0,0,1,1,0,5,5,2,0,2,0,0,99,99,99,99,88,88,0,0,0,2,0,1
12,121826,3,3,0,0,0,4,4,23,0,26,8,2016,6,13,5,1,1,3,1,3,SR-247,COUNTY ROAD 240,99998,30.059,-82.792,0,12,6,0,2,2,0,1,1,1,0,1,0,0,99,99,99,99,99,99,0,0,0,1,0,1
12,121829,1,1,0,1,1,1,1,71,0,31,7,2016,1,5,10,1,1,3,1,3,SR-80,WAVERLY AVE,99998,26.672,-81.82,0,8,0,0,3,3,0,1,3,1,0,1,0,0,99,99,99,99,88,88,0,0,0,1,0,2
12,121831,1,1,0,0,0,2,2,107,0,25,8,2016,5,0,25,1,1,3,1,3,SR-26,,99998,29.73,-81.978,0,1,0,0,1,1,0,4,2,1,0,1,0,0,99,99,99,99,99,99,0,0,0,1,1,1
12,121832,1,1,0,1,1,1,1,117,2770,5,8,2016,6,20,46,1,2,3,1,3,SR-46,CENTRAL PARK DR,99998,28.812,-81.317,0,8,0,0,2,2,0,1,2,1,0,1,0,0,99,99,99,99,99,99,0,0,0,1,0,1
12,121835,1,1,0,1,1,1,1,81,2440,22,8,2016,2,21,42,1,2,3,1,2,US-19,,99998,27.571,-82.573,0,8,0,0,1,1,0,1,2,1,0,1,0,0,99,99,99,99,88,88,0,0,0,1,0,0
12,121837,2,2,0,0,0,3,3,43,0,10,8,2016,4,8,40,1,1,3,1,2,US-27,POTATO FARM GRADE,99998,26.883,-81.122,0,12,2,1,2,3,0,1,1,1,0,1,0,0,99,99,99,99,99,99,0,0,0,1,0,0
12,121838,2,2,0,0,0,2,2,115,0,25,8,2016,5,15,53,1,2,3,1,2,US-41,CONSTITUTION BLVD,99998,27.27,-82.531,0,12,6,0,2,2,0,1,1,10,0,10,0,0,99,99,99,99,88,88,0,0,0,1,0,0
12,121839,1,1,0,0,0,1,1,21,0,20,8,2016,7,9,48,1,1,3,1,3,SR-84,,99998,26.139,-81.722,0,30,0,0,1,1,0,3,1,1,0,1,0,0,99,99,99,99,99,99,0,0,0,1,0,2
12,121840,2,2,0,0,0,4,4,105,1690,30,8,2016,3,22,46,1,2,2,1,2,US-92,,99998,28.04,-82,0,12,1,0,1,1,0,1,3,2,0,2,0,0,99,99,99,99,99,99,0,0,0,1,0,1
12,121843,3,3,0,0,0,5,5,117,2770,19,4,2016,3,20,34,1,2,3,1,2,US-17,,99998,28.825,-81.3,0,12,2,0,1,1,0,1,5,1,0,1,0,0,99,99,99,99,99,99,0,0,0,1,1,1
12,121844,2,2,0,0,0,3,3,21,0,17,8,2016,4,13,20,1,2,3,1,2,US-41,PELICAN BAY BLVD,99998,26.245,-81.801,0,12,6,0,2,3,0,1,1,1,0,1,0,0,99,99,99,99,99,99,0,0,0,1,0,0
12,121847,1,1,0,0,0,1,1,9,2424,31,8,2016,4,2,12,1,2,3,1,2,US-1,,99998,28.057,-80.59,0,30,0,0,1,1,0,4,3,2,0,2,0,0,99,99,99,99,88,88,0,0,0,1,0,1
12,121849,2,2,0,0,0,3,3,127,2375,22,8,2016,2,21,13,1,2,3,1,2,US-1,WILMETTE AV,99998,29.291,-81.07,0,12,6,0,2,2,0,1,3,1,0,1,0,0,99,99,99,99,99,99,0,0,0,2,0,1
12,121851,2,2,0,0,0,4,4,127,780,19,8,2016,6,21,20,1,2,3,1,3,SR-A1A,GOODALL AVE,99998,29.219,-81.004,0,12,2,0,3,3,0,1,3,1,0,1,0,0,99,99,99,99,99,99,0,0,0,1,0,1
12,121853,1,1,0,0,0,2,2,97,0,30,8,2016,3,18,1,1,1,1,1,1,I-4,,99998,28.306,-81.573,0,1,0,1,5,1,0,4,1,2,0,2,0,0,99,99,99,99,99,99,0,0,0,1,0,1
12,121856,2,1,1,0,0,2,2,53,0,30,8,2016,3,9,5,1,2,3,1,2,US-19,,99998,28.477,-82.613,0,14,0,0,1,1,0,4,1,1,0,1,0,0,9,6,9,14,99,99,0,0,0,1,1,0
12,121857,2,2,0,1,1,2,2,95,0,29,8,2016,2,6,25,1,2,3,1,2,US-441,,99998,28.503,-81.397,0,8,0,0,1,1,0,1,3,1,0,1,0,0,99,99,99,99,99,99,0,0,0,1,0,0
12,121860,2,2,0,0,0,3,3,101,0,25,8,2016,5,9,16,1,2,3,1,2,US-98,TRILBY RD,99998,28.463,-82.193,0,12,6,1,2,2,0,1,1,1,0,1,0,0,99,99,99,99,88,88,0,0,0,2,0,0
12,121861,2,2,0,0,0,2,2,5,0,28,8,2016,1,11,5,1,2,3,3,2,US-98,EVERITT AVE,99998,30.175,-85.621,0,12,6,0,2,2,0,1,1,1,0,1,0,0,99,99,99,99,99,99,0,0,0,1,0,0
12,121863,1,1,0,1,1,1,1,11,790,6,8,2016,7,18,55,1,2,1,1,1,I-95,,99998,26.318,-80.116,0,8,0,0,1,1,0,1,1,10,0,10,0,0,99,99,99,99,99,99,0,0,0,1,0,1
12,121864,2,2,0,0,0,7,7,101,0,20,8,2016,7,19,40,1,1,2,1,2,US-301,JORDAN RD,99998,28.394,-82.195,0,12,6,0,8,1,0,1,1,1,0,1,0,0,99,99,99,99,99,99,0,0,0,1,1,0
12,121871,2,2,0,0,0,2,2,107,0,29,8,2016,2,17,35,1,1,3,1,2,US-17,,99998,29.4,-81.509,0,12,6,0,1,1,0,1,1,10,0,10,0,0,99,99,99,99,88,88,0,0,0,2,0,1
12,121872,2,2,0,0,0,3,3,31,1510,17,8,2016,4,8,0,1,2,3,1,2,US-90,STATION CREEK RD,99998,30.287,-81.484,0,12,6,0,2,2,0,1,1,10,0,10,0,0,99,99,99,99,99,99,0,0,0,1,0,0
12,121873,1,1,0,1,1,1,1,81,0,1,9,2016,5,21,17,1,2,3,1,2,US-41,51ST AVE,99998,27.45,-82.575,0,8,0,0,3,2,0,1,2,10,0,10,0,0,99,99,99,99,88,88,0,0,0,1,0,0
12,121874,2,2,0,0,0,3,3,105,0,16,7,2016,7,14,37,1,1,3,1,3,SR-33,,99998,28.149,-81.884,0,12,2,0,1,1,0,1,1,1,0,1,0,0,99,99,99,99,99,99,0,0,0,1,0,1
12,121878,1,1,0,1,1,1,1,33,0,3,9,2016,7,22,12,1,2,3,1,3,SR-295,SR-292,99998,30.445,-87.24,0,15,0,0,3,3,0,1,2,10,0,10,0,0,99,99,99,99,99,99,0,0,0,1,0,1
12,121880,2,2,0,0,0,3,3,99,0,18,4,2016,2,18,46,1,2,3,1,2,US-441,STONEBRIDGE COUNTRY CLUB BLVD,59,26.414,-80.204,0,12,6,0,2,2,0,1,1,1,0,1,0,0,99,99,99,99,99,99,0,0,0,1,0,0
12,121885,1,1,0,0,0,2,2,33,0,3,9,2016,7,22,40,1,2,3,1,3,SR-292,,99998,30.298,-87.43,0,1,0,0,1,1,0,4,2,10,0,10,0,0,99,99,99,99,99,99,0,0,0,1,0,2
12,121889,3,3,0,0,0,5,5,41,0,24,8,2016,4,12,0,1,1,3,1,3,SR-26,CR-307,99998,29.613,-82.857,0,12,1,1,2,2,0,1,1,1,0,1,0,0,99,99,99,99,99,99,0,0,0,1,0,1