STATE,ST_CASE,VE_TOTAL,VE_FORMS,PVH_INVL,PEDS,PERNOTMVIT,PERMVIT,PERSONS,COUNTY,CITY,DAY,MONTH,YEAR,DAY_WEEK,HOUR,MINUTE,NHS,RUR_URB,FUNC_SYS,RD_OWNER,ROUTE,TWAY_ID,TWAY_ID2,MILEPT,LATITUDE,LONGITUD,SP_JUR,HARM_EV,MAN_COLL,RELJCT1,RELJCT2,TYP_INT,WRK_ZONE,REL_ROAD,LGT_COND,WEATHER1,WEATHER2,WEATHER,SCH_BUS,RAIL,NOT_HOUR,NOT_MIN,ARR_HOUR,ARR_MIN,HOSP_HR,HOSP_MN,CF1,CF2,CF3,FATALS,DRUNK_DR,RANK
12,121891,1,1,0,0,0,1,1,31,1510,28,8,2016,1,9,23,1,2,3,1,3,SR-202,,99998,30.253,-81.516,0,25,0,1,5,1,0,4,1,1,0,1,0,0,99,99,99,99,99,99,0,0,0,1,1,2
12,121893,1,1,0,1,1,2,2,57,0,3,9,2016,7,19,55,1,2,3,1,3,SR-60,KNIGHTS AVE,99998,27.938,-82.29,0,9,0,0,3,3,0,1,3,1,0,1,0,0,99,99,99,99,99,99,0,0,0,1,0,2
12,121895,2,2,0,0,0,2,2,51,0,30,8,2016,3,5,59,1,1,3,1,3,SR-80,,99998,26.709,-81.554,0,12,1,0,1,1,0,1,2,10,0,10,0,0,99,99,99,99,88,88,0,0,0,1,0,2
12,121897,2,1,1,0,1,1,2,99,330,2,9,2016,6,0,35,1,2,1,1,1,I-95,,99998,26.527,-80.073,0,14,0,1,5,1,0,8,3,1,0,1,0,0,99,99,99,99,99,99,0,0,0,1,1,1
12,121901,1,1,0,0,0,2,2,99,0,24,1,2016,1,16,1,1,1,3,1,3,SR-809,,99998,26.646,-80.112,0,33,0,0,1,1,0,4,1,10,0,10,0,0,99,99,99,99,99,99,0,0,0,1,1,1
12,121903,1,1,0,0,0,1,1,73,2940,31,8,2016,4,21,0,1,2,1,1,1,I-10,SHARER RD,99998,30.488,-84.291,0,30,0,0,1,1,0,4,3,2,0,2,0,0,99,99,99,99,88,88,0,0,0,1,0,1
12,121905,2,2,0,0,0,3,3,11,2570,1,9,2016,5,23,0,1,2,3,1,3,SR-9,,99998,26.236,-80.137,0,12,1,0,1,1,0,1,3,1,0,1,0,0,99,99,99,99,99,99,0,0,0,1,0,2
12,121906,2,2,0,0,0,2,2,99,0,29,8,2016,2,15,4,1,1,3,1,2,US-27,,99998,26.737,-80.871,0,12,6,0,1,1,0,1,1,2,0,2,0,0,99,99,99,99,88,88,0,0,0,1,0,0
12,121907,1,1,0,0,0,3,3,111,0,28,8,2016,1,3,6,1,1,3,1,3,SR-70,,99998,27.399,-80.455,0,1,0,0,1,1,0,4,2,1,0,1,0,0,99,99,99,99,99,99,0,0,0,1,1,2
12,121908,2,1,1,0,0,2,2,105,0,13,2,2016,7,21,40,0,2,4,1,3,SR-37,,99998,27.909,-81.974,0,33,0,0,1,1,0,4,3,1,0,1,0,0,99,99,99,99,99,99,0,0,0,1,1,1
12,121915,1,1,0,0,0,1,1,11,2083,24,8,2016,4,0,18,1,2,1,1,1,I-75,,99998,25.979,-80.351,0,3,0,1,5,1,4,4,3,1,0,1,0,0,99,99,99,99,99,99,0,0,0,1,0,2
12,121924,1,1,0,1,1,1,1,79,0,13,9,2016,3,7,55,1,1,1,1,1,I-10,,99998,30.368,-83.247,0,8,0,0,1,1,0,1,1,1,0,1,0,0,99,99,99,99,88,88,0,0,0,1,0,1
12,121926,2,2,0,0,0,4,4,107,0,11,9,2016,1,0,22,1,1,3,1,2,US-17,,99998,29.487,-81.57,0,12,2,0,1,1,0,1,2,10,0,10,0,0,99,99,99,99,99,99,0,0,0,2,1,1
12,121930,5,5,0,0,0,10,10,95,1895,20,8,2016,7,13,27,1,2,1,1,1,I-4,,99998,28.63,-81.388,0,12,2,0,1,1,0,1,1,10,0,10,0,0,99,99,99,99,99,99,0,0,0,1,0,1
12,121938,2,2,0,0,0,2,2,81,0,6,9,2016,3,4,7,1,1,3,1,3,SR-70,BETTS RD,99998,27.372,-82.219,0,12,1,0,1,1,0,1,2,1,0,1,0,0,99,99,99,99,99,99,0,0,0,1,0,1
12,121941,3,3,0,0,0,3,3,57,0,13,9,2016,3,14,5,1,2,1,1,1,I-4,,99998,27.982,-82.384,0,12,7,0,1,1,0,1,1,1,0,1,0,0,99,99,99,99,99,99,0,0,0,1,0,1
12,121942,2,2,0,0,0,3,3,89,0,1,9,2016,5,13,18,1,1,3,1,2,US-1,DYAL RD,99998,30.637,-81.861,0,12,6,0,2,3,0,1,1,1,0,1,0,0,99,99,99,99,99,99,0,0,0,1,0,1
12,121943,3,3,0,0,0,5,5,31,1510,3,8,2016,4,16,59,1,2,1,1,1,I-295,,99998,30.438,-81.725,0,1,0,0,1,1,0,3,1,1,0,1,0,0,99,99,99,99,99,99,0,0,0,1,0,2
12,121945,1,1,0,0,0,2,2,95,0,2,9,2016,6,7,15,1,2,3,1,3,SR-528,,99998,28.451,-81.224,0,24,0,0,1,1,0,3,1,2,0,2,0,0,99,99,99,99,99,99,0,0,0,1,0,1
12,121949,2,2,0,0,0,2,2,86,0,6,9,2016,3,23,18,1,1,3,1,2,US-27,SR-997,99998,25.943,-80.438,0,12,6,0,3,3,4,1,2,10,0,10,0,0,99,99,99,99,88,88,0,0,0,1,0,0
12,121951,2,2,0,0,0,3,3,115,2235,9,2,2016,3,10,54,1,2,3,1,2,US-41,SALFORD BLVD,2,27.034,-82.208,0,12,6,0,2,2,4,1,1,1,0,1,0,0,99,99,99,99,99,99,0,0,0,1,0,0
12,121957,1,1,0,1,1,2,2,99,290,27,5,2016,6,21,25,1,2,3,1,3,SR-5,,99998,26.376,-80.076,0,9,0,0,1,1,0,1,3,2,0,2,0,0,99,99,99,99,99,99,0,0,0,1,0,1
12,121963,2,2,0,0,0,3,3,35,0,6,9,2016,3,12,1,1,1,3,1,3,SR-100,AVIATION DR,99998,29.475,-81.207,0,12,6,0,2,2,0,1,1,1,0,1,0,0,99,99,99,99,99,99,0,0,0,1,0,1
12,121968,2,2,0,0,0,2,2,113,0,11,9,2016,1,23,52,1,1,1,1,1,I-10,,99998,30.642,-86.906,0,12,1,0,1,1,0,1,2,1,0,1,0,0,99,99,99,99,88,88,0,0,0,1,0,1
12,121971,1,1,0,0,0,1,1,107,0,9,9,2016,6,23,11,1,1,3,1,2,US-17,,99998,29.602,-81.59,0,26,0,0,1,1,4,4,2,1,0,1,0,0,99,99,99,99,88,88,0,0,0,1,1,1
12,121972,2,2,0,0,0,2,2,95,0,6,9,2016,3,20,34,1,1,3,1,3,SR-50,SUE ANN STREET,99998,28.568,-81.272,0,12,6,0,2,3,0,1,3,1,0,1,0,0,99,99,99,99,99,99,0,0,0,1,0,0
12,121978,1,1,0,0,0,1,1,1,0,10,9,2016,7,22,45,1,1,3,1,2,US-27,,99998,29.592,-82.563,0,42,0,0,1,1,0,5,2,1,0,1,0,0,99,99,99,99,88,88,0,0,0,1,1,0
12,121979,1,1,0,0,0,1,1,23,0,31,8,2016,4,15,55,1,1,3,1,2,US-90,,99998,30.192,-82.724,0,1,0,0,1,1,0,4,1,2,0,2,0,0,99,99,99,99,88,88,0,0,0,1,1,0
12,121984,1,1,0,0,0,1,1,99,290,21,8,2016,1,3,57,1,2,1,1,1,I-95,,99998,26.395,-80.093,0,18,0,0,1,1,4,3,3,1,0,1,0,0,99,99,99,99,88,88,0,0,0,1,1,1
12,121986,2,2,0,0,0,2,2,103,0,19,9,2016,2,9,6,0,1,4,25,4,CR-611,,99998,27.92,-82.699,0,12,6,0,1,1,0,1,1,1,0,1,0,0,99,99,99,99,99,99,0,0,0,1,0,2
12,121990,2,2,0,0,0,2,2,95,0,5,2,2016,6,3,18,1,1,3,1,3,SR-50,SR-417,99998,28.568,-81.268,0,12,1,0,3,3,0,1,3,1,0,1,0,0,99,99,99,99,99,99,0,0,0,1,0,0
12,121995,1,1,0,1,1,1,1,105,2140,24,4,2016,1,22,15,1,2,3,1,3,SR-60,DR M L KING JR AVE,99998,27.895,-81.991,0,8,0,0,3,2,0,1,3,1,0,1,0,0,99,99,99,99,99,99,0,0,0,1,0,2
12,121997,1,1,0,1,1,2,2,85,0,16,9,2016,6,19,55,1,1,2,1,2,US-1,DOMINICA TERRACE,99998,27.15,-80.217,0,8,0,0,3,3,0,1,2,1,0,1,0,0,99,99,99,99,99,99,0,0,0,1,0,1
12,121998,1,1,0,1,1,1,1,101,2590,11,9,2016,1,4,56,1,2,2,1,2,US-19,,99998,28.277,-82.719,0,8,0,0,1,1,0,1,3,1,0,1,0,0,99,99,99,99,88,88,0,0,0,1,0,0
12,121999,2,2,0,0,0,5,5,39,0,3,9,2016,7,0,15,1,1,1,1,1,I-10,,99998,30.619,-84.771,0,12,1,0,1,1,0,1,2,1,0,1,0,0,99,99,99,99,88,88,0,0,0,2,0,1
12,122003,1,1,0,1,1,1,1,95,0,15,9,2016,5,0,0,1,1,3,1,3,SR-50,,99998,28.559,-81.124,0,8,0,0,1,1,0,1,6,98,0,98,0,0,99,99,99,99,88,88,18,0,0,1,0,0
12,122005,1,1,0,0,0,1,1,121,0,16,9,2016,6,4,34,1,1,1,1,1,I-10,,99998,30.353,-83.04,0,1,0,0,1,1,0,4,2,1,0,1,0,0,99,99,99,99,88,88,0,0,0,1,0,1
12,122006,2,2,0,0,0,9,9,23,0,17,9,2016,7,8,30,1,1,1,1,1,I-10,,99998,30.253,-82.501,0,3,0,0,1,1,0,4,1,1,0,1,0,0,99,99,99,99,99,99,0,0,0,1,0,1
12,122008,3,3,0,0,0,7,7,99,2431,12,8,2016,6,10,30,1,2,3,1,3,SR-91,,99998,26.908,-80.142,0,12,1,0,1,1,0,1,1,1,0,1,0,0,99,99,99,99,99,99,14,0,0,1,0,2
12,122014,2,2,0,0,0,3,3,99,330,3,4,2016,1,21,2,1,2,3,1,2,US-1,GULFSTREAM BLVD,99998,26.539,-80.057,0,12,6,0,2,3,0,1,3,1,0,1,0,0,99,99,99,99,99,99,0,0,0,2,0,1
12,122020,2,2,0,0,0,3,3,105,0,4,9,2016,1,15,34,1,1,3,1,2,US-27,POLO PARK BLVD,99998,28.338,-81.672,0,12,1,0,3,2,0,1,1,1,0,1,0,0,99,99,99,99,99,99,0,0,0,1,0,0
12,122024,1,1,0,1,1,1,1,101,2180,29,8,2016,2,20,25,1,2,2,1,2,US-19,,99998,28.244,-82.728,0,8,0,0,1,1,0,1,3,1,0,1,0,0,99,99,99,99,99,99,0,0,0,1,0,0
12,122028,1,1,0,0,0,1,1,23,0,17,9,2016,7,13,50,1,1,1,1,1,I-75,,99998,30.13,-82.663,0,43,0,0,1,1,0,4,1,1,0,1,0,0,99,99,99,99,88,88,0,0,0,1,1,2
12,122032,1,1,0,1,1,1,1,79,0,21,7,2016,5,10,15,1,1,2,1,2,US-19,,99998,30.33,-83.774,0,8,0,0,1,1,0,1,9,8,0,8,0,0,99,99,99,99,88,88,0,0,0,1,0,0
12,122037,2,1,1,1,1,1,1,95,0,18,9,2016,1,6,30,1,1,3,1,3,SR-91,,99998,28.521,-81.508,0,14,0,0,1,1,0,4,3,10,0,10,0,0,99,99,99,99,99,99,23,0,0,1,0,2
12,122038,6,6,0,0,0,10,10,53,0,15,9,2016,5,15,36,1,1,1,1,1,I-75,,99998,28.542,-82.237,0,12,1,0,1,1,0,1,1,10,0,10,0,0,99,99,99,99,99,99,0,0,0,1,0,2
12,122039,2,2,0,0,0,2,2,115,0,21,9,2016,4,7,33,1,1,2,1,1,I-75,,99998,27.112,-82.337,0,12,1,0,1,1,4,1,1,1,0,1,0,0,99,99,99,99,88,88,0,0,0,1,0,2
12,122040,2,2,0,0,0,2,2,63,0,21,8,2016,1,5,32,1,1,3,1,3,SR-71,,99998,30.696,-85.182,0,12,2,0,1,1,0,1,2,1,0,1,0,0,99,99,99,99,88,88,0,0,0,1,1,2
12,122041,2,2,0,0,0,2,2,57,0,18,9,2016,1,6,22,1,2,1,1,1,I-4,,99998,28.027,-82.188,0,12,6,0,1,1,0,1,2,1,0,1,0,0,99,99,99,99,88,88,0,0,0,1,1,1
12,122044,1,1,0,1,1,1,1,83,0,22,9,2016,5,6,0,1,1,2,1,2,US-27,,99998,29.208,-82.187,0,8,0,0,1,1,0,1,2,1,0,1,0,0,99,99,99,99,88,88,0,0,0,1,0,0
12,122045,1,1,0,0,0,1,1,115,2780,19,6,2016,1,2,53,1,2,2,1,2,US-41,,99998,27.329,-82.54,0,59,0,0,1,1,0,4,3,1,0,1,0,0,99,99,99,99,99,99,0,0,0,1,0,0
12,122046,1,1,0,0,0,1,1,73,2940,11,9,2016,1,18,57,1,2,3,1,2,US-90,WHITE DR,99998,30.447,-84.326,0,1,0,0,3,2,0,3,1,1,0,1,0,0,99,99,99,99,99,99,0,0,0,1,1,0
12,122049,1,1,0,1,1,4,4,31,1510,7,5,2016,7,22,13,1,1,3,1,3,SR-11,COLUMBUS AVE,99998,30.493,-81.605,0,8,0,0,1,1,0,1,2,1,0,1,0,0,99,99,99,99,99,99,0,0,0,1,0,2
12,122058,2,2,0,0,0,2,2,101,0,19,9,2016,2,5,23,1,1,3,1,2,US-19,SR-52,99998,28.331,-82.699,0,12,1,0,3,2,0,1,2,1,0,1,0,0,99,99,99,99,99,99,0,0,0,1,0,0
12,122059,4,2,2,0,0,2,2,99,820,21,9,2016,4,16,36,1,2,3,1,2,US-1,1 ST ST,99998,26.463,-80.067,0,12,6,0,2,2,0,1,1,1,0,1,0,0,99,99,99,99,99,99,0,0,0,1,1,1
12,122068,2,2,0,0,0,4,4,129,0,16,9,2016,6,13,31,1,1,3,1,3,SR-267,,99998,30.256,-84.343,0,12,2,0,1,1,0,1,1,1,0,1,0,0,99,99,99,99,99,99,0,0,0,3,0,2
12,122070,2,2,0,0,0,3,3,55,0,23,9,2016,6,6,35,1,1,2,1,2,US-27,LAKE JUNE RD,99998,27.318,-81.363,0,12,6,0,1,1,0,1,4,1,0,1,0,0,99,99,99,99,88,88,0,0,0,1,0,0
12,122073,2,2,0,0,0,2,2,71,0,14,9,2016,4,5,47,1,1,3,1,2,US-41,HICKORY DR,99998,26.459,-81.827,0,12,6,0,3,3,0,1,3,1,0,1,0,0,99,99,99,99,88,88,0,0,0,1,0,0
12,122074,2,2,0,0,0,6,6,109,0,11,9,2016,1,20,6,1,1,3,1,3,SR-16,MURABELLA  PKWY,99998,29.963,-81.489,0,12,6,0,2,3,0,1,2,1,0,1,0,0,99,99,99,99,99,99,0,0,0,1,0,2
12,122075,1,1,0,0,0,2,2,99,0,4,9,2016,1,16,5,1,1,2,1,2,US-27,,99998,26.676,-80.723,0,1,0,0,1,1,0,3,1,1,0,1,0,0,99,99,99,99,99,99,0,0,0,1,1,0
12,122076,2,2,0,0,0,7,7,127,0,25,9,2016,1,12,23,1,1,1,1,1,I-4,,99998,29.049,-81.201,0,12,7,0,1,1,0,1,1,1,0,1,0,0,99,99,99,99,99,99,0,0,0,2,0,1
12,122077,4,2,2,0,0,2,2,57,0,18,9,2016,1,14,45,1,2,3,1,2,US-41,21ST AVE,99998,27.929,-82.402,0,12,2,0,3,3,0,1,1,1,0,1,0,0,99,99,99,99,99,99,14,0,0,1,0,0
12,122079,2,2,0,0,0,2,2,57,0,18,9,2016,1,7,36,1,2,1,1,1,I-4,,99998,28.002,-82.327,0,12,7,0,1,1,0,1,1,1,0,1,0,0,99,99,99,99,99,99,0,0,0,1,0,1
12,122085,2,2,0,0,0,2,2,99,0,29,8,2016,2,17,37,1,1,3,1,3,SR-80,,99998,26.681,-80.22,0,12,1,0,1,1,0,1,1,10,0,10,0,0,99,99,99,99,99,99,0,0,0,1,0,2
12,122089,1,1,0,1,1,1,1,99,0,2,9,2016,6,23,53,1,2,3,1,3,SR-704,INDIAN RD,99998,26.707,-80.104,0,8,0,0,3,2,0,1,3,1,0,1,0,0,99,99,99,99,88,88,0,0,0,1,0,2
12,122097,1,1,0,1,1,1,1,103,0,24,9,2016,7,21,16,1,2,3,1,2,US-19,,99998,27.818,-82.68,0,8,0,0,1,1,0,1,3,1,0,1,0,0,99,99,99,99,88,88,0,0,0,1,0,0
12,122098,1,1,0,0,0,1,1,111,0,16,9,2016,6,4,43,0,1,4,25,4,CR-611,,99998,27.408,-80.358,0,30,0,0,1,1,0,4,2,1,0,1,0,0,99,99,99,99,88,88,0,0,0,1,1,2
12,122099,1,1,0,1,1,1,1,39,2630,25,9,2016,1,20,55,1,2,3,1,3,SR-267,,99998,30.584,-84.591,0,8,0,0,1,1,0,1,3,1,0,1,0,0,99,99,99,99,88,88,0,0,0,1,0,2
12,122101,1,1,0,0,0,4,4,9,0,17,6,2016,6,23,2,1,2,1,1,1,I-95,,99998,28.56,-80.851,0,24,0,0,1,1,0,3,2,1,0,1,0,0,99,99,99,99,99,99,0,0,0,1,0,1
12,122107,2,2,0,0,0,2,2,31,1510,18,9,2016,1,0,25,1,2,1,1,1,I-295,,99998,30.433,-81.58,0,12,1,0,1,1,0,1,3,10,0,10,0,0,99,99,99,99,99,99,0,0,0,1,1,2
12,122108,1,1,0,1,1,1,1,1,0,29,9,2016,5,2,50,1,2,3,1,2,US-441,,99998,29.608,-82.342,0,8,0,0,1,1,0,1,3,1,0,1,0,0,99,99,99,99,88,88,0,0,0,1,0,0
12,122110,1,1,0,1,1,1,1,95,0,18,9,2016,1,21,20,1,1,3,1,2,US-441,,99998,28.499,-81.397,0,8,0,0,1,1,0,1,3,1,0,1,0,0,99,99,99,99,99,99,0,0,0,1,0,0
12,122111,1,1,0,0,0,1,1,1,1130,30,9,2016,6,2,29,1,2,3,1,3,SR-24,,99998,29.67,-82.299,0,33,0,0,1,1,0,4,2,1,0,1,0,0,99,99,99,99,99,99,0,0,0,1,1,2
12,122112,1,1,0,1,1,1,1,31,1510,1,10,2016,7,5,15,1,2,3,1,2,US-1,,99998,30.282,-81.629,0,8,0,0,1,1,0,1,4,1,0,1,0,0,99,99,99,99,99,99,0,0,0,1,0,1
12,122114,1,1,0,0,0,2,2,87,1580,21,9,2016,4,3,30,1,2,3,1,2,US-1,,99998,24.558,-81.788,0,30,0,0,1,1,0,4,3,1,0,1,0,0,99,99,99,99,99,99,0,0,0,1,0,1
12,122117,2,2,0,0,0,2,2,109,0,1,10,2016,7,11,38,1,2,3,1,2,US-1,WATSON RD,99998,29.8,-81.32,0,12,6,0,2,2,0,1,1,10,0,10,0,0,99,99,99,99,99,99,0,0,0,1,0,1
12,122118,1,1,0,1,1,1,1,101,0,18,9,2016,1,22,29,1,1,2,1,2,US-19,,99998,28.315,-82.699,0,8,0,0,1,1,0,1,3,1,0,1,0,0,99,99,99,99,99,99,0,0,0,1,0,0
12,122122,1,1,0,1,1,1,1,103,570,2,10,2016,1,4,24,1,2,3,1,3,SR-60,,99998,27.961,-82.768,0,8,0,0,1,1,0,1,3,1,0,1,0,0,99,99,99,99,88,88,0,0,0,1,0,2
12,122123,1,1,0,1,1,1,1,111,2601,30,9,2016,6,5,56,1,2,1,1,1,I-95,,99998,27.258,-80.42,0,8,0,0,1,1,0,1,2,1,0,1,0,0,99,99,99,99,88,88,0,0,0,1,0,1
12,122124,1,1,0,0,0,2,2,131,0,4,10,2016,3,11,0,1,1,2,1,2,US-98,,99998,30.374,-86.229,0,1,0,0,1,1,0,1,1,1,0,1,0,0,99,99,99,99,99,99,0,0,0,1,0,0
12,122126,1,1,0,1,1,1,1,11,771,24,9,2016,7,6,28,1,2,3,1,3,SR-84,,99998,26.096,-80.237,0,8,0,0,1,1,0,1,3,1,0,1,0,0,99,99,99,99,88,88,0,0,0,1,0,2
12,122127,1,1,0,0,0,1,1,115,0,23,9,2016,6,22,45,1,1,1,1,1,I-75,,99998,27.1,-82.21,0,1,0,1,18,1,4,1,3,1,0,1,0,0,99,99,99,99,88,88,0,0,0,1,0,2
12,122130,1,1,0,0,0,1,1,75,0,2,10,2016,1,19,0,0,1,3,1,2,US-41,,99998,29.466,-82.48,0,30,0,0,1,1,0,4,5,10,0,10,0,0,99,99,99,99,88,88,0,0,0,1,0,0
12,122131,1,1,0,1,1,1,1,81,0,4,10,2016,3,21,15,1,2,3,1,2,US-41,,99998,27.472,-82.575,0,8,0,0,1,1,0,1,3,10,0,10,0,0,99,99,99,99,99,99,0,0,0,1,0,0
12,122132,1,1,0,1,1,1,1,86,2020,17,8,2016,4,15,18,1,2,3,1,3,SR-A1A,,99998,25.851,-80.121,0,8,0,0,1,1,0,6,1,10,0,10,0,0,99,99,99,99,88,88,0,0,0,1,0,1
12,122135,1,1,0,1,1,2,2,99,290,14,9,2016,4,21,9,1,2,3,1,2,US-1,40 ST,99998,26.386,-80.076,0,8,0,0,2,2,0,1,3,1,0,1,0,0,99,99,99,99,99,99,0,0,0,1,0,1
12,122136,4,4,0,0,0,7,7,105,0,30,8,2016,3,17,15,1,1,3,1,3,SR-37,FOUR CORNERS MINE RD,99998,27.702,-82.022,0,12,2,0,1,1,0,1,1,10,0,10,0,0,99,99,99,99,99,99,0,0,0,2,0,1
12,122137,2,2,0,0,0,6,6,103,570,3,9,2016,7,23,5,1,2,3,1,3,SR-60,SKY HARBOR DR,99998,27.961,-82.723,0,12,6,0,8,1,0,1,3,1,0,1,0,0,99,99,99,99,99,99,0,0,0,1,0,2
12,122139,2,2,0,0,0,3,3,86,2023,3,10,2016,2,0,50,1,2,3,1,3,SR-817,169 TERRACE,99998,25.929,-80.245,0,12,6,1,2,3,0,1,3,2,0,2,0,0,99,99,99,99,99,99,0,0,0,1,1,2
12,122140,2,2,0,0,0,2,2,71,0,3,10,2016,2,19,36,1,1,3,1,3,SR-31,,99998,26.728,-81.761,0,12,1,0,1,1,0,1,2,10,0,10,0,0,99,99,99,99,88,88,0,0,0,1,0,2
12,122141,1,1,0,0,0,1,1,89,0,21,9,2016,4,20,30,1,1,3,1,3,SR-200,ONEIL SCOTT RD,99998,30.617,-81.515,0,31,0,0,3,2,4,4,3,1,0,1,0,0,99,99,99,99,88,88,0,0,0,1,0,1
12,122142,1,1,0,0,0,2,2,109,0,28,9,2016,4,1,0,1,1,3,1,3,SR-16,,99998,29.915,-81.336,0,38,0,0,1,1,0,5,2,10,0,10,0,0,99,99,99,99,99,99,0,0,0,1,0,2
12,122143,1,1,0,1,1,1,1,109,0,28,9,2016,4,22,5,1,1,3,1,3,SR-16,,99998,29.916,-81.374,0,8,0,0,1,1,0,1,2,10,0,10,0,0,99,99,99,99,99,99,0,0,0,1,0,2
12,122144,1,1,0,0,0,1,1,81,0,1,10,2016,7,10,33,1,1,1,1,1,I-75,,99998,27.608,-82.496,0,30,0,0,1,1,0,4,1,1,0,1,0,0,99,99,99,99,88,88,0,0,0,1,0,2
12,122147,2,2,0,1,1,2,2,93,0,26,9,2016,2,6,45,1,1,3,1,3,SR-70,,99998,27.258,-80.755,0,9,0,0,1,1,4,1,2,1,0,1,0,0,99,99,99,99,88,88,0,0,0,1,0,1
12,122150,1,1,0,1,1,1,1,86,2010,15,9,2016,5,20,13,1,2,3,1,3,SR-9,NW 7TH ST,99998,25.779,-80.239,0,8,0,0,2,2,0,1,3,1,0,1,0,0,99,99,99,99,99,99,0,0,0,1,0,2
12,122154,1,1,0,0,0,1,1,119,0,29,9,2016,5,8,8,0,2,3,1,3,SR-44,,99998,28.828,-81.993,0,32,0,0,1,1,0,4,1,1,0,1,0,0,99,99,99,99,99,99,0,0,0,1,0,2
12,122155,1,1,0,1,1,1,1,9,0,9,10,2016,1,0,20,1,1,2,1,2,US-1,,99998,27.872,-80.502,0,8,0,0,1,1,0,1,2,1,0,1,0,0,99,99,99,99,88,88,0,0,0,1,0,1
12,122156,2,2,0,0,0,2,2,1,0,6,10,2016,5,18,45,1,1,3,1,3,SR-26,,99998,29.71,-82.051,0,12,2,0,1,1,0,1,1,2,0,2,0,0,99,99,99,99,99,99,0,0,0,1,0,1
12,122157,2,2,0,0,0,8,8,71,0,2,10,2016,1,20,47,1,1,3,1,3,SR-80,,99998,26.715,-81.676,0,42,0,0,1,1,0,3,2,10,0,10,0,0,99,99,99,99,99,99,0,0,0,1,0,2
12,122162,2,2,0,0,0,4,4,19,0,26,9,2016,2,12,55,1,2,3,1,2,US-17,VILLAGE SQUARE PKWY,99998,30.08,-81.707,0,12,6,0,2,2,0,1,1,1,0,1,0,0,99,99,99,99,99,99,0,0,0,2,0,1
12,122165,1,1,0,0,0,1,1,86,670,19,9,2016,2,4,53,1,2,2,1,2,US-1,,99998,25.717,-80.274,0,33,0,0,1,1,0,4,3,1,0,1,0,0,99,99,99,99,88,88,0,0,0,1,0,1
12,122166,3,3,0,0,0,4,4,31,1510,4,10,2016,3,10,46,1,2,3,1,2,US-17,SARA DR,99998,30.446,-81.64,0,12,6,0,2,3,0,1,1,1,0,1,0,0,99,99,99,99,99,99,0,0,0,1,0,1
12,122170,1,1,0,0,0,1,1,95,0,25,9,2016,1,17,49,1,2,1,1,1,I-4,,99998,28.365,-81.516,0,24,0,1,5,1,0,4,1,2,0,2,0,0,99,99,99,99,99,99,0,0,0,1,1,1
12,122171,1,1,0,1,1,1,1,86,1030,5,10,2016,4,3,15,1,2,3,1,2,US-1,,99998,25.446,-80.475,0,8,0,0,1,1,0,4,2,1,0,1,0,0,99,99,99,99,88,88,0,0,0,1,0,1
12,122174,2,2,0,0,0,3,3,127,0,9,10,2016,1,15,5,1,1,1,1,1,I-95,,99998,29.371,-81.141,0,12,1,0,1,1,0,1,1,1,0,1,0,0,99,99,99,99,99,99,0,0,0,1,1,1
12,122180,3,3,0,0,0,5,5,71,457,6,10,2016,5,19,45,1,2,3,1,3,SR-78,,99998,26.674,-81.929,0,12,6,0,1,1,0,1,2,10,0,10,0,0,99,99,99,99,99,99,0,0,0,1,0,1
12,122184,2,2,0,0,0,7,7,5,2451,8,10,2016,7,18,55,1,2,3,1,2,US-98,ARGONAUT ST,99998,30.21,-85.848,0,12,6,0,2,2,0,1,5,1,0,1,0,0,99,99,99,99,99,99,0,0,0,1,0,0
12,122185,2,2,0,0,0,2,2,95,0,8,10,2016,7,22,58,1,1,3,1,3,SR-50,TANNER RD,99998,28.565,-81.148,0,12,6,0,2,3,0,1,2,1,0,1,0,0,99,99,99,99,99,99,0,0,0,1,0,0
12,122187,3,3,0,0,0,8,8,15,0,8,10,2016,7,23,18,1,1,2,1,2,US-41,EASY ST,99998,26.976,-82.091,0,12,1,1,3,2,0,1,3,1,0,1,0,0,99,99,99,99,99,99,0,0,0,1,0,0
12,122188,1,1,0,1,1,2,2,31,1510,13,10,2016,5,21,8,1,2,3,1,3,SR-13,WILLIAMSBURG PARK BLVD,99998,30.21,-81.617,0,8,0,0,3,3,0,1,3,1,0,1,0,0,99,99,99,99,88,88,0,0,0,1,0,2
12,122192,1,1,0,0,0,1,1,86,0,6,10,2016,5,1,14,1,2,1,1,1,I-95,,99998,25.921,-80.211,0,21,0,0,1,1,0,3,3,1,0,1,0,0,99,99,99,99,99,99,0,0,0,1,0,1
12,122195,1,1,0,0,0,1,1,1,0,12,10,2016,4,6,52,1,1,2,1,2,US-301,CR-1471,99998,29.761,-82.141,0,31,0,1,3,4,0,4,2,10,0,10,0,0,99,99,99,99,88,88,0,0,0,1,0,0
12,122199,1,1,0,0,0,1,1,57,0,14,10,2016,6,3,10,1,2,1,1,1,I-275,,99998,27.961,-82.454,0,25,0,0,1,1,0,3,3,1,0,1,0,0,99,99,99,99,88,88,0,0,0,1,1,2