STATE,ST_CASE,VE_TOTAL,VE_FORMS,PVH_INVL,PEDS,PERNOTMVIT,PERMVIT,PERSONS,COUNTY,CITY,DAY,MONTH,YEAR,DAY_WEEK,HOUR,MINUTE,NHS,RUR_URB,FUNC_SYS,RD_OWNER,ROUTE,TWAY_ID,TWAY_ID2,MILEPT,LATITUDE,LONGITUD,SP_JUR,HARM_EV,MAN_COLL,RELJCT1,RELJCT2,TYP_INT,WRK_ZONE,REL_ROAD,LGT_COND,WEATHER1,WEATHER2,WEATHER,SCH_BUS,RAIL,NOT_HOUR,NOT_MIN,ARR_HOUR,ARR_MIN,HOSP_HR,HOSP_MN,CF1,CF2,CF3,FATALS,DRUNK_DR,RANK
12,122200,3,1,2,1,1,1,1,57,0,9,10,2016,1,4,16,1,2,1,1,1,I-75,,99998,27.783,-82.36,0,8,0,0,1,1,0,2,2,1,0,1,0,0,99,99,99,99,88,88,0,0,0,1,1,2
12,122201,1,1,0,0,0,1,1,89,0,7,10,2016,6,23,41,1,1,2,1,2,US-1,,99998,30.649,-81.873,0,1,0,0,1,1,0,1,2,2,0,2,0,0,99,99,99,99,88,88,0,0,0,1,0,1
12,122209,1,1,0,1,1,2,2,5,2451,1,10,2016,7,19,13,1,2,2,1,2,US-98,,99998,30.235,-85.902,0,8,0,0,1,1,0,1,2,1,0,1,0,0,99,99,99,99,99,99,0,0,0,1,0,0
12,122210,2,2,0,0,0,2,2,95,0,11,10,2016,3,4,40,1,1,3,1,3,SR-50,FORSYTH RD,99998,28.567,-81.294,0,12,1,0,3,2,0,1,3,1,0,1,0,0,99,99,99,99,99,99,0,0,0,1,0,0
12,122212,2,2,0,1,1,3,3,57,0,30,9,2016,6,3,22,1,2,1,1,1,I-75,,99998,28.042,-82.351,0,8,0,0,1,1,0,1,3,1,0,1,0,0,99,99,99,99,99,99,0,0,0,1,0,2
12,122216,1,1,0,1,1,2,2,115,0,10,10,2016,2,6,28,1,2,3,1,2,US-41,SEMINOLE DR,99998,27.062,-82.416,0,8,0,0,3,2,0,1,1,1,0,1,0,0,99,99,99,99,88,88,0,0,0,1,0,0
12,122217,2,2,0,0,0,3,3,86,2023,8,10,2016,7,0,41,1,2,3,1,2,US-441,,99998,25.966,-80.206,0,12,1,0,1,1,0,1,3,10,0,10,0,0,99,99,99,99,88,88,0,0,0,1,0,0
12,122218,1,1,0,1,1,1,1,57,0,27,9,2016,3,19,47,1,2,3,1,2,US-41,BEACH AVE,99998,27.839,-82.382,0,8,0,0,3,2,0,1,3,1,0,1,0,0,99,99,99,99,99,99,0,0,0,1,0,0
12,122220,3,3,0,0,0,5,5,71,1070,23,9,2016,6,16,30,1,2,3,1,3,SR-82,,99998,26.613,-81.762,0,12,1,0,1,1,0,1,1,10,0,10,0,0,99,99,99,99,99,99,0,0,0,1,0,2
12,122222,3,3,0,0,0,6,6,89,0,5,10,2016,4,18,1,1,2,3,1,2,US-301,CR-119,99998,30.391,-81.936,0,12,2,0,2,2,0,1,1,10,0,10,0,0,99,99,99,99,99,99,0,0,0,2,1,1
12,122229,1,1,0,1,1,1,1,83,0,12,10,2016,4,23,25,1,1,1,1,1,I-75,,99998,29.245,-82.19,0,8,0,0,1,1,0,1,2,1,0,1,0,0,99,99,99,99,88,88,0,0,0,1,0,2
12,122231,2,2,0,0,0,3,3,31,1510,9,10,2016,1,1,10,1,1,1,1,1,I-95,CHURCH ST,99998,30.344,-81.668,0,12,1,0,1,1,0,1,3,1,0,1,0,0,99,99,99,99,99,99,0,0,0,1,0,1
12,122235,2,2,0,0,0,3,3,127,0,15,10,2016,7,22,35,1,1,1,1,1,I-4,,99998,29.103,-81.151,0,12,7,0,1,1,0,1,2,10,0,10,0,0,99,99,99,99,99,99,0,0,0,1,0,1
12,122236,2,2,0,0,0,2,2,9,0,15,10,2016,7,15,19,1,1,2,1,2,US-1,MCIVER LANE,99998,28.288,-80.697,0,12,6,1,2,2,0,1,1,10,0,10,0,0,99,99,99,99,99,99,0,0,0,1,0,1
12,122237,1,1,0,1,1,1,1,103,0,18,10,2016,3,7,0,0,1,4,25,4,CR-611,,99998,27.826,-82.7,0,8,0,0,1,1,0,1,3,1,0,1,0,0,99,99,99,99,99,99,0,0,0,1,0,2
12,122240,2,2,0,0,0,7,7,21,0,10,10,2016,2,8,32,1,2,3,1,2,US-41,SR-29,99998,25.911,-81.364,0,12,6,0,2,2,0,1,1,1,0,1,0,0,99,99,99,99,99,99,0,0,0,1,0,0
12,122241,1,1,0,0,0,1,1,11,0,8,10,2016,7,22,47,1,1,1,1,1,I-95,,99998,26.275,-80.125,0,25,0,0,1,1,0,3,3,1,0,1,0,0,99,99,99,99,99,99,0,0,0,1,0,1
12,122242,1,1,0,1,1,5,5,21,0,7,10,2016,6,7,0,1,1,3,1,3,SR-29,IMMOKALEE DR,99998,26.426,-81.44,0,8,0,0,2,6,0,1,2,10,0,10,0,0,99,99,99,99,99,99,0,0,0,1,0,2
12,122245,1,1,0,0,0,1,1,33,0,19,10,2016,4,16,39,1,2,1,1,1,I-10,,99998,30.533,-87.25,0,24,0,1,5,1,0,4,1,1,0,1,0,0,99,99,99,99,99,99,0,0,0,1,1,1
12,122247,2,2,0,0,0,2,2,103,1250,29,9,2016,5,20,22,0,1,4,25,4,CR-611,JERSEY AVE,99998,27.76,-82.7,0,5,0,0,3,2,0,1,3,2,0,2,0,0,99,99,99,99,99,99,14,0,0,1,0,2
12,122250,3,3,0,0,0,3,3,5,2450,1,9,2016,5,14,40,1,2,3,1,2,US-98,,99998,30.186,-85.733,0,12,6,1,18,1,0,1,1,2,0,2,0,0,99,99,99,99,99,99,0,0,0,1,0,0
12,122254,2,2,0,0,0,3,3,5,2450,14,10,2016,6,22,1,1,2,2,1,2,US-98,,99998,30.178,-85.702,0,12,1,0,1,1,0,1,3,1,0,1,0,0,99,99,99,99,99,99,0,0,0,1,0,0
12,122255,1,1,0,1,1,1,1,103,570,29,9,2016,5,5,45,1,2,3,1,3,SR-60,,99998,27.96,-82.745,0,8,0,0,1,1,0,1,3,2,0,2,0,0,99,99,99,99,88,88,0,0,0,1,0,2
12,122256,1,1,0,0,0,2,2,79,0,12,10,2016,4,23,18,1,1,1,1,1,I-10,,99998,30.373,-83.264,0,42,0,0,1,1,0,4,2,1,0,1,0,0,99,99,99,99,99,99,0,0,0,1,0,1
12,122257,2,2,0,0,0,3,3,57,0,12,10,2016,4,10,37,1,2,3,1,2,US-301,,99998,28.125,-82.237,0,12,2,0,1,1,0,1,1,10,0,10,0,0,99,99,99,99,99,99,0,0,0,2,0,0
12,122258,2,2,0,0,0,5,5,87,1505,14,10,2016,6,12,17,1,2,3,1,2,US-1,CR-905,99998,24.96,-80.568,0,12,6,0,2,3,0,1,1,1,0,1,0,0,99,99,99,99,99,99,0,0,0,2,0,1
12,122261,1,1,0,0,0,1,1,86,0,11,9,2016,1,2,30,1,2,1,1,1,I-95,,99998,25.941,-80.19,0,24,0,0,1,1,0,4,3,10,0,10,0,0,99,99,99,99,88,88,0,0,0,1,0,1
12,122262,1,1,0,0,0,2,2,127,0,14,10,2016,6,22,50,1,1,2,1,2,US-92,,99998,29.089,-81.231,0,42,0,0,1,1,0,4,2,1,0,1,0,0,99,99,99,99,99,99,0,0,0,2,0,1
12,122263,2,2,0,0,0,2,2,127,0,20,10,2016,5,23,40,1,1,3,1,3,SR-44,CUCUMBER LANE,99998,29.011,-81.062,0,12,2,0,1,1,0,1,2,1,0,1,0,0,99,99,99,99,99,99,0,0,0,1,1,2
12,122265,3,3,0,0,0,5,5,86,0,13,10,2016,5,22,58,1,2,3,1,3,SR-976,102 AVE,99998,25.733,-80.36,0,12,1,0,3,2,0,1,3,1,0,1,0,0,99,99,99,99,88,88,0,0,0,1,1,2
12,122266,1,1,0,1,1,3,3,11,0,20,10,2016,5,8,29,1,1,1,1,1,I-95,,99998,26.318,-80.116,0,9,0,1,5,1,0,4,1,10,0,10,0,0,99,99,99,99,99,99,0,0,0,1,0,1
12,122268,2,2,0,0,0,2,2,33,0,18,10,2016,3,21,35,1,2,3,1,3,SR-292,,99998,30.353,-87.379,0,12,1,0,1,1,0,1,2,1,0,1,0,0,99,99,99,99,88,88,14,0,0,1,0,2
12,122269,2,2,0,0,0,4,4,23,0,22,10,2016,7,15,18,1,1,1,1,1,I-10,,99998,30.256,-82.72,0,12,2,0,1,1,0,1,1,1,0,1,0,0,99,99,99,99,99,99,0,0,0,1,0,1
12,122271,1,1,0,1,1,1,1,95,0,20,10,2016,5,5,15,1,2,3,1,2,US-441,HOLDEN AVE,99998,28.494,-81.397,0,8,0,0,3,2,0,1,3,1,0,1,0,0,99,99,99,99,88,88,0,0,0,1,0,0
12,122272,2,2,0,0,0,4,4,31,110,20,10,2016,5,19,38,1,2,3,1,3,SR-A1A,W 10TH STREET,99998,30.331,-81.417,0,12,6,0,2,3,0,1,3,10,0,10,0,0,99,99,99,99,99,99,0,0,0,2,1,1
12,122273,2,2,0,0,0,2,2,75,982,24,9,2016,7,20,40,1,2,2,1,2,US-19,,99998,29.567,-82.91,0,12,1,0,1,1,0,1,2,1,0,1,0,0,99,99,99,99,88,88,0,0,0,1,0,0
12,122277,2,2,0,0,0,6,6,17,0,17,10,2016,2,17,30,1,1,3,1,3,SR-44,TIGHE DR,99998,28.855,-82.392,0,12,6,0,2,3,0,1,1,1,0,1,0,0,99,99,99,99,99,99,0,0,0,1,0,2
12,122281,1,1,0,0,0,2,2,23,0,20,10,2016,5,0,42,1,1,1,1,1,I-10,,99998,30.271,-82.776,0,1,0,0,1,1,0,5,2,1,0,1,0,0,99,99,99,99,99,99,0,0,0,1,0,1
12,122282,2,2,0,0,0,3,3,85,0,21,10,2016,6,5,35,1,1,3,1,3,SR-76,,99998,27.034,-80.399,0,12,6,0,1,1,0,1,2,1,0,1,0,0,99,99,99,99,99,99,19,0,0,1,0,2
12,122284,1,1,0,2,2,1,1,127,0,5,10,2016,4,6,50,1,1,2,1,2,US-17,,99998,29.122,-81.352,0,8,0,0,1,1,0,1,2,1,0,1,0,0,99,99,99,99,99,99,0,0,0,1,0,1
12,122291,2,2,0,0,0,2,2,73,0,23,8,2016,3,6,2,1,1,3,1,3,SR-20,GEDDIE RD,99998,30.444,-84.404,0,12,6,0,3,3,0,1,6,1,0,1,0,0,99,99,99,99,99,99,0,0,0,1,0,2
12,122295,3,3,0,0,0,6,6,121,0,25,10,2016,3,17,20,1,1,2,1,2,US-90,89TH RD,99998,30.264,-82.917,0,12,1,0,3,3,0,1,1,1,0,1,0,0,99,99,99,99,99,99,0,0,0,1,0,0
12,122296,3,3,0,0,0,5,5,27,0,10,10,2016,2,15,45,1,1,3,1,3,SR-31,,99998,27.178,-81.828,0,12,6,0,1,1,0,1,1,10,0,10,0,0,99,99,99,99,99,99,0,0,0,2,0,2
12,122299,3,3,0,0,0,5,5,127,2375,14,10,2016,6,16,59,1,2,1,1,1,I-95,,99998,29.303,-81.132,0,12,7,0,1,1,0,1,1,10,0,10,0,0,99,99,99,99,99,99,0,0,0,1,0,1
12,122304,3,3,0,2,2,3,3,31,1510,30,10,2016,1,2,20,1,2,3,1,2,US-1,,99998,30.521,-81.799,0,12,1,0,1,1,0,1,3,1,0,1,0,0,99,99,99,99,99,99,0,0,0,2,1,1
12,122306,1,1,0,1,1,1,1,99,3190,28,10,2016,6,20,30,1,2,3,1,2,US-1,39TH ST,99998,26.748,-80.057,0,8,0,0,2,2,0,1,3,1,0,1,0,0,99,99,99,99,88,88,0,0,0,1,0,1
12,122307,2,2,0,0,0,2,2,89,0,28,10,2016,6,6,27,1,1,3,1,2,US-1,PINEBREEZE CIR,99998,30.539,-81.812,0,12,6,0,2,3,0,1,2,5,0,5,0,0,99,99,99,99,99,99,0,0,0,1,0,1
12,122309,2,2,0,0,0,3,3,121,0,29,10,2016,7,15,50,1,1,3,1,3,SR-247,77TH RD,99998,29.97,-82.898,0,12,6,1,2,2,0,1,1,1,0,1,0,0,99,99,99,99,99,99,0,0,0,1,0,1
12,122313,1,1,0,0,0,1,1,87,0,30,10,2016,1,22,40,1,1,3,1,2,US-1,OLD HIGHWAY,99998,24.902,-80.654,0,42,0,0,1,1,0,5,3,10,0,10,0,0,99,99,99,99,99,99,0,0,0,1,1,1
12,122314,3,3,0,0,0,4,4,95,0,22,10,2016,7,22,58,1,1,3,1,3,SR-50,SR-417,99998,28.568,-81.265,0,12,6,1,2,2,0,1,3,1,0,1,0,0,99,99,99,99,99,99,0,0,0,1,0,0
12,122315,2,2,0,0,0,3,3,33,0,28,10,2016,6,17,40,1,2,3,1,3,SR-292,,99998,30.291,-87.47,0,12,6,0,1,1,0,1,1,1,0,1,0,0,99,99,99,99,99,99,0,0,0,1,0,2
12,122318,2,2,0,1,1,3,3,107,0,30,10,2016,1,19,0,1,1,2,1,2,US-17,,99998,29.635,-81.589,0,8,0,0,1,1,0,1,2,10,0,10,0,0,99,99,99,99,88,88,0,0,0,1,0,1
12,122319,2,2,0,0,0,2,2,69,1240,31,10,2016,2,9,46,1,2,3,1,3,SR-19,,99998,28.641,-81.809,0,12,6,1,18,1,0,1,1,1,0,1,0,0,99,99,99,99,99,99,0,0,0,1,0,2
12,122320,1,1,0,1,1,1,1,69,1820,30,10,2016,1,0,1,1,2,2,1,2,US-27,,99998,28.781,-81.888,0,8,0,0,99,99,0,99,2,5,0,5,0,0,99,99,99,99,88,88,0,0,0,1,0,0
12,122321,1,1,0,1,1,2,2,127,780,23,10,2016,1,19,45,1,2,1,1,1,I-4,,99998,29.148,-81.115,0,8,0,0,5,1,0,1,2,1,0,1,0,0,99,99,99,99,88,88,0,0,0,1,0,1
12,122323,2,2,0,0,0,5,5,1,1130,28,10,2016,6,1,5,1,2,3,1,2,US-441,,99998,29.601,-82.34,0,12,2,0,1,1,0,1,2,1,0,1,0,0,99,99,99,99,99,99,0,0,0,2,2,0
12,122324,3,3,0,0,0,7,7,127,0,26,10,2016,4,16,55,1,1,3,1,3,SR-44,PREVATT AVE,99998,29.019,-81.219,0,12,1,0,3,2,0,1,1,1,0,1,0,0,99,99,99,99,99,99,0,0,0,1,0,2
12,122329,1,1,0,1,1,1,1,101,2180,18,10,2016,3,19,58,1,2,3,1,2,US-19,,99998,28.251,-82.728,0,8,0,0,1,1,0,1,3,1,0,1,0,0,99,99,99,99,88,88,0,0,0,1,0,0
12,122331,2,2,0,0,0,3,3,85,0,19,10,2016,4,13,26,1,1,3,1,3,SR-76,SW RIVER DR,99998,27.152,-80.245,0,12,6,0,2,3,0,1,1,1,0,1,0,0,99,99,99,99,88,88,0,0,0,1,0,2
12,122333,1,1,0,1,1,1,1,127,780,2,11,2016,4,18,49,1,1,1,1,1,I-95,,99998,29.164,-81.081,0,8,0,1,18,1,4,1,5,10,0,10,0,0,99,99,99,99,88,88,0,0,0,1,0,1
12,122336,1,1,0,0,0,1,1,111,0,2,11,2016,4,6,46,1,1,3,1,3,SR-70,,99998,27.335,-80.649,0,3,0,0,1,1,0,6,4,5,0,5,0,0,99,99,99,99,88,88,0,0,0,1,0,1
12,122339,2,2,0,0,0,2,2,123,0,31,10,2016,2,6,50,1,1,2,1,2,US-19,,99998,30.053,-83.552,0,12,1,0,1,1,0,1,2,1,0,1,0,0,99,99,99,99,99,99,0,0,0,1,0,0
12,122340,1,1,0,0,0,1,1,1,0,1,11,2016,3,6,5,1,1,2,1,2,US-441,,99998,29.58,-82.337,0,1,0,0,1,1,0,4,2,1,0,1,0,0,99,99,99,99,88,88,0,0,0,1,0,0
12,122341,1,1,0,1,1,1,1,31,1510,3,11,2016,5,6,23,1,2,3,1,3,SR-15,,99998,30.282,-81.589,0,8,0,0,1,1,0,1,2,10,0,10,0,0,99,99,99,99,88,88,0,0,0,1,1,0
12,122345,1,1,0,1,1,1,1,31,1510,5,11,2016,7,23,45,1,2,3,1,3,SR-15,,99998,30.396,-81.739,0,8,0,0,1,1,0,1,2,1,0,1,0,0,99,99,99,99,88,88,0,0,0,1,0,0
12,122347,1,1,0,0,0,3,3,63,0,30,10,2016,1,7,45,1,1,3,1,3,SR-2,,99998,30.975,-85.092,0,42,0,0,1,1,0,4,1,1,0,1,0,0,99,99,99,99,88,88,0,0,0,3,0,2
12,122348,2,2,0,0,0,2,2,115,0,22,10,2016,7,2,56,1,2,3,1,2,US-41,ROBERTS RD,99998,27.142,-82.46,0,12,1,0,3,2,0,1,3,1,0,1,0,0,99,99,99,99,99,99,0,0,0,1,0,0
12,122349,1,1,0,0,0,1,1,103,0,19,10,2016,4,23,30,1,1,1,1,1,I-275,,99998,27.851,-82.664,0,24,0,0,1,1,0,3,3,1,0,1,0,0,99,99,99,99,99,99,0,0,0,1,1,2
12,122351,3,3,0,0,0,10,10,99,0,31,10,2016,2,7,40,1,1,3,1,2,US-98,,99998,26.684,-80.323,0,12,1,0,8,1,0,1,1,10,0,10,0,0,99,99,99,99,99,99,14,0,0,1,0,0
12,122352,2,2,0,0,0,3,3,5,0,28,10,2016,6,8,45,1,1,3,1,3,SR-77,CR-388,99998,30.322,-85.66,0,12,2,0,2,2,0,1,1,1,0,1,0,0,99,99,99,99,99,99,0,0,0,2,0,1
12,122355,1,1,0,0,0,4,4,57,0,6,11,2016,1,2,32,1,2,1,1,1,I-75,,99998,27.952,-82.328,0,24,0,0,1,1,0,3,3,10,0,10,0,0,99,99,99,99,99,99,0,0,0,3,1,2
12,122357,2,2,0,0,0,3,3,105,0,23,10,2016,1,5,55,1,1,1,1,1,I-4,,99998,28.257,-81.616,0,12,7,0,1,1,0,1,2,1,0,1,0,0,99,99,99,99,88,88,0,0,0,1,0,1
12,122364,2,2,0,0,0,5,5,81,0,5,11,2016,7,3,14,1,1,3,1,3,SR-70,LOCKWOOD RIDGE RD,99998,27.446,-82.506,0,12,6,0,2,2,0,1,3,1,0,1,0,0,99,99,99,99,99,99,0,0,0,1,0,1
12,122366,2,2,0,0,0,2,2,95,0,2,11,2016,4,20,26,1,1,2,31,3,SR-528,,99998,28.451,-81.108,0,1,0,0,1,1,0,1,2,1,0,1,0,0,99,99,99,99,88,88,0,0,0,1,0,1
12,122369,2,1,1,1,1,1,1,11,790,18,10,2016,3,14,30,1,1,3,1,3,SR-91,,99998,26.296,-80.169,0,14,0,0,1,1,0,2,1,1,0,1,0,0,99,99,99,99,99,99,0,0,0,1,0,2
12,122371,1,1,0,0,0,1,1,107,0,6,11,2016,1,2,55,1,1,3,1,2,US-17,,99998,29.646,-81.604,0,42,0,0,1,1,0,3,3,10,0,10,0,0,99,99,99,99,99,99,0,0,0,1,1,1
12,122372,2,2,0,0,0,2,2,33,0,3,11,2016,5,19,10,1,2,2,1,2,US-29,DIAMOND DAIRY RD,99998,30.498,-87.264,0,12,7,1,3,2,0,1,3,1,0,1,0,0,99,99,99,99,99,99,0,0,0,1,0,0
12,122373,2,2,0,0,0,2,2,69,1820,20,10,2016,5,7,46,1,2,3,1,2,US-441,SKINNER AVE,99998,28.824,-81.791,0,12,1,0,3,3,0,1,1,1,0,1,0,0,99,99,99,99,99,99,0,0,0,1,0,0
12,122375,5,5,0,0,0,7,7,69,0,31,10,2016,2,5,42,1,1,3,1,2,US-27,INDEPENDENCE BLVD,99998,28.647,-81.828,0,12,6,0,2,3,0,1,2,5,0,5,0,0,99,99,99,99,99,99,0,0,0,1,0,0
12,122376,1,1,0,1,1,1,1,31,1510,8,11,2016,3,20,9,1,2,3,1,3,SR-152,OLD BAYMEADOWS RD,99998,30.221,-81.559,0,15,0,0,2,2,0,1,2,1,0,1,0,0,99,99,99,99,99,99,0,0,0,1,0,1
12,122378,1,1,0,0,0,2,2,111,2601,3,11,2016,5,17,50,1,1,1,1,1,I-95,,99998,27.229,-80.403,0,42,0,0,1,1,0,3,1,10,0,10,0,0,99,99,99,99,88,88,0,0,0,2,0,1
12,122380,2,2,0,0,0,4,4,27,0,8,11,2016,3,9,55,1,1,3,1,3,SR-70,,99998,27.274,-82.013,0,12,2,0,1,1,0,1,1,1,0,1,0,0,99,99,99,99,99,99,0,0,0,1,0,1
12,122382,1,1,0,1,1,1,1,101,0,21,10,2016,6,16,40,1,1,3,1,2,US-19,FLORA AVE,99998,28.177,-82.741,0,8,0,0,3,2,0,1,1,1,0,1,0,0,16,43,16,47,99,99,0,0,0,1,0,0
12,122383,1,1,0,1,1,1,1,83,0,25,10,2016,3,19,33,1,1,3,1,2,US-441,104TH AVE,99998,28.975,-81.98,0,8,0,0,3,2,0,1,2,1,0,1,0,0,99,99,99,99,99,99,0,0,0,1,0,0
12,122387,1,1,0,0,0,1,1,9,2424,9,11,2016,4,14,21,1,2,1,1,1,I-95,,99998,28.012,-80.64,0,43,0,0,1,1,0,4,1,1,0,1,0,0,99,99,99,99,99,99,0,0,0,1,1,1
12,122391,2,2,0,0,0,2,2,5,0,12,11,2016,7,16,35,1,2,3,1,2,US-231,JULIE DR,99998,30.266,-85.533,0,12,6,0,2,3,0,1,1,1,0,1,0,0,99,99,99,99,99,99,0,0,0,1,0,0
12,122392,10,10,0,0,0,13,13,86,0,1,11,2016,3,13,42,1,2,3,1,2,US-41,SW 137TH AVE,99998,25.761,-80.417,0,12,1,0,3,2,0,1,1,1,0,1,0,0,99,99,99,99,99,99,0,0,0,1,0,0
12,122393,1,1,0,1,1,1,1,11,1781,13,11,2016,1,5,15,1,2,3,1,3,SR-7,,99998,26.186,-80.204,0,8,0,0,1,1,0,1,2,1,0,1,0,0,99,99,99,99,88,88,0,0,0,1,0,2
12,122394,1,1,0,1,1,1,1,101,2180,10,11,2016,5,18,27,1,2,2,1,2,US-19,,99998,28.254,-82.728,0,9,0,0,1,1,0,1,3,1,0,1,0,0,99,99,99,99,99,99,0,0,0,1,0,0
12,122395,1,1,0,0,0,1,1,11,3193,5,11,2016,7,8,17,1,2,2,1,2,US-27,,99998,26.144,-80.442,0,42,0,1,19,1,0,4,1,1,0,1,0,0,99,99,99,99,88,88,0,0,0,1,0,0
12,122396,1,1,0,0,0,4,4,85,0,4,11,2016,6,16,0,1,1,1,1,1,I-95,,99998,26.995,-80.195,0,1,0,0,1,1,0,4,1,10,0,10,0,0,99,99,99,99,99,99,0,0,0,1,0,1
12,122397,1,1,0,0,0,1,1,115,2780,9,11,2016,4,0,50,1,1,3,1,3,SR-72,GATEWAY AVE,99998,27.265,-82.518,0,33,0,0,3,2,0,3,3,10,0,10,0,0,99,99,99,99,99,99,0,0,0,1,1,2
12,122398,1,1,0,0,0,3,3,11,2916,27,10,2016,5,4,52,1,1,3,1,3,SR-91,,99998,26.147,-80.219,0,1,0,0,1,1,0,3,3,1,0,1,0,0,99,99,99,99,99,99,0,0,0,1,1,2
12,122399,1,1,0,1,1,1,1,81,0,31,10,2016,2,0,0,1,1,3,1,3,SR-64,,99998,27.472,-82.057,0,8,0,0,1,1,0,1,2,1,0,1,0,0,99,99,99,99,88,88,0,0,0,1,0,2
12,122401,2,2,0,0,0,2,2,99,3190,12,11,2016,7,11,37,1,2,3,1,3,SR-704,,99998,26.709,-80.195,0,12,2,0,1,1,0,1,1,1,0,1,0,0,99,99,99,99,99,99,0,0,0,1,0,2
12,122402,2,2,0,0,0,2,2,1,1130,10,11,2016,5,17,52,1,1,3,1,3,SR-20,,99998,29.598,-82.114,0,31,0,0,1,1,0,4,5,10,0,10,0,0,99,99,99,99,99,99,19,0,0,1,0,2
12,122406,1,1,0,0,0,1,1,121,0,9,11,2016,4,9,50,1,1,1,1,1,I-10,,99998,30.352,-83.041,0,42,0,0,1,1,0,3,1,10,0,10,0,0,99,99,99,99,88,88,0,0,0,1,0,1
12,122410,2,2,0,0,0,3,3,1,0,11,11,2016,6,23,0,1,1,3,1,2,US-27,175TH AVE,99998,29.486,-82.491,0,12,6,1,2,3,0,1,2,1,0,1,0,0,99,99,99,99,99,99,0,0,0,1,0,0
12,122412,2,2,0,0,0,2,2,9,1990,14,11,2016,2,0,35,1,1,1,1,1,I-95,404PINEDA CSWY,99998,28.188,-80.706,0,12,1,0,1,1,0,1,2,1,0,1,0,0,99,99,99,99,88,88,0,0,0,1,1,1
12,122413,2,2,0,0,0,3,3,86,1440,11,11,2016,6,20,10,1,2,2,1,2,US-1,137TH AVE,99998,25.535,-80.413,0,12,6,1,2,2,0,1,3,1,0,1,0,0,99,99,99,99,88,88,0,0,0,1,0,1
12,122414,1,1,0,0,0,2,2,86,0,30,10,2016,1,4,44,1,2,1,1,1,I-95,151ST ST,99998,25.912,-80.21,0,25,0,0,1,1,0,4,3,2,0,2,0,0,99,99,99,99,99,99,0,0,0,1,0,1
12,122417,1,1,0,0,0,1,1,11,2541,11,2,2016,5,23,6,1,2,3,1,3,SR-817,,99998,26.101,-80.25,0,33,0,0,1,1,0,4,3,1,0,1,0,0,99,99,99,99,88,88,0,0,0,1,0,2
12,122421,1,1,0,0,0,2,2,61,2790,25,9,2016,1,2,19,1,2,3,1,2,US-1,,99998,27.823,-80.473,0,5,0,0,1,1,0,1,2,1,0,1,0,0,99,99,99,99,99,99,0,0,0,1,1,1
12,122423,1,1,0,0,0,2,2,9,0,17,11,2016,5,22,21,1,1,3,1,3,SR-50,,99998,28.551,-80.863,0,1,0,0,1,1,0,4,2,1,0,1,0,0,99,99,99,99,88,88,0,0,0,1,1,0
12,122426,2,2,0,0,0,4,4,86,2010,16,10,2016,1,22,44,0,2,5,25,5,1ST AVE,12TH ST,99998,25.786,-80.192,0,12,6,0,2,2,0,1,3,1,0,1,0,0,99,99,99,99,99,99,0,0,0,1,1,2
12,122427,1,1,0,1,1,1,1,31,1510,19,11,2016,7,23,34,1,2,3,1,3,SR-115,,99998,30.416,-81.696,0,8,0,0,1,1,0,1,3,1,0,1,0,0,99,99,99,99,99,99,0,0,0,1,0,2
12,122428,2,2,0,0,0,2,2,1,0,14,11,2016,2,10,58,1,1,3,1,3,SR-121,,99998,29.55,-82.394,0,12,2,0,1,1,0,1,1,10,0,10,0,0,99,99,99,99,88,88,0,0,0,2,0,2
12,122429,1,1,0,0,0,1,1,101,0,6,11,2016,1,18,56,1,1,3,1,3,SR-54,,99998,28.194,-82.589,0,1,0,0,1,1,0,1,5,1,0,1,0,0,99,99,99,99,99,99,0,0,0,1,0,2
12,122430,1,1,0,0,0,2,2,35,0,30,10,2016,1,2,41,1,1,2,1,2,US-1,,99998,29.621,-81.282,0,1,0,0,1,1,0,4,2,10,0,10,0,0,99,99,99,99,99,99,0,0,0,1,1,1
12,122434,2,2,0,0,0,2,2,103,0,8,11,2016,3,9,15,1,1,1,1,1,I-275,,99998,27.716,-82.679,0,1,0,0,1,1,0,3,1,1,0,1,0,0,99,99,99,99,99,99,0,0,0,1,0,1
12,122435,1,1,0,1,1,1,1,57,0,16,11,2016,4,23,37,1,2,1,1,1,I-275,,99998,27.961,-82.454,0,8,0,0,1,1,0,1,3,1,0,1,0,0,99,99,99,99,88,88,19,0,0,1,0,1
12,122437,1,1,0,0,0,1,1,11,2570,7,11,2016,2,12,16,1,1,1,1,1,I-95,COPANS RD,99998,26.257,-80.136,0,25,0,1,19,1,0,3,1,1,0,1,0,0,99,99,99,99,99,99,0,0,0,1,0,1
12,122439,2,2,0,0,0,3,3,21,0,8,11,2016,3,8,50,1,1,3,1,3,SR-29,,99998,26.401,-81.389,0,12,2,0,1,1,0,4,1,1,0,1,0,0,99,99,99,99,99,99,0,0,0,2,0,2