STATE,ST_CASE,VE_TOTAL,VE_FORMS,PVH_INVL,PEDS,PERNOTMVIT,PERMVIT,PERSONS,COUNTY,CITY,DAY,MONTH,YEAR,DAY_WEEK,HOUR,MINUTE,NHS,RUR_URB,FUNC_SYS,RD_OWNER,ROUTE,TWAY_ID,TWAY_ID2,MILEPT,LATITUDE,LONGITUD,SP_JUR,HARM_EV,MAN_COLL,RELJCT1,RELJCT2,TYP_INT,WRK_ZONE,REL_ROAD,LGT_COND,WEATHER1,WEATHER2,WEATHER,SCH_BUS,RAIL,NOT_HOUR,NOT_MIN,ARR_HOUR,ARR_MIN,HOSP_HR,HOSP_MN,CF1,CF2,CF3,FATALS,DRUNK_DR,RANK
12,122440,2,2,0,0,0,4,4,71,0,31,10,2016,2,23,24,1,1,2,1,2,US-41,MICHAEL G RIPPE PKWY,99998,26.491,-81.844,0,12,6,1,2,2,0,1,3,1,0,1,0,0,99,99,99,99,99,99,0,0,0,1,1,0
12,122442,1,1,0,1,1,1,1,31,1510,29,10,2016,7,22,8,1,2,1,1,1,I-95,,99998,30.404,-81.659,0,8,0,1,18,1,0,1,3,1,0,1,0,0,99,99,99,99,88,88,0,0,0,1,0,1
12,122444,1,1,0,0,0,1,1,81,0,9,11,2016,4,19,15,1,1,1,1,1,I-75,LINGER LODGE RD OVERPASS,99998,27.428,-82.459,0,21,0,0,1,1,0,3,2,1,0,1,0,0,99,99,99,99,88,88,0,0,0,1,0,2
12,122445,2,2,0,0,0,3,3,31,1510,19,11,2016,7,23,50,1,2,1,1,1,I-295,,99998,30.236,-81.514,0,54,11,0,1,1,0,1,3,1,0,1,0,0,99,99,99,99,99,99,14,0,0,1,0,2
12,122450,2,2,0,0,0,2,2,83,0,17,11,2016,5,0,53,1,1,1,1,1,I-75,,99998,29.174,-82.185,0,12,1,0,1,1,0,1,2,1,0,1,0,0,99,99,99,99,88,88,0,0,0,1,0,2
12,122452,1,1,0,0,0,1,1,31,1510,6,11,2016,1,17,18,1,2,3,1,3,SR-113,,99998,30.216,-81.591,0,30,0,0,1,1,0,3,5,1,0,1,0,0,99,99,99,99,99,99,0,0,0,1,0,1
12,122453,2,2,0,0,0,2,2,53,0,11,11,2016,6,9,45,1,1,3,1,2,US-301,BUTTERNUT DR,99998,28.553,-82.16,0,12,6,0,1,1,0,1,1,1,0,1,0,0,99,99,99,99,99,99,0,0,0,1,0,0
12,122455,1,1,0,1,1,1,1,111,0,21,11,2016,2,5,33,0,1,4,25,4,CR-611,,99998,27.432,-80.383,0,8,0,0,1,1,0,1,2,1,0,1,0,0,99,99,99,99,88,88,0,0,0,1,0,2
12,122457,1,1,0,1,1,2,2,11,1050,8,11,2016,3,21,11,1,2,3,3,2,US-1,38TH ST,99998,26.174,-80.12,0,15,0,0,3,2,0,1,3,1,0,1,0,0,99,99,99,99,99,99,0,0,0,1,0,1
12,122461,1,1,0,0,0,1,1,107,0,22,11,2016,3,6,13,1,1,3,1,3,SR-26,,99998,29.725,-81.988,0,1,0,0,1,1,0,4,1,10,0,10,0,0,99,99,99,99,99,99,0,0,0,1,0,1
12,122462,1,1,0,3,3,1,1,33,0,19,11,2016,7,0,5,1,2,3,3,2,US-98,CR-295A,99998,30.406,-87.274,0,8,0,0,2,2,0,1,2,1,0,1,0,0,99,99,99,99,99,99,0,0,0,1,0,0
12,122466,2,2,0,0,0,3,3,57,0,23,11,2016,4,13,47,1,2,1,1,1,I-75,,99998,27.936,-82.33,0,12,1,1,18,1,0,1,1,10,0,10,0,0,99,99,99,99,99,99,28,0,0,1,0,2
12,122470,1,1,0,0,0,1,1,63,0,17,11,2016,5,21,0,1,1,2,1,2,US-321,,99998,30.58,-85.387,0,59,0,0,1,1,0,4,2,1,0,1,0,0,99,99,99,99,88,88,0,0,0,1,0,0
12,122471,2,1,1,0,0,1,1,71,0,17,11,2016,5,7,34,1,1,1,1,1,I-75,,99998,26.606,-81.801,0,14,0,0,1,1,0,2,1,1,0,1,0,0,99,99,99,99,88,88,0,0,0,1,0,2
12,122472,4,3,1,0,0,3,3,31,1510,5,11,2016,7,11,8,1,2,3,1,3,SR-21,105TH ST,99998,30.245,-81.743,0,12,1,1,2,2,0,1,1,1,0,1,0,0,99,99,99,99,99,99,14,0,0,1,0,2
12,122473,1,1,0,1,1,3,3,113,0,21,11,2016,2,19,5,1,1,2,1,2,US-98,,99998,30.404,-86.973,0,8,0,0,1,1,0,2,3,1,0,1,0,0,99,99,99,99,88,88,0,0,0,1,0,0
12,122474,1,1,0,1,1,1,1,31,1510,28,10,2016,6,19,28,1,1,1,1,1,I-95,,99998,30.356,-81.669,0,8,0,0,1,1,0,1,3,1,0,1,0,0,99,99,99,99,99,99,0,0,0,1,0,1
12,122476,1,1,0,1,1,1,1,109,0,24,11,2016,5,5,35,1,1,2,1,2,US-1,,99998,29.79,-81.319,0,8,0,0,1,1,0,1,2,1,0,1,0,0,99,99,99,99,88,88,0,0,0,1,0,1
12,122477,1,1,0,0,0,1,1,115,0,18,11,2016,6,21,48,1,1,3,1,3,SR-72,HI-HAT RANCH BLVD,99998,27.246,-82.362,0,42,0,0,1,1,0,6,2,1,0,1,0,0,99,99,99,99,88,88,0,0,0,1,1,2
12,122478,1,1,0,1,1,1,1,89,0,22,11,2016,3,7,24,1,1,3,1,3,SR-200,,99998,30.627,-81.549,0,8,0,0,1,1,0,1,1,1,0,1,0,0,99,99,99,99,88,88,0,0,0,1,0,1
12,122479,1,1,0,0,0,1,1,39,0,21,11,2016,2,23,22,1,1,2,1,2,US-90,RIVER BIRCH RD,99998,30.521,-84.468,0,1,0,0,1,1,0,4,2,1,0,1,0,0,99,99,99,99,99,99,0,0,0,1,1,0
12,122482,1,1,0,0,0,1,1,1,0,21,11,2016,2,18,55,1,1,1,1,1,I-75,,99998,29.716,-82.466,0,24,0,0,1,1,0,3,2,1,0,1,0,0,99,99,99,99,88,88,0,0,0,1,0,2
12,122483,1,1,0,1,1,1,1,117,0,12,11,2016,7,4,15,1,2,3,1,2,US-17,,99998,28.651,-81.349,0,8,0,0,1,1,0,1,2,1,0,1,0,0,99,99,99,99,99,99,0,0,0,1,0,1
12,122484,1,1,0,1,1,1,1,53,0,14,11,2016,2,17,59,1,1,3,1,3,SR-50,COASTAL BLVD,99998,28.534,-82.505,0,8,0,0,3,2,0,1,3,2,0,2,0,0,99,99,99,99,88,88,0,0,0,1,0,0
12,122486,1,1,0,1,1,1,1,57,2950,27,11,2016,1,1,30,1,2,1,1,1,I-275,,99998,28.051,-82.455,0,8,0,1,17,1,0,1,3,1,0,1,0,0,99,99,99,99,88,88,23,0,0,1,1,2
12,122487,1,1,0,0,0,1,1,86,2023,16,11,2016,4,2,48,1,2,1,1,1,I-95,,99998,25.938,-80.197,0,24,0,0,1,1,0,4,3,10,0,10,0,0,99,99,99,99,88,88,0,0,0,1,1,1
12,122488,4,4,0,0,0,5,5,63,0,15,11,2016,3,17,31,1,1,3,1,3,SR-71,,99998,30.668,-85.168,0,12,1,0,1,1,0,1,2,1,0,1,0,0,99,99,99,99,99,99,0,0,0,1,0,2
12,122489,2,2,0,0,0,4,4,71,0,6,11,2016,1,1,3,1,1,3,1,3,SR-82,,99998,26.555,-81.652,0,12,2,0,1,1,0,1,2,1,0,1,0,0,99,99,99,99,99,99,0,0,0,1,1,2
12,122490,2,2,0,0,0,4,4,81,0,19,11,2016,7,1,27,1,1,3,1,3,SR-64,LAKEWOOD RANCH BLVD,99998,27.485,-82.434,0,12,6,0,2,2,0,1,3,1,0,1,0,0,99,99,99,99,99,99,0,0,0,1,1,2
12,122491,1,1,0,0,0,3,3,21,0,30,10,2016,1,19,26,1,1,1,1,1,I-75,,99998,26.196,-81.736,0,59,0,0,1,1,0,4,2,1,0,1,0,0,99,99,99,99,99,99,0,0,0,1,0,2
12,122492,2,2,0,1,1,3,3,101,0,18,11,2016,6,18,28,1,1,2,1,2,US-19,,99998,28.293,-82.71,0,8,0,0,1,1,0,1,3,1,0,1,0,0,18,29,18,30,88,88,0,0,0,1,0,0
12,122494,1,1,0,0,0,1,1,115,0,28,10,2016,6,16,37,1,1,2,1,2,US-41,CR-777,99998,27.042,-82.3,0,1,0,1,3,2,0,3,1,1,0,1,0,0,99,99,99,99,99,99,0,0,0,1,0,0
12,122495,1,1,0,1,1,1,1,87,1568,8,11,2016,3,19,56,1,2,3,1,2,US-1,MICHELLE DR,99998,25.109,-80.427,0,8,0,0,2,3,0,1,3,1,0,1,0,0,99,99,99,99,99,99,0,0,0,1,0,1
12,122497,2,2,0,0,0,5,5,131,0,23,11,2016,4,9,45,1,1,3,1,3,SR-85,CR-147,99998,30.967,-86.389,0,12,6,1,8,1,0,1,1,10,0,10,0,0,99,99,99,99,99,99,0,0,0,1,0,1
12,122504,1,1,0,0,0,1,1,17,0,28,11,2016,2,10,10,1,1,2,1,2,US-19,,99998,28.789,-82.566,0,34,0,0,1,1,4,3,1,10,0,10,0,0,99,99,99,99,99,99,0,0,0,1,0,0
12,122506,2,2,0,0,0,3,3,19,0,18,11,2016,6,15,19,1,1,3,1,3,SR-16,CR-315,99998,29.984,-81.719,0,12,6,0,3,3,0,1,1,1,0,1,0,0,99,99,99,99,99,99,0,0,0,1,0,2
12,122507,2,2,0,0,0,3,3,53,0,23,11,2016,4,20,0,1,1,2,1,2,US-19,,99998,28.532,-82.568,0,12,2,0,1,1,0,1,2,1,0,1,0,0,99,99,99,99,99,99,0,0,0,1,0,0
12,122510,3,3,0,0,0,4,4,107,0,18,11,2016,6,18,20,1,1,3,1,2,US-17,HORSE LANDING RD,99998,29.588,-81.608,0,12,2,0,2,3,4,1,2,1,0,1,0,0,99,99,99,99,99,99,0,0,0,1,0,1
12,122511,4,4,0,0,0,12,12,31,1510,25,11,2016,6,15,2,1,2,1,1,1,I-10,,99998,30.288,-81.991,0,12,1,0,1,1,0,1,1,1,0,1,0,0,99,99,99,99,99,99,0,0,0,1,0,1
12,122513,2,2,0,0,0,2,2,99,0,29,10,2016,7,4,49,1,1,3,1,3,SR-809,SUMMIT BOULEVARD,99998,26.663,-80.113,0,12,1,0,2,2,0,1,3,10,0,10,0,0,99,99,99,99,88,88,0,0,0,1,1,1
12,122514,1,1,0,1,1,1,1,99,9997,14,10,2016,6,4,38,1,1,3,1,3,SR-809,PURDY LN,99998,26.644,-80.112,0,8,0,0,2,2,0,1,3,10,0,10,0,0,99,99,99,99,99,99,0,0,0,1,1,1
12,122516,2,2,0,0,0,2,2,99,0,1,10,2016,7,21,44,1,1,2,1,2,US-98,,99998,26.637,-80.262,0,12,2,0,1,1,0,1,2,10,0,10,0,0,99,99,99,99,99,99,0,0,0,1,1,0
12,122517,1,1,0,1,1,1,1,87,1925,24,11,2016,5,19,55,1,2,2,1,2,US-1,,99998,24.726,-81.048,0,9,0,0,1,1,0,1,2,10,0,10,0,0,99,99,99,99,88,88,0,0,0,1,0,1
12,122519,3,3,0,1,1,5,5,15,0,24,11,2016,5,21,5,1,2,3,1,2,US-41,PAYNE ST,99998,26.868,-81.999,0,9,0,0,2,2,0,1,3,1,0,1,0,0,99,99,99,99,88,88,0,0,0,1,0,0
12,122520,3,3,0,0,0,4,4,7,0,21,11,2016,2,22,40,1,1,3,1,3,SR-100,,99998,29.998,-82.274,0,12,2,0,1,1,0,1,2,1,0,1,0,0,99,99,99,99,99,99,0,0,0,2,0,1
12,122521,2,2,0,0,0,5,5,75,0,23,11,2016,4,15,20,1,2,3,1,2,US-19,SR-24,99998,29.327,-82.769,0,12,6,0,2,2,0,1,1,1,0,1,0,0,99,99,99,99,99,99,0,0,0,1,0,0
12,122522,3,3,0,0,0,7,7,57,0,8,11,2016,3,14,3,1,2,1,1,1,I-75,,99998,28.067,-82.353,0,12,6,0,1,1,0,1,1,1,0,1,0,0,99,99,99,99,99,99,0,0,0,2,0,2
12,122525,2,2,0,0,0,2,2,99,0,4,11,2016,6,20,22,1,2,3,1,2,US-441,,99998,26.35,-80.231,0,12,1,0,1,1,0,1,3,1,0,1,0,0,99,99,99,99,99,99,0,0,0,1,1,0
12,122528,2,2,0,0,0,2,2,119,0,24,11,2016,5,15,30,1,2,3,1,2,US-301,CR-462,99998,28.887,-82.037,0,12,6,0,2,2,0,1,1,1,0,1,0,0,99,99,99,99,99,99,0,0,0,1,0,0
12,122529,2,2,0,0,0,2,2,79,0,28,11,2016,2,21,57,1,1,1,1,1,I-10,,99998,30.446,-83.711,0,12,1,0,1,1,0,1,2,1,0,1,0,0,99,99,99,99,99,99,0,0,0,1,0,1
12,122531,3,3,0,0,0,5,5,127,0,24,11,2016,5,14,57,0,1,4,25,4,CR-3,EMPORIA ROAD,99998,29.207,-81.448,0,12,6,0,2,2,0,1,1,1,0,1,0,0,99,99,99,99,99,99,0,0,0,1,0,2
12,122533,2,2,0,1,1,5,5,109,0,20,11,2016,1,2,10,1,1,2,1,2,US-1,,99998,29.787,-81.318,0,8,0,0,1,1,0,1,2,1,0,1,0,0,99,99,99,99,88,88,0,0,0,1,0,1
12,122534,3,3,0,0,0,9,9,11,1420,6,11,2016,1,12,11,1,2,1,1,1,I-95,,99998,25.995,-80.166,0,12,1,0,1,1,0,1,1,10,0,10,0,0,99,99,99,99,99,99,0,0,0,2,1,1
12,122535,2,2,0,0,0,2,2,83,0,26,11,2016,7,14,25,1,1,3,1,3,SR-200,69TH CT RD,99998,29.101,-82.235,0,12,6,0,2,2,0,1,1,1,0,1,0,0,99,99,99,99,99,99,0,0,0,1,0,1
12,122538,1,1,0,0,0,1,1,31,1510,24,9,2016,7,18,20,1,2,1,1,1,I-95,,99998,30.168,-81.56,0,24,0,0,5,1,0,4,5,1,0,1,0,0,99,99,99,99,88,88,0,0,0,1,1,1
12,122542,2,2,0,0,0,3,3,113,0,29,10,2016,7,15,0,1,1,3,1,2,US-98,CR-399,99998,30.952,-87.122,0,12,1,0,2,3,0,1,1,1,0,1,0,0,99,99,99,99,99,99,0,0,0,1,0,0
12,122543,1,1,0,0,0,1,1,123,0,18,11,2016,6,10,10,1,1,2,1,2,US-19,LEE ROY MORGAN RD,99998,29.933,-83.445,0,1,0,0,3,3,0,3,1,1,0,1,0,0,99,99,99,99,99,99,0,0,0,1,0,0
12,122545,2,2,0,0,0,2,2,117,0,16,11,2016,4,17,39,1,1,3,1,3,SR-46,,99998,28.734,-81.116,0,12,6,0,8,1,0,1,2,1,0,1,0,0,99,99,99,99,99,99,0,0,0,1,0,1
12,122549,1,1,0,1,1,1,1,91,1091,23,11,2016,4,23,48,1,2,3,1,3,SR-85,STAFF DR,99998,30.415,-86.606,0,8,0,0,3,3,0,1,3,1,0,1,0,0,99,99,99,99,88,88,0,0,0,1,0,1
12,122551,2,2,0,0,0,2,2,31,1510,27,11,2016,1,15,45,1,2,3,1,3,SR-109,,99998,30.333,-81.603,0,12,7,0,1,1,0,1,1,1,0,1,0,0,99,99,99,99,99,99,0,0,0,1,0,2
12,122553,1,1,0,0,0,1,1,57,0,26,10,2016,4,17,56,1,2,3,1,2,US-301,,99998,27.84,-82.328,0,38,0,0,1,1,0,4,1,1,0,1,0,0,99,99,99,99,99,99,0,0,0,1,0,0
12,122554,1,1,0,1,1,3,3,57,2950,27,11,2016,1,3,22,1,2,3,1,2,US-92,HIMES AVE,99998,27.996,-82.501,0,9,0,0,2,2,0,1,2,1,0,1,0,0,99,99,99,99,88,88,0,0,0,1,0,1
12,122557,2,2,0,0,0,4,4,105,160,26,11,2016,7,9,32,1,2,3,1,2,US-17,ERNEST SMITH BLVD,99998,27.924,-81.822,0,12,6,0,2,2,0,1,1,1,0,1,0,0,99,99,99,99,99,99,0,0,0,2,0,1
12,122561,1,1,0,1,1,1,1,33,0,28,11,2016,2,18,0,0,2,4,1,3,SR-292,,99998,30.427,-87.241,0,8,0,0,1,1,0,1,2,10,0,10,0,0,99,99,99,99,88,88,0,0,0,1,0,2
12,122564,1,1,0,0,0,1,1,69,0,3,12,2016,7,17,24,0,1,4,25,4,CR-42,,99998,28.974,-81.555,0,1,0,0,1,1,0,4,2,1,0,1,0,0,99,99,99,99,99,99,0,0,0,1,0,2
12,122568,1,1,0,1,1,1,1,97,1590,2,12,2016,6,18,25,1,2,2,1,2,US-441,,99998,28.304,-81.387,0,8,0,0,1,1,0,1,3,1,0,1,0,0,99,99,99,99,99,99,0,0,0,1,1,0
12,122572,2,2,0,0,0,4,4,39,0,2,12,2016,6,16,5,1,1,3,1,3,SR-267,,99998,30.636,-84.6,0,12,2,0,1,1,0,1,1,1,0,1,0,0,99,99,99,99,99,99,0,0,0,2,0,2
12,122573,1,1,0,0,0,2,2,15,0,5,12,2016,2,2,7,1,1,2,1,2,US-41,,99998,26.983,-82.101,0,34,0,0,1,1,0,4,3,1,0,1,0,0,99,99,99,99,88,88,0,0,0,2,1,0
12,122575,1,1,0,1,1,1,1,86,2023,30,11,2016,4,20,1,1,2,3,1,3,SR-817,,99998,25.967,-80.247,0,8,0,0,1,1,0,1,3,1,0,1,0,0,99,99,99,99,99,99,0,0,0,1,0,2
12,122577,2,2,0,0,0,3,3,31,1510,7,12,2016,4,19,34,1,2,2,1,2,US-1,SR-115,99998,30.315,-81.787,0,12,6,1,2,2,0,1,3,1,0,1,0,0,99,99,99,99,99,99,0,0,0,1,0,1
12,122579,1,1,0,0,0,1,1,91,0,3,12,2016,7,23,45,1,1,3,1,3,SR-85,,99998,30.964,-86.441,0,43,0,0,1,1,0,4,2,10,0,10,0,0,99,99,99,99,88,88,0,0,0,1,0,1
12,122580,1,1,0,0,0,1,1,57,0,7,12,2016,4,10,43,1,1,3,1,3,SR-39,,99998,28.129,-82.148,0,53,0,0,1,1,0,6,1,1,0,1,0,0,99,99,99,99,88,88,0,0,0,1,0,2
12,122581,2,2,0,0,0,4,4,9,0,3,12,2016,7,1,19,1,1,3,1,3,SR-520,,99998,28.356,-80.724,0,12,7,0,1,1,4,1,2,1,0,1,0,0,99,99,99,99,99,99,0,0,0,1,0,2
12,122582,1,1,0,1,1,1,1,93,0,30,11,2016,4,18,3,1,1,3,1,3,SR-70,14TH AVE,99998,27.244,-80.815,0,9,0,0,3,2,0,1,3,1,0,1,0,0,99,99,99,99,99,99,0,0,0,1,0,1
12,122583,3,3,0,0,0,3,3,101,0,5,12,2016,2,10,3,1,1,1,1,1,I-75,,99998,28.32,-82.325,0,12,1,0,1,1,4,1,1,1,0,1,0,0,99,99,99,99,99,99,0,0,0,1,0,2
12,122584,2,2,0,0,0,2,2,9,0,1,12,2016,5,9,5,1,1,2,1,2,US-1,,99998,28.179,-80.651,0,12,6,0,1,1,0,1,1,10,0,10,0,0,99,99,99,99,99,99,0,0,0,1,0,1
12,122585,2,2,0,0,0,2,2,99,3190,7,12,2016,4,21,40,1,2,3,1,3,SR-704,JOG RD,99998,26.708,-80.152,0,12,6,0,8,1,0,1,3,1,0,1,0,0,99,99,99,99,99,99,0,0,0,1,0,2
12,122586,1,1,0,1,1,1,1,11,1050,2,12,2016,6,19,28,1,2,3,1,3,SR-87,,99998,26.19,-80.115,0,8,0,0,1,1,0,1,3,1,0,1,0,0,99,99,99,99,99,99,0,0,0,1,0,1
12,122588,1,1,0,0,0,4,4,31,0,25,11,2016,6,14,45,1,1,1,1,1,I-10,,99998,30.315,-81.769,0,1,0,0,1,1,0,4,1,10,0,10,0,0,99,99,99,99,99,99,0,0,0,1,0,1
12,122589,3,3,0,0,0,3,3,85,0,3,11,2016,5,19,5,1,1,1,1,1,I-95,,99998,27.095,-80.255,0,12,1,0,1,1,0,1,2,10,0,10,0,0,99,99,99,99,99,99,0,0,0,1,0,1
12,122591,2,2,0,0,0,2,2,101,0,27,11,2016,1,20,46,1,2,3,1,2,US-19,BEACH BLVD,99998,28.342,-82.699,0,12,6,0,2,2,0,1,3,1,0,1,0,0,99,99,99,99,99,99,0,0,0,1,0,0
12,122592,1,1,0,0,0,1,1,59,0,20,11,2016,1,21,15,1,1,3,1,3,SR-79,,99998,30.894,-85.656,0,34,0,0,1,1,0,4,2,1,0,1,0,0,99,99,99,99,88,88,0,0,0,1,0,1
12,122596,2,2,0,0,0,3,3,95,0,26,11,2016,7,15,40,1,1,3,1,3,SR-50,,99998,28.538,-80.974,0,12,1,0,1,1,0,1,1,1,0,1,0,0,99,99,99,99,88,88,0,0,0,1,0,0
12,122597,2,2,0,0,0,2,2,57,0,30,11,2016,4,6,20,1,2,3,1,2,US-92,56TH STREET,99998,27.996,-82.393,0,1,0,0,2,2,0,1,4,1,0,1,0,0,99,99,99,99,99,99,0,0,0,1,0,1
12,122598,1,1,0,0,0,1,1,81,2440,6,12,2016,3,22,37,1,1,2,1,2,US-41,,99998,27.585,-82.54,0,31,0,0,1,1,0,4,3,5,0,5,0,624750K,99,99,99,99,88,88,0,0,0,1,1,0
12,122600,1,1,0,0,0,3,3,115,0,6,12,2016,3,19,45,1,1,1,1,1,I-75,,99998,27.241,-82.451,0,42,0,0,1,1,0,3,2,10,0,10,0,0,99,99,99,99,99,99,0,0,0,1,1,2
12,122602,2,2,0,0,0,3,3,73,2940,2,12,2016,6,23,54,1,2,2,1,2,US-27,,99998,30.429,-84.242,0,12,1,0,1,1,0,1,3,1,0,1,0,0,99,99,99,99,99,99,0,0,0,1,1,0
12,122603,2,2,0,0,0,3,3,115,2780,3,11,2016,5,7,4,1,2,3,1,3,SR-45,,99998,27.338,-82.547,0,12,2,0,1,1,0,1,3,1,0,1,0,0,99,99,99,99,99,99,0,0,0,1,0,0
12,122608,2,2,0,0,0,2,2,127,787,2,11,2016,4,13,3,1,2,2,1,2,US-92,,99998,28.88,-81.31,0,12,6,0,1,1,0,1,1,1,0,1,0,0,99,99,99,99,99,99,0,0,0,2,0,1
12,122612,1,1,0,0,0,3,3,99,1560,21,11,2016,2,17,0,1,2,1,1,1,I-95,INDIANTOWN RD,99998,26.93,-80.149,0,24,0,1,5,1,0,3,1,1,0,1,0,0,99,99,99,99,99,99,0,0,0,1,0,1
12,122615,2,2,0,0,0,2,2,31,1510,5,12,2016,2,5,9,1,1,1,1,1,I-95,,99998,30.424,-81.656,0,12,1,0,1,1,0,1,3,1,0,1,0,0,99,99,99,99,99,99,0,0,0,1,1,1
12,122616,2,2,0,0,0,2,2,86,2023,14,6,2016,3,9,36,1,2,3,1,3,SR-817,19500 SR-817,99998,25.95,-80.246,0,12,6,0,2,2,0,1,1,1,0,1,0,0,99,99,99,99,99,99,0,0,0,1,0,2
12,122624,1,1,0,1,1,1,1,31,1510,7,12,2016,4,17,55,1,2,3,1,3,SR-103,6500 RAMONA BLVD,99998,30.346,-81.686,0,8,0,0,3,2,0,1,5,1,0,1,0,0,99,99,99,99,99,99,0,0,0,1,0,2
12,122628,1,1,0,1,1,1,1,55,0,11,12,2016,1,19,6,1,2,3,1,2,US-27,PALMETTO ST,99998,27.609,-81.514,0,8,0,0,3,2,0,1,3,1,0,1,0,0,99,99,99,99,88,88,0,0,0,1,0,0
12,122629,1,1,0,1,1,1,1,86,2230,8,12,2016,5,21,22,1,2,3,1,3,SR-826,,99998,25.928,-80.197,0,8,0,0,1,1,0,1,3,1,0,1,0,0,99,99,99,99,88,88,0,0,0,1,0,2
12,122632,2,2,0,0,0,2,2,7,9898,9,12,2016,6,14,9,0,2,4,1,3,SR-21,,99998,29.755,-82.057,0,12,6,0,8,1,0,1,1,1,0,1,0,0,99,99,99,99,99,99,0,0,0,1,0,2
12,122637,2,2,0,0,0,4,4,127,0,7,12,2016,4,21,49,1,1,2,1,2,US-17,FIREHOUSE ROAD,99998,28.981,-81.299,0,12,6,1,2,2,0,1,2,1,0,1,0,0,99,99,99,99,99,99,0,0,0,1,1,1
12,122638,1,1,0,0,0,2,2,103,0,12,12,2016,2,21,9,1,1,1,1,1,I-275,,99998,27.786,-82.661,0,24,0,0,1,1,0,3,3,1,0,1,0,0,99,99,99,99,99,99,0,0,0,1,1,2
12,122639,2,2,0,0,0,4,4,69,0,12,12,2016,2,17,20,1,1,3,1,3,SR-33,,99998,28.502,-81.837,0,12,2,0,1,1,0,1,1,1,0,1,0,0,99,99,99,99,99,99,0,0,0,1,0,1
12,122641,2,2,0,0,0,2,2,127,0,10,12,2016,7,1,3,1,1,1,1,1,I-4,,99998,28.864,-81.291,0,12,1,0,1,1,0,1,2,1,0,1,0,0,99,99,99,99,99,99,0,0,0,1,1,1
12,122642,2,2,0,1,1,6,6,113,0,10,12,2016,7,18,10,1,2,3,1,2,US-98,SUNRISE DR,99998,30.402,-86.934,0,8,0,0,2,2,0,1,3,1,0,1,0,0,99,99,99,99,88,88,0,0,0,1,0,0
12,122644,5,5,0,0,0,6,6,127,0,7,12,2016,4,15,24,1,2,3,1,2,US-92,WEST PKWY,99998,29.069,-81.255,0,12,1,0,3,2,0,1,1,1,0,1,0,0,99,99,99,99,99,99,14,0,0,1,0,1
12,122646,2,2,0,0,0,2,2,9,0,10,12,2016,7,1,30,1,1,1,1,1,I-95,,99998,28.332,-80.776,0,12,1,0,1,1,0,1,2,1,0,1,0,0,99,99,99,99,99,99,19,23,0,1,0,1
12,122655,2,2,0,0,0,3,3,5,0,19,11,2016,7,0,48,1,1,3,1,3,SR-77,,99998,30.336,-85.66,0,12,2,0,1,1,0,1,2,1,0,1,0,0,99,99,99,99,99,99,0,0,0,1,1,1
12,122656,1,1,0,1,1,2,2,87,0,9,12,2016,6,18,30,1,1,3,1,2,US-1,,99998,24.67,-81.353,0,8,0,0,1,1,0,1,2,1,0,1,0,0,99,99,99,99,99,99,0,0,0,1,0,1
12,122659,2,2,0,0,0,4,4,27,0,28,11,2016,2,17,55,1,1,3,1,3,SR-70,CR-661,99998,27.228,-81.892,0,12,6,0,3,3,0,1,5,10,0,10,0,0,99,99,99,99,99,99,0,0,0,1,0,1
12,122660,2,2,0,1,1,2,2,31,1510,4,12,2016,1,21,40,1,2,3,1,3,SR-10,HUTCHINSON RD,99998,30.314,-81.857,0,8,0,0,1,1,0,1,2,1,0,1,0,0,99,99,99,99,88,88,0,0,0,1,0,2
12,122662,2,2,0,0,0,2,2,105,0,29,11,2016,3,14,51,1,1,3,1,3,SR-37,CR-630,99998,27.743,-81.997,0,12,6,0,2,3,0,1,1,1,0,1,0,0,99,99,99,99,88,88,0,0,0,1,0,1
12,122668,2,2,0,0,0,3,3,49,0,7,12,2016,4,12,20,1,1,3,1,3,SR-62,,99998,27.595,-81.945,0,12,2,0,1,1,0,1,1,1,0,1,0,0,99,99,99,99,99,99,0,0,0,1,0,0
12,122669,1,1,0,0,0,3,3,127,0,11,12,2016,1,3,11,1,1,1,1,1,I-4,,99998,28.91,-81.272,0,30,0,0,1,1,0,4,3,1,0,1,0,0,99,99,99,99,99,99,20,0,0,1,0,1
12,122670,2,2,0,0,0,2,2,57,0,27,11,2016,1,17,9,1,2,3,1,3,SR-43,DELANEY CREEK BLVD,99998,27.935,-82.352,0,12,6,0,2,3,0,1,1,1,0,1,0,0,99,99,99,99,99,99,0,0,0,1,0,2
12,122671,2,2,0,0,0,2,2,9,2670,13,12,2016,3,10,51,1,2,3,1,2,US-1,FLORIDA AVE,99998,28.337,-80.726,0,12,6,0,2,2,0,1,1,1,0,1,0,0,99,99,99,99,99,99,0,0,0,1,0,1
12,122672,2,2,0,0,0,2,2,1,10,12,12,2016,2,23,0,1,2,2,1,2,US-441,,99998,29.739,-82.384,0,12,1,0,1,1,0,1,2,1,0,1,0,0,99,99,99,99,99,99,0,0,0,1,0,0