STATE,ST_CASE,VE_TOTAL,VE_FORMS,PVH_INVL,PEDS,PERNOTMVIT,PERMVIT,PERSONS,COUNTY,CITY,DAY,MONTH,YEAR,DAY_WEEK,HOUR,MINUTE,NHS,RUR_URB,FUNC_SYS,RD_OWNER,ROUTE,TWAY_ID,TWAY_ID2,MILEPT,LATITUDE,LONGITUD,SP_JUR,HARM_EV,MAN_COLL,RELJCT1,RELJCT2,TYP_INT,WRK_ZONE,REL_ROAD,LGT_COND,WEATHER1,WEATHER2,WEATHER,SCH_BUS,RAIL,NOT_HOUR,NOT_MIN,ARR_HOUR,ARR_MIN,HOSP_HR,HOSP_MN,CF1,CF2,CF3,FATALS,DRUNK_DR,RANK
12,122675,2,2,0,1,1,2,2,9,0,14,12,2016,4,0,2,1,1,2,1,2,US-192,,99998,28.079,-80.739,0,8,0,0,1,1,0,1,2,5,0,5,0,0,99,99,99,99,88,88,0,0,0,1,0,1
12,122680,3,3,0,0,0,6,6,133,0,15,12,2016,5,15,0,1,1,3,1,3,SR-79,SR-20,99998,30.443,-85.874,0,12,2,0,2,2,0,1,1,1,0,1,0,0,99,99,99,99,99,99,0,0,0,1,0,1
12,122683,2,2,0,0,0,4,4,15,0,27,11,2016,1,18,15,1,1,3,1,2,US-41,TOLEDO BLADE BOULEVARD,99998,27.018,-82.164,0,12,6,0,2,2,4,1,2,1,0,1,0,0,99,99,99,99,99,99,0,0,0,1,0,0
12,122689,1,1,0,1,1,1,1,31,1510,19,12,2016,2,23,35,1,2,3,1,3,SR-115,,99998,30.323,-81.559,0,8,0,0,1,1,0,1,3,2,0,2,0,0,99,99,99,99,88,88,0,0,0,1,1,2
12,122690,2,2,0,0,0,3,3,11,2541,14,11,2016,2,1,5,1,2,3,1,3,SR-817,FEDERATED RD,99998,26.115,-80.251,0,12,1,0,2,2,0,1,3,1,0,1,0,0,99,99,99,99,99,99,0,0,0,1,0,2
12,122698,2,2,0,0,0,3,3,105,120,7,12,2016,4,12,49,1,2,3,1,2,US-92,DAIRY RD,99998,28.061,-81.776,0,12,6,0,2,2,0,1,1,1,0,1,0,0,99,99,99,99,99,99,0,0,0,2,0,1
12,122699,1,1,0,0,0,2,2,105,0,17,9,2016,7,2,28,1,1,2,1,2,US-27,,99998,27.723,-81.565,0,32,0,0,1,1,0,4,2,1,0,1,0,0,99,99,99,99,99,99,0,0,0,1,0,0
12,122705,1,1,0,1,1,1,1,95,0,9,12,2016,6,23,10,1,1,3,1,3,SR-50,VINCENT RD,99998,28.57,-81.235,0,8,0,0,2,3,0,1,2,1,0,1,0,0,99,99,99,99,88,88,0,0,0,1,0,0
12,122706,1,1,0,1,1,2,2,105,0,15,11,2016,3,18,50,1,2,3,1,2,US-17,CARROLL DRIVE,99998,28.058,-81.733,0,8,0,0,2,2,0,1,3,1,0,1,0,0,99,99,99,99,88,88,0,0,0,1,0,1
12,122708,1,1,0,0,0,1,1,31,1510,18,12,2016,1,18,42,1,2,3,1,3,SR-202,SOUTHSIDE BOULEVARD,99998,30.25,-81.552,0,25,0,0,5,1,0,3,5,10,0,10,0,0,99,99,99,99,88,88,0,0,0,1,1,2
12,122709,1,1,0,0,0,1,1,125,0,18,12,2016,1,21,15,1,1,3,1,3,SR-121,242ND LN,99998,30.111,-82.216,0,42,0,0,1,1,0,4,2,10,0,10,0,0,99,99,99,99,88,88,0,0,0,1,0,2
12,122711,2,2,0,0,0,2,2,11,771,18,12,2016,1,4,52,1,2,1,1,1,I-75,,99998,26.029,-80.353,0,12,1,0,1,1,0,1,2,10,0,10,0,0,99,99,99,99,88,88,0,0,0,1,1,2
12,122713,1,1,0,1,1,1,1,11,771,31,8,2016,4,20,34,1,2,3,1,3,SR-7,,99998,26.075,-80.206,0,8,0,0,1,1,0,1,3,1,0,1,0,0,99,99,99,99,88,88,0,0,0,1,0,2
12,122717,1,1,0,1,1,1,1,99,2660,15,10,2016,7,22,36,1,2,3,1,3,SR-809,,99998,26.77,-80.108,0,8,0,0,1,1,0,1,3,1,0,1,0,0,99,99,99,99,88,88,0,0,0,1,0,1
12,122722,2,2,0,0,0,3,3,101,0,12,12,2016,2,12,38,1,1,3,1,3,SR-34,,99998,28.199,-82.399,0,12,2,0,1,1,4,1,1,1,0,1,0,0,99,99,99,99,99,99,0,0,0,1,0,2
12,122724,1,1,0,1,1,1,1,99,2410,11,11,2016,6,19,5,1,1,2,1,2,US-441,,99998,26.836,-80.648,0,8,0,0,1,1,0,1,2,1,0,1,0,0,99,99,99,99,88,88,0,0,0,1,0,0
12,122728,4,4,0,0,0,4,4,11,760,16,12,2016,6,2,55,1,2,1,1,1,I-95,,99998,26.048,-80.161,0,12,1,0,1,1,0,1,3,1,0,1,0,0,99,99,99,99,88,88,0,0,0,1,0,1
12,122730,1,1,0,1,1,1,1,73,2940,27,9,2016,3,22,28,1,2,3,1,3,SR-61,SHELFER RD,99998,30.389,-84.286,0,8,0,0,2,3,0,1,2,1,0,1,0,0,99,99,99,99,99,99,0,0,0,1,0,2
12,122731,1,1,0,0,0,1,1,1,0,26,11,2016,7,14,38,1,1,1,1,1,I-75,,99998,29.914,-82.553,0,34,0,0,1,1,0,4,1,10,0,10,0,0,99,99,99,99,99,99,0,0,0,1,0,2
12,122735,1,1,0,1,1,1,1,85,2900,9,12,2016,6,10,38,1,2,3,1,2,US-1,,99998,27.191,-80.253,0,8,0,1,8,1,0,1,1,2,0,2,0,0,99,99,99,99,99,99,0,0,0,1,0,1
12,122741,3,3,0,0,0,8,8,97,0,19,12,2016,2,17,55,1,1,3,1,3,SR-4,,99998,28.307,-81.569,0,12,7,1,20,1,0,1,3,1,0,1,0,0,99,99,99,99,99,99,28,0,0,1,0,2
12,122742,1,1,0,2,2,1,1,105,0,29,10,2016,7,0,40,1,1,3,1,3,SR-60,,99998,27.826,-81.339,0,8,0,0,1,1,0,3,2,1,0,1,0,0,99,99,99,99,99,99,0,0,0,1,0,2
12,122746,2,2,0,0,0,3,3,109,0,19,12,2016,2,19,45,1,1,1,1,1,I-95,,99998,30.08,-81.499,0,12,2,0,1,1,0,1,2,10,0,10,0,0,99,99,99,99,99,99,0,0,0,1,1,1
12,122752,1,1,0,1,1,1,1,31,1510,23,12,2016,6,16,52,1,2,3,1,3,SR-21,,99998,30.257,-81.742,0,8,0,0,1,1,0,1,5,10,0,10,0,0,99,99,99,99,99,99,0,0,0,1,0,2
12,122754,2,2,0,0,0,2,2,119,0,24,12,2016,7,19,20,1,1,3,1,3,SR-44,SR-44,99998,28.855,-82.069,0,12,2,0,2,3,0,1,5,1,0,1,0,0,99,99,99,99,99,99,0,0,0,1,0,2
12,122755,2,2,0,0,0,2,2,5,0,22,12,2016,5,23,55,1,2,3,1,3,SR-30,,99998,30.256,-85.962,0,12,1,0,1,1,0,1,3,1,0,1,0,0,99,99,99,99,99,99,0,0,0,1,0,1
12,122759,1,1,0,0,0,1,1,31,1510,21,12,2016,4,8,0,1,2,3,1,3,SR-113,SR-116,99998,30.356,-81.553,0,1,0,0,1,1,0,1,1,5,0,5,0,0,99,99,99,99,88,88,0,0,0,1,0,1
12,122760,2,2,0,1,1,2,2,83,2270,3,10,2016,2,7,2,1,2,3,1,2,US-441,,99998,29.178,-82.14,0,8,0,0,1,1,0,1,3,1,0,1,0,0,99,99,99,99,99,99,0,0,0,1,0,0
12,122763,1,1,0,0,0,2,2,115,0,18,12,2016,1,19,3,1,1,2,1,2,US-301,,99998,27.373,-82.531,0,42,0,0,1,1,0,3,3,10,0,10,0,0,99,99,99,99,99,99,0,0,0,1,0,0
12,122765,3,3,0,0,0,5,5,73,2940,26,12,2016,2,0,8,1,2,3,1,2,US-90,APPLEYARD DR,99998,30.453,-84.338,0,12,6,0,2,2,0,1,3,1,0,1,0,0,99,99,99,99,99,99,0,0,0,1,0,0
12,122770,1,1,0,1,1,1,1,95,2360,22,12,2016,5,18,35,1,2,3,1,3,SR-436,,99998,28.669,-81.437,0,8,0,0,1,1,0,1,3,1,0,1,0,0,99,99,99,99,99,99,0,0,0,1,0,2
12,122773,2,2,0,0,0,2,2,99,0,15,11,2016,3,23,41,1,1,3,1,3,SR-704,DREXEL RD,99998,26.708,-80.135,0,12,6,0,2,3,0,1,3,1,0,1,0,0,99,99,99,99,99,99,0,0,0,1,0,2
12,122776,2,2,0,0,0,3,3,119,0,26,12,2016,2,0,8,1,1,1,1,1,I-75,,99998,28.733,-82.112,0,12,1,0,1,1,4,1,2,1,0,1,0,0,99,99,99,99,99,99,0,0,0,2,1,2
12,122777,2,2,0,0,0,2,2,127,2190,14,12,2016,4,8,56,1,2,3,1,2,US-1,NORTH ST,99998,29.068,-80.948,0,12,6,0,2,3,0,1,1,1,0,1,0,0,99,99,99,99,99,99,0,0,0,1,0,1
12,122779,1,1,0,1,1,2,2,31,1510,29,12,2016,5,22,11,1,2,3,1,3,SR-5,,99998,30.351,-81.484,0,8,0,0,1,1,0,1,3,1,0,1,0,0,99,99,99,99,88,88,0,0,0,1,0,1
12,122782,3,3,0,0,0,5,5,9,0,26,12,2016,2,17,50,1,1,1,1,1,I-95,US-192,99998,28.072,-80.705,0,12,7,0,1,1,0,1,2,1,0,1,0,0,99,99,99,99,99,99,0,0,0,1,1,1
12,122785,1,1,0,0,0,1,1,121,0,24,12,2016,7,5,25,1,1,1,1,1,I-10,,99998,30.284,-82.831,0,42,0,0,1,1,0,4,2,5,0,5,0,0,99,99,99,99,88,88,0,0,0,1,0,1
12,122789,1,1,0,0,0,1,1,109,0,26,12,2016,2,9,4,1,1,3,1,3,SR-16,,99998,29.915,-81.381,0,34,0,0,1,1,0,4,1,10,0,10,0,0,99,99,99,99,99,99,0,0,0,1,0,2
12,122790,2,2,0,0,0,2,2,5,0,7,12,2016,4,23,21,1,2,3,1,2,US-231,,99998,30.236,-85.576,0,12,2,0,1,1,0,1,2,1,0,1,0,0,99,99,99,99,99,99,0,0,0,1,0,0
12,122791,2,2,0,0,0,2,2,11,0,19,11,2016,7,4,18,1,1,3,1,3,SR-91,STIRLING RD,99998,26.041,-80.214,0,12,1,0,1,1,0,1,3,1,0,1,0,0,99,99,99,99,99,99,0,0,0,1,0,2
12,122795,2,2,0,0,0,3,3,73,0,29,12,2016,5,3,25,1,1,1,1,1,I-10,,99998,30.481,-84.054,0,12,1,0,1,1,0,1,2,5,0,5,0,0,99,99,99,99,99,99,0,0,0,1,0,1
12,122796,1,1,0,1,1,2,2,71,0,11,12,2016,1,20,19,1,1,2,1,2,US-41,,99998,26.448,-81.818,0,8,0,0,1,1,4,1,3,1,0,1,0,0,99,99,99,99,99,99,0,0,0,1,0,0
12,122798,1,1,0,0,0,3,3,86,2220,20,11,2016,1,4,41,1,2,1,1,1,I-95,103RD ST,99998,25.869,-80.209,0,30,0,1,5,1,0,3,3,1,0,1,0,0,99,99,99,99,99,99,0,0,0,1,0,1
12,122801,2,2,0,0,0,3,3,71,0,29,12,2016,5,18,44,1,1,3,1,3,SR-80,HAWKS PRESERVE DRIVE,99998,26.712,-81.712,0,12,6,0,2,2,0,1,3,1,0,1,0,0,99,99,99,99,88,88,0,0,0,1,0,2
12,122802,2,2,0,0,0,6,6,23,0,28,12,2016,4,1,25,1,1,1,1,1,I-75,US-441,99998,29.995,-82.588,0,12,6,0,1,1,0,1,6,5,0,5,0,0,99,99,99,99,99,99,0,0,0,1,1,2
12,122803,1,1,0,0,0,1,1,31,1510,28,12,2016,4,9,23,1,2,1,1,1,I-295,,99998,30.328,-81.529,0,1,0,0,1,1,0,3,1,1,0,1,0,0,99,99,99,99,99,99,0,0,0,1,0,2
12,122805,2,1,1,1,1,1,1,57,0,27,12,2016,3,6,40,1,2,3,1,2,US-41,,99998,27.781,-82.385,0,8,0,0,1,1,0,1,2,1,0,1,0,0,99,99,99,99,88,88,14,0,0,1,0,0
12,122806,2,2,0,0,0,2,2,67,0,28,12,2016,4,2,15,1,2,3,1,2,US-27,,99998,30.006,-83.028,0,12,1,0,1,1,0,1,2,5,0,5,0,0,99,99,99,99,88,88,0,0,0,1,1,0
12,122807,1,1,0,0,0,5,5,99,330,19,12,2016,2,4,55,1,2,1,1,1,I-95,,99998,26.51,-80.074,0,25,0,0,1,1,0,3,3,1,0,1,0,0,99,99,99,99,99,99,0,0,0,1,0,1
12,122808,4,4,0,0,0,5,5,69,1820,26,12,2016,2,17,52,1,2,3,1,2,US-441,SLEEPY HOLLOW RD,99998,28.825,-81.832,0,12,1,0,3,2,0,1,5,1,0,1,0,0,99,99,99,99,99,99,0,0,0,1,0,0
12,122810,1,1,0,0,0,11,11,9,0,30,5,2016,2,18,28,1,1,1,1,1,I-95,,99998,28.617,-80.85,0,24,0,0,1,1,0,3,1,10,0,10,0,0,99,99,99,99,99,99,0,0,0,4,0,1
12,122813,3,3,0,0,0,3,3,31,1510,20,12,2016,3,21,52,1,2,1,1,1,I-10,,99998,30.289,-81.983,0,12,2,0,1,1,0,1,2,10,0,10,0,0,99,99,99,99,99,99,0,0,0,1,1,1
12,122814,1,1,0,1,1,1,1,69,0,17,12,2016,7,11,59,1,1,3,1,3,SR-46,,99998,28.8,-81.615,0,8,0,0,1,1,0,1,1,1,0,1,0,0,12,1,12,2,99,99,0,0,0,1,0,1
12,122818,2,2,0,0,0,4,4,11,771,18,12,2016,1,16,14,1,2,3,1,3,SR-7,OAKES RD,99998,26.075,-80.206,0,12,1,0,3,3,0,1,1,1,0,1,0,0,99,99,99,99,99,99,0,0,0,1,0,2
12,122820,1,1,0,1,1,5,5,97,0,31,12,2016,7,19,0,1,2,3,1,2,US-441,KEEN ST,99998,28.325,-81.404,0,8,0,0,2,2,0,1,3,1,0,1,0,0,99,99,99,99,99,99,0,0,0,1,0,0
12,122821,2,2,0,0,0,4,4,57,0,24,12,2016,7,14,24,1,2,3,1,2,US-301,WALKER RD,99998,28.049,-82.34,0,12,6,0,2,2,0,1,1,1,0,1,0,0,99,99,99,99,99,99,0,0,0,1,0,0
12,122824,1,1,0,1,1,1,1,9,0,14,12,2016,4,11,59,1,2,3,1,2,US-1,,99998,28.244,-80.679,0,9,0,0,1,1,0,1,1,1,0,1,0,0,99,99,99,99,99,99,0,0,0,1,0,1
12,122829,1,1,0,0,0,2,2,95,2360,27,12,2016,3,0,27,1,2,1,1,1,I-4,,99998,28.509,-81.4,0,1,0,0,1,1,0,3,3,1,0,1,0,0,99,99,99,99,99,99,0,0,0,1,0,1
12,122831,2,2,0,0,0,7,7,31,1510,5,12,2016,2,0,27,1,2,1,1,1,I-295,,99998,30.253,-81.516,0,25,0,0,1,1,0,3,3,1,0,1,0,0,99,99,99,99,99,99,0,0,0,2,0,2
12,122832,2,2,0,0,0,2,2,73,0,17,12,2016,7,4,33,1,1,2,1,2,US-27,RED AND SAMS LN,99998,30.53,-84.36,0,12,6,1,2,2,0,1,2,1,0,1,0,0,99,99,99,99,88,88,0,0,0,1,1,0
12,122834,3,3,0,0,0,9,9,87,0,30,12,2016,6,9,0,1,1,2,1,2,US-1,,99998,24.637,-81.58,0,12,6,0,1,1,0,1,1,1,0,1,0,0,99,99,99,99,99,99,0,0,0,1,0,1
12,122835,2,2,0,1,1,2,2,57,0,3,12,2016,7,0,44,1,2,3,1,2,US-92,,99998,27.996,-82.332,0,8,0,0,1,1,0,1,2,1,0,1,0,0,99,99,99,99,88,88,0,0,0,1,0,1
12,122836,1,1,0,0,0,3,3,11,0,23,12,2016,6,10,58,1,1,1,1,1,I-95,,99998,26.299,-80.121,0,38,0,0,1,1,0,6,1,1,0,1,0,0,99,99,99,99,99,99,0,0,0,1,0,1
12,122838,2,2,0,1,1,4,4,57,2950,14,12,2016,4,23,37,1,2,3,1,2,US-41,,99998,28.013,-82.451,0,8,0,0,1,1,0,1,3,1,0,1,0,0,99,99,99,99,88,88,0,0,0,1,0,0
12,122840,1,1,0,1,1,2,2,57,0,23,12,2016,6,21,50,1,2,3,1,2,US-41,,99998,28.082,-82.46,0,8,0,0,1,1,0,1,3,1,0,1,0,0,99,99,99,99,99,99,0,0,0,1,0,0
12,122841,2,2,0,0,0,5,5,31,1510,31,12,2016,7,2,15,1,1,1,1,1,I-295,,99998,30.196,-81.737,0,12,6,0,1,1,0,1,3,1,0,1,0,0,99,99,99,99,99,99,0,0,0,2,0,2
12,122842,2,2,0,0,0,3,3,31,1510,24,12,2016,7,18,0,1,2,3,1,3,SR-115,MALABAR BLVD,99998,30.185,-81.552,0,1,0,0,3,2,0,1,3,1,0,1,0,0,99,99,99,99,99,99,0,0,0,1,0,2
12,122843,3,3,0,0,0,3,3,41,0,22,12,2016,5,18,57,1,1,3,1,3,SR-26,83RD CT,99998,29.64,-82.667,0,12,1,0,3,3,0,1,2,1,0,1,0,0,99,99,99,99,99,99,0,0,0,1,0,1
12,122844,3,3,0,0,0,8,8,95,0,25,12,2016,1,21,50,1,1,3,1,3,SR-91,,99998,28.553,-81.654,0,12,2,0,1,1,0,1,3,1,0,1,0,0,99,99,99,99,99,99,0,0,0,1,1,2
12,122846,2,2,0,1,1,3,3,97,0,18,12,2016,1,2,37,1,1,3,1,2,US-441,,99998,28.33,-81.404,0,8,0,0,1,1,0,1,3,1,0,1,0,0,99,99,99,99,88,88,0,0,0,1,0,0
12,122849,3,3,0,1,1,4,4,73,0,25,12,2016,1,4,40,1,1,1,1,1,I-10,BAUM RD,99998,30.478,-84.081,0,8,0,0,1,1,0,1,2,1,0,1,0,0,99,99,99,99,99,99,0,0,0,1,0,1
12,122851,2,2,0,0,0,2,2,81,0,30,12,2016,6,3,40,1,1,1,1,1,I-275,,99998,27.592,-82.63,0,12,2,0,1,1,0,1,3,1,0,1,0,0,99,99,99,99,99,99,0,0,0,1,1,2
12,122857,3,3,0,0,0,3,3,93,0,29,12,2016,5,7,31,1,1,2,1,2,US-441,NW 208 RD,99998,27.45,-80.81,0,12,6,0,2,3,0,1,1,5,0,5,0,0,99,99,99,99,88,88,0,0,0,1,0,0
12,122858,2,2,0,0,0,4,4,95,0,28,12,2016,4,15,15,1,1,3,1,2,US-441,,99998,28.629,-81.449,0,12,6,0,1,1,0,1,1,1,0,1,0,0,99,99,99,99,99,99,0,0,0,2,0,0
12,122860,3,3,0,0,0,7,7,61,0,31,12,2016,7,5,28,1,1,1,1,1,I-95,,99998,27.646,-80.52,0,12,1,0,1,1,0,1,2,1,0,1,0,0,99,99,99,99,99,99,0,0,0,2,0,1
12,122862,1,1,0,0,0,6,6,127,0,25,12,2016,1,21,14,1,1,2,1,2,US-17,,99998,29.072,-81.306,0,1,0,0,1,1,0,1,2,1,0,1,0,0,99,99,99,99,99,99,0,0,0,1,0,1
12,122863,1,1,0,0,0,1,1,86,2010,30,9,2016,6,1,18,1,2,3,1,3,SR-976,,99998,25.733,-80.316,0,30,0,0,1,1,0,4,3,1,0,1,0,0,99,99,99,99,88,88,0,0,0,1,0,2
12,122864,1,1,0,1,1,1,1,103,1770,26,12,2016,2,23,56,1,2,2,1,2,US-19,,99998,27.913,-82.73,0,8,0,0,1,1,0,1,3,1,0,1,0,0,99,99,99,99,88,88,0,0,0,1,0,0
12,122865,2,2,0,0,0,2,2,57,2950,19,8,2016,6,8,40,1,2,3,1,2,US-92,50TH ST,99998,27.996,-82.402,0,12,6,0,2,3,0,1,1,1,0,1,0,0,99,99,99,99,99,99,0,0,0,1,0,1
12,122869,1,1,0,1,1,1,1,19,2350,21,12,2016,4,19,35,1,2,2,1,2,US-17,STILES AVE,99998,30.167,-81.701,0,8,0,0,8,1,0,1,3,10,0,10,0,0,99,99,99,99,99,99,0,0,0,1,0,1
12,122871,1,1,0,1,1,1,1,85,0,27,12,2016,3,12,50,1,1,3,1,3,SR-A1A,BROWARD STREET,99998,27.144,-80.195,0,8,0,0,3,2,0,1,1,1,0,1,0,0,99,99,99,99,99,99,0,0,0,1,0,1
12,122872,2,2,0,0,0,3,3,115,0,21,12,2016,4,18,0,1,1,2,1,2,US-41,RUBENS DR,99998,27.166,-82.476,0,12,6,1,2,2,0,1,5,1,0,1,0,0,99,99,99,99,99,99,0,0,0,1,0,0
12,122874,3,3,0,0,0,6,6,86,2023,31,12,2016,7,7,40,1,2,3,1,3,SR-826,,99998,25.925,-80.273,0,12,1,0,1,1,0,1,1,1,0,1,0,0,99,99,99,99,99,99,0,0,0,1,0,2
12,122875,2,2,0,0,0,3,3,31,1510,24,12,2016,7,12,20,1,2,1,1,1,I-295,,99998,30.216,-81.514,0,12,7,0,1,1,0,1,1,1,0,1,0,0,99,99,99,99,99,99,0,0,0,1,0,2
12,122882,2,2,0,0,0,2,2,77,0,27,7,2016,4,12,45,1,1,3,1,3,SR-65,SUMNER RD,99998,30.221,-84.889,0,12,6,0,3,3,0,1,1,1,0,1,0,0,99,99,99,99,99,99,0,0,0,1,0,0
12,122884,2,2,0,0,0,2,2,81,340,17,8,2016,4,18,15,1,1,3,1,2,US-41,28TH AVENUE,99998,27.476,-82.575,0,12,6,0,2,3,0,1,1,10,0,10,0,0,88,88,88,88,88,88,0,0,0,1,1,0
12,122887,2,2,0,0,0,4,4,11,672,25,9,2016,1,1,22,1,2,3,1,3,SR-7,,99998,26.274,-80.202,0,12,6,0,5,1,0,1,3,1,0,1,0,0,99,99,99,99,99,99,0,0,0,1,0,2
12,122893,1,1,0,1,1,1,1,1,1130,28,10,2016,6,9,38,1,2,3,1,3,SR-26,17TH ST,99998,29.652,-82.345,0,9,0,0,3,2,0,1,1,1,0,1,0,0,99,99,99,99,99,99,0,0,0,1,0,1
12,122897,2,2,0,0,0,4,4,111,0,20,10,2016,5,19,3,1,1,3,1,2,US-1,RIO MAR DR,99998,27.334,-80.325,0,12,6,0,2,3,0,1,5,1,0,1,0,0,99,99,99,99,99,99,0,0,0,1,0,1
12,122900,2,2,0,0,0,3,3,105,1690,24,11,2016,5,21,5,1,2,3,1,3,SR-37,SCOTTSDALE LOOP,99998,28.007,-81.957,0,12,6,0,8,1,0,1,3,1,0,1,0,0,99,99,99,99,99,99,0,0,0,1,0,1
12,122901,2,2,0,0,0,3,3,9,2424,14,12,2016,4,15,53,1,2,3,1,2,US-1,,99998,28.061,-80.594,0,12,6,0,8,1,0,1,1,1,0,1,0,0,99,99,99,99,99,99,0,0,0,1,0,1
12,122904,2,2,0,0,0,3,3,9,0,28,12,2016,4,15,40,1,1,1,1,1,I-95,,99998,27.87,-80.592,0,12,1,0,1,1,0,2,1,1,0,1,0,0,99,99,99,99,99,99,0,0,0,1,0,1
12,122905,2,2,0,0,0,7,7,109,0,14,12,2016,4,6,55,1,2,3,1,2,US-1,RACE TRACK ROAD,99998,30.104,-81.478,0,12,2,0,2,2,0,1,4,10,0,10,0,0,99,99,99,99,99,99,0,0,0,1,0,1
12,122907,1,1,0,0,0,1,1,75,0,3,8,2016,4,17,40,1,1,2,1,2,US-19,,99998,29.043,-82.667,0,1,0,0,1,1,0,4,1,1,0,1,0,0,99,99,99,99,99,99,0,0,0,1,0,0
12,122910,1,1,0,1,1,1,1,105,1690,19,8,2016,6,12,41,1,2,3,1,2,US-98,SR-548,99998,28.05,-81.957,0,9,0,0,3,2,0,1,1,1,0,1,0,0,99,99,99,99,99,99,0,0,0,1,0,0
12,122912,2,2,0,0,0,2,2,111,0,14,9,2016,4,6,5,1,1,3,1,3,SR-70,,99998,27.402,-80.449,0,12,1,0,1,1,0,1,2,10,0,10,0,0,99,99,99,99,99,99,0,0,0,1,0,1
12,122913,2,2,0,0,0,2,2,81,2440,29,9,2016,5,14,5,1,2,3,1,3,SR-45,2600 8TH AVE,99998,27.537,-82.573,0,12,6,1,2,2,0,1,1,1,0,1,0,0,99,99,99,99,99,99,0,0,0,1,0,0
12,122917,4,4,0,0,0,4,4,55,0,6,10,2016,5,16,10,1,1,2,1,2,US-27,SR-66,99998,27.429,-81.418,0,12,6,1,2,2,0,1,1,2,0,2,0,0,99,99,99,99,99,99,0,0,0,1,0,0
12,122926,4,4,0,0,0,7,7,31,1510,26,10,2016,4,10,30,1,2,3,1,3,SR-13,,99998,30.178,-81.628,0,12,9,0,1,1,0,1,1,1,0,1,0,0,99,99,99,99,99,99,0,0,0,1,0,2
12,122927,2,2,0,0,0,4,4,17,0,28,10,2016,6,21,35,1,1,2,1,2,US-19,6201 SUNCOAST BLVD,99998,28.953,-82.627,0,12,6,1,2,2,0,1,3,1,0,1,0,0,99,99,99,99,99,99,0,0,0,1,0,0
12,122930,1,1,0,1,1,1,1,11,2219,24,11,2016,5,18,15,1,2,3,1,3,SR-7,,99998,26.213,-80.204,0,8,0,0,1,1,0,1,2,1,0,1,0,0,99,99,99,99,99,99,0,0,0,1,0,2
12,122934,1,1,0,1,1,2,2,31,1510,23,12,2016,6,20,10,1,2,3,1,3,SR-111,,99998,30.333,-81.731,0,8,0,0,1,1,0,1,3,1,0,1,0,0,99,99,99,99,99,99,0,0,0,1,0,1
12,122935,2,2,0,0,0,3,3,9,0,19,10,2016,4,21,55,1,1,2,1,2,US-1,,99998,28.235,-80.676,0,12,1,0,1,1,4,1,2,1,0,1,0,0,99,99,99,99,88,88,0,0,0,1,0,1
12,122936,2,2,0,0,0,3,3,1,1130,12,12,2016,2,9,50,1,2,3,1,3,SR-121,20TH AVE,99998,29.634,-82.373,0,12,6,0,2,2,0,1,1,1,0,1,0,0,99,99,99,99,99,99,0,0,0,2,0,2
12,122938,2,2,0,0,0,3,3,53,0,14,7,2016,5,20,11,1,1,3,1,2,US-19,CORTEZ BLVD,99998,28.519,-82.572,0,12,6,0,2,2,0,1,3,1,0,1,0,0,99,99,99,99,99,99,0,0,0,1,0,0
12,122940,1,1,0,1,1,1,1,9,0,25,12,2016,1,22,49,1,1,2,1,2,US-1,,99998,28.505,-80.784,0,8,0,0,1,1,0,1,3,10,0,10,0,0,99,99,99,99,88,88,0,0,0,1,0,1
12,122943,2,2,0,0,0,3,3,1,1130,18,9,2016,1,12,54,1,1,3,1,3,SR-24,WALDO RD,99998,29.787,-82.172,0,12,1,0,3,3,0,1,1,1,0,1,0,0,99,99,99,99,88,88,0,0,0,1,0,2
12,122945,1,1,0,0,0,3,3,69,1240,13,10,2016,5,22,20,1,2,3,1,3,SR-50,CILLA CITY RD,99998,28.565,-81.868,0,5,0,0,3,3,0,1,3,1,0,1,0,0,99,99,99,99,99,99,0,0,0,1,0,0
12,122946,1,1,0,1,1,1,1,9,2005,16,11,2016,4,10,15,0,1,4,25,4,CR-3,,99998,28.256,-80.661,0,9,0,0,1,1,0,1,1,1,0,1,0,0,99,99,99,99,99,99,0,0,0,1,0,2
12,122948,1,1,0,1,1,1,1,86,735,21,11,2016,2,21,35,1,2,3,1,2,US-1,BELVIEW DR,99998,25.585,-80.363,0,9,0,0,2,3,0,1,3,1,0,1,0,0,99,99,99,99,88,88,0,0,0,1,0,1
12,122950,3,3,0,0,0,4,4,99,0,29,12,2016,5,5,24,1,1,2,1,2,US-98,,99998,26.679,-80.158,0,24,0,0,1,1,0,4,3,1,0,1,0,0,99,99,99,99,99,99,0,0,0,1,1,0
12,122953,2,2,0,0,0,3,3,81,2440,22,11,2016,3,17,30,1,2,3,1,2,US-41,23RD ST,99998,27.534,-82.572,0,12,6,0,2,3,0,1,5,1,0,1,0,0,99,99,99,99,99,99,0,0,0,1,0,0