STATE,ST_CASE,VE_TOTAL,VE_FORMS,PVH_INVL,PEDS,PERNOTMVIT,PERMVIT,PERSONS,COUNTY,CITY,DAY,MONTH,YEAR,DAY_WEEK,HOUR,MINUTE,NHS,RUR_URB,FUNC_SYS,RD_OWNER,ROUTE,TWAY_ID,TWAY_ID2,MILEPT,LATITUDE,LONGITUD,SP_JUR,HARM_EV,MAN_COLL,RELJCT1,RELJCT2,TYP_INT,WRK_ZONE,REL_ROAD,LGT_COND,WEATHER1,WEATHER2,WEATHER,SCH_BUS,RAIL,NOT_HOUR,NOT_MIN,ARR_HOUR,ARR_MIN,HOSP_HR,HOSP_MN,CF1,CF2,CF3,FATALS,DRUNK_DR,RANK
12,122955,2,2,0,0,0,2,2,19,0,26,11,2016,7,10,8,1,1,3,1,3,SR-16,MARSHALL LN,99998,29.983,-81.776,0,12,2,0,1,1,0,1,1,1,0,1,0,0,99,99,99,99,99,99,0,0,0,1,0,2
12,122960,1,1,0,1,1,1,1,5,2450,19,12,2016,2,5,40,1,2,3,1,3,SR-77,SR-368,99998,30.19,-85.65,0,8,0,0,3,2,0,1,3,2,0,2,0,0,99,99,99,99,99,99,0,0,0,1,0,1
12,122963,1,1,0,0,0,2,2,11,2948,24,12,2016,7,19,52,1,2,3,1,3,SR-817,,99998,26.216,-80.253,0,33,0,0,1,1,0,3,3,2,0,2,0,0,99,99,99,99,99,99,0,0,0,1,0,2
12,122968,1,1,0,1,1,1,1,69,1820,30,12,2016,6,18,10,1,2,2,1,2,US-441,,99998,28.823,-81.787,0,8,0,0,1,1,0,1,3,1,0,1,0,0,99,99,99,99,99,99,0,0,0,1,0,0
12,122971,1,1,0,0,0,1,1,103,2806,21,12,2016,4,2,27,1,2,3,1,3,SR-66,,99998,27.813,-82.788,0,1,0,0,1,1,0,4,3,1,0,1,0,0,99,99,99,99,88,88,0,0,0,1,1,0
12,122972,2,2,0,0,0,2,2,99,290,7,12,2016,4,4,20,1,2,1,1,1,I-5,,99998,26.368,-80.118,0,12,6,0,1,1,0,1,3,1,0,1,0,0,99,99,99,99,88,88,0,0,0,1,0,1
12,122974,3,3,0,0,0,4,4,127,920,3,3,2016,5,12,32,1,2,3,1,2,US-1,CORY DR,99998,28.943,-80.882,0,12,6,0,3,3,0,1,1,1,0,1,0,0,99,99,99,99,88,88,0,0,0,1,0,1
12,122978,1,1,0,0,0,1,1,1,1130,4,9,2016,1,23,33,1,2,3,1,2,US-441,,99998,29.713,-82.355,0,33,0,0,1,1,0,4,3,10,0,10,0,0,99,99,99,99,99,99,0,0,0,1,0,0
12,122984,1,1,0,1,1,2,2,127,2190,20,10,2016,5,11,28,1,1,3,1,2,US-1,,99998,29.043,-80.934,0,8,0,0,1,1,0,1,1,1,0,1,0,0,99,99,99,99,99,99,0,0,0,1,0,1
12,122998,2,2,0,0,0,2,2,85,2900,29,12,2016,5,22,41,1,1,3,1,2,US-1,MONTEREY RD EXT,99998,27.175,-80.234,0,12,99,0,2,2,0,1,3,10,0,10,0,0,99,99,99,99,99,99,0,0,0,1,1,1
12,123002,3,3,0,0,0,5,5,99,3190,16,7,2016,7,4,7,1,1,3,1,3,SR-704,S MILTARY TRAIL,99998,26.707,-80.111,0,12,1,0,3,2,0,1,3,1,0,1,0,0,99,99,99,99,99,99,0,0,0,1,1,2
12,123005,1,1,0,1,1,1,1,9,0,30,12,2016,6,12,5,1,1,1,1,1,I-95,,99998,28.116,-80.706,0,8,0,0,1,1,0,1,1,1,0,1,0,0,99,99,99,99,99,99,0,0,0,1,0,1
12,123008,2,1,1,0,0,1,1,5,0,6,12,2016,3,1,15,1,1,3,1,3,SR-30,,99998,30.179,-85.798,0,42,0,0,1,1,0,6,2,10,0,10,0,0,99,99,99,99,88,88,0,0,0,1,1,1
12,123011,1,1,0,0,0,1,1,127,2580,19,10,2016,4,18,10,1,1,3,1,3,SR-5,HOWES ST,99998,29.127,-80.985,0,1,0,0,3,3,0,1,1,1,0,1,0,0,99,99,99,99,99,99,0,0,0,1,0,1
12,123015,2,2,0,0,0,2,2,11,672,18,12,2016,1,22,6,1,1,3,1,3,SR-7,,99998,26.284,-80.202,0,12,6,0,1,1,0,1,3,1,0,1,0,0,99,99,99,99,88,88,0,0,0,1,0,2
12,123017,1,1,0,1,1,1,1,127,780,28,10,2016,6,23,1,1,1,3,1,3,SR-A1A,,99998,29.252,-81.02,0,15,0,0,1,1,0,1,2,1,0,1,0,0,99,99,99,99,99,99,0,0,0,1,0,1
12,123018,1,1,0,1,1,1,1,9,2785,11,10,2016,3,20,51,1,1,3,1,3,SR-A1A,,99998,28.178,-80.591,0,8,0,0,1,1,0,1,3,1,0,1,0,0,99,99,99,99,99,99,0,0,0,1,0,1
12,123023,2,2,0,0,0,9,9,69,1820,9,8,2016,3,10,40,1,2,3,1,2,US-441,FERN DR,99998,28.818,-81.845,0,12,6,0,3,3,0,1,1,10,0,10,0,0,99,99,99,99,99,99,0,0,0,1,0,0
12,123026,2,2,0,0,0,2,2,99,290,19,4,2016,3,10,53,1,1,3,1,3,SR-809,VERDE TRAIL,99998,26.357,-80.129,0,12,6,0,2,2,0,1,1,1,0,1,0,0,99,99,99,99,99,99,0,0,0,1,0,1
12,123030,2,2,0,0,0,3,3,11,672,20,8,2016,7,2,30,1,2,3,1,2,US-441,WILES RD,99998,26.286,-80.202,0,12,1,0,3,2,0,1,3,1,0,1,0,0,99,99,99,99,99,99,0,0,0,1,0,0
12,123035,2,2,0,0,0,2,2,105,0,15,11,2016,3,9,45,1,2,3,1,2,US-92,,99998,28.06,-81.799,0,12,6,0,1,1,0,1,1,1,0,1,0,0,99,99,99,99,99,99,0,0,0,1,0,1
12,123036,2,2,0,0,0,5,5,105,0,28,10,2016,6,6,24,1,2,3,1,2,US-27,PRINCETON AVE,99998,27.691,-81.563,0,12,6,0,2,3,0,1,3,1,0,1,0,0,99,99,99,99,99,99,0,0,0,2,0,0
12,123038,1,1,0,0,0,1,1,127,780,18,12,2016,1,2,30,1,2,3,1,3,SR-5,NORTH ST,99998,29.222,-81.029,0,18,0,0,3,2,0,1,3,1,0,1,0,0,99,99,99,99,99,99,0,0,0,1,0,1
12,123043,2,2,0,0,0,5,5,127,780,10,3,2016,5,22,50,1,1,3,1,3,SR-A1A,,99998,29.244,-81.016,0,12,7,0,1,1,0,1,1,1,0,1,0,0,99,99,99,99,99,99,0,0,0,1,0,1
12,123045,1,1,0,1,1,1,1,127,780,22,11,2016,3,20,29,1,2,3,1,2,US-92,INDIGO DR,99998,29.177,-81.082,0,8,0,0,2,2,0,1,3,1,0,1,0,0,99,99,99,99,88,88,0,0,0,1,0,1
12,123047,1,1,0,1,1,1,1,127,780,17,10,2016,2,8,4,1,2,3,1,2,US-92,SR-5,99998,29.211,-81.023,0,8,0,0,2,2,0,1,1,1,0,1,0,0,99,99,99,99,88,88,0,0,0,1,0,1
12,123050,2,2,0,0,0,3,3,103,2530,14,10,2016,6,20,55,1,2,3,1,2,US-19,,99998,27.852,-82.693,0,12,1,0,1,1,0,1,2,1,0,1,0,0,99,99,99,99,99,99,0,0,0,1,0,0
12,123056,2,2,0,0,0,2,2,71,1823,5,12,2016,2,7,29,1,2,3,1,3,SR-82,,99998,26.583,-81.718,0,12,6,0,1,1,0,1,1,5,0,5,0,0,99,99,99,99,99,99,0,0,0,1,0,2
12,123059,4,4,0,0,0,5,5,95,2360,20,11,2016,1,2,29,1,1,1,1,1,I-4,,99998,28.509,-81.41,0,12,1,0,1,1,0,1,2,1,0,1,0,0,99,99,99,99,88,88,0,0,0,1,0,1
12,123061,2,2,0,0,0,2,2,11,1420,17,7,2016,1,20,47,1,1,3,1,3,SR-A1A,,99998,26.052,-80.144,0,12,1,0,1,1,0,1,5,10,0,10,0,0,99,99,99,99,99,99,0,0,0,1,1,1
12,123063,2,2,0,1,1,1,1,95,2360,29,10,2016,7,2,12,1,1,1,1,1,I-4,,99998,28.466,-81.464,0,12,1,0,1,1,0,1,2,1,0,1,0,0,99,99,99,99,99,99,23,0,0,1,0,1
12,123068,1,1,0,1,1,1,1,95,2360,11,11,2016,6,23,13,1,1,3,1,3,SR-436,,99998,28.546,-81.311,0,8,0,0,1,1,0,1,3,1,0,1,0,0,99,99,99,99,99,99,0,0,0,1,0,2
12,123072,2,2,0,0,0,2,2,9,3000,8,6,2016,4,8,5,0,1,3,1,3,SR-50,SISSON RD,99998,28.557,-80.806,1,12,6,0,2,2,0,1,1,10,0,10,0,0,99,99,99,99,99,99,0,0,0,1,0,0
12,123079,1,1,0,0,0,1,1,127,810,26,8,2016,6,22,56,1,1,3,1,3,SR-82,,99998,29.055,-81.292,0,1,0,0,1,1,0,1,1,1,0,1,0,0,99,99,99,99,99,99,0,0,0,1,0,2
12,123082,1,1,0,0,0,1,1,95,70,24,11,2016,5,1,30,1,2,3,1,2,US-441,,99998,28.701,-81.576,0,30,0,0,1,1,0,4,2,1,0,1,0,0,99,99,99,99,99,99,0,0,0,1,1,0
12,123085,2,2,0,0,0,2,2,57,2950,23,10,2016,1,21,33,1,2,3,1,2,US-92,,99998,27.886,-82.558,0,12,1,0,1,1,0,1,3,1,0,1,0,0,99,99,99,99,88,88,0,0,0,1,0,1
12,123089,2,2,0,0,0,3,3,85,1482,17,5,2016,3,7,52,1,2,3,1,2,US-441,,99998,27.087,-80.657,0,12,6,0,1,1,0,1,1,1,0,1,0,0,99,99,99,99,99,99,0,0,0,1,0,0
12,123095,2,2,0,0,0,3,3,86,2441,29,11,2016,3,4,49,1,2,3,1,2,US-1,DIXIE HWY,99998,25.628,-80.341,0,12,11,0,2,3,0,1,3,1,0,1,0,0,99,99,99,99,99,99,0,0,0,1,0,1
12,123109,3,3,0,0,0,8,8,31,1510,5,12,2016,2,20,0,1,2,3,1,3,SR-115,,99998,30.417,-81.697,0,12,6,0,1,1,0,1,3,10,0,10,0,0,99,99,99,99,99,99,0,0,0,1,1,2
12,123111,2,2,0,0,0,4,4,86,1030,3,9,2016,7,18,57,1,2,2,1,2,US-1,355 ST,99998,25.437,-80.475,0,12,6,1,2,3,0,1,1,1,0,1,0,0,99,99,99,99,99,99,0,0,0,1,0,1
12,123113,1,1,0,1,1,1,1,86,0,31,10,2016,2,6,54,1,2,3,1,3,SR-9,114 AVENUE,99998,25.729,-80.237,0,8,0,9,3,2,0,1,3,10,0,10,0,0,99,99,99,99,99,99,0,0,0,1,0,2
12,123116,3,3,0,0,0,7,7,81,2440,27,6,2016,2,21,15,1,1,3,1,3,SR-45,17TH ST,99998,27.529,-82.573,0,12,2,0,3,2,0,1,3,1,0,1,0,0,99,99,99,99,99,99,0,0,0,1,0,0
12,123120,2,2,0,0,0,3,3,101,2180,29,12,2016,5,7,58,1,2,3,1,2,US-19,AVERY RD,99998,28.262,-82.728,0,12,6,0,3,3,0,1,1,1,0,1,0,0,99,99,99,99,99,99,0,0,0,1,0,0
13,130001,1,1,0,1,1,1,1,121,280,1,1,2016,6,2,7,1,2,1,1,1,I-20,,42,33.757,-84.469,0,8,0,0,1,1,0,2,2,1,0,1,0,0,88,88,88,88,88,88,19,0,0,1,0,1
13,130006,1,1,0,1,1,1,1,135,0,1,1,2016,6,7,26,0,2,4,2,3,SR-124,S PUCKETTS MILL RD,235,34.062,-83.927,0,33,0,0,3,3,0,4,1,1,0,1,0,0,9,5,9,11,88,88,0,0,0,1,1,1
13,130009,1,1,0,0,0,1,1,125,0,2,1,2016,7,7,27,0,1,5,1,3,SR-123,COUNTY LINE RD,35,33.256,-82.747,0,35,0,0,3,3,0,4,4,1,0,1,0,0,99,99,99,99,88,88,0,0,0,1,0,2
13,130010,1,1,0,0,0,3,3,289,0,2,1,2016,7,19,4,1,1,1,1,1,I-16,,2,32.754,-83.551,0,24,0,0,1,1,0,4,2,10,0,10,0,0,19,7,19,19,19,55,0,0,0,3,1,1
13,130011,2,1,1,0,0,1,1,317,5820,4,1,2016,2,13,34,0,1,6,1,3,SR-44,,108,33.732,-82.754,0,33,0,0,1,1,0,4,1,1,0,1,0,0,13,34,13,37,13,54,0,0,0,1,0,2
13,130017,1,1,0,0,0,1,1,207,0,8,1,2016,6,5,29,0,1,5,1,3,SR-19,,104,32.996,-83.897,0,34,0,0,8,1,0,4,2,10,0,10,0,0,5,28,5,34,88,88,0,0,0,1,0,2
13,130019,1,1,0,0,0,1,1,15,980,9,1,2016,7,1,3,0,2,4,1,3,SR-113,ETOWAH DR,71,34.164,-84.8,0,33,0,0,3,2,0,4,2,1,0,1,0,0,0,54,1,2,1,25,20,0,0,1,1,1
13,130026,1,1,0,0,0,1,1,119,0,11,1,2016,2,14,30,1,1,1,1,1,I-85,,115,34.406,-83.199,0,42,0,0,1,1,0,4,1,1,0,1,0,0,14,29,14,36,15,25,0,0,0,1,0,1
13,130027,1,1,0,0,0,1,1,121,4230,11,1,2016,2,16,49,0,2,4,1,3,SR-154,,23,33.541,-84.665,0,42,0,0,1,1,0,4,1,1,0,1,0,0,16,49,16,53,99,99,0,0,0,1,0,2
13,130033,5,5,0,0,0,7,7,103,0,12,1,2016,3,22,17,1,1,1,1,1,I-16,,10,32.121,-81.382,0,12,8,0,1,1,0,1,2,1,0,1,0,0,22,18,22,29,23,32,14,0,0,1,1,1
13,130034,2,2,0,0,0,2,2,169,2460,13,1,2016,4,9,37,0,1,5,1,3,SR-18,CAPS DR,130,32.999,-83.535,0,12,6,0,2,2,0,1,1,1,0,1,0,0,9,37,9,39,10,16,0,0,0,1,0,2
13,130037,3,3,0,0,0,3,3,247,0,14,1,2016,5,14,20,1,2,3,1,3,SR-138,,52,33.62,-84.075,0,12,8,0,1,1,0,1,1,1,0,1,0,0,14,21,14,51,15,24,0,0,0,1,0,1
13,130038,2,2,0,0,0,2,2,217,0,15,1,2016,6,8,30,0,1,4,1,3,SR-36,,31,33.422,-83.852,0,12,6,0,1,1,0,1,1,2,0,2,0,0,8,33,8,55,9,25,0,0,0,1,0,1
13,130040,1,1,0,1,1,1,1,61,2200,15,1,2016,6,18,30,0,1,4,1,3,SR-37,,7,31.604,-85.04,0,8,0,0,1,1,0,1,2,10,0,10,0,0,18,34,18,42,88,88,0,0,0,1,0,1
13,130043,1,1,0,0,0,1,1,229,0,16,1,2016,7,4,43,0,1,4,1,3,SR-32,,32,31.465,-82.259,0,59,0,0,1,1,0,4,2,10,0,10,0,0,4,41,4,42,6,3,0,0,0,1,1,2
13,130044,1,1,0,1,1,1,1,63,0,16,1,2016,7,14,0,1,2,3,1,3,SR-85,,22,33.548,-84.415,0,8,0,0,1,1,0,1,1,1,0,1,0,0,13,53,14,0,88,88,0,0,0,1,0,1
13,130049,2,2,0,0,0,4,4,117,0,16,1,2016,7,13,39,0,2,4,1,3,SR-9,MULLINAX RD,31,34.159,-84.236,0,12,6,0,2,2,0,1,1,1,0,1,0,0,13,45,13,54,14,39,0,0,0,1,0,2
13,130052,1,1,0,1,1,1,1,121,0,18,1,2016,2,23,5,1,2,3,2,3,SR-14,,112,33.619,-84.532,0,8,0,0,1,1,1,1,2,1,0,1,0,0,23,5,23,19,23,50,0,0,0,1,0,2
13,130058,2,2,0,0,0,2,2,121,2060,19,1,2016,3,2,54,1,2,1,1,1,I-85,,52,33.545,-84.581,0,12,1,0,1,1,0,2,2,1,0,1,0,0,99,98,99,98,88,88,0,0,0,1,0,1
13,130061,1,1,0,0,0,2,2,201,0,19,1,2016,3,9,55,0,1,5,1,3,SR-45,,39,31.124,-84.773,0,72,0,0,1,1,0,4,1,1,0,1,0,0,99,99,99,99,99,99,0,0,0,1,0,0
13,130064,2,2,0,0,0,2,2,275,5460,20,1,2016,4,19,15,1,1,3,1,3,SR-35,,170,30.912,-83.921,0,12,2,0,1,1,0,1,2,10,0,10,0,0,19,27,19,35,21,1,0,0,0,1,0,1
13,130067,1,1,0,0,0,1,1,73,0,22,1,2016,6,17,31,0,2,4,1,3,SR-28,,50,33.575,-82.12,0,42,0,0,1,1,0,4,5,2,0,2,0,0,17,32,17,38,18,13,0,0,0,1,1,2
13,130072,2,2,0,0,0,3,3,93,0,24,1,2016,1,0,15,1,1,1,1,1,I-75,,26,32.075,-83.763,0,24,0,0,1,1,0,3,2,1,0,1,0,0,99,99,99,99,99,99,0,0,0,2,0,2
13,130073,1,1,0,0,0,2,2,73,0,25,1,2016,2,15,4,1,1,1,1,1,I-20,,10,33.506,-82.391,0,1,0,0,1,1,0,3,1,1,0,1,0,0,15,8,15,17,16,10,0,0,0,1,1,1
13,130074,1,1,0,1,1,1,1,121,4790,25,1,2016,2,20,0,1,2,3,1,3,SR-120,COLEMAN ROAD,2,34.005,-84.391,0,8,0,0,3,2,0,1,2,1,0,1,0,0,99,98,99,98,88,88,0,0,0,1,0,1
13,130075,2,2,0,0,0,3,3,135,3990,25,1,2016,2,11,51,0,2,4,1,3,SR-13,,41,33.949,-84.198,0,12,6,0,8,1,0,1,1,1,0,1,0,0,99,98,99,98,88,88,0,0,0,1,0,2
13,130076,2,2,0,1,1,2,2,135,3990,25,1,2016,2,19,30,0,2,4,1,3,SR-13,,29,33.938,-84.213,0,8,0,0,1,1,0,1,3,1,0,1,0,0,19,31,19,35,20,4,0,0,0,1,0,2
13,130077,1,1,0,0,0,1,1,305,4140,25,1,2016,2,12,50,1,1,3,1,3,SR-27,,40,31.678,-82.081,0,42,0,0,1,1,0,4,1,1,0,1,0,0,99,98,99,98,88,88,0,0,0,1,0,2
13,130079,2,2,0,0,0,2,2,115,0,26,1,2016,3,18,20,1,2,3,1,3,SR-1,,213,34.372,-85.173,0,12,2,0,1,1,0,1,2,2,0,2,0,0,18,28,18,31,19,3,0,0,0,1,0,1
13,130080,2,2,0,0,0,2,2,167,0,26,1,2016,3,18,38,1,1,3,1,3,SR-15,,192,32.758,-82.738,0,12,6,0,8,1,0,1,2,10,0,10,0,0,18,42,18,46,19,54,0,0,0,1,0,0
13,130081,2,2,0,0,0,6,6,165,0,27,1,2016,4,20,44,1,1,3,1,3,SR-67,GAYS HILL CHURCH ROAD,20,32.66,-81.937,0,12,1,0,3,3,0,1,2,10,0,10,0,0,99,99,99,99,99,99,0,0,0,3,0,2
13,130082,2,2,0,0,0,2,2,185,5680,27,1,2016,4,15,34,1,2,3,1,3,SR-133,VALDOSTA MALL DRIVE,14,30.841,-83.323,0,12,6,0,8,1,0,1,1,10,0,10,0,0,15,34,15,46,16,10,0,0,0,1,0,2
13,130084,2,2,0,0,0,4,4,135,0,28,1,2016,5,22,37,1,2,3,1,3,SR-141,JAY BIRD ALLEY,26,33.956,-84.232,0,12,6,0,2,2,0,1,3,1,0,1,0,0,22,37,22,46,23,21,20,0,0,2,1,2
13,130086,1,1,0,0,0,3,3,107,0,29,1,2016,6,7,25,1,1,3,1,3,SR-4,,20,32.32,-82.321,0,1,0,0,1,1,0,1,1,1,0,1,0,0,7,32,7,49,8,51,0,0,0,1,0,2
13,130087,3,3,0,0,0,4,4,273,0,29,1,2016,6,18,51,1,1,3,1,3,SR-520,,161,31.735,-84.396,0,12,2,0,1,1,0,1,2,1,0,1,0,0,18,48,18,53,19,36,0,0,0,1,0,2
13,130088,1,1,0,0,0,2,2,5,0,30,1,2016,7,15,39,1,1,3,1,3,SR-4,,22,31.462,-82.438,0,35,0,0,1,1,0,4,1,1,0,1,0,0,15,39,15,45,16,8,0,0,0,1,1,2
13,130089,1,1,0,0,0,3,3,207,0,30,1,2016,7,3,42,0,1,5,1,3,SR-42,,190,33.096,-83.944,0,42,0,0,1,1,0,4,2,1,0,1,0,0,3,45,3,53,5,8,0,0,0,2,0,1
13,130092,1,1,0,0,0,1,1,17,0,31,1,2016,1,2,21,0,1,5,1,3,SR-107,,178,31.776,-83.089,0,59,0,0,1,1,0,4,2,10,0,10,0,0,99,99,99,99,88,88,0,0,0,1,1,2
13,130095,2,2,0,0,0,5,5,177,5060,31,1,2016,1,15,50,1,1,3,1,3,SR-3,CHURCH STREET,206,31.901,-84.263,0,12,6,0,2,2,0,1,1,10,0,10,0,0,15,51,16,4,16,40,0,0,0,1,0,2
13,130099,1,1,0,1,1,2,2,121,0,1,2,2016,2,0,14,1,2,1,1,1,I-285,,26,33.663,-84.498,0,8,0,0,1,1,0,1,2,10,0,10,0,0,99,98,99,98,88,88,19,0,0,1,0,2
13,130101,2,2,0,0,0,3,3,77,0,2,2,2016,3,23,28,1,2,1,1,1,I-85,,79,33.331,-84.772,0,12,2,0,1,1,0,1,2,10,0,10,0,0,99,99,99,99,99,99,0,0,0,1,1,1
13,130103,2,2,0,0,0,3,3,71,3800,3,2,2016,4,17,33,1,2,3,1,3,SR-133,,142,31.174,-83.756,0,12,2,0,1,1,0,1,5,2,0,2,0,0,99,99,99,99,99,99,0,0,0,1,0,2
13,130106,2,2,0,0,0,2,2,29,0,4,2,2016,5,16,20,1,1,1,1,1,I-16,,63,32.168,-81.442,0,12,1,0,1,1,0,1,1,10,0,10,0,0,16,28,16,54,18,6,0,0,0,1,0,1
13,130108,1,1,0,0,0,1,1,87,0,5,2,2016,6,11,45,1,1,3,1,2,US-27 / SR-1,,298,31.029,-84.643,0,34,0,0,1,1,0,4,1,1,0,1,0,0,99,98,99,98,88,88,0,0,0,1,0,2
13,130113,2,2,0,0,0,5,5,97,0,6,2,2016,7,16,30,1,2,3,1,3,SR-5,BANKS MILL RD,77,33.67,-84.806,0,12,6,0,2,4,0,1,1,10,0,10,0,0,88,88,88,88,88,88,0,0,0,1,0,1
13,130114,1,1,0,0,0,1,1,121,4790,6,2,2016,7,2,25,1,2,3,1,3,SR-120,,19,34.014,-84.364,0,33,0,0,1,1,0,3,3,1,0,1,0,0,99,98,99,98,88,88,0,0,0,1,1,1
13,130117,1,1,0,0,0,1,1,121,280,7,2,2016,1,7,23,1,2,1,1,1,I-285,,548,33.659,-84.361,0,1,0,0,1,1,0,4,1,1,0,1,0,0,99,98,99,98,88,88,0,0,0,1,0,2
13,130118,1,1,0,0,0,1,1,275,0,7,2,2016,1,5,35,1,1,3,1,3,SR-3,,71,30.932,-84.023,0,42,0,0,1,1,0,4,2,1,0,1,0,0,99,98,99,98,88,88,0,0,0,1,0,2
13,130121,1,1,0,0,0,1,1,223,0,8,2,2016,2,7,19,0,2,4,1,3,SR-61,WINNDALE RD,100,33.906,-84.826,0,59,0,0,3,3,0,4,2,1,0,1,0,0,99,98,99,98,88,88,0,0,0,1,0,2
13,130128,3,3,0,0,0,4,4,63,0,12,2,2016,6,15,6,1,2,1,1,1,I-285,,15,33.632,-84.388,0,12,1,0,1,1,0,1,1,1,0,1,0,0,15,6,15,19,15,56,0,0,0,1,0,2
13,130131,1,1,0,1,1,1,1,103,0,13,2,2016,7,14,16,0,1,4,1,3,SR-119,,13,32.304,-81.429,0,8,0,0,1,1,0,2,1,1,0,1,0,0,99,98,99,98,88,88,0,0,0,1,0,2
13,130142,2,2,0,0,0,2,2,285,0,17,2,2016,4,18,57,1,2,3,1,2,US-27 / SR-1,PINE HILL RD,118,32.984,-84.997,0,12,6,0,2,3,0,1,2,1,0,1,0,0,20,9,20,11,88,88,0,0,0,1,1,2
13,130143,2,2,0,0,0,3,3,11,0,18,2,2016,5,13,13,0,1,5,1,3,SR-198,SR-63,65,34.395,-83.395,0,12,6,0,2,2,0,1,1,1,0,1,0,0,99,99,99,99,99,99,0,0,0,1,0,1
13,130144,1,1,0,0,0,2,2,115,0,18,2,2016,5,23,25,1,2,3,1,2,US-27 / SR-1,,174,34.315,-85.172,0,42,0,0,1,1,0,4,2,1,0,1,0,0,23,24,23,30,23,55,0,0,0,2,0,2
13,130146,2,2,0,0,0,2,2,77,0,19,2,2016,6,11,28,0,2,4,1,3,SR-16,,201,33.34,-84.663,0,12,2,0,1,1,0,1,1,1,0,1,0,0,99,99,99,99,99,99,0,0,0,1,0,2
13,130150,3,3,0,1,1,5,5,277,5490,19,2,2016,6,19,8,1,2,3,1,3,SR-520,CYPRESS STREET,105,31.45,-83.501,0,8,0,0,3,3,0,1,1,10,0,10,0,0,99,98,99,98,88,88,0,0,0,1,0,2
13,130151,1,1,0,0,0,1,1,65,0,20,2,2016,7,13,34,0,1,5,1,3,SR-167,,89,30.926,-82.785,0,34,0,0,1,1,0,4,1,1,0,1,0,0,13,28,14,3,15,7,0,0,0,1,0,2
13,130152,2,2,0,0,0,2,2,75,0,20,2,2016,7,13,5,0,1,4,1,3,SR-37,OLD UNION ROAD,27,31.154,-83.497,0,12,6,0,2,2,0,1,1,1,0,1,0,0,99,99,99,99,99,99,0,0,0,1,0,1
13,130154,1,1,0,1,1,1,1,89,0,20,2,2016,7,3,5,1,2,1,1,1,I-285,,146,33.778,-84.241,0,8,0,0,1,1,0,1,2,1,0,1,0,0,99,98,99,98,88,88,0,0,0,1,0,2
13,130155,4,4,0,0,0,5,5,89,1610,20,2,2016,7,4,42,1,2,1,1,1,I-285,,136,33.766,-84.232,0,12,1,0,1,1,0,1,2,1,0,1,0,0,4,47,4,50,5,23,19,0,0,1,0,2
13,130156,1,1,0,0,0,1,1,143,5370,20,2,2016,7,5,12,0,1,5,1,3,SR-100,,99999,33.698,-85.266,0,32,0,0,1,1,0,4,2,1,0,1,0,0,5,3,5,12,5,38,0,0,0,1,0,1
13,130159,1,1,0,0,0,2,2,9,0,21,2,2016,1,4,33,1,2,3,1,3,SR-49,,35,33.017,-83.338,0,34,0,0,1,1,0,4,2,1,0,1,0,0,99,99,99,99,99,99,0,0,0,1,1,1
13,130163,2,2,0,0,0,2,2,77,0,22,2,2016,2,5,15,0,2,4,1,3,SR-16,OLD HIGHWAY 85,252,33.3,-84.592,0,12,6,0,2,3,0,1,2,10,0,10,0,0,5,11,5,13,6,20,0,0,0,1,0,2
13,130164,2,2,0,0,0,2,2,113,5610,22,2,2016,2,13,50,1,2,3,1,3,SR-74,CARRIAGE OAKS DRIVE,24,33.49,-84.585,0,12,6,0,2,2,0,1,1,10,0,10,0,0,13,54,14,1,14,15,0,0,0,1,0,2
13,130166,1,1,0,1,1,2,2,223,2740,22,2,2016,2,18,50,1,2,3,1,3,SR-92,,56,33.859,-84.76,0,8,0,0,1,1,0,1,2,2,0,2,0,0,18,46,18,50,19,25,0,0,0,1,0,2
13,130167,2,2,0,0,0,6,6,275,0,22,2,2016,2,11,46,0,2,6,2,3,SR-36,GATLIN CREEK ROAD,29,30.826,-83.904,0,12,6,0,2,2,0,1,1,1,0,1,0,0,12,14,12,21,12,34,0,0,0,2,0,1
13,130168,1,1,0,0,0,1,1,73,0,23,2,2016,3,4,7,1,2,1,1,1,I-20,,156,33.484,-82.127,0,21,0,0,1,1,0,3,3,10,0,10,0,0,4,12,4,24,88,88,0,0,0,1,1,1
13,130169,1,1,0,0,0,2,2,113,740,23,2,2016,3,15,45,0,1,4,1,3,SR-85,,1,33.317,-84.48,0,42,0,0,1,1,0,4,1,10,0,10,0,0,15,29,15,31,16,6,0,0,0,1,0,1
13,130170,1,1,0,1,1,2,2,215,1280,23,2,2016,3,18,50,1,2,3,1,3,SR-520,BENNING DRIVE,36,32.424,-84.947,0,8,0,0,3,2,0,1,3,2,0,2,0,0,18,51,18,52,19,12,0,0,0,1,0,2
13,130171,1,1,0,1,1,2,2,313,0,23,2,2016,3,20,45,1,2,3,1,3,SR-52,,44,34.766,-84.929,0,8,0,0,1,1,0,1,2,2,0,2,0,0,20,46,20,49,88,88,0,0,0,1,0,0
13,130173,2,2,0,0,0,3,3,87,290,24,2,2016,4,8,26,1,1,3,1,3,SR-1,,59,30.742,-84.462,0,12,2,0,1,1,0,1,1,10,0,10,0,0,99,99,99,99,99,99,0,0,0,1,1,1
13,130174,3,3,0,0,0,7,7,151,0,24,2,2016,4,20,28,1,2,3,1,3,SR-81,,232,33.472,-83.964,0,12,2,0,1,1,0,1,2,10,0,10,0,0,20,45,21,30,21,57,0,0,0,2,1,2