STATE,ST_CASE,VE_TOTAL,VE_FORMS,PVH_INVL,PEDS,PERNOTMVIT,PERMVIT,PERSONS,COUNTY,CITY,DAY,MONTH,YEAR,DAY_WEEK,HOUR,MINUTE,NHS,RUR_URB,FUNC_SYS,RD_OWNER,ROUTE,TWAY_ID,TWAY_ID2,MILEPT,LATITUDE,LONGITUD,SP_JUR,HARM_EV,MAN_COLL,RELJCT1,RELJCT2,TYP_INT,WRK_ZONE,REL_ROAD,LGT_COND,WEATHER1,WEATHER2,WEATHER,SCH_BUS,RAIL,NOT_HOUR,NOT_MIN,ARR_HOUR,ARR_MIN,HOSP_HR,HOSP_MN,CF1,CF2,CF3,FATALS,DRUNK_DR,RANK
13,130177,2,2,0,0,0,4,4,89,0,25,2,2016,5,22,10,1,2,1,1,1,I-85,,26,33.843,-84.308,0,12,2,0,1,1,0,1,2,1,0,1,0,0,99,99,99,99,99,99,0,0,0,2,1,1
13,130178,3,3,0,0,0,3,3,153,0,25,2,2016,5,16,3,1,2,3,1,3,SR-96,,89,32.543,-83.541,0,12,8,0,1,1,0,1,1,1,0,1,0,0,16,7,16,28,17,16,0,0,0,1,0,2
13,130180,3,3,0,0,0,5,5,285,0,25,2,2016,5,11,31,1,2,1,1,1,I-85,,191,33.07,-84.932,0,12,7,0,1,1,0,1,1,1,0,1,0,0,11,32,11,42,13,20,0,0,0,2,0,1
13,130182,1,1,0,1,1,1,1,63,0,26,2,2016,6,18,50,1,2,3,1,3,SR-3,NORTH AVENUE,78,33.532,-84.364,0,8,0,0,2,2,0,1,2,1,0,1,0,0,18,51,18,52,19,6,0,0,0,1,0,2
13,130186,1,1,0,0,0,2,2,75,0,27,2,2016,7,1,59,0,1,4,1,3,SR-76,,143,31.162,-83.339,0,34,0,0,1,1,0,4,2,1,0,1,0,0,99,99,99,99,99,99,0,0,0,1,1,2
13,130189,1,1,0,0,0,1,1,187,1480,27,2,2016,7,11,35,0,1,5,1,3,SR-115,,21,34.493,-83.945,0,42,0,0,1,1,0,4,1,1,0,1,0,0,99,98,99,98,88,88,0,0,0,1,0,2
13,130191,3,3,0,0,0,8,8,105,9997,28,2,2016,1,13,0,0,1,4,1,3,SR-77,HUNT ROAD,175,34.226,-82.895,0,12,6,0,2,2,0,1,1,1,0,1,0,0,13,0,13,9,99,99,0,0,0,1,0,1
13,130192,2,2,0,0,0,2,2,113,5610,28,2,2016,1,2,26,1,2,3,1,3,SR-74,,40,33.477,-84.586,0,12,2,0,1,1,0,1,2,1,0,1,0,0,2,26,2,30,3,35,0,0,0,1,0,2
13,130193,2,2,0,1,1,3,3,121,280,28,2,2016,1,3,50,1,2,1,1,1,I-85,,311,33.824,-84.352,0,8,0,0,1,1,0,1,3,1,0,1,0,0,99,98,99,98,88,88,0,0,0,1,0,1
13,130197,1,1,0,0,0,1,1,145,0,29,2,2016,2,12,5,0,2,4,1,3,SR-103,,131,32.868,-85.141,0,42,0,0,1,1,0,4,1,1,0,1,0,0,99,99,99,99,99,99,0,0,0,1,0,2
13,130198,1,1,0,2,2,1,1,191,9997,29,2,2016,2,0,45,1,1,1,1,1,I-95,,133,31.543,-81.445,0,8,0,0,1,1,0,2,2,1,0,1,0,0,0,58,2,1,2,37,23,0,0,1,0,1
13,130199,2,2,0,0,0,3,3,53,1450,12,1,2016,3,15,40,1,1,3,1,3,SR-26,SR-520,0,32.314,-84.799,0,12,6,0,2,3,0,1,1,1,0,1,0,0,99,99,99,99,99,99,0,0,0,1,0,1
13,130205,2,2,0,0,0,2,2,103,0,1,3,2016,3,8,6,0,1,3,1,3,SR-17,MARLOW RD,99,32.269,-81.389,0,12,6,0,2,2,0,1,1,1,0,1,0,0,8,6,8,13,88,88,0,0,0,1,0,2
13,130208,2,2,0,0,0,2,2,157,2810,1,3,2016,3,11,30,0,2,4,1,3,SR-53,,42,34.105,-83.762,0,12,2,0,1,1,0,1,1,10,0,10,0,0,99,98,99,98,88,88,0,0,0,1,1,2
13,130212,3,3,0,0,0,3,3,39,3010,3,3,2016,5,6,19,1,1,3,1,3,SR-40,SPRINGHILL RD,48,30.809,-81.831,0,12,6,0,2,2,1,1,3,1,0,1,1,0,99,99,99,99,99,99,0,0,0,1,0,0
13,130214,2,2,0,0,0,4,4,213,0,3,3,2016,5,19,8,0,1,5,1,3,SR-225,,41,34.949,-84.777,0,12,2,0,1,1,0,1,2,10,0,10,0,0,99,99,99,99,99,99,0,0,0,1,0,2
13,130220,3,3,0,0,0,6,6,135,3100,5,3,2016,7,20,46,1,2,3,1,3,SR-124,JACKSON ST,12,33.956,-83.986,0,12,6,0,2,99,0,1,3,1,0,1,0,0,20,50,20,51,21,19,0,0,0,1,0,1
13,130222,2,2,0,0,0,3,3,297,0,5,3,2016,7,9,30,1,2,3,1,3,SR-138,,60,33.771,-83.797,0,12,6,0,1,1,0,1,1,1,0,1,0,0,99,99,99,99,99,99,0,0,0,1,0,1
13,130223,2,2,0,0,0,2,2,297,0,5,3,2016,7,21,33,1,1,1,1,1,I-20,,7,33.608,-83.694,0,12,6,0,1,1,0,1,2,1,0,1,0,0,99,99,99,99,99,99,0,0,0,1,0,1
13,130227,2,2,0,0,0,2,2,295,0,6,3,2016,1,15,41,0,1,4,1,3,SR-136,,239,34.685,-85.183,0,12,7,0,1,1,0,1,1,1,0,1,0,0,99,98,99,98,88,88,0,0,0,1,0,2
13,130230,1,1,0,1,1,1,1,105,0,7,3,2016,2,19,4,1,1,3,1,3,SR-72,,179,34.08,-82.75,0,8,0,0,1,1,0,1,5,1,0,1,0,0,99,99,99,99,99,99,0,0,0,1,1,2
13,130237,2,2,0,0,0,2,2,89,0,9,3,2016,4,12,35,1,2,1,1,1,I-285,,78,33.865,-84.249,0,12,6,0,1,1,0,1,1,1,0,1,0,0,99,98,99,98,88,88,0,0,0,1,0,2
13,130239,2,2,0,0,0,3,3,213,0,9,3,2016,4,11,23,0,1,5,1,3,SR-225,,41,34.95,-84.777,0,34,0,0,1,1,0,4,1,1,0,1,0,0,99,98,99,98,88,88,14,0,0,1,0,2
13,130241,1,1,0,1,1,2,2,97,1770,10,3,2016,5,13,40,1,2,3,1,3,SR-5,STEWART PKWY,123,33.718,-84.765,0,8,0,0,3,3,0,1,1,1,0,1,0,0,13,47,13,57,14,34,0,0,0,1,0,1
13,130242,2,1,1,0,1,3,4,189,0,10,3,2016,5,16,49,1,1,1,1,1,I-20,,38,33.507,-82.536,0,14,0,0,1,1,0,4,1,1,0,1,0,0,99,99,99,99,99,99,0,0,0,1,0,1
13,130245,2,2,0,0,0,2,2,285,0,11,3,2016,6,5,10,0,2,4,1,3,SR-109,,50,33.03,-85.151,0,12,2,0,1,1,0,1,2,10,0,10,0,0,99,98,99,98,88,88,0,0,0,1,0,2
13,130246,2,2,0,0,0,3,3,63,4690,12,3,2016,7,18,45,1,2,3,1,3,SR-138,,32,33.543,-84.4,0,12,6,0,8,1,0,1,3,1,0,1,0,0,99,99,99,99,99,99,0,0,0,1,0,1
13,130247,1,1,0,0,0,1,1,121,280,12,3,2016,7,3,24,1,2,1,1,1,I-75,,169,100,1000,0,1,0,0,1,1,0,1,3,1,0,1,0,0,3,25,3,31,3,40,0,0,0,1,0,2
13,130250,1,1,0,0,0,1,1,127,0,13,3,2016,1,16,15,1,2,1,1,1,I-95,,43,31.172,-81.55,0,38,0,0,1,1,0,4,1,2,0,2,0,0,99,98,99,98,88,88,0,0,0,1,0,1
13,130252,1,1,0,0,0,3,3,145,0,13,3,2016,1,4,5,0,1,4,1,3,SR-103,,89,32.814,-85.104,0,42,0,0,1,1,0,4,2,10,0,10,0,0,99,99,99,99,99,99,0,0,0,1,1,2
13,130253,1,1,0,0,0,1,1,159,0,13,3,2016,1,0,28,0,1,4,1,3,SR-83,,189,33.365,-83.626,0,24,0,0,1,1,0,4,2,10,0,10,0,0,99,98,99,98,88,88,0,0,0,1,0,2
13,130256,2,2,0,0,0,2,2,121,9997,14,3,2016,2,22,56,0,2,4,1,3,SR-9,CREEK CLUB DR,294,34.126,-84.266,0,12,2,0,3,3,0,1,2,10,0,10,0,0,22,56,23,6,23,31,0,0,0,1,0,2
13,130257,1,1,0,0,0,1,1,145,0,14,3,2016,2,19,20,0,1,4,1,2,US-27 / SR-1,,50,32.667,-84.859,0,30,0,0,1,1,0,4,1,1,0,1,0,0,99,98,99,98,88,88,0,0,0,1,0,2
13,130260,3,3,0,0,0,4,4,121,280,16,3,2016,4,1,10,1,2,1,1,1,I-285,,543,33.652,-84.367,0,12,1,0,1,1,0,1,2,1,0,1,0,0,99,99,99,99,99,99,0,0,0,1,2,2
13,130261,1,1,0,0,0,1,1,143,0,16,3,2016,4,17,30,0,1,5,1,3,SR-100,,27,33.697,-85.264,0,34,0,0,1,1,0,4,1,1,0,1,0,0,99,98,99,98,88,88,0,0,0,1,0,1
13,130263,2,2,0,0,0,2,2,63,0,12,2,2016,6,15,39,1,2,3,1,3,SR-3,POSTON ROAD,57,33.505,-84.353,0,12,1,0,3,2,0,1,1,1,0,1,0,0,15,34,15,40,16,0,0,0,0,1,0,2
13,130264,2,2,0,0,0,3,3,215,1280,19,2,2016,6,16,6,1,2,3,4,3,SR-520,10TH AVENUE,10,32.451,-84.98,0,12,2,0,2,4,0,1,1,1,0,1,0,0,99,99,99,99,99,99,0,0,0,1,0,2
13,130265,2,2,0,0,0,4,4,289,0,19,2,2016,6,18,23,1,1,3,1,3,SR-57,RIDGE ROAD,5,32.851,-83.485,0,12,6,0,2,2,0,1,1,1,0,1,0,0,18,28,18,36,19,22,0,0,0,1,0,2
13,130267,2,2,0,0,0,2,2,9,3620,17,3,2016,5,16,48,1,2,3,1,3,SR-49,BLANDY ROAD,89,33.07,-83.26,0,12,6,0,2,3,0,1,1,10,0,10,0,0,99,99,99,99,88,88,0,0,0,1,0,1
13,130268,2,2,0,0,0,2,2,15,980,17,3,2016,5,16,12,0,2,4,1,3,SR-113,OLD ALABAMA ROAD,66,34.117,-84.868,0,12,6,0,2,3,0,1,1,10,0,10,0,0,16,11,16,22,17,8,0,0,0,1,0,1
13,130269,1,1,0,3,3,1,1,121,4790,17,3,2016,5,16,29,1,2,3,1,3,SR-9,,196,34.029,-84.356,0,8,0,0,1,1,0,4,1,1,0,1,0,0,99,99,99,99,99,99,0,0,0,2,0,2
13,130271,2,2,0,0,0,3,3,205,360,17,3,2016,5,12,10,1,1,3,1,3,SR-3,BOWLES STREET,236,31.37,-84.164,0,12,6,0,2,2,0,1,1,10,0,10,0,0,12,11,12,12,12,51,0,0,0,1,0,2
13,130275,1,1,0,0,0,1,1,297,890,18,3,2016,6,23,4,0,2,4,1,3,SR-11,,156,33.854,-83.722,0,1,0,0,1,1,0,4,2,10,0,10,0,0,99,98,99,98,88,88,0,0,0,1,0,2
13,130277,4,4,0,0,0,5,5,63,1250,19,3,2016,7,2,11,1,2,1,1,1,I-285,,45,33.61,-84.436,0,12,1,0,1,1,0,1,2,10,0,10,0,0,99,98,99,98,99,98,0,0,0,1,0,2
13,130280,1,1,0,0,0,2,2,285,3050,19,3,2016,7,4,35,1,2,3,4,3,SR-109,,144,33.042,-84.983,0,59,0,0,1,1,0,4,3,10,0,10,0,0,4,36,4,48,5,35,0,0,0,1,0,2
13,130282,1,1,0,0,0,2,2,129,860,20,3,2016,1,0,15,0,2,4,1,3,SR-3,,12,34.608,-84.951,0,59,0,0,1,1,0,4,2,1,0,1,0,0,0,36,0,56,1,54,0,0,0,1,1,2
13,130284,1,1,0,1,1,2,2,295,0,21,3,2016,2,20,55,0,2,4,1,3,SR-2,HOGAN ROAD,24,34.949,-85.292,0,8,0,0,2,2,0,1,2,10,0,10,0,0,20,54,20,56,21,14,0,0,0,1,0,2
13,130285,1,1,0,1,1,1,1,89,0,23,3,2016,4,2,57,1,2,1,1,1,I-20,I-285,71,33.715,-84.248,0,8,0,0,1,1,0,1,2,1,0,1,0,0,99,98,99,98,88,88,0,0,0,1,0,1
13,130288,1,1,0,1,1,2,2,67,3440,24,3,2016,5,1,18,1,2,1,1,1,I-75,,57,33.945,-84.511,0,8,0,0,1,1,1,1,2,1,0,1,0,0,99,99,99,98,88,88,19,0,0,1,0,2
13,130290,2,2,0,0,0,2,2,135,1810,24,3,2016,5,15,46,0,2,4,1,3,SR-120,MEADOW CHURCH ROAD,55,33.978,-84.102,0,12,6,0,2,2,0,1,1,10,0,10,0,0,15,46,15,52,16,6,0,0,0,1,0,1
13,130291,2,2,0,0,0,3,3,141,5120,24,3,2016,5,5,55,1,1,3,1,3,SR-15,SR-16,92,33.276,-82.971,0,59,0,0,3,2,0,4,1,10,0,10,0,0,99,99,99,99,99,99,0,0,0,1,0,0
13,130293,2,2,0,0,0,2,2,63,4690,25,3,2016,6,16,10,1,2,3,1,3,SR-138,COMMERCE BLVD.,23,33.55,-84.418,0,12,6,0,2,3,0,1,1,1,0,1,0,0,99,99,99,99,99,99,20,0,0,1,0,1
13,130295,3,3,0,0,0,4,4,89,0,25,3,2016,6,14,5,0,2,4,1,3,SR-12,GLEN BRIAR WAY,70,33.722,-84.162,0,12,6,0,2,3,0,1,1,1,0,1,0,0,14,7,14,15,14,35,0,0,0,1,0,2
13,130296,2,2,0,0,0,6,6,59,270,26,3,2016,7,12,16,1,2,3,1,3,SR-8,,75,33.955,-83.388,0,12,6,0,1,1,0,1,1,1,0,1,0,0,12,17,12,20,12,40,0,0,0,2,0,2
13,130297,1,1,0,0,0,1,1,67,0,26,3,2016,7,2,57,1,2,1,1,1,I-75,,121,34.005,-84.565,0,24,0,0,1,1,0,3,2,1,0,1,0,0,99,99,99,99,99,99,0,0,0,1,1,2
13,130298,1,1,0,0,0,1,1,95,0,26,3,2016,7,22,39,0,1,4,1,3,SR-91,,9,31.448,-84.263,0,38,0,0,1,1,0,4,2,10,0,10,0,0,99,98,99,98,88,88,0,0,0,1,1,2
13,130301,2,2,0,0,0,3,3,135,3100,26,3,2016,7,15,21,0,2,4,1,3,SR-120,MCKENDREE CHURCH ROAD,98,33.974,-84.032,0,12,6,0,2,2,0,1,1,10,0,10,0,0,15,22,15,41,15,43,0,0,0,2,0,1
13,130302,1,1,0,0,0,1,1,107,5600,27,3,2016,1,18,5,0,1,4,1,3,SR-121,,17,32.594,-82.023,0,34,0,0,1,1,0,4,1,2,0,2,0,0,18,17,18,38,19,56,0,0,0,1,1,2
13,130303,2,2,0,0,0,4,4,139,9997,27,3,2016,1,15,34,0,2,4,1,3,SR-53,HOWINGTON ROAD,183,34.161,-83.825,0,12,6,0,2,3,0,1,1,10,0,10,0,0,15,27,15,59,16,27,0,0,0,1,0,2
13,130304,1,1,0,0,0,2,2,149,0,27,3,2016,1,17,50,0,1,4,1,3,SR-34,,29,33.229,-85.216,0,32,0,0,1,1,0,4,1,10,0,10,0,0,17,50,18,2,18,51,0,0,0,1,0,2
13,130306,4,4,0,0,0,6,6,67,0,28,3,2016,2,20,57,0,2,4,1,3,SR-139,DISCOVERY BLVD.,1,33.781,-84.536,0,12,6,0,2,2,0,1,2,10,0,10,0,0,20,58,21,4,21,43,0,0,0,1,1,1
13,130310,2,2,0,0,0,3,3,177,0,29,3,2016,3,13,16,1,1,3,1,3,SR-32,SR-91,169,31.727,-84.047,0,12,6,0,2,2,0,1,1,1,0,1,0,0,13,22,13,35,13,59,0,0,0,1,0,2
13,130312,2,2,0,0,0,2,2,223,1500,29,3,2016,3,15,13,1,2,3,1,3,SR-6,OLD HARRIS ROAD,113,33.903,-84.81,0,12,6,0,2,2,0,1,1,1,0,1,0,0,99,99,99,99,99,99,0,0,0,1,0,2
13,130314,2,2,0,0,0,2,2,169,0,30,3,2016,4,20,5,0,1,4,1,3,SR-44,,71,33.089,-83.485,0,12,2,0,1,1,0,1,2,1,0,1,0,0,20,4,20,11,21,14,0,0,0,1,0,2
13,130315,3,3,0,0,0,4,4,261,0,30,3,2016,4,19,0,0,2,7,1,3,SR-49,DISTRICT LINE ROAD,53,32.117,-84.166,0,12,6,0,2,3,0,1,1,1,0,1,0,0,19,1,19,8,19,28,0,0,0,1,1,1
13,130318,1,1,0,0,0,1,1,191,0,31,3,2016,5,22,45,0,1,5,1,3,SR-99,,172,31.507,-81.395,0,1,0,0,1,1,0,4,2,1,0,1,0,0,99,98,99,98,88,88,0,0,0,1,1,2
13,130320,2,2,0,0,0,2,2,63,2970,1,4,2016,6,23,18,1,2,3,1,3,SR-138,,81,33.536,-84.332,1,12,6,0,8,1,0,1,2,2,0,2,0,0,23,18,23,31,23,46,0,0,0,1,0,1
13,130321,1,1,0,0,0,7,7,77,0,1,4,2016,6,20,7,1,2,1,1,1,I-85,,221,33.498,-84.641,0,1,0,0,1,1,0,1,5,2,0,2,0,0,99,99,99,99,99,99,0,0,0,3,1,1
13,130326,2,2,0,0,0,3,3,35,0,2,4,2016,7,15,30,0,1,4,1,3,SR-36,,137,33.353,-83.946,0,12,2,0,1,1,0,1,1,1,0,1,0,0,99,99,99,99,99,99,0,0,0,1,0,1
13,130331,1,1,0,0,0,4,4,201,0,2,4,2016,7,19,20,0,1,4,1,3,SR-91,,186,31.185,-84.607,0,1,0,0,1,1,0,4,1,10,0,10,0,0,99,99,99,99,99,99,5,0,0,3,0,2
13,130334,1,1,0,0,0,1,1,121,280,3,4,2016,1,3,20,1,2,1,1,1,I-75,,77,33.753,-84.379,0,25,0,0,1,1,0,3,3,1,0,1,0,0,3,21,3,21,3,36,0,0,0,1,1,2
13,130337,2,2,0,0,0,4,4,209,0,4,4,2016,2,19,18,0,1,4,1,3,SR-135,OLD SAVANNAH RD,177,32.199,-82.462,0,12,6,0,2,2,0,1,1,1,0,1,0,0,19,23,19,28,19,45,0,0,0,1,0,1
13,130338,1,1,0,0,0,2,2,39,0,5,4,2016,3,16,30,1,1,1,1,1,I-95,,199,31.025,-81.657,0,38,0,0,1,1,0,5,1,1,0,1,0,0,16,47,16,57,17,49,0,0,0,1,0,1
13,130339,2,2,0,0,0,3,3,195,940,5,4,2016,3,18,11,1,1,3,1,3,SR-72,,162,34.043,-83.034,0,12,8,0,1,1,0,1,1,1,0,1,0,0,18,13,18,21,19,12,0,0,0,1,0,2
13,130340,1,1,0,0,0,2,2,213,0,5,4,2016,3,14,35,0,2,4,1,3,SR-225,,84,34.72,-84.817,0,1,0,0,1,1,0,1,1,1,0,1,0,0,99,99,99,99,99,99,0,0,0,1,0,2
13,130341,2,2,0,0,0,2,2,247,1320,5,4,2016,3,15,19,1,2,3,1,3,SR-138,,159,33.705,-83.938,0,12,2,0,1,1,0,1,1,1,0,1,0,0,15,24,15,37,16,36,0,0,0,2,0,1
13,130350,1,1,0,0,0,1,1,15,0,8,4,2016,6,19,28,0,2,4,1,3,SR-140,,32,34.376,-84.953,0,42,0,0,1,1,0,4,5,10,0,10,0,0,99,99,99,99,88,88,0,0,0,1,0,1
13,130353,1,1,0,0,0,1,1,67,0,9,4,2016,7,3,58,1,2,3,1,3,SR-120,,177,33.979,-84.463,0,33,0,0,1,1,0,3,2,1,0,1,0,0,3,58,4,1,4,31,0,0,0,1,1,1
13,130356,1,1,0,0,0,1,1,267,0,9,4,2016,7,12,0,0,1,4,1,3,SR-23,,117,31.991,-82,0,32,0,0,1,1,0,4,1,1,0,1,0,0,13,51,13,55,88,88,0,0,0,1,0,0
13,130357,2,2,0,0,0,7,7,15,0,17,4,2016,1,15,48,0,2,4,1,3,SR-113,,80,34.131,-84.85,0,1,0,0,1,1,0,1,1,1,0,1,0,0,15,45,15,57,16,23,19,0,0,1,0,1
13,130358,2,2,0,0,0,2,2,51,4910,10,4,2016,1,16,58,1,2,1,1,1,I-16,,24,32.003,-81.285,0,12,7,1,20,1,0,1,1,1,0,1,0,0,17,2,17,19,17,51,0,0,0,1,1,1
13,130359,2,2,0,0,0,2,2,77,0,10,4,2016,1,0,30,1,2,1,1,1,I-85,,71,33.321,-84.78,0,12,2,0,1,1,0,1,2,1,0,1,0,0,99,99,99,99,99,99,0,0,0,1,1,1
13,130361,1,1,0,0,0,5,5,287,0,10,4,2016,1,17,45,1,1,1,1,1,I-75,,43,31.654,-83.598,0,1,0,0,1,1,0,4,1,1,0,1,0,0,99,99,99,99,99,99,0,0,0,2,0,2
13,130363,1,1,0,0,0,1,1,87,0,11,4,2016,2,15,30,1,1,3,1,2,US-27 / SR-1,,256,30.975,-84.612,0,34,0,0,1,1,0,4,1,1,0,1,0,0,99,99,99,99,99,99,0,0,0,1,0,2
13,130365,1,1,0,0,0,2,2,151,0,11,4,2016,2,15,58,1,2,1,1,1,I-75,,11,33.314,-84.117,0,24,0,0,1,1,0,4,1,10,0,10,0,0,16,1,16,10,88,88,0,0,0,2,0,2
13,130366,1,1,0,1,1,1,1,279,5700,11,4,2016,2,7,43,0,2,4,1,3,SR-292,,53,32.207,-82.356,0,9,0,0,1,1,0,1,1,1,0,1,0,0,7,44,7,48,7,55,0,0,0,1,0,2
13,130370,2,2,0,0,0,2,2,233,1010,12,4,2016,3,13,15,1,2,3,1,2,US-27 / SR-1,COLLARD VALLEY RD,107,34.027,-85.22,0,12,6,0,2,2,0,1,1,10,0,10,0,0,13,10,13,13,13,33,0,0,0,1,0,2
13,130373,1,1,0,0,0,1,1,159,0,13,4,2016,4,7,19,0,1,4,1,3,SR-83,,58,33.214,-83.753,0,34,0,0,1,1,0,4,1,1,0,1,0,0,99,98,99,98,88,88,0,0,0,1,0,2
13,130378,1,1,0,1,1,1,1,297,3230,15,4,2016,6,22,9,0,2,4,1,3,SR-81,,88,33.824,-83.878,0,8,0,0,1,1,0,1,3,1,0,1,0,0,22,8,22,11,22,34,0,0,0,1,0,2
13,130388,1,1,0,0,0,1,1,47,4680,18,4,2016,2,7,24,1,2,1,1,1,I-75,,114,34.97,-85.193,0,24,0,0,1,1,0,4,1,1,0,1,0,0,7,30,7,59,8,18,0,0,0,1,0,2
13,130391,2,2,0,0,0,2,2,153,4340,18,4,2016,2,16,15,0,2,4,1,3,SR-247,SR-247(SPUR),75,32.466,-83.616,0,12,6,0,2,3,0,1,1,1,0,1,0,0,16,19,16,34,17,49,0,0,0,1,0,1
13,130394,1,1,0,0,0,1,1,121,5640,20,4,2016,4,9,40,1,2,1,1,1,I-85,,89,33.589,-84.506,0,34,0,0,1,1,0,4,1,1,0,1,0,0,9,40,9,40,88,88,0,0,0,1,0,1
13,130395,2,2,0,0,0,2,2,129,4605,20,4,2016,4,15,4,0,1,5,1,3,SR-136,SPRING PLACE ROAD,165,34.604,-84.821,0,12,6,0,2,2,0,1,1,1,0,1,0,0,99,98,99,98,88,88,0,0,0,1,0,2
13,130396,2,2,0,0,0,4,4,129,0,20,4,2016,4,23,56,1,2,1,1,1,I-75,,27,34.443,-84.92,0,12,1,0,1,1,0,1,2,1,0,1,0,0,23,53,23,59,0,13,19,0,0,1,0,2
13,130397,3,3,0,0,0,3,3,225,830,20,4,2016,4,1,30,1,2,1,1,1,I-75,,91,32.668,-83.744,0,12,1,0,1,1,0,1,2,1,0,1,0,0,99,98,99,98,88,88,19,0,0,1,0,2
13,130398,5,5,0,0,0,8,8,287,250,20,4,2016,4,3,19,1,1,1,1,1,I-75,,93,31.715,-83.638,0,12,1,0,1,1,0,1,2,1,0,1,0,0,99,98,99,98,88,88,0,0,0,1,0,2
13,130399,1,1,0,0,0,1,1,97,3208,21,4,2016,5,16,20,1,2,1,1,1,I-20,,158,33.768,-84.652,0,34,0,0,1,1,0,4,1,1,0,1,0,0,99,98,99,98,88,88,0,0,0,1,1,1
13,130405,1,1,0,1,1,3,3,121,280,23,4,2016,7,2,51,1,2,3,1,3,SR-3,SPELMAN LANE,72,33.744,-84.408,0,8,0,0,2,2,0,1,2,1,0,1,0,0,2,50,2,55,3,20,0,0,0,1,0,2
13,130406,3,3,0,2,2,2,2,135,0,23,4,2016,7,4,40,1,2,1,1,1,I-85,,79,33.954,-84.127,0,12,7,0,1,1,0,1,3,1,0,1,0,0,99,99,99,99,99,99,0,0,0,1,0,1
13,130411,3,2,1,0,0,2,2,135,3158,26,4,2016,3,5,57,0,2,4,1,3,SR-8,SUMMER RIDGE LANE,57,33.908,-84.107,0,12,6,0,2,3,0,1,2,1,0,1,0,0,5,57,6,5,6,24,0,0,0,1,0,2
13,130412,1,1,0,1,1,1,1,151,0,26,4,2016,3,10,12,1,2,3,1,3,SR-20,WESTRIDGE PARKWAY,125,33.413,-84.199,0,8,0,0,2,2,0,1,1,1,0,1,0,0,10,12,10,18,11,14,0,0,0,1,0,2
13,130413,1,1,0,0,0,2,2,45,3860,27,4,2016,4,12,25,0,1,6,1,3,SR-16,,68,33.617,-85.174,0,42,0,0,1,1,0,4,1,1,0,1,0,0,12,27,12,35,12,58,0,0,0,1,0,2
13,130416,2,2,0,0,0,6,6,219,5830,27,4,2016,4,20,55,0,1,5,1,3,SR-15,,58,33.803,-83.341,0,12,6,0,1,1,0,1,2,1,0,1,0,0,21,1,21,14,21,40,0,0,0,4,0,1
13,130420,2,2,0,0,0,3,3,193,0,28,4,2016,5,7,5,0,1,4,1,3,SR-26,,220,32.325,-83.88,0,12,2,0,1,1,0,1,1,5,0,5,0,0,99,98,99,98,88,88,0,0,0,2,0,1
13,130421,2,2,0,0,0,3,3,197,0,28,4,2016,5,10,35,1,1,4,1,3,SR-26,,150,32.269,-84.431,0,12,2,0,1,1,0,1,1,1,0,1,0,0,10,39,10,54,12,10,0,0,0,1,0,1
13,130422,2,2,0,0,0,3,3,211,4830,28,4,2016,5,21,36,1,1,1,1,1,I-20,,28,33.59,-83.621,0,12,2,0,1,1,0,1,2,1,0,1,0,0,21,37,21,50,23,7,0,0,0,1,0,1
13,130424,1,1,0,0,0,1,1,31,5204,29,4,2016,6,7,9,0,1,5,1,3,SR-119,,42,32.31,-81.498,0,34,0,0,1,1,0,4,2,1,0,1,0,0,99,98,99,98,88,88,0,0,0,1,0,2
13,130427,2,2,0,0,0,2,2,143,0,3,5,2016,3,23,52,1,1,1,1,1,I-20,,60,33.689,-85.22,0,12,6,0,1,1,0,1,2,10,0,10,0,0,23,50,0,15,0,56,19,0,0,1,1,1
13,130430,3,3,0,0,0,4,4,39,3010,1,5,2016,1,16,48,1,2,3,1,3,SR-40,HADDOCK RD,161,30.787,-81.646,0,12,6,0,2,2,1,1,1,1,0,1,0,0,16,48,16,52,99,99,0,0,0,1,0,0
13,130434,2,2,0,0,0,2,2,77,4960,1,5,2016,1,13,51,0,2,4,1,3,SR-16,VILLAGE CIR,264,33.294,-84.573,0,12,6,0,2,2,0,1,1,1,0,1,0,0,13,52,13,58,88,88,3,0,0,1,0,2
13,130435,2,2,0,0,0,2,2,115,0,1,5,2016,1,17,43,0,2,4,1,3,SR-140,,78,34.366,-85.046,0,12,2,0,1,1,0,4,1,10,0,10,0,0,17,45,17,55,19,3,0,0,0,1,0,1
13,130440,1,1,0,0,0,1,1,15,0,3,5,2016,3,6,37,1,2,1,1,1,I-75,,277,34.363,-84.897,0,42,0,0,1,1,0,5,2,10,0,10,0,0,99,98,99,98,88,88,0,0,0,1,0,2
13,130441,2,2,0,0,0,2,2,117,0,3,5,2016,3,7,8,0,2,4,1,3,SR-9,,84,34.178,-84.157,0,12,2,0,1,1,0,1,1,2,0,2,0,0,7,12,7,20,7,54,0,0,0,1,0,2
13,130442,1,1,0,1,1,1,1,217,1380,3,5,2016,3,7,22,1,2,3,1,3,SR-12,ELM ST,61,33.603,-83.856,0,9,0,0,3,2,0,1,1,10,0,10,1,0,99,99,99,99,99,99,0,0,0,1,0,2
13,130448,2,2,0,0,0,3,3,67,0,5,5,2016,5,3,14,1,2,3,1,3,SR-92,,0,33.949,-84.737,0,12,2,0,1,1,0,1,2,1,0,1,0,0,99,99,99,99,99,99,0,0,0,1,0,2