STATE,ST_CASE,VE_TOTAL,VE_FORMS,PVH_INVL,PEDS,PERNOTMVIT,PERMVIT,PERSONS,COUNTY,CITY,DAY,MONTH,YEAR,DAY_WEEK,HOUR,MINUTE,NHS,RUR_URB,FUNC_SYS,RD_OWNER,ROUTE,TWAY_ID,TWAY_ID2,MILEPT,LATITUDE,LONGITUD,SP_JUR,HARM_EV,MAN_COLL,RELJCT1,RELJCT2,TYP_INT,WRK_ZONE,REL_ROAD,LGT_COND,WEATHER1,WEATHER2,WEATHER,SCH_BUS,RAIL,NOT_HOUR,NOT_MIN,ARR_HOUR,ARR_MIN,HOSP_HR,HOSP_MN,CF1,CF2,CF3,FATALS,DRUNK_DR,RANK
13,130450,2,2,0,0,0,4,4,319,0,5,5,2016,5,8,7,0,1,4,1,3,SR-57,,45,32.856,-83.313,0,12,2,0,1,1,0,1,1,1,0,1,0,0,99,99,99,99,99,99,0,0,0,1,0,2
13,130451,2,2,0,0,0,3,3,31,0,6,5,2016,6,15,34,1,1,1,1,1,I-16,,221,32.228,-81.584,0,12,1,0,1,1,0,1,1,1,0,1,0,0,99,99,99,99,99,99,0,0,0,1,0,1
13,130455,2,2,0,0,0,1,1,63,1250,7,5,2016,7,19,58,1,2,1,1,1,I-285,,54,33.618,-84.453,0,12,1,0,1,1,0,1,1,1,0,1,0,0,99,99,99,99,99,99,0,0,0,1,0,2
13,130456,1,1,0,0,0,2,2,75,5110,7,5,2016,7,16,0,1,2,1,1,1,I-75,,97,31.163,-83.448,0,25,0,0,1,1,0,3,1,1,0,1,0,0,99,99,99,99,99,99,0,0,0,1,0,2
13,130459,1,1,0,0,0,2,2,233,0,7,5,2016,7,13,25,0,1,4,1,3,SR-113,,69,34.035,-85.012,0,11,0,0,1,1,0,1,1,1,0,1,0,0,99,99,99,99,99,99,0,0,0,1,0,1
13,130476,1,1,0,0,0,1,1,63,0,11,5,2016,4,22,45,1,2,1,1,1,I-285,,15,33.631,-84.39,0,1,0,0,1,1,0,1,2,1,0,1,0,0,22,15,22,27,22,40,0,0,0,1,0,2
13,130477,1,1,0,1,1,1,1,121,5640,11,5,2016,4,3,50,1,2,1,1,1,I-85,,89,33.587,-84.511,0,8,0,1,20,1,0,1,2,1,0,1,0,0,3,55,4,0,4,48,0,0,0,1,0,1
13,130483,2,2,0,0,0,3,3,87,0,13,5,2016,6,23,53,0,1,4,1,3,SR-97,,294,30.978,-84.503,0,12,2,0,1,1,0,1,2,1,0,1,0,0,99,99,99,99,99,99,0,0,0,1,0,2
13,130484,2,2,0,0,0,7,7,199,0,13,5,2016,6,12,52,0,1,4,1,3,SR-85,,82,32.948,-84.58,0,12,2,0,1,1,0,1,1,1,0,1,0,0,99,99,99,99,99,99,0,0,0,1,0,1
13,130488,1,1,0,0,0,1,1,153,0,14,5,2016,7,1,40,1,1,1,1,1,I-75,,33,32.338,-83.768,0,52,0,0,1,1,0,4,2,1,0,1,0,0,99,99,99,99,99,99,0,0,0,1,0,2
13,130489,2,2,0,0,0,4,4,121,2060,4,3,2016,6,17,48,0,2,4,1,3,SR-14,,5,33.556,-84.594,0,12,6,0,8,1,0,1,1,1,0,1,0,0,17,48,17,51,99,99,0,0,0,1,0,2
13,130491,1,1,0,1,1,1,1,67,3440,11,5,2016,4,6,14,1,2,3,4,3,SR-3,,101,33.98,-84.557,0,8,0,0,1,1,0,5,1,1,0,1,0,0,99,99,99,99,99,99,13,0,0,1,0,2
13,130492,2,2,0,0,0,4,4,189,0,14,5,2016,7,15,30,1,2,3,1,3,SR-17,,120,33.506,-82.503,0,12,2,0,1,1,0,1,1,1,0,1,0,0,15,38,15,45,16,9,0,0,0,1,0,2
13,130493,2,2,0,0,0,3,3,217,0,14,5,2016,7,11,28,0,2,4,1,3,SR-81,,170,33.676,-83.85,0,12,1,0,8,1,0,1,1,1,0,1,0,0,99,99,99,99,99,99,0,0,0,1,0,2
13,130497,1,1,0,0,0,1,1,151,0,15,5,2016,1,1,58,1,2,3,1,3,SR-138,,80,33.56,-84.169,0,1,0,0,1,1,0,1,2,10,0,10,0,0,99,98,99,98,88,88,0,0,0,1,1,1
13,130498,1,1,0,0,0,1,1,153,4340,15,5,2016,1,20,36,0,2,4,1,3,SR-127,,120,32.464,-83.721,0,33,0,0,1,1,0,4,5,1,0,1,0,0,99,99,99,99,88,88,0,0,0,1,1,2
13,130499,1,1,0,2,2,1,1,51,4910,16,5,2016,2,0,32,1,2,3,1,3,SR-204,,164,31.983,-81.154,0,8,0,0,1,1,0,1,2,1,0,1,0,0,0,35,0,37,0,48,0,0,0,1,0,2
13,130502,2,2,0,0,0,2,2,45,0,17,5,2016,3,12,15,1,2,1,1,1,I-20,,53,33.695,-85.086,0,12,2,0,1,1,0,1,1,10,0,10,0,0,13,29,13,43,14,20,0,0,0,1,0,1
13,130504,2,2,0,0,0,5,5,175,0,17,5,2016,3,15,33,1,1,3,1,3,SR-31,SR-117,168,32.427,-82.942,0,12,6,0,2,2,0,1,1,10,0,10,0,0,15,35,15,48,16,30,0,0,0,1,2,2
13,130505,2,2,0,0,0,2,2,81,0,18,5,2016,4,14,4,1,1,3,1,3,SR-30,FORMOSA DRIVE,24,31.967,-83.892,0,12,1,0,2,2,0,1,1,1,0,1,0,0,99,99,99,99,88,88,0,0,0,1,0,1
13,130508,1,1,0,0,0,1,1,71,0,19,5,2016,5,8,55,1,1,3,1,3,SR-133,,250,31.279,-83.883,0,32,0,0,1,1,0,4,1,1,0,1,0,0,99,99,99,99,88,88,0,0,0,1,0,2
13,130511,2,2,0,0,0,3,3,295,0,20,5,2016,6,16,12,0,2,6,1,3,SR-193,GARRETTS CHAPEL ROAD,182,34.865,-85.367,0,12,6,0,2,2,0,1,1,2,0,2,0,0,99,99,99,99,99,99,0,0,0,1,0,2
13,130513,2,2,0,0,0,3,3,137,1630,21,5,2016,7,15,15,0,1,5,1,3,SR-105,,120,34.608,-83.615,0,12,2,0,1,1,0,1,1,10,0,10,0,0,15,15,15,27,16,13,0,0,0,1,0,2
13,130516,2,2,0,1,1,3,3,225,0,21,5,2016,7,22,10,1,2,1,1,1,I-75,,37,32.58,-83.743,0,8,0,0,1,1,0,1,2,1,0,1,0,0,99,99,99,99,99,99,0,0,0,1,0,2
13,130518,2,2,0,0,0,3,3,163,3250,22,5,2016,1,18,45,1,1,3,1,3,SR-88,SR-171,30,33.082,-82.579,0,12,6,0,2,2,0,1,1,1,0,1,0,0,18,54,19,10,20,52,0,0,0,1,0,1
13,130522,2,2,0,0,0,2,2,219,5830,23,5,2016,2,16,47,0,2,4,1,3,SR-24,HARDEN HILL ROAD,5,33.862,-83.408,0,12,6,0,2,2,0,1,1,1,0,1,0,0,99,98,99,98,88,88,0,0,0,1,0,2
13,130523,2,2,0,0,0,2,2,269,810,23,5,2016,2,11,45,1,1,3,1,3,SR-3,RAYMOND JOHNSON DRIVE,151,32.575,-84.24,0,12,6,0,2,2,0,1,1,1,0,1,0,0,99,99,99,99,88,88,0,0,0,1,0,2
13,130527,1,1,0,1,1,1,1,31,5170,26,5,2016,5,19,14,1,2,3,1,3,SR-26,,184,32.448,-81.772,0,9,0,0,1,1,0,1,1,1,0,1,0,0,99,98,99,98,88,88,0,0,0,1,0,1
13,130528,2,2,0,0,0,5,5,95,0,26,5,2016,5,17,48,0,1,4,1,3,SR-91,,9,31.472,-84.241,0,12,6,0,1,1,0,1,1,1,0,1,0,0,17,48,17,54,18,18,0,0,0,2,0,2
13,130529,2,2,0,0,0,2,2,121,280,26,5,2016,5,13,25,1,2,1,1,1,I-75,,35,33.801,-84.4,0,12,6,0,1,1,0,1,1,1,0,1,0,0,13,35,13,45,14,24,0,0,0,1,0,2
13,130532,2,2,0,0,0,4,4,275,0,26,5,2016,5,14,35,1,1,3,1,3,SR-3,,220,30.987,-84.059,0,12,2,0,1,1,0,1,1,1,0,1,0,0,99,99,99,99,99,99,0,0,0,1,0,2
13,130534,4,4,0,0,0,4,4,121,280,28,5,2016,7,10,35,1,2,3,1,3,SR-42,,26,33.726,-84.349,0,12,7,0,1,1,0,1,1,1,0,1,0,0,10,34,10,42,11,10,0,0,0,1,0,1
13,130536,1,1,0,0,0,1,1,313,1510,28,5,2016,7,20,14,1,1,1,1,1,I-75,,13,34.635,-84.977,0,42,0,0,1,1,0,4,1,1,0,1,0,0,99,99,99,99,99,99,0,0,0,1,0,2
13,130538,1,1,0,1,1,2,2,129,4430,29,5,2016,1,13,11,0,1,4,1,3,SR-53,PLAINVILLE ROAD,12,34.407,-85.013,0,9,0,0,2,2,0,1,1,1,0,1,0,0,99,98,99,98,88,88,0,0,0,1,0,2
13,130539,1,1,0,0,0,1,1,149,0,29,5,2016,1,8,0,1,1,3,1,3,SR-1,,63,33.25,-85.04,0,1,0,0,1,1,0,3,2,1,0,1,0,0,99,98,99,98,88,88,0,0,0,1,0,1
13,130540,2,2,0,0,0,3,3,207,0,29,5,2016,1,2,1,1,1,1,1,1,I-75,,216,33.128,-84.009,0,12,2,0,1,1,0,1,2,1,0,1,0,0,99,99,99,99,99,99,0,0,0,3,0,2
13,130544,1,1,0,0,0,1,1,151,0,31,5,2016,3,6,42,1,2,1,1,1,I-75,,193,33.549,-84.285,0,25,0,0,1,1,1,4,1,1,0,1,0,0,6,42,6,56,88,88,0,0,0,1,0,2
13,130545,2,2,0,1,1,1,1,157,0,31,5,2016,3,14,28,1,1,1,1,1,I-85,,81,34.188,-83.592,0,8,0,0,1,1,0,1,1,1,0,1,0,0,99,98,99,98,88,88,0,0,0,1,0,1
13,130548,1,1,0,0,0,1,1,211,0,10,3,2016,5,10,1,1,1,1,1,1,I-20,,8,33.603,-83.662,0,34,0,0,1,1,0,4,1,1,0,1,0,0,10,6,10,17,11,1,0,0,0,1,0,1
13,130552,1,1,0,0,0,1,1,261,0,26,3,2016,7,8,19,0,1,5,1,3,SR-45,,50,32.023,-84.399,0,34,0,0,1,1,0,4,1,10,0,10,0,0,8,18,8,22,8,59,0,0,0,1,0,0
13,130553,3,3,0,0,0,4,4,21,3390,27,3,2016,1,17,20,1,2,1,1,1,I-75,,152,32.883,-83.67,0,12,1,0,1,1,0,1,1,2,0,2,0,0,17,35,17,50,18,15,0,0,0,1,0,2
13,130557,2,2,0,0,0,2,2,319,0,1,6,2016,4,10,56,0,1,4,1,3,SR-57,,242,32.802,-83.02,0,12,1,0,1,1,0,1,1,1,0,1,0,0,99,99,99,99,99,99,0,0,0,1,0,2
13,130558,1,1,0,0,0,1,1,73,0,2,6,2016,5,5,13,0,1,5,1,3,SR-150,,18,33.605,-82.39,0,32,0,0,1,1,0,4,2,5,0,5,0,0,5,49,5,56,88,88,0,0,0,1,0,0
13,130562,1,1,0,1,1,1,1,223,0,3,6,2016,6,22,42,0,1,4,1,3,SR-120,,10,33.831,-85.031,0,8,0,0,1,1,0,1,2,1,0,1,0,0,99,98,99,98,88,88,0,0,0,1,0,1
13,130565,1,1,0,0,0,1,1,31,0,4,6,2016,7,0,55,1,1,1,1,1,I-16,,221,32.229,-81.592,0,42,0,0,1,1,0,3,2,10,0,10,0,0,88,88,88,88,88,88,0,0,0,1,0,1
13,130567,1,1,0,0,0,1,1,87,0,4,6,2016,7,6,22,0,2,4,1,3,SR-97,,275,30.951,-84.512,0,42,0,0,1,1,0,5,4,1,0,1,0,0,88,88,88,88,88,88,0,0,0,1,0,2
13,130577,1,1,0,0,0,1,1,33,0,7,6,2016,3,0,45,0,1,5,1,3,SR-24,,266,33.076,-82.068,0,34,0,0,1,1,0,4,2,10,0,10,0,0,0,24,0,30,88,88,0,0,0,1,1,2
13,130578,1,1,0,0,0,1,1,79,0,7,6,2016,3,5,36,0,1,5,1,3,SR-42,,144,32.724,-83.991,0,42,0,0,1,1,0,4,2,10,0,10,0,0,99,99,99,99,88,88,0,0,0,1,0,1
13,130580,1,1,0,0,0,2,2,175,0,8,6,2016,4,16,11,1,1,1,1,1,I-16,,77,32.524,-83.095,0,42,0,0,1,1,0,4,1,1,0,1,0,0,16,19,16,39,17,14,0,0,0,1,0,1
13,130581,2,2,0,0,0,4,4,185,0,8,6,2016,4,14,25,1,2,1,1,1,I-75,,110,30.757,-83.277,0,59,0,0,1,1,0,4,1,1,0,1,0,0,14,31,14,37,15,8,14,0,0,1,0,2
13,130583,1,1,0,0,0,1,1,185,0,9,6,2016,5,16,25,1,2,1,1,1,I-75,,205,30.881,-83.346,0,1,0,0,1,1,0,1,1,1,0,1,0,0,88,88,88,88,88,88,0,0,0,1,0,2
13,130586,2,2,0,0,0,7,7,77,0,10,6,2016,6,19,42,0,2,4,1,3,SR-54,FISCHER RD,148,33.392,-84.624,0,12,6,0,2,4,0,1,1,1,0,1,0,0,99,99,99,99,99,99,0,0,0,1,1,2
13,130587,1,1,0,1,1,1,1,97,0,10,6,2016,6,5,3,1,2,3,1,3,SR-6,,25,33.788,-84.62,0,8,0,0,1,1,0,1,2,1,0,1,0,0,88,88,88,88,88,88,0,0,0,1,0,2
13,130599,2,2,0,0,0,2,2,113,0,15,6,2016,4,1,45,1,2,3,1,3,SR-85,KENWOOD RD,149,33.512,-84.43,0,12,2,0,2,2,0,1,2,1,0,1,0,0,1,45,1,50,2,30,0,0,0,1,0,1
13,130600,2,2,0,0,0,4,4,121,2060,15,6,2016,4,15,11,1,2,3,1,3,SR-138,BETHSAIDA RD,54,33.559,-84.507,0,12,6,0,2,3,0,1,1,1,0,1,0,0,15,11,15,15,99,99,0,0,0,1,0,1
13,130602,3,3,0,0,0,3,3,39,0,16,6,2016,5,1,7,1,1,1,1,1,I-95,,257,31.096,-81.601,0,12,1,0,1,1,0,1,2,10,0,10,0,0,99,98,99,98,88,88,0,0,0,1,1,1
13,130605,1,1,0,0,0,1,1,139,0,16,6,2016,5,7,22,0,1,5,1,3,SR-52,,21,34.468,-83.826,0,35,0,0,1,1,0,4,1,1,0,1,0,0,10,5,10,5,10,27,0,0,0,1,0,0
13,130610,1,1,0,0,0,1,1,21,3390,29,3,2016,3,19,31,1,2,3,4,3,SR-247,,38,32.715,-83.648,0,32,0,0,1,1,0,4,1,1,0,1,0,0,99,99,99,99,99,99,0,0,0,1,0,1
13,130615,2,2,0,0,0,2,2,9,3620,16,4,2016,7,14,7,1,2,3,4,3,SR-24,,170,33.11,-83.256,0,12,6,0,8,1,0,1,1,1,0,1,0,0,14,8,14,13,14,59,0,0,0,1,0,2
13,130619,1,1,0,0,0,3,3,157,0,17,6,2016,6,7,25,1,2,1,1,1,I-85,,47,34.127,-83.727,0,1,0,0,1,1,0,3,1,1,0,1,0,0,7,25,7,34,8,17,0,0,0,1,0,1
13,130620,1,1,0,0,0,6,6,191,0,17,6,2016,6,14,14,1,1,1,1,1,I-95,,184,31.597,-81.423,0,24,0,0,1,1,0,3,1,1,0,1,0,0,14,2,14,13,15,20,0,0,0,1,0,1
13,130621,1,1,0,1,1,1,1,51,2290,18,6,2016,7,22,25,1,2,3,1,3,SR-26,,85,32.092,-81.195,0,9,0,0,1,1,0,1,2,1,0,1,0,0,22,24,22,35,22,54,0,0,0,1,0,1
13,130629,2,2,0,0,0,3,3,77,0,20,6,2016,2,18,32,0,2,5,1,3,SR-54,CECIL HUNTER ROAD,30,33.261,-84.722,0,12,6,0,3,3,0,1,1,1,0,1,0,0,99,99,99,99,99,99,0,0,0,2,1,2
13,130630,1,1,0,0,0,4,4,179,0,20,6,2016,2,12,51,1,1,1,1,1,I-95,,35,31.694,-81.392,0,42,0,0,1,1,0,3,1,1,0,1,0,0,12,52,13,14,13,59,0,0,0,1,1,1
13,130632,1,1,0,0,0,2,2,15,980,21,6,2016,3,13,49,1,2,1,1,1,I-75,,7,34.08,-84.671,0,52,0,0,1,1,0,3,1,10,0,10,0,0,13,52,13,59,14,40,0,0,0,1,0,2
13,130634,1,1,0,0,0,1,1,123,9997,21,6,2016,3,10,20,0,1,5,1,3,SR-5,,6,34.559,-84.539,0,35,0,0,1,1,0,4,1,1,0,1,0,0,99,98,99,98,88,88,0,0,0,1,0,1
13,130635,2,2,0,0,0,5,5,51,4450,22,6,2016,4,5,40,1,2,1,1,1,I-16,,51,32.084,-81.279,0,12,2,0,1,1,0,1,4,1,0,1,0,0,99,98,99,98,88,88,0,0,0,5,0,1
13,130636,2,2,0,0,0,2,2,103,0,22,6,2016,4,18,43,1,1,3,1,3,SR-21,,182,32.437,-81.38,0,12,2,0,1,1,0,1,1,1,0,1,0,0,18,43,19,0,19,57,0,0,0,1,0,2
13,130637,2,2,0,0,0,2,2,121,280,22,6,2016,4,3,59,1,2,1,1,1,I-75,,121,33.802,-84.404,0,12,1,0,1,1,0,1,3,1,0,1,0,0,3,58,4,2,4,24,0,0,0,1,0,2
13,130638,2,2,0,0,0,5,5,135,9997,22,6,2016,4,23,8,0,2,4,1,3,SR-124,,263,34.074,-83.89,0,12,2,0,1,1,0,1,2,1,0,1,0,0,21,33,23,15,23,47,0,0,0,1,1,1
13,130639,1,1,0,0,0,1,1,231,0,22,6,2016,4,6,9,0,1,5,1,3,SR-109,,98,33.027,-84.389,0,42,0,0,1,1,0,4,4,1,0,1,0,0,6,21,6,29,88,88,0,0,0,1,0,2
13,130640,1,1,0,1,1,1,1,63,0,23,6,2016,5,3,10,1,2,3,1,3,SR-3,,68,33.519,-84.364,0,8,0,0,1,1,0,1,3,1,0,1,0,0,3,10,3,40,3,45,0,0,0,1,0,2
13,130645,1,1,0,0,0,2,2,305,0,23,6,2016,5,8,48,1,1,3,1,3,SR-38,,100,31.575,-81.961,0,34,0,0,1,1,0,4,1,1,0,1,0,0,99,99,99,99,99,99,0,0,0,1,0,2
13,130647,2,2,0,0,0,3,3,93,0,24,6,2016,6,14,31,1,1,1,1,1,I-75,,79,32.148,-83.757,0,12,7,0,1,1,0,1,1,1,0,1,0,0,99,98,99,98,88,88,0,0,0,1,0,2
13,130648,1,1,0,0,0,6,6,93,0,24,6,2016,6,14,50,1,1,1,1,1,I-75,,46,32.107,-83.763,0,1,0,0,1,1,0,3,1,1,0,1,0,0,99,99,99,99,99,99,0,0,0,1,0,2
13,130650,2,2,0,0,0,3,3,115,0,24,6,2016,6,20,55,1,2,3,1,3,SR-20,,112,34.267,-85.279,0,12,2,0,1,1,0,1,1,1,0,1,0,0,20,57,21,6,21,51,0,0,0,1,0,2
13,130651,2,2,0,0,0,2,2,33,0,25,6,2016,7,16,8,0,1,5,1,3,SR-23,,245,33.165,-81.909,0,12,1,0,1,1,0,1,1,1,0,1,0,0,16,8,16,18,17,19,0,0,0,1,0,0
13,130657,1,1,0,0,0,1,1,261,0,25,6,2016,7,10,45,0,1,5,1,3,SR-195,,140,32.089,-84.071,0,1,0,0,1,1,0,4,1,1,0,1,0,0,10,45,10,59,11,30,0,0,0,1,0,1
13,130658,3,3,0,0,0,4,4,313,0,25,6,2016,7,17,42,1,2,1,1,1,I-75,,151,34.833,-85.018,0,12,6,0,1,1,1,1,1,1,0,1,0,0,17,42,17,48,19,0,0,0,0,1,0,2
13,130659,3,3,0,0,0,4,4,89,0,26,6,2016,1,13,10,0,2,4,1,3,SR-12,,88,33.717,-84.145,0,12,2,0,8,1,0,1,1,1,0,1,0,0,13,13,13,16,13,45,0,0,0,1,0,2
13,130661,1,1,0,1,1,1,1,1,0,27,6,2016,2,5,6,1,1,3,1,3,SR-27,,77,31.797,-82.402,0,8,0,0,1,1,0,1,2,1,0,1,0,0,99,99,99,99,99,99,0,0,0,1,0,2
13,130662,3,3,0,0,0,8,8,121,0,27,6,2016,2,14,59,0,2,4,1,3,SR-70,BOAT ROCK ROAD,265,33.725,-84.583,0,12,1,0,2,2,0,1,1,1,0,1,0,0,14,59,15,15,99,99,20,0,0,1,0,1
13,130668,1,1,0,1,1,1,1,121,280,30,6,2016,5,23,57,1,2,1,1,1,I-75,,104,33.787,-84.391,0,8,0,0,1,1,0,1,3,1,0,1,0,0,99,98,99,98,88,88,0,0,0,1,0,2
13,130669,2,2,0,0,0,6,6,135,5300,30,6,2016,5,14,19,1,2,1,1,1,I-85,,88,33.963,-84.106,0,12,6,0,1,1,0,1,1,1,0,1,0,0,14,11,14,20,14,34,0,0,0,2,0,1
13,130670,2,2,0,0,0,2,2,199,0,30,6,2016,5,12,30,0,1,4,1,3,SR-74,,80,33.095,-84.576,0,12,6,0,1,1,0,1,1,1,0,1,0,0,99,99,99,99,99,99,0,0,0,1,0,2
13,130674,2,1,1,0,0,1,1,301,0,1,7,2016,6,5,24,1,1,1,1,1,I-20,,120,33.495,-82.624,0,14,0,0,1,1,0,4,2,1,0,1,0,0,99,98,99,98,88,88,0,0,0,1,0,1
13,130675,2,2,0,0,0,4,4,99,550,2,7,2016,7,17,17,1,1,3,1,2,US-27 / SR-1,SR-62,117,31.381,-84.921,0,12,6,0,2,2,0,1,1,1,0,1,0,0,99,99,99,99,99,99,0,0,0,1,0,2
13,130686,1,1,0,0,0,1,1,55,0,5,7,2016,3,14,20,1,1,3,1,2,US-27 / SR-1,,74,34.477,-85.297,0,1,0,0,1,1,0,4,1,10,0,10,0,0,99,99,99,99,99,99,0,0,0,1,0,2
13,130687,5,5,0,0,0,18,18,151,0,5,7,2016,3,14,54,1,2,1,1,1,I-75,,22,33.329,-84.122,0,12,1,0,1,1,0,1,1,2,0,2,0,0,14,50,15,9,15,47,0,0,0,1,0,2
13,130690,1,1,0,0,0,1,1,157,0,6,7,2016,4,20,5,0,2,4,1,3,SR-53,,3,34.139,-83.794,0,1,0,0,1,1,0,4,1,10,0,10,0,0,20,5,20,10,20,32,0,0,0,1,0,2
13,130692,1,1,0,0,0,1,1,289,0,7,7,2016,5,1,30,1,1,1,1,1,I-16,,200,32.586,-83.29,0,59,0,0,1,1,0,4,2,10,0,10,0,0,99,98,99,98,88,88,0,0,0,1,0,1
13,130693,2,2,0,0,0,3,3,295,0,7,7,2016,5,20,20,0,1,4,1,3,SR-151,,112,34.724,-85.184,0,12,2,0,1,1,0,1,1,1,0,1,0,0,99,98,99,98,88,88,0,0,0,1,0,2
13,130696,1,1,0,0,0,1,1,81,0,8,7,2016,6,2,10,1,2,1,1,1,I-75,,134,31.992,-83.757,0,34,0,0,1,1,0,4,2,1,0,1,0,0,99,98,99,98,88,88,0,0,0,1,0,2
13,130699,2,2,0,0,0,2,2,67,0,9,7,2016,7,3,2,1,2,1,1,1,I-75,,13,33.892,-84.462,0,12,7,0,1,1,0,1,2,1,0,1,0,0,3,5,3,9,3,31,0,0,0,1,1,2
13,130700,1,1,0,1,1,2,2,187,0,9,7,2016,7,10,35,0,1,5,1,3,SR-60,,160,34.637,-83.956,0,9,0,0,1,1,0,1,1,1,0,1,0,0,10,36,10,48,11,6,16,0,0,1,0,2
13,130701,1,1,0,0,0,1,1,195,0,9,7,2016,7,4,30,1,1,3,1,3,SR-72,,119,34.059,-83.106,0,42,0,0,1,1,0,5,2,1,0,1,0,0,99,98,99,98,88,88,0,0,0,1,0,2
13,130702,2,2,0,0,0,6,6,213,0,10,7,2016,1,14,31,0,1,4,1,3,SR-225,HENRY GALLMAN RD,9,34.629,-84.868,0,12,1,0,2,3,0,1,1,1,0,1,0,0,14,32,14,55,15,44,0,0,0,1,0,2
13,130703,4,4,0,0,0,8,8,89,0,11,7,2016,2,0,26,1,2,1,1,1,I-20,,77,33.712,-84.217,0,12,1,0,1,1,0,1,3,1,0,1,0,0,0,28,0,44,1,33,0,0,0,1,0,1
13,130704,2,1,1,1,2,1,2,153,4340,11,7,2016,2,13,15,1,2,1,1,1,I-75,,114,32.453,-83.754,0,14,0,0,1,1,0,4,1,1,0,1,0,0,13,23,13,35,14,24,23,0,0,1,0,2
13,130705,1,1,0,1,1,1,1,191,1560,11,7,2016,2,21,20,0,2,5,1,3,SR-251,,111,31.411,-81.458,0,9,0,0,1,1,0,1,2,10,0,10,0,0,99,99,99,99,99,99,0,0,0,1,0,2
13,130708,2,2,0,0,0,2,2,13,0,12,7,2016,3,16,21,0,2,4,1,3,SR-211,COVERED BRIDGE RD,205,34.07,-83.786,0,12,6,0,2,2,0,1,1,1,0,1,0,0,16,21,16,24,17,24,0,0,0,1,0,2
13,130711,1,1,0,0,0,3,3,83,0,14,7,2016,5,17,18,1,1,1,1,1,I-59,,173,34.972,-85.446,0,24,0,0,1,1,0,4,1,2,0,2,0,0,99,99,18,52,19,0,0,0,0,1,0,1
13,130712,2,2,0,0,0,2,2,119,0,14,7,2016,5,13,54,1,1,1,1,1,I-85,,135,34.425,-83.16,0,57,0,0,1,1,0,3,1,1,0,1,0,0,13,49,13,58,99,99,0,0,0,1,0,1
13,130713,1,1,0,0,0,1,1,133,0,14,7,2016,5,11,55,0,1,5,1,3,SR-15,,252,33.707,-83.29,0,1,0,0,1,1,0,1,1,1,0,1,0,0,99,98,99,98,88,88,0,0,0,1,0,0
13,130714,2,2,0,0,0,2,2,169,0,14,7,2016,5,20,24,0,2,4,1,3,SR-49,GRISWOLDVILLE RD,2,32.874,-83.555,0,12,6,0,8,1,0,1,1,1,0,1,0,0,20,25,20,35,88,88,0,0,0,1,0,1
13,130723,1,1,0,0,0,1,1,151,0,16,7,2016,7,16,23,1,2,1,1,1,I-75,,183,33.532,-84.26,0,1,0,0,1,1,1,1,1,10,0,10,0,0,16,22,16,37,88,88,0,0,0,1,0,2
13,130725,1,1,0,0,0,3,3,103,0,27,7,2016,4,13,53,0,1,3,1,3,SR-21,E ARNSDORFF RD,176,32.426,-81.371,0,32,0,0,3,2,0,4,1,1,0,1,0,0,13,53,14,34,15,42,0,0,0,1,0,2
13,130730,2,2,0,1,1,2,2,223,2740,16,7,2016,7,5,31,1,2,3,1,3,SR-6,,156,33.888,-84.742,0,8,0,0,1,1,0,1,2,1,0,1,0,0,5,29,5,43,88,88,0,0,0,1,0,2
13,130734,3,3,0,0,0,6,6,89,0,17,7,2016,1,15,42,0,2,4,1,3,SR-12,GREGORY ROAD,42,33.733,-84.208,0,12,2,0,2,3,0,1,1,1,0,1,0,0,99,99,99,99,99,99,0,0,0,1,0,2
13,130738,2,2,0,0,0,2,2,261,0,17,7,2016,1,9,26,1,1,3,1,3,SR-30,PECAN ROAD,348,31.961,-83.954,0,12,6,0,2,2,0,1,1,1,0,1,0,0,99,99,99,99,99,99,0,0,0,1,0,1
13,130740,3,3,0,0,0,3,3,247,1320,18,7,2016,2,7,56,0,2,4,1,3,SR-20,WILSON ROAD,61,33.695,-83.997,0,12,2,0,2,3,0,1,1,1,0,1,0,0,99,98,99,98,88,88,0,0,0,1,0,2
13,130741,1,1,0,1,1,2,2,307,0,18,7,2016,2,21,26,0,1,5,1,3,SR-41,,141,32.092,-84.536,0,8,0,0,1,1,0,1,2,10,0,10,0,0,21,27,21,32,22,10,0,0,0,1,0,1
13,130745,2,2,0,0,0,2,2,225,2220,19,7,2016,3,16,52,1,1,4,1,3,SR-96,HOUSERS MILL ROAD,131,32.546,-83.753,0,12,2,0,2,3,0,1,1,1,0,1,0,0,99,99,99,99,99,99,0,0,0,1,1,2
13,130747,2,2,0,0,0,2,2,63,2970,20,7,2016,4,6,11,1,2,3,1,3,SR-3,CARDINAL ROAD,26,33.464,-84.334,0,12,6,0,2,2,0,1,4,1,0,1,0,0,6,10,6,16,6,33,0,0,0,1,0,2
13,130749,1,1,0,0,0,1,1,251,0,20,7,2016,4,4,55,0,1,4,1,3,SR-24,,355,32.865,-81.644,0,34,0,0,1,1,0,4,2,2,0,2,0,0,4,52,5,5,5,37,0,0,0,1,0,2
13,130750,2,2,0,0,0,2,2,5,0,21,7,2016,5,14,39,0,1,3,1,3,SR-4,,50,31.481,-82.452,0,12,6,0,1,1,0,1,1,1,0,1,0,0,14,37,14,42,15,3,0,0,0,1,1,2
13,130756,2,2,0,0,0,3,3,35,0,25,7,2016,2,21,21,1,1,1,1,1,I-75,,34,33.248,-84.086,0,24,0,0,1,1,0,3,2,1,0,1,0,0,99,98,99,98,88,88,0,0,0,1,0,2