STATE,ST_CASE,VE_TOTAL,VE_FORMS,PVH_INVL,PEDS,PERNOTMVIT,PERMVIT,PERSONS,COUNTY,CITY,DAY,MONTH,YEAR,DAY_WEEK,HOUR,MINUTE,NHS,RUR_URB,FUNC_SYS,RD_OWNER,ROUTE,TWAY_ID,TWAY_ID2,MILEPT,LATITUDE,LONGITUD,SP_JUR,HARM_EV,MAN_COLL,RELJCT1,RELJCT2,TYP_INT,WRK_ZONE,REL_ROAD,LGT_COND,WEATHER1,WEATHER2,WEATHER,SCH_BUS,RAIL,NOT_HOUR,NOT_MIN,ARR_HOUR,ARR_MIN,HOSP_HR,HOSP_MN,CF1,CF2,CF3,FATALS,DRUNK_DR,RANK
13,130757,1,1,0,1,1,1,1,217,1380,25,7,2016,2,4,50,1,2,3,1,3,SR-12,,48,33.605,-83.872,0,8,0,0,1,1,0,1,3,1,0,1,0,0,99,99,99,99,99,99,0,0,0,1,0,2
13,130760,3,3,0,0,0,3,3,139,9997,26,7,2016,3,17,10,0,2,4,1,3,SR-53,,209,34.152,-83.8,0,12,2,0,1,1,0,1,1,1,0,1,0,0,17,16,17,24,19,16,0,0,0,1,0,2
13,130761,2,2,0,0,0,2,2,321,0,26,7,2016,3,8,2,0,1,4,1,3,SR-33,DOE HILL ROAD,204,31.623,-83.824,0,12,6,0,2,2,0,1,1,1,0,1,0,0,8,1,8,14,9,6,0,0,0,1,0,1
13,130762,1,1,0,1,1,1,1,121,4790,27,7,2016,4,4,50,1,2,3,1,3,SR-120,,2,34.009,-84.383,0,8,0,0,1,1,0,1,2,1,0,1,0,0,99,98,99,98,88,88,0,0,0,1,0,1
13,130763,2,2,0,0,0,2,2,147,9997,27,7,2016,4,6,20,0,1,5,1,3,SR-77,,6,34.412,-83.037,0,12,2,0,1,1,0,1,4,1,0,1,0,0,6,23,6,47,7,26,0,0,0,1,0,1
13,130764,2,2,0,0,0,2,2,289,0,27,7,2016,4,7,49,1,1,3,1,3,SR-96,,56,32.542,-83.511,0,12,2,0,1,1,0,1,1,10,0,10,0,0,99,98,99,98,88,88,0,0,0,1,0,2
13,130765,2,2,0,0,0,3,3,43,0,28,7,2016,5,15,18,0,1,4,1,3,SR-121,,169,32.519,-82.048,0,12,6,0,8,1,0,1,1,1,0,1,0,0,99,98,99,98,88,88,0,0,0,2,0,2
13,130766,2,2,0,0,0,3,3,151,0,28,7,2016,5,15,22,1,2,3,1,3,SR-155,PANOLA ROAD,5,33.646,-84.188,0,12,6,0,2,3,0,1,1,10,0,10,0,0,15,20,15,30,99,99,0,0,0,1,0,1
13,130770,1,1,0,0,0,1,1,285,0,29,7,2016,6,6,50,1,2,1,1,1,I-85,,104,32.981,-85.042,0,1,0,0,1,1,0,4,2,1,0,1,0,0,99,99,99,99,88,88,0,0,0,1,1,1
13,130773,1,1,0,0,0,1,1,51,4450,31,7,2016,1,11,39,1,2,1,1,1,I-95,,103,32.115,-81.238,0,1,0,0,1,1,0,1,1,1,0,1,0,0,11,44,11,50,12,29,0,0,0,1,0,1
13,130774,2,2,0,0,0,3,3,65,0,31,7,2016,1,21,7,1,1,3,1,3,SR-38,,170,31.046,-82.72,0,12,2,0,1,1,0,1,2,2,0,2,0,0,21,27,21,55,22,39,0,0,0,1,0,2
13,130776,1,1,0,0,0,2,2,217,0,31,7,2016,1,8,38,0,2,4,1,3,SR-36,,106,33.531,-83.851,0,42,0,0,1,1,1,4,1,1,0,1,0,0,99,99,99,99,99,99,0,0,0,1,0,1
13,130777,1,1,0,0,0,1,1,235,0,31,7,2016,1,12,37,1,1,4,1,3,SR-27,,150,32.273,-83.42,0,1,0,0,1,1,0,4,1,1,0,1,0,0,99,98,99,98,88,88,0,0,0,1,1,2
13,130783,2,2,0,0,0,2,2,13,0,2,8,2016,3,9,11,0,1,4,1,3,SR-211,,184,34.04,-83.776,0,12,2,0,1,1,0,1,1,1,0,1,0,0,9,12,9,14,9,40,0,0,0,2,0,2
13,130786,2,2,0,0,0,7,7,225,0,2,8,2016,3,19,56,0,1,4,1,3,SR-96,,129,32.546,-83.756,0,12,6,0,1,1,0,1,5,2,0,2,0,0,20,5,20,13,20,55,0,0,0,1,0,2
13,130789,1,1,0,0,0,5,5,89,1815,3,8,2016,4,20,5,1,2,1,1,1,I-285,,6,33.918,-84.338,0,1,0,0,1,1,0,1,1,1,0,1,0,0,20,39,20,39,21,16,0,0,0,1,0,2
13,130791,1,1,0,0,0,1,1,277,5490,3,8,2016,4,17,30,1,2,1,1,1,I-75,,64,31.418,-83.505,0,34,0,0,1,1,0,4,1,1,0,1,0,0,17,36,17,43,18,6,0,0,0,1,1,2
13,130793,2,2,0,0,0,2,2,147,0,4,8,2016,5,17,47,0,1,5,1,3,SR-77,,104,34.363,-82.972,0,12,6,0,1,1,0,1,1,1,0,1,0,0,99,98,99,98,88,88,0,0,0,1,0,1
13,130796,1,1,0,0,0,1,1,169,0,5,8,2016,6,5,42,0,1,5,1,3,SR-18,,16,33.013,-83.702,0,34,0,0,1,1,0,4,2,1,0,1,0,0,5,42,6,5,88,88,0,0,0,1,0,2
13,130798,3,3,0,0,0,3,3,45,0,6,8,2016,7,9,21,0,2,6,1,3,SR-113,,33,33.641,-85.053,0,12,2,0,1,1,0,1,1,10,0,10,0,0,9,24,9,34,11,18,0,0,0,1,1,1
13,130799,2,2,0,0,0,6,6,51,553,6,8,2016,7,0,56,1,2,1,1,1,I-16,,21,32.1,-81.325,0,12,1,0,1,1,0,1,2,1,0,1,0,0,99,99,99,99,99,99,19,0,0,1,0,1
13,130800,2,2,0,0,0,11,11,55,0,6,8,2016,7,15,25,1,2,3,1,2,US-27 / SR-1,WILSON RD,112,34.494,-85.336,0,12,1,0,3,99,0,1,1,1,0,1,0,0,99,98,99,98,88,88,0,0,0,1,0,2
13,130803,1,1,0,0,0,1,1,101,0,6,8,2016,7,8,45,0,1,5,1,3,SR-135,,98,30.742,-83.056,0,35,0,0,1,1,0,4,1,10,0,10,0,0,99,98,99,98,88,88,0,0,0,1,1,1
13,130809,2,2,0,0,0,2,2,121,280,7,8,2016,1,3,49,1,2,1,1,1,I-285,,45,33.69,-84.5,0,12,1,0,1,1,0,1,2,1,0,1,0,0,5,7,5,31,6,0,0,0,0,1,0,2
13,130812,2,2,0,0,0,2,2,231,0,7,8,2016,1,14,59,0,1,4,1,3,SR-18,,129,33.11,-84.389,0,12,2,0,1,1,0,1,1,2,0,2,0,0,14,59,15,5,88,88,0,0,0,1,0,2
13,130816,1,1,0,1,1,1,1,121,280,9,8,2016,3,23,58,1,2,1,1,1,I-285,,118,33.787,-84.493,0,8,0,0,1,1,0,1,2,10,0,10,0,0,99,98,99,98,88,88,0,0,0,1,0,2
13,130820,1,1,0,0,0,4,4,157,2920,10,8,2016,4,9,55,1,2,1,1,1,I-85,,91,34.145,-83.658,0,1,0,0,1,1,0,4,1,2,0,2,0,0,9,45,9,53,10,44,0,0,0,2,0,1
13,130821,2,2,0,0,0,2,2,287,0,10,8,2016,4,18,40,1,1,1,1,1,I-75,,111,31.731,-83.648,0,12,1,0,1,1,0,1,1,1,0,1,0,0,99,98,99,98,88,88,0,0,0,1,0,2
13,130827,2,2,0,0,0,3,3,33,0,13,8,2016,7,22,6,0,1,4,1,3,SR-24,,154,33.043,-81.928,0,12,6,0,1,1,0,1,2,1,0,1,0,0,22,3,22,9,22,26,0,0,0,2,1,2
13,130828,1,1,0,0,0,1,1,63,0,13,8,2016,7,20,17,1,2,1,1,1,I-285,,10,33.646,-84.372,0,30,0,0,1,1,0,4,1,1,0,1,0,0,20,53,21,7,21,28,0,0,0,1,0,2
13,130832,1,1,0,0,0,3,3,189,0,14,8,2016,1,3,15,0,2,5,1,3,SR-150,CR-19,77,33.553,-82.437,0,5,0,0,2,4,0,1,2,1,0,1,0,0,3,17,3,30,4,3,0,0,0,1,1,0
13,130834,1,1,0,0,0,2,2,97,0,14,8,2016,1,21,48,1,2,1,1,1,I-20,,145,33.762,-84.677,0,24,0,0,1,1,0,3,2,1,0,1,0,0,99,99,99,99,99,99,0,0,0,1,0,1
13,130835,1,1,0,0,0,1,1,223,0,14,8,2016,1,2,17,1,2,3,1,3,SR-120,SR-6 BUS,183,33.909,-84.779,0,33,0,0,3,2,0,4,2,1,0,1,0,0,99,98,99,98,88,88,20,0,0,1,0,1
13,130842,2,2,0,0,0,4,4,151,2560,5,8,2016,6,20,56,1,2,3,1,3,SR-20,E. MAIN STREET,185,33.379,-84.285,0,12,6,0,2,2,0,1,2,1,0,1,0,0,99,99,99,99,99,99,0,0,0,1,0,2
13,130843,1,1,0,0,0,1,1,145,0,16,7,2016,7,16,36,0,1,4,1,3,SR-190,,39,32.842,-84.802,0,42,0,0,1,1,0,4,1,1,0,1,0,0,99,99,99,99,99,99,0,0,0,1,1,0
13,130844,3,3,0,0,0,4,4,247,1320,6,8,2016,7,15,4,0,2,4,1,3,SR-20,,22,33.757,-83.983,0,12,2,0,1,1,0,1,1,1,0,1,0,0,15,19,15,34,15,55,0,0,0,1,0,2
13,130852,2,2,0,0,0,2,2,147,640,17,8,2016,4,11,35,0,1,5,1,3,SR-77,,25,34.415,-83.052,0,12,2,0,1,1,0,1,1,10,0,10,0,0,11,41,11,44,12,48,0,0,0,1,0,1
13,130853,2,2,0,0,0,2,2,285,0,17,8,2016,4,18,10,0,1,6,1,3,SR-109,TOWNS ROAD,168,33.042,-84.942,0,12,2,0,2,3,0,1,1,1,0,1,0,0,18,16,18,19,18,54,0,0,0,1,0,2
13,130854,3,3,0,0,0,3,3,63,0,18,8,2016,5,14,56,1,2,1,1,1,I-285,,39,33.631,-84.413,0,12,7,0,1,1,0,1,1,1,0,1,0,0,14,56,15,0,15,19,0,0,0,1,0,2
13,130855,1,1,0,0,0,1,1,71,0,18,8,2016,5,2,26,0,2,6,1,3,SR-33,,16,31.05,-83.766,0,32,0,0,1,1,0,4,2,1,0,1,0,0,99,98,99,98,88,88,0,0,0,1,1,1
13,130858,7,7,0,0,0,13,13,151,0,20,8,2016,7,10,37,1,2,1,1,1,I-75,,98,33.428,-84.182,0,12,1,0,1,1,1,1,1,1,0,1,0,0,10,38,10,48,11,39,3,0,0,1,0,2
13,130859,2,2,0,0,0,3,3,187,1480,20,8,2016,7,8,51,1,1,3,1,3,SR-60,,70,34.52,-83.976,0,12,2,0,8,1,0,1,1,1,0,1,0,0,8,52,8,55,9,3,0,0,0,1,0,2
13,130867,1,1,0,0,0,1,1,277,0,21,8,2016,1,1,21,0,1,4,1,3,SR-125,,155,31.563,-83.485,0,35,0,0,1,1,0,4,2,1,0,1,0,0,99,98,99,98,88,88,0,0,0,1,1,2
13,130869,2,2,0,0,0,3,3,139,2285,22,8,2016,2,7,25,1,2,3,1,3,SR-11,,200,34.424,-83.809,0,12,2,0,1,1,0,1,1,1,0,1,0,0,7,23,7,43,8,14,0,0,0,2,0,2
13,130872,3,3,0,0,0,4,4,157,0,22,8,2016,2,2,30,1,2,1,1,1,I-85,,135,34.185,-83.596,0,12,1,0,1,1,0,1,2,10,0,10,0,0,2,32,2,49,3,22,0,0,0,1,0,1
13,130874,1,1,0,0,0,1,1,29,0,23,8,2016,3,13,45,1,1,1,1,1,I-16,,72,32.154,-81.427,0,42,0,0,1,1,0,4,1,2,0,2,0,0,99,98,99,98,88,88,0,0,0,1,0,1
13,130875,3,3,0,0,0,4,4,51,4910,23,8,2016,3,1,50,1,2,3,1,3,SR-204,TRUMAN PARKWAY,172,31.979,-81.138,0,12,6,0,3,2,0,1,3,1,0,1,0,0,1,50,2,11,2,22,0,0,0,2,1,2
13,130877,3,3,0,0,0,5,5,113,0,23,8,2016,3,8,17,0,1,4,1,3,SR-85,,31,33.352,-84.488,0,12,1,0,1,1,0,1,1,1,0,1,0,0,8,18,8,21,9,36,0,0,0,1,0,1
13,130878,1,1,0,0,0,1,1,153,0,23,8,2016,3,16,30,0,2,4,1,3,SR-11,,281,32.686,-83.69,0,1,0,0,1,1,0,4,1,1,0,1,0,0,99,98,99,98,88,88,0,0,0,1,0,2
13,130880,1,1,0,0,0,2,2,15,980,24,8,2016,4,17,50,1,2,1,1,1,I-75,,157,34.243,-84.768,0,35,0,0,1,1,0,4,1,10,0,10,0,0,18,31,18,41,18,50,0,0,0,1,0,2
13,130890,1,1,0,0,0,1,1,121,280,27,8,2016,7,6,30,1,2,1,1,1,I-20,,42,33.757,-84.469,0,59,0,0,1,1,0,4,4,1,0,1,0,0,99,99,99,99,88,88,0,0,0,1,0,1
13,130894,1,1,0,0,0,1,1,223,1500,28,8,2016,1,8,35,0,2,4,1,3,SR-61,,21,33.81,-84.889,0,1,0,0,1,1,0,4,2,1,0,1,0,0,99,98,99,98,88,88,0,0,0,1,1,2
13,130895,1,1,0,0,0,1,1,7,0,29,8,2016,2,22,10,0,1,4,1,3,SR-91,,60,31.218,-84.451,0,42,0,0,1,1,0,4,2,10,0,10,0,0,99,99,99,99,99,99,0,0,0,1,1,2
13,130896,2,2,0,0,0,2,2,135,800,29,8,2016,2,4,45,1,2,1,1,1,I-85,,254,34.084,-83.866,0,12,6,0,1,1,0,1,2,1,0,1,0,0,4,43,5,12,99,99,0,0,0,1,1,1
13,130897,2,2,0,0,0,2,2,135,3100,29,8,2016,2,9,53,0,2,4,1,3,SR-8,,106,33.936,-84.037,0,12,7,0,1,1,0,1,1,1,0,1,0,0,9,53,9,59,10,15,0,0,0,1,0,2
13,130898,2,2,0,0,0,30,30,185,5680,29,8,2016,2,15,15,1,2,1,1,1,I-75,,160,30.814,-83.314,0,12,9,0,1,1,0,1,1,1,0,1,1,0,15,20,15,28,16,42,0,0,0,1,0,2
13,130901,1,1,0,0,0,1,1,121,280,30,8,2016,3,20,39,1,2,1,1,1,I-285,,124,33.8,-84.488,0,25,0,0,1,1,0,3,2,1,0,1,0,0,20,39,20,39,88,88,0,0,0,1,1,2
13,130903,2,2,0,0,0,2,2,277,5490,30,8,2016,3,14,47,1,2,3,1,3,SR-7,PARK AVENUE,101,31.464,-83.508,0,12,6,0,2,2,0,1,1,10,0,10,0,0,14,42,14,46,15,9,0,0,0,1,0,2
13,130904,5,5,0,0,0,6,6,45,0,31,8,2016,4,18,5,1,2,1,1,1,I-20,,87,33.716,-85.03,0,12,1,0,1,1,0,1,1,1,0,1,0,0,18,4,18,11,20,53,0,0,0,2,0,1
13,130905,1,1,0,0,0,1,1,83,0,31,8,2016,4,17,45,1,1,1,1,1,I-59,,30,34.76,-85.538,0,35,0,0,1,1,0,4,1,1,0,1,0,0,18,3,18,17,18,53,0,0,0,1,0,1
13,130910,2,2,0,0,0,2,2,103,0,1,9,2016,5,17,24,1,1,1,1,1,I-16,,10,32.124,-81.387,0,12,7,0,1,1,0,3,1,10,0,10,0,0,99,98,99,98,88,88,0,0,0,1,0,1
13,130912,2,2,0,0,0,2,2,151,3220,1,9,2016,5,4,24,1,2,1,1,1,I-75,,35,33.349,-84.124,0,12,1,0,1,1,0,1,2,1,0,1,0,0,4,24,4,32,88,88,28,0,0,1,0,2
13,130915,2,2,0,0,0,2,2,211,0,1,9,2016,5,21,52,0,1,5,1,3,SR-83,,205,33.7,-83.503,0,12,2,0,1,1,0,1,2,10,0,10,0,0,99,99,99,99,99,99,0,0,0,1,1,2
13,130917,2,2,0,0,0,2,2,11,0,2,9,2016,6,6,34,0,1,5,1,3,SR-51,,154,34.366,-83.439,0,12,2,0,1,1,0,1,4,10,0,10,0,0,99,99,99,99,99,99,0,0,0,2,0,2
13,130919,1,1,0,0,0,2,2,207,0,2,9,2016,6,17,18,1,2,1,1,1,I-75,,36,32.949,-83.8,0,1,0,0,1,1,0,3,1,1,0,1,0,0,99,99,99,99,99,99,0,0,0,1,1,2
13,130922,1,1,0,0,0,1,1,251,0,3,9,2016,7,23,55,0,1,5,1,3,SR-17,,38,32.543,-81.581,0,35,0,0,1,1,0,4,2,1,0,1,0,0,99,99,99,99,99,99,0,0,0,1,1,2
13,130924,3,3,0,0,0,4,4,45,0,4,9,2016,1,21,0,0,2,4,1,3,SR-166,BURWELL RD,104,33.561,-85.154,0,12,6,0,3,3,0,1,2,1,0,1,0,0,99,99,99,99,99,99,0,0,0,1,0,1
13,130926,2,2,0,0,0,2,2,121,280,4,9,2016,1,0,56,1,2,1,1,1,I-75,,104,33.787,-84.391,0,12,1,0,1,1,0,1,3,1,0,1,0,0,99,99,99,99,99,99,23,0,0,1,0,2
13,130927,2,2,0,1,1,1,1,121,280,4,9,2016,1,3,47,1,2,1,1,1,I-75,,169,33.865,-84.44,0,12,2,0,1,1,0,1,2,1,0,1,0,0,99,98,99,98,88,88,19,23,0,1,1,2
13,130935,2,2,0,0,0,2,2,31,0,6,9,2016,3,13,35,1,1,1,1,1,I-16,,211,32.23,-81.611,0,12,1,0,1,1,0,1,1,1,0,1,0,0,99,98,99,98,88,88,0,0,0,1,0,1
13,130937,3,3,0,0,0,3,3,119,0,6,9,2016,3,16,41,1,1,1,1,1,I-85,,5,34.313,-83.378,0,12,1,0,1,1,0,1,1,1,0,1,0,0,99,99,99,99,88,88,19,0,0,1,0,1
13,130939,2,2,0,0,0,2,2,139,0,6,9,2016,3,7,36,0,2,4,1,3,SR-60,,52,34.24,-83.798,0,12,8,0,1,1,0,1,1,1,0,1,0,0,99,99,99,99,99,99,0,0,0,1,0,2
13,130941,2,2,0,0,0,3,3,321,0,6,9,2016,3,4,20,0,1,3,1,3,SR-32,SR-300,18,31.726,-83.987,0,12,6,0,2,2,0,1,2,1,0,1,0,0,99,98,99,98,88,88,0,0,0,1,0,2
13,130943,1,1,0,1,1,1,1,51,4910,7,9,2016,4,13,7,1,2,3,1,3,SR-204,WILSHIRE BLVD,177,31.984,-81.133,0,8,0,0,3,2,0,1,1,1,0,1,0,0,13,8,13,10,13,25,0,0,0,1,0,2
13,130944,1,1,0,0,0,1,1,121,280,7,9,2016,4,15,0,1,2,1,1,1,I-75,,148,33.833,-84.427,0,25,0,0,1,1,0,3,1,1,0,1,0,0,99,99,99,99,99,99,0,0,0,1,0,2
13,130949,2,2,0,0,0,3,3,233,0,9,9,2016,6,6,44,1,1,3,1,2,US-27 / SR-1,,6,33.907,-85.237,0,12,1,0,1,1,0,1,2,1,0,1,0,0,99,99,99,99,99,99,0,0,0,1,0,2
13,130956,1,1,0,0,0,1,1,67,0,11,9,2016,1,2,25,1,2,1,1,1,I-20,,15,33.774,-84.569,0,42,0,0,1,1,0,4,2,1,0,1,0,0,99,98,99,98,88,88,0,0,0,1,1,1
13,130958,2,2,0,0,0,4,4,67,0,11,9,2016,1,18,20,1,2,1,1,1,I-20,,28,33.774,-84.56,0,12,1,0,1,1,0,1,1,1,0,1,0,0,99,98,99,98,88,88,0,0,0,1,1,1
13,130971,2,2,0,0,0,3,3,45,0,14,9,2016,4,17,1,1,2,3,1,3,SR-61,DOCK HYDE RD,4,33.621,-84.995,0,12,6,0,2,2,0,1,1,1,0,1,0,0,99,99,99,99,99,99,0,0,0,1,0,2
13,130975,4,4,0,0,0,5,5,117,0,14,9,2016,4,11,23,1,2,3,1,3,SR-141,LAUREL SPRINGS PKWY,13,34.084,-84.162,0,12,6,0,2,2,0,1,1,1,0,1,0,0,11,29,11,34,12,20,0,0,0,1,0,2
13,130979,2,2,0,0,0,2,2,145,0,29,7,2016,6,8,4,0,1,5,1,3,SR-116,,125,32.791,-84.835,0,12,2,0,1,1,0,1,1,1,0,1,0,0,99,99,99,99,99,99,0,0,0,1,0,1
13,130980,2,2,0,0,0,2,2,67,0,15,9,2016,5,99,99,1,2,1,1,1,I-75,,26,33.912,-84.479,0,5,0,0,1,1,1,1,2,1,0,1,0,0,1,38,1,41,88,88,0,0,0,1,0,2
13,130981,2,2,0,0,0,2,2,219,0,15,9,2016,5,6,40,1,1,3,1,3,SR-24,,22,33.742,-83.431,0,1,0,0,1,1,0,1,2,1,0,1,0,0,99,99,99,99,99,99,0,0,0,1,0,2
13,130983,2,2,0,0,0,5,5,15,980,16,9,2016,6,23,35,1,1,3,1,3,SR-20,,71,34.221,-84.912,0,12,1,0,1,1,0,1,2,1,0,1,0,0,99,99,99,99,99,99,0,0,0,3,0,2
13,130984,1,1,0,1,1,1,1,63,2970,16,9,2016,6,2,34,1,2,3,1,3,SR-3,,75,33.53,-84.363,0,8,0,0,1,1,0,1,2,1,0,1,0,0,99,99,99,99,99,99,0,0,0,1,0,2
13,130985,1,1,0,0,0,2,2,89,0,16,9,2016,6,5,5,0,2,3,1,3,SR-12,,117,33.701,-84.085,0,42,0,0,1,1,0,4,2,1,0,1,0,0,5,5,5,14,88,88,0,0,0,2,1,2
13,130992,1,1,0,0,0,5,5,301,0,16,9,2016,6,6,9,0,1,4,1,3,SR-12,,170,33.421,-82.617,0,30,0,0,1,1,0,4,1,1,0,1,0,0,99,99,99,99,99,99,0,0,0,2,0,2
13,130993,1,1,0,0,0,1,1,15,3020,17,9,2016,7,22,59,1,1,3,1,3,SR-20,,65,34.221,-84.914,0,42,0,0,1,1,0,4,2,1,0,1,0,0,99,99,99,99,88,88,0,0,0,1,1,2
13,130998,1,1,0,0,0,1,1,45,970,18,9,2016,1,19,9,0,1,6,1,3,SR-5,,157,33.463,-85.01,0,42,0,0,1,1,0,4,1,2,0,2,0,0,99,99,99,99,99,99,0,0,0,1,0,1
13,131000,2,2,0,0,0,5,5,129,860,18,9,2016,1,15,53,0,2,5,1,3,SR-156,,167,34.528,-84.867,0,12,6,0,1,1,0,1,1,2,0,2,0,0,99,99,99,99,99,99,0,0,0,1,0,2
13,131002,1,1,0,1,1,1,1,177,3120,18,9,2016,1,1,16,1,2,3,1,3,SR-3,,5,31.631,-84.177,0,8,0,0,1,1,0,1,2,10,0,10,0,0,99,98,99,98,88,88,0,0,0,1,0,2
13,131003,2,2,0,0,0,2,2,319,0,18,9,2016,1,4,3,0,1,5,1,3,SR-96,,29,32.696,-83.258,0,12,1,0,1,1,0,1,2,1,0,1,0,0,99,98,99,98,88,88,0,0,0,1,1,2
13,131005,2,2,0,0,0,2,2,103,0,19,9,2016,2,11,34,1,1,3,1,3,SR-21,,57,32.313,-81.246,0,12,6,0,1,1,0,1,1,10,0,10,0,0,11,34,11,56,12,22,0,0,0,1,0,2
13,131006,2,2,0,0,0,2,2,149,2230,19,9,2016,2,13,16,1,1,3,1,3,SR-1,CENTRAL HATCHEE PARKWAY,145,33.358,-85.107,0,12,6,0,2,3,0,1,1,1,0,1,0,0,99,98,99,98,88,88,0,0,0,1,0,1
13,131007,2,2,0,0,0,6,6,217,0,19,9,2016,2,14,55,0,2,4,1,3,SR-162,,94,33.534,-83.918,0,12,6,0,1,1,0,1,1,1,0,1,1,0,99,99,99,99,99,99,0,0,0,3,0,2
13,131008,2,2,0,0,0,3,3,313,0,19,9,2016,2,20,38,1,2,1,1,1,I-75,,81,34.722,-85.007,0,24,0,0,1,1,0,3,2,1,0,1,0,0,99,99,99,99,99,99,0,0,0,1,0,2
13,131010,2,2,0,0,0,2,2,121,0,20,9,2016,3,12,51,1,2,3,1,3,SR-138,OLD JONESBORO ROAD,58,33.555,-84.502,0,12,6,0,2,3,1,1,1,1,0,1,0,0,12,51,13,41,88,88,0,0,0,1,0,1
13,131013,1,1,0,0,0,2,2,223,9997,20,9,2016,3,2,15,0,1,4,1,3,SR-101,,32,33.893,-85.002,0,1,0,0,1,1,0,1,2,1,0,1,0,0,99,99,99,99,99,99,0,0,0,1,0,2
13,131016,1,1,0,0,0,3,3,121,0,21,9,2016,4,2,25,1,2,1,1,1,I-285,,71,33.72,-84.502,0,42,0,0,1,1,1,4,2,1,0,1,0,0,2,25,2,45,3,30,0,0,0,1,1,2
13,131023,2,2,0,0,0,2,2,71,0,23,9,2016,6,12,20,0,1,3,1,3,SR-33,,191,31.297,-83.82,0,12,2,0,1,1,0,1,1,1,0,1,0,0,99,98,99,98,88,88,0,0,0,2,0,1
13,131025,2,2,0,0,0,2,2,157,0,23,9,2016,6,3,40,1,2,1,1,1,I-85,,97,34.201,-83.565,0,12,2,0,1,1,0,1,2,1,0,1,0,0,99,99,99,99,99,99,20,0,0,1,0,1
13,131028,1,1,0,1,1,1,1,59,270,24,9,2016,7,1,41,1,2,3,1,3,SR-10,,118,33.977,-83.381,0,8,0,0,1,1,0,1,2,1,0,1,0,0,99,98,99,98,88,88,0,0,0,1,0,2
13,131029,1,1,0,0,0,1,1,121,280,24,9,2016,7,13,58,1,2,1,1,1,I-285,,46,33.689,-84.5,0,52,0,0,1,1,0,4,1,1,0,1,0,0,99,99,99,99,99,99,0,0,0,1,0,2
13,131032,1,1,0,1,1,1,1,51,4910,25,9,2016,1,1,55,0,1,5,1,3,SR-204,,50,32.035,-81.325,0,8,0,0,1,1,0,1,2,1,0,1,0,0,1,53,2,7,88,88,0,0,0,1,0,2
13,131033,1,1,0,0,0,1,1,59,270,25,9,2016,1,21,57,1,2,3,1,3,SR-10,,170,33.937,-83.466,0,1,0,0,1,1,0,1,2,1,0,1,0,0,99,98,99,98,88,88,0,0,0,1,0,2
13,131036,2,2,0,1,1,3,3,205,880,25,9,2016,1,16,50,0,2,4,1,3,SR-112,,105,31.225,-84.211,0,9,0,0,8,1,0,1,1,1,0,1,0,0,99,98,99,98,88,88,0,0,0,1,0,2
13,131037,1,1,0,1,1,1,1,29,0,26,9,2016,2,5,2,1,1,3,1,3,SR-30,,10,32.146,-81.762,0,8,0,0,1,1,0,1,2,1,0,1,0,0,99,98,99,98,88,88,0,0,0,1,0,1
13,131039,2,2,0,0,0,2,2,47,9997,27,9,2016,3,6,8,0,1,4,1,3,SR-2,,142,34.899,-85.043,0,12,2,0,1,1,0,1,2,10,0,10,0,0,99,99,99,99,99,99,0,0,0,1,1,2
13,131040,2,2,0,0,0,2,2,71,3800,27,9,2016,3,8,2,0,1,4,1,3,SR-37,,201,31.185,-83.699,0,12,6,0,1,1,0,1,1,10,0,10,0,0,99,98,99,98,88,88,0,0,0,1,0,1
13,131044,1,1,0,1,1,1,1,179,2730,27,9,2016,3,23,11,1,2,3,1,3,SR-38,,71,31.852,-81.582,0,8,0,0,8,1,0,1,3,10,0,10,0,0,23,12,23,18,23,43,0,0,0,1,0,2
13,131045,1,1,0,0,0,1,1,133,0,28,9,2016,4,12,13,1,1,1,1,1,I-20,,91,33.547,-83.108,0,34,0,0,1,1,0,4,1,1,0,1,0,0,99,98,99,98,88,88,0,0,0,1,0,1
13,131047,1,1,0,0,0,1,1,293,0,28,9,2016,4,15,37,1,1,3,1,3,SR-3,,104,32.827,-84.306,0,59,0,0,1,1,0,4,1,1,0,1,0,0,99,99,99,99,99,99,0,0,0,1,0,2
13,131048,1,1,0,0,0,2,2,121,280,29,9,2016,5,11,42,1,2,2,1,3,SR-166,,253,33.695,-84.5,0,25,0,0,1,1,0,3,1,1,0,1,0,0,99,99,99,99,88,88,0,0,0,1,0,1
13,131051,1,1,0,0,0,1,1,135,1470,30,9,2016,6,2,39,0,2,4,1,3,SR-8,SR-316,181,33.983,-83.926,0,26,0,0,3,2,0,3,2,1,0,1,0,0,2,39,2,48,3,12,0,0,0,1,0,2
13,131056,1,1,0,0,0,1,1,45,0,1,10,2016,7,1,0,1,2,3,1,3,SR-166,,118,33.559,-85.131,0,35,0,0,1,1,0,4,2,1,0,1,0,0,99,98,99,98,88,88,0,0,0,1,1,1
13,131061,2,2,0,0,0,2,2,119,0,2,10,2016,1,9,46,1,1,3,1,3,SR-17,LANKFORD RD,92,34.413,-83.099,0,12,2,0,2,3,0,1,1,1,0,1,0,0,9,41,9,48,88,88,0,0,0,1,0,2
13,131065,2,2,0,0,0,2,2,97,0,3,10,2016,2,16,1,1,2,3,1,3,SR-92,HILLTOP DR,84,33.749,-84.705,0,12,6,0,2,2,0,1,1,1,0,1,0,0,16,0,16,6,16,45,0,0,0,1,0,2
13,131068,1,1,0,0,0,1,1,223,0,3,10,2016,2,6,42,0,1,4,1,3,SR-101,,4,33.805,-84.974,0,32,0,0,1,1,0,4,1,1,0,1,0,0,6,42,6,52,7,57,0,0,0,1,0,2