STATE,ST_CASE,VE_TOTAL,VE_FORMS,PVH_INVL,PEDS,PERNOTMVIT,PERMVIT,PERSONS,COUNTY,CITY,DAY,MONTH,YEAR,DAY_WEEK,HOUR,MINUTE,NHS,RUR_URB,FUNC_SYS,RD_OWNER,ROUTE,TWAY_ID,TWAY_ID2,MILEPT,LATITUDE,LONGITUD,SP_JUR,HARM_EV,MAN_COLL,RELJCT1,RELJCT2,TYP_INT,WRK_ZONE,REL_ROAD,LGT_COND,WEATHER1,WEATHER2,WEATHER,SCH_BUS,RAIL,NOT_HOUR,NOT_MIN,ARR_HOUR,ARR_MIN,HOSP_HR,HOSP_MN,CF1,CF2,CF3,FATALS,DRUNK_DR,RANK
13,131069,1,1,0,0,0,1,1,281,0,3,10,2016,2,10,8,0,1,5,1,3,SR-288,,33,34.928,-83.759,0,1,0,0,1,1,0,1,1,1,0,1,0,0,99,98,99,98,88,88,0,0,0,1,0,1
13,131070,1,1,0,1,1,2,2,63,4690,4,10,2016,3,20,25,1,2,3,1,3,SR-85,KING RD,44,33.579,-84.412,0,8,0,0,1,1,0,11,3,1,0,1,0,0,20,25,20,29,20,58,0,0,0,1,0,1
13,131071,1,1,0,1,1,1,1,115,4760,4,10,2016,3,6,42,1,2,3,1,2,US-27 / SR-1,MCDONALD ST,139,34.265,-85.18,0,8,0,0,2,3,0,1,2,1,0,1,0,0,6,43,6,50,7,0,0,0,0,1,0,2
13,131072,3,3,0,0,0,6,6,185,0,4,10,2016,3,4,56,1,1,1,1,1,I-75,,9,30.637,-83.183,0,12,2,0,1,1,0,1,2,10,0,10,0,0,4,53,5,4,6,22,0,0,0,2,0,2
13,131074,1,1,0,1,1,1,1,45,5730,5,10,2016,4,22,30,0,2,4,1,3,SR-101,,6,33.733,-84.939,0,8,0,0,1,1,0,1,2,1,0,1,0,0,22,29,22,35,88,88,0,0,0,1,0,2
13,131082,2,2,0,0,0,6,6,23,0,7,10,2016,6,0,26,0,1,4,1,3,SR-87,COLEY STATION RD,107,32.446,-83.379,0,12,6,0,2,2,0,1,2,1,0,1,0,0,0,34,0,45,1,49,0,0,0,1,0,1
13,131086,1,1,0,0,0,2,2,133,0,8,10,2016,7,99,99,1,1,1,1,1,I-20,,115,33.545,-83.074,0,1,0,0,1,1,0,1,1,1,0,1,0,0,17,35,17,42,18,9,0,0,0,1,1,1
13,131087,1,1,0,0,0,1,1,219,0,8,10,2016,7,9,7,0,2,6,1,3,SR-15,,92,33.836,-83.383,0,32,0,0,1,1,0,4,1,1,0,1,0,0,99,98,99,98,88,88,0,0,0,1,0,0
13,131088,1,1,0,0,0,2,2,39,0,9,10,2016,1,23,59,1,1,1,1,1,I-95,,118,30.9,-81.686,0,42,0,0,1,1,0,4,2,10,0,10,0,0,0,11,0,26,1,14,0,0,0,1,0,1
13,131089,1,1,0,0,0,2,2,47,0,9,10,2016,1,16,16,1,2,1,1,1,I-75,,85,34.924,-85.151,0,42,0,0,1,1,0,5,1,1,0,1,0,0,99,98,99,98,88,88,0,0,0,1,0,2
13,131090,1,1,0,0,0,1,1,63,1250,9,10,2016,1,20,30,0,2,4,1,3,SR-139,,40,33.622,-84.449,0,30,0,0,1,1,0,4,3,1,0,1,0,0,99,98,99,98,88,88,0,0,0,1,0,1
13,131095,2,2,0,0,0,2,2,151,0,11,10,2016,3,21,7,0,2,4,1,3,SR-81,,61,33.426,-84.218,0,12,2,0,1,1,0,1,2,1,0,1,0,0,21,8,21,20,23,25,0,0,0,1,0,2
13,131100,2,2,0,0,0,45,45,123,0,13,10,2016,5,11,2,1,1,3,1,3,SR-5,WHITESTONE RD,10,34.565,-84.522,0,12,6,0,2,2,0,1,1,1,0,1,0,0,99,99,99,99,99,99,0,0,0,1,0,1
13,131102,1,1,0,1,1,1,1,51,4910,14,10,2016,6,19,55,1,2,3,1,3,SR-204,,185,31.994,-81.129,0,8,0,0,1,1,0,1,3,1,0,1,0,0,99,98,99,98,88,88,0,0,0,1,0,2
13,131106,1,1,0,0,0,1,1,283,0,14,10,2016,6,19,15,1,1,1,1,1,I-16,,54,32.434,-82.609,0,1,0,0,1,1,0,3,2,1,0,1,0,0,99,98,99,98,88,88,0,0,0,1,0,1
13,131121,2,2,0,0,0,4,4,67,0,8,10,2016,7,21,13,0,2,4,1,3,SR-5,ANDERSON MILL RD,42,33.849,-84.608,0,12,6,0,2,2,0,1,3,1,0,1,0,0,21,13,21,21,22,4,0,0,0,1,0,1
13,131123,3,3,0,0,0,5,5,21,3390,17,8,2016,4,11,1,0,2,4,1,3,SR-19,ZEBULON ROAD,155,32.88,-83.725,0,12,2,0,2,2,0,1,1,1,0,1,0,0,99,99,99,99,99,99,0,0,0,1,0,2
13,131128,1,1,0,1,1,3,3,3,0,17,10,2016,2,19,1,0,1,5,1,3,SR-64,,195,31.325,-82.799,0,9,0,0,1,1,0,1,2,1,0,1,0,0,19,19,19,24,19,51,0,0,0,1,0,2
13,131129,1,1,0,0,0,2,2,73,0,17,10,2016,2,20,50,0,2,4,1,3,SR-47,,37,33.581,-82.298,0,1,0,0,1,1,0,4,2,1,0,1,0,0,20,52,21,5,88,88,0,0,0,2,1,2
13,131130,2,2,0,0,0,6,6,129,860,17,10,2016,2,15,10,1,2,1,1,1,I-75,,37,34.46,-84.92,0,12,7,0,1,1,0,1,1,1,0,1,0,0,99,98,99,98,88,88,0,0,0,1,0,2
13,131132,2,2,0,0,0,7,7,179,0,17,10,2016,2,15,38,1,1,1,1,1,I-95,,44,31.711,-81.391,0,12,8,0,1,1,0,1,1,1,0,1,0,0,99,98,99,98,88,88,0,0,0,2,1,1
13,131134,1,1,0,1,1,1,1,67,3440,18,10,2016,3,1,10,1,2,3,1,3,SR-3,,102,33.982,-84.56,0,8,0,0,1,1,0,1,2,1,0,1,0,0,99,98,99,98,88,88,0,0,0,1,0,2
13,131136,1,1,0,1,1,2,2,121,2060,18,10,2016,3,19,22,1,2,3,1,2,US-29,,76,33.572,-84.571,0,8,0,0,1,1,0,1,2,1,0,1,0,0,19,25,19,27,88,88,0,0,0,1,0,0
13,131137,2,2,0,0,0,7,7,241,3063,18,10,2016,3,14,44,1,1,3,1,3,SR-15,WOLF CREEK ROAD,44,34.79,-83.408,0,12,6,0,3,4,0,1,1,1,0,1,0,0,99,99,99,99,99,99,0,0,0,2,1,0
13,131138,2,2,0,0,0,2,2,5,0,19,10,2016,4,12,25,1,1,4,1,3,SR-32,,118,31.545,-82.394,0,12,6,0,1,1,0,1,1,10,0,10,0,0,99,99,99,99,99,99,0,0,0,1,0,2
13,131143,2,2,0,0,0,2,2,233,4730,19,10,2016,4,22,1,1,2,3,1,3,SR-6,,199,34.008,-85.103,0,12,8,0,1,1,0,1,2,1,0,1,0,0,99,99,99,99,99,99,0,0,0,1,0,2
13,131144,1,1,0,0,0,1,1,245,310,19,10,2016,4,19,35,1,2,3,1,3,SR-28,CRAWFORD AVENUE,60,33.483,-81.994,0,42,0,0,3,3,0,4,2,1,0,1,0,0,19,37,19,44,88,88,0,0,0,1,0,2
13,131147,2,2,0,0,0,2,2,175,1848,20,10,2016,5,12,33,0,1,4,1,3,SR-26,BETHLEHEM CHURCH ROAD,220,32.554,-82.838,0,12,6,0,2,2,0,1,1,1,0,1,0,0,99,99,99,99,99,99,0,0,0,1,0,1
13,131148,2,2,0,0,0,2,2,179,0,20,10,2016,5,7,48,0,1,4,1,3,SR-144,,59,31.905,-81.662,0,12,2,0,1,1,0,1,1,1,0,1,0,0,99,99,99,99,99,99,0,0,0,1,0,2
13,131150,2,2,0,0,0,2,2,291,540,20,10,2016,5,13,46,1,1,3,1,3,SR-11,,135,34.877,-83.97,0,12,6,0,8,1,0,1,1,1,0,1,0,0,99,98,99,98,88,88,0,0,0,1,0,2
13,131153,2,2,0,0,0,3,3,295,0,21,10,2016,6,9,30,0,2,4,1,3,SR-2,,24,34.949,-85.292,0,12,2,0,1,1,0,1,1,10,0,10,0,0,9,34,9,40,10,2,0,0,0,1,1,2
13,131154,1,1,0,0,0,2,2,55,0,22,10,2016,7,15,22,0,1,5,1,3,SR-100,,40,34.33,-85.377,0,1,0,0,1,1,0,1,1,1,0,1,0,0,15,14,15,41,16,23,0,0,0,1,0,1
13,131155,1,1,0,1,1,1,1,103,0,22,10,2016,7,11,36,0,2,6,1,3,SR-30,,127,32.186,-81.32,0,9,0,0,1,1,0,1,1,1,0,1,0,0,99,99,99,99,99,99,0,0,0,1,0,1
13,131156,1,1,0,1,1,1,1,135,3100,22,10,2016,7,3,45,0,2,4,1,3,SR-8,,108,33.938,-84.035,0,8,0,0,1,1,0,1,3,1,0,1,0,0,3,45,3,54,88,88,0,0,0,1,1,2
13,131157,1,1,0,0,0,1,1,135,3100,22,10,2016,7,10,55,0,2,4,1,3,SR-124,,218,34.049,-83.954,0,42,0,0,1,1,0,4,1,1,0,1,0,0,10,55,11,3,88,88,0,0,0,1,0,1
13,131158,1,1,0,1,1,1,1,289,0,22,10,2016,7,20,4,0,1,5,1,3,SR-18,,60,32.698,-83.348,0,8,0,0,1,1,0,1,2,1,0,1,0,0,99,98,99,98,88,88,0,0,0,1,0,2
13,131159,1,1,0,0,0,2,2,303,1620,22,10,2016,7,23,43,1,1,3,1,3,SR-24,,280,32.96,-82.977,0,18,0,0,1,1,0,4,2,1,0,1,0,0,23,56,0,31,1,15,0,0,0,1,0,2
13,131162,2,2,0,0,0,2,2,9,0,24,10,2016,2,10,30,1,1,3,1,3,SR-24,STEMBRIDGE ROAD,154,33.011,-83.096,0,12,6,0,2,2,0,1,1,1,0,1,0,0,99,98,99,98,88,88,0,0,0,1,0,2
13,131163,3,3,0,0,0,3,3,51,4910,24,10,2016,2,12,12,1,2,1,1,2,US-17,,53,32.084,-81.103,0,12,1,0,1,1,0,1,1,1,0,1,0,0,99,98,99,98,88,88,0,0,0,1,0,1
13,131164,1,1,0,0,0,1,1,175,0,24,10,2016,2,20,35,1,1,3,1,3,SR-31,FOUNTAIN ROAD,91,32.317,-82.919,0,59,0,0,3,3,0,4,2,1,0,1,0,0,99,98,99,98,88,88,0,0,0,1,0,2
13,131168,2,2,0,0,0,2,2,135,3158,26,10,2016,4,14,22,0,2,4,1,3,SR-8,,25,33.889,-84.156,0,12,2,0,8,1,0,1,1,1,0,1,0,0,14,23,14,26,14,46,0,0,0,1,1,2
13,131171,2,2,0,0,0,3,3,67,20,27,10,2016,5,22,30,0,2,4,1,3,SR-92,RAGSDALE ROAD,106,34.054,-84.696,0,12,6,0,2,3,0,1,2,1,0,1,0,0,22,24,22,28,22,42,0,0,0,1,0,2
13,131172,2,2,0,0,0,2,2,67,3440,27,10,2016,5,4,3,1,2,1,1,1,I-75,,54,33.959,-84.518,0,12,1,0,1,1,0,1,3,1,0,1,0,0,4,4,99,99,99,99,0,0,0,1,1,2
13,131173,1,1,0,0,0,1,1,167,6080,27,10,2016,5,6,0,0,1,4,1,3,SR-57,,9,32.761,-82.855,0,1,0,0,1,1,0,4,2,1,0,1,0,0,99,98,99,98,88,88,0,0,0,1,0,2
13,131174,1,1,0,1,1,5,5,311,1190,27,10,2016,5,19,55,1,1,4,1,3,SR-11,,50,34.576,-83.763,0,8,0,0,1,1,0,1,2,10,0,10,0,0,99,99,99,99,88,88,0,0,0,1,0,2
13,131175,1,1,0,0,0,1,1,27,0,28,10,2016,6,8,15,0,1,4,1,3,SR-122,,67,30.991,-83.628,0,35,0,0,1,1,0,4,1,1,0,1,0,0,99,98,99,98,88,88,0,0,0,1,0,2
13,131176,4,4,0,0,0,5,5,45,5730,28,10,2016,6,20,44,1,2,1,1,1,I-20,,154,33.722,-84.93,0,1,0,0,1,1,0,1,2,1,0,1,0,0,99,98,99,98,88,88,0,0,0,1,0,1
13,131177,1,1,0,1,1,1,1,77,0,28,10,2016,6,20,6,1,2,3,1,3,SR-14,,113,33.331,-84.782,0,8,0,0,1,1,0,1,2,1,0,1,0,0,99,98,99,98,88,88,0,0,0,1,0,2
13,131178,2,2,0,0,0,3,3,121,9997,28,10,2016,6,15,42,1,2,3,1,3,SR-141,MEDLOCK BRIDGE PARKWAY,99999,34.03,-84.187,0,12,6,0,2,3,0,1,1,1,0,1,0,0,15,48,15,49,16,28,0,0,0,2,0,2
13,131179,1,1,0,0,0,1,1,157,3490,28,10,2016,6,14,11,0,1,5,1,3,SR-52,,1,34.283,-83.601,0,1,0,0,1,1,0,4,1,1,0,1,0,0,99,98,99,98,88,88,0,0,0,1,0,0
13,131181,1,1,0,1,1,2,2,47,0,29,10,2016,7,5,9,1,2,1,1,1,I-75,,5,34.868,-85.036,0,8,0,0,1,1,0,2,2,1,0,1,0,0,99,99,99,99,99,99,0,0,0,1,1,2
13,131186,1,1,0,0,0,1,1,217,0,30,10,2016,1,2,34,0,2,4,1,3,SR-162,,97,33.539,-83.917,0,35,0,0,1,1,0,4,2,1,0,1,0,0,2,35,2,44,4,5,0,0,0,1,0,2
13,131189,2,2,0,0,0,2,2,99,0,1,11,2016,3,7,58,0,1,4,1,3,SR-39,THREE NOTCH RD,158,31.337,-84.927,0,12,2,0,2,4,0,1,1,1,0,1,0,0,99,99,99,99,99,99,0,0,0,1,0,2
13,131198,1,1,0,0,0,2,2,11,0,4,11,2016,6,6,28,1,1,1,1,1,I-85,,29,34.277,-83.434,0,42,0,0,1,1,0,5,2,1,0,1,0,0,99,99,99,99,99,99,0,0,0,2,0,1
13,131201,2,2,0,0,0,7,7,163,0,4,11,2016,6,21,0,1,1,3,1,3,SR-88,SR-296,125,33.157,-82.456,0,12,6,0,2,99,0,1,2,1,0,1,0,0,99,99,99,99,99,99,0,0,0,4,1,1
13,131208,1,1,0,0,0,4,4,211,0,5,11,2016,7,15,0,1,1,1,1,1,I-20,,200,33.548,-83.345,0,1,0,0,1,1,0,1,1,1,0,1,0,0,99,99,99,99,99,99,0,0,0,2,0,1
13,131209,1,1,0,0,0,1,1,319,0,5,11,2016,7,0,13,0,1,5,1,3,SR-112,,272,32.869,-83.095,0,42,0,0,1,1,0,4,2,10,0,10,0,0,99,98,99,98,88,88,0,0,0,1,0,2
13,131213,1,1,0,0,0,1,1,157,670,6,11,2016,1,18,44,0,2,4,1,3,SR-53,,11,34.137,-83.781,0,32,0,0,1,1,0,4,1,1,0,1,0,0,99,98,99,98,88,88,0,0,0,1,0,2
13,131217,2,2,0,0,0,3,3,69,0,7,11,2016,2,5,6,0,2,4,1,3,SR-32,,123,31.51,-82.75,0,12,1,0,1,1,0,1,2,1,0,1,0,0,99,99,99,99,99,99,0,0,0,1,0,2
13,131223,2,2,0,0,0,2,2,135,0,8,11,2016,3,8,47,1,2,1,1,1,I-85,,226,34.074,-83.921,0,12,7,0,1,1,0,1,1,1,0,1,0,0,8,47,8,55,88,88,0,0,0,1,0,1
13,131225,2,2,0,0,0,2,2,97,1770,9,11,2016,4,6,51,1,2,3,1,3,SR-92,,0,33.751,-84.716,0,12,6,1,18,1,0,1,1,1,0,1,0,0,6,52,6,56,7,30,0,0,0,1,0,2
13,131226,2,2,0,0,0,3,3,117,0,9,11,2016,4,14,24,1,2,3,1,3,SR-53,,5,34.329,-84.01,0,12,2,0,1,1,0,1,1,1,0,1,0,0,14,24,14,30,15,8,0,0,0,1,0,2
13,131228,2,2,0,0,0,2,2,121,280,10,11,2016,5,10,5,1,2,1,1,1,I-20,,14,33.765,-84.513,0,12,1,0,1,1,0,1,1,1,0,1,0,0,99,98,99,98,88,88,0,0,0,1,0,1
13,131230,1,1,0,0,0,1,1,75,0,12,11,2016,7,2,38,0,1,4,1,3,SR-37,,29,31.154,-83.493,0,1,0,0,1,1,0,4,2,1,0,1,0,0,99,98,99,98,88,88,0,0,0,1,1,1
13,131231,1,1,0,1,1,1,1,97,0,12,11,2016,7,2,30,1,2,3,1,3,SR-6,FACTORY SHOALS RD,45,33.764,-84.597,0,8,0,0,3,2,0,1,2,10,0,10,0,0,88,88,88,88,88,88,0,0,0,1,0,2
13,131233,2,2,0,0,0,3,3,19,0,12,11,2016,7,18,5,0,1,4,1,3,SR-125,,0,31.051,-83.198,0,12,2,0,1,1,0,1,2,1,0,1,0,0,99,99,99,99,99,99,0,0,0,2,0,2
13,131234,1,1,0,0,0,1,1,309,0,12,11,2016,7,3,10,0,1,5,1,3,SR-19,,212,32.217,-82.68,0,34,0,0,1,1,0,4,2,1,0,1,0,0,99,98,99,98,88,88,0,0,0,1,1,2
13,131236,1,1,0,1,1,2,2,63,0,13,11,2016,1,22,49,0,2,4,1,3,SR-139,,33,33.612,-84.437,0,8,0,0,1,1,0,1,3,1,0,1,0,0,22,47,22,53,23,15,0,0,0,1,1,1
13,131239,1,1,0,1,1,1,1,13,0,14,11,2016,2,19,11,0,2,6,1,3,SR-82,,80,34.004,-83.583,0,8,0,0,1,1,0,1,2,1,0,1,0,0,19,13,19,19,88,88,0,0,0,1,0,2
13,131248,3,3,0,0,0,4,4,223,0,16,11,2016,4,8,33,0,2,4,1,3,SR-61,,233,34.074,-84.829,0,12,8,0,1,1,0,1,1,1,0,1,0,0,99,99,99,99,99,99,0,0,0,1,0,2
13,131255,1,1,0,0,0,1,1,121,2570,14,11,2016,2,4,3,1,2,1,1,1,I-85,,173,33.667,-84.416,0,20,0,0,1,1,0,3,3,1,0,1,0,0,4,3,4,4,4,20,20,0,0,1,0,1
13,131257,1,1,0,0,0,2,2,129,0,17,11,2016,5,10,35,1,2,1,1,1,I-75,,57,34.477,-84.919,0,24,0,0,1,1,0,3,1,1,0,1,0,0,99,98,99,98,88,88,0,0,0,1,0,2
13,131260,1,1,0,0,0,5,5,277,0,17,11,2016,5,16,10,1,2,1,1,1,I-75,,49,31.396,-83.499,0,25,0,0,1,1,0,3,1,1,0,1,0,0,16,10,16,31,16,47,0,0,0,2,0,2
13,131261,2,2,0,0,0,3,3,291,540,17,11,2016,5,9,17,0,1,3,1,3,SR-2,,0,34.905,-83.907,0,12,2,0,1,1,0,1,1,1,0,1,0,0,9,24,9,36,9,55,0,0,0,2,0,2
13,131262,1,1,0,0,0,1,1,31,4460,18,11,2016,6,2,33,0,1,4,1,3,SR-26,,17,32.549,-82.002,0,1,0,0,1,1,0,1,2,1,0,1,0,0,99,98,99,98,88,88,0,0,0,1,1,1
13,131263,3,3,0,0,0,5,5,55,0,18,11,2016,6,17,41,1,1,3,1,3,SR-1,,49,34.466,-85.27,0,12,1,0,1,1,0,1,5,1,0,1,0,0,99,99,99,99,99,99,0,0,0,1,0,1
13,131264,3,2,1,0,0,2,2,121,280,18,11,2016,6,9,53,1,2,1,1,1,I-20,,98,33.743,-84.38,0,14,0,0,1,1,0,3,1,1,0,1,0,0,99,98,99,98,88,88,19,0,0,1,0,1
13,131265,1,1,0,0,0,2,2,121,5640,18,11,2016,6,0,12,1,2,3,1,3,SR-14,COTTAGE GROVE PLACE,98,33.595,-84.55,0,33,0,0,3,3,0,4,3,1,0,1,0,0,0,17,0,32,1,15,0,0,0,1,1,2
13,131266,2,2,0,0,0,2,2,129,860,18,11,2016,6,17,34,0,1,4,1,3,SR-225,I-75(RAMP),11,34.54,-84.922,0,12,6,1,3,2,0,1,1,1,0,1,0,0,99,99,99,99,99,99,0,0,0,1,0,2
13,131269,1,1,0,1,1,1,1,89,1060,19,11,2016,7,3,43,1,2,3,1,3,SR-13,,47,33.89,-84.286,0,8,0,0,1,1,0,1,3,1,0,1,0,0,3,43,99,99,88,88,0,0,0,1,0,2
13,131271,2,2,0,0,0,3,3,97,1770,19,11,2016,7,23,44,1,2,1,1,1,I-20,,118,33.743,-84.724,0,12,7,0,1,1,0,1,2,1,0,1,0,0,99,98,99,98,88,88,0,0,0,1,0,1
13,131274,2,2,0,0,0,6,6,209,0,19,11,2016,7,18,52,1,1,3,1,3,SR-30,,67,32.19,-82.524,0,12,2,0,1,1,0,1,2,1,0,1,0,0,18,53,19,0,19,53,0,0,0,1,0,1
13,131275,1,1,0,0,0,1,1,121,1250,20,11,2016,1,21,12,0,2,4,1,3,SR-14,WASHINGTON ROAD,134,33.623,-84.492,0,1,0,0,3,3,1,4,2,1,0,1,0,0,99,98,99,98,88,88,0,0,0,1,1,2
13,131277,1,1,0,0,0,2,2,139,2285,20,11,2016,1,2,31,1,1,3,1,3,SR-60,,203,34.419,-83.906,0,33,0,0,1,1,0,4,2,1,0,1,0,0,2,21,2,31,88,88,0,0,0,2,0,2
13,131278,2,2,0,0,0,2,2,139,2285,20,11,2016,1,17,10,1,2,3,1,3,SR-53,LYNN CLIFF ROAD,28,34.332,-83.91,0,12,6,0,2,3,0,1,1,1,0,1,0,0,17,3,17,8,17,25,0,0,0,1,0,2
13,131282,2,2,0,0,0,5,5,63,0,22,11,2016,3,10,41,0,2,4,1,3,SR-42,I-675(RAMP),9,33.578,-84.279,0,12,6,0,2,3,0,1,1,1,0,1,0,0,99,99,99,99,99,99,0,0,0,1,0,1
13,131283,1,1,0,0,0,1,1,63,0,22,11,2016,3,16,57,1,2,1,1,1,I-75,,58,33.586,-84.38,0,25,0,0,1,1,0,3,2,1,0,1,0,0,17,2,17,11,17,21,0,0,0,1,0,2
13,131285,1,1,0,0,0,2,2,313,0,22,11,2016,3,20,14,1,1,1,1,1,I-75,,41,34.664,-84.99,0,42,0,0,1,1,0,4,2,1,0,1,0,0,20,24,20,36,21,11,0,0,0,1,0,2
13,131286,1,1,0,1,1,1,1,67,0,23,11,2016,4,5,28,0,2,4,1,3,SR-5,LEILA STREET,27,33.828,-84.614,0,8,0,0,3,2,0,1,3,1,0,1,0,0,99,98,99,98,88,88,0,0,0,1,0,1
13,131287,2,2,0,0,0,3,3,87,0,23,11,2016,4,10,3,1,1,3,1,3,SR-38,,50,30.942,-84.683,0,12,1,0,1,1,0,1,1,1,0,1,0,0,99,99,99,99,99,99,0,0,0,2,0,2
13,131289,4,1,3,0,0,1,1,227,9997,23,11,2016,4,15,15,1,1,3,1,3,SR-53,,38,34.469,-84.611,0,34,0,0,1,1,0,4,1,1,0,1,0,0,99,99,99,99,99,99,14,0,0,1,0,2
13,131290,2,2,0,0,0,4,4,29,4300,24,11,2016,5,21,44,1,1,3,1,3,SR-30,,169,32.154,-81.51,0,12,2,0,1,1,0,1,2,1,0,1,0,0,99,99,99,99,99,99,0,0,0,2,1,1
13,131294,1,1,0,0,0,1,1,115,0,24,11,2016,5,3,17,0,1,4,1,3,SR-53,,86,34.143,-85.297,0,40,0,0,1,1,0,4,2,1,0,1,0,0,3,20,3,29,88,88,0,0,0,1,0,2
13,131296,2,2,0,0,0,4,4,237,1930,24,11,2016,5,13,16,1,1,3,1,3,SR-24,CHURCH STREET,123,33.324,-83.408,0,12,6,0,2,2,0,1,1,10,0,10,0,0,99,98,99,98,88,88,0,0,0,1,0,2
13,131297,2,2,0,0,0,2,2,77,0,25,11,2016,6,5,5,0,2,4,1,3,SR-14,,248,33.472,-84.688,0,12,8,0,1,1,0,1,2,1,0,1,0,0,99,99,99,99,99,99,0,0,0,1,1,2
13,131304,1,1,0,1,1,2,2,299,5850,27,11,2016,1,20,48,1,2,3,1,3,SR-520,,260,31.195,-82.294,0,8,0,0,1,1,0,1,2,1,0,1,0,0,20,52,20,57,21,14,0,0,0,1,0,2
13,131312,3,3,0,0,0,3,3,115,0,29,11,2016,3,9,30,1,2,3,1,3,SR-1,AMBERWOOD TRAIL,192,34.34,-85.172,0,12,2,0,2,3,0,1,1,10,0,10,0,0,9,35,9,40,88,88,0,0,0,1,0,1
13,131313,2,2,0,0,0,2,2,137,1360,29,11,2016,3,6,39,1,2,3,1,3,SR-15,BALDWIN ROAD,13,34.509,-83.545,0,12,6,0,2,2,0,1,2,2,0,2,0,0,99,98,99,98,88,88,0,0,0,1,0,0
13,131315,1,1,0,1,1,1,1,299,5850,29,11,2016,3,18,27,1,2,3,4,3,SR-520,NEW STREET,231,31.206,-82.344,0,15,0,0,2,3,0,1,3,1,0,1,0,0,99,98,99,98,88,88,0,0,0,1,0,2
13,131317,2,2,0,0,0,3,3,139,1180,30,11,2016,4,14,20,1,1,3,1,3,SR-11,SR-283,250,34.477,-83.767,0,12,6,0,2,2,0,1,1,2,0,2,0,0,14,26,14,31,15,16,0,0,0,1,0,2
13,131320,1,1,0,0,0,4,4,31,0,1,12,2016,5,18,0,1,1,1,1,1,I-16,,242,32.222,-81.551,0,1,0,0,1,1,0,4,2,1,0,1,0,0,18,2,18,25,18,57,0,0,0,1,0,1
13,131325,4,4,0,0,0,4,4,89,0,2,12,2016,6,21,45,1,2,1,1,1,I-285,,171,33.732,-84.231,0,12,7,0,1,1,0,1,3,1,0,1,0,0,21,49,21,55,22,15,0,0,0,1,0,2
13,131326,3,3,0,0,0,3,3,93,0,2,12,2016,6,6,40,0,1,4,1,3,SR-7,,27,32.067,-83.799,0,12,8,0,1,1,0,1,2,1,0,1,0,0,6,43,6,51,7,23,0,0,0,1,1,2
13,131333,1,1,0,0,0,1,1,129,0,3,12,2016,7,15,15,0,1,5,1,3,SR-136,,227,34.59,-84.742,0,53,0,0,1,1,0,4,1,10,0,10,0,0,99,98,99,98,88,88,0,0,0,1,1,2
13,131334,2,2,0,0,0,3,3,217,0,3,12,2016,7,14,5,0,2,4,1,3,SR-36,,54,33.455,-83.845,0,12,6,0,8,1,0,1,1,10,0,10,0,0,14,7,14,16,15,42,0,0,0,1,0,1
13,131336,1,1,0,0,0,1,1,129,0,4,12,2016,1,20,54,0,1,5,1,3,SR-136,,111,34.596,-84.91,0,32,0,0,1,1,0,4,2,2,0,2,0,0,99,99,99,99,99,99,0,0,0,1,0,2
13,131338,1,1,0,0,0,4,4,207,0,4,12,2016,1,1,42,0,1,5,1,3,SR-42,,108,32.989,-83.951,0,35,0,0,1,1,0,4,2,2,0,2,0,0,1,41,1,49,2,40,0,0,0,1,0,1
13,131342,2,2,0,0,0,3,3,277,0,5,12,2016,2,16,25,0,1,4,1,3,SR-125,CHULA BROOKFILED RD,155,31.558,-83.489,0,12,6,0,2,2,0,1,1,2,0,2,0,0,16,25,16,36,16,55,0,0,0,1,0,2
13,131345,2,2,0,0,0,5,5,139,0,6,12,2016,3,21,11,1,2,3,1,3,SR-60,,167,34.382,-83.876,0,12,2,0,1,1,0,1,2,10,0,10,0,0,21,8,21,40,22,3,0,0,0,1,0,2
13,131350,1,1,0,1,1,1,1,151,0,8,12,2016,5,19,48,0,2,4,1,3,SR-81,,3,33.418,-84.309,0,9,0,0,1,1,0,1,2,10,0,10,0,0,18,43,19,2,88,88,0,0,0,1,0,2
13,131352,1,1,0,0,0,1,1,85,0,9,12,2016,6,14,57,0,1,5,1,3,SR-52,,41,34.539,-84.265,0,32,0,0,1,1,0,4,1,1,0,1,0,0,14,57,15,9,15,36,0,0,0,1,1,0
13,131354,1,1,0,1,1,1,1,135,5080,9,12,2016,6,18,36,1,2,3,1,3,SR-124,,80,33.873,-84.014,0,8,0,0,1,1,0,1,3,1,0,1,0,0,18,35,18,41,88,88,0,0,0,1,0,1
13,131357,1,1,0,0,0,1,1,265,0,9,12,2016,6,15,6,1,1,1,1,1,I-20,,4,33.532,-82.986,0,1,0,0,1,1,0,4,1,1,0,1,0,0,99,98,99,98,88,88,0,0,0,1,0,1
13,131360,2,2,0,0,0,7,7,157,2920,10,12,2016,7,20,23,1,2,3,1,3,SR-11,,105,34.152,-83.647,0,12,6,1,5,1,0,1,2,1,0,1,0,0,20,23,20,31,21,0,0,0,0,1,0,2
13,131364,1,1,0,0,0,1,1,197,0,11,12,2016,1,5,0,0,1,5,1,3,SR-41,,40,32.214,-84.523,0,34,0,0,1,1,0,4,2,10,0,10,0,0,99,98,99,98,88,88,0,0,0,1,1,1
13,131366,1,1,0,0,0,1,1,211,0,12,12,2016,2,5,25,1,1,1,1,1,I-20,,64,33.58,-83.581,0,32,0,0,1,1,0,4,2,10,0,10,0,0,5,26,5,34,6,0,0,0,0,1,0,1