STATE,ST_CASE,VE_TOTAL,VE_FORMS,PVH_INVL,PEDS,PERNOTMVIT,PERMVIT,PERSONS,COUNTY,CITY,DAY,MONTH,YEAR,DAY_WEEK,HOUR,MINUTE,NHS,RUR_URB,FUNC_SYS,RD_OWNER,ROUTE,TWAY_ID,TWAY_ID2,MILEPT,LATITUDE,LONGITUD,SP_JUR,HARM_EV,MAN_COLL,RELJCT1,RELJCT2,TYP_INT,WRK_ZONE,REL_ROAD,LGT_COND,WEATHER1,WEATHER2,WEATHER,SCH_BUS,RAIL,NOT_HOUR,NOT_MIN,ARR_HOUR,ARR_MIN,HOSP_HR,HOSP_MN,CF1,CF2,CF3,FATALS,DRUNK_DR,RANK
13,131368,1,1,0,0,0,1,1,211,0,13,12,2016,3,7,57,0,1,4,1,3,SR-83,,70,33.534,-83.52,0,35,0,0,1,1,0,4,1,2,0,2,0,0,99,98,99,98,88,88,0,0,0,1,1,2
13,131374,2,2,0,0,0,3,3,45,0,15,12,2016,5,17,40,0,1,4,1,3,SR-166,,277,33.604,-84.907,0,12,2,0,1,1,0,1,5,1,0,1,0,0,17,46,17,57,18,42,0,0,0,3,0,1
13,131378,2,2,0,0,0,2,2,67,3440,23,12,2016,6,8,58,1,2,1,1,1,I-75,,36,33.917,-84.482,0,12,1,0,1,1,1,1,1,1,0,1,0,0,99,98,99,98,88,88,0,0,0,1,0,2
13,131381,2,2,0,0,0,2,2,67,0,15,12,2016,5,0,21,1,2,3,2,3,SR-3,BLUE SPRINGS ROAD,165,34.029,-84.65,0,12,1,0,3,2,0,1,2,1,0,1,0,0,0,23,0,24,1,1,0,0,0,1,0,2
13,131382,2,2,0,0,0,2,2,199,0,15,12,2016,5,7,26,0,1,4,1,3,SR-41,,225,33.117,-84.727,0,12,2,0,1,1,0,1,1,1,0,1,0,0,99,99,99,99,88,88,0,0,0,1,0,1
13,131384,2,2,0,0,0,2,2,105,1950,16,12,2016,6,11,11,1,2,3,1,3,SR-17,,109,34.106,-82.854,0,12,6,0,8,1,0,1,1,1,0,1,0,0,11,7,11,12,11,37,0,0,0,1,0,2
13,131386,2,2,0,0,0,6,6,69,0,17,12,2016,7,10,2,1,1,3,1,3,SR-31,,119,31.58,-82.853,0,12,8,0,1,1,0,1,1,1,0,1,0,0,10,5,10,11,10,52,0,0,0,1,0,2
13,131388,2,2,0,0,0,6,6,89,1610,17,12,2016,7,3,40,1,2,1,1,1,I-20,,116,33.703,-84.17,0,12,7,0,1,1,0,1,3,1,0,1,0,0,99,99,99,99,99,99,0,0,0,1,1,1
13,131389,1,1,0,0,0,2,2,171,0,17,12,2016,7,4,5,0,1,4,1,3,SR-18,,96,33.051,-84.113,0,38,0,0,1,1,0,4,2,1,0,1,0,0,4,17,4,18,5,21,0,0,0,1,1,2
13,131390,1,1,0,1,1,1,1,179,2730,17,12,2016,7,20,5,0,2,4,1,3,SR-119,HEARN ROAD,176,31.827,-81.62,0,8,0,0,3,3,0,1,3,1,0,1,0,0,20,5,20,10,20,24,0,0,0,1,0,2
13,131391,2,2,0,0,0,2,2,319,108,17,12,2016,7,18,50,1,1,3,1,3,SR-96,SR-29,81,32.74,-83.155,0,12,6,0,2,2,0,1,2,1,0,1,0,0,18,58,19,25,19,56,0,0,0,1,0,2
13,131393,1,1,0,0,0,1,1,73,0,18,12,2016,1,21,37,1,2,1,1,1,I-20,,156,33.484,-82.195,0,35,0,0,1,1,0,4,2,2,0,2,0,0,21,38,21,47,88,88,0,0,0,1,0,1
13,131396,2,2,0,0,0,3,3,153,0,18,12,2016,1,19,10,1,1,1,1,1,I-75,,63,32.382,-83.768,0,12,1,0,1,1,0,1,2,2,0,2,0,0,19,20,19,24,20,55,0,0,0,1,0,2
13,131401,2,2,0,0,0,2,2,269,4620,20,12,2016,3,12,10,1,1,3,1,3,SR-96,,188,32.558,-84.099,0,12,6,0,1,1,0,1,1,10,0,10,0,0,12,9,12,22,13,2,0,0,0,1,0,2
13,131403,1,1,0,1,1,1,1,111,560,21,12,2016,4,19,55,1,1,3,1,3,SR-2,,58,34.886,-84.291,0,9,0,0,1,1,0,1,2,10,0,10,1,0,99,98,99,98,88,88,0,0,0,1,0,2
13,131404,1,1,0,0,0,1,1,123,2000,21,12,2016,4,12,50,0,1,4,1,3,SR-52,,117,34.712,-84.499,0,32,0,0,1,1,0,4,1,1,0,1,0,0,99,99,99,99,88,88,0,0,0,1,0,0
13,131405,4,4,0,0,0,5,5,135,800,21,12,2016,4,9,40,0,2,4,1,3,SR-13,HAMILTON MILL ROAD,210,34.115,-83.995,0,12,6,0,2,2,0,1,1,1,0,1,0,0,9,44,9,49,10,24,0,0,0,1,0,2
13,131409,1,1,0,0,0,1,1,261,0,21,12,2016,4,15,8,0,1,4,1,3,SR-30,,39,32.136,-84.376,0,32,0,0,1,1,0,4,1,1,0,1,0,0,99,98,99,98,88,88,0,0,0,1,1,1
13,131410,2,2,0,0,0,2,2,275,0,21,12,2016,4,8,48,0,1,4,1,3,SR-122,,132,30.947,-83.756,0,12,1,0,1,1,0,1,1,1,0,1,0,0,9,7,9,21,10,2,0,0,0,1,0,2
13,131411,1,1,0,1,1,1,1,3,5960,23,12,2016,6,19,15,0,1,4,1,3,SR-135,,18,31.328,-83.048,0,8,0,0,1,1,0,1,2,10,0,10,0,0,99,98,99,98,88,88,0,0,0,1,0,1
13,131412,2,2,0,0,0,4,4,223,0,23,12,2016,6,0,44,1,2,3,1,3,SR-92,BILL CARRUTH PARKWAY,49,33.857,-84.758,0,12,6,0,2,2,0,1,2,1,0,1,0,0,0,38,0,39,1,12,0,0,0,1,0,2
13,131416,1,1,0,1,1,1,1,151,3360,24,12,2016,7,6,29,1,2,3,1,3,SR-155,,72,33.426,-84.144,0,8,0,0,1,1,0,1,2,10,0,10,0,0,7,0,7,40,88,88,0,0,0,1,0,1
13,131418,1,1,0,0,0,1,1,19,0,25,12,2016,1,9,52,0,1,4,1,3,SR-11,,143,31.251,-83.241,0,53,0,0,1,1,0,4,1,1,0,1,0,0,99,99,99,99,99,99,0,0,0,1,0,2
13,131419,1,1,0,0,0,1,1,175,0,25,12,2016,1,13,25,1,2,1,1,1,I-16,,138,32.5,-82.992,0,42,0,0,1,1,0,4,1,1,0,1,0,0,99,98,99,98,88,88,0,0,0,1,0,1
13,131421,2,2,0,0,0,4,4,57,0,26,12,2016,2,20,43,1,1,3,1,3,SR-20,,55,34.218,-84.575,0,24,0,0,1,1,0,4,2,10,0,10,0,0,20,46,20,53,21,29,0,0,0,1,0,2
13,131425,2,2,0,0,0,2,2,89,0,27,12,2016,3,12,6,0,2,7,1,3,SR-42,HENRICO ROAD,0,33.671,-84.341,0,12,6,0,2,2,0,1,1,1,0,1,0,0,12,11,12,20,12,40,0,0,0,1,0,1
13,131426,3,1,2,3,3,1,1,267,4580,27,12,2016,3,16,59,0,1,4,1,3,SR-23,,208,32.08,-82.11,0,14,0,0,1,1,0,5,1,1,0,1,0,0,16,57,17,1,17,16,0,0,0,1,0,0
13,131430,1,1,0,0,0,1,1,135,0,29,12,2016,5,5,18,0,2,4,1,3,SR-124,,273,34.074,-83.872,0,53,0,0,1,1,0,4,3,2,0,2,0,0,5,16,5,23,88,88,0,0,0,1,1,1
13,131431,3,3,0,0,0,5,5,277,0,29,12,2016,5,14,5,1,1,3,1,3,SR-520,SALEM CHURCH ROAD,53,31.438,-83.565,0,12,6,0,2,3,0,1,1,1,0,1,0,0,99,98,99,98,88,88,0,0,0,2,0,2
13,131433,1,1,0,1,1,1,1,185,0,31,12,2016,7,0,45,1,2,3,1,3,SR-38,,80,30.815,-83.323,0,9,0,0,1,1,0,1,2,1,0,1,0,0,99,98,99,98,88,88,0,0,0,1,0,2
15,150005,1,1,0,1,1,1,1,3,9200,6,1,2016,4,13,50,1,2,3,1,3,SR-93,,0,21.44,-158.186,0,8,0,0,1,1,0,1,1,1,0,1,0,0,13,52,14,1,14,46,0,0,0,1,1,0
15,150006,1,1,0,1,1,1,1,3,9200,5,1,2016,3,22,49,1,2,3,1,3,SR-93,,0,21.448,-158.189,0,8,0,0,1,1,0,1,3,1,0,1,0,0,22,50,22,52,23,45,0,0,0,1,0,0
15,150008,1,1,0,0,0,4,4,1,4150,15,2,2016,2,3,59,1,1,3,1,3,SR-11,,90,19.602,-155.053,0,34,0,0,1,1,0,4,3,1,0,1,0,0,4,0,4,6,4,30,0,0,0,1,0,2
15,150009,1,1,0,0,0,2,2,9,6260,28,2,2016,1,3,4,1,1,3,1,3,SR-30,SR-310,53,20.812,-156.507,0,33,0,0,3,3,0,4,3,1,0,1,0,0,3,4,3,13,3,40,0,0,0,1,1,1
15,150010,1,1,0,1,1,1,1,3,9200,28,2,2016,1,1,10,1,2,3,1,3,SR-93,,0,21.47,-158.216,0,8,0,0,1,1,0,1,3,1,0,1,0,0,1,18,1,30,2,21,0,0,0,1,1,0
15,150012,1,1,0,1,1,1,1,1,3400,7,2,2016,1,1,40,1,2,3,1,3,SR-19,,0,20.023,-155.678,0,8,0,0,1,1,0,2,2,10,2,2,0,0,1,21,1,26,1,50,0,0,0,1,1,2
15,150013,2,2,0,0,0,2,2,1,3000,3,3,2016,5,1,2,1,2,3,1,3,SR-11,,810,19.852,-155.913,0,12,2,0,1,1,0,1,2,1,0,1,0,0,1,4,1,16,1,45,0,0,0,2,0,2
15,150017,2,2,0,0,0,2,2,9,8500,30,3,2016,4,5,26,1,2,3,1,3,SR-37,SR-367,56,20.829,-156.33,0,12,2,1,2,4,0,1,3,1,0,1,0,0,5,26,5,42,88,88,0,0,0,1,0,1
15,150019,1,1,0,1,1,1,1,1,4150,27,3,2016,1,20,30,9,2,4,1,3,SR-130,,99999,19.57,-154.999,0,8,0,0,1,1,0,2,3,1,0,1,0,0,99,99,99,99,88,88,0,0,0,1,0,2
15,150023,1,1,0,0,0,1,1,7,6200,8,3,2016,3,8,10,1,1,3,1,3,SR-50,,50,21.962,-159.442,0,58,0,0,1,1,2,1,1,2,0,2,0,0,8,13,8,25,9,23,3,0,0,1,0,0
15,150025,1,1,0,0,0,1,1,3,3500,27,3,2016,1,14,4,1,2,3,1,3,SR-63,,99999,21.395,-157.811,0,57,0,0,1,1,0,4,1,1,0,1,0,0,14,4,14,14,14,40,0,0,0,1,0,2
15,150027,1,1,0,1,1,2,2,3,9400,16,4,2016,7,21,45,1,2,3,1,3,SR-72,,99999,21.33,-157.693,0,8,0,0,1,1,0,1,3,2,10,2,0,0,21,50,21,54,22,30,0,0,0,1,0,2
15,150029,1,1,0,1,1,1,1,3,9200,24,4,2016,1,20,36,1,2,3,1,3,SR-93,,99999,21.374,-158.138,0,8,0,0,1,1,0,1,3,1,0,1,0,0,20,36,20,41,88,88,0,0,0,1,1,0
15,150032,1,1,0,0,0,1,1,1,3002,17,4,2016,1,9,43,1,1,3,1,3,SR-19,,227,19.799,-155.853,0,17,0,0,1,1,0,4,1,1,0,1,0,0,9,42,9,58,10,25,0,0,0,1,0,2
15,150033,1,1,0,0,0,1,1,1,3002,25,4,2016,2,6,37,1,2,3,1,3,SR-19,,980,19.671,-156.015,0,30,0,0,1,1,0,4,3,1,0,1,0,0,6,38,6,40,7,0,0,0,0,1,0,2
15,150039,1,1,0,1,1,1,1,3,9200,26,5,2016,5,6,55,1,2,3,1,3,SR-93,CR-ARMY STREET,99999,21.447,-158.189,0,8,0,0,2,3,0,1,1,1,0,1,0,0,7,0,7,6,7,58,0,0,0,1,0,0
15,150040,2,2,0,0,0,3,3,7,4700,27,2,2016,7,15,16,1,2,3,1,3,SR-50,KIKIAOLA BOAT HARBOR ENTRANCE,245,21.961,-159.69,0,12,6,0,3,3,0,1,1,1,0,1,0,0,15,17,15,21,16,12,0,0,0,1,0,0
15,150042,2,2,0,0,0,3,3,1,6700,17,6,2016,6,17,0,1,1,3,1,3,SR-11,,210,19.465,-155.166,0,12,8,0,1,1,0,1,1,1,0,1,0,0,17,1,17,13,17,47,0,0,0,1,1,2
15,150044,1,1,0,1,1,1,1,7,6200,9,4,2016,7,22,30,1,2,3,1,3,SR-51,,30,21.993,-159.344,0,8,0,0,1,1,0,1,2,10,0,10,0,0,22,33,22,40,22,54,0,0,0,1,0,2
15,150045,1,1,0,0,0,1,1,7,3800,23,5,2016,2,13,0,1,1,3,1,3,SR-50,,180,21.909,-159.6,0,35,0,0,1,1,0,4,1,1,0,1,0,0,13,0,13,7,13,42,0,0,0,1,0,0
15,150047,1,1,0,0,0,1,1,3,9200,26,6,2016,1,2,20,1,2,3,1,3,SR-93,,0,21.346,-158.123,0,41,0,1,5,1,0,3,3,1,0,1,0,0,2,20,2,25,88,88,0,0,0,1,0,0
15,150048,2,2,0,0,0,3,3,3,2790,1,7,2016,6,0,1,1,2,3,1,3,SR-83,,0,21.48,-157.845,0,12,2,0,1,1,0,1,3,1,0,1,0,0,0,1,0,8,99,99,0,0,0,2,1,2
15,150051,1,1,0,1,1,1,1,3,9200,3,7,2016,1,21,58,1,2,3,1,3,SR-93,,0,21.44,-158.186,0,8,0,0,1,1,0,1,3,1,0,1,0,0,22,0,22,3,22,31,0,0,0,1,0,0
15,150052,1,1,0,1,1,1,1,3,9200,4,7,2016,2,23,0,1,2,3,1,3,SR-93,,0,21.396,-158.162,0,8,0,0,1,1,0,1,3,1,0,1,0,0,23,1,23,4,23,34,0,0,0,1,0,0
15,150055,2,2,0,0,0,2,2,7,8375,16,4,2016,7,18,0,1,1,3,1,3,SR-56,,260,22.214,-159.44,0,12,6,0,1,1,0,1,1,2,0,2,0,0,18,1,18,9,18,54,0,0,0,1,1,2
15,150056,2,2,0,0,0,3,3,3,3000,30,6,2016,5,20,55,1,2,3,1,3,SR-61,SR-83,0,21.375,-157.781,0,12,6,1,2,2,0,1,3,1,0,1,0,0,20,57,21,3,21,30,0,0,0,1,0,2
15,150058,1,1,0,0,0,1,1,9,5600,6,8,2016,7,23,10,1,1,3,1,3,SR-30,,150,20.812,-156.623,0,24,0,0,1,1,0,4,3,1,0,1,0,0,23,11,23,24,88,88,0,0,0,1,1,1
15,150063,1,1,0,0,0,1,1,3,3000,12,8,2016,6,11,50,1,2,3,1,3,SR-72,,0,21.379,-157.777,0,24,0,0,1,1,0,4,1,1,0,1,0,0,11,50,11,56,12,18,0,0,0,1,0,2
15,150071,2,2,0,0,0,3,3,3,9200,10,9,2016,7,5,7,1,2,3,1,3,SR-93,CR- NANAKULI AVE,99999,21.379,-158.142,0,12,6,0,2,3,0,1,3,1,0,1,0,0,5,7,5,16,5,54,0,0,0,1,2,0
15,150072,1,1,0,1,1,1,1,3,9400,11,9,2016,1,4,46,1,2,3,1,3,SR-72,,99999,21.332,-157.697,0,8,0,0,1,1,0,1,3,1,0,1,0,0,4,46,4,52,5,12,0,0,0,1,0,2
15,150075,1,1,0,0,0,1,1,1,6700,26,8,2016,6,22,27,1,1,3,1,3,SR-11,CR-GLENWOOD ROAD,198,19.486,-155.153,0,39,0,0,3,2,0,4,2,1,0,1,0,0,22,34,22,45,88,88,0,0,0,1,0,2
15,150076,1,1,0,0,0,1,1,1,300,29,8,2016,2,2,57,1,1,3,1,3,SR-11,,850,19.133,-155.843,0,35,0,0,1,1,0,4,2,1,0,1,0,0,99,99,99,99,88,88,0,0,0,1,0,2
15,150077,2,2,0,0,0,4,4,1,3002,3,9,2016,7,13,20,1,2,3,1,3,SR-11,,99999,19.584,-155.953,0,12,2,0,1,1,0,1,1,1,0,1,0,0,13,28,13,34,13,52,0,0,0,1,0,2
15,150080,1,1,0,0,0,1,1,1,4300,2,10,2016,1,2,36,1,2,3,1,3,SR-11,,1140,19.543,-155.929,0,30,0,0,1,1,0,4,6,1,0,1,0,0,2,37,2,43,99,99,0,0,0,1,1,2
15,150087,2,2,0,0,0,4,4,9,6260,1,11,2016,3,6,33,1,1,3,1,3,SR-30,,91,20.781,-156.545,0,12,6,0,1,1,0,1,1,1,0,1,0,0,6,34,6,46,7,39,0,0,0,1,0,1
15,150089,1,1,0,1,1,1,1,9,2900,5,11,2016,7,16,54,0,2,3,1,3,SR-36,CR-AIRPORT ROAD,11,20.884,-156.45,0,8,0,0,2,2,0,1,1,1,0,1,0,0,16,56,17,0,17,20,0,0,0,1,0,1
15,150090,1,1,0,0,0,1,1,1,300,25,10,2016,3,22,13,1,1,3,1,3,SR-11,,1020,19.383,-155.879,0,42,0,0,1,1,0,4,2,1,0,1,0,0,22,17,22,30,99,99,0,0,0,1,1,2
15,150091,1,1,0,1,1,1,1,1,300,2,11,2016,4,13,10,1,1,3,1,3,SR-11,,1060,19.454,-155.88,0,8,0,0,1,1,0,1,1,1,0,1,0,0,13,12,13,16,13,29,0,0,0,1,0,2
15,150096,1,1,0,1,1,1,1,9,4800,27,11,2016,1,20,50,1,2,3,1,3,SR-31,CR-UWAPO ROAD,39,20.782,-156.458,0,8,0,0,2,4,0,1,3,1,0,1,0,0,20,51,20,54,20,59,0,0,0,1,0,2
15,150097,2,2,0,0,0,4,4,3,2790,19,11,2016,7,20,45,1,2,3,1,3,SR-83,,99999,21.48,-157.845,0,12,2,0,1,1,0,1,3,2,0,2,0,0,20,59,21,27,99,99,0,0,0,1,0,2
15,150098,1,1,0,0,0,3,3,3,3627,28,11,2016,2,23,15,1,2,3,1,3,SR-93,,0,21.346,-158.068,0,33,0,0,1,1,0,4,3,1,0,1,0,0,23,21,23,23,88,88,0,0,0,3,0,0
15,150099,2,2,0,0,0,3,3,3,2760,30,11,2016,4,5,0,1,2,3,1,3,SR-83,,0,21.554,-157.871,0,12,2,0,1,1,0,1,3,1,0,1,0,0,5,21,5,42,99,99,0,0,0,1,0,2
15,150101,2,2,0,3,3,4,4,3,9400,5,12,2016,2,18,45,1,2,3,1,3,SR-72,CR-OLUOLU STREET,0,21.333,-157.698,0,8,0,0,2,2,0,1,3,1,0,1,0,0,18,49,19,0,19,24,0,0,0,1,1,2
15,150104,2,2,0,0,0,3,3,1,3002,1,12,2016,5,12,35,1,2,3,1,3,SR-190,,315,19.743,-155.975,0,12,6,0,1,1,0,1,1,1,0,1,0,0,12,36,12,51,99,99,0,0,0,2,0,0
15,150105,2,2,0,0,0,3,3,1,4150,15,12,2016,5,6,37,1,2,3,1,3,SR-130,CR-SHOWER DRIVE,37,19.583,-155.009,0,12,6,0,2,2,0,1,1,1,0,1,0,0,6,38,6,48,7,21,0,0,0,1,0,2
15,150112,2,2,0,0,0,3,3,7,9997,16,12,2016,6,14,40,1,1,3,1,3,SR-56,CR-S. KALIHIWAI ROAD,243,22.213,-159.418,0,12,6,0,2,3,0,1,1,10,0,10,0,0,14,44,15,53,88,88,0,0,0,1,1,2
16,160001,2,2,0,0,0,3,3,39,1150,8,1,2016,6,8,58,1,1,1,1,1,I-84,,778,43.305,-115.911,0,12,6,0,1,1,0,1,1,1,0,1,0,0,8,58,9,18,99,99,0,0,0,1,0,1
16,160002,1,1,0,0,0,1,1,9,1620,4,1,2016,2,99,99,0,1,4,1,3,SR-5,,122,47.332,-116.68,0,35,0,0,1,1,0,4,9,99,0,99,0,0,15,15,15,20,88,88,18,0,0,1,0,1
16,160004,2,2,0,0,0,4,4,17,398,16,1,2016,7,11,14,1,1,3,1,2,US-2,,215,48.252,-116.689,0,12,6,0,1,1,0,1,1,10,4,4,0,0,11,14,11,24,99,99,0,0,0,1,0,0
16,160005,2,2,0,0,0,3,3,53,830,25,1,2016,2,1,11,1,1,1,1,1,I-84,,1642,42.732,-114.562,0,12,2,0,1,1,0,1,2,1,0,1,0,0,1,12,1,21,99,99,20,0,0,1,1,1
16,160007,1,1,0,1,1,1,1,83,1830,23,1,2016,7,5,53,1,1,3,1,2,US-30,,2102,42.564,-114.612,0,8,0,0,8,1,0,1,2,10,0,10,0,0,88,88,88,88,88,88,0,0,0,1,0,0
16,160011,2,2,0,1,1,1,1,79,0,1,2,2016,2,14,19,1,1,1,1,1,I-90,,722,47.46,-115.723,0,12,7,0,1,1,0,1,1,4,10,4,0,0,14,22,14,40,99,99,23,0,0,1,0,0
16,160012,2,2,0,0,0,5,5,27,210,5,2,2016,6,18,38,1,1,3,1,3,SR-55,,60,43.593,-116.792,0,12,2,0,1,1,0,1,2,5,0,5,0,0,18,38,18,44,99,99,0,0,0,2,1,2
16,160014,2,2,0,0,0,2,2,79,1670,7,2,2016,1,19,43,1,1,1,1,1,I-90,,451,47.545,-116.231,0,12,2,0,1,1,0,1,2,10,0,10,0,0,19,52,20,12,99,99,0,0,0,1,0,0
16,160015,2,2,0,0,0,2,2,11,91,10,2,2016,4,18,57,1,1,3,1,2,US-26,,2909,43.333,-112.595,0,12,1,0,1,1,0,1,2,1,0,1,0,0,18,57,19,9,99,99,0,0,0,1,0,0
16,160019,1,1,0,0,0,2,2,31,200,22,2,2016,2,2,43,1,1,3,1,2,US-30,,2451,42.489,-114.008,0,34,0,0,1,1,0,4,2,10,0,10,0,0,2,45,3,0,88,88,0,0,0,1,0,0
16,160021,2,2,0,0,0,2,2,43,805,25,2,2016,5,18,18,1,1,3,1,2,US-20,,3762,44.287,-111.462,1,12,2,0,1,1,0,1,5,1,0,1,0,0,18,18,18,52,88,88,0,0,0,1,0,0
16,160022,2,2,0,0,0,2,2,35,1300,2,3,2016,4,11,52,1,2,3,1,2,US-12,115TH ST,414,46.496,-116.3,0,12,6,0,2,3,0,1,1,1,0,1,0,0,11,40,11,56,99,99,0,0,0,1,0,0
16,160023,1,1,0,0,0,1,1,13,0,5,3,2016,7,2,0,0,1,4,1,3,SR-75,,1052,43.377,-114.267,0,1,0,0,1,1,0,4,2,1,0,1,0,0,2,19,2,32,88,88,0,0,0,1,1,1
16,160024,1,1,0,0,0,1,1,27,210,5,3,2016,7,16,56,1,2,1,1,1,I-84,,305,43.639,-116.641,0,1,0,0,1,1,0,2,1,1,0,1,0,0,16,56,17,3,99,99,0,0,0,1,0,1
16,160028,2,2,0,0,0,4,4,5,940,20,3,2016,1,15,5,1,1,3,1,2,US-30,,3704,42.624,-112.022,0,12,2,0,1,1,0,1,1,1,0,1,0,0,15,9,15,17,99,99,0,0,0,2,0,0
16,160032,2,2,0,0,0,4,4,27,1200,29,3,2016,3,5,15,1,2,1,1,1,I-84,NORTHSIDE BLVD,192,43.601,-116.572,0,12,11,1,18,1,0,1,3,1,0,1,0,0,5,15,5,21,99,99,0,0,0,1,0,1
16,160035,1,1,0,0,0,1,1,37,0,1,4,2016,6,1,54,1,1,3,1,2,US-93,,1159,43.974,-113.721,0,34,0,0,1,1,0,4,2,1,0,1,0,0,1,54,2,12,88,88,0,0,0,1,1,0
16,160036,2,2,0,0,0,2,2,21,0,1,4,2016,6,14,20,1,1,3,1,2,US-95,,4930,48.518,-116.443,0,12,2,0,1,1,0,1,1,1,0,1,0,0,13,43,13,51,99,99,0,0,0,1,0,0
16,160037,2,2,0,0,0,2,2,55,0,7,4,2016,5,13,43,0,1,5,1,3,SR-58,,9,47.429,-117.026,3,12,2,0,1,1,0,2,1,1,0,1,0,0,13,43,13,51,99,99,0,0,0,1,0,1
16,160040,2,2,0,0,0,2,2,23,0,10,4,2016,1,18,40,1,1,3,1,2,US-93,,2321,43.491,-113.536,0,12,1,0,1,1,0,1,1,1,0,1,0,0,18,43,18,57,99,99,0,0,0,1,1,0
16,160043,1,1,0,0,0,1,1,31,0,19,4,2016,3,3,33,1,1,1,1,1,I-84,,2589,42.2,-113.026,0,73,0,0,1,1,0,1,2,1,0,1,0,0,3,33,4,6,88,88,0,0,0,1,0,1
16,160044,1,1,0,0,0,2,2,1,0,21,4,2016,5,3,9,1,1,1,1,1,I-84,,639,43.459,-116.088,0,24,0,0,1,1,0,3,2,1,0,1,0,0,3,28,3,44,99,99,0,0,0,1,0,1
16,160045,2,2,0,0,0,2,2,27,210,22,4,2016,6,16,12,1,2,1,1,1,I-84,,292,43.655,-116.654,0,12,1,0,1,1,0,1,2,10,0,10,0,0,4,13,4,20,99,99,0,0,0,1,1,1
16,160048,1,1,0,0,0,1,1,75,0,27,4,2016,4,15,31,1,1,1,1,1,I-84,,102,43.897,-116.807,0,1,0,0,1,1,0,3,1,1,0,1,0,0,15,31,15,40,88,88,0,0,0,1,0,1
16,160049,2,2,0,0,0,2,2,51,0,27,4,2016,4,16,22,1,1,1,1,1,I-15,,1402,43.793,-112.175,0,12,1,0,1,1,0,1,1,1,0,1,0,0,16,24,16,32,88,88,0,0,0,1,0,1
16,160050,1,1,0,0,0,1,1,11,130,28,4,2016,5,7,59,1,1,3,1,2,US-26,,2967,43.279,-112.509,0,1,0,0,1,1,0,4,1,1,0,1,0,0,8,1,8,10,99,99,0,0,0,1,1,0
16,160055,2,2,0,0,0,2,2,47,0,11,5,2016,4,9,25,0,1,5,1,3,SR-46,,1046,42.824,-114.707,0,12,6,0,1,1,0,2,1,1,0,1,0,0,9,26,9,36,88,88,0,0,0,1,0,1
16,160057,2,2,0,0,0,3,3,1,0,13,5,2016,6,17,57,1,1,3,1,3,SR-21,GRAND FOREST DR,19,43.544,-116.124,0,1,0,0,1,1,0,1,1,1,0,1,0,0,17,58,18,13,99,99,0,0,0,1,0,2
16,160058,2,2,0,0,0,2,2,75,0,14,5,2016,7,16,13,1,1,3,1,2,US-95,,720,44.125,-116.903,0,12,2,0,1,1,0,1,1,1,0,1,0,0,16,14,16,18,88,88,0,0,0,1,1,0
16,160059,1,1,0,0,0,3,3,63,0,14,5,2016,7,22,1,0,1,4,1,3,SR-75,,750,42.956,-114.403,0,1,0,0,1,1,0,1,2,10,0,10,0,0,22,5,22,8,99,99,0,0,0,1,1,1
16,160062,1,1,0,0,0,2,2,49,981,17,5,2016,3,19,7,1,1,3,1,2,US-95,,2110,45.643,-116.289,0,1,0,0,1,1,0,6,1,1,0,1,0,0,19,8,19,35,88,88,0,0,0,2,0,0
16,160063,1,1,0,0,0,1,1,57,0,18,5,2016,4,18,5,0,1,5,3,3,SR-99,,24,46.629,-116.698,0,35,0,0,1,1,0,4,1,1,0,1,0,0,18,99,18,22,99,99,0,0,0,1,1,2
16,160065,2,1,1,0,1,2,3,53,0,21,5,2016,7,18,5,1,1,1,1,1,I-84,,1809,42.584,-114.313,0,14,0,0,1,1,0,2,1,3,2,3,0,0,18,9,18,17,99,99,19,0,0,1,0,1
16,160071,2,2,0,0,0,2,2,83,730,28,5,2016,7,4,42,1,1,3,1,2,US-30,,301,42.401,-114.575,0,12,2,0,1,1,0,1,2,1,0,1,0,0,4,43,5,13,88,88,0,0,0,1,1,0
16,160073,2,2,0,0,0,2,2,27,0,30,5,2016,2,16,7,1,1,3,1,2,US-95,LOWER PLEASANT RIDGE RD,379,43.661,-116.912,0,12,6,0,2,2,0,1,1,1,0,1,0,0,16,9,16,14,99,99,0,0,0,1,0,0
16,160074,2,2,0,0,0,4,4,83,0,30,5,2016,2,21,57,1,1,3,1,3,SR-50,3800 EAST RD,33,42.56,-114.306,0,12,6,0,2,2,0,1,2,1,0,1,0,0,22,5,22,12,99,99,0,0,0,1,1,0
16,160075,1,1,0,0,0,6,6,15,0,2,6,2016,5,20,37,1,1,3,1,3,SR-55,,677,43.957,-116.195,0,35,0,0,1,1,0,4,2,1,0,1,0,0,20,37,20,42,99,99,0,0,0,1,0,2
16,160077,2,2,0,0,0,3,3,53,0,6,6,2016,2,20,31,1,1,1,1,1,I-84,,1905,42.575,-114.109,0,12,1,0,1,1,0,1,1,7,2,2,0,0,20,35,20,38,99,99,19,23,0,1,0,1
16,160078,1,1,0,0,0,3,3,53,0,8,6,2016,4,1,15,1,1,1,1,1,I-84,,1947,42.576,-114.046,0,1,0,0,1,1,0,4,2,1,0,1,0,0,1,25,1,47,99,99,0,0,0,1,0,1
16,160079,1,1,0,0,0,2,2,5,0,9,6,2016,5,13,5,1,1,1,1,1,I-15,,301,42.419,-112.188,0,1,0,0,1,1,0,4,1,1,0,1,0,0,13,8,13,21,99,99,0,0,0,1,0,1