STATE,ST_CASE,VE_TOTAL,VE_FORMS,PVH_INVL,PEDS,PERNOTMVIT,PERMVIT,PERSONS,COUNTY,CITY,DAY,MONTH,YEAR,DAY_WEEK,HOUR,MINUTE,NHS,RUR_URB,FUNC_SYS,RD_OWNER,ROUTE,TWAY_ID,TWAY_ID2,MILEPT,LATITUDE,LONGITUD,SP_JUR,HARM_EV,MAN_COLL,RELJCT1,RELJCT2,TYP_INT,WRK_ZONE,REL_ROAD,LGT_COND,WEATHER1,WEATHER2,WEATHER,SCH_BUS,RAIL,NOT_HOUR,NOT_MIN,ARR_HOUR,ARR_MIN,HOSP_HR,HOSP_MN,CF1,CF2,CF3,FATALS,DRUNK_DR,RANK
16,160080,1,1,0,0,0,1,1,37,1720,9,6,2016,5,15,34,0,1,4,1,3,SR-75,,2023,44.271,-114.737,0,35,0,0,1,1,0,4,1,10,0,10,0,0,15,34,15,40,99,99,0,0,0,1,0,1
16,160082,1,1,0,0,0,4,4,39,0,10,6,2016,6,20,29,1,1,1,1,1,I-84,,758,43.328,-115.936,0,1,0,0,1,1,0,4,5,1,0,1,0,0,20,33,20,51,99,99,0,0,0,1,0,1
16,160085,1,1,0,0,0,2,2,53,0,15,6,2016,4,10,17,1,1,1,1,1,I-84,,1865,42.576,-114.196,0,38,0,0,1,1,0,4,1,10,0,10,0,0,10,17,10,30,99,99,0,0,0,1,0,1
16,160086,2,2,0,0,0,6,6,1,435,17,6,2016,6,17,29,0,1,3,1,3,SR-16,,1041,43.75,-116.46,0,12,2,0,1,1,0,1,1,1,0,1,0,0,17,38,17,45,99,99,0,0,0,1,0,2
16,160088,1,1,0,0,0,1,1,31,0,21,6,2016,3,5,43,1,1,1,1,1,I-84,,2216,42.573,-113.523,0,1,0,1,19,1,0,4,2,1,0,1,0,0,5,45,6,3,88,88,0,0,0,1,0,1
16,160089,1,1,0,0,0,1,1,59,1630,20,6,2016,2,12,9,1,1,3,1,2,US-93,,3189,45.353,-113.925,0,1,0,0,1,1,0,4,1,10,0,10,0,0,12,9,12,26,88,88,0,0,0,1,1,0
16,160094,1,1,0,0,0,3,3,63,0,25,6,2016,7,5,43,0,1,5,1,3,SR-24,,342,42.837,-113.794,0,1,0,0,1,1,0,5,4,1,0,1,0,0,5,50,6,18,99,99,0,0,0,1,1,2
16,160096,1,1,0,0,0,1,1,7,0,25,6,2016,7,21,15,1,1,3,1,2,US-89,,25,42.035,-111.396,0,42,0,0,1,1,0,4,3,1,0,1,0,0,21,17,21,42,99,99,0,0,0,1,1,0
16,160098,1,1,0,0,0,3,3,47,0,26,6,2016,1,2,52,0,1,4,1,2,US-26,,1423,42.924,-114.866,0,1,0,0,1,1,0,4,2,1,0,1,0,0,2,55,3,2,99,99,0,0,0,1,0,0
16,160099,2,2,0,0,0,2,2,31,0,26,6,2016,1,7,51,0,1,6,1,3,SR-81,,314,42.517,-113.729,0,12,6,0,1,1,0,1,1,1,0,1,0,0,7,51,8,10,99,99,0,0,0,1,0,2
16,160100,3,3,0,0,0,8,8,15,0,26,6,2016,1,11,58,1,1,3,1,3,SR-55,,700,43.986,-116.188,0,12,6,0,1,1,0,1,1,1,0,1,0,0,12,17,12,31,99,99,0,0,0,1,1,2
16,160102,2,2,0,0,0,3,3,3,0,29,6,2016,4,16,52,1,1,3,1,2,US-95,,1558,44.982,-116.368,0,12,8,0,1,1,0,1,1,1,0,1,0,0,16,56,17,17,88,88,0,0,0,1,0,0
16,160107,1,1,0,0,0,2,2,83,0,4,7,2016,2,17,45,0,1,4,1,2,US-30,,1860,42.752,-114.868,0,35,0,0,1,1,0,4,1,1,0,1,0,0,17,46,17,52,99,99,0,0,0,1,1,0
16,160108,1,1,0,0,0,7,7,49,0,5,7,2016,3,14,50,1,1,3,1,2,US-95,,2268,45.799,-116.29,0,1,0,0,1,1,0,4,1,10,0,10,0,0,14,50,15,11,99,99,0,0,0,1,0,0
16,160110,1,1,0,0,0,1,1,1,160,8,7,2016,6,22,29,1,1,1,1,1,I-84,,590,43.51,-116.144,0,1,0,1,18,1,0,1,3,1,0,1,0,0,22,30,22,36,88,88,0,0,0,1,0,1
16,160113,1,1,0,2,2,1,1,19,790,13,7,2016,4,18,0,1,1,3,1,2,US-26,,3438,43.592,-111.878,0,9,0,0,1,1,0,1,1,1,0,1,0,0,18,24,18,30,99,99,0,0,0,1,0,0
16,160117,1,1,0,0,0,1,1,11,130,16,7,2016,7,6,1,1,1,1,1,1,I-15,,947,43.284,-112.289,0,52,0,0,1,1,0,4,4,1,0,1,0,0,6,1,6,10,88,88,0,0,0,1,1,1
16,160118,1,1,0,0,0,2,2,53,460,16,7,2016,7,12,20,1,1,1,1,1,I-84,,1851,42.576,-114.235,0,31,0,0,1,1,0,4,1,1,0,1,0,0,12,20,12,27,99,99,0,0,0,1,0,1
16,160120,1,1,0,0,0,1,1,1,160,20,7,2016,4,15,55,1,2,1,1,1,I-84,,639,43.459,-116.088,0,24,0,0,1,1,0,3,1,1,0,1,0,0,15,55,16,9,99,99,0,0,0,1,0,1
16,160121,1,1,0,0,0,2,2,79,0,22,7,2016,6,18,10,1,1,1,1,1,I-90,,409,47.552,-116.314,0,31,0,0,1,1,0,3,1,10,2,2,0,0,18,10,18,18,99,99,0,0,0,1,0,0
16,160122,1,1,0,0,0,2,2,11,0,26,7,2016,3,23,40,0,1,4,1,3,SR-39,,137,42.916,-112.85,0,1,0,0,8,1,0,5,3,1,0,1,0,0,23,41,23,48,99,99,0,0,0,1,0,2
16,160123,1,1,0,0,0,1,1,73,0,27,7,2016,4,6,41,0,1,5,1,3,SR-78,,212,43.315,-116.599,0,1,0,0,1,1,0,1,1,1,0,1,0,0,6,41,7,11,88,88,0,0,0,1,0,1
16,160124,2,2,0,0,0,2,2,45,0,28,7,2016,5,12,25,0,1,3,1,3,SR-16,,1102,43.834,-116.473,0,12,2,0,1,1,0,1,1,1,0,1,0,0,12,25,12,30,99,99,0,0,0,1,0,2
16,160125,1,1,0,0,0,2,2,49,0,29,7,2016,6,13,50,0,1,4,1,3,SR-13,,148,46.006,-115.96,0,1,0,0,1,1,0,1,1,1,0,1,0,0,13,50,14,10,99,99,0,0,0,1,0,2
16,160126,2,2,0,0,0,2,2,83,0,30,7,2016,7,23,39,1,1,3,1,2,US-30,,2139,42.564,-114.538,0,12,1,0,8,1,0,1,2,1,0,1,0,0,23,37,23,41,88,88,0,0,0,1,0,0
16,160130,1,1,0,0,0,2,2,83,0,5,8,2016,6,14,55,0,1,4,1,2,US-30,,2086,42.576,-114.634,0,31,0,0,1,1,0,4,1,10,0,10,0,0,14,54,15,1,88,88,0,0,0,2,0,0
16,160131,2,2,0,0,0,2,2,39,656,5,8,2016,6,20,9,1,1,1,1,1,I-84,,1125,42.957,-115.448,0,12,2,0,1,1,0,1,5,10,0,10,0,0,20,10,20,14,99,99,0,0,0,1,0,1
16,160132,1,1,0,1,1,1,1,39,600,6,8,2016,7,1,29,1,1,1,1,1,I-84,,1185,42.961,-115.34,0,8,0,0,1,1,0,1,2,10,0,10,0,0,1,39,1,43,88,88,0,0,0,1,0,1
16,160136,1,1,0,0,0,1,1,19,810,10,8,2016,4,23,0,1,1,3,1,2,US-26,,3388,43.547,-111.955,0,34,0,0,1,1,0,4,2,1,0,1,0,0,88,88,88,88,88,88,0,0,0,1,0,0
16,160138,1,1,0,0,0,2,2,55,0,14,8,2016,1,22,42,0,1,3,1,3,SR-3,,1037,47.46,-116.611,0,42,0,0,1,1,0,4,2,1,0,1,0,0,22,41,23,12,99,99,0,0,0,1,1,2
16,160140,2,2,0,0,0,3,3,1,1070,18,8,2016,5,7,34,1,2,1,1,1,I-84,,451,43.593,-116.373,0,12,7,0,1,1,0,1,1,1,0,1,0,0,7,35,7,41,99,99,0,0,0,1,0,1
16,160141,2,2,0,0,0,2,2,19,1780,18,8,2016,5,16,23,1,1,3,1,2,US-26,,3752,43.449,-111.371,0,12,2,0,1,1,0,1,1,1,0,1,0,0,16,25,17,3,99,99,0,0,0,1,0,0
16,160143,1,1,0,0,0,2,2,33,0,19,8,2016,6,15,7,1,1,1,1,1,I-15,,1622,44.106,-112.236,0,1,0,0,1,1,0,4,1,1,0,1,0,0,15,7,15,26,99,99,0,0,0,1,0,1
16,160145,1,1,0,0,0,5,5,31,0,21,8,2016,1,22,8,0,1,5,1,3,SR-81,,175,42.532,-113.47,0,1,0,0,1,1,0,1,2,1,0,1,0,0,22,11,22,28,99,99,0,0,0,3,0,2
16,160148,1,1,0,0,0,1,1,1,0,24,8,2016,4,22,58,1,1,1,1,1,I-84,,635,43.464,-116.093,0,1,0,1,5,1,0,8,2,1,0,1,0,0,23,0,23,15,99,99,0,0,0,1,1,1
16,160150,1,1,0,0,0,2,2,53,0,26,8,2016,6,14,38,1,1,1,1,1,I-84,,1773,42.615,-114.369,0,35,0,0,1,1,0,4,1,10,0,10,0,0,14,40,14,47,99,99,0,0,0,1,0,1
16,160151,1,1,0,0,0,1,1,67,720,29,8,2016,2,17,24,1,1,1,1,1,I-84,,2074,42.568,-113.792,0,24,0,1,5,1,0,3,1,1,0,1,0,0,17,22,17,27,99,99,0,0,0,1,0,1
16,160152,1,1,0,0,0,3,3,11,0,3,9,2016,7,6,42,0,1,4,1,3,SR-39,,245,43.06,-112.809,0,35,0,0,1,1,0,4,4,1,0,1,0,0,6,43,6,55,99,99,0,0,0,1,0,2
16,160154,2,2,0,0,0,4,4,49,900,6,9,2016,3,16,50,1,1,3,1,2,US-12,,1222,46.34,-115.313,0,1,0,0,1,1,0,1,1,2,10,2,0,0,17,0,18,0,88,88,0,0,0,1,0,0
16,160155,2,2,0,0,0,2,2,35,1300,7,9,2016,4,14,13,1,1,3,1,2,US-12,,431,46.489,-116.269,0,12,2,0,1,1,0,1,1,1,0,1,0,0,14,14,14,17,99,99,0,0,0,1,0,0
16,160157,1,1,0,0,0,1,1,57,870,15,9,2016,5,7,15,0,1,4,1,3,SR-3,,99998,46.619,-116.641,0,1,0,0,1,1,0,1,1,1,0,1,0,0,7,18,7,28,88,88,0,0,0,1,0,2
16,160158,1,1,0,0,0,1,1,49,9997,16,9,2016,6,14,45,0,1,4,1,3,SR-13,,255,45.977,-115.965,0,42,0,0,1,1,0,4,1,1,0,1,0,0,14,50,15,12,88,88,0,0,0,1,0,2
16,160161,1,1,0,0,0,1,1,1,0,13,9,2016,3,11,8,0,1,3,3,3,SR-16,,99998,43.657,-116.473,0,35,0,0,1,1,0,4,1,1,0,1,0,0,11,8,11,14,99,99,0,0,0,1,0,2
16,160163,1,1,0,1,1,1,1,53,0,20,9,2016,3,4,49,1,1,1,1,1,I-84,,1758,42.624,-114.396,0,8,0,0,1,1,0,1,2,1,0,1,0,0,4,48,4,57,88,88,0,0,0,1,0,1
16,160165,1,1,0,0,0,1,1,49,0,25,9,2016,1,6,13,0,1,5,1,3,SR-14,,106,45.867,-116.021,0,17,0,0,1,1,0,4,4,1,0,1,0,0,88,88,88,88,88,88,0,0,0,1,0,2
16,160166,2,2,0,0,0,2,2,65,1520,28,9,2016,4,10,50,1,1,3,1,2,US-20,,3368,43.864,-111.778,0,12,1,1,18,1,0,1,1,1,0,1,0,0,10,51,10,56,99,99,0,0,0,1,0,0
16,160168,1,1,0,0,0,2,2,33,0,29,9,2016,5,17,15,1,1,1,1,1,I-15,,1742,44.279,-112.216,0,1,0,0,1,1,0,4,1,1,0,1,0,0,17,22,17,36,99,99,0,0,0,1,0,1
16,160169,1,1,0,0,0,1,1,55,0,29,9,2016,5,21,24,1,1,3,1,2,US-95,,4148,47.514,-116.945,0,31,0,0,1,1,0,4,2,10,0,10,0,0,21,40,21,46,88,88,0,0,0,1,1,0
16,160170,2,2,0,0,0,3,3,49,630,30,9,2016,6,5,4,1,1,3,1,2,US-95,,2396,45.925,-116.132,0,12,2,0,1,1,0,1,2,1,0,1,0,0,4,56,5,1,99,99,0,0,0,1,0,0
16,160171,3,3,0,0,0,7,7,27,0,26,9,2016,2,16,12,1,1,3,1,3,SR-44,STONE LN,7,43.706,-116.686,0,12,1,0,3,3,0,1,1,1,0,1,0,0,16,12,16,19,99,99,0,0,0,1,0,2
16,160173,1,1,0,0,0,2,2,47,0,25,9,2016,1,9,30,0,1,4,1,2,US-30,,1744,42.905,-114.929,0,1,0,0,1,1,0,4,1,1,0,1,0,0,9,31,9,31,99,99,0,0,0,1,0,0
16,160178,2,2,0,0,0,4,4,17,0,4,10,2016,3,22,21,1,1,3,1,2,US-95,,4533,48,-116.675,0,12,2,0,1,1,0,1,2,5,0,5,0,0,22,24,22,43,99,99,0,0,0,2,0,0
16,160179,3,3,0,0,0,4,4,61,0,6,10,2016,5,0,37,1,1,3,1,2,US-12,,578,46.312,-116.135,3,12,8,0,1,1,0,1,2,10,0,10,0,0,0,41,1,5,88,88,0,0,0,1,0,0
16,160181,1,1,0,1,1,1,1,55,688,8,10,2016,7,1,37,1,2,3,1,2,US-95,MILES AVE,4352,47.766,-116.791,0,8,0,0,3,2,0,1,2,10,0,10,0,0,1,39,1,46,88,88,0,0,0,1,0,0
16,160182,1,1,0,0,0,1,1,55,0,5,10,2016,4,9,17,1,2,3,1,2,US-95,,4375,47.798,-116.788,0,1,0,0,1,1,0,4,1,10,0,10,0,0,9,18,9,24,88,88,0,0,0,1,0,0
16,160183,1,1,0,0,0,1,1,31,0,9,10,2016,1,18,30,0,1,5,1,3,SR-77,ELBA-ALMO RD,75,42.281,-113.501,0,31,0,0,1,1,0,4,1,1,0,1,0,0,18,31,19,5,88,88,0,0,0,1,0,1
16,160184,3,3,0,0,0,5,5,53,0,6,10,2016,5,20,12,1,1,1,1,1,I-84,,1750,42.629,-114.411,0,12,1,0,1,1,0,1,2,1,0,1,0,0,20,15,20,34,99,99,0,0,0,1,0,1
16,160186,1,1,0,0,0,1,1,63,0,18,10,2016,3,0,30,1,1,3,1,2,US-93,,1701,42.944,-114.328,0,35,0,0,1,1,0,4,2,10,0,10,0,0,6,0,6,11,88,88,0,0,0,1,1,0
16,160190,1,1,0,0,0,2,2,33,0,24,10,2016,2,5,26,1,1,1,1,1,I-15,,1796,44.346,-112.18,0,1,0,0,1,1,0,3,2,10,0,10,0,0,5,45,6,18,99,99,0,0,0,1,0,1
16,160191,1,1,0,0,0,1,1,55,0,25,10,2016,3,13,26,0,1,3,1,3,SR-41,,152,47.915,-116.846,0,31,0,0,1,1,0,4,1,1,0,1,0,0,13,33,13,39,99,99,0,0,0,1,0,1
16,160192,1,1,0,0,0,1,1,15,0,26,10,2016,4,17,35,0,1,4,1,3,SR-21,,722,44.081,-115.622,0,32,0,0,1,1,0,4,1,1,0,1,0,0,17,40,17,48,99,99,0,0,0,1,0,2
16,160193,2,2,0,0,0,2,2,7,0,6,10,2016,5,16,0,1,1,3,1,2,US-89,,248,42.318,-111.32,0,12,1,0,8,1,0,1,1,1,0,1,0,0,16,1,16,2,99,99,0,0,0,1,0,0
16,160196,1,1,0,0,0,1,1,39,0,28,10,2016,6,9,12,1,1,3,1,2,US-20,,1165,43.314,-115.433,0,1,0,0,1,1,0,5,1,10,0,10,0,0,9,14,9,40,88,88,0,0,0,1,0,0
16,160198,2,2,0,0,0,2,2,37,0,1,11,2016,3,8,30,0,1,4,1,3,SR-75,,2271,44.268,-114.325,0,12,2,0,1,1,0,1,1,1,0,1,0,0,8,31,8,58,88,88,0,0,0,1,0,1
16,160200,2,2,0,0,0,2,2,31,0,8,11,2016,3,12,41,0,1,5,1,3,SR-27,500 S,164,42.46,-113.793,0,12,6,0,2,2,0,1,1,1,0,1,0,0,12,52,12,58,99,99,0,0,0,1,0,2
16,160201,2,2,0,1,1,1,1,1,160,10,11,2016,5,0,3,1,2,1,1,1,I-84,,555,43.557,-116.182,0,8,0,0,1,1,0,1,2,1,0,1,0,0,0,4,0,9,99,99,19,0,0,1,0,1
16,160202,2,2,0,0,0,2,2,19,790,10,11,2016,5,21,4,1,2,1,1,1,I-15,,1156,43.463,-112.091,0,12,2,0,1,1,0,1,2,1,0,1,0,0,21,12,21,17,88,88,0,0,0,1,2,1
16,160203,1,1,0,0,0,2,2,27,0,15,11,2016,3,2,2,1,1,1,1,1,I-84,,182,43.796,-116.743,0,1,0,0,1,1,0,1,2,10,0,10,0,0,2,3,2,16,99,99,0,0,0,1,1,1
16,160204,2,2,0,0,0,2,2,17,0,19,11,2016,7,0,0,1,1,3,1,2,US-95,SELLE RD,4804,48.357,-116.547,0,12,6,0,2,2,0,1,2,10,0,10,0,0,0,1,0,13,88,88,0,0,0,1,0,0
16,160208,1,1,0,0,0,2,2,57,0,20,11,2016,1,6,17,1,1,3,1,2,US-95,,3672,47.001,-116.904,0,1,0,0,1,1,0,4,4,1,0,1,0,0,6,23,6,39,99,99,0,0,0,1,0,0
16,160210,3,3,0,0,0,5,5,1,435,25,11,2016,6,18,6,1,2,3,1,3,SR-44,S EDGEWOOD LN,186,43.688,-116.334,0,12,6,0,2,2,0,1,2,10,0,10,0,0,18,6,18,10,88,88,14,0,0,1,0,2
16,160211,2,2,0,0,0,2,2,69,0,25,11,2016,6,13,47,1,1,3,1,2,US-95,NEZ PERCE RD,3072,46.438,-116.902,3,12,6,0,2,3,0,1,1,10,0,10,0,0,13,51,13,57,99,99,0,0,0,1,0,0
16,160213,1,1,0,0,0,1,1,65,0,28,11,2016,2,8,5,1,8,3,1,2,US-20,,3358,43.856,-111.796,0,1,0,0,1,1,0,3,1,4,0,4,0,0,99,99,8,7,88,88,0,0,0,1,0,0
16,160217,1,1,0,0,0,2,2,41,0,30,11,2016,4,10,45,0,1,5,1,3,SR-36,,1314,42.098,-111.908,0,1,0,0,1,1,0,4,1,1,0,1,0,0,88,88,88,88,88,88,0,0,0,2,1,1
16,160221,1,1,0,0,0,1,1,67,0,5,12,2016,2,7,46,1,1,1,1,1,I-84,,2029,42.577,-113.884,0,1,0,0,1,1,0,3,4,10,0,10,0,0,7,49,8,5,99,99,0,0,0,1,0,1
16,160222,1,1,0,0,0,2,2,39,0,6,12,2016,3,10,19,1,1,1,1,1,I-84,,1115,42.959,-115.469,0,31,0,1,19,1,0,3,1,11,0,11,0,0,10,19,10,30,99,99,0,0,0,1,0,1
16,160223,1,1,0,0,0,1,1,75,0,7,12,2016,4,9,0,1,1,3,1,2,US-95,,586,43.942,-116.93,0,35,0,0,1,1,0,4,1,1,0,1,0,0,9,25,9,31,88,88,0,0,0,1,0,0
16,160225,1,1,0,0,0,1,1,11,0,13,12,2016,3,16,23,1,1,1,1,1,I-15,,966,43.248,-112.32,0,1,0,0,1,1,0,4,1,1,0,1,0,0,16,27,16,35,88,88,0,0,0,1,0,1
16,160226,1,1,0,0,0,3,3,53,0,16,12,2016,6,16,33,1,1,1,1,1,I-84,,1781,42.609,-114.356,0,1,0,0,1,1,0,3,1,10,11,11,0,0,16,35,16,49,99,99,0,0,0,2,0,1
16,160227,2,2,0,0,0,2,2,79,1860,18,12,2016,1,9,27,1,1,1,1,1,I-90,,615,47.474,-115.925,0,12,1,0,1,1,0,1,1,10,4,4,0,0,9,23,9,33,99,99,19,0,0,1,0,0
16,160228,4,4,0,0,0,7,7,53,0,19,12,2016,2,19,29,1,1,1,1,1,I-84,,1664,42.709,-114.533,0,24,0,0,1,1,0,3,2,10,4,4,0,0,19,29,19,46,99,99,0,0,0,1,0,1
16,160229,2,2,0,0,0,3,3,87,0,14,12,2016,4,14,38,1,1,3,1,2,US-95,,1088,44.515,-116.693,0,12,8,0,1,1,0,1,1,4,0,4,0,0,14,42,14,49,99,99,0,0,0,1,0,0
16,160230,2,2,0,0,0,2,2,39,0,24,12,2016,7,7,34,1,1,1,1,1,I-84,,1117,42.959,-115.465,0,12,8,1,18,1,0,1,2,4,11,4,0,0,7,34,8,2,88,88,0,0,0,1,0,1
16,160232,2,2,0,0,0,4,4,41,1480,24,10,2016,2,10,29,1,1,2,1,3,SR-34,,124,42.158,-111.829,0,12,8,0,1,1,0,1,1,10,0,10,0,0,10,29,10,34,99,99,0,0,0,1,0,2
17,170002,2,2,0,0,0,6,6,99,0,2,1,2016,7,15,50,0,1,4,1,2,US-52,SR-71,1098,41.486,-88.646,0,12,6,0,2,2,0,1,1,1,0,1,0,0,15,50,99,99,99,99,0,0,0,2,0,0
17,170017,2,2,0,0,0,2,2,111,0,11,1,2016,2,18,11,1,2,3,1,3,SR-31,,463,42.297,-88.287,0,12,2,0,1,1,0,1,3,4,0,4,0,0,18,11,18,34,99,99,0,0,0,1,1,2
17,170020,2,2,0,0,0,2,2,11,0,18,1,2016,2,16,39,0,1,4,1,3,SR-40,CR-16 (750N),432,41.248,-89.683,0,12,6,0,2,2,0,1,1,1,0,1,0,0,16,39,99,99,88,88,0,0,0,1,1,0
17,170031,2,2,0,0,0,2,2,97,0,20,1,2016,4,8,49,1,2,3,1,3,SR-59,,651,42.394,-88.139,0,12,6,0,1,1,0,1,1,4,0,4,0,0,8,49,99,99,99,99,0,0,0,1,0,2
17,170032,1,1,0,0,0,1,1,171,0,20,1,2016,4,13,6,1,1,3,1,2,US-67,,527,39.552,-90.323,0,1,0,0,1,1,0,3,1,1,0,1,0,0,13,7,99,99,99,99,0,0,0,1,0,0
17,170033,1,1,0,0,0,3,3,91,0,21,1,2016,5,15,33,0,1,5,1,3,SR-115,,572,41.061,-87.921,0,30,0,0,1,1,0,4,1,1,0,1,0,0,15,33,99,99,99,99,0,0,0,1,0,2
17,170039,2,2,0,0,0,2,2,113,0,7,1,2016,5,15,28,1,1,2,1,2,US-51,100 NORTH RD,2507,40.298,-88.98,0,12,6,0,2,2,0,1,1,10,0,10,0,0,15,28,99,99,88,88,0,0,0,1,0,0
17,170044,2,2,0,0,0,2,2,163,0,22,1,2016,6,21,54,0,1,5,1,3,SR-156,,220,38.329,-89.923,0,12,6,0,1,1,0,1,2,11,0,11,0,0,21,55,99,99,99,99,0,0,0,1,0,2
17,170050,1,1,0,1,1,1,1,11,0,21,1,2016,5,18,8,0,1,5,1,3,SR-29,,1707,41.335,-89.243,0,8,0,0,1,1,0,1,2,1,0,1,0,0,18,8,99,99,99,99,19,0,0,1,0,2
17,170056,1,1,0,0,0,1,1,187,0,7,2,2016,1,21,41,0,1,5,2,4,CR-5,,0,40.889,-90.524,0,21,0,0,1,1,0,4,2,1,0,1,0,0,21,41,99,99,88,88,0,0,0,1,1,2
17,170061,1,1,0,0,0,1,1,53,0,31,1,2016,1,16,21,0,1,4,1,3,SR-9,,1912,40.456,-87.991,0,34,0,0,1,1,0,4,1,1,0,1,0,0,16,21,99,99,88,88,0,0,0,1,1,2
17,170070,3,3,0,0,0,10,10,157,0,31,1,2016,1,20,0,1,1,3,1,3,SR-3,,1107,38.212,-90.032,0,12,2,0,1,1,0,1,2,1,0,1,0,0,20,20,99,99,99,99,0,0,0,1,0,2
17,170073,2,2,0,0,0,2,2,129,0,28,1,2016,5,12,10,0,1,4,1,3,SR-29,JELLYSTONE RD,645,40.033,-89.722,0,12,1,0,3,3,0,1,1,1,0,1,0,0,12,12,99,99,99,99,0,0,0,1,0,2
17,170078,1,1,0,0,0,1,1,11,0,8,2,2016,2,8,1,1,1,3,1,3,SR-29,,1588,41.239,-89.4,0,1,0,0,1,1,0,4,1,4,0,4,0,0,8,1,99,99,99,99,0,0,0,1,0,2
17,170080,1,1,0,0,0,1,1,163,0,7,2,2016,1,6,47,1,2,3,1,2,US-30,,305,38.593,-89.839,0,24,0,0,1,1,0,4,2,1,0,1,0,0,6,47,99,99,88,88,0,0,0,1,1,0
17,170081,1,1,0,0,0,2,2,11,0,8,2,2016,2,23,28,0,1,4,1,3,SR-89,,481,41.432,-89.213,0,34,0,0,1,1,0,4,2,1,0,1,0,0,23,28,99,99,99,99,0,0,0,1,1,1
17,170082,1,1,0,0,0,1,1,163,0,8,2,2016,2,23,19,1,2,1,1,1,I-64,,186,38.573,-89.877,0,1,0,1,18,1,1,1,2,1,0,1,0,0,23,19,99,99,88,88,0,0,0,1,0,1
17,170084,2,2,0,0,0,5,5,75,0,10,2,2016,4,8,17,1,1,1,1,1,I-57,,2900,40.85,-87.99,0,12,1,0,1,1,0,1,1,1,0,1,0,0,8,17,99,99,99,99,0,0,0,1,1,0
17,170087,2,2,0,0,0,4,4,163,2962,13,2,2016,7,20,3,1,2,1,1,1,I-64,,101,38.604,-90.021,0,12,1,0,1,1,0,1,2,1,0,1,0,0,20,3,99,99,99,99,0,0,0,1,0,1
17,170094,3,3,0,0,0,6,6,111,0,16,2,2016,3,17,49,1,1,1,1,1,I-90,,327,42.198,-88.678,0,20,0,0,1,1,0,3,3,4,0,4,0,0,17,49,99,99,99,99,0,0,0,2,0,0
17,170099,2,2,0,0,0,4,4,73,0,19,2,2016,6,14,35,1,1,1,1,1,I-74,,168,41.398,-90.329,0,12,1,0,1,1,0,1,1,6,0,6,0,0,14,35,99,99,99,99,27,0,0,1,0,0
17,170102,1,1,0,0,0,2,2,97,7550,19,2,2016,6,17,46,0,2,4,1,3,SR-134,,35,42.36,-88.103,0,42,0,0,1,1,0,4,2,1,0,1,0,0,17,46,99,99,99,99,0,0,0,1,1,1
17,170107,2,2,0,0,0,2,2,35,0,24,2,2016,4,11,28,0,1,4,1,3,SR-130,,709,39.241,-88.155,0,12,6,0,1,1,0,1,1,4,0,4,0,0,11,28,99,99,88,88,0,0,0,1,0,2
17,170112,2,2,0,0,0,6,6,21,0,27,2,2016,7,20,0,0,1,7,1,3,SR-29,2050N RD,252,39.648,-89.378,0,12,6,0,2,2,0,1,3,1,0,1,0,0,20,1,99,99,99,99,0,0,0,1,0,2
17,170121,2,2,0,0,0,3,3,99,0,25,2,2016,5,21,44,0,1,5,1,3,SR-251,,428,41.239,-89.07,0,12,2,0,1,1,0,1,3,1,0,1,0,0,21,44,99,99,99,99,0,0,0,1,0,2
17,170126,1,1,0,0,0,1,1,163,670,29,2,2016,2,22,13,1,2,3,1,3,SR-15,,100,38.526,-90.036,0,21,0,1,19,1,0,4,2,1,0,1,0,0,23,14,99,99,99,99,0,0,0,1,0,0
17,170127,2,1,1,0,0,1,1,197,0,29,2,2016,2,4,41,0,2,4,1,3,SR-126,,110,41.607,-88.248,0,43,0,0,1,1,0,5,2,1,0,1,0,0,4,42,99,99,99,99,0,0,0,1,0,2
17,170130,1,1,0,0,0,1,1,189,0,20,2,2016,7,17,14,0,1,4,1,3,SR-15,,498,38.347,-89.419,0,1,0,0,1,1,0,4,1,1,0,1,0,0,17,20,99,99,99,99,0,0,0,1,1,0
17,170133,2,2,0,0,0,2,2,161,2580,17,2,2016,4,8,31,1,2,3,1,3,SR-92,7TH ST,377,41.515,-90.445,0,12,6,0,2,2,0,1,1,1,0,1,0,0,8,31,99,99,99,99,0,0,0,1,0,2
17,170136,2,2,0,0,0,4,4,137,0,4,3,2016,6,20,54,0,1,4,1,3,SR-267,,461,39.599,-90.229,0,12,6,0,1,1,0,1,2,10,0,10,0,0,8,54,99,99,99,99,0,0,0,1,0,2
17,170137,1,1,0,0,0,1,1,19,0,3,3,2016,5,23,56,0,1,4,1,3,SR-49,,721,39.971,-87.958,0,32,0,0,1,1,0,4,2,1,0,1,0,0,23,56,99,99,88,88,0,0,0,1,1,1
17,170141,2,2,0,0,0,2,2,41,0,3,3,2016,5,18,8,0,2,4,1,3,SR-130,,1136,39.819,-88.16,0,12,2,0,1,1,0,1,2,2,0,2,0,0,18,8,99,99,99,99,0,0,0,1,0,2
17,170147,3,3,0,0,0,3,3,95,0,4,1,2016,2,17,49,0,2,4,1,3,SR-41,1300N,341,40.904,-90.403,0,12,6,0,2,2,0,1,2,1,0,1,0,0,17,49,99,99,99,99,0,0,0,1,0,1