STATE,ST_CASE,VE_TOTAL,VE_FORMS,PVH_INVL,PEDS,PERNOTMVIT,PERMVIT,PERSONS,COUNTY,CITY,DAY,MONTH,YEAR,DAY_WEEK,HOUR,MINUTE,NHS,RUR_URB,FUNC_SYS,RD_OWNER,ROUTE,TWAY_ID,TWAY_ID2,MILEPT,LATITUDE,LONGITUD,SP_JUR,HARM_EV,MAN_COLL,RELJCT1,RELJCT2,TYP_INT,WRK_ZONE,REL_ROAD,LGT_COND,WEATHER1,WEATHER2,WEATHER,SCH_BUS,RAIL,NOT_HOUR,NOT_MIN,ARR_HOUR,ARR_MIN,HOSP_HR,HOSP_MN,CF1,CF2,CF3,FATALS,DRUNK_DR,RANK
17,170149,1,1,0,0,0,2,2,75,0,5,3,2016,7,14,24,0,1,4,1,2,US-52,,1963,40.889,-87.778,0,1,0,0,1,1,0,1,1,1,0,1,0,0,14,24,99,99,99,99,0,0,0,1,0,0
17,170155,1,1,0,0,0,1,1,95,0,13,3,2016,1,0,51,1,1,1,1,1,I-74,,348,41.138,-90.332,0,42,0,0,1,1,0,3,2,2,0,2,0,0,0,53,99,99,88,88,0,0,0,1,1,0
17,170165,2,2,0,0,0,2,2,121,0,16,3,2016,4,9,19,1,1,3,1,2,US-50,,737,38.62,-89.087,0,12,8,0,1,1,0,1,1,1,0,1,0,0,9,19,99,99,99,99,0,0,0,1,0,2
17,170180,1,1,0,0,0,3,3,183,0,24,3,2016,5,1,4,1,1,1,1,1,I-74,,2024,40.124,-87.852,0,57,0,0,1,1,1,3,2,1,0,1,0,0,1,4,99,99,99,99,0,0,0,1,0,0
17,170187,1,1,0,1,1,1,1,51,0,28,3,2016,2,5,50,0,1,5,1,2,US-40,,831,39.028,-88.835,0,9,0,0,1,1,0,1,2,1,0,1,0,0,5,57,99,99,88,88,0,0,0,1,0,0
17,170190,2,2,0,0,0,2,2,99,0,30,3,2016,4,15,45,0,1,4,1,2,US-52,E 2603 RD,1086,41.486,-88.669,0,12,6,0,2,2,0,1,1,1,0,1,0,0,15,47,99,99,99,99,0,0,0,1,0,0
17,170198,1,1,0,0,0,1,1,103,0,28,3,2016,2,12,25,0,1,4,1,2,US-30,,358,41.758,-89.536,0,35,0,0,1,1,0,4,1,1,0,1,0,0,12,29,99,99,99,99,0,0,0,1,0,0
17,170200,2,2,0,0,0,4,4,49,0,1,4,2016,6,19,20,1,1,1,1,1,I-70,,911,39.068,-88.669,0,12,1,0,1,1,1,1,5,1,0,1,0,0,19,20,99,99,99,99,3,19,0,1,0,0
17,170206,1,1,0,0,0,1,1,85,0,4,4,2016,2,20,10,1,1,3,1,2,US-20,,78,42.462,-90.521,0,1,0,0,1,1,0,4,2,1,0,1,0,0,20,16,99,99,99,99,0,0,0,1,0,0
17,170208,1,1,0,0,0,1,1,77,0,3,4,2016,1,17,35,1,1,3,1,3,SR-149,,13,37.764,-89.445,0,1,0,0,1,1,0,4,1,1,0,1,0,0,17,35,99,99,88,88,2,0,0,1,1,2
17,170215,1,1,0,0,0,1,1,155,0,16,4,2016,7,4,15,0,1,5,1,3,SR-26,,320,41.127,-89.314,0,34,0,0,1,1,0,4,2,1,0,1,0,0,13,56,99,99,88,88,0,0,0,1,0,1
17,170216,1,1,0,0,0,2,2,1,7180,17,4,2016,1,15,38,1,2,3,1,2,US-24,,24,39.96,-91.409,0,1,0,0,1,1,0,4,1,1,0,1,0,0,15,38,99,99,99,99,0,0,0,1,0,1
17,170221,2,2,0,0,0,3,3,197,0,14,4,2016,5,15,10,1,2,1,1,1,I-55,,2668,41.683,-88.072,0,12,6,0,1,1,0,1,1,1,0,1,0,0,15,14,99,99,99,99,0,0,0,1,1,1
17,170223,1,1,0,1,1,1,1,163,670,1,4,2016,6,0,55,1,2,3,1,3,SR-161,,39,38.554,-90.017,0,8,0,0,1,1,0,1,2,1,0,1,0,0,0,58,99,99,99,99,0,0,0,1,0,1
17,170224,2,2,0,0,0,2,2,163,0,12,4,2016,3,5,40,1,1,3,1,2,US-50,,352,38.604,-89.765,0,12,2,0,1,1,0,1,2,1,0,1,0,0,5,40,99,99,88,88,0,0,0,1,0,2
17,170225,1,1,0,0,0,2,2,189,0,19,4,2016,3,9,8,0,1,4,1,3,SR-15,,554,38.344,-89.317,0,34,0,0,1,1,0,4,1,1,0,1,0,0,9,8,99,99,99,99,0,0,0,1,0,0
17,170226,2,2,0,0,0,4,4,45,0,20,4,2016,4,15,54,0,1,4,1,3,SR-133,CR-11 (SHILO RD),430,39.637,-87.853,0,12,6,0,2,3,0,1,1,2,0,2,0,0,15,54,99,99,99,99,0,0,0,1,0,2
17,170227,1,1,0,0,0,1,1,165,0,22,4,2016,6,9,12,0,1,4,1,2,US-45,,568,37.687,-88.613,0,53,0,0,1,1,0,4,1,10,0,10,0,0,9,15,99,99,88,88,0,0,0,1,1,0
17,170228,1,1,0,0,0,1,1,95,3260,23,4,2016,7,6,3,1,2,2,1,2,US-34,,457,40.981,-90.378,0,24,0,1,19,1,0,3,4,1,0,1,0,0,6,20,99,99,99,99,0,0,0,1,1,0
17,170229,2,2,0,0,0,2,2,105,0,14,3,2016,2,20,40,1,1,1,1,1,I-55,,1894,40.777,-88.71,0,12,2,0,1,1,0,1,2,1,0,1,0,0,20,41,99,99,88,88,0,0,0,2,1,1
17,170237,2,2,0,0,0,5,5,31,3996,3,3,2016,5,20,14,1,2,3,1,3,SR-72,HUNTINGTON BLVD,927,42.054,-88.12,0,12,6,0,3,2,0,1,2,1,0,1,0,0,20,17,99,99,99,99,0,0,0,1,0,2
17,170240,1,1,0,0,0,7,7,89,2690,25,3,2016,6,7,12,1,2,1,31,1,I-90,,557,42.066,-88.268,0,20,0,0,1,1,1,3,1,1,0,1,0,0,7,13,99,99,99,99,3,0,0,1,0,0
17,170242,2,2,0,1,1,1,1,31,3996,14,4,2016,5,0,53,1,2,1,31,1,I-90,,637,42.067,-88.117,0,12,1,0,1,1,1,1,2,1,0,1,0,0,0,53,99,99,99,99,15,17,23,1,0,0
17,170243,1,1,0,0,0,1,1,57,0,17,4,2016,1,22,18,0,1,4,1,3,SR-95,,105,40.481,-90.315,0,1,0,0,1,1,0,4,2,1,0,1,0,0,22,18,99,99,88,88,0,0,0,1,0,1
17,170250,2,2,0,0,0,2,2,49,0,24,4,2016,1,6,15,0,1,5,1,3,SR-37,,1487,38.967,-88.608,0,12,8,0,1,1,0,1,1,5,0,5,0,0,6,18,99,99,88,88,0,0,0,1,0,1
17,170256,1,1,0,0,0,1,1,143,6850,30,4,2016,7,19,33,1,2,2,1,3,SR-6,,70,40.805,-89.603,0,35,0,0,1,1,0,3,1,2,0,2,0,0,19,34,99,99,88,88,0,0,0,1,0,2
17,170259,2,2,0,0,0,2,2,143,0,16,4,2016,7,15,3,1,2,3,1,3,SR-40,WOODSIDE RD,118,40.834,-89.618,0,12,6,0,2,2,0,1,1,1,0,1,0,0,15,4,99,99,99,99,0,0,0,1,0,0
17,170263,1,1,0,0,0,2,2,59,0,4,4,2016,2,10,40,1,1,3,1,3,SR-13,,1380,37.744,-88.335,0,44,0,0,1,1,1,1,1,1,0,1,0,0,10,45,99,99,99,99,3,0,0,1,0,2
17,170265,1,1,0,0,0,1,1,135,0,1,5,2016,1,4,30,1,1,3,1,3,SR-16,,813,39.293,-89.299,0,32,0,0,1,1,0,4,2,1,0,1,0,0,4,55,99,99,88,88,0,0,0,1,1,2
17,170270,4,4,0,0,0,4,4,31,1670,6,5,2016,6,7,37,1,2,1,1,1,I-90,,813,41.982,-87.806,0,12,6,1,18,1,0,1,1,1,0,1,0,0,7,37,99,99,99,99,0,0,0,1,0,0
17,170274,1,1,0,0,0,1,1,77,0,7,5,2016,7,14,39,1,1,3,1,3,SR-149,,55,37.772,-89.372,0,42,0,0,1,1,0,4,1,1,0,1,0,0,14,39,99,99,99,99,0,0,0,1,0,2
17,170279,2,2,0,0,0,3,3,95,0,4,5,2016,4,14,45,0,1,4,1,3,SR-41,175E,283,40.82,-90.405,0,12,1,0,2,3,0,1,1,1,0,1,0,0,14,45,99,99,88,88,0,0,0,1,0,1
17,170282,2,2,0,0,0,2,2,37,0,6,5,2016,6,6,26,0,1,4,1,3,SR-23,CHICAGO RD,696,41.703,-88.752,0,12,6,0,2,2,0,1,1,1,0,1,0,0,6,26,99,99,99,99,0,0,0,1,0,0
17,170287,1,1,0,0,0,1,1,133,0,7,5,2016,7,20,14,0,1,4,1,3,SR-156,,27,38.312,-90.227,0,1,0,0,1,1,0,4,2,1,0,1,0,0,20,14,99,99,99,99,0,0,0,1,1,2
17,170292,1,1,0,0,0,1,1,167,0,11,5,2016,4,16,58,0,1,4,1,3,SR-97,,131,39.899,-89.811,0,31,0,0,1,1,0,4,1,1,0,1,0,0,16,48,99,99,99,99,0,0,0,1,0,2
17,170294,1,1,0,0,0,1,1,105,0,14,1,2016,5,16,14,0,1,4,2,3,SR-116,,1338,40.873,-88.691,0,32,0,0,1,1,0,4,1,1,0,1,0,0,16,14,99,99,99,99,0,0,0,1,0,1
17,170295,2,2,0,0,0,3,3,157,0,23,5,2016,2,0,12,0,1,4,1,3,SR-4,,413,38.205,-89.703,0,12,2,0,1,1,0,1,2,1,0,1,0,0,0,13,99,99,99,99,0,0,0,1,1,2
17,170300,1,1,0,0,0,2,2,177,0,7,5,2016,7,17,0,0,1,4,1,3,SR-73,,78,42.208,-89.825,0,52,0,0,1,1,0,4,1,1,0,1,0,0,17,6,99,99,99,99,0,0,0,1,1,2
17,170305,2,2,0,0,0,4,4,91,0,15,5,2016,1,21,49,0,1,4,1,3,SR-17,KANKAKEE RD,1635,41.114,-88.241,0,12,6,0,3,2,0,1,2,1,0,1,0,0,21,49,99,99,99,99,0,0,0,1,1,2
17,170308,2,2,0,0,0,4,4,45,0,17,5,2016,3,11,9,0,1,4,1,3,SR-49,,553,39.742,-87.939,0,12,2,0,1,1,0,1,1,1,0,1,0,0,11,9,99,99,99,99,0,0,0,2,0,1
17,170309,1,1,0,0,0,1,1,19,0,15,5,2016,1,4,25,1,1,3,1,3,SR-47,,68,40.207,-88.394,0,35,0,0,1,1,0,4,3,1,0,1,0,0,4,25,99,99,88,88,0,0,0,1,0,2
17,170310,2,2,0,0,0,5,5,109,0,20,5,2016,6,15,9,1,1,3,1,3,SR-110,CR-600 (600TH ST),751,40.412,-90.791,0,12,6,0,2,2,0,1,1,1,0,1,0,0,15,9,99,99,99,99,0,0,0,2,0,2
17,170315,4,3,1,0,0,6,6,5,0,21,5,2016,7,20,47,0,1,4,1,3,SR-127,TAMALCO AVE,1200,38.767,-89.372,0,12,1,0,2,3,1,1,2,1,0,1,0,0,20,47,99,99,99,99,3,4,0,2,0,2
17,170318,1,1,0,0,0,1,1,91,0,23,5,2016,2,18,48,0,1,5,1,3,SR-113,,286,41.168,-87.953,0,42,0,0,1,1,0,4,1,1,0,1,0,0,18,48,99,99,88,88,0,0,0,1,1,1
17,170322,3,3,0,0,0,5,5,51,0,26,5,2016,5,5,25,1,1,1,1,1,I-70,,794,39.007,-88.874,0,12,1,0,1,1,1,1,2,1,0,1,0,0,5,25,99,99,99,99,0,0,0,1,0,0
17,170324,1,1,0,0,0,1,1,163,0,30,5,2016,2,16,54,1,2,1,1,1,I-64,,29,38.632,-90.143,0,24,0,0,1,1,0,4,1,1,0,1,0,0,16,55,99,99,88,88,0,0,0,1,0,1
17,170325,1,1,0,1,1,1,1,45,6720,25,5,2016,4,20,20,1,2,4,1,2,US-150,,2581,39.607,-87.653,0,8,0,0,1,1,0,1,2,1,0,1,0,0,21,53,99,99,88,88,0,0,0,1,0,0
17,170330,1,1,0,0,0,1,1,161,7470,30,5,2016,2,20,0,1,2,3,1,3,SR-92,,320,41.507,-90.548,0,24,0,0,1,1,0,3,1,1,0,1,0,0,20,2,99,99,99,99,0,0,0,1,0,2
17,170331,1,1,0,0,0,2,2,179,0,18,5,2016,4,19,39,1,1,1,1,1,I-55,MAIN ST,0,40.58,-89.479,0,24,0,1,5,1,0,4,1,1,0,1,0,0,19,39,99,99,88,88,0,0,0,1,1,1
17,170332,1,1,0,1,1,1,1,77,0,4,6,2016,7,22,36,0,1,4,1,2,US-51,,639,37.852,-89.233,0,8,0,0,1,1,0,1,2,10,0,10,0,0,22,36,99,99,99,99,0,0,0,1,0,0
17,170340,2,2,0,0,0,2,2,197,0,22,5,2016,1,18,37,1,1,1,1,1,I-55,,0,41.395,-88.191,0,12,2,1,20,1,0,1,1,1,0,1,0,0,16,38,99,99,88,88,0,0,0,1,0,1
17,170345,1,1,0,0,0,3,3,31,1670,9,1,2016,7,3,0,1,2,3,4,6,WESTERN AVE,,0,41.858,-87.686,0,21,0,0,1,1,0,4,3,5,0,5,0,0,3,1,99,99,99,99,0,0,0,1,0,2
17,170359,2,2,0,0,0,2,2,197,7491,21,4,2016,5,3,39,1,2,1,1,1,I-55,,2624,41.648,-88.141,0,12,1,0,1,1,0,1,2,1,0,1,0,0,3,39,99,99,99,99,0,0,0,1,0,1
17,170381,2,2,0,0,0,2,2,49,0,21,5,2016,7,1,0,1,1,1,1,1,I-70,,1088,39.167,-88.393,0,12,6,0,7,1,0,1,2,1,0,1,0,0,1,13,99,99,99,99,0,0,0,1,0,0
17,170383,4,4,0,0,0,7,7,105,7070,5,5,2016,5,13,44,1,2,1,1,1,I-55,,2008,40.923,-88.634,0,12,6,0,1,1,0,1,1,1,0,1,0,0,13,44,99,99,99,99,0,0,0,1,0,1
17,170387,2,2,0,0,0,2,2,85,2540,5,5,2016,5,14,28,1,2,3,1,2,US-20,BARGE TERMINAL RD,37,42.467,-90.594,0,12,6,0,2,2,0,1,1,1,0,1,0,0,14,28,99,99,99,99,0,0,0,1,0,0
17,170403,2,2,0,0,0,2,2,61,0,8,6,2016,4,23,6,0,1,4,1,3,SR-267,,261,39.319,-90.21,0,12,8,0,1,1,0,1,2,1,0,1,0,0,23,7,99,99,88,88,0,0,0,1,0,2
17,170404,1,1,0,0,0,2,2,35,0,7,6,2016,3,17,44,1,1,1,1,1,I-70,,1290,39.283,-88.055,0,1,0,0,1,1,0,4,1,1,0,1,0,0,17,44,99,99,99,99,0,0,0,1,1,0
17,170406,1,1,0,0,0,1,1,83,0,11,6,2016,7,19,42,1,1,3,1,3,SR-100,,227,38.993,-90.542,0,24,0,0,1,1,0,4,1,1,0,1,0,0,19,42,99,99,88,88,0,0,0,1,1,1
17,170412,2,2,0,0,0,3,3,1,0,29,5,2016,1,15,31,0,1,5,1,3,SR-96,,616,39.872,-91.309,0,12,2,0,8,1,0,1,1,1,0,1,0,0,15,31,99,99,99,99,0,0,0,1,0,2
17,170416,1,1,0,0,0,1,1,101,0,9,6,2016,5,8,40,1,1,3,1,2,US-50,,1539,38.726,-87.654,0,42,0,0,1,1,0,4,1,1,0,1,0,0,9,0,99,99,88,88,0,0,0,1,1,2
17,170417,1,1,0,0,0,1,1,39,0,14,6,2016,3,4,0,1,1,1,1,1,I-74,,1601,40.24,-88.611,0,1,0,0,1,1,0,4,2,1,0,1,0,0,5,49,99,99,88,88,0,0,0,1,1,0
17,170425,2,2,0,0,0,4,4,97,0,19,6,2016,1,17,0,0,2,3,1,2,US-45,SR-137 (BUCKLEY RD),16,42.316,-88.006,0,12,6,0,3,3,0,1,1,1,0,1,0,0,17,4,99,99,99,99,0,0,0,1,0,0
17,170431,1,1,0,0,0,1,1,163,670,12,6,2016,1,6,30,1,2,3,1,3,SR-15,,138,38.496,-89.977,0,1,0,0,1,1,1,4,9,1,0,1,0,0,13,43,99,99,88,88,0,0,0,1,1,0
17,170434,2,2,0,0,0,5,5,75,0,27,6,2016,2,4,33,1,1,1,1,1,I-57,,3019,41.003,-87.905,0,12,6,0,1,1,0,1,3,1,0,1,0,0,4,33,99,99,99,99,0,0,0,1,1,0
17,170439,3,3,0,0,0,3,3,89,9997,17,6,2016,6,17,25,1,2,4,1,3,SR-64,,966,41.935,-88.421,0,12,6,0,8,1,0,1,1,1,0,1,0,0,17,25,99,99,99,99,0,0,0,1,0,2
17,170442,2,2,0,0,0,2,2,101,4710,7,6,2016,3,6,6,1,2,3,1,2,US-50,,1510,38.734,-87.702,0,12,2,0,1,1,0,1,4,1,0,1,0,0,6,8,99,99,99,99,0,0,0,1,0,2
17,170443,1,1,0,0,0,1,1,91,0,19,6,2016,1,22,40,0,2,4,1,3,SR-113,,300,41.156,-87.933,0,53,0,0,1,1,0,4,2,1,0,1,0,0,22,40,99,99,99,99,0,0,0,1,0,1
17,170445,1,1,0,0,0,4,4,23,0,26,6,2016,1,2,52,1,1,3,1,3,SR-1,BLIZZARD RD,1563,39.435,-87.688,0,42,0,0,3,3,0,4,2,1,0,1,0,0,2,52,99,99,99,99,0,0,0,2,0,1
17,170446,1,1,0,0,0,1,1,19,0,26,6,2016,1,14,30,1,1,1,1,1,I-74,,1770,40.168,-88.309,0,1,0,0,1,1,1,4,1,1,0,1,0,0,14,30,99,99,88,88,2,3,4,1,0,0
17,170448,1,1,0,0,0,2,2,111,8224,26,6,2016,1,6,1,1,2,3,1,2,US-12,,91,42.419,-88.212,0,35,0,0,1,1,0,4,2,2,0,2,0,0,6,1,99,99,99,99,0,0,0,1,1,0
17,170449,1,1,0,0,0,1,1,51,0,28,6,2016,3,5,13,1,1,1,1,1,I-70,,828,39.024,-88.814,0,1,0,0,1,1,0,3,4,1,0,1,0,0,5,13,99,99,99,99,0,0,0,1,0,0
17,170453,2,2,0,0,0,2,2,81,5900,26,6,2016,1,19,59,1,1,1,1,1,I-57,VETERANS MEMORIAL,940,38.3,-88.945,0,12,6,1,3,2,0,1,5,1,0,1,0,0,19,59,99,99,88,88,0,0,0,1,0,0
17,170467,2,2,0,0,0,2,2,99,0,28,6,2016,3,10,25,0,1,4,1,2,US-6,,940,41.353,-88.898,0,12,6,0,8,1,0,1,1,1,0,1,0,0,10,30,99,99,99,99,0,0,0,1,0,0
17,170471,3,3,0,0,0,8,8,43,5980,26,6,2016,1,16,54,1,2,3,1,3,SR-59,NORTH AURORA RD,189,41.781,-88.206,0,12,6,0,2,2,0,1,1,1,0,1,0,0,16,54,99,99,99,99,0,0,0,1,0,2
17,170473,1,1,0,0,0,1,1,61,7423,25,6,2016,7,20,0,0,1,4,1,3,SR-267,,229,39.274,-90.2,0,34,0,0,1,1,0,4,5,1,0,1,0,0,20,9,99,99,99,99,0,0,0,1,1,2
17,170475,3,3,0,0,0,9,9,117,0,15,6,2016,4,13,32,0,1,4,1,3,SR-111,CR-31  (SUMMERVILLE RD),498,39.189,-90.126,0,12,2,0,3,4,0,1,1,1,0,1,0,0,13,32,99,99,99,99,14,0,0,1,0,1
17,170488,1,1,0,0,0,1,1,161,0,6,7,2016,4,3,16,1,2,1,1,1,I-280,,53,41.453,-90.549,0,24,0,1,19,1,0,3,2,2,0,2,0,0,3,16,99,99,88,88,0,0,0,1,0,1
17,170501,1,1,0,0,0,2,2,89,2690,2,7,2016,7,11,45,1,2,3,1,2,US-20,HIGHLAND WOOD BLVD,1382,42.051,-88.396,0,33,0,0,3,3,0,4,1,1,0,1,0,0,11,45,99,99,99,99,0,0,0,1,0,0
17,170502,1,1,0,0,0,1,1,77,0,16,7,2016,7,7,13,0,1,4,1,3,SR-4,,32,37.864,-89.381,0,42,0,0,1,1,0,4,9,1,0,1,0,0,7,13,99,99,88,88,0,0,0,1,1,2
17,170504,1,1,0,0,0,1,1,91,0,16,7,2016,7,22,33,0,1,5,1,3,SR-17,,2058,41.23,-87.593,0,42,0,0,1,1,0,4,2,1,0,1,0,0,22,33,99,99,88,88,0,0,0,1,0,2
17,170505,1,1,0,0,0,1,1,87,0,15,7,2016,6,4,15,0,1,4,1,2,US-45,CR-8 (OZARK RD),424,37.542,-88.773,0,35,0,0,3,3,0,4,2,1,0,1,0,0,6,10,99,99,88,88,0,0,0,1,1,0
17,170506,1,1,0,0,0,4,4,31,8120,11,7,2016,2,1,4,1,2,1,1,1,I-94,,743,41.583,-87.583,0,25,0,1,5,1,0,4,3,1,0,1,0,0,1,5,99,99,99,99,0,0,0,1,0,0
17,170509,3,3,0,0,0,3,3,31,7488,19,7,2016,3,3,56,1,2,2,1,3,SR-53,,714,42.087,-88.031,0,12,2,1,18,1,0,1,3,1,0,1,0,0,3,56,99,99,99,99,0,0,0,2,0,2
17,170518,2,2,0,0,0,4,4,19,8770,21,7,2016,5,16,12,1,2,1,1,1,I-74,,1859,40.12,-88.163,0,12,1,0,1,1,1,1,1,1,0,1,0,0,16,14,99,99,99,99,3,0,0,1,0,0
17,170519,1,1,0,0,0,2,2,85,0,24,7,2016,1,13,20,0,1,4,1,3,SR-84,,908,42.467,-90.449,0,42,0,0,1,1,0,4,1,1,0,1,0,0,13,24,99,99,99,99,0,0,0,1,0,2
17,170527,2,2,0,0,0,3,3,23,0,8,6,2016,4,15,35,0,1,5,1,2,US-40,,1525,39.402,-87.662,0,12,6,0,1,1,0,1,1,1,0,1,0,0,15,36,99,99,99,99,0,0,0,1,0,0
17,170532,2,2,0,1,1,8,8,31,850,3,7,2016,1,18,50,1,2,3,4,6,WESTERN AVE,136TH ST,0,41.646,-87.68,0,12,6,0,8,1,0,1,1,1,0,1,0,0,18,50,99,99,99,99,0,0,0,1,0,2
17,170537,3,3,0,0,0,4,4,107,0,26,7,2016,3,2,14,1,1,1,1,1,I-55,,1329,40.192,-89.307,0,12,8,0,1,1,0,1,2,1,0,1,0,0,2,14,99,99,88,88,0,0,0,1,1,1
17,170539,1,1,0,0,0,1,1,163,0,19,7,2016,3,3,3,0,2,4,1,3,SR-13,,60,38.523,-90.014,0,30,0,0,1,1,0,4,2,1,0,1,0,0,3,4,99,99,99,99,0,0,0,1,0,2
17,170540,1,1,0,0,0,2,2,31,1670,24,7,2016,1,2,46,1,2,1,1,1,I-57,,3568,41.714,-87.651,0,30,0,0,1,1,0,4,3,1,0,1,0,0,2,46,99,99,99,99,0,0,0,2,1,0
17,170541,1,1,0,1,1,1,1,21,0,27,7,2016,4,2,19,0,2,3,1,3,SR-29,,157,39.548,-89.27,0,8,0,0,1,1,0,1,2,1,0,1,0,0,2,19,99,99,88,88,0,0,0,1,0,2
17,170544,2,1,1,0,1,7,8,31,0,18,7,2016,2,17,15,1,2,1,1,1,I-80,,524,41.578,-87.584,0,14,0,1,19,1,0,4,1,1,0,1,0,0,17,15,99,99,99,99,23,0,0,1,0,0
17,170545,5,5,0,0,0,5,5,31,1670,25,7,2016,2,10,53,1,2,1,1,1,I-55,,2877,41.823,-87.726,0,12,1,1,18,1,0,1,1,1,0,1,0,0,10,55,99,99,99,99,0,0,0,1,0,1
17,170546,1,1,0,0,0,1,1,61,0,27,7,2016,4,1,55,0,1,4,1,3,SR-106,,48,39.512,-90.417,0,52,0,0,1,1,0,4,2,1,0,1,0,0,1,55,99,99,88,88,0,0,0,1,0,2
17,170548,2,2,0,0,0,3,3,135,4870,30,7,2016,7,19,48,1,2,3,1,3,SR-16,,559,39.176,-89.674,0,12,6,0,1,1,0,1,1,1,0,1,0,0,19,48,99,99,99,99,0,0,0,1,0,2
17,170549,6,6,0,0,0,17,17,107,0,31,7,2016,1,15,2,1,1,1,1,1,I-55,,1379,40.247,-89.247,0,12,1,0,1,1,1,1,1,1,0,1,0,0,15,2,99,99,99,99,3,0,0,2,0,1
17,170552,3,3,0,0,0,4,4,143,6860,29,7,2016,6,9,12,1,2,3,1,3,SR-29,POPLAR LN,1213,40.752,-89.561,0,12,2,0,2,2,0,1,1,1,0,1,0,0,9,15,99,99,99,99,0,0,0,1,0,2
17,170554,2,2,0,0,0,3,3,99,0,27,7,2016,4,16,46,1,1,1,1,1,I-80,,819,41.368,-88.995,0,12,1,0,1,1,1,1,1,1,0,1,0,0,16,46,99,99,99,99,3,28,0,1,0,0
17,170555,1,1,0,0,0,4,4,189,0,29,7,2016,6,1,0,1,1,1,1,1,I-64,,545,38.391,-89.288,0,42,0,0,1,1,1,4,2,1,0,1,0,0,1,8,99,99,99,99,0,0,0,2,0,1
17,170562,2,2,0,0,0,5,5,53,0,1,8,2016,2,0,1,0,1,5,1,2,US-45,,2711,40.432,-88.108,0,12,2,0,1,1,0,1,2,1,0,1,0,0,0,1,99,99,99,99,0,0,0,1,1,0
17,170565,3,3,0,0,0,4,4,119,160,3,8,2016,4,14,52,1,2,3,1,2,US-67,,24,38.901,-90.182,0,12,2,0,1,1,0,2,1,1,0,1,0,0,14,52,99,99,99,99,0,0,0,1,0,0
17,170570,2,2,0,0,0,2,2,177,0,4,8,2016,5,3,30,1,1,3,1,3,SR-26,,1282,42.356,-89.633,0,12,2,0,1,1,0,1,2,1,0,1,0,0,3,30,99,99,99,99,0,0,0,1,1,1
17,170574,3,3,0,0,0,4,4,199,0,5,8,2016,6,11,12,1,1,1,1,1,I-57,,567,37.785,-88.946,0,12,1,0,1,1,1,1,1,1,0,1,0,0,11,12,99,99,99,99,3,0,0,1,0,0
17,170577,1,1,0,1,1,1,1,79,0,11,8,2016,5,23,3,0,1,5,2,4,CR-3,,0,39.007,-88.196,0,8,0,0,1,1,0,1,2,1,0,1,0,0,23,24,99,99,99,99,0,0,0,1,0,2
17,170586,1,1,0,0,0,1,1,119,0,19,8,2016,6,15,9,1,1,3,1,3,SR-4,,966,38.925,-89.801,0,42,0,0,1,1,0,4,1,1,0,1,0,0,15,9,99,99,99,99,0,0,0,1,0,2
17,170587,1,1,0,0,0,2,2,163,0,26,6,2016,1,3,34,1,2,1,1,1,I-64,,37,38.624,-90.132,0,24,0,1,19,1,0,3,3,1,0,1,0,0,3,34,99,99,99,99,0,0,0,1,1,1
17,170588,1,1,0,0,0,1,1,99,4690,28,7,2016,5,5,46,1,2,1,1,1,I-80,,760,41.369,-89.107,0,34,0,1,19,1,0,3,4,1,0,1,0,0,5,46,99,99,88,88,0,0,0,1,0,0
17,170590,6,6,0,0,0,9,9,99,0,1,8,2016,2,13,11,1,1,1,1,1,I-80,,940,41.376,-88.767,0,12,1,0,1,1,1,1,1,1,0,1,0,0,13,11,99,99,99,99,3,0,0,3,0,1
17,170591,1,1,0,0,0,1,1,167,0,8,8,2016,2,7,23,1,1,1,1,1,I-55,,1048,39.91,-89.595,0,57,0,0,1,1,0,3,1,1,0,1,0,0,7,23,99,99,99,99,0,0,0,1,0,1
17,170592,1,1,0,0,0,3,3,167,0,10,8,2016,4,13,46,1,2,1,1,1,I-55,,841,39.629,-89.647,0,1,0,0,1,1,0,4,1,1,0,1,0,0,13,46,99,99,99,99,0,0,0,1,0,1
17,170593,2,2,0,0,0,2,2,71,0,12,8,2016,6,15,25,0,1,4,1,3,SR-116,,60,40.771,-90.894,0,12,6,0,1,1,0,1,1,2,0,2,0,0,15,34,99,99,88,88,0,0,0,1,0,1
17,170596,2,2,0,0,0,2,2,73,0,14,8,2016,1,13,6,1,2,1,1,1,I-80,,54,41.508,-90.339,0,12,7,1,5,1,1,1,1,1,0,1,0,0,13,6,99,99,99,99,3,0,0,1,0,0
17,170597,3,3,0,0,0,4,4,91,0,15,8,2016,2,10,14,0,1,5,1,3,SR-115,CR-28 (LEHIGH RD),529,41.059,-88.003,0,12,6,0,3,2,0,1,1,1,0,1,0,0,10,14,99,99,99,99,0,0,0,1,0,2
17,170598,2,2,0,0,0,2,2,47,0,16,8,2016,3,13,0,0,1,4,1,3,SR-130,,31,38.312,-88.023,0,12,6,0,1,1,0,1,1,1,0,1,0,0,13,12,99,99,88,88,0,0,0,1,0,2
17,170605,2,2,0,0,0,2,2,105,0,22,8,2016,2,17,38,1,1,3,1,2,US-24,FOURTH ST,2016,40.747,-88.292,0,12,6,0,2,2,0,1,1,1,0,1,0,0,17,43,99,99,88,88,0,0,0,1,0,1
17,170611,1,1,0,0,0,1,1,187,0,26,8,2016,6,11,48,1,2,3,1,2,US-67,,1682,40.958,-90.641,0,59,0,0,1,1,0,4,1,1,0,1,0,0,11,48,99,99,88,88,0,0,0,1,0,0