STATE,ST_CASE,VE_TOTAL,VE_FORMS,PVH_INVL,PEDS,PERNOTMVIT,PERMVIT,PERSONS,COUNTY,CITY,DAY,MONTH,YEAR,DAY_WEEK,HOUR,MINUTE,NHS,RUR_URB,FUNC_SYS,RD_OWNER,ROUTE,TWAY_ID,TWAY_ID2,MILEPT,LATITUDE,LONGITUD,SP_JUR,HARM_EV,MAN_COLL,RELJCT1,RELJCT2,TYP_INT,WRK_ZONE,REL_ROAD,LGT_COND,WEATHER1,WEATHER2,WEATHER,SCH_BUS,RAIL,NOT_HOUR,NOT_MIN,ARR_HOUR,ARR_MIN,HOSP_HR,HOSP_MN,CF1,CF2,CF3,FATALS,DRUNK_DR,RANK
17,170618,2,2,0,0,0,2,2,177,0,27,8,2016,7,16,49,0,2,4,1,2,US-20,,80,42.281,-89.583,0,24,0,0,1,1,0,4,1,1,0,1,0,0,16,49,99,99,88,88,20,0,0,1,0,0
17,170620,2,2,0,0,0,4,4,111,0,27,8,2016,7,19,38,1,1,3,1,3,SR-23,STREIT RD,1218,42.386,-88.618,0,12,6,0,3,2,0,1,1,1,0,1,0,0,19,38,19,42,20,35,0,0,0,1,1,0
17,170626,2,2,0,0,0,2,2,135,0,17,8,2016,4,5,50,1,1,3,1,3,SR-16,,842,39.319,-89.259,0,12,2,0,1,1,0,1,4,5,0,5,0,0,5,51,99,99,99,99,0,0,0,1,0,2
17,170644,2,2,0,0,0,3,3,111,7270,10,8,2016,4,17,58,1,2,3,1,2,US-12,,30,42.452,-88.306,0,12,6,0,8,1,0,1,1,10,0,10,0,0,17,59,99,99,99,99,0,0,0,1,1,0
17,170646,2,2,0,0,0,2,2,99,0,15,8,2016,2,22,15,0,1,4,1,3,SR-23,CR-5 (LEONORE BLACKTOP),310,41.194,-88.836,0,12,6,0,2,2,0,1,2,2,0,2,0,0,22,15,99,99,99,99,0,0,0,1,0,0
17,170652,4,4,0,0,0,12,12,31,1670,14,8,2016,1,19,0,1,2,3,4,6,WESTERN AVE,W THORNDALE AVE,0,41.989,-87.69,0,12,8,0,2,3,0,1,1,1,0,1,0,0,19,5,99,99,99,99,0,0,0,1,0,2
17,170658,1,1,0,0,0,2,2,103,0,8,7,2016,6,21,15,1,1,3,1,3,SR-26,,728,41.636,-89.458,0,11,0,0,1,1,0,1,2,1,0,1,0,0,21,16,99,99,99,99,0,0,0,1,0,1
17,170662,1,1,0,0,0,1,1,157,0,20,8,2016,7,16,32,1,1,3,1,3,SR-154,FRANCENE ST,197,38.122,-89.668,0,33,0,0,3,4,0,4,1,1,0,1,0,0,16,36,99,99,99,99,0,0,0,1,0,2
17,170664,1,1,0,0,0,3,3,89,0,6,8,2016,7,2,10,1,1,3,1,3,SR-64,,885,41.959,-88.571,0,32,0,0,1,1,0,4,2,1,0,1,0,0,2,10,99,99,99,99,0,0,0,1,1,2
17,170678,2,2,0,0,0,3,3,35,4279,4,9,2016,1,8,23,0,1,5,1,2,US-40,CUMBERLAND RD,1180,39.212,-88.24,0,12,6,0,2,3,0,1,1,1,0,1,0,0,8,23,99,99,99,99,0,0,0,2,0,0
17,170680,2,2,0,0,0,6,6,19,8770,4,9,2016,1,15,57,0,1,7,2,4,CR-19,CR-1700N,0,40.128,-88.37,0,12,6,0,3,2,0,1,1,1,0,1,0,0,15,58,99,99,99,99,0,0,0,1,0,2
17,170681,1,1,0,0,0,2,2,167,8220,5,9,2016,2,11,26,1,2,1,1,1,I-55,,878,39.682,-89.643,0,1,0,1,18,1,0,1,1,1,0,1,0,0,11,26,99,99,99,99,0,0,0,1,0,1
17,170689,2,2,0,0,0,5,5,181,0,7,9,2016,4,15,30,1,1,3,1,2,US-51,WING HILL RD,406,37.526,-89.226,0,12,6,0,2,2,0,1,1,1,0,1,0,0,15,30,99,99,99,99,0,0,0,1,1,0
17,170690,1,1,0,0,0,1,1,51,0,6,9,2016,3,7,10,0,1,5,2,4,CR-2,,0,39.02,-88.956,0,24,0,0,1,1,0,4,1,1,0,1,0,0,7,14,99,99,88,88,0,0,0,1,0,2
17,170692,1,1,0,0,0,2,2,117,0,13,9,2016,3,12,37,1,1,3,1,3,SR-16,,422,39.129,-89.91,0,1,0,0,1,1,0,4,1,1,0,1,0,0,12,37,99,99,99,99,0,0,0,1,0,2
17,170694,1,1,0,0,0,2,2,97,230,4,7,2016,2,13,54,1,2,3,1,3,SR-59,SR-173,712,42.476,-88.104,0,33,0,0,3,2,0,4,1,1,0,1,0,0,13,54,99,99,99,99,0,0,0,1,1,2
17,170695,2,2,0,0,0,4,4,53,0,9,9,2016,6,16,25,0,1,5,1,3,SR-115,S 8000W RD,381,40.996,-88.209,0,12,6,0,2,2,0,1,1,2,0,2,0,0,16,25,99,99,99,99,0,0,0,1,0,2
17,170696,1,1,0,0,0,1,1,91,0,13,9,2016,3,14,24,1,2,1,1,1,I-57,,3187,41.208,-87.867,0,21,0,0,1,1,1,4,1,1,0,1,0,0,14,24,99,99,88,88,0,0,0,1,0,0
17,170700,1,1,0,0,0,1,1,41,0,10,9,2016,7,16,25,0,1,5,1,2,US-45,,2249,39.818,-88.292,0,34,0,0,1,1,0,4,1,1,0,1,0,0,16,26,99,99,99,99,0,0,0,1,1,0
17,170702,2,2,0,0,0,3,3,197,4300,18,9,2016,1,0,41,1,2,3,1,3,SR-59,COUNTRY GLEN CT,25,41.543,-88.199,0,12,6,0,2,3,0,1,3,1,0,1,0,0,0,41,99,99,99,99,0,0,0,1,1,2
17,170707,3,3,0,0,0,3,3,107,0,14,9,2016,4,23,1,1,1,1,1,1,I-55,,1355,40.221,-89.277,0,24,0,0,1,1,1,3,2,1,0,1,0,0,23,1,99,99,99,99,0,0,0,1,1,1
17,170712,1,1,0,0,0,1,1,197,0,23,9,2016,6,6,20,1,2,1,1,1,I-80,,1454,41.553,-87.858,0,25,0,0,1,1,0,3,1,1,0,1,0,0,6,20,99,99,99,99,0,0,0,1,0,0
17,170714,1,1,0,0,0,1,1,49,0,27,9,2016,3,1,41,1,2,1,1,1,I-57,,1574,39.096,-88.58,0,24,0,0,1,1,0,4,3,1,0,1,0,0,1,41,99,99,88,88,0,0,0,1,0,0
17,170715,1,1,0,0,0,2,2,27,0,25,9,2016,1,15,44,1,1,3,1,2,US-50,,645,38.618,-89.25,0,34,0,0,1,1,0,4,1,1,0,1,0,0,15,44,99,99,99,99,0,0,0,1,0,2
17,170720,4,4,0,0,0,4,4,89,0,7,7,2016,5,15,46,1,2,3,1,3,SR-64,CIBIS RD,997,41.923,-88.367,0,12,1,0,3,2,0,1,1,10,0,10,0,0,15,46,99,99,99,99,0,0,0,1,0,2
17,170734,1,1,0,0,0,2,2,31,1260,25,8,2016,5,8,25,1,2,1,1,1,I-57,,3542,41.678,-87.662,0,5,0,1,19,1,0,2,1,1,0,1,0,0,8,30,99,99,99,99,0,0,0,1,0,0
17,170740,2,2,0,0,0,7,7,159,0,2,9,2016,6,19,0,0,1,4,1,3,SR-130,MILLER GROVE LN,355,38.756,-88.095,0,12,6,0,1,1,0,1,5,1,0,1,0,0,19,10,99,99,99,99,0,0,0,1,0,2
17,170744,1,1,0,0,0,1,1,39,0,1,9,2016,5,21,0,0,1,4,1,3,SR-54,,623,40.267,-88.622,0,1,0,0,1,1,0,4,2,1,0,1,0,0,21,33,99,99,99,99,0,0,0,1,1,2
17,170756,2,2,0,0,0,2,2,31,1670,4,9,2016,1,19,56,0,2,3,4,6,WESTERN AVE,,0,41.74,-87.683,0,12,1,0,1,1,0,1,3,1,0,1,0,0,19,56,99,99,88,88,0,0,0,1,2,2
17,170770,2,2,0,0,0,3,3,95,0,7,10,2016,6,13,16,0,2,4,1,2,US-150,SR-97,454,40.906,-90.251,0,12,6,0,2,3,0,1,1,1,0,1,0,0,13,16,99,99,99,99,0,0,0,1,0,0
17,170773,2,2,0,0,0,2,2,119,8730,8,10,2016,7,16,33,1,2,1,1,1,I-55,,165,38.717,-89.921,0,12,1,1,18,1,0,1,1,1,0,1,0,0,16,33,99,99,99,99,0,0,0,1,0,1
17,170778,2,2,0,0,0,2,2,11,0,11,10,2016,3,13,2,0,1,4,1,3,SR-40,,543,41.407,-89.685,0,12,2,0,1,1,0,2,1,1,0,1,0,0,13,2,99,99,99,99,0,0,0,1,0,0
17,170785,2,2,0,0,0,2,2,119,0,4,8,2016,5,15,42,0,1,4,1,2,US-40,,234,38.717,-89.793,0,12,2,0,1,1,0,1,1,1,0,1,0,0,15,42,99,99,99,99,0,0,0,1,0,0
17,170797,2,2,0,0,0,2,2,97,230,19,8,2016,6,7,34,1,2,3,1,3,SR-173,,506,42.477,-88.119,0,12,2,0,1,1,0,1,1,1,0,1,0,0,7,34,99,99,99,99,0,0,0,1,0,2
17,170800,1,1,0,1,1,1,1,105,0,1,10,2016,7,4,20,0,1,4,1,3,SR-17,,1622,41.104,-88.252,0,8,0,0,6,1,0,1,2,1,0,1,0,534423B,4,26,99,99,88,88,0,0,0,1,0,2
17,170802,2,2,0,0,0,4,4,197,9997,2,10,2016,1,3,50,1,2,1,1,1,I-80,,1464,41.553,-87.839,0,12,1,0,1,1,0,1,3,1,0,1,0,0,3,55,99,99,88,88,0,0,0,2,1,0
17,170811,1,1,0,1,1,1,1,119,3550,17,10,2016,2,22,43,1,2,3,1,3,SR-3,CHAIN OF ROCKS,1574,38.762,-90.125,0,8,0,0,2,2,0,1,2,1,0,1,0,0,22,43,99,99,88,88,0,0,0,1,0,2
17,170813,2,2,0,0,0,2,2,111,80,15,10,2016,7,17,39,0,2,4,1,3,SR-31,,375,42.176,-88.292,0,33,0,1,19,1,0,3,1,1,0,1,0,0,17,39,99,99,88,88,0,0,0,1,1,2
17,170814,2,2,0,0,0,2,2,163,0,18,10,2016,3,13,56,0,1,4,1,3,SR-158,,34,38.444,-90.124,0,12,1,0,1,1,0,1,1,1,0,1,0,0,13,56,99,99,88,88,0,0,0,1,0,2
17,170817,2,2,0,0,0,3,3,21,0,21,10,2016,6,15,19,0,1,4,1,3,SR-48,,144,39.434,-89.437,0,12,2,0,1,1,0,1,1,1,0,1,0,0,15,22,99,99,99,99,0,0,0,1,1,1
17,170822,2,2,0,0,0,2,2,111,0,17,10,2016,2,10,45,1,1,3,1,2,US-14,CR-T68 (HARTLAND RD),137,42.339,-88.511,0,12,6,0,2,2,0,1,1,10,0,10,0,0,10,45,99,99,88,88,0,0,0,1,0,0
17,170824,1,1,0,0,0,2,2,113,1630,21,10,2016,6,22,57,1,1,1,1,1,I-55,,1855,40.727,-88.737,0,1,0,0,1,1,0,3,2,1,0,1,0,0,22,57,99,99,99,99,0,0,0,1,0,1
17,170828,1,1,0,0,0,2,2,199,0,23,10,2016,1,6,10,1,1,1,1,1,I-57,,483,37.665,-88.971,0,1,0,0,1,1,0,1,2,1,0,1,0,0,6,11,99,99,99,99,0,0,0,2,0,0
17,170829,1,1,0,0,0,2,2,185,0,22,10,2016,7,8,45,1,1,3,1,3,SR-1,,938,38.544,-87.699,0,42,0,0,1,1,0,4,1,1,0,1,0,0,8,48,99,99,99,99,0,0,0,1,0,1
17,170830,1,1,0,1,1,1,1,121,0,25,10,2016,3,19,26,1,1,3,1,2,US-50,,938,38.628,-88.721,0,8,0,0,1,1,1,1,2,1,0,1,0,0,19,30,99,99,99,99,0,0,0,1,0,2
17,170831,1,1,0,0,0,1,1,165,0,20,10,2016,5,18,2,0,1,4,1,3,SR-34,,435,37.843,-88.665,0,35,0,0,1,1,0,4,1,1,0,1,0,0,18,4,99,99,88,88,0,0,0,1,0,2
17,170842,4,1,3,0,0,2,2,99,0,9,8,2016,3,1,21,0,1,5,1,3,SR-251,,665,41.572,-89.128,0,34,0,0,1,1,0,4,2,1,0,1,0,0,1,21,99,99,99,99,14,0,0,1,0,2
17,170852,3,3,0,0,0,7,7,93,9630,11,10,2016,3,15,2,1,2,3,1,3,SR-47,CORNEILS RD,1113,41.691,-88.448,0,12,1,0,2,2,0,1,1,1,0,1,0,0,15,8,99,99,99,99,14,0,0,1,0,2
17,170854,2,2,0,0,0,3,3,99,0,28,10,2016,6,16,35,0,1,4,1,2,US-34,1675TH RD,1521,41.587,-88.842,0,12,6,0,3,3,0,1,1,1,0,1,0,0,16,39,99,99,99,99,0,0,0,1,0,0
17,170857,3,3,0,0,0,3,3,99,0,28,10,2016,6,14,39,1,2,3,1,3,SR-251,CR-63 (CEDAR CREEK RD),488,41.314,-89.119,0,12,1,0,2,3,0,1,1,1,0,1,0,0,14,39,99,99,99,99,0,0,0,1,0,2
17,170863,2,2,0,0,0,3,3,31,850,22,10,2016,7,0,40,1,2,1,1,1,I-57,,3531,41.662,-87.663,0,12,1,0,1,1,0,1,3,1,0,1,0,0,0,43,99,99,99,99,0,0,0,1,1,0
17,170864,1,1,0,1,1,1,1,31,1670,22,10,2016,7,15,45,0,2,4,4,6,WESTERN AVE,GRANVILLE AVE,0,41.994,-87.69,0,8,0,0,2,2,0,1,1,1,0,1,0,0,15,45,99,99,99,99,0,0,0,1,0,2
17,170866,1,1,0,0,0,1,1,161,0,29,10,2016,7,7,28,0,1,5,1,3,SR-2,,0,41.558,-90.293,0,34,0,0,1,1,0,4,2,1,0,1,0,0,7,28,99,99,88,88,0,0,0,1,1,2
17,170867,1,1,0,0,0,1,1,57,0,24,10,2016,2,6,8,1,1,3,1,2,US-24,,829,40.306,-90.191,0,11,0,0,1,1,0,1,4,1,0,1,0,0,6,11,99,99,99,99,0,0,0,1,0,1
17,170870,3,3,0,0,0,5,5,31,0,31,10,2016,2,20,8,1,2,1,1,1,I-57,,3431,41.541,-87.743,0,57,0,0,1,1,0,3,3,1,0,1,0,0,20,13,99,99,99,99,14,0,0,1,0,0
17,170874,2,2,0,0,0,3,3,93,9630,14,10,2016,6,9,35,1,2,3,1,3,SR-47,CR-9 (GALENA RD),1123,41.705,-88.446,0,12,1,0,2,2,0,1,1,1,0,1,0,0,9,35,99,99,88,88,0,0,0,1,0,2
17,170878,1,1,0,0,0,1,1,119,0,4,11,2016,6,5,0,1,2,1,1,1,I-70,,342,38.786,-89.636,0,52,0,1,19,1,0,8,2,1,0,1,0,0,5,6,99,99,99,99,0,0,0,1,0,0
17,170886,2,2,0,0,0,6,6,143,0,7,11,2016,2,15,27,1,2,3,1,3,SR-29,CEDAR HILLS DR,1288,40.85,-89.537,0,12,6,0,2,3,0,1,1,1,0,1,1,0,15,27,99,99,99,99,0,0,0,2,0,2
17,170890,6,6,0,0,0,8,8,163,6460,8,11,2016,3,21,17,1,2,3,1,2,US-50,SCOTT-TROY RD,285,38.583,-89.874,0,12,6,0,2,2,0,1,3,1,0,1,0,0,21,17,99,99,99,99,14,0,0,1,0,2
17,170903,2,2,0,0,0,2,2,91,0,14,11,2016,2,14,26,1,1,3,1,3,SR-17,PEMBROKE BLACKTOP,2803,41.128,-87.674,0,12,6,0,2,3,0,1,1,1,0,1,0,0,14,26,99,99,88,88,0,0,0,1,0,2
17,170904,1,1,0,0,0,3,3,89,8100,13,11,2016,1,5,39,0,2,4,1,3,SR-31,,223,41.974,-88.306,0,42,0,0,1,1,0,4,2,1,0,1,0,0,5,39,99,99,88,88,0,0,0,2,1,2
17,170907,1,1,0,1,1,1,1,163,3200,15,11,2016,3,22,46,1,2,3,1,3,SR-13,,170,38.41,-89.909,0,8,0,0,1,1,0,1,2,1,0,1,0,0,22,46,99,99,88,88,0,0,0,1,0,2
17,170915,1,1,0,1,1,1,1,51,0,5,11,2016,7,3,1,0,1,5,1,2,US-40,,812,39.018,-88.867,0,8,0,0,1,1,0,1,2,1,0,1,0,0,3,1,99,99,99,99,19,0,0,1,0,0
17,170919,2,2,0,0,0,2,2,81,0,18,11,2016,6,0,19,1,1,1,1,1,I-64,,879,38.276,-88.756,0,12,1,0,1,1,0,1,2,1,0,1,0,0,0,19,99,99,88,88,0,0,0,1,0,1
17,170928,1,1,0,0,0,2,2,31,1670,2,10,2016,1,17,30,1,2,1,1,1,I-94,,0,41.733,-87.624,0,25,0,0,5,1,0,4,1,1,0,1,0,0,17,55,99,99,99,99,0,0,0,1,0,0
17,170931,1,1,0,1,1,1,1,31,1670,8,10,2016,7,16,28,1,2,3,1,2,US-14,US-41,662,41.99,-87.707,0,8,0,0,3,2,0,1,1,1,0,1,0,0,16,28,99,99,99,99,0,0,0,1,0,0
17,170938,2,2,0,0,0,4,4,31,1670,3,11,2016,5,4,0,1,2,3,4,6,WESTERN AVE,LOGAN BLVD,0,41.929,-87.688,0,12,6,0,2,2,0,1,3,1,0,1,0,0,4,10,99,99,99,99,0,0,0,1,0,2
17,170950,2,1,1,0,1,1,2,113,6230,9,11,2016,4,14,33,1,2,1,1,1,I-55,,1669,40.539,-88.953,0,45,0,0,1,1,2,2,1,1,0,1,0,0,14,33,99,99,99,99,3,0,0,1,1,1
17,170958,1,1,0,1,1,1,1,111,0,19,11,2016,7,23,10,1,2,3,1,3,SR-47,,1594,42.353,-88.444,0,8,0,0,1,1,0,1,2,1,0,1,0,0,23,10,99,99,88,88,0,0,0,1,0,2
17,170971,3,3,0,0,0,3,3,93,0,26,11,2016,7,14,49,1,1,3,1,3,SR-71,,518,41.54,-88.569,0,12,8,0,1,1,0,1,1,1,0,1,0,0,14,50,99,99,88,88,0,0,0,1,0,2
17,170984,1,1,0,0,0,1,1,89,2690,3,12,2016,7,9,30,1,2,2,1,2,US-20,,1442,42.022,-88.288,0,42,0,0,1,1,0,4,1,1,0,1,0,0,9,30,99,99,99,99,0,0,0,1,1,0
17,170985,2,2,0,0,0,2,2,19,0,4,12,2016,1,17,21,1,1,1,1,1,I-57,,2386,40.161,-88.267,0,12,1,0,1,1,0,1,2,5,0,5,0,0,17,22,99,99,99,99,19,0,0,1,0,0
17,170986,2,2,0,0,0,2,2,189,0,2,12,2016,6,11,57,1,1,1,1,1,I-64,,521,38.39,-89.333,0,12,6,0,1,1,0,1,1,1,0,1,0,0,0,1,99,99,88,88,18,23,19,1,1,1
17,170992,2,2,0,0,0,2,2,19,0,6,12,2016,3,17,49,0,1,4,1,2,US-45,,2353,39.963,-88.266,0,12,2,0,1,1,0,1,2,1,0,1,0,0,17,50,99,99,99,99,0,0,0,2,0,0
17,170997,1,1,0,0,0,1,1,167,0,12,12,2016,2,6,56,1,2,1,1,1,I-55,,888,39.696,-89.642,0,24,0,0,1,1,0,4,3,10,0,10,0,0,6,56,99,99,88,88,0,0,0,1,1,1
17,170998,2,2,0,0,0,4,4,163,0,9,12,2016,6,12,14,1,2,3,1,3,SR-158,,104,38.498,-90.02,0,12,2,0,1,1,0,1,1,1,0,1,0,0,12,14,99,99,99,99,0,0,0,3,0,2
17,171002,1,1,0,0,0,2,2,167,0,13,12,2016,3,8,28,0,1,4,1,3,SR-29,,575,39.957,-89.675,0,1,0,0,1,1,0,4,1,4,0,4,0,0,8,28,99,99,99,99,0,0,0,1,0,2
17,171014,2,2,0,0,0,2,2,91,0,20,12,2016,3,2,34,0,1,4,1,3,SR-50,CR-11000N,131,41.28,-87.818,0,73,0,0,3,2,0,1,2,1,0,1,0,0,2,34,99,99,88,88,0,0,0,1,1,0
17,171016,2,2,0,0,0,4,4,163,0,18,12,2016,1,23,39,0,1,4,1,3,SR-158,,85,38.48,-90.044,0,12,2,0,1,1,0,1,2,1,0,1,0,0,23,39,99,99,99,99,0,0,0,1,1,2
17,171017,2,2,0,0,0,2,2,197,887,20,12,2016,3,3,23,1,2,1,1,1,I-55,,2668,41.683,-88.072,0,12,1,1,18,1,0,1,3,1,0,1,0,0,3,23,99,99,99,99,0,0,0,1,0,1
17,171021,2,2,0,0,0,8,8,167,0,22,12,2016,5,16,15,0,1,4,1,3,SR-125,,319,39.863,-89.882,0,12,2,0,1,1,0,1,5,1,0,1,0,0,16,17,99,99,99,99,0,0,0,1,0,2
17,171024,2,2,0,0,0,2,2,19,7690,22,12,2016,5,18,32,1,2,1,1,1,I-74,,1935,40.12,-88.019,0,12,1,0,1,1,0,1,2,1,0,1,0,0,18,32,99,99,99,99,0,0,0,1,0,0
17,171025,1,1,0,1,1,3,3,119,7073,22,12,2016,5,19,3,1,2,3,1,3,SR-111,,55,38.673,-90.08,0,8,0,0,1,1,0,1,2,1,0,1,0,0,19,3,99,99,99,99,19,0,0,1,0,1
17,171026,2,2,0,0,0,4,4,117,0,23,12,2016,6,16,45,1,1,3,1,3,SR-16,SPANISH NEEDLE RD,435,39.129,-89.886,0,12,6,0,3,2,0,1,2,2,0,2,0,0,16,48,99,99,99,99,0,0,0,1,0,2
17,171031,1,1,0,1,1,1,1,91,1620,24,12,2016,7,8,3,1,1,1,1,1,I-57,,3030,41.018,-87.902,0,8,0,0,1,1,0,1,2,5,0,5,0,0,8,3,99,99,88,88,0,0,0,1,0,0
17,171033,1,1,0,1,1,1,1,63,0,26,12,2016,2,21,45,1,1,1,1,1,I-80,,1031,41.377,-88.592,0,8,0,0,1,1,0,1,2,1,0,1,0,0,21,50,99,99,88,88,0,0,0,1,0,0
17,171056,1,1,0,1,1,1,1,31,1670,24,11,2016,5,21,41,1,2,3,1,6,WESTERN AVE,71ST ST,0,41.765,-87.683,0,8,0,0,3,2,0,1,3,1,0,1,0,0,21,45,99,99,99,99,0,0,0,1,0,2
17,171059,1,1,0,0,0,2,2,19,0,15,12,2016,5,13,57,1,1,1,1,1,I-74,,1958,40.12,-87.975,0,1,0,0,1,1,0,4,1,1,0,1,0,0,13,57,99,99,99,99,0,0,0,1,0,0
17,171060,3,3,0,0,0,4,4,97,0,15,12,2016,5,20,16,1,2,3,1,3,SR-59,CR-51 (PETITE LAKE RD),680,42.43,-88.118,0,12,6,0,2,3,0,1,2,1,0,1,0,0,20,16,99,99,99,99,0,0,0,1,0,2
18,180002,1,1,0,0,0,2,2,53,1490,2,1,2016,7,5,50,1,1,1,1,1,I-69,,2530,40.411,-85.549,0,57,0,0,1,1,0,3,2,1,0,1,0,0,99,99,99,99,99,99,0,0,0,1,0,0
18,180011,1,1,0,1,1,2,2,175,4340,10,1,2016,1,3,15,0,1,4,1,3,SR-56,,99998,38.626,-86.053,0,8,0,0,1,1,0,1,2,12,0,12,0,0,99,98,99,98,99,98,19,0,0,1,1,2
18,180013,2,2,0,0,0,2,2,67,4283,8,1,2016,6,12,10,0,1,3,1,3,SR-26,CR-500 W,99998,40.417,-86.618,0,12,6,0,2,2,0,1,1,2,0,2,0,0,99,99,99,99,99,99,0,0,0,1,0,1
18,180025,1,1,0,0,0,3,3,71,4440,17,1,2016,1,17,35,1,1,1,1,1,I-65,,360,38.781,-85.829,0,35,0,0,1,1,0,4,1,10,0,10,0,0,99,99,99,99,99,99,0,0,0,1,0,1
18,180027,2,2,0,0,0,3,3,3,1580,17,1,2016,1,5,46,1,1,1,1,1,I-69,,2930,40.914,-85.327,0,12,6,0,1,1,0,1,2,10,0,10,0,0,99,98,99,98,99,98,0,0,0,2,1,0
18,180032,1,1,0,1,1,1,1,73,4090,22,1,2016,6,5,28,1,1,1,1,1,I- 65,,2080,40.853,-87.181,0,8,0,0,1,1,0,1,2,10,0,10,0,0,99,99,99,99,88,88,23,0,0,1,0,0
18,180042,1,1,0,0,0,2,2,145,9997,28,1,2016,5,1,9,1,1,1,1,1,I-65,,815,39.382,-85.943,0,1,0,0,1,1,0,4,2,1,0,1,0,0,99,99,99,99,99,99,0,0,0,1,0,1
18,180048,4,4,0,0,0,5,5,81,1950,4,2,2016,5,16,2,0,1,4,1,3,SR- 37,,0,39.606,-86.218,0,12,7,0,1,1,0,1,1,1,0,1,0,0,99,99,99,99,88,88,0,0,0,1,0,0
18,180049,1,1,0,0,0,2,2,89,1100,21,1,2016,5,13,9,1,1,1,1,1,I-65,,2445,41.343,-87.31,0,1,0,0,1,1,0,1,1,1,0,1,0,0,99,99,99,99,99,99,0,0,0,1,0,1
18,180064,2,2,0,0,0,2,2,73,4090,10,2,2016,4,4,40,0,1,5,1,3,SR-16,CR980 W,99999,40.866,-87.236,0,12,2,0,1,1,0,1,2,11,0,11,0,0,99,99,99,99,99,99,4,0,0,1,0,2
18,180076,2,2,0,0,0,3,3,89,2760,18,2,2016,5,21,40,1,1,1,1,1,I- 65,,2450,41.359,-87.316,0,12,7,0,1,1,0,1,2,1,0,1,0,0,99,99,99,99,99,99,0,0,0,2,0,0
18,180079,2,2,0,0,0,2,2,127,4960,15,2,2016,2,8,15,1,1,3,1,2,US-30,CR-450 E,99998,41.441,-86.975,0,12,6,0,1,1,0,1,1,1,0,1,0,0,99,99,99,99,99,99,0,0,0,1,0,0
18,180081,2,2,0,0,0,2,2,33,1020,22,2,2016,2,8,47,1,1,3,1,2,US-6,CR-3,99998,41.438,-85.171,0,12,2,0,1,1,0,1,1,10,0,10,0,0,99,98,99,98,99,98,0,0,0,1,0,0
18,180083,1,1,0,1,1,1,1,87,4490,28,1,2016,5,20,45,0,1,4,1,2,US- 20,,0,41.654,-85.637,0,8,0,0,1,1,0,1,2,98,0,98,0,0,99,99,99,99,88,88,0,0,0,1,0,0
18,180104,2,2,0,0,0,2,2,3,1580,23,2,2016,3,7,1,0,1,5,1,3,SR- 37,NOTESTINE RD,0,41.182,-84.943,0,12,8,0,2,2,0,1,2,1,0,1,0,0,99,99,99,99,99,99,0,0,0,1,0,0
18,180120,2,2,0,0,0,2,2,57,3590,16,3,2016,4,13,5,1,2,3,1,3,SR- 37,FIELD DR,0,40.058,-85.991,0,12,6,0,2,2,0,1,1,10,0,10,0,0,99,99,99,99,99,99,0,0,0,1,0,0
18,180134,2,2,0,0,0,2,2,55,360,17,3,2016,5,7,30,0,1,5,1,3,SR-45,TIMBER TRACE DR,99998,39.073,-86.691,0,12,2,0,1,1,0,1,4,1,0,1,0,0,99,99,99,99,99,99,0,0,0,1,0,0
18,180142,1,1,0,0,0,1,1,91,2570,24,3,2016,5,8,11,0,1,4,1,2,US- 20,,0,41.679,-86.689,0,43,0,0,1,1,0,4,1,2,0,2,0,0,99,99,99,99,88,88,0,0,0,1,0,0
18,180145,1,1,0,1,1,1,1,89,2515,16,3,2016,4,21,37,1,2,1,1,1,I-80,,153,41.581,-87.245,0,8,0,0,1,1,0,1,3,1,0,1,0,0,99,98,99,98,99,98,0,0,0,1,0,0
18,180148,1,1,0,1,1,4,4,137,4780,23,3,2016,4,22,35,0,1,5,1,3,SR-101,,99998,39.226,-85.095,0,8,0,0,1,1,0,1,2,1,0,1,0,0,99,98,99,98,99,98,0,0,0,1,0,2
18,180152,1,1,0,0,0,1,1,57,3590,31,1,2016,1,9,5,0,1,4,1,3,SR- 37,,0,40.133,-85.931,0,1,0,0,1,1,0,4,1,1,0,1,0,0,99,99,99,99,99,99,0,0,0,1,0,0
18,180154,2,2,0,0,0,3,3,141,3440,29,3,2016,3,20,51,0,1,4,2,3,SR-2,LARRISON BLVD,99998,41.672,-86.461,0,12,1,0,1,1,0,1,2,1,0,1,0,0,99,99,99,99,99,99,0,0,0,1,0,2
18,180160,1,1,0,0,0,3,3,19,4420,2,4,2016,7,17,30,0,1,5,1,2,US-31,BEAGLE CLUB RD,99998,38.593,-85.77,0,38,0,0,1,1,0,4,1,6,0,6,0,0,99,99,99,99,99,99,0,0,0,1,0,0
18,180161,1,1,0,0,0,1,1,97,2210,27,3,2016,1,2,11,1,2,1,1,1,I-65,,1100,39.755,-86.145,0,31,0,0,5,1,0,5,3,1,0,1,0,0,99,98,99,98,99,98,0,0,0,1,1,1
18,180163,3,3,0,0,0,4,4,51,4060,28,3,2016,2,13,40,0,1,4,1,3,SR-64,CR-575 W,99998,38.356,-87.672,0,12,6,0,1,1,0,1,1,1,0,1,0,0,99,99,99,99,99,99,0,0,0,1,0,2
18,180167,2,2,0,0,0,3,3,5,990,2,4,2016,7,17,43,1,1,1,1,1,I-65,,580,39.066,-85.923,0,34,0,0,1,1,0,4,1,1,0,1,0,0,99,99,99,99,99,99,0,0,0,1,0,1