STATE,ST_CASE,VE_TOTAL,VE_FORMS,PVH_INVL,PEDS,PERNOTMVIT,PERMVIT,PERSONS,COUNTY,CITY,DAY,MONTH,YEAR,DAY_WEEK,HOUR,MINUTE,NHS,RUR_URB,FUNC_SYS,RD_OWNER,ROUTE,TWAY_ID,TWAY_ID2,MILEPT,LATITUDE,LONGITUD,SP_JUR,HARM_EV,MAN_COLL,RELJCT1,RELJCT2,TYP_INT,WRK_ZONE,REL_ROAD,LGT_COND,WEATHER1,WEATHER2,WEATHER,SCH_BUS,RAIL,NOT_HOUR,NOT_MIN,ARR_HOUR,ARR_MIN,HOSP_HR,HOSP_MN,CF1,CF2,CF3,FATALS,DRUNK_DR,RANK
18,180169,2,1,1,0,1,1,2,143,4400,2,4,2016,7,4,28,1,1,1,1,1,I- 65,,264,38.646,-85.783,0,14,0,0,1,1,0,4,2,1,0,1,0,0,99,99,99,99,88,88,0,0,0,1,0,0
18,180173,2,2,0,0,0,2,2,57,850,7,4,2016,5,14,7,1,1,3,1,2,US-31,,99998,40.13,-86.128,0,12,1,0,1,1,0,1,1,10,0,10,0,0,99,99,99,99,99,99,0,0,0,1,0,0
18,180175,2,2,0,0,0,2,2,135,5350,5,4,2016,3,7,27,1,1,3,1,2,US-27,,99998,40.176,-84.967,0,51,0,0,1,1,0,1,2,1,0,1,0,0,99,99,99,99,99,99,0,0,0,1,0,0
18,180179,1,1,0,1,1,3,3,127,4025,14,4,2016,5,20,32,1,2,3,1,2,US- 20,,0,41.594,-87.191,0,9,0,0,1,1,0,1,3,1,0,1,0,0,99,99,99,99,99,99,0,0,0,1,0,0
18,180183,1,1,0,0,0,1,1,81,1650,9,3,2016,4,6,0,1,1,1,1,1,I- 65,,930,39.442,-85.987,0,24,0,0,1,1,1,4,3,1,0,1,0,0,99,99,99,99,99,99,0,0,0,1,0,0
18,180194,1,1,0,0,0,1,1,151,160,22,4,2016,6,6,34,0,1,4,1,2,US- 20,CR- 325,0,41.635,-85.05,0,72,0,1,2,2,0,1,4,10,0,10,0,0,99,99,99,99,88,88,0,0,0,1,0,0
18,180202,2,1,1,1,1,1,1,167,4840,23,4,2016,7,6,5,1,1,1,1,1,I-70,,130,39.434,-87.293,0,8,0,0,1,1,1,1,2,5,0,5,0,0,99,98,99,98,99,98,23,3,0,1,0,0
18,180206,2,1,1,0,2,1,3,89,2515,9,4,2016,7,6,20,1,2,1,1,1,I- 65,,2580,41.563,-87.307,0,14,0,0,1,1,0,4,3,4,0,4,0,0,99,99,99,99,99,99,0,0,0,1,0,0
18,180208,2,2,0,0,0,5,5,89,1730,17,4,2016,1,6,45,1,2,3,1,2,US- 20,COUNTY LINE RD,0,41.594,-87.224,0,12,6,0,2,3,0,1,1,1,0,1,0,0,99,99,99,99,99,99,0,0,0,1,0,0
18,180211,2,2,0,0,0,2,2,5,2290,20,4,2016,4,3,50,1,1,1,1,1,I- 65,,575,39.049,-85.913,0,12,1,0,1,1,0,1,2,1,0,1,0,0,99,99,99,99,99,99,0,0,0,1,0,0
18,180234,3,3,0,0,0,3,3,105,380,2,5,2016,2,8,44,1,2,3,1,3,SR- 37,TAPP RD,0,39.137,-86.573,0,12,7,0,2,2,1,1,1,10,0,10,0,0,99,99,99,99,99,99,0,0,0,1,0,0
18,180236,1,1,0,0,0,3,3,125,5390,9,5,2016,2,8,20,0,1,5,1,3,SR-56,,99998,38.437,-87.079,0,59,0,0,1,1,0,4,1,2,0,2,0,0,99,99,99,99,99,99,0,0,0,1,0,2
18,180238,1,1,0,1,1,1,1,177,1350,5,5,2016,5,21,30,0,1,4,1,2,US-35,,99998,39.975,-85.052,0,8,0,0,1,1,0,1,2,1,0,1,0,0,99,98,99,98,99,98,19,0,0,1,0,0
18,180273,4,4,0,0,0,7,7,177,780,22,5,2016,1,15,47,1,1,1,1,1,I-70,,1450,39.859,-84.996,0,12,1,0,1,1,1,1,1,1,0,1,0,0,99,99,99,99,99,99,26,0,0,1,0,0
18,180284,2,2,0,0,0,5,5,127,820,27,5,2016,6,17,49,1,1,3,1,2,US- 20,BRUMMITT RD,0,41.648,-87.014,0,12,6,0,2,2,0,1,1,10,0,10,0,0,99,99,99,99,99,99,0,0,0,1,0,0
18,180292,2,2,0,0,0,2,2,55,2690,23,5,2016,2,21,27,0,1,4,1,3,SR-59,SE A ST,99998,39.033,-87.166,0,12,6,0,2,2,0,1,3,1,0,1,0,0,99,99,99,99,99,99,0,0,0,1,0,2
18,180294,2,2,0,0,0,2,2,15,1550,26,5,2016,5,10,43,0,1,5,1,3,SR-75,150 S RD,0,40.525,-86.53,0,12,6,0,2,2,0,1,1,10,0,10,0,0,99,99,99,99,99,99,0,0,0,2,0,1
18,180298,2,2,0,0,0,3,3,159,4860,4,6,2016,7,16,3,1,1,3,1,2,US-31,,99998,40.251,-86.127,0,12,6,0,1,1,0,1,1,2,0,2,0,0,99,99,99,99,99,99,0,0,0,1,0,0
18,180313,2,2,0,0,0,3,3,127,4030,4,6,2016,7,15,48,1,2,3,1,2,US-20,RAMP 030 C,99998,41.637,-87.055,0,12,2,0,5,1,0,1,1,10,0,10,0,0,99,99,99,99,99,99,0,0,0,2,0,0
18,180315,1,1,0,0,0,1,1,127,820,1,6,2016,4,23,50,1,2,1,1,2,US-20,I-94  RAMP 22 D,99998,41.608,-87.106,0,34,0,1,5,1,0,8,3,1,0,1,0,0,99,99,99,99,99,99,20,0,0,1,0,0
18,180326,2,2,0,0,0,6,6,89,2010,18,6,2016,7,19,14,1,2,3,1,2,US-41,CASINO CENTER DR,99998,41.695,-87.516,0,12,6,0,2,2,0,1,1,1,0,1,0,0,99,99,99,99,99,99,0,0,0,1,0,0
18,180327,2,2,0,0,0,2,2,39,3010,21,6,2016,3,11,0,0,1,5,1,3,SR-120,,99998,41.725,-85.719,0,12,2,0,1,1,0,1,1,1,0,1,0,0,99,98,99,98,99,98,0,0,0,1,0,1
18,180334,2,2,0,0,0,2,2,91,2570,6,6,2016,2,15,15,1,1,1,1,1,I-80,,424,41.656,-86.762,0,12,1,0,1,1,0,1,1,1,0,1,0,0,99,99,99,99,99,99,0,0,0,1,0,0
18,180343,2,1,1,2,2,1,1,57,3590,23,6,2016,5,9,36,0,2,3,1,3,SR- 37,,0,40.006,-86.004,0,14,0,0,1,1,0,4,1,10,0,10,0,0,99,99,99,99,99,99,0,0,0,1,0,0
18,180347,1,1,0,0,0,1,1,65,2400,24,6,2016,6,21,54,1,1,1,1,1,I-70,,1165,39.845,-85.531,0,57,0,0,1,1,0,3,2,1,0,1,0,0,99,98,99,98,99,98,0,0,0,1,0,0
18,180349,2,2,0,0,0,4,4,135,3881,27,6,2016,2,17,45,1,1,3,1,3,SR-32,,99998,40.193,-85.17,0,12,2,0,1,1,0,1,1,1,0,1,0,0,99,99,99,99,99,99,0,0,0,1,0,2
18,180374,1,1,0,0,0,2,2,17,5080,8,7,2016,6,17,45,0,1,4,1,2,US-35,CR-900 S,99998,40.641,-86.228,0,35,0,0,1,1,0,4,1,1,0,1,0,0,99,99,99,99,99,99,0,0,0,1,0,0
18,180383,2,2,0,0,0,2,2,159,4860,7,7,2016,5,0,35,1,1,3,1,2,US-31,SR-28,99998,40.275,-86.127,0,12,6,0,2,2,1,1,2,1,0,1,0,0,99,98,99,98,99,98,0,0,0,1,1,0
18,180390,1,1,0,1,1,1,1,59,1890,18,7,2016,2,16,0,1,2,3,1,2,US-40,,99998,39.782,-85.848,0,9,0,0,1,1,0,1,1,1,0,1,0,0,99,99,99,99,99,99,0,0,0,1,0,0
18,180410,4,4,0,0,0,7,7,141,3100,15,7,2016,6,13,5,1,1,1,1,1,I-80,,852,41.731,-86.078,0,12,1,0,1,1,1,1,1,1,0,1,0,0,99,99,99,99,99,99,19,0,0,1,0,0
18,180412,1,1,0,1,1,1,1,91,5240,26,7,2016,3,21,15,1,1,3,1,2,US-421,,99998,41.576,-86.897,0,9,0,0,1,1,0,1,3,1,0,1,0,0,99,98,99,98,99,98,0,0,0,1,0,0
18,180426,2,2,0,0,0,2,2,105,380,16,7,2016,7,21,40,1,1,3,1,3,SR-37,,99998,39.304,-86.517,0,12,6,0,1,1,0,1,2,1,0,1,0,0,99,99,99,99,99,99,0,0,0,1,1,1
18,180433,2,2,0,0,0,2,2,87,2500,4,8,2016,5,14,42,0,1,4,1,2,US-20,SR-5,99998,41.655,-85.582,0,12,2,0,8,1,0,1,1,1,0,1,0,0,99,99,99,99,99,99,0,0,0,1,0,0
18,180438,2,2,0,0,0,2,2,91,2570,9,8,2016,3,7,13,0,1,5,1,2,US- 20,,0,41.683,-86.58,0,12,2,0,1,1,0,1,1,1,0,1,0,0,99,99,99,99,99,99,0,0,0,1,0,0
18,180450,3,3,0,0,0,5,5,95,1440,9,8,2016,3,11,22,0,1,4,1,3,SR- 37,,0,40.213,-85.862,0,12,8,0,1,1,0,1,1,1,0,1,0,0,99,99,99,99,99,99,0,0,0,1,0,0
18,180452,1,1,0,0,0,2,2,107,1060,8,8,2016,2,10,56,1,1,1,1,1,I-74,,400,40.009,-86.755,0,18,0,0,1,1,0,1,1,1,0,1,0,0,99,99,99,99,99,99,0,0,0,1,0,0
18,180455,2,2,0,0,0,3,3,173,4830,13,8,2016,7,5,41,0,1,5,1,3,SR-62,,99998,38.061,-87.158,0,12,2,0,1,1,0,1,4,10,0,10,0,0,99,99,99,99,99,99,0,0,0,1,0,0
18,180464,1,1,0,0,0,1,1,5,990,20,8,2016,7,13,30,1,1,1,1,1,I-65,,655,39.147,-85.958,0,24,0,0,1,1,0,4,1,2,0,2,0,0,99,99,99,99,88,88,0,0,0,1,0,1
18,180470,1,1,0,1,1,1,1,109,2890,28,8,2016,1,5,2,1,1,3,1,3,SR- 37,,0,39.426,-86.401,0,8,0,0,1,1,0,1,2,1,0,1,0,0,99,99,99,99,88,88,0,0,0,1,0,0
18,180476,2,2,0,0,0,2,2,109,2890,26,8,2016,6,17,12,1,2,3,1,3,SR- 37,BANTA RD,0,39.556,-86.251,0,12,6,0,3,3,0,1,1,10,0,10,0,0,99,99,99,99,99,99,0,0,0,1,0,0
18,180477,3,3,0,0,0,8,8,97,2210,22,6,2016,4,13,29,1,2,1,1,1,I-70,,725,39.712,-86.272,0,12,2,0,1,1,0,1,1,10,0,10,0,0,99,99,99,99,99,99,0,0,0,1,0,0
18,180492,2,2,0,1,1,3,3,57,1540,30,8,2016,3,23,0,1,2,3,1,3,SR- 37,125TH ST,0,39.972,-86.004,0,9,0,0,2,2,0,1,2,10,0,10,0,0,99,99,99,99,88,88,0,0,0,1,0,0
18,180498,2,2,0,0,0,2,2,61,1030,7,9,2016,4,0,45,1,1,1,1,1,I-64,,1070,38.244,-86.097,0,39,0,0,1,1,0,4,2,1,0,1,0,0,99,98,99,98,99,98,0,0,0,1,0,1
18,180501,3,3,0,0,0,3,3,3,1580,8,9,2016,5,23,10,1,2,2,1,2,US-30,,99998,41.126,-85.194,0,12,1,0,1,1,0,1,2,1,0,1,0,0,99,99,99,99,99,99,0,0,0,1,0,0
18,180515,1,1,0,0,0,4,4,89,2515,9,9,2016,6,19,0,1,2,1,1,1,I-80,,157,41.579,-87.253,0,24,0,0,1,1,0,4,3,2,0,2,0,0,99,99,99,99,99,99,0,0,0,1,0,0
18,180517,3,3,0,0,0,4,4,167,4840,12,9,2016,2,17,21,1,1,3,1,2,US-41,PIMENTO CIR,99998,39.307,-87.388,0,12,6,0,2,2,0,1,1,1,0,1,0,0,99,99,99,99,99,99,0,0,0,1,0,0
18,180519,2,2,0,0,0,2,2,31,1910,4,9,2016,1,10,15,1,1,3,1,2,US-421,,99998,39.243,-85.347,0,12,2,0,1,1,0,1,1,1,0,1,0,0,99,99,99,99,99,99,0,0,0,1,0,0
18,180520,1,1,0,0,0,2,2,79,3670,18,9,2016,1,13,30,1,1,3,1,2,US-50,,99998,38.999,-85.646,0,34,0,0,1,1,0,4,1,1,0,1,0,0,99,99,99,99,99,99,0,0,0,1,0,2
18,180527,2,2,0,0,0,5,5,91,5240,24,9,2016,7,17,6,0,1,4,1,2,US-421,US-6,0,41.536,-86.897,0,12,6,0,2,2,0,1,1,1,0,1,0,0,99,99,99,99,99,99,0,0,0,1,0,0
18,180531,1,1,0,1,1,1,1,89,1730,12,9,2016,2,10,20,1,2,1,1,1,I-80,,50,41.57,-87.418,0,8,0,0,1,1,0,1,1,1,0,1,0,0,99,99,99,99,88,88,0,0,0,1,0,0
18,180536,1,1,0,0,0,4,4,169,5040,25,9,2016,1,2,15,1,1,2,1,2,US-24,,0,40.8,-85.859,0,1,0,0,1,1,0,1,2,1,0,1,0,0,99,99,99,99,99,99,0,0,0,1,1,1
18,180544,2,2,0,0,0,3,3,147,1140,26,9,2016,2,20,53,1,1,1,1,1,I-64,,645,38.203,-86.901,0,12,1,0,1,1,0,1,2,1,0,1,0,0,99,99,99,99,99,99,0,0,0,2,0,1
18,180548,1,1,0,1,1,2,2,119,1840,30,9,2016,6,23,50,0,1,4,1,3,SR-67,COUNTRY CLUB RD,0,39.356,-86.73,0,8,0,0,2,2,0,1,2,5,0,5,0,0,99,99,99,99,99,99,0,0,0,1,0,2
18,180553,2,2,0,0,0,2,2,1,1180,4,10,2016,3,8,42,1,1,3,1,2,US-33,SALEM RD,99998,40.806,-84.891,0,12,6,0,2,2,0,1,1,1,0,1,0,0,99,98,99,98,99,98,0,0,0,1,0,0
18,180557,1,1,0,0,0,1,1,89,1100,9,6,2016,5,11,11,1,2,1,1,1,I-65,,2489,41.413,-87.321,0,50,0,0,1,1,2,4,1,10,0,10,0,0,99,99,99,99,99,99,0,0,0,1,0,1
18,180561,2,2,0,0,0,2,2,89,1100,23,9,2016,6,14,10,1,2,3,1,3,SR-55,,99998,41.433,-87.364,0,12,6,0,8,1,0,1,1,1,0,1,0,0,99,98,99,98,99,98,0,0,0,1,0,2
18,180564,3,3,0,0,0,4,4,63,4720,4,10,2016,3,11,35,0,1,5,1,2,US-40,,99998,39.64,-86.627,0,12,2,0,1,1,0,1,1,1,0,1,0,0,99,99,99,99,99,99,0,0,0,1,0,0
18,180567,2,2,0,0,0,2,2,173,795,7,10,2016,6,9,23,0,2,4,1,3,SR-62,4TH ST,0,38.043,-87.363,0,12,6,0,2,2,0,1,1,1,0,1,0,0,99,99,99,99,99,99,0,0,0,1,0,0
18,180568,1,1,0,1,1,3,3,91,2990,8,10,2016,7,23,38,1,1,3,1,2,US-20,TERRACE ACRES PKWY,99998,41.681,-86.925,0,9,0,0,1,1,0,1,2,1,0,1,0,0,99,99,99,99,99,99,0,0,0,1,0,0
18,180575,3,3,0,0,0,3,3,99,4010,6,10,2016,5,13,58,1,1,3,1,2,US-31,9A RD,0,41.343,-86.276,0,12,6,0,2,2,0,1,1,1,0,1,0,0,99,99,99,99,99,99,0,0,0,1,0,0
18,180576,1,1,0,1,1,2,2,141,4580,10,10,2016,2,21,28,0,1,5,1,2,US- 20,,0,41.706,-86.507,0,8,0,0,1,1,0,1,3,1,0,1,0,0,99,99,99,99,99,99,0,0,0,1,0,0
18,180580,2,2,0,0,0,2,2,109,2890,27,9,2016,3,6,44,1,1,3,1,3,SR- 37,OLD SR- 37,0,39.517,-86.302,0,12,6,0,2,3,0,1,1,10,0,10,0,0,99,99,99,99,88,88,0,0,0,1,0,0
18,180590,1,1,0,1,1,1,1,97,2210,12,10,2016,4,9,26,1,2,2,1,3,SR- 37,,0,39.638,-86.203,0,9,0,0,1,1,0,2,1,1,0,1,0,0,99,99,99,99,88,88,0,0,0,1,0,0
18,180594,2,1,1,0,1,2,3,73,1206,12,10,2016,4,21,17,1,1,1,1,1,I- 65,,2310,41.17,-87.276,0,31,0,1,19,1,0,3,1,1,0,1,0,0,99,99,99,99,99,99,14,0,0,1,0,0
18,180608,2,2,0,1,1,2,2,39,1410,24,10,2016,2,4,18,0,2,4,2,4,CR-5,,99998,41.745,-86.027,0,8,0,0,1,1,0,1,2,1,0,1,0,0,99,98,99,98,99,98,0,0,0,1,0,2
18,180612,2,1,1,1,1,1,1,89,2120,12,10,2016,4,9,35,1,2,1,1,1,I- 65,,2572,41.533,-87.312,0,18,0,0,1,1,1,4,1,1,0,1,0,0,99,99,99,99,88,88,14,0,0,1,0,0
18,180632,1,1,0,0,0,2,2,63,900,26,9,2016,2,10,30,1,1,1,1,1,I-70,,600,39.62,-86.462,0,57,0,0,1,1,0,3,1,10,0,10,0,0,99,99,99,99,99,99,0,0,0,1,0,0
18,180641,2,2,0,0,0,2,2,175,660,30,10,2016,1,10,14,0,1,5,1,3,SR-60,WEST WASHINGTON SCHOOL RD,0,38.639,-86.233,0,12,2,0,2,2,0,1,1,1,0,1,0,0,99,99,99,99,99,99,0,0,0,1,0,2
18,180643,2,2,0,0,0,5,5,105,380,5,11,2016,7,16,35,1,1,3,1,3,SR- 37,VICTOR PIKE,0,39.106,-86.551,0,12,6,0,2,2,0,1,1,1,0,1,0,0,99,99,99,99,99,99,0,0,0,1,0,0
18,180647,2,2,0,0,0,4,4,127,4960,5,11,2016,7,19,38,0,1,4,1,2,US-6,CR-550,0,41.549,-86.96,0,12,6,0,2,3,0,1,2,1,0,1,0,0,99,99,99,99,99,99,0,0,0,1,1,0
18,180651,2,2,0,0,0,3,3,61,3850,18,9,2016,1,21,40,0,1,4,1,3,SR-135,BRADFORD RD,99998,38.364,-86.096,0,12,6,0,2,2,0,1,2,1,0,1,0,0,99,99,99,99,99,99,0,0,0,1,0,1
18,180656,1,1,0,0,0,1,1,89,1100,4,11,2016,6,22,5,1,2,1,1,1,I-65,,2470,41.391,-87.325,0,30,0,1,5,1,0,8,3,1,0,1,0,0,99,99,99,99,88,88,0,0,0,1,0,1
18,180659,2,2,0,0,0,2,2,57,3590,12,11,2016,7,7,58,1,2,3,1,3,SR-32,GRAY RD,99998,40.043,-86.09,0,12,6,0,2,2,0,1,1,1,0,1,0,0,99,99,99,99,99,99,0,0,0,1,0,2
18,180663,2,2,0,0,0,2,2,157,5200,14,11,2016,2,17,49,0,2,3,1,2,US-231,SR-26,99998,40.424,-86.939,0,12,6,0,2,2,0,1,5,1,0,1,0,0,99,99,99,99,99,99,0,0,0,1,0,0
18,180671,1,1,0,0,0,1,1,3,1580,16,11,2016,4,17,20,1,1,3,1,2,US-33,,99998,41.175,-85.269,0,34,0,0,1,1,0,4,5,10,0,10,0,0,99,98,99,98,99,98,0,0,0,1,0,0
18,180687,1,1,0,4,4,1,1,3,1850,20,11,2016,1,20,28,0,1,5,1,3,SR-37,NOTESTINE RD,99998,41.182,-84.943,0,49,0,0,2,2,0,1,2,10,0,10,0,0,99,99,99,99,99,99,0,0,0,3,0,1
18,180690,3,2,1,0,0,2,2,87,4490,21,11,2016,2,12,26,1,1,1,1,1,I-80,,1120,41.753,-85.58,0,14,0,0,1,1,0,5,1,1,0,1,0,0,99,99,99,99,99,99,23,0,0,1,0,0
18,180694,2,1,1,0,4,1,5,55,360,13,11,2016,1,3,50,1,1,1,1,1,I-69,,1035,39.017,-86.697,0,14,0,0,1,1,0,2,2,1,0,1,0,0,99,99,99,99,99,99,23,0,0,3,1,0
18,180701,2,2,0,0,0,3,3,67,2430,25,11,2016,6,14,13,0,1,5,1,3,SR-19,CR-300,99998,40.405,-86.032,0,12,2,0,2,2,0,1,1,10,0,10,0,0,99,99,99,99,99,99,0,0,0,1,0,2
18,180702,2,2,0,0,0,3,3,67,2430,25,11,2016,6,17,18,1,1,3,1,2,US-35,SR-19,99998,40.478,-86.032,0,12,6,0,2,2,0,1,5,10,0,10,0,0,99,99,99,99,99,99,0,0,0,1,0,0
18,180714,2,2,0,0,0,6,6,71,1090,12,11,2016,7,15,50,1,1,1,1,1,I-65,,384,38.796,-85.819,0,12,1,0,1,1,0,1,1,1,0,1,0,0,99,99,99,99,99,99,0,0,0,1,0,1
18,180716,2,2,0,0,0,2,2,65,3450,3,11,2016,5,14,31,0,1,3,1,3,SR-3,,99998,39.903,-85.385,0,12,1,0,1,1,0,1,1,10,0,10,0,0,99,99,99,99,88,88,0,0,0,1,0,2
18,180722,2,2,0,0,0,5,5,169,4170,12,11,2016,7,13,0,0,1,4,1,3,SR-15,SR-114,99998,41,-85.89,0,12,6,0,2,2,0,1,1,1,0,1,0,0,99,99,99,99,99,99,0,0,0,1,0,0
18,180726,2,2,0,0,0,2,2,67,1930,3,12,2016,7,17,19,1,1,3,1,2,US-35,,99998,40.478,-85.935,0,12,2,0,1,1,0,1,5,1,0,1,0,0,99,98,99,98,99,98,0,0,0,2,1,0
18,180728,4,4,0,0,0,4,4,61,3850,3,12,2016,7,12,40,0,1,4,1,3,SR-135,WHISKEY RUN ROAD,99998,38.325,-86.096,0,12,7,0,2,2,0,1,1,1,0,1,0,0,99,99,99,99,99,99,0,0,0,1,0,1
18,180734,2,2,0,0,0,2,2,145,4470,5,12,2016,2,6,57,0,1,4,1,3,SR-44,,99998,39.496,-85.904,0,12,2,0,1,1,0,1,2,10,0,10,0,0,99,99,99,99,99,99,0,0,0,1,0,2
18,180737,2,2,0,0,0,2,2,151,1680,13,11,2016,1,22,20,1,1,1,1,1,I-80,,1430,41.747,-85.058,0,12,7,0,1,1,0,1,2,1,0,1,0,0,99,99,99,99,99,99,0,0,0,1,0,0
18,180740,1,1,0,0,0,1,1,157,2480,8,12,2016,5,12,17,0,2,4,1,2,US-52,,99998,40.377,-86.836,0,42,0,0,1,1,0,4,1,10,0,10,0,0,99,99,99,99,99,99,0,0,0,1,0,0
18,180741,2,2,0,0,0,2,2,39,1830,9,12,2016,6,10,42,0,1,4,1,2,US-6,,99998,41.45,-85.808,0,12,2,0,1,1,0,1,1,1,0,1,0,0,99,98,99,98,99,98,0,0,0,1,0,0
18,180747,3,3,0,0,0,4,4,99,4010,7,12,2016,4,6,23,1,1,3,1,2,US-31,12TH ROAD,99998,41.303,-86.275,0,12,6,0,7,1,0,1,2,10,0,10,0,0,99,99,99,99,99,99,0,0,0,1,0,0
18,180749,1,1,0,0,0,1,1,91,2990,9,12,2016,6,0,50,1,1,3,1,2,US-421,,99998,41.606,-86.896,0,31,0,0,1,1,0,4,2,1,0,1,0,0,99,99,99,99,99,99,0,0,0,1,1,0
18,180757,2,2,0,0,0,2,2,35,50,17,12,2016,7,11,7,0,1,4,1,3,SR-67,,99998,40.292,-85.278,0,12,6,0,1,1,0,1,1,3,0,3,0,0,99,99,99,99,99,99,0,0,0,1,0,2
18,180760,2,2,0,0,0,4,4,173,795,17,12,2016,7,1,33,0,1,3,1,3,SR-62,,99998,38.016,-87.428,0,12,2,0,1,1,0,1,2,2,0,2,0,0,99,99,99,99,99,99,0,0,0,1,0,0
18,180761,2,2,0,0,0,2,2,151,3770,15,12,2016,5,9,15,1,1,1,1,1,I-80,,1335,41.756,-85.168,0,34,0,0,1,1,0,4,1,4,0,4,0,0,99,99,99,99,99,99,0,0,0,1,0,0
18,180762,1,1,0,1,1,1,1,39,1410,22,12,2016,5,5,50,0,2,7,2,4,CR-11,,99998,41.75,-85.942,0,8,0,0,1,1,0,1,2,4,0,4,0,0,99,98,99,98,99,98,0,0,0,1,0,2
18,180763,2,2,0,0,0,2,2,89,2010,22,12,2016,5,17,38,1,2,3,4,2,US-20,,99998,41.61,-87.469,0,12,2,0,1,1,0,1,3,1,0,1,0,0,99,99,99,99,99,99,0,0,0,1,1,0
18,180764,2,2,0,0,0,2,2,115,4150,13,12,2016,3,7,0,0,1,4,1,3,SR-56,,99998,38.935,-84.868,0,53,0,0,1,1,0,4,2,2,0,2,0,0,99,99,99,99,99,99,0,0,0,1,0,2
18,180769,1,1,0,0,0,3,3,137,3030,25,12,2016,1,15,10,1,1,3,1,2,US-50,,99998,39.057,-85.176,0,1,0,0,1,1,0,4,1,5,0,5,0,0,99,99,99,99,99,99,0,0,0,1,0,2
18,180770,1,1,0,0,0,1,1,73,4090,25,12,2016,1,19,18,0,1,5,1,2,US-231,,99998,40.834,-87.154,0,42,0,0,1,1,0,4,2,2,0,2,0,0,99,99,99,99,88,88,0,0,0,1,0,0
18,180773,2,2,0,0,0,4,4,53,2850,24,12,2016,7,13,13,1,2,3,1,3,SR-9,44TH ST,99998,40.517,-85.673,0,12,6,0,2,2,0,1,1,10,0,10,0,0,99,99,99,99,99,99,0,0,0,1,0,2
18,180789,2,2,0,0,0,4,4,163,1480,14,12,2016,4,19,13,1,1,3,1,2,US-41,INGLEFIELD RD,99998,38.108,-87.554,0,12,6,0,2,2,0,1,2,1,0,1,0,0,99,99,99,99,99,99,0,0,0,1,0,0
18,180792,2,2,0,0,0,2,2,141,4580,25,12,2016,1,11,51,1,2,3,4,2,US-20,HARRISON ST,99998,41.682,-86.264,0,12,6,0,2,2,0,1,1,10,0,10,0,0,99,99,99,99,99,99,0,0,0,1,0,0
18,180796,1,1,0,0,0,1,1,115,4150,5,12,2016,2,2,50,0,1,5,1,3,SR-56,,99998,38.908,-84.94,0,42,0,0,1,1,0,4,2,1,0,1,0,0,99,99,99,99,99,99,0,0,0,1,0,2
18,180798,2,2,0,0,0,3,3,35,3360,28,12,2016,4,10,30,0,1,4,1,2,US-35,CR-800,99998,40.077,-85.274,0,12,6,0,2,2,0,1,1,1,0,1,0,0,99,99,99,99,99,99,0,0,0,1,0,0
19,190003,1,1,0,0,0,1,1,159,0,10,1,2016,1,3,0,0,1,4,1,3,SR-2,,89,40.711,-94.347,0,1,0,0,1,1,0,4,2,1,0,1,0,0,99,98,99,98,88,88,0,0,0,1,0,2
19,190008,2,2,0,0,0,2,2,175,0,16,1,2016,7,21,15,1,1,3,1,2,US-34,,114,41.05,-94.299,0,12,2,0,1,1,0,1,2,4,0,4,0,0,21,15,21,20,22,0,0,0,0,1,1,0
19,190009,2,2,0,0,0,9,9,29,0,19,1,2016,3,9,25,1,1,1,1,1,I-80,,53,41.497,-95.048,0,12,6,0,1,1,0,1,1,10,4,4,0,0,9,28,9,55,10,35,0,0,0,1,0,0
19,190011,2,2,0,0,0,6,6,37,0,19,1,2016,3,17,47,1,1,3,1,2,US-18,CR-B54 240TH ST,153,43.008,-92.319,0,12,6,0,2,2,0,1,1,10,0,10,0,0,17,48,17,53,99,99,0,0,0,3,0,1
19,190014,3,3,0,2,2,3,3,123,0,23,1,2016,7,19,7,0,1,3,1,3,SR-92,,61,41.29,-92.753,0,12,1,0,1,1,0,1,2,1,0,1,0,0,19,11,19,15,99,99,23,0,0,1,0,2
19,190015,3,3,0,0,0,6,6,103,1830,24,1,2016,1,12,50,1,2,1,1,1,I-80,,110,41.694,-91.622,0,12,1,0,1,1,0,1,1,10,0,10,0,0,99,99,99,99,99,99,0,0,0,1,0,0
19,190018,1,1,0,0,0,1,1,79,0,8,1,2016,6,18,34,1,1,3,1,2,US-20,,29,42.449,-93.861,0,1,0,0,1,1,0,3,2,4,11,4,0,0,99,99,99,99,88,88,0,0,0,1,0,0
19,190019,2,2,0,0,0,2,2,21,0,15,1,2016,6,23,7,1,1,3,1,2,US-20,,40,42.626,-95.152,0,12,8,0,1,1,0,1,2,1,0,1,0,0,99,98,99,98,88,88,0,0,0,1,0,0
19,190020,1,1,0,0,0,1,1,111,4250,25,1,2016,2,20,4,0,2,4,4,6,RIVER RD,,0,40.415,-91.381,0,30,0,0,1,1,0,4,2,10,0,10,0,0,99,98,99,98,88,88,0,0,0,1,0,0