STATE,ST_CASE,VE_TOTAL,VE_FORMS,PVH_INVL,PEDS,PERNOTMVIT,PERMVIT,PERSONS,COUNTY,CITY,DAY,MONTH,YEAR,DAY_WEEK,HOUR,MINUTE,NHS,RUR_URB,FUNC_SYS,RD_OWNER,ROUTE,TWAY_ID,TWAY_ID2,MILEPT,LATITUDE,LONGITUD,SP_JUR,HARM_EV,MAN_COLL,RELJCT1,RELJCT2,TYP_INT,WRK_ZONE,REL_ROAD,LGT_COND,WEATHER1,WEATHER2,WEATHER,SCH_BUS,RAIL,NOT_HOUR,NOT_MIN,ARR_HOUR,ARR_MIN,HOSP_HR,HOSP_MN,CF1,CF2,CF3,FATALS,DRUNK_DR,RANK
19,190021,1,1,0,0,0,1,1,135,0,26,1,2016,3,0,0,0,1,3,1,3,SR-5,,96,41.032,-92.807,0,42,0,0,1,1,0,4,6,99,0,99,0,0,99,99,99,99,88,88,0,0,0,1,1,1
19,190024,4,4,0,0,0,12,12,11,0,4,2,2016,5,5,20,1,1,3,1,2,US-30,,59,41.964,-92.172,0,12,6,0,1,1,0,1,2,1,0,1,0,0,99,99,99,99,99,99,0,0,0,3,0,0
19,190025,2,2,0,0,0,2,2,31,0,9,1,2016,7,5,41,1,1,1,1,1,I-80,,30,41.663,-91.295,0,12,1,0,1,1,0,2,2,4,0,4,0,0,5,43,6,2,6,10,0,0,0,1,0,0
19,190029,1,1,0,0,0,1,1,181,0,15,2,2016,2,3,57,1,1,1,1,1,I-35,,193,41.454,-93.78,0,25,0,0,1,1,1,4,2,4,0,4,0,0,99,98,99,98,88,88,3,0,0,1,0,1
19,190030,3,3,0,0,0,4,4,51,0,23,2,2016,3,10,38,1,1,3,1,2,US-63,CR-V20/LILAC AVE,143,40.74,-92.419,0,12,1,0,2,2,0,1,1,1,0,1,0,0,10,39,10,43,99,99,0,0,0,2,0,0
19,190032,2,2,0,0,0,2,2,167,0,26,2,2016,6,8,54,1,1,3,1,2,US-75,,181,43.179,-96.177,0,12,2,0,1,1,0,1,1,1,0,1,0,0,9,5,9,14,9,35,0,0,0,1,0,0
19,190033,1,1,0,0,0,1,1,97,0,2,3,2016,4,6,16,0,1,4,1,3,SR-64,,288,42.052,-90.377,0,35,0,0,1,1,0,4,2,1,0,1,0,0,99,98,99,98,88,88,0,0,0,1,1,2
19,190034,2,2,0,0,0,2,2,157,0,3,3,2016,5,0,22,1,1,1,1,1,I-80,,181,41.696,-92.411,0,12,1,0,1,1,0,1,2,4,0,4,0,0,99,98,99,98,88,88,0,0,0,1,0,0
19,190041,1,1,0,0,0,1,1,191,0,12,3,2016,7,9,36,0,1,4,1,3,SR-24,,66,43.126,-91.962,0,23,0,0,1,1,0,4,1,1,0,1,0,0,9,35,9,51,88,88,0,0,0,1,0,2
19,190043,1,1,0,0,0,1,1,163,2640,16,3,2016,4,15,18,1,2,3,1,2,US-61,,204,41.648,-90.568,0,1,0,0,1,1,0,4,1,6,0,6,0,0,15,20,15,26,15,45,0,0,0,1,0,0
19,190044,2,2,0,0,0,3,3,181,0,7,3,2016,2,20,51,1,1,3,1,2,US-65,,224,41.439,-93.558,0,12,1,0,7,1,0,1,2,1,0,1,0,0,99,98,99,98,88,88,0,0,0,1,0,0
19,190046,2,2,0,0,0,5,5,47,0,22,3,2016,3,6,15,1,1,3,1,2,US-59,,30,41.913,-95.344,0,12,6,0,1,1,0,1,2,10,0,10,0,0,6,17,6,27,99,99,0,0,0,1,0,0
19,190051,1,1,0,0,0,1,1,1,0,6,3,2016,1,7,15,0,1,4,1,3,SR-92,,215,41.316,-94.304,0,1,0,0,1,1,0,4,1,1,0,1,0,0,99,98,99,98,88,88,0,0,0,1,0,2
19,190052,1,1,0,0,0,3,3,193,0,1,4,2016,6,13,35,1,1,1,1,1,I-29,,84,42.324,-96.311,0,59,0,0,1,1,0,3,1,1,0,1,0,0,13,31,13,47,14,5,0,0,0,1,0,0
19,190053,2,2,0,0,0,2,2,107,0,6,4,2016,4,6,27,0,1,4,1,3,SR-149,CR-305TH ST,137,41.213,-92.214,0,12,8,0,2,2,0,1,2,10,0,10,0,0,6,26,6,34,6,48,0,0,0,1,0,2
19,190056,2,2,0,0,0,3,3,163,2080,24,2,2016,4,16,39,1,2,1,1,1,I-80,,164,41.599,-90.587,0,18,0,0,1,1,0,1,1,1,0,1,0,0,99,98,99,98,88,88,14,0,0,1,0,0
19,190061,1,1,0,0,0,1,1,121,0,3,4,2016,1,19,54,1,1,3,1,2,US-169,,204,41.431,-94.011,0,42,0,0,1,1,0,4,2,10,0,10,0,0,99,98,99,98,88,88,0,0,0,1,0,0
19,190063,2,2,0,0,0,4,4,49,0,26,3,2016,7,0,34,1,1,1,1,1,I-80,,179,41.563,-93.878,0,12,2,0,1,1,0,1,2,1,0,1,0,0,99,98,99,98,88,88,0,0,0,4,1,1
19,190066,1,1,0,0,0,2,2,109,0,18,4,2016,2,13,47,1,1,3,1,2,US-18,CR-140 AVE,129,43.083,-94.187,0,30,0,0,3,2,0,4,1,10,0,10,0,0,99,98,99,98,88,88,0,0,0,2,0,1
19,190067,2,2,0,0,0,3,3,39,0,19,4,2016,3,10,58,1,1,3,1,2,US-34,CR-SW BLVD,111,41.026,-93.799,0,12,6,0,2,2,0,1,1,10,0,10,0,0,11,4,11,7,11,34,0,0,0,1,0,0
19,190070,2,2,0,0,0,3,3,179,0,21,4,2016,5,14,10,1,1,3,1,2,US-63,CR-EDDYVILLE RD,209,41.095,-92.513,0,12,6,0,2,2,0,1,1,10,0,10,0,0,99,98,99,98,88,88,0,0,0,2,0,0
19,190071,2,2,0,0,0,3,3,179,0,22,4,2016,6,10,40,1,1,3,1,2,US-34,CR-T61/MONROE WAPPELLO RD,0,41.016,-92.64,0,12,6,0,2,2,0,1,1,10,0,10,0,0,10,36,10,48,11,48,0,0,0,1,0,0
19,190073,2,2,0,0,0,4,4,153,0,23,4,2016,7,0,45,1,1,1,1,1,I-35,,192,41.651,-93.585,0,12,7,0,1,1,0,1,2,1,0,1,0,0,99,98,99,98,88,88,0,0,0,1,1,1
19,190074,1,1,0,0,0,1,1,43,0,10,4,2016,1,3,38,1,1,3,1,2,US-52,,50,42.719,-91.072,0,1,0,0,1,1,0,4,2,1,0,1,0,0,99,98,99,98,88,88,0,0,0,1,1,0
19,190075,2,2,0,0,0,2,2,161,0,23,4,2016,7,5,15,1,1,3,1,2,US-20,,99999,42.47,-95.115,0,12,1,0,1,1,0,1,2,5,0,5,0,0,99,98,99,98,88,88,0,0,0,1,0,0
19,190077,2,2,0,0,0,3,3,27,1250,25,4,2016,2,13,53,1,1,3,1,2,US-71,,182,42.091,-94.879,0,12,2,0,1,1,0,1,1,1,0,1,0,0,13,55,14,12,99,99,0,0,0,1,0,0
19,190081,2,2,0,0,0,2,2,69,0,16,2,2016,3,18,43,1,1,3,1,2,US-65,CR-C25/190TH ST,169,42.803,-93.202,0,12,6,0,2,2,0,1,3,1,0,1,0,0,99,99,99,99,99,99,0,0,0,1,0,0
19,190084,2,2,0,0,0,4,4,129,0,30,4,2016,7,17,39,1,1,3,1,2,US-34,,247,41.031,-95.477,0,12,2,0,1,1,0,1,1,10,2,2,0,0,17,35,17,47,99,99,0,0,0,1,0,0
19,190093,2,2,0,0,0,4,4,135,0,7,5,2016,7,8,17,0,1,3,1,3,SR-5,,12,40.917,-92.83,0,12,2,0,1,1,0,1,1,1,0,1,0,0,99,99,99,99,99,99,0,0,0,1,0,1
19,190097,4,4,0,0,0,5,5,163,0,9,5,2016,2,15,18,1,1,1,1,1,I-80,,254,41.597,-90.405,0,12,1,0,1,1,0,1,1,10,0,10,0,0,99,99,99,99,99,99,0,0,0,2,0,0
19,190103,2,2,0,0,0,2,2,71,0,16,5,2016,2,15,20,1,1,4,1,2,US-59,CR-J46/250TH ST,71,40.685,-95.392,0,12,6,0,2,2,0,1,1,2,10,2,0,0,99,99,99,99,99,99,0,0,0,1,0,0
19,190110,2,2,0,0,0,2,2,163,2080,19,5,2016,5,17,22,1,2,1,1,1,I-80,,174,41.596,-90.568,0,12,1,0,1,1,0,1,1,1,0,1,0,0,99,98,99,98,88,88,0,0,0,1,0,0
19,190114,1,1,0,0,0,1,1,13,1330,25,5,2016,4,17,14,0,2,3,1,3,SR-58,,244,42.491,-92.452,0,57,0,0,1,1,0,3,1,10,0,10,0,0,17,15,17,18,17,30,0,0,0,1,0,1
19,190118,2,2,0,0,0,2,2,169,0,1,3,2016,3,16,21,1,1,3,1,2,US-65,CAR-E29/190TH ST,148,42.078,-93.31,0,12,6,0,2,2,0,1,1,1,0,1,0,0,16,24,16,33,17,29,0,0,0,1,0,0
19,190119,1,1,0,0,0,1,1,45,0,14,3,2016,2,10,22,1,1,3,1,2,US-30,,289,41.816,-90.369,0,35,0,0,1,1,0,4,1,10,0,10,0,0,10,35,10,43,11,18,0,0,0,1,0,0
19,190120,1,1,0,0,0,3,3,5,0,1,5,2016,1,2,13,0,1,4,1,3,SR-76,CR-A16/DORCHESTER DR,385,43.462,-91.497,0,1,0,0,3,3,0,4,2,2,0,2,0,0,99,99,99,99,99,99,0,0,0,1,1,2
19,190122,3,3,0,0,0,5,5,47,2230,12,6,2016,1,11,40,0,1,4,1,3,SR-39,,13,42.041,-95.362,0,12,6,0,1,1,0,1,1,1,0,1,0,0,11,32,11,38,12,0,0,0,0,2,0,2
19,190123,1,1,0,1,1,1,1,111,0,1,6,2016,4,21,15,1,1,3,1,2,US-61,,317,40.724,-91.216,0,9,0,0,1,1,0,1,2,10,0,10,0,0,99,98,99,98,88,88,0,0,0,1,0,0
19,190124,2,2,0,0,0,2,2,173,0,4,6,2016,7,17,25,0,1,4,1,3,SR-2,CR-49/LAKE RD,131,40.675,-94.707,0,12,6,0,2,2,0,1,1,1,0,1,0,0,99,99,99,99,99,99,0,0,0,1,1,2
19,190125,1,1,0,1,1,2,2,145,0,7,6,2016,3,7,16,0,1,3,1,3,SR-2,CR-J40/A AVE,8,40.743,-95.366,0,8,0,0,2,2,0,1,1,1,0,1,0,0,99,98,99,98,88,88,0,0,0,1,0,2
19,190128,1,1,0,0,0,1,1,39,0,9,6,2016,5,22,45,0,1,5,1,3,SR-152,,6,41.066,-93.77,0,42,0,0,1,1,0,4,1,1,0,1,0,0,22,52,22,59,23,18,0,0,0,1,0,1
19,190129,4,4,0,0,0,5,5,153,280,10,6,2016,6,6,18,1,2,1,1,1,I-35,,254,41.735,-93.578,0,12,1,0,1,1,2,1,1,1,0,1,0,0,99,99,99,99,99,99,0,0,0,1,1,1
19,190130,1,1,0,0,0,1,1,171,0,11,6,2016,7,16,56,1,1,3,1,2,US-30,CR-330TH ST,118,41.964,-92.55,0,1,0,0,3,3,0,4,1,1,0,1,0,0,99,98,99,98,88,88,0,0,0,1,1,0
19,190132,2,2,0,0,0,2,2,115,0,16,6,2016,5,3,15,1,1,3,1,2,US-64,,40,41.135,-91.178,0,11,0,0,1,1,0,1,2,1,0,1,0,0,99,98,99,98,88,88,14,0,0,1,0,0
19,190133,2,2,0,0,0,3,3,111,4250,21,5,2016,7,11,6,1,2,3,1,2,US-61,,20,40.417,-91.426,0,12,6,0,1,1,0,1,1,1,0,1,0,0,11,13,11,24,12,1,0,0,0,1,0,0
19,190138,1,1,0,0,0,1,1,55,0,19,6,2016,1,8,57,0,1,3,1,3,SR-3,,140,42.639,-91.215,0,1,0,0,1,1,0,1,1,1,0,1,0,0,9,3,9,32,10,23,0,0,0,1,0,2
19,190140,2,2,0,0,0,2,2,53,0,20,6,2016,2,18,43,1,1,1,1,1,I-35,,118,40.727,-93.843,0,12,6,0,1,1,1,1,1,1,0,1,0,0,18,48,18,53,19,26,0,0,0,1,0,1
19,190141,3,3,0,0,0,3,3,181,0,23,6,2016,5,18,15,1,1,1,1,1,I-35,,142,41.376,-93.781,0,12,1,0,1,1,1,1,1,1,0,1,0,0,99,98,99,98,88,88,0,0,0,1,0,1
19,190144,1,1,0,0,0,1,1,1,0,24,6,2016,6,10,25,1,1,1,1,1,I-80,,80,41.496,-94.529,0,1,0,0,1,1,0,4,1,1,0,1,0,0,10,34,10,46,11,55,0,0,0,1,0,0
19,190147,1,1,0,0,0,1,1,43,0,25,6,2016,7,12,38,1,1,3,1,2,US-52,,40,42.704,-91.076,0,1,0,0,1,1,0,4,1,1,0,1,0,0,12,38,13,3,13,59,0,0,0,1,0,0
19,190148,1,1,0,0,0,2,2,119,0,25,6,2016,7,16,23,0,1,4,1,3,SR-9,,230,43.433,-96.11,0,1,0,0,1,1,0,4,1,1,0,1,0,0,16,40,16,46,17,20,0,0,0,1,0,2
19,190157,1,1,0,0,0,10,10,95,0,7,7,2016,5,18,42,1,1,1,1,1,I-80,,68,41.696,-92.166,0,1,0,0,1,1,1,4,1,1,0,1,0,0,99,99,99,99,99,99,0,0,0,1,0,0
19,190158,2,2,0,0,0,8,8,159,0,8,7,2016,6,10,50,0,1,4,1,3,SR-2,CR-P27,69,40.712,-94.386,0,12,6,0,2,2,0,1,1,1,0,1,0,0,10,43,10,52,11,25,0,0,0,5,0,2
19,190161,1,1,0,0,0,1,1,127,0,27,4,2016,4,2,0,1,1,3,1,2,US-30,CR-T37/ZELLER AVE,231,42.012,-92.785,0,1,0,1,19,1,0,4,2,1,0,1,0,0,99,98,99,98,88,88,0,0,0,1,1,0
19,190166,2,2,0,0,0,4,4,83,0,22,7,2016,6,7,57,1,1,3,1,2,US-65,CR-C73/HARDIN ST,262,42.557,-93.259,0,12,6,0,2,3,0,1,1,1,0,1,0,0,8,0,8,10,99,99,0,0,0,2,0,0
19,190168,1,1,0,1,1,1,1,129,0,24,7,2016,1,6,39,1,1,3,1,2,US-34,,24,41.044,-95.845,0,9,0,0,1,1,0,1,1,1,0,1,0,0,99,98,99,98,88,88,0,0,0,1,0,0
19,190175,1,1,0,0,0,1,1,193,0,26,7,2016,3,2,0,0,1,4,1,3,SR-31,CR-260TH ST,67,42.324,-95.899,0,59,0,0,3,3,0,4,2,1,0,1,0,0,99,98,99,98,88,88,0,0,0,1,1,2
19,190179,1,1,0,0,0,1,1,133,0,29,7,2016,6,22,2,0,1,4,1,3,SR-141,CR-SPRUCE AVE,102,42.136,-95.748,0,35,0,0,3,2,0,4,2,1,0,1,0,0,99,98,99,98,88,88,0,0,0,1,1,2
19,190185,1,1,0,0,0,2,2,75,0,4,8,2016,5,15,30,1,1,3,1,2,US-20,,220,42.464,-92.559,0,34,0,0,1,1,0,4,1,10,0,10,0,0,15,31,15,40,99,99,0,0,0,1,0,0
19,190186,2,2,0,0,0,3,3,83,0,11,7,2016,2,3,25,1,1,3,1,2,US-20,,118,42.448,-93.226,0,1,0,0,1,1,0,1,2,1,0,1,0,0,3,22,3,37,99,99,0,0,0,1,0,0
19,190188,1,1,0,0,0,2,2,111,0,21,5,2016,7,1,26,0,1,4,1,3,SR-16,,242,40.74,-91.313,0,5,0,0,1,1,0,1,2,99,0,99,0,0,88,88,88,88,88,88,0,0,0,1,1,2
19,190189,1,1,0,0,0,2,2,133,0,5,8,2016,6,4,0,1,1,1,1,1,I-29,,100,42.014,-96.122,0,1,0,0,1,1,0,1,2,1,0,1,0,0,4,14,4,24,4,44,0,0,0,1,0,0
19,190190,2,2,0,0,0,4,4,179,6490,5,8,2016,6,12,17,0,2,4,1,3,SR-149,E ROCHESTER ST,33,41.06,-92.41,0,12,6,0,2,2,0,1,1,1,0,1,0,0,12,18,12,25,12,40,0,0,0,1,0,2
19,190195,2,2,0,0,0,1,1,67,0,9,8,2016,3,11,46,1,1,3,1,2,US-18,,65,43.122,-92.891,0,12,1,0,1,1,0,1,1,1,0,1,0,0,11,50,12,6,12,34,0,0,0,1,0,1
19,190209,2,2,0,0,0,3,3,123,0,22,8,2016,2,16,9,0,1,3,1,3,SR-163,,16,41.39,-92.837,0,12,1,0,1,1,0,1,1,1,0,1,0,0,99,99,99,99,99,99,0,0,0,1,0,2
19,190211,1,1,0,0,0,1,1,183,0,23,8,2016,3,12,8,0,1,3,1,3,SR-1,,147,41.279,-91.719,0,38,0,0,1,1,1,4,1,99,0,99,0,0,88,88,88,88,88,88,0,0,0,1,0,1
19,190218,2,2,0,0,0,2,2,45,0,8,9,2016,5,13,4,1,1,3,1,2,US-61,,91,41.892,-90.588,0,12,1,0,1,1,0,1,1,1,0,1,0,0,13,5,13,12,13,26,0,0,0,1,0,0
19,190221,1,1,0,1,1,2,2,163,0,1,9,2016,5,10,10,1,1,3,1,2,US-61,,23,41.509,-90.74,0,8,0,0,1,1,1,1,1,1,0,1,0,0,10,20,10,31,10,47,20,0,0,1,0,0
19,190230,2,2,0,0,0,2,2,139,0,4,8,2016,5,4,17,1,1,3,1,2,US-61,,286,41.513,-90.788,0,12,2,0,1,1,0,1,2,1,0,1,0,0,99,98,99,98,88,88,0,0,0,2,1,0
19,190238,1,1,0,0,0,3,3,111,0,31,7,2016,1,3,10,0,1,3,1,3,SR-2,,120,40.632,-91.499,0,35,0,0,1,1,0,4,2,1,0,1,0,0,99,99,99,99,99,99,0,0,0,1,0,2
19,190247,2,2,0,0,0,2,2,61,0,2,10,2016,1,1,12,1,1,3,1,2,US-61,CR-Y38/KEY WEST DR,98,42.437,-90.681,0,12,6,0,2,2,0,1,3,2,0,2,0,0,1,14,1,23,1,42,0,0,0,1,1,0
19,190250,2,2,0,0,0,4,4,195,0,10,10,2016,2,14,30,0,1,4,1,3,SR-9,,9,43.27,-93.472,0,12,2,0,1,1,0,1,1,1,0,1,0,0,99,99,99,99,99,99,0,0,0,1,0,2
19,190252,1,1,0,0,0,1,1,139,0,11,10,2016,3,6,21,0,1,3,1,3,SR-38,,28,41.474,-91.038,0,11,0,0,1,1,0,1,2,10,0,10,0,0,6,22,6,31,88,88,0,0,0,1,0,2
19,190253,2,2,0,0,0,4,4,153,0,11,10,2016,3,21,33,0,1,3,1,3,SR-163,,68,41.6,-93.469,0,12,2,0,1,1,0,1,2,1,0,1,0,0,99,99,99,99,99,99,0,0,0,1,1,2
19,190262,1,1,0,0,0,1,1,41,0,14,10,2016,6,7,30,0,1,4,1,3,SR-10,,73,42.924,-95.242,0,30,0,0,1,1,0,4,4,1,0,1,0,0,7,34,7,52,88,88,0,0,0,1,0,2
19,190263,2,2,0,0,0,3,3,67,0,14,10,2016,6,16,56,1,1,3,1,2,US-18,CR-T38/LANCER AVE,109,43.127,-92.81,0,12,6,0,2,2,0,1,1,1,0,1,0,0,99,98,99,98,88,88,0,0,0,2,0,1
19,190264,3,3,0,0,0,3,3,149,0,14,10,2016,6,21,54,0,1,3,1,3,SR-3,,293,42.804,-96.139,0,12,6,0,1,1,0,1,2,10,0,10,0,0,20,54,21,1,21,14,14,0,0,1,0,2
19,190265,2,2,0,0,0,2,2,111,0,18,10,2016,3,11,8,0,1,3,1,3,SR-2,,158,40.633,-91.435,0,12,2,0,1,1,0,1,1,1,0,1,0,0,11,4,11,13,11,50,0,0,0,1,0,2
19,190267,1,1,0,0,0,4,4,155,0,22,10,2016,7,20,33,1,1,1,1,1,I-80,,379,41.498,-95.38,0,1,0,0,1,1,0,3,2,1,0,1,0,0,99,99,99,99,99,99,0,0,0,1,1,0
19,190273,2,2,0,0,0,2,2,97,0,22,8,2016,2,5,37,1,1,3,1,2,US-61,CR-Y53/HURSTVILLE RD,55,42.097,-90.683,0,12,1,0,2,2,0,1,4,1,0,1,0,0,5,37,5,44,88,88,0,0,0,1,0,0
19,190278,2,2,0,0,0,2,2,103,0,28,10,2016,6,7,54,1,1,1,1,1,I-80,,51,41.695,-91.717,0,12,1,0,1,1,0,1,1,10,0,10,0,0,7,56,8,8,99,99,0,0,0,1,0,0
19,190279,1,1,0,0,0,1,1,15,0,29,10,2016,7,3,30,1,1,3,1,2,US-30,,199,42.024,-93.787,0,32,0,0,1,1,0,4,2,10,0,10,0,0,99,98,99,98,88,88,0,0,0,1,0,0
19,190283,1,1,0,0,0,1,1,163,0,28,10,2016,6,3,15,1,1,1,1,1,I-80,,246,41.598,-90.431,0,23,0,0,1,1,0,4,2,1,0,1,0,0,99,98,99,98,88,88,0,0,0,1,0,0
19,190286,2,2,0,0,0,2,2,149,0,28,8,2016,1,23,28,0,1,3,1,3,SR-3,,299,42.806,-96.13,0,12,2,0,1,1,0,1,2,1,0,1,0,0,23,28,23,39,23,53,0,0,0,1,0,2
19,190300,2,2,0,0,0,2,2,29,0,4,11,2016,6,5,31,1,1,1,1,1,I-80,,127,41.497,-94.906,0,24,0,0,1,1,0,4,2,1,0,1,0,0,5,36,5,48,6,14,0,0,0,1,0,0
19,190302,1,1,0,0,0,2,2,29,0,5,11,2016,7,13,10,1,1,1,1,1,I-80,,225,41.497,-94.714,0,1,0,0,1,1,0,3,1,1,0,1,0,0,99,99,99,99,99,99,0,0,0,1,0,0
19,190303,1,1,0,0,0,2,2,29,0,6,11,2016,1,7,13,1,1,1,1,1,I-80,,9,41.498,-95.129,0,1,0,0,1,1,0,4,1,1,0,1,0,0,99,99,99,99,99,99,0,0,0,1,1,0
19,190310,2,2,0,0,0,2,2,157,0,10,11,2016,5,15,39,1,1,3,1,2,US-6,,52,41.746,-92.664,0,12,1,0,1,1,0,1,1,1,0,1,1,0,16,8,16,28,17,5,0,0,0,1,0,0
19,190313,1,1,0,0,0,1,1,163,2080,12,11,2016,7,17,0,1,2,1,1,1,I-80,,145,41.6,-90.626,0,6,0,0,1,1,0,4,5,1,0,1,0,0,99,98,99,98,88,88,0,0,0,1,0,0
19,190316,1,1,0,0,0,3,3,125,6650,15,11,2016,3,17,36,0,2,3,1,3,SR-163,,116,41.39,-92.924,0,1,0,0,1,1,0,1,5,1,0,1,0,0,99,99,99,99,99,99,0,0,0,1,0,2
19,190320,1,1,0,0,0,1,1,13,1330,21,11,2016,2,14,42,0,2,3,1,3,SR-27,US-218,286,42.537,-92.426,0,21,0,1,19,1,0,4,1,10,0,10,0,0,99,98,99,98,88,88,0,0,0,1,0,2
19,190322,3,3,0,0,0,10,10,169,0,23,11,2016,4,16,50,1,2,1,1,1,I-35,,15,41.893,-93.571,0,12,1,0,1,1,0,1,5,1,0,1,0,0,17,3,17,5,17,46,0,0,0,1,0,1
19,190324,2,2,0,0,0,4,4,117,0,24,11,2016,5,20,0,1,1,3,1,2,US-65,,2,40.911,-93.482,0,12,7,0,1,1,0,2,2,1,0,1,0,0,99,98,99,98,88,88,0,0,0,1,1,0
19,190325,2,2,0,0,0,2,2,33,0,25,11,2016,6,19,35,1,1,3,1,2,US-65,,89,43.045,-93.201,0,12,2,0,1,1,0,1,2,1,0,1,0,0,99,99,99,99,99,99,0,0,0,1,0,0
19,190327,2,2,0,0,0,3,3,23,0,2,12,2016,6,18,23,0,1,4,1,3,SR-14,,39,42.588,-92.79,0,12,6,0,8,1,0,1,2,1,0,1,0,0,99,98,99,98,88,88,0,0,0,2,0,2
19,190331,1,1,0,0,0,3,3,169,0,15,11,2016,3,8,0,1,1,1,1,1,I-35,,174,42.116,-93.553,0,1,0,0,1,1,0,4,1,1,0,1,0,0,8,7,8,21,8,48,0,0,0,1,0,1
19,190332,2,2,0,0,0,2,2,181,0,6,12,2016,3,6,42,1,1,3,1,2,US-65,CR-G16 SCOTCH RIDGE RD,245,41.472,-93.559,0,12,6,0,2,3,0,1,4,10,0,10,0,0,99,99,99,99,99,99,0,0,0,1,0,0
19,190334,2,2,0,0,0,2,2,5,0,7,12,2016,4,16,51,0,1,4,1,3,SR-9,,0,43.241,-91.591,0,12,2,0,1,1,0,1,5,10,0,10,0,0,16,57,17,2,17,25,0,0,0,1,1,2
19,190335,3,3,0,0,0,12,12,29,0,10,12,2016,7,9,6,1,1,1,1,1,I-80,,176,41.497,-94.812,0,12,6,0,1,1,0,1,1,7,10,7,0,0,99,99,99,99,99,99,0,0,0,3,0,1
19,190336,5,5,0,0,0,6,6,39,0,10,12,2016,7,9,50,1,1,1,1,1,I-35,,150,41.113,-93.782,0,12,1,0,1,1,0,1,1,7,0,7,0,0,10,13,10,32,10,56,0,0,0,1,0,1
19,190337,1,1,0,1,1,1,1,43,0,13,12,2016,3,17,24,1,1,3,1,2,US-18,,111,43.041,-91.391,0,8,0,0,1,1,0,1,3,10,0,10,0,0,17,23,17,29,18,8,0,0,0,1,0,1
19,190339,1,1,0,0,0,1,1,103,4050,15,12,2016,5,18,3,1,2,1,1,1,I-80,,177,41.687,-91.493,0,24,0,0,1,1,0,4,2,1,0,1,0,0,18,4,18,12,18,35,0,0,0,1,1,0
19,190340,1,1,0,0,0,1,1,123,0,15,12,2016,5,17,2,1,1,3,1,2,US-63,,185,41.424,-92.651,0,1,0,0,1,1,0,4,2,1,0,1,0,0,99,98,99,98,88,88,0,0,0,1,0,0
19,190341,1,1,0,0,0,1,1,29,0,16,12,2016,6,17,50,1,1,1,1,1,I-80,,215,41.497,-94.725,0,35,0,0,1,1,0,4,2,12,0,12,0,0,18,6,18,19,19,3,0,0,0,1,0,0
19,190345,2,2,0,0,0,4,4,129,0,20,11,2016,1,16,50,1,1,3,1,2,US-34,,193,41.031,-95.581,0,12,2,0,1,1,0,1,5,10,0,10,0,0,16,48,16,59,99,99,0,0,0,1,0,0
19,190347,2,2,0,0,0,2,2,155,1900,3,12,2016,7,15,23,1,2,1,1,1,I-29,,121,41.276,-95.878,0,12,9,0,1,1,0,1,1,4,0,4,0,0,15,24,15,28,99,99,0,0,0,1,0,0
19,190349,2,2,0,0,0,2,2,15,0,23,12,2016,6,8,33,1,1,3,1,2,US-30,,10,42.035,-94.142,0,12,6,0,1,1,0,1,1,4,10,4,0,0,99,98,99,98,88,88,0,0,0,1,0,0
19,190350,2,2,0,0,0,2,2,121,0,23,12,2016,6,17,45,1,1,3,1,2,US-169,,173,41.39,-94.018,0,12,2,0,1,1,0,1,2,2,10,2,0,0,17,54,18,8,18,38,0,0,0,1,1,0
19,190353,3,1,2,0,0,1,1,99,0,27,12,2016,3,2,1,1,1,1,1,1,I-80,,256,41.695,-92.856,0,14,0,0,1,1,0,2,2,1,0,1,0,0,99,98,99,98,88,88,14,0,0,1,0,0
19,190356,2,2,0,0,0,2,2,7,0,27,12,2016,3,22,5,0,1,4,1,3,SR-5,,82,40.655,-92.868,0,12,2,0,1,1,0,1,2,1,0,1,0,0,22,11,22,17,22,40,0,0,0,2,1,1
20,200001,1,1,0,0,0,1,1,209,2820,2,1,2016,7,19,50,1,2,1,31,1,I-70,,4156,39.106,-94.74,0,35,0,1,5,1,0,4,3,98,0,98,0,0,19,49,19,54,20,14,0,0,0,1,1,0
20,200002,2,2,0,0,0,2,2,61,0,5,1,2016,3,7,15,1,1,3,1,2,US-77,TWELFTH ST,1650,39.176,-96.902,0,12,6,0,2,2,0,1,4,1,0,1,0,0,7,18,7,33,99,99,0,0,0,1,0,0
20,200003,2,2,0,0,0,2,2,55,0,5,1,2016,3,16,58,1,1,3,1,2,US-83,,598,37.833,-100.871,0,12,2,0,1,1,0,2,1,98,0,98,0,0,16,0,16,13,17,11,0,0,0,1,0,0
20,200004,2,2,0,0,0,5,5,131,0,7,1,2016,5,8,25,1,1,3,1,2,US-36,CR-W ROAD,3365,39.842,-95.826,0,12,6,0,2,2,0,1,1,2,5,2,0,0,8,22,8,39,8,50,0,0,0,1,0,1
20,200014,1,1,0,0,0,1,1,101,1360,20,1,2016,4,14,30,0,1,3,1,3,SR-4,,317,38.639,-100.329,0,1,0,0,1,1,0,4,1,10,0,10,0,0,88,88,88,88,88,88,0,0,0,1,0,2
20,200018,1,1,0,2,2,1,1,69,0,28,1,2016,5,5,1,1,1,3,1,2,US-50,,1070,37.794,-100.234,0,8,0,0,1,1,0,2,2,98,0,98,0,0,5,2,5,13,6,11,23,0,0,2,0,2
20,200022,2,1,1,0,0,1,1,17,0,19,1,2016,3,11,26,1,1,1,31,1,I-35,,987,38.104,-96.575,0,14,0,0,1,1,0,2,1,12,0,12,0,0,11,39,12,13,13,30,0,0,0,1,0,1