STATE,ST_CASE,VE_TOTAL,VE_FORMS,PVH_INVL,PEDS,PERNOTMVIT,PERMVIT,PERSONS,COUNTY,CITY,DAY,MONTH,YEAR,DAY_WEEK,HOUR,MINUTE,NHS,RUR_URB,FUNC_SYS,RD_OWNER,ROUTE,TWAY_ID,TWAY_ID2,MILEPT,LATITUDE,LONGITUD,SP_JUR,HARM_EV,MAN_COLL,RELJCT1,RELJCT2,TYP_INT,WRK_ZONE,REL_ROAD,LGT_COND,WEATHER1,WEATHER2,WEATHER,SCH_BUS,RAIL,NOT_HOUR,NOT_MIN,ARR_HOUR,ARR_MIN,HOSP_HR,HOSP_MN,CF1,CF2,CF3,FATALS,DRUNK_DR,RANK
20,200034,1,1,0,0,0,2,2,27,0,15,2,2016,2,14,22,1,1,3,1,3,SR-24,,2810,39.38,-97.045,0,32,0,0,1,1,0,4,1,98,0,98,0,0,14,32,14,38,14,55,0,0,0,1,0,2
20,200038,2,2,0,0,0,4,4,23,520,7,2,2016,1,14,20,0,1,3,1,2,US-36,,311,39.757,-101.618,0,12,8,0,1,1,0,1,1,6,0,6,0,0,14,26,14,32,15,20,0,0,0,1,0,1
20,200039,3,3,0,0,0,3,3,161,3490,13,2,2016,7,11,0,1,1,3,1,2,US-24,MARLATT AVE,0,39.219,-96.579,0,12,6,0,2,2,0,1,1,98,0,98,0,0,11,3,11,10,11,26,0,0,0,1,0,1
20,200040,2,2,0,0,0,2,2,191,0,15,2,2016,2,8,36,0,1,3,1,2,US-160,MAYFIELD RD,2867,37.272,-97.549,0,12,1,0,3,2,0,1,1,98,0,98,0,0,8,41,8,49,88,88,0,0,0,1,0,0
20,200042,2,2,0,0,0,2,2,209,2820,19,2,2016,6,20,30,1,2,1,1,1,I-35,,2345,39.067,-94.621,0,12,2,0,1,1,0,1,3,98,0,98,0,0,20,32,20,37,20,52,0,0,0,1,2,1
20,200043,2,2,0,0,0,3,3,13,0,24,2,2016,4,11,42,1,1,3,1,2,US-75,SR-246,2230,39.914,-95.786,0,12,6,0,2,2,0,1,1,1,0,1,0,0,11,47,11,56,12,28,0,0,0,2,0,0
20,200044,2,2,0,0,0,3,3,37,0,28,2,2016,1,17,45,1,1,3,1,2,US-169,,529,37.639,-94.703,0,12,2,0,1,1,0,1,5,1,0,1,0,0,17,50,18,4,18,43,0,0,0,2,0,0
20,200048,2,2,0,0,0,3,3,177,5400,28,2,2016,1,2,10,1,2,1,1,1,I-70,,3562,39.054,-95.758,0,12,2,1,18,1,0,1,3,1,0,1,0,0,2,10,2,21,2,55,0,0,0,2,1,1
20,200049,2,2,0,0,0,2,2,173,2392,2,3,2016,4,22,12,1,2,1,1,1,I-35,,388,37.556,-97.326,0,12,1,0,1,1,0,1,2,98,0,98,0,0,22,17,22,40,23,6,19,0,0,1,0,1
20,200054,1,1,0,0,0,3,3,167,0,7,3,2016,2,2,0,0,1,3,1,2,US-281,,1508,38.981,-98.854,0,35,0,0,1,1,0,4,2,98,0,98,0,0,2,40,2,50,3,22,0,0,0,1,0,0
20,200057,1,1,0,0,0,1,1,69,950,13,3,2016,1,10,50,1,1,3,1,2,US-50,,989,37.812,-100.404,0,42,0,0,1,1,0,4,1,98,0,98,0,0,10,50,10,59,88,88,0,0,0,1,0,2
20,200058,2,2,0,0,0,2,2,13,0,16,3,2016,4,14,54,1,1,3,1,2,US-75,,2189,39.869,-95.776,0,12,2,0,1,1,0,1,1,1,0,1,0,0,14,59,15,6,15,41,0,0,0,1,0,0
20,200059,1,1,0,0,0,1,1,209,2820,19,3,2016,7,19,0,1,2,1,1,1,I-70,,4231,39.097,-94.624,0,1,0,1,18,1,0,1,1,98,0,98,0,0,19,1,19,5,88,88,0,0,0,1,1,0
20,200061,1,1,0,0,0,1,1,59,0,19,3,2016,7,18,45,0,1,3,1,3,SR-68,,130,38.608,-95.499,0,34,0,0,1,1,0,4,1,98,0,98,0,0,18,55,19,7,88,88,0,0,0,1,0,2
20,200071,2,2,0,0,0,2,2,99,0,22,3,2016,3,16,35,0,1,3,1,2,US-59,,67,37.086,-95.103,0,12,2,0,1,1,0,1,1,10,0,10,0,0,16,39,16,46,88,88,0,0,0,2,0,0
20,200072,1,1,0,0,0,2,2,15,0,25,3,2016,6,2,4,1,1,1,31,1,I-35,,583,37.75,-97.033,0,11,0,0,1,1,0,1,2,1,0,1,0,0,2,7,2,18,2,59,0,0,0,1,0,1
20,200073,2,2,0,0,0,2,2,159,0,29,3,2016,3,7,17,1,1,3,1,3,SR-14,T RD,872,38.246,-98.207,0,12,6,0,2,2,0,1,4,98,0,98,0,0,7,17,7,25,99,99,0,0,0,1,0,2
20,200074,1,1,0,0,0,1,1,149,0,3,4,2016,1,17,27,1,1,3,1,2,US-24,,3381,39.216,-96.173,0,1,0,0,1,1,0,4,1,6,0,6,0,0,17,40,17,45,88,88,0,0,0,1,0,1
20,200075,1,1,0,0,0,1,1,91,1970,3,4,2016,1,14,50,1,1,1,1,1,I-35,,2020,38.738,-95.017,0,35,0,0,1,1,0,3,1,6,0,6,0,0,14,50,15,3,15,22,0,0,0,1,0,1
20,200083,1,1,0,0,0,1,1,59,0,25,3,2016,6,5,15,0,1,3,1,3,SR-68,,372,38.623,-95.07,0,24,0,0,1,1,0,4,2,5,0,5,0,0,88,88,88,88,88,88,0,0,0,1,1,2
20,200084,1,1,0,0,0,1,1,161,0,25,3,2016,6,22,50,1,1,3,1,2,US-24,,3062,39.269,-96.688,0,32,0,0,1,1,0,4,2,98,0,98,0,0,22,57,23,5,88,88,0,0,0,1,1,1
20,200085,1,1,0,0,0,1,1,91,5090,10,4,2016,1,4,50,1,1,1,1,1,I-435,,68,39.022,-94.786,0,43,0,0,1,1,0,3,2,98,0,98,0,0,4,55,5,6,88,88,0,0,0,1,0,1
20,200086,1,1,0,0,0,1,1,131,0,23,4,2016,7,14,45,0,1,3,1,3,SR-63,,446,39.808,-96.042,0,1,0,0,1,1,0,4,1,98,0,98,0,0,14,50,14,54,15,8,0,0,0,1,1,2
20,200088,1,1,0,0,0,1,1,123,0,15,4,2016,6,23,40,0,1,3,1,3,SR-14,,2193,39.564,-98.114,0,30,0,0,1,1,0,4,2,6,0,6,0,0,0,49,0,55,88,88,0,0,0,1,0,2
20,200091,2,2,0,0,0,4,4,191,0,2,5,2016,2,18,45,0,1,3,1,3,SR-49,100TH AVE,0,37.142,-97.602,0,12,6,0,2,2,0,1,1,98,0,98,0,0,18,47,18,55,88,88,0,0,0,1,0,1
20,200092,1,1,0,0,0,1,1,169,0,7,5,2016,7,5,0,0,1,3,1,3,SR-4,,2085,38.696,-97.418,0,34,0,0,1,1,0,4,2,98,0,98,0,0,6,7,6,29,88,88,0,0,0,1,1,2
20,200093,1,1,0,0,0,1,1,125,2670,5,5,2016,5,13,40,0,1,3,1,2,US-160,,4101,37.225,-95.62,0,43,0,0,1,1,0,4,1,98,0,98,0,0,13,36,13,42,88,88,0,0,0,1,0,0
20,200096,1,1,0,0,0,1,1,127,0,31,3,2016,5,22,4,0,1,3,1,2,US-56,,3360,38.653,-96.793,0,31,0,0,1,1,0,4,2,98,0,98,0,0,22,9,22,25,22,53,0,0,0,1,1,0
20,200097,1,1,0,0,0,1,1,137,0,2,4,2016,7,21,20,0,1,3,1,3,SR-9,,271,39.619,-99.948,0,1,0,0,1,1,0,4,2,98,0,98,0,0,21,26,21,39,88,88,0,0,0,1,1,2
20,200099,2,2,0,0,0,3,3,61,0,7,4,2016,5,16,15,1,1,3,1,3,SR-18,I-70,1770,39.059,-96.742,0,12,6,1,3,2,0,1,1,1,0,1,0,0,16,27,16,33,17,8,0,0,0,2,1,2
20,200102,1,1,0,0,0,1,1,209,1510,13,4,2016,4,15,50,1,2,1,1,1,I-435,,115,39.087,-94.801,0,21,0,1,19,1,0,4,1,1,0,1,0,0,99,99,99,99,88,88,0,0,0,1,0,1
20,200104,1,1,0,0,0,1,1,111,0,25,3,2016,6,15,38,0,1,3,1,3,SR-99,,0,38.697,-96.095,0,1,0,0,1,1,0,4,1,98,0,98,0,0,15,38,16,4,16,29,0,0,0,1,0,2
20,200106,2,2,0,0,0,2,2,41,0,17,4,2016,1,11,55,0,1,3,1,3,SR-18,,1462,39.031,-97.251,0,12,2,0,1,1,0,1,1,98,0,98,0,0,12,14,12,23,12,47,0,0,0,1,0,2
20,200107,2,2,0,0,0,2,2,125,0,18,4,2016,2,15,40,1,1,3,1,2,US-169,US160,0,37.224,-95.586,0,12,6,0,2,2,0,1,1,1,0,1,0,0,15,45,15,51,16,13,0,0,0,1,0,0
20,200108,3,3,0,0,0,4,4,95,0,27,4,2016,4,9,44,1,1,3,1,2,US-54,NW 20TH AVE,1700,37.647,-98.154,0,12,1,0,2,2,0,1,1,98,0,98,0,0,9,55,10,27,10,58,0,0,0,1,0,0
20,200109,2,2,0,0,0,5,5,167,0,28,4,2016,5,7,20,0,1,3,1,2,US-281,,1314,38.702,-98.846,0,12,6,0,1,1,0,1,4,98,0,98,0,0,7,25,7,36,8,5,0,0,0,2,0,0
20,200114,2,2,0,0,0,3,3,15,0,15,5,2016,1,15,50,1,1,3,1,2,US-77,,840,38.073,-96.864,0,12,6,0,1,1,0,1,1,1,0,1,0,0,15,53,16,31,16,59,0,0,0,1,0,0
20,200117,1,1,0,0,0,1,1,173,0,30,4,2016,7,13,33,1,1,1,31,1,I-35,,338,37.484,-97.323,0,42,0,0,1,1,0,4,1,1,0,1,0,0,13,38,13,46,14,20,0,0,0,1,0,1
20,200118,2,2,0,0,0,4,4,59,0,3,5,2016,3,18,30,1,1,1,1,1,I-35,,1911,38.653,-95.194,0,34,0,0,1,1,0,3,1,1,0,1,0,0,18,38,18,45,19,24,0,0,0,2,1,1
20,200119,2,2,0,0,0,3,3,155,0,21,4,2016,5,10,41,0,2,3,1,3,SR-14,,1073,38.102,-98.014,0,12,2,0,1,1,0,1,1,1,0,1,0,0,10,48,11,2,11,47,0,0,0,2,0,2
20,200121,1,1,0,0,0,1,1,71,5440,4,5,2016,4,19,48,0,1,3,1,2,US-83,,1080,38.436,-101.752,0,31,0,0,1,1,0,4,1,1,0,1,0,0,18,48,18,48,88,88,0,0,0,1,1,0
20,200123,1,1,0,0,0,1,1,25,1670,12,5,2016,5,13,12,0,1,7,2,4,CR-19,,0,37.043,-99.777,0,1,0,0,1,1,0,4,1,98,0,98,0,0,13,15,13,29,14,21,0,0,0,1,0,2
20,200124,1,1,0,0,0,2,2,35,0,14,5,2016,7,21,55,0,1,3,1,3,SR-15,,190,37.206,-96.716,0,11,0,0,1,1,0,1,2,1,0,1,0,0,22,9,22,24,22,46,0,0,0,1,0,0
20,200125,1,1,0,0,0,1,1,197,0,19,5,2016,5,15,45,1,1,1,1,1,I-70,,3382,39.066,-96.457,0,21,0,1,19,1,0,4,1,98,0,98,0,0,16,7,16,39,17,14,0,0,0,1,0,0
20,200126,2,2,0,0,0,2,2,35,0,25,5,2016,4,16,55,0,2,4,1,2,US-77,,0,37.015,-97.049,0,12,1,0,7,1,0,1,1,98,0,98,0,0,16,57,17,1,88,88,0,0,0,1,0,0
20,200127,1,1,0,0,0,2,2,115,0,27,5,2016,6,12,33,1,1,3,1,2,US-56,,0,38.525,-96.956,0,31,0,0,1,1,0,4,1,98,0,98,0,0,12,40,13,7,13,57,0,0,0,1,0,0
20,200134,1,1,0,0,0,1,1,3,1990,18,5,2016,4,12,30,1,1,3,1,2,US-59,,1078,38.294,-95.249,0,35,0,0,1,1,0,4,1,1,0,1,0,0,12,32,12,37,88,88,0,0,0,1,0,0
20,200136,2,2,0,0,0,2,2,125,1050,24,5,2016,3,12,44,1,1,3,1,2,US-169,2800 RD,89,37.108,-95.586,0,12,6,0,2,2,0,1,1,1,0,1,0,0,14,17,15,27,88,88,0,0,0,1,0,0
20,200137,1,1,0,0,0,1,1,55,1950,25,5,2016,4,21,30,0,1,3,1,3,SR-156,,41,38,-100.818,0,31,0,0,1,1,0,4,2,98,0,98,0,0,21,43,21,53,22,6,0,0,0,1,0,2
20,200139,1,1,0,0,0,3,3,209,2820,7,5,2016,7,22,12,0,2,4,4,2,US-69,,0,39.077,-94.65,0,23,0,0,1,1,0,4,2,98,0,98,0,0,99,99,99,99,88,88,0,0,0,3,0,0
20,200141,2,2,0,0,0,2,2,125,930,13,5,2016,6,11,34,0,1,3,1,2,US-160,CR-5700,4169,37.194,-95.54,0,12,6,0,2,2,0,1,1,98,0,98,0,0,11,34,11,40,12,22,0,0,0,1,0,0
20,200144,2,2,0,0,0,2,2,101,1360,14,6,2016,3,12,17,0,1,3,1,3,SR-23,CR-200,1160,38.555,-100.468,0,12,6,0,2,2,0,1,1,1,0,1,0,0,12,20,12,26,88,88,0,0,0,1,0,0
20,200146,2,2,0,0,0,3,3,113,0,15,6,2016,4,18,57,1,1,3,1,2,US-56,,2538,38.377,-97.892,0,12,6,0,1,1,0,1,1,2,0,2,0,0,18,59,19,14,88,88,5,0,0,2,0,0
20,200149,1,1,0,0,0,1,1,171,0,18,6,2016,7,6,35,1,1,3,1,2,US-83,,1163,38.62,-100.908,0,1,0,0,1,1,0,4,2,98,0,98,0,0,7,5,7,14,88,88,0,0,0,1,1,0
20,200153,1,1,0,0,0,2,2,125,930,25,6,2016,7,17,8,1,1,3,1,2,US-169,,161,37.223,-95.586,0,1,0,1,18,1,0,1,1,98,0,98,0,0,17,11,17,13,18,50,0,0,0,1,0,0
20,200155,1,1,0,0,0,1,1,1,0,13,6,2016,2,19,12,1,1,3,1,2,US-169,,620,37.815,-95.411,0,21,0,0,1,1,0,4,1,1,0,1,0,0,19,20,19,22,88,88,0,0,0,1,0,0
20,200156,2,2,0,0,0,6,6,87,0,19,6,2016,1,15,20,1,1,3,1,2,US-24,,3818,39.086,-95.413,0,12,6,0,1,1,0,1,1,1,0,1,0,0,15,24,15,38,16,12,0,0,0,4,0,1
20,200157,1,1,0,0,0,2,2,197,0,19,6,2016,1,15,45,1,1,1,1,1,I-70,,3450,39.058,-95.965,0,1,0,0,1,1,0,3,1,1,0,1,0,0,15,50,16,4,16,52,0,0,0,1,0,0
20,200158,1,1,0,0,0,1,1,123,0,19,6,2016,1,19,50,0,1,3,1,3,SR-14,,1951,39.232,-98.154,0,34,0,0,1,1,0,4,1,98,0,98,0,0,19,56,20,9,88,88,0,0,0,1,1,2
20,200159,2,2,0,0,0,2,2,151,0,22,6,2016,4,7,49,1,1,3,1,2,US-54,SE 100TH AVE,1480,37.646,-98.557,0,12,6,0,2,2,0,1,1,98,0,98,0,0,7,49,7,59,8,16,0,0,0,1,0,0
20,200163,2,1,1,0,0,1,1,91,5090,28,6,2016,3,9,32,1,2,1,1,1,I-435,,78,39.03,-94.788,0,14,0,0,1,1,0,5,1,2,0,2,0,0,9,36,9,48,88,88,0,0,0,1,0,1
20,200164,2,2,0,0,0,12,12,181,2110,29,6,2016,4,2,15,1,1,1,1,1,I-70,,301,39.328,-101.966,0,12,1,0,1,1,0,1,2,1,0,1,0,0,2,27,2,42,3,11,0,0,0,6,0,1
20,200165,2,2,0,0,0,4,4,59,0,19,6,2016,1,20,0,0,1,3,1,3,SR-68,KENTUCKY,230,38.609,-95.324,0,12,6,0,3,2,0,1,1,98,0,98,0,0,20,5,20,10,20,29,0,0,0,1,0,2
20,200167,2,2,0,0,0,2,2,177,5400,27,6,2016,2,6,10,1,2,3,1,3,SR-4,,3349,39.088,-95.612,0,12,2,0,1,1,0,1,4,5,0,5,0,0,6,14,6,25,88,88,0,0,0,2,0,2
20,200169,1,1,0,0,0,1,1,139,0,1,7,2016,6,13,34,0,1,3,1,3,SR-31,,293,38.638,-95.752,0,32,0,0,1,1,0,4,1,1,0,1,0,0,13,37,14,9,14,34,0,0,0,1,0,2
20,200172,2,2,0,0,0,5,5,157,0,4,7,2016,2,14,40,1,1,3,1,2,US-81,LINCOLN,2238,39.856,-97.621,0,12,6,0,2,2,0,1,1,98,0,98,0,0,14,40,14,41,15,5,0,0,0,1,0,0
20,200173,1,1,0,0,0,1,1,63,0,4,7,2016,2,21,30,0,1,3,1,3,SR-23,,1555,39.034,-100.481,0,30,0,0,1,1,0,4,2,1,0,1,0,0,21,37,21,55,22,18,0,0,0,1,0,0
20,200179,1,1,0,0,0,2,2,119,0,10,7,2016,1,2,55,0,1,3,1,3,SR-23,,180,37.169,-100.345,0,1,0,0,1,1,0,4,2,1,0,1,0,0,3,56,4,4,88,88,0,0,0,2,1,0
20,200181,1,1,0,0,0,1,1,85,0,11,7,2016,2,9,14,1,1,3,1,2,US-75,,1883,39.415,-95.748,0,35,0,0,1,1,0,3,1,1,0,1,0,0,9,13,9,22,88,88,0,0,0,1,0,0
20,200183,2,2,0,0,0,5,5,179,0,16,7,2016,7,12,45,0,1,3,1,3,SR-23,CR-60N,0,39.437,-100.442,0,12,6,0,2,2,0,1,1,1,0,1,0,0,12,47,12,57,13,21,0,0,0,1,0,0
20,200184,2,2,0,0,0,2,2,91,4140,16,7,2016,7,19,24,0,2,3,1,3,SR-7,E HAROLD RD,0,38.897,-94.838,0,12,6,0,2,2,0,1,1,98,0,98,0,0,19,27,19,31,88,88,0,0,0,1,0,2
20,200185,2,2,0,0,0,8,8,169,0,18,7,2016,2,17,30,0,1,3,1,3,SR-140,S BURMA RD,309,38.83,-97.687,0,12,6,0,2,2,0,1,1,98,0,98,0,0,17,31,17,38,18,0,0,0,0,1,0,1
20,200186,2,2,0,0,0,2,2,169,0,20,7,2016,4,6,35,1,1,1,1,1,I-70,,2610,38.891,-97.462,0,12,2,0,1,1,0,1,1,98,0,98,0,0,6,38,6,51,7,40,0,0,0,1,0,0
20,200187,2,2,0,0,0,2,2,55,2498,20,7,2016,4,8,19,1,1,3,1,2,US-50,COOP RD,539,38.003,-101.103,0,12,1,0,3,3,0,1,1,98,0,98,0,0,8,22,8,30,88,88,0,0,0,1,0,2
20,200191,2,2,0,0,0,2,2,177,5400,2,5,2016,2,11,11,1,2,3,1,2,US-24,NE MERIDEN RD,0,39.091,-95.65,0,12,6,0,2,2,0,1,1,98,0,98,0,0,11,12,11,17,11,35,0,0,0,1,0,1
20,200192,2,2,0,0,0,3,3,191,0,27,7,2016,4,14,25,0,1,3,1,2,US-160,,0,37.275,-97.2,0,12,2,0,1,1,0,1,1,98,0,98,0,0,14,28,14,42,15,11,0,0,0,1,1,0
20,200197,3,3,0,0,0,3,3,57,0,5,7,2016,3,7,3,1,1,3,1,2,US-50,,1375,37.856,-99.75,0,12,2,0,8,1,0,2,1,1,0,1,0,0,7,2,7,7,7,42,20,0,0,1,0,2
20,200200,2,2,0,0,0,3,3,173,3840,22,7,2016,6,13,9,1,1,3,1,3,SR-96,279TH STREET,0,37.877,-97.665,0,12,6,0,2,2,0,1,1,98,0,98,0,0,13,10,13,25,14,7,0,0,0,1,0,2
20,200201,1,1,0,0,0,1,1,177,5400,25,7,2016,2,9,40,1,2,2,1,2,US-75,,1660,39.135,-95.719,0,32,0,0,1,1,0,4,1,98,0,98,0,0,10,9,10,49,88,88,0,0,0,1,0,0
20,200205,1,1,0,0,0,3,3,209,2820,31,7,2016,1,13,23,1,2,1,1,1,I-70,,4118,39.106,-94.811,0,21,0,1,19,1,0,4,1,2,0,2,0,0,13,27,13,35,13,58,0,0,0,1,0,0
20,200206,1,1,0,0,0,2,2,85,0,27,7,2016,4,16,54,1,1,2,1,2,US-75,,1815,39.358,-95.734,0,35,0,0,1,1,0,4,1,1,0,1,0,0,16,6,16,16,17,16,0,0,0,1,0,0
20,200207,2,2,0,0,0,3,3,169,5124,29,7,2016,6,19,0,1,1,1,1,1,I-70,,2641,38.918,-97.409,0,12,6,0,1,1,0,1,1,98,0,98,0,0,19,1,19,17,88,88,0,0,0,1,0,0
20,200210,2,2,0,0,0,4,4,193,0,1,8,2016,2,23,5,1,1,1,1,1,I-70,,352,39.333,-101.387,0,12,1,0,1,1,0,1,2,1,0,1,0,0,23,11,23,16,23,54,0,0,0,2,0,1
20,200211,2,2,0,0,0,2,2,57,0,2,8,2016,3,8,59,1,1,3,1,2,US-50,CLARK STREET,0,37.855,-99.753,0,12,6,0,2,2,0,1,1,98,0,98,0,0,9,1,9,13,88,88,0,0,0,1,0,2
20,200216,1,1,0,0,0,1,1,51,0,16,8,2016,3,16,20,1,1,3,1,2,US-183,,1425,38.714,-99.32,0,23,0,0,1,1,0,4,1,98,0,98,0,0,16,22,16,32,88,88,0,0,0,1,0,0
20,200222,2,2,0,0,0,3,3,113,0,3,9,2016,7,20,48,1,1,3,1,3,SR-61,COMMANCHE RD,758,38.289,-97.735,0,12,6,0,2,2,0,1,2,98,0,98,0,0,21,0,21,10,22,15,23,19,0,1,0,2
20,200223,2,2,0,0,0,9,9,93,0,24,7,2016,1,10,12,1,1,3,1,2,US-50,,340,37.944,-101.449,0,12,6,0,1,1,0,2,1,98,0,98,0,0,10,15,10,28,10,49,0,0,0,1,0,2
20,200225,2,2,0,0,0,2,2,103,0,4,8,2016,5,7,5,1,1,1,31,1,I-70,,2188,39.074,-94.99,0,12,6,0,1,1,0,1,1,98,0,98,0,0,7,21,99,99,88,88,0,0,0,1,0,0
20,200227,2,2,0,0,0,5,5,177,0,18,8,2016,5,7,20,1,1,3,1,2,US-24,,3599,39.094,-95.819,0,12,6,0,1,1,0,1,1,10,0,10,0,0,7,22,7,34,7,57,0,0,0,4,0,1
20,200228,1,1,0,0,0,1,1,181,2110,18,8,2016,5,99,99,1,1,1,1,1,I-70,,236,39.33,-101.606,0,1,0,0,1,1,0,4,1,1,0,1,0,0,9,36,9,47,88,88,0,0,0,1,0,0
20,200230,2,2,0,0,0,3,3,197,0,21,8,2016,1,2,16,1,1,1,1,1,I-70,HTTPS://FARSCURRENT.CDAN.DOT.G,3332,39.063,-96.183,0,12,2,0,1,1,1,1,2,1,0,1,0,0,2,10,2,26,88,88,0,0,0,1,1,0
20,200234,2,2,0,0,0,3,3,209,2820,16,8,2016,3,14,28,1,2,3,1,2,US-69,SR-32,326,39.087,-94.65,0,12,6,1,5,1,0,1,1,1,0,1,0,0,14,34,14,37,14,49,20,0,0,1,0,0
20,200235,2,2,0,0,0,2,2,91,3705,26,8,2016,6,19,27,1,2,3,1,2,US-69,,0,39.033,-94.668,0,12,2,0,1,1,0,1,1,98,0,98,0,0,19,27,19,31,20,5,0,0,0,1,0,0
20,200236,1,1,0,1,1,1,1,125,0,6,8,2016,7,21,25,1,1,3,1,2,US-160,,4112,37.224,-95.597,0,8,0,0,1,1,0,1,2,1,0,1,0,0,88,88,88,88,88,88,18,0,0,1,0,0
20,200237,1,1,0,1,1,2,2,173,0,22,8,2016,2,4,20,1,2,1,31,1,I-35,,412,37.59,-97.324,0,8,0,0,1,1,0,1,2,98,0,98,0,0,4,32,4,44,88,88,0,0,0,1,0,1
20,200238,2,2,0,0,0,2,2,129,4780,2,9,2016,6,17,54,0,1,3,1,2,US-56,,103,37.083,-101.748,0,12,6,0,1,1,0,1,1,98,0,98,0,0,17,59,18,12,88,88,0,0,0,1,0,0
20,200241,1,1,0,0,0,2,2,205,0,3,9,2016,7,1,0,0,1,3,1,3,SR-47,,36,37.53,-95.75,0,35,0,0,1,1,0,4,2,1,0,1,0,0,1,10,1,29,1,53,0,0,0,1,0,2
20,200242,3,3,0,0,0,8,8,185,0,3,9,2016,7,11,8,1,1,3,1,2,US-281,US-50,0,37.956,-98.747,0,12,6,0,2,2,0,1,1,98,0,98,0,0,11,10,11,19,11,42,0,0,0,1,0,0
20,200243,2,2,0,0,0,2,2,181,2110,4,9,2016,1,15,35,1,1,1,1,1,I-70,,236,39.329,-101.608,0,12,7,0,1,1,0,1,1,6,0,6,0,0,15,35,15,40,15,58,0,0,0,1,0,0
20,200245,2,2,0,0,0,2,2,1,0,7,9,2016,4,9,17,1,1,3,1,2,US-169,WEST VIRGINIA,750,38.024,-95.381,0,12,6,0,2,2,0,1,1,1,0,1,0,0,9,32,9,58,10,47,0,0,0,1,0,0
20,200246,2,2,0,0,0,2,2,133,0,8,9,2016,5,12,36,1,1,2,1,2,US-169,,530,37.717,-95.478,0,12,8,0,1,1,0,1,1,2,0,2,0,0,12,40,12,44,88,88,0,0,0,1,0,0
20,200247,1,1,0,1,1,1,1,17,0,8,9,2016,5,7,31,1,1,1,31,1,I-35,,1138,38.14,-96.526,0,8,0,0,1,1,0,2,2,2,0,2,0,0,7,39,7,57,88,88,0,0,0,1,0,1
20,200248,1,1,0,0,0,1,1,31,0,8,9,2016,5,16,59,0,1,3,1,3,SR-58,,0,38.083,-95.69,0,1,0,0,1,1,0,4,1,2,0,2,0,0,17,0,17,11,17,45,0,0,0,1,0,1
20,200253,2,2,0,0,0,2,2,175,3160,17,9,2016,7,5,12,1,1,3,1,2,US-54,8TH STREET,0,37.054,-100.891,0,12,1,0,2,2,0,1,2,5,0,5,0,0,5,12,5,19,5,45,0,0,0,1,0,0
20,200254,2,2,0,0,0,5,5,91,4140,18,9,2016,1,21,48,1,2,1,1,1,I-35,,2210,38.927,-94.758,0,12,1,0,1,1,0,1,2,98,0,98,0,0,9,52,9,58,10,2,0,0,0,1,0,1
20,200257,2,2,0,0,0,2,2,15,0,21,9,2016,4,12,35,1,1,1,31,1,I-35,,611,37.747,-97.044,0,12,1,0,1,1,0,1,1,98,0,98,0,0,12,42,12,53,88,88,0,0,0,1,0,1
20,200258,1,1,0,0,0,1,1,165,4817,22,9,2016,5,13,55,0,1,3,1,2,US-183,,1230,38.44,-99.309,0,34,0,0,1,1,0,4,1,98,0,98,0,0,14,6,14,9,14,25,0,0,0,1,0,0
20,200262,1,1,0,0,0,1,1,29,0,30,9,2016,6,17,55,0,1,5,1,3,SR-9,,0,39.497,-97.726,0,24,0,0,1,1,0,4,1,98,0,98,0,0,17,46,18,8,88,88,0,0,0,1,1,2
20,200265,1,1,0,0,0,1,1,197,0,22,7,2016,6,7,45,1,1,1,1,1,I-70,,3373,39.059,-96.104,0,35,0,0,1,1,0,3,1,1,0,1,0,0,7,50,8,7,8,47,0,0,0,1,0,0
20,200266,1,1,0,1,1,1,1,103,0,2,9,2016,6,20,30,1,1,1,1,1,I-70,,2099,39.028,-95.12,0,8,0,0,1,1,0,1,2,98,0,98,0,0,99,99,99,99,88,88,0,0,0,1,0,0
20,200267,1,1,0,0,0,4,4,59,4500,22,9,2016,5,1,8,0,1,3,1,3,SR-68,,160,38.608,-95.456,0,1,0,0,8,1,0,4,2,1,0,1,0,0,1,11,1,20,1,54,20,0,0,1,0,2
20,200269,1,1,0,0,0,1,1,63,0,24,9,2016,7,1,35,1,1,1,1,1,I-70,,868,39.111,-100.594,0,1,0,0,1,1,0,3,2,1,0,1,0,0,1,45,2,6,88,88,0,0,0,1,0,0
20,200270,2,2,0,0,0,4,4,103,0,26,9,2016,2,17,19,0,1,3,1,2,US-24,,4002,39.034,-95.151,0,12,2,0,1,1,0,1,1,1,0,1,0,0,17,26,17,32,18,43,0,0,0,1,1,1
20,200271,2,2,0,0,0,2,2,175,3160,27,9,2016,3,7,21,1,1,3,1,2,US-54,,169,37.139,-100.757,0,12,2,0,1,1,0,1,1,98,0,98,0,0,7,21,7,31,7,51,0,0,0,1,0,0
20,200272,1,1,0,1,1,1,1,125,1050,28,9,2016,4,16,23,1,2,3,1,3,SR-166,READ,0,37.033,-95.632,0,8,0,0,3,2,0,1,1,98,0,98,0,0,16,24,16,28,16,48,0,0,0,1,0,1
20,200274,1,1,0,0,0,1,1,21,0,25,9,2016,1,6,50,0,1,3,1,3,SR-7,,158,37.222,-94.832,0,32,0,0,1,1,0,4,4,98,0,98,0,0,88,88,88,88,88,88,0,0,0,1,1,2