STATE,ST_CASE,VE_TOTAL,VE_FORMS,PVH_INVL,PEDS,PERNOTMVIT,PERMVIT,PERSONS,COUNTY,CITY,DAY,MONTH,YEAR,DAY_WEEK,HOUR,MINUTE,NHS,RUR_URB,FUNC_SYS,RD_OWNER,ROUTE,TWAY_ID,TWAY_ID2,MILEPT,LATITUDE,LONGITUD,SP_JUR,HARM_EV,MAN_COLL,RELJCT1,RELJCT2,TYP_INT,WRK_ZONE,REL_ROAD,LGT_COND,WEATHER1,WEATHER2,WEATHER,SCH_BUS,RAIL,NOT_HOUR,NOT_MIN,ARR_HOUR,ARR_MIN,HOSP_HR,HOSP_MN,CF1,CF2,CF3,FATALS,DRUNK_DR,RANK
20,200275,2,2,0,0,0,2,2,41,0,2,10,2016,1,17,58,0,1,3,1,3,SR-18,BARN RD,1400,39.03,-97.353,0,12,6,0,2,2,0,1,1,1,0,1,0,0,17,58,18,15,88,88,0,0,0,1,1,2
20,200276,1,1,0,1,1,1,1,73,0,3,10,2016,2,8,0,1,1,3,1,2,US-54,,2916,37.838,-96.144,0,9,0,0,1,1,0,1,1,1,0,1,0,0,8,10,8,19,88,88,0,0,0,1,0,0
20,200277,1,1,0,0,0,2,2,163,0,5,10,2016,4,20,39,0,1,4,1,3,SR-18,,384,39.198,-99.155,0,11,0,0,1,1,0,1,2,98,0,98,0,0,20,41,20,52,21,7,0,0,0,1,0,2
20,200278,2,2,0,0,0,4,4,175,3160,11,10,2016,3,0,35,1,1,3,1,2,US-54,,6,37.005,-100.963,0,12,2,0,1,1,0,1,2,98,0,98,0,0,0,40,0,49,1,22,0,0,0,2,1,0
20,200280,1,1,0,0,0,1,1,173,1330,15,10,2016,7,23,20,0,2,5,1,3,SR-15,,0,37.518,-97.269,0,43,0,0,1,1,0,4,3,98,0,98,0,0,23,20,23,30,0,28,0,0,0,1,1,0
20,200283,1,1,0,0,0,2,2,201,0,28,10,2016,6,16,22,0,1,4,1,3,SR-9,,0,39.697,-96.822,0,1,0,0,1,1,0,4,1,6,0,6,0,0,16,32,99,99,88,88,0,0,0,2,0,2
20,200289,2,2,0,0,0,2,2,155,0,14,10,2016,6,21,28,1,1,3,1,2,US-50,SEGO,2259,37.985,-98.178,0,12,6,0,2,2,0,1,2,98,0,98,0,0,21,31,21,42,88,88,0,0,0,1,0,2
20,200290,2,2,0,0,0,5,5,43,5690,15,10,2016,7,18,42,1,2,3,1,2,US-36,,3871,39.756,-94.938,0,12,2,0,1,1,0,1,3,10,0,10,0,0,18,52,19,11,19,38,0,0,0,1,1,1
20,200291,2,2,0,0,0,2,2,17,0,19,10,2016,4,13,35,1,1,3,1,2,US-50,,3286,38.399,-96.522,0,12,2,0,1,1,1,1,1,98,0,98,0,0,13,36,13,38,14,5,0,0,0,1,0,2
20,200302,1,1,0,0,0,2,2,127,1180,1,11,2016,3,14,55,0,1,3,1,2,US-56,,2499,38.653,-96.535,0,32,0,0,1,1,0,4,1,98,0,98,0,0,15,0,15,3,15,20,0,0,0,1,0,0
20,200303,1,1,0,0,0,1,1,29,0,4,11,2016,6,18,20,0,1,3,1,3,SR-28,,0,39.597,-97.847,0,31,0,0,1,1,0,4,1,98,0,98,0,0,18,22,18,33,18,46,0,0,0,1,0,2
20,200306,2,2,0,0,0,3,3,155,0,7,11,2016,2,7,23,1,1,3,1,2,US-50,SEGO RD,2256,37.985,-98.178,0,12,6,0,2,2,0,1,4,2,0,2,0,0,99,99,99,99,88,88,0,0,0,2,0,2
20,200308,1,1,0,1,1,1,1,91,3645,7,11,2016,2,23,23,1,2,1,1,1,I-35,75TH,2272,38.994,-94.697,0,8,0,1,18,1,0,1,3,2,0,2,0,0,23,25,23,30,88,88,0,0,0,1,0,1
20,200310,2,2,0,0,0,2,2,91,0,9,11,2016,4,11,50,1,1,3,1,2,US-169,,1430,38.765,-94.83,0,12,1,0,1,1,0,1,1,1,0,1,0,0,99,99,99,99,99,99,0,0,0,1,0,0
20,200311,2,2,0,0,0,2,2,141,0,9,11,2016,4,18,51,0,1,3,1,2,US-24,,1859,39.473,-98.694,0,12,8,0,1,1,0,1,2,98,0,98,0,0,18,54,18,59,19,21,0,0,0,1,0,1
20,200316,1,1,0,0,0,1,1,173,0,15,11,2016,3,3,0,1,2,1,31,1,I-35,,486,37.675,-97.209,0,24,0,0,1,1,0,4,2,1,0,1,0,0,3,17,3,20,88,88,0,0,0,1,0,1
20,200320,1,1,0,0,0,1,1,99,0,18,11,2016,6,10,21,0,1,3,1,2,US-59,,0,37.075,-95.103,0,24,0,0,1,1,0,4,1,98,0,98,0,0,10,22,10,28,88,88,0,0,0,1,0,0
20,200321,1,1,0,0,0,1,1,91,4285,19,11,2016,7,3,40,1,2,1,1,1,I-35,,2306,39.04,-94.676,0,35,0,1,19,1,0,4,3,1,0,1,0,0,99,98,99,98,99,98,0,0,0,1,0,1
20,200324,2,2,0,0,0,2,2,35,0,20,11,2016,1,22,18,1,1,3,1,2,US-77,,110,37.159,-97.029,0,31,0,0,1,1,0,3,2,1,0,1,0,0,22,19,22,38,22,57,19,0,0,1,1,0
20,200326,2,2,0,0,0,2,2,9,0,21,11,2016,2,10,50,1,1,3,1,2,US-56,,2003,38.362,-98.74,0,12,6,0,1,1,0,1,1,1,0,1,0,0,10,50,10,55,88,88,0,0,0,1,0,0
20,200327,2,2,0,0,0,2,2,55,1950,23,11,2016,4,20,20,1,1,3,1,2,US-83,PLYMELL,580,37.81,-100.871,0,12,6,0,2,2,0,1,2,98,0,98,0,0,20,23,20,37,21,16,0,0,0,1,0,0
20,200328,2,2,0,0,0,2,2,155,0,22,11,2016,3,10,0,1,1,3,1,2,US-50,DEAN RD,2340,37.997,-98.032,0,12,6,0,2,2,0,1,1,98,0,98,0,0,99,98,99,98,88,88,0,0,0,1,0,2
20,200333,2,2,0,0,0,2,2,13,0,25,9,2016,1,14,0,1,1,3,1,2,US-75,,2235,39.92,-95.788,0,12,2,0,1,1,0,1,1,1,0,1,0,0,14,11,14,14,88,88,0,0,0,1,1,0
20,200334,2,2,0,0,0,3,3,155,0,2,11,2016,4,16,0,0,1,3,1,3,SR-14,SR-96,960,37.974,-97.938,0,12,6,0,2,2,0,1,1,98,0,98,0,0,16,3,16,17,17,3,0,0,0,1,0,2
20,200337,2,2,0,0,0,2,2,59,0,14,11,2016,2,11,15,0,1,3,1,3,SR-68,,308,38.623,-95.191,0,12,2,0,1,1,0,1,1,1,0,1,0,0,11,24,11,28,11,54,0,0,0,1,0,2
20,200338,2,2,0,0,0,4,4,61,2141,15,11,2016,3,10,48,1,2,1,1,1,I-70,,3002,38.998,-96.936,0,12,8,1,18,1,0,1,1,1,0,1,0,0,10,48,10,55,12,15,0,0,0,3,0,1
20,200339,1,1,0,0,0,1,1,173,1960,16,11,2016,4,16,43,1,1,2,1,2,US-54,,1976,37.67,-97.664,0,35,0,0,1,1,0,3,1,1,0,1,0,0,16,45,16,51,88,88,0,0,0,1,0,0
20,200343,1,1,0,0,0,2,2,91,3080,27,11,2016,1,16,5,1,2,2,1,3,SR-10,,229,38.956,-94.914,0,32,0,0,1,1,0,3,1,2,0,2,0,0,16,5,16,13,16,38,0,0,0,1,0,2
20,200344,1,1,0,0,0,1,1,197,0,29,11,2016,3,10,27,0,1,3,1,3,SR-99,,1627,39.036,-96.283,0,30,0,0,1,1,0,4,1,1,0,1,0,0,10,42,11,34,12,18,0,0,0,1,0,2
20,200347,2,2,0,0,0,4,4,191,0,3,12,2016,7,18,35,1,1,3,1,2,US-81,,0,37.389,-97.325,0,12,2,0,1,1,0,1,2,2,0,2,0,0,18,44,18,53,88,88,0,0,0,4,0,0
20,200348,1,1,0,1,1,1,1,103,5390,3,12,2016,7,2,35,1,1,1,1,1,I-70,,2102,39.03,-95.117,0,8,0,0,1,1,0,1,2,1,0,1,0,0,99,99,99,99,88,88,0,0,0,1,0,0
20,200352,2,2,0,0,0,2,2,55,0,4,12,2016,1,2,0,1,1,3,1,2,US-83,,0,37.888,-100.865,0,12,2,0,1,1,0,1,2,5,0,5,0,0,1,45,1,59,2,21,0,0,0,1,0,0
20,200353,2,2,0,0,0,5,5,43,0,5,12,2016,2,7,29,1,1,3,1,2,US-36,RANDOLPH,3831,39.782,-95.002,0,12,6,0,2,2,0,1,1,1,0,1,0,0,7,37,7,45,8,18,0,0,0,1,0,1
20,200354,1,1,0,0,0,1,1,37,0,8,12,2016,5,12,0,0,1,4,1,3,SR-126,,0,37.412,-94.928,0,42,0,0,1,1,0,4,1,98,0,98,0,0,12,6,12,24,88,88,0,0,0,1,0,2
20,200355,1,1,0,0,0,1,1,173,5880,8,12,2016,5,14,30,1,2,2,1,3,SR-96,US-54,3001,37.678,-97.184,0,1,0,1,5,1,1,4,1,1,0,1,0,0,14,53,15,0,88,88,0,0,0,1,1,2
20,200356,2,2,0,0,0,4,4,163,0,10,12,2016,7,14,22,1,1,3,1,2,US-183,AA RD,1754,39.191,-99.299,0,12,6,0,2,2,0,1,1,98,0,98,0,0,14,27,14,30,14,46,0,0,0,2,0,0
20,200359,2,2,0,0,0,2,2,177,5400,12,12,2016,2,10,55,1,2,2,1,2,US-24,,3656,39.091,-95.723,0,12,1,1,18,1,0,1,1,1,0,1,0,0,10,51,10,59,11,7,0,0,0,1,0,1
20,200360,2,2,0,0,0,2,2,97,3860,12,12,2016,2,14,15,1,1,3,1,2,US-54,,936,37.572,-99.539,0,12,2,0,1,1,0,1,1,1,0,1,0,0,14,21,14,37,88,88,0,0,0,1,0,0
20,200361,2,2,0,0,0,2,2,173,0,12,12,2016,2,16,15,1,2,3,1,3,SR-15,55TH,0,37.592,-97.285,0,12,6,0,2,2,0,1,1,98,0,98,0,0,16,18,16,25,16,50,0,0,0,1,0,0
20,200363,1,1,0,0,0,1,1,91,5090,16,12,2016,6,23,43,1,2,2,1,3,SR-7,,1617,39.017,-94.854,0,34,0,0,1,1,0,3,2,12,0,12,0,0,23,46,23,52,88,88,0,0,0,1,0,2
20,200364,2,2,0,1,1,2,2,169,0,17,12,2016,7,19,49,1,1,1,1,1,I-70,,2645,38.92,-97.405,0,12,1,0,1,1,0,1,2,4,0,4,0,0,19,57,20,14,20,53,0,0,0,1,0,0
20,200367,1,1,0,2,2,1,1,177,5400,4,11,2016,6,23,13,1,2,1,1,1,I-70,,3656,39.035,-95.619,0,8,0,0,1,1,0,2,3,98,0,98,0,0,23,16,23,21,88,88,23,0,0,1,0,0
20,200368,3,3,0,0,0,4,4,87,0,10,11,2016,5,14,45,1,1,3,1,2,US-24,THOMPSONVILLE RD,3810,39.087,-95.428,0,12,6,0,2,2,0,1,1,98,0,98,0,0,14,46,15,1,15,39,0,0,0,1,0,1
20,200370,1,1,0,1,1,2,2,103,2975,29,11,2016,3,17,50,1,2,3,1,3,SR-7,,257,39.263,-94.9,0,8,0,0,1,1,0,1,3,98,0,98,0,0,17,50,17,58,88,88,0,0,0,1,0,2
20,200372,2,2,0,0,0,4,4,175,0,20,12,2016,3,18,20,1,1,3,1,2,US-54,CR-7,112,37.083,-100.836,0,12,6,0,2,2,0,1,2,98,0,98,0,0,18,20,18,27,88,88,0,0,0,2,0,0
20,200373,1,1,0,0,0,1,1,177,5400,23,12,2016,6,5,45,1,2,2,1,2,US-75,,1625,39.091,-95.727,0,30,0,1,19,1,0,4,3,1,0,1,0,0,5,47,6,30,88,88,0,0,0,1,0,0
20,200376,3,3,0,0,0,4,4,133,0,30,12,2016,6,14,45,1,1,3,1,2,US-169,W 130TH,410,37.558,-95.471,0,12,1,0,3,3,0,1,1,1,0,1,0,0,14,48,14,59,15,55,0,0,0,1,1,0
20,200377,1,1,0,0,0,1,1,45,0,30,12,2016,6,22,5,1,1,3,1,2,US-56,,4170,38.782,-95.461,0,1,0,0,1,1,0,4,2,1,0,1,0,0,88,88,88,88,88,88,0,0,0,1,0,0
20,200379,3,3,0,0,0,6,6,91,4285,11,9,2016,1,1,30,1,2,2,1,2,US-69,,1380,38.863,-94.678,0,12,1,0,1,1,0,2,2,98,0,98,0,0,1,39,1,40,88,88,0,0,0,1,1,0
21,210001,2,2,0,0,0,4,4,189,340,2,1,2016,7,21,15,0,1,5,1,3,SR-30,,127,37.484,-83.652,0,12,2,0,1,1,0,1,2,7,11,11,0,0,21,23,21,23,22,20,0,0,0,1,1,1
21,210002,2,2,0,0,0,2,2,9,0,4,1,2016,2,10,1,0,1,4,1,3,SR-9,,207,36.907,-85.761,0,12,2,0,1,1,0,1,1,1,0,1,0,0,10,3,10,14,88,88,0,0,0,1,0,2
21,210004,1,1,0,1,1,2,2,71,1896,6,1,2016,4,13,1,1,1,3,1,3,SR-80,,58,37.529,-82.788,0,8,0,0,1,1,0,1,1,1,0,1,0,0,13,1,13,18,14,30,0,0,0,1,0,2
21,210005,1,1,0,1,1,2,2,111,2090,6,1,2016,4,19,9,1,2,3,1,2,US-31W,,78,38.097,-85.873,0,8,0,0,1,1,0,1,3,1,0,1,0,0,19,9,19,14,88,88,0,0,0,1,0,1
21,210007,2,2,0,0,0,4,4,95,0,8,1,2016,6,7,5,1,1,3,1,2,US-119,,363,36.986,-82.958,0,12,2,0,1,1,0,1,1,2,0,2,1,0,7,11,7,21,8,10,0,0,0,1,0,0
21,210008,1,1,0,0,0,1,1,1,0,8,1,2016,6,12,53,0,1,5,1,3,SR-55,,89,37.074,-85.297,0,32,0,0,1,1,0,4,1,10,0,10,0,0,12,53,12,59,88,88,0,0,0,1,0,2
21,210010,2,2,0,0,0,2,2,213,1230,8,1,2016,6,20,45,1,1,1,1,1,I-65,,60,36.717,-86.521,0,12,6,0,1,1,0,1,2,1,0,1,0,0,20,47,20,57,88,88,0,0,0,1,0,1
21,210014,1,1,0,0,0,1,1,173,0,9,1,2016,7,17,0,0,1,4,1,3,SR-11,,59,37.996,-83.942,0,42,0,0,1,1,0,5,5,10,0,10,0,0,17,3,17,8,17,32,0,0,0,1,0,2
21,210015,2,2,0,0,0,2,2,71,2129,10,1,2016,1,18,43,0,1,6,1,3,SR-122,,193,37.447,-82.739,0,12,2,0,1,1,0,1,2,1,0,1,0,0,18,44,18,54,19,8,0,0,0,1,1,2
21,210016,1,1,0,0,0,2,2,123,0,12,1,2016,3,14,20,1,1,1,1,1,I-65,,772,37.477,-85.882,0,17,0,0,1,1,1,4,1,1,0,1,0,0,14,20,14,42,15,17,0,0,0,1,0,1
21,210019,2,2,0,0,0,2,2,93,0,14,1,2016,5,7,19,0,1,5,1,3,SR-313,,152,37.825,-86.004,0,12,2,0,1,1,0,1,2,1,0,1,0,0,7,33,7,49,8,16,0,0,0,1,0,1
21,210020,1,1,0,0,0,1,1,67,1980,14,1,2016,5,0,1,1,2,2,1,3,SR-4,,167,37.992,-84.475,0,24,0,0,1,1,0,4,2,10,0,10,0,0,0,1,0,20,0,27,0,0,0,1,0,2
21,210021,1,1,0,0,0,2,2,5,0,15,1,2016,6,7,0,0,1,6,1,3,SR-44,,83,38.008,-84.981,0,42,0,0,1,1,0,4,4,1,0,1,0,0,8,42,8,54,88,88,0,0,0,1,1,2
21,210023,1,1,0,0,0,1,1,211,0,17,1,2016,1,4,20,0,1,3,1,2,US-60,,212,38.17,-85.035,0,32,0,0,1,1,0,4,2,1,0,1,0,0,4,24,4,27,88,88,0,0,0,1,1,0
21,210024,2,2,0,0,0,1,1,111,2090,19,1,2016,3,8,52,1,2,3,1,2,US-31E,,105,38.194,-85.656,0,12,1,0,1,1,0,1,1,1,0,1,0,0,8,52,8,56,88,88,0,0,0,1,0,0
21,210025,2,2,0,0,0,3,3,59,2621,20,1,2016,4,12,38,0,1,5,1,3,SR-54,,66,37.736,-87.004,0,12,6,0,8,1,0,1,1,10,0,10,0,0,12,41,12,49,14,13,0,0,0,2,0,2
21,210026,1,1,0,0,0,2,2,213,0,20,1,2016,4,15,41,1,1,1,1,1,I-65,,11,36.656,-86.564,0,42,0,0,1,1,0,4,1,1,0,1,0,0,15,42,15,51,16,52,0,0,0,1,0,1
21,210027,1,1,0,0,0,1,1,113,0,13,1,2016,4,19,0,0,1,5,1,3,SR-169,,54,37.893,-84.491,0,53,0,0,1,1,0,4,2,1,0,1,0,0,19,3,19,10,19,43,0,0,0,1,1,2
21,210028,2,2,0,0,0,4,4,235,0,21,1,2016,5,11,31,0,1,5,1,3,SR-92,,137,36.732,-84.118,0,24,0,0,1,1,0,4,1,1,0,1,0,0,11,35,11,49,13,3,0,0,0,1,1,2
21,210029,1,1,0,0,0,1,1,183,0,21,1,2016,5,16,32,0,1,5,1,3,SR-69,,212,37.521,-86.811,0,1,0,0,1,1,0,4,1,10,0,10,0,0,16,34,16,45,99,99,0,0,0,1,0,2
21,210031,1,1,0,1,1,1,1,185,1870,28,1,2016,5,14,43,0,1,5,1,3,SR-53,SR-146,70,38.409,-85.379,0,8,0,0,3,2,0,1,1,10,0,10,0,0,14,44,14,49,88,88,0,0,0,1,0,2
21,210032,1,1,0,0,0,1,1,67,1980,28,1,2016,5,17,0,0,2,3,1,2,US-25,,172,38.089,-84.512,0,42,0,0,1,1,0,4,1,1,0,1,0,0,17,6,17,12,17,32,0,0,0,1,0,0
21,210036,1,1,0,0,0,1,1,67,1980,31,1,2016,1,3,5,9,2,3,1,2,US-68,CR-LANE ALLEN ROAD,99998,38.027,-84.535,0,30,0,0,3,2,0,8,3,10,0,10,0,0,3,5,3,10,88,88,0,0,0,1,1,0
21,210038,1,1,0,0,0,1,1,59,0,30,1,2016,7,6,57,0,1,5,1,3,SR-56,,106,37.756,-87.236,0,32,0,0,1,1,0,4,1,1,0,1,0,0,88,88,88,88,88,88,0,0,0,1,0,2
21,210039,1,1,0,0,0,1,1,117,817,15,1,2016,6,14,6,1,1,1,1,1,I-275,,815,39.025,-84.56,0,24,0,0,1,1,0,4,1,10,0,10,0,0,14,7,14,9,88,88,0,0,0,1,0,1
21,210040,2,2,0,0,0,7,7,227,0,18,1,2016,2,16,50,0,2,4,1,2,US-231,SR-9007,147,36.992,-86.503,0,12,6,1,2,3,0,1,3,1,0,1,0,0,16,57,17,5,17,36,0,0,0,1,0,0
21,210041,2,2,0,0,0,2,2,29,2335,21,1,2016,5,7,21,0,1,5,1,3,SR-44,,196,38.032,-85.596,0,12,6,0,1,1,0,1,6,10,0,10,0,0,7,19,7,28,8,11,0,0,0,1,0,2
21,210042,1,1,0,0,0,1,1,37,2400,24,1,2016,1,17,46,0,2,4,1,3,SR-9,,214,39.072,-84.492,0,35,0,0,1,1,0,4,1,10,0,10,0,0,17,47,17,49,18,41,0,0,0,1,1,2
21,210043,1,1,0,0,0,1,1,191,480,24,1,2016,1,0,58,0,1,5,1,3,SR-177,SR-3185,57,38.782,-84.372,0,23,0,0,3,3,0,5,2,10,0,10,0,0,88,88,88,88,88,88,0,0,0,1,0,2
21,210044,1,1,0,1,1,5,5,67,1980,30,1,2016,7,18,46,1,2,3,2,2,US-27,,84,38.067,-84.473,0,8,0,0,1,1,0,1,2,1,0,1,0,0,18,47,18,52,19,13,0,0,0,1,0,0
21,210047,1,1,0,0,0,1,1,235,3580,6,1,2016,4,13,16,0,1,5,1,3,SR-92,,10,36.734,-84.151,0,35,0,0,1,1,0,4,1,1,0,1,0,0,13,16,13,24,13,52,0,0,0,1,0,2
21,210050,1,1,0,0,0,2,2,83,0,4,2,2016,5,3,37,0,1,5,1,3,SR-97,,46,36.562,-88.52,0,21,0,0,1,1,0,4,2,1,0,1,0,0,3,38,3,59,88,88,0,0,0,2,0,2
21,210051,2,2,0,0,0,4,4,211,2980,4,2,2016,5,19,47,1,2,1,1,1,I-64,,339,38.185,-85.234,0,12,1,0,1,1,0,1,2,1,0,1,0,0,19,47,19,53,20,25,0,0,0,1,0,1
21,210052,1,1,0,1,1,1,1,223,0,4,2,2016,5,23,58,0,1,4,1,2,US-421,,145,38.689,-85.348,0,8,0,0,1,1,0,1,2,1,0,1,0,0,23,58,0,5,88,88,0,0,0,1,0,0
21,210053,2,2,0,0,0,4,4,111,2090,5,2,2016,6,18,22,1,1,3,1,2,US-31W,,56,38.067,-85.885,0,12,2,0,1,1,0,1,5,1,0,1,0,0,18,22,18,29,19,21,0,0,0,1,0,1
21,210054,2,2,0,0,0,4,4,183,0,4,2,2016,5,13,10,0,1,6,1,3,SR-69,,215,37.523,-86.808,0,12,1,0,1,1,0,1,1,1,0,1,0,0,13,14,13,22,13,39,0,0,0,1,1,2
21,210055,3,3,0,0,0,7,7,111,2090,4,2,2016,5,21,44,1,2,1,1,1,I-65,,1290,38.169,-85.721,0,12,1,1,18,1,0,1,2,1,0,1,0,0,21,59,99,99,99,99,23,0,0,1,0,1
21,210056,1,1,0,1,1,1,1,117,2560,6,2,2016,7,7,18,0,1,2,1,2,US-25,ST. JOSEPH LANE,114,39.066,-84.531,0,8,0,0,2,2,0,1,4,1,0,1,0,0,7,19,7,24,7,42,0,0,0,1,0,0
21,210057,2,2,0,0,0,5,5,71,0,7,2,2016,1,18,28,1,1,5,1,3,SR-114,,19,37.675,-82.925,0,11,0,0,1,1,0,1,2,1,0,1,0,0,18,31,18,44,19,7,0,0,0,1,0,2
21,210058,1,1,0,1,1,1,1,213,1230,9,2,2016,3,22,4,0,1,4,1,2,US-31W,STEELE RD,25,36.669,-86.558,0,8,0,0,3,2,0,1,2,10,0,10,0,0,22,5,22,12,99,99,0,0,0,1,0,1
21,210060,4,4,0,0,0,9,9,225,0,10,2,2016,4,19,25,0,1,5,1,2,US-60,,260,37.729,-87.755,0,12,8,0,1,1,0,1,2,4,0,4,0,0,19,28,20,5,20,21,0,0,0,1,1,0
21,210061,1,1,0,0,0,1,1,107,2150,11,2,2016,5,3,45,1,1,1,1,1,I-69,,99998,37.358,-87.489,0,24,0,0,1,1,0,4,3,1,0,1,0,0,3,52,4,1,88,88,0,0,0,1,0,0
21,210062,2,2,0,0,0,2,2,191,0,11,2,2016,5,5,0,0,1,5,1,3,SR-17,,89,38.793,-84.462,0,12,6,0,1,1,0,1,4,1,0,1,0,0,5,0,5,30,88,88,0,0,0,1,0,2
21,210063,1,1,0,1,1,1,1,93,3370,11,2,2016,5,6,10,0,1,5,1,3,SR-313,COMMERCE DRIVE,126,37.817,-85.96,0,8,0,0,3,2,0,1,2,10,0,10,0,0,6,15,6,21,88,88,0,0,0,1,0,1
21,210064,1,1,0,0,0,1,1,3,0,10,2,2016,4,21,25,0,1,5,1,3,SR-100,,29,36.689,-86.365,0,35,0,0,1,1,0,4,2,10,0,10,0,0,88,88,88,88,88,88,0,0,0,1,0,1
21,210066,2,2,0,0,0,3,3,19,558,12,2,2016,6,18,20,1,1,5,1,2,US-60,MIDLAND TRAIL RD,50,38.401,-82.712,0,12,6,0,2,3,0,1,3,10,0,10,0,0,18,41,19,1,19,23,0,0,0,1,0,0
21,210067,2,2,0,0,0,5,5,99,337,13,2,2016,7,18,50,0,1,5,1,2,US-31W,,180,37.375,-85.903,0,12,6,0,1,1,0,1,3,1,0,1,0,0,18,53,19,6,20,7,0,0,0,2,2,1
21,210068,2,2,0,0,0,2,2,33,0,14,2,2016,1,7,28,0,1,5,1,3,SR-139,,120,37.148,-87.91,0,12,2,0,1,1,0,1,1,1,0,1,0,0,7,29,7,35,9,3,0,0,0,1,0,1
21,210071,2,2,0,0,0,2,2,101,1510,8,2,2016,2,14,16,0,1,3,1,2,US-60,MAYWOOD DRIVE,107,37.861,-87.565,0,12,2,0,2,3,0,1,1,7,0,7,0,0,14,16,14,19,14,36,0,0,0,1,0,0
21,210072,1,1,0,0,0,1,1,85,0,6,2,2016,7,14,30,0,1,5,1,3,SR-88,,34,37.448,-86.229,0,35,0,0,1,1,0,4,1,1,0,1,0,0,14,32,14,41,88,88,0,0,0,1,1,1
21,210073,1,1,0,0,0,4,4,193,3372,15,2,2016,2,9,30,0,1,5,1,3,SR-7,,19,37.19,-83.15,0,35,0,0,1,1,0,4,1,2,0,2,0,0,99,99,99,99,99,99,0,0,0,1,0,2
21,210075,2,2,0,0,0,5,5,45,1990,20,2,2016,7,18,25,1,1,3,1,2,US-127,SR-70,122,37.298,-84.95,0,12,6,0,2,2,0,1,2,1,0,1,0,0,19,28,19,34,19,44,0,0,0,1,1,0
21,210078,2,2,0,0,0,2,2,227,0,23,2,2016,3,13,8,1,1,2,1,2,US-68,,68,36.948,-86.518,0,12,11,0,1,1,0,1,1,10,0,10,0,0,13,12,13,29,14,19,20,0,0,1,0,0
21,210082,2,2,0,0,0,4,4,125,0,23,2,2016,3,11,53,0,1,5,2,2,US-25,CR-ROBINSON ROAD,1,37.161,-84.111,0,12,1,0,1,1,0,1,1,1,0,1,0,0,11,54,11,54,12,17,0,0,0,1,0,0
21,210083,2,2,0,0,0,3,3,169,0,27,2,2016,7,15,39,0,1,5,1,3,SR-163,SR-90,32,36.877,-85.665,0,12,6,0,2,2,0,1,1,1,0,1,0,0,15,32,15,47,88,88,0,0,0,1,0,2
21,210085,2,2,0,0,0,4,4,217,0,28,2,2016,1,15,17,0,1,5,1,3,SR-210,,49,37.428,-85.525,0,12,1,0,1,1,0,1,1,1,0,1,0,0,99,99,99,99,99,99,0,0,0,1,0,2
21,210088,1,1,0,0,0,2,2,3,0,29,2,2016,2,20,31,0,1,6,1,3,SR-100,,180,36.727,-86.153,0,35,0,0,1,1,0,4,2,1,0,1,0,0,20,31,20,38,21,11,0,0,0,2,1,1
21,210090,2,2,0,0,0,2,2,95,1420,21,2,2016,1,10,53,0,1,4,1,2,US-421,WOODLAND HILLS RD,145,36.825,-83.32,0,12,6,0,8,1,0,1,1,2,0,2,0,0,10,51,11,3,11,42,0,0,0,1,0,0
21,210091,1,1,0,0,0,2,2,213,0,8,2,2016,2,11,45,1,1,1,1,1,I-65,,0,36.639,-86.571,0,25,0,0,1,1,1,3,1,1,0,1,0,0,99,99,99,99,99,99,0,0,0,1,0,1
21,210092,1,1,0,0,0,1,1,119,3282,7,2,2016,1,21,54,0,1,5,1,3,SR-7,,100,37.364,-82.792,0,35,0,0,1,1,0,4,2,1,0,1,0,0,21,55,22,21,23,3,0,0,0,1,1,2
21,210095,1,1,0,0,0,2,2,9,620,3,3,2016,5,12,59,0,1,6,1,3,SR-70,,48,37.136,-85.983,0,32,0,0,1,1,0,4,1,10,0,10,0,0,13,0,13,15,13,37,0,0,0,1,0,1
21,210100,2,2,0,0,0,3,3,227,0,8,3,2016,3,16,9,0,1,5,1,2,US-31W,,24,36.859,-86.535,0,12,2,0,1,1,0,1,1,10,0,10,0,0,16,10,16,22,16,51,0,0,0,1,0,1
21,210104,2,2,0,0,0,2,2,103,0,13,3,2016,1,5,57,1,1,1,1,1,I-71,,251,38.426,-85.323,0,12,1,0,1,1,0,1,2,5,0,5,0,0,5,59,6,12,88,88,0,0,0,1,0,1
21,210106,2,2,0,0,0,3,3,47,2455,15,3,2016,3,0,12,0,1,5,1,3,SR-115,,5,36.649,-87.415,0,12,2,0,1,1,0,1,3,1,0,1,0,0,0,13,0,19,1,38,0,0,0,1,1,2
21,210110,2,2,0,0,0,2,2,95,0,17,3,2016,5,12,10,0,1,4,1,2,US-421,,247,36.915,-83.345,0,12,2,0,1,1,0,1,1,1,0,1,0,0,12,12,12,43,88,88,0,0,0,1,1,0
21,210112,2,2,0,0,0,2,2,211,0,18,3,2016,6,12,32,0,1,5,1,3,SR-43,,58,38.283,-85.138,0,12,2,0,1,1,0,1,1,1,0,1,0,0,12,32,12,39,13,30,0,0,0,1,0,2
21,210114,2,2,0,0,0,3,3,123,0,21,3,2016,2,6,10,0,1,5,1,3,SR-210,,164,37.469,-85.601,0,12,6,0,1,1,0,1,2,10,0,10,0,0,5,55,6,11,99,99,0,0,0,2,0,2