STATE,ST_CASE,VE_TOTAL,VE_FORMS,PVH_INVL,PEDS,PERNOTMVIT,PERMVIT,PERSONS,COUNTY,CITY,DAY,MONTH,YEAR,DAY_WEEK,HOUR,MINUTE,NHS,RUR_URB,FUNC_SYS,RD_OWNER,ROUTE,TWAY_ID,TWAY_ID2,MILEPT,LATITUDE,LONGITUD,SP_JUR,HARM_EV,MAN_COLL,RELJCT1,RELJCT2,TYP_INT,WRK_ZONE,REL_ROAD,LGT_COND,WEATHER1,WEATHER2,WEATHER,SCH_BUS,RAIL,NOT_HOUR,NOT_MIN,ARR_HOUR,ARR_MIN,HOSP_HR,HOSP_MN,CF1,CF2,CF3,FATALS,DRUNK_DR,RANK
21,210115,2,2,0,0,0,2,2,143,0,23,3,2016,4,14,11,0,1,5,1,2,US-62,,138,37.104,-88.005,0,12,2,0,1,1,0,1,1,1,0,1,0,0,14,15,14,20,14,46,0,0,0,1,0,0
21,210116,3,3,0,0,0,4,4,107,960,23,3,2016,4,14,17,0,1,5,1,2,US-41,,125,37.28,-87.511,0,12,2,0,1,1,0,1,1,1,0,1,0,0,14,20,14,51,15,32,14,0,0,2,0,0
21,210118,2,2,0,0,0,3,3,73,1220,27,1,2016,4,8,58,1,2,3,1,2,US-127,SR-676,51,38.168,-84.899,0,12,6,0,2,2,0,1,1,10,0,10,0,0,99,99,99,99,99,99,0,0,0,1,0,0
21,210121,2,2,0,0,0,3,3,11,0,24,3,2016,5,7,0,1,1,1,1,1,I-64,,1278,38.156,-83.636,0,12,1,0,1,1,0,1,2,1,0,1,0,0,7,1,7,11,8,19,0,0,0,1,0,1
21,210123,3,3,0,0,0,7,7,13,0,24,3,2016,5,14,35,1,1,3,1,2,US-119,,67,36.739,-83.603,0,12,8,0,1,1,0,1,1,1,0,1,0,0,14,38,14,46,17,17,0,0,0,2,0,0
21,210128,2,2,0,0,0,3,3,37,730,3,3,2016,5,18,47,0,1,5,1,2,US-27,,10,38.993,-84.412,0,12,2,0,1,1,0,1,2,10,0,10,0,0,18,54,18,57,19,25,0,0,0,2,1,1
21,210129,2,2,0,0,0,2,2,239,0,30,3,2016,4,15,57,1,2,3,1,2,US-60,,114,38.046,-84.677,0,12,2,1,18,1,0,1,1,1,0,1,0,0,16,10,16,13,16,39,0,0,0,1,0,0
21,210130,1,1,0,1,1,1,1,189,0,29,3,2016,3,21,42,0,1,5,1,3,SR-30,,132,37.485,-83.643,0,8,0,0,1,1,0,1,2,1,0,1,0,0,21,40,21,45,22,30,0,0,0,1,0,1
21,210131,1,1,0,0,0,1,1,195,2341,27,3,2016,1,20,52,1,1,3,1,2,US-460,,250,37.365,-82.224,0,34,0,0,1,1,0,4,2,1,0,1,0,0,99,99,99,99,99,99,0,0,0,1,0,0
21,210132,1,1,0,0,0,1,1,47,0,31,3,2016,5,19,0,0,1,5,1,2,US-41,,234,37.016,-87.488,0,35,0,0,1,1,0,4,5,1,0,1,0,0,19,0,19,12,19,49,0,0,0,1,0,0
21,210137,2,2,0,0,0,2,2,193,1470,15,3,2016,3,20,0,1,1,3,1,3,SR-15,,97,37.228,-83.176,0,24,0,0,1,1,0,3,2,1,0,1,0,0,20,8,20,14,20,36,0,0,0,1,0,0
21,210138,4,4,0,0,0,5,5,37,1550,15,3,2016,3,16,29,1,2,1,1,1,I-275,,738,39.057,-84.431,0,12,7,0,1,1,0,1,1,1,0,1,0,0,16,40,17,5,17,50,19,0,0,1,0,1
21,210140,2,2,0,0,0,4,4,197,0,1,4,2016,6,20,33,0,1,4,1,3,SR-11,,221,37.881,-83.931,0,12,6,0,1,1,0,1,2,1,0,1,0,0,99,99,99,99,99,99,0,0,0,1,1,2
21,210143,1,1,0,0,0,2,2,117,0,3,4,2016,1,23,3,0,1,5,1,3,SR-17,,57,38.856,-84.536,0,1,0,0,1,1,0,4,2,10,0,10,0,0,23,15,23,24,0,22,0,0,0,1,0,2
21,210146,2,1,1,0,0,2,2,67,1980,4,4,2016,2,18,5,1,2,3,1,3,SR-4,,60,38.06,-84.548,0,14,0,0,1,1,1,3,1,10,0,10,0,0,18,5,18,16,18,41,0,0,0,1,0,2
21,210149,2,2,0,0,0,2,2,7,0,6,4,2016,4,17,45,0,1,3,1,2,US-51,,23,36.951,-89.089,0,12,8,0,1,1,0,1,1,10,0,10,0,0,17,50,17,54,88,88,0,0,0,1,0,0
21,210150,2,2,0,0,0,2,2,67,1980,8,4,2016,6,14,41,0,1,5,1,2,US-25,DELONG RD,78,37.979,-84.425,0,12,6,0,2,3,0,1,1,10,0,10,0,0,14,43,14,59,15,21,0,0,0,1,0,0
21,210151,2,2,0,0,0,5,5,111,2090,9,4,2016,7,22,7,1,2,1,1,1,I-64,,138,38.229,-85.596,0,12,1,0,1,1,0,1,3,10,0,10,0,0,99,99,99,99,99,99,19,0,0,3,1,1
21,210152,2,2,0,0,0,3,3,41,0,11,4,2016,2,7,35,0,1,5,1,3,SR-36,,56,38.711,-85.238,0,12,2,0,1,1,0,1,4,1,0,1,0,0,7,40,7,46,8,15,0,0,0,1,0,1
21,210153,2,2,0,0,0,2,2,159,1680,11,4,2016,2,14,18,0,1,5,1,3,SR-40,,98,37.868,-82.546,0,12,2,0,1,1,0,1,1,1,0,1,0,0,14,12,14,19,14,59,0,0,0,1,0,0
21,210155,1,1,0,0,0,1,1,151,0,12,4,2016,3,2,33,0,1,4,1,2,US-421,,97,37.651,-84.242,0,53,0,0,1,1,0,4,2,2,0,2,0,0,2,36,2,48,88,88,0,0,0,1,1,0
21,210156,3,3,0,0,0,4,4,103,0,12,4,2016,3,4,0,1,1,1,1,1,I-71,,346,38.536,-85.22,0,1,0,0,1,1,0,3,2,1,0,1,0,0,4,3,4,38,5,20,0,0,0,2,0,1
21,210161,2,2,0,0,0,2,2,49,0,15,4,2016,6,21,42,0,1,5,1,2,US-60,,26,38.017,-84.246,0,12,2,0,1,1,0,1,2,1,0,1,0,0,21,42,21,51,22,22,0,0,0,1,0,0
21,210162,1,1,0,0,0,1,1,31,0,10,4,2016,1,0,30,0,1,5,1,3,SR-70,,111,37.205,-86.736,0,1,0,0,1,1,0,4,2,10,0,10,0,0,99,99,99,99,88,88,0,0,0,1,1,2
21,210163,1,1,0,0,0,5,5,227,0,16,4,2016,7,4,38,0,2,4,1,2,US-231,,141,36.99,-86.492,0,43,0,0,1,1,0,4,2,1,0,1,0,0,4,39,4,43,5,4,0,0,0,1,1,0
21,210166,1,1,0,1,1,1,1,17,0,17,4,2016,1,15,49,1,1,3,1,2,US-27,,20,38.152,-84.34,0,9,0,0,1,1,0,1,1,1,0,1,0,0,16,9,16,14,88,88,0,0,0,1,0,0
21,210169,1,1,0,0,0,1,1,11,0,18,4,2016,2,16,20,0,1,5,1,3,SR-36,,111,38.156,-83.766,0,30,0,0,1,1,0,4,1,1,0,1,0,0,16,18,16,29,88,88,0,0,0,1,1,1
21,210172,1,1,0,0,0,2,2,91,0,19,4,2016,3,17,11,0,1,3,1,2,US-60,,73,37.919,-86.801,0,35,0,0,1,1,0,3,1,1,0,1,0,0,17,10,17,14,18,0,0,0,0,1,0,0
21,210175,2,2,0,0,0,4,4,219,52,20,4,2016,4,14,1,0,1,6,1,3,SR-171,SR-507,75,36.928,-87.217,0,12,6,0,2,2,0,1,1,1,0,1,0,0,14,3,14,18,15,14,0,0,0,1,0,1
21,210176,3,3,0,0,0,3,3,67,1980,19,4,2016,3,19,32,0,1,5,1,2,US-25,,22,37.92,-84.366,0,12,2,0,1,1,0,1,1,1,0,1,0,0,19,37,19,43,20,14,0,0,0,1,0,0
21,210177,1,1,0,1,1,1,1,67,1980,22,4,2016,6,4,10,1,2,3,1,3,SR-4,,122,38.05,-84.455,0,8,0,0,1,1,0,1,3,2,0,2,0,0,4,15,4,17,88,88,0,0,0,1,0,2
21,210178,1,1,0,0,0,1,1,111,2090,22,4,2016,6,22,20,1,2,3,1,2,US-31E,,73,38.17,-85.606,0,33,0,0,1,1,0,4,2,10,0,10,0,0,22,20,22,24,88,88,0,0,0,1,1,0
21,210179,4,4,0,0,0,6,6,221,0,23,4,2016,7,12,7,1,1,3,1,2,US-68,,2,36.773,-88.116,0,12,2,0,1,1,0,1,1,1,0,1,0,0,12,5,12,23,12,59,0,0,0,1,0,0
21,210180,2,2,0,0,0,5,5,85,0,23,4,2016,7,12,3,0,1,5,1,3,SR-54,,129,37.499,-86.388,0,12,2,0,1,1,0,1,1,10,0,10,0,0,12,4,12,8,12,47,0,0,0,4,0,2
21,210184,2,2,0,0,0,4,4,179,0,6,4,2016,4,10,28,0,1,4,1,2,US-31E,SR-509,205,37.899,-85.473,0,12,6,0,2,2,0,1,1,10,0,10,0,0,10,28,10,38,11,27,0,0,0,1,0,0
21,210186,2,2,0,0,0,4,4,179,0,8,4,2016,6,14,7,0,1,4,1,2,US-150,,73,37.763,-85.351,0,12,2,0,1,1,0,1,1,1,0,1,0,0,14,9,14,18,14,53,0,0,0,2,0,0
21,210190,2,2,0,0,0,2,2,47,0,27,4,2016,4,14,17,1,1,3,1,2,US-68,,165,36.853,-87.381,0,12,1,0,1,1,0,1,1,10,0,10,0,0,14,17,14,29,88,88,0,0,0,1,1,0
21,210191,3,3,0,0,0,4,4,111,2090,28,4,2016,5,21,48,1,2,1,1,1,I-65,,1350,38.243,-85.753,0,12,1,0,1,1,4,1,3,1,0,1,0,0,21,49,21,55,22,21,0,0,0,1,1,1
21,210194,1,1,0,0,0,2,2,209,0,29,4,2016,6,12,55,1,1,1,1,1,I-75,,1368,38.385,-84.574,0,1,0,0,1,1,0,3,1,1,0,1,0,0,12,58,13,4,88,88,0,0,0,1,0,2
21,210196,1,1,0,0,0,1,1,207,0,30,4,2016,7,21,45,0,1,6,1,3,SR-76,,31,37.039,-84.96,0,53,0,0,1,1,0,5,2,2,0,2,0,0,21,49,22,2,88,88,0,0,0,1,1,2
21,210197,2,2,0,0,0,4,4,25,1372,22,4,2016,6,13,43,1,1,3,1,3,SR-15,,91,37.487,-83.344,0,12,2,0,8,1,0,1,1,2,0,2,0,0,99,99,99,99,99,99,0,0,0,1,0,0
21,210200,1,1,0,1,1,1,1,111,2090,20,4,2016,4,21,35,1,2,3,1,2,US-31W,,73,38.09,-85.877,0,8,0,1,17,1,0,1,2,1,0,1,0,0,99,99,99,99,99,99,0,0,0,1,0,1
21,210201,1,1,0,0,0,2,2,89,0,22,4,2016,6,15,53,0,1,5,1,3,SR-7,,137,38.656,-82.924,0,32,0,0,1,1,0,4,1,1,0,1,0,0,15,51,15,55,16,45,0,0,0,1,0,2
21,210203,4,4,0,0,0,5,5,161,0,18,4,2016,2,14,50,1,1,3,1,3,SR-9,,159,38.655,-83.896,0,12,6,0,1,1,0,1,1,1,0,1,0,0,14,50,14,58,15,14,0,0,0,1,1,2
21,210204,2,2,0,0,0,2,2,181,0,26,4,2016,3,14,0,0,1,5,1,3,SR-36,,10,38.32,-84.075,0,12,99,0,1,1,0,1,1,1,0,1,0,0,14,7,14,14,14,50,0,0,0,1,0,1
21,210207,2,2,0,0,0,2,2,135,0,7,4,2016,5,18,22,0,1,5,1,3,SR-8,,147,38.593,-83.289,0,12,2,0,1,1,0,1,1,2,0,2,0,0,18,25,19,1,19,9,0,0,0,1,0,2
21,210208,1,1,0,0,0,1,1,229,0,29,4,2016,6,20,38,0,1,5,1,2,US-150,,72,37.709,-85.245,0,1,0,0,1,1,0,1,2,10,0,10,0,0,20,38,20,38,88,88,0,0,0,1,1,0
21,210209,1,1,0,0,0,1,1,77,3420,1,2,2016,2,22,16,0,1,5,1,3,SR-35,,79,38.774,-84.897,0,1,0,0,1,1,0,4,2,1,0,1,0,0,22,18,22,22,88,88,0,0,0,1,1,1
21,210210,2,2,0,0,0,2,2,161,0,2,5,2016,2,11,20,1,1,3,1,3,SR-9,SR-1449,37,38.584,-83.698,0,12,1,0,3,2,0,1,1,1,0,1,0,0,11,25,11,34,88,88,0,0,0,1,0,2
21,210211,2,1,1,0,0,1,1,67,1980,3,5,2016,3,21,33,1,2,3,1,2,US-27,,56,38.041,-84.506,0,5,0,0,1,1,0,1,3,10,0,10,0,0,21,34,21,37,21,58,0,0,0,1,0,0
21,210212,2,2,0,0,0,2,2,29,0,2,5,2016,2,1,41,0,1,5,1,3,SR-44,,162,38.013,-85.65,0,12,2,0,1,1,0,1,2,1,0,1,0,0,2,11,2,22,88,88,0,0,0,1,1,2
21,210214,1,1,0,0,0,1,1,111,2090,5,5,2016,5,4,19,0,2,3,1,2,US-60,CANNONS LANE,27,38.254,-85.67,0,18,0,0,3,2,4,1,2,2,0,2,0,0,99,99,99,99,88,88,3,0,0,1,1,0
21,210215,2,2,0,0,0,2,2,3,2910,5,5,2016,5,16,12,1,1,3,1,2,US-31E,,77,36.744,-86.217,0,12,6,0,1,1,0,1,1,1,0,1,0,0,16,10,16,12,88,88,0,0,0,1,0,0
21,210217,4,4,0,0,0,5,5,111,2090,6,5,2016,6,22,50,1,2,3,1,2,US-31W,,129,38.164,-85.831,0,12,6,0,8,1,0,1,3,1,0,1,0,0,99,99,99,99,99,99,14,0,0,1,0,1
21,210219,2,1,1,1,3,2,4,111,2090,10,5,2016,3,21,11,1,2,1,1,1,I-71,,72,38.301,-85.609,0,14,0,0,1,1,0,2,2,2,0,2,0,0,99,99,99,99,99,99,15,19,0,1,0,1
21,210220,1,1,0,0,0,3,3,41,0,11,5,2016,4,1,58,1,1,1,1,1,I-71,,389,38.586,-85.176,0,35,0,0,1,1,0,4,2,2,0,2,0,0,2,4,2,14,2,31,0,0,0,2,0,1
21,210221,2,2,0,0,0,3,3,111,1740,11,5,2016,4,15,52,1,2,3,1,3,SR-155,MARWOOD DRIVE,110,38.212,-85.587,0,12,6,0,2,3,0,1,1,1,0,1,0,0,15,53,15,57,99,99,0,0,0,1,0,1
21,210227,1,1,0,0,0,1,1,195,0,16,5,2016,2,14,50,1,1,3,1,2,US-23,,92,37.329,-82.559,0,32,0,0,1,1,0,4,1,10,0,10,0,0,14,54,15,10,88,88,0,0,0,1,0,0
21,210228,2,2,0,0,0,3,3,111,2090,16,5,2016,2,16,20,1,2,3,1,2,US-31W,,121,38.151,-85.837,0,12,6,0,8,1,0,1,1,1,0,1,0,0,16,24,16,30,17,6,0,0,0,1,0,1
21,210229,1,1,0,1,1,1,1,147,3192,17,5,2016,3,22,14,1,1,3,1,2,US-27,,72,36.697,-84.457,0,8,0,0,1,1,0,1,2,1,0,1,0,0,22,22,22,24,88,88,0,0,0,1,0,0
21,210230,2,2,0,0,0,2,2,151,0,13,5,2016,6,6,48,1,1,1,1,1,I-75,,932,37.824,-84.323,0,12,7,0,1,1,0,1,1,1,0,1,0,0,6,47,6,54,7,35,0,0,0,1,0,2
21,210231,1,1,0,0,0,1,1,113,0,21,5,2016,7,8,24,0,1,4,1,2,US-68,,34,37.887,-84.658,0,42,0,0,1,1,0,4,1,2,0,2,0,0,8,24,8,41,88,88,2,0,0,1,0,0
21,210232,1,1,0,0,0,2,2,137,810,21,5,2016,7,8,31,0,1,5,1,3,SR-39,,52,37.401,-84.508,0,42,0,0,1,1,0,4,1,10,0,10,0,0,8,36,8,40,9,19,0,0,0,1,0,2
21,210237,2,2,0,0,0,2,2,111,2090,23,5,2016,2,16,9,1,2,3,1,2,US-150,,10,38.249,-85.782,0,12,6,0,8,1,0,1,1,1,0,1,0,0,16,10,16,18,16,31,0,0,0,1,0,0
21,210242,3,3,0,0,0,5,5,45,0,25,5,2016,4,19,56,0,1,5,1,3,SR-70,,114,37.29,-84.997,0,12,8,0,1,1,0,1,2,1,0,1,0,0,20,55,21,1,21,19,0,0,0,1,1,2
21,210243,2,2,0,0,0,2,2,113,2410,26,5,2016,5,17,0,1,2,3,1,2,US-27,,142,37.949,-84.542,0,12,2,0,1,1,0,1,1,2,0,2,0,0,17,4,17,10,17,37,0,0,0,1,0,0
21,210245,3,3,0,0,0,3,3,217,0,25,5,2016,4,17,46,0,1,4,1,2,US-68,,30,37.328,-85.39,0,12,9,0,1,1,0,1,1,10,0,10,0,0,17,45,17,51,18,12,0,0,0,1,0,0
21,210247,1,1,0,4,4,1,1,47,0,27,5,2016,6,7,41,0,1,6,1,3,SR-107,,51,36.701,-87.604,0,49,0,0,1,1,0,1,1,1,0,1,0,0,7,43,7,54,8,25,0,0,0,1,0,2
21,210248,1,1,0,1,1,1,1,47,0,27,5,2016,6,20,25,0,2,4,1,3,SR-107,,203,36.872,-87.464,0,8,0,0,1,1,0,1,2,10,0,10,0,0,20,26,20,30,20,43,0,0,0,1,0,2
21,210250,1,1,0,0,0,1,1,163,0,29,5,2016,1,0,57,0,1,6,1,3,SR-144,,194,37.941,-86.226,0,1,0,0,1,1,0,4,2,1,0,1,0,0,0,59,1,11,99,99,0,0,0,1,1,2
21,210252,2,2,0,0,0,3,3,205,2270,1,5,2016,1,0,17,0,2,3,1,3,SR-32,OLD FLEMINGSBURG RD,69,38.179,-83.462,0,12,2,0,2,3,0,1,2,2,0,2,0,0,0,20,0,21,0,55,0,0,0,1,1,2
21,210254,2,2,0,0,0,2,2,31,0,6,5,2016,6,14,12,0,1,4,2,3,SR-70,CR-WILLIS ROAD,0,37.273,-86.636,0,12,7,0,3,3,0,1,1,1,0,1,0,0,14,14,14,21,88,88,0,0,0,1,0,1
21,210255,1,1,0,1,1,1,1,111,3010,8,5,2016,1,22,32,1,2,3,1,2,US-31W,,159,38.2,-85.803,0,8,0,0,1,1,0,1,3,1,0,1,0,0,99,99,99,99,88,88,0,0,0,1,0,1
21,210256,1,1,0,0,0,1,1,17,0,16,5,2016,2,15,45,0,1,5,1,3,SR-57,,6,38.083,-84.289,0,38,0,0,1,1,0,4,1,10,0,10,0,0,15,51,16,8,88,88,0,0,0,1,0,2
21,210258,2,2,0,0,0,5,5,71,0,26,5,2016,5,17,44,1,1,3,1,3,SR-114,,19,37.675,-82.925,0,12,8,0,1,1,0,1,1,1,0,1,0,0,17,42,17,56,18,26,0,0,0,1,0,2
21,210259,1,1,0,0,0,3,3,67,1980,26,5,2016,5,17,56,1,1,1,1,1,I-75,,1037,37.961,-84.389,0,35,0,0,1,1,0,4,1,2,0,2,0,0,17,59,18,24,18,42,0,0,0,1,0,2
21,210260,1,1,0,1,1,1,1,67,1980,30,5,2016,2,4,56,1,1,1,1,1,I-64,,893,38.037,-84.29,0,8,0,0,1,1,0,1,2,1,0,1,0,0,4,57,5,14,5,46,0,0,0,1,0,1
21,210261,1,1,0,0,0,1,1,229,0,1,5,2016,1,7,39,0,1,5,1,3,SR-55,,81,37.738,-85.258,0,35,0,0,1,1,0,4,2,1,0,1,0,0,7,41,7,50,88,88,0,0,0,1,1,2
21,210262,6,6,0,0,0,10,10,67,1980,7,5,2016,7,11,37,1,2,1,1,1,I-75,,1102,38.048,-84.424,0,12,1,0,1,1,0,1,1,1,0,1,0,0,11,40,11,48,12,17,0,0,0,1,0,2
21,210265,2,2,0,0,0,3,3,227,350,22,5,2016,1,18,40,1,1,3,1,2,US-31W,TOBACCO ROAD,152,37.007,-86.423,0,12,6,0,2,2,0,1,1,1,0,1,0,0,18,42,18,47,19,8,0,0,0,1,0,1
21,210266,1,1,0,0,0,2,2,29,2990,16,5,2016,2,15,26,1,2,1,1,1,I-65,,1186,38.021,-85.696,0,35,0,0,1,1,0,4,1,10,0,10,0,0,15,23,15,30,15,55,0,0,0,1,1,1
21,210268,1,1,0,0,0,2,2,135,0,24,3,2016,5,13,15,1,1,3,1,3,SR-9,,67,38.565,-83.258,0,24,0,0,1,1,0,4,1,10,0,10,0,0,13,24,13,30,14,0,0,0,0,1,0,2
21,210272,2,2,0,0,0,2,2,59,0,25,5,2016,4,10,27,0,1,5,1,2,US-231,,97,37.712,-87.075,0,12,2,0,1,1,0,1,1,1,0,1,0,0,10,31,10,38,10,58,0,0,0,1,0,0
21,210274,1,1,0,0,0,2,2,41,0,1,6,2016,4,5,17,1,1,1,1,1,I-71,,598,38.676,-85.002,0,42,0,0,1,1,0,4,6,1,0,1,0,0,5,16,5,25,6,0,0,0,0,1,0,1
21,210276,2,2,0,0,0,2,2,103,0,3,6,2016,6,5,11,0,1,4,1,2,US-421,,151,38.44,-85.169,0,12,2,0,1,1,0,1,2,5,0,5,0,0,5,15,5,22,88,88,0,0,0,1,1,0
21,210277,1,1,0,0,0,1,1,211,2980,4,6,2016,7,3,39,1,2,1,1,1,I-64,,350,38.185,-85.215,0,1,0,0,1,1,0,3,2,10,0,10,0,0,3,43,3,43,4,23,0,0,0,1,1,1
21,210278,1,1,0,0,0,3,3,41,0,4,6,2016,7,9,37,1,1,1,1,1,I-71,,409,38.614,-85.163,0,24,0,0,1,1,0,4,1,10,0,10,0,0,9,39,9,47,88,88,0,0,0,1,0,1
21,210283,1,1,0,0,0,1,1,171,0,8,6,2016,4,22,49,0,1,5,1,3,SR-63,,170,36.76,-85.793,0,34,0,0,1,1,0,4,2,1,0,1,0,0,22,51,23,10,88,88,0,0,0,1,0,2
21,210284,1,1,0,1,1,1,1,111,2090,9,6,2016,5,0,17,1,2,3,1,2,US-31E,,170,38.255,-85.739,0,8,0,0,1,1,0,1,6,1,0,1,0,0,0,17,0,19,0,40,0,0,0,1,0,0
21,210286,1,1,0,0,0,1,1,211,0,9,6,2016,5,17,20,0,1,4,1,3,SR-53,,127,38.279,-85.258,0,1,0,0,1,1,0,4,1,1,0,1,0,0,17,20,17,45,88,88,0,0,0,1,0,2
21,210288,4,4,0,0,0,6,6,67,1980,10,6,2016,6,16,16,1,2,1,1,1,I-75,,1166,38.111,-84.508,0,12,7,0,1,1,0,1,1,1,0,1,0,0,16,18,16,21,16,55,0,0,0,1,1,2
21,210290,1,1,0,0,0,1,1,225,0,9,6,2016,5,15,46,0,1,4,1,2,US-60,,122,37.633,-87.941,0,32,0,0,1,1,0,4,1,1,0,1,0,0,15,47,15,50,16,3,0,0,0,1,0,0
21,210291,2,2,0,0,0,2,2,199,3070,9,6,2016,5,16,43,0,1,5,1,3,SR-39,,24,37.13,-84.589,0,12,2,0,1,1,0,1,1,1,0,1,0,0,16,45,16,51,17,30,0,0,0,1,0,2
21,210292,2,2,0,0,0,3,3,217,520,11,6,2016,7,8,50,0,2,4,1,3,SR-70,TIE ST,2,37.339,-85.342,0,12,6,0,2,3,0,1,1,1,0,1,0,0,8,25,8,53,9,4,0,0,0,1,0,1
21,210293,2,2,0,0,0,5,5,147,0,11,6,2016,7,15,10,1,1,3,1,2,US-27,CR-CAL HILL SPUR RD,40,36.655,-84.436,0,12,6,0,2,2,0,1,1,1,0,1,0,0,14,54,15,2,15,42,20,0,0,2,1,1
21,210295,3,3,0,0,0,5,5,67,1980,11,6,2016,7,22,29,1,2,1,1,1,I-75,,1028,37.948,-84.384,0,12,7,0,1,1,0,1,2,1,0,1,0,0,22,32,22,44,23,33,0,0,0,1,1,2
21,210296,2,2,0,0,0,2,2,163,0,14,6,2016,3,17,0,0,1,3,1,2,US-60,SR-941,26,37.883,-86.197,0,12,2,0,2,3,0,1,1,2,0,2,0,0,17,1,17,17,17,35,0,0,0,1,0,0
21,210298,2,2,0,0,0,2,2,67,1980,14,6,2016,3,7,45,0,2,4,1,2,US-60,,138,38.036,-84.387,0,12,6,0,1,1,0,1,1,1,0,1,0,0,7,46,7,53,8,22,0,0,0,1,0,0
21,210300,1,1,0,0,0,1,1,111,2090,17,6,2016,6,1,0,1,2,1,1,1,I-64,,235,38.218,-85.42,0,24,0,0,1,1,0,4,2,1,0,1,0,0,99,99,99,99,88,88,0,0,0,1,1,1
21,210302,2,2,0,0,0,3,3,195,3140,17,6,2016,6,14,22,1,1,3,1,2,US-119,SR-292,0,37.686,-82.297,0,12,6,0,2,3,0,1,1,1,0,1,0,0,99,99,99,99,99,99,0,0,0,1,0,0
21,210303,1,1,0,0,0,2,2,181,0,16,6,2016,5,13,33,0,1,5,1,3,SR-36,,119,38.253,-83.921,0,38,0,0,1,1,0,4,1,1,0,1,0,0,13,32,13,41,88,88,1,0,0,1,0,1
21,210304,2,2,0,0,0,2,2,167,1430,16,6,2016,5,13,58,1,2,3,1,2,US-127,,71,37.802,-84.848,0,12,1,0,1,1,0,1,1,1,0,1,0,0,14,4,14,7,88,88,19,0,0,1,0,0
21,210306,1,1,0,0,0,1,1,113,2410,20,6,2016,2,22,38,0,2,4,1,3,SR-39,,89,37.878,-84.564,0,30,0,0,1,1,0,4,3,10,0,10,0,0,22,40,22,46,23,13,0,0,0,1,1,2
21,210307,2,2,0,0,0,3,3,73,1220,21,6,2016,3,10,5,1,2,3,1,2,US-60,LYONS DRIVE,111,38.201,-84.832,0,12,6,0,2,2,0,1,1,10,0,10,0,0,10,10,10,16,10,31,0,0,0,1,0,0
21,210308,1,1,0,2,2,1,1,111,1740,21,6,2016,3,21,38,1,2,3,1,3,SR-155,,107,38.208,-85.583,0,8,0,0,1,1,0,1,5,1,0,1,0,0,21,47,21,48,22,10,0,0,0,2,1,1
21,210310,1,1,0,0,0,1,1,51,0,22,6,2016,4,18,34,0,1,4,1,2,US-421,,328,37.307,-83.879,0,34,0,0,1,1,0,4,1,10,0,10,0,0,18,34,18,52,88,88,0,0,0,1,0,0
21,210312,2,2,0,0,0,4,4,195,2640,23,6,2016,5,20,1,1,2,3,1,2,US-23,KELSEY FRIEND BLVD,316,37.537,-82.601,0,12,6,0,2,2,0,1,5,2,0,2,0,0,20,5,20,13,20,35,0,0,0,1,0,0
21,210313,2,2,0,0,0,2,2,111,2090,22,6,2016,4,0,54,0,2,3,1,3,SR-61,,84,38.193,-85.729,0,12,6,0,8,1,0,1,3,1,0,1,0,0,0,54,1,1,1,30,0,0,0,1,1,2
21,210315,3,3,0,0,0,3,3,209,1280,24,6,2016,6,16,21,1,2,3,1,2,US-62,TIMBERLAND WAY,122,38.238,-84.532,0,12,2,0,2,3,0,1,1,1,0,1,0,0,16,22,16,29,16,52,0,0,0,1,0,0
21,210316,1,1,0,0,0,1,1,225,0,23,6,2016,5,5,40,0,1,4,1,3,SR-56,,199,37.625,-87.822,0,1,0,0,1,1,0,4,1,1,0,1,0,0,5,42,5,57,6,34,0,0,0,1,0,2
21,210317,1,1,0,0,0,1,1,101,0,25,6,2016,7,15,59,1,2,3,1,2,US-41,,202,37.913,-87.548,0,25,0,0,1,1,0,4,1,1,0,1,0,0,15,59,16,5,88,88,0,0,0,1,0,0
21,210319,2,2,0,0,0,3,3,231,0,27,6,2016,2,13,7,0,1,5,1,3,SR-92,,136,36.778,-84.806,0,12,2,0,1,1,0,1,1,2,0,2,0,0,13,10,13,18,14,30,0,0,0,1,0,2
21,210320,1,1,0,0,0,1,1,9,0,28,6,2016,3,14,32,0,1,4,1,2,US-31E,,201,37.076,-85.89,0,35,0,0,1,1,0,4,1,1,0,1,0,0,14,34,14,40,88,88,0,0,0,1,0,0
21,210324,2,2,0,0,0,6,6,123,3320,4,6,2016,7,7,30,0,1,5,1,2,US-31W,SR-84,99998,37.52,-85.88,0,12,6,0,2,2,1,1,1,10,0,10,0,0,7,30,7,36,8,19,0,0,0,2,0,1
21,210327,3,3,0,0,0,4,4,215,0,15,6,2016,4,8,57,0,1,4,1,2,US-31E,,8,37.999,-85.489,0,12,2,0,1,1,0,1,1,10,0,10,0,0,8,57,9,15,99,99,0,0,0,1,0,0
21,210330,1,1,0,0,0,1,1,67,1980,17,6,2016,6,12,34,1,2,3,1,2,US-25,,135,38.041,-84.493,0,42,0,0,1,1,0,4,1,10,0,10,0,0,12,35,12,38,13,1,0,0,0,1,0,0
21,210332,1,1,0,1,1,1,1,111,3010,27,6,2016,2,5,34,1,2,3,1,2,US-31W,,138,38.175,-85.823,0,8,0,0,1,1,0,1,3,1,0,1,0,0,99,99,99,99,99,99,0,0,0,1,0,1