STATE,ST_CASE,VE_TOTAL,VE_FORMS,PVH_INVL,PEDS,PERNOTMVIT,PERMVIT,PERSONS,COUNTY,CITY,DAY,MONTH,YEAR,DAY_WEEK,HOUR,MINUTE,NHS,RUR_URB,FUNC_SYS,RD_OWNER,ROUTE,TWAY_ID,TWAY_ID2,MILEPT,LATITUDE,LONGITUD,SP_JUR,HARM_EV,MAN_COLL,RELJCT1,RELJCT2,TYP_INT,WRK_ZONE,REL_ROAD,LGT_COND,WEATHER1,WEATHER2,WEATHER,SCH_BUS,RAIL,NOT_HOUR,NOT_MIN,ARR_HOUR,ARR_MIN,HOSP_HR,HOSP_MN,CF1,CF2,CF3,FATALS,DRUNK_DR,RANK
21,210334,1,1,0,1,1,4,4,167,0,3,4,2016,1,2,3,1,1,3,1,2,US-127,,104,37.85,-84.852,0,8,0,0,1,1,0,1,2,1,0,1,0,0,2,9,2,17,88,88,0,0,0,1,0,0
21,210341,2,2,0,0,0,2,2,37,0,25,4,2016,2,15,0,0,2,4,1,2,US-27,,24,38.853,-84.384,0,24,0,0,1,1,0,4,1,1,0,1,0,0,15,0,15,5,15,40,0,0,0,1,0,0
21,210342,1,1,0,0,0,1,1,177,0,16,6,2016,5,14,22,0,1,5,1,3,SR-70,,200,37.205,-86.948,0,1,0,0,1,1,0,5,1,1,0,1,0,0,14,24,14,40,88,88,0,0,0,1,0,1
21,210343,1,1,0,0,0,1,1,23,0,6,6,2016,2,11,37,0,1,5,1,3,SR-8,,40,38.789,-84.168,0,11,0,0,1,1,0,1,1,1,0,1,0,0,11,38,11,59,88,88,0,0,0,1,0,2
21,210346,1,1,0,1,1,5,5,151,270,30,6,2016,5,22,47,1,1,1,1,1,I-75,,776,37.6,-84.314,0,8,0,0,1,1,0,1,3,1,0,1,0,0,22,47,22,49,88,88,0,0,0,1,0,2
21,210352,2,2,0,0,0,3,3,27,0,5,7,2016,3,19,5,0,1,3,1,2,US-60,,255,37.832,-86.326,0,12,2,0,1,1,0,1,1,1,0,1,0,0,19,5,19,11,20,5,0,0,0,2,0,0
21,210353,1,1,0,0,0,6,6,93,3080,4,7,2016,2,4,18,1,1,1,1,1,I-65,,803,37.52,-85.885,0,52,0,0,1,1,0,4,3,2,0,2,0,0,4,19,4,26,5,22,0,0,0,1,0,1
21,210354,2,2,0,0,0,4,4,199,0,4,7,2016,2,18,3,0,1,5,1,2,US-27,,53,36.947,-84.573,0,12,6,0,1,1,0,1,1,2,0,2,0,0,18,6,18,32,18,45,0,0,0,1,0,0
21,210355,1,1,0,0,0,1,1,67,1980,2,7,2016,7,2,28,0,2,4,1,3,SR-57,,14,38.068,-84.441,0,53,0,0,1,1,0,4,3,1,0,1,0,0,2,30,2,35,2,55,0,0,0,1,1,2
21,210357,1,1,0,1,1,2,2,199,3070,1,7,2016,6,21,48,1,2,3,1,2,US-27,,161,37.086,-84.617,0,15,0,0,1,1,0,1,3,1,0,1,0,0,21,49,21,52,21,59,0,0,0,1,0,0
21,210358,2,2,0,0,0,2,2,199,0,7,7,2016,5,12,5,1,1,3,1,2,US-27,,34,36.938,-84.542,0,12,2,0,1,1,0,1,1,10,0,10,0,0,12,4,12,18,13,2,0,0,0,1,0,0
21,210359,1,1,0,0,0,1,1,67,1980,8,7,2016,6,1,8,1,2,3,1,2,US-68,,39,38.024,-84.54,0,42,0,0,1,1,0,4,3,1,0,1,0,0,1,13,1,18,1,29,0,0,0,1,0,0
21,210360,1,1,0,0,0,1,1,47,1620,8,7,2016,6,4,23,0,1,5,1,3,SR-107,,160,36.827,-87.503,0,43,0,0,1,1,0,4,3,1,0,1,0,0,4,23,4,27,88,88,0,0,0,1,0,2
21,210361,3,3,0,0,0,5,5,183,1440,8,7,2016,6,15,25,0,1,5,1,2,US-231,,119,37.44,-86.892,0,12,6,0,1,1,0,1,1,1,0,1,0,0,15,27,15,30,15,41,0,0,0,2,1,0
21,210362,2,2,0,0,0,3,3,47,0,9,7,2016,7,3,0,1,1,1,1,1,I-24,,918,36.652,-87.362,0,12,1,0,1,1,0,1,2,10,0,10,0,0,3,5,3,24,88,88,0,0,0,1,1,1
21,210363,2,2,0,0,0,2,2,219,0,9,7,2016,7,11,50,0,1,4,1,2,US-41,SR-181,24,36.648,-87.2,0,12,6,0,2,2,0,1,1,1,0,1,0,0,11,50,12,1,12,46,0,0,0,1,0,0
21,210365,1,1,0,0,0,1,1,197,0,12,7,2016,3,17,38,0,1,5,1,3,SR-11,,136,37.845,-83.823,0,1,0,0,1,1,0,4,1,1,0,1,0,0,99,99,99,99,99,99,0,0,0,1,0,2
21,210367,1,1,0,1,1,1,1,117,1660,13,7,2016,4,3,34,0,1,5,1,3,SR-17,,100,38.914,-84.544,0,8,0,0,1,1,0,1,2,1,0,1,0,0,3,38,3,43,88,88,0,0,0,1,0,2
21,210369,1,1,0,0,0,1,1,15,0,2,7,2016,7,14,30,1,2,1,1,1,I-275,,24,39.057,-84.634,0,52,0,0,1,1,0,4,1,10,0,10,0,0,14,30,14,39,88,88,0,0,0,1,0,1
21,210373,1,1,0,0,0,1,1,71,2670,17,7,2016,1,18,58,0,1,5,1,3,SR-3,,15,37.729,-82.763,0,53,0,0,1,1,0,4,1,1,0,1,0,0,19,3,19,9,19,19,0,0,0,1,0,2
21,210374,1,1,0,1,1,3,3,111,2090,17,7,2016,1,3,25,1,2,3,1,2,US-150,,20,38.247,-85.764,0,8,0,0,1,1,0,1,3,1,0,1,0,0,99,99,99,99,99,99,0,0,0,1,0,0
21,210375,1,1,0,0,0,1,1,111,2090,17,7,2016,1,11,34,1,2,1,1,1,I-64,,93,38.24,-85.675,0,21,0,0,1,1,0,4,1,1,0,1,0,0,11,35,11,47,12,5,0,0,0,1,0,1
21,210376,1,1,0,0,0,1,1,143,970,6,7,2016,4,5,0,1,1,1,1,1,I-69,,2,37.071,-88.089,0,24,0,1,5,1,0,4,3,10,0,10,0,0,5,2,5,12,6,36,0,0,0,1,0,0
21,210379,2,2,0,0,0,2,2,163,0,20,7,2016,4,10,48,0,1,6,1,2,US-60,,102,37.883,-86.059,0,12,1,0,1,1,0,1,1,1,0,1,0,0,10,49,10,55,88,88,0,0,0,1,0,0
21,210380,2,2,0,0,0,2,2,37,2400,19,7,2016,3,12,25,1,2,3,1,3,SR-8,I-471 S. RAMP,11,39.099,-84.492,0,12,6,1,2,3,0,1,1,1,0,1,0,0,12,26,12,29,12,45,0,0,0,1,0,2
21,210383,2,2,0,0,0,3,3,217,0,21,7,2016,5,12,42,0,1,5,1,3,SR-210,SR-883,7,37.365,-85.388,0,12,6,0,3,2,0,1,1,1,0,1,0,0,12,42,12,46,13,33,0,0,0,1,0,2
21,210384,2,2,0,0,0,2,2,121,1306,22,7,2016,6,14,37,0,1,5,1,3,SR-11,,151,36.932,-83.84,0,1,0,0,1,1,0,1,1,1,0,1,0,0,14,18,14,26,88,88,0,0,0,1,0,2
21,210386,3,3,0,0,0,5,5,67,1980,19,7,2016,3,17,33,1,2,3,1,2,US-27,LOUDON AVE,76,38.06,-84.484,0,12,6,0,2,2,0,1,1,1,0,1,0,0,17,34,17,38,17,54,0,0,0,1,0,0
21,210389,1,1,0,0,0,1,1,155,0,24,7,2016,1,3,59,1,1,3,1,2,US-68,,80,37.546,-85.303,0,35,0,0,1,1,0,4,2,1,0,1,0,0,4,0,4,6,88,88,0,0,0,1,1,0
21,210393,1,1,0,0,0,1,1,235,0,28,7,2016,5,11,0,0,1,5,1,3,SR-92,,223,36.742,-84.007,0,35,0,0,1,1,0,4,1,2,0,2,0,0,11,12,11,37,88,88,0,0,0,1,0,2
21,210394,2,2,0,0,0,2,2,111,2090,25,7,2016,2,10,5,1,2,3,1,2,US-60,BROOKSIDE DR.,91,38.245,-85.554,0,12,6,0,2,3,0,1,1,1,0,1,0,0,10,15,10,28,99,99,0,0,0,1,0,0
21,210396,2,2,0,0,0,3,3,69,0,30,7,2016,7,3,22,0,1,4,1,3,SR-11,,38,38.326,-83.778,0,12,2,0,1,1,0,1,2,1,0,1,0,0,3,27,3,46,4,17,0,0,0,2,2,2
21,210397,1,1,0,0,0,2,2,47,0,30,7,2016,7,7,8,0,1,4,1,3,SR-117,,16,36.699,-87.482,0,35,0,0,1,1,0,4,1,1,0,1,0,0,7,7,7,19,88,88,0,0,0,2,1,2
21,210398,2,2,0,0,0,4,4,145,0,30,7,2016,7,21,51,1,1,3,1,2,US-45,LOVELACE FLORENCE STATION RD,25,36.98,-88.677,0,12,6,0,2,2,0,1,2,1,0,1,0,0,21,27,22,4,22,22,0,0,0,1,0,0
21,210399,1,1,0,0,0,1,1,151,3387,31,7,2016,1,13,15,0,1,4,1,3,SR-52,,188,37.74,-84.161,0,24,0,0,1,1,0,4,1,1,0,1,0,0,13,17,13,28,13,55,0,0,0,1,1,0
21,210400,1,1,0,0,0,1,1,231,0,1,7,2016,6,9,26,0,1,5,1,3,SR-92,,198,36.749,-84.708,0,42,0,0,1,1,0,5,1,1,0,1,0,0,99,99,99,99,99,99,0,0,0,1,0,2
21,210403,2,2,0,0,0,7,7,67,1980,9,7,2016,7,11,24,1,2,3,1,2,US-60,SR-1723   RED MILE RD,69,38.05,-84.523,0,12,2,0,2,2,0,1,1,1,0,1,0,0,11,25,11,30,11,53,0,0,0,1,0,0
21,210404,1,1,0,0,0,2,2,81,3590,11,7,2016,2,21,26,1,1,1,1,1,I-75,,99998,36.63,-84.576,0,1,0,0,1,1,0,4,3,1,0,1,0,0,21,29,21,36,22,8,0,0,0,1,0,2
21,210405,1,1,0,0,0,1,1,179,0,12,7,2016,3,9,58,0,1,5,1,2,US-150,,72,37.764,-85.352,0,52,0,0,1,1,0,4,1,2,0,2,0,0,10,0,10,10,10,34,0,0,0,1,0,0
21,210406,2,2,0,0,0,6,6,147,3545,19,7,2016,3,1,19,1,1,3,1,2,US-27,,133,36.783,-84.482,0,12,1,0,1,1,0,1,2,1,0,1,0,0,1,21,1,26,2,13,0,0,0,1,0,0
21,210407,1,1,0,0,0,1,1,37,1180,31,7,2016,1,0,58,1,2,1,1,1,I-275,,735,39.054,-84.437,0,1,0,0,1,1,0,1,3,1,0,1,0,0,0,54,0,59,99,99,0,0,0,1,0,1
21,210408,1,1,0,0,0,2,2,193,0,2,7,2016,7,13,25,0,1,5,1,3,SR-28,,0,37.344,-83.409,0,35,0,0,1,1,0,4,1,1,0,1,0,0,13,21,13,43,14,29,0,0,0,1,1,2
21,210409,2,2,0,0,0,4,4,193,1470,23,7,2016,7,13,42,1,1,3,1,3,SR-15,ENTERTAINMENT DR.,177,37.313,-83.247,0,12,6,0,2,2,0,1,1,1,0,1,0,0,13,42,13,49,14,37,0,0,0,1,0,0
21,210410,3,3,0,0,0,3,3,111,3010,24,7,2016,1,23,7,1,2,3,1,2,US-31W,DUBOURG AVE,166,38.21,-85.798,0,12,1,0,3,3,0,1,2,1,0,1,0,0,23,7,23,9,99,99,14,0,0,1,0,1
21,210412,2,2,0,0,0,7,7,235,0,31,7,2016,1,15,25,9,1,3,1,2,US-25,SR-204,99998,36.817,-84.2,0,12,6,0,2,2,0,1,1,1,0,1,0,0,15,28,15,50,16,1,0,0,0,1,0,0
21,210414,2,2,0,0,0,2,2,67,1980,5,8,2016,6,7,40,1,2,3,1,2,US-25,,148,38.057,-84.503,0,58,0,0,1,1,0,3,1,1,0,1,0,0,7,41,7,53,8,8,14,0,0,1,0,0
21,210416,1,1,0,0,0,2,2,111,2090,6,8,2016,7,2,51,1,2,1,1,1,I-64,I-265 RAMP,2,38.223,-85.511,0,1,0,1,5,1,0,8,3,10,0,10,0,0,99,99,99,99,99,99,0,0,0,1,1,1
21,210417,2,2,0,0,0,3,3,175,0,6,8,2016,7,15,29,0,1,4,1,3,SR-7,,105,38.037,-83.231,0,12,2,0,1,1,0,1,1,2,0,2,0,0,15,32,16,31,17,14,0,0,0,2,0,2
21,210418,2,2,0,0,0,4,4,107,0,6,8,2016,7,21,2,1,1,1,1,1,I-69,,1086,37.249,-87.449,0,12,1,1,5,1,0,1,3,1,0,1,0,0,21,6,21,17,88,88,0,0,0,1,0,0
21,210420,2,2,0,0,0,2,2,223,0,7,8,2016,1,8,48,0,1,5,1,2,US-42,,105,38.6,-85.28,0,12,6,0,1,1,0,1,1,1,0,1,0,0,8,49,8,58,88,88,0,0,0,1,0,0
21,210423,2,2,0,0,0,2,2,93,0,8,8,2016,2,13,35,1,1,1,1,1,I-65,,868,37.592,-85.87,0,12,6,0,1,1,0,1,1,1,0,1,0,0,13,41,13,51,14,18,23,0,0,1,0,1
21,210424,1,1,0,0,0,3,3,195,0,8,8,2016,2,14,35,0,1,5,1,3,SR-195,,59,37.367,-82.414,0,23,0,0,1,1,0,4,1,1,0,1,0,0,99,99,99,99,99,99,0,0,0,1,0,1
21,210425,3,3,0,0,0,6,6,111,2090,8,8,2016,2,18,5,1,2,1,1,1,I-64,,42,38.259,-85.762,0,12,1,0,1,1,0,1,1,1,0,1,0,0,18,5,18,11,18,40,23,0,0,1,1,1
21,210426,2,2,0,0,0,3,3,173,0,7,8,2016,1,12,55,1,1,1,1,1,I-64,,1044,38.069,-84.007,0,12,1,0,1,1,0,1,1,1,0,1,0,0,12,58,13,7,88,88,0,0,0,2,0,1
21,210429,1,1,0,0,0,1,1,7,0,10,8,2016,4,16,0,1,1,3,1,2,US-51,,43,36.975,-89.097,0,42,0,0,1,1,0,4,1,1,0,1,0,0,99,99,99,99,88,88,0,0,0,1,1,0
21,210431,1,1,0,0,0,1,1,169,0,13,8,2016,7,4,50,0,1,4,1,3,SR-90,,61,36.869,-85.644,0,24,0,0,1,1,0,4,2,1,0,1,0,0,4,52,5,14,88,88,0,0,0,1,0,1
21,210435,2,2,0,0,0,2,2,151,0,16,8,2016,3,23,6,1,1,1,1,1,I-75,,820,37.663,-84.31,0,12,1,0,1,1,0,1,2,1,0,1,0,0,22,58,23,9,0,19,0,0,0,1,0,2
21,210439,2,2,0,0,0,4,4,95,1334,18,8,2016,5,17,30,0,1,4,1,2,US-421,,113,36.814,-83.281,0,12,6,0,1,1,0,1,1,10,0,10,0,0,17,40,17,42,17,57,0,0,0,1,0,0
21,210442,2,2,0,0,0,4,4,73,1220,19,8,2016,6,20,22,1,2,3,1,2,US-127,,107,38.217,-84.856,0,12,6,0,1,1,0,1,5,1,0,1,0,0,20,24,20,29,20,57,0,0,0,2,0,0
21,210443,2,2,0,0,0,5,5,113,2410,20,8,2016,7,14,57,1,1,3,1,2,US-127,,6,37.86,-84.581,0,12,2,0,1,1,0,1,1,1,0,1,0,0,15,1,15,3,15,46,0,0,0,1,0,0
21,210444,2,2,0,0,0,2,2,71,2670,23,8,2016,3,10,11,0,1,5,1,3,SR-114,GIBSON DR,114,37.66,-82.784,0,12,6,0,2,2,0,1,1,1,0,1,0,0,10,13,10,16,10,34,0,0,0,1,0,2
21,210445,1,1,0,0,0,1,1,19,0,16,8,2016,3,11,55,1,1,3,1,2,US-23,,9,38.254,-82.587,0,11,0,0,1,1,0,1,1,1,0,1,0,0,11,55,12,7,12,52,0,0,0,1,0,0
21,210447,1,1,0,0,0,1,1,101,0,24,8,2016,4,13,30,0,2,4,1,3,SR-136,,189,37.803,-87.657,0,35,0,0,1,1,0,4,1,10,0,10,0,0,13,46,14,6,88,88,0,0,0,1,0,2
21,210448,1,1,0,1,1,1,1,117,800,25,8,2016,5,4,0,1,2,3,1,3,SR-16,30TH ST W.,153,39.054,-84.503,0,8,0,0,2,2,0,1,2,1,0,1,0,0,4,5,4,8,88,88,0,0,0,1,0,2
21,210450,3,3,0,0,0,3,3,153,0,27,8,2016,7,13,47,0,1,5,1,3,SR-30,,62,37.698,-83.124,0,12,8,0,1,1,0,1,1,1,0,1,0,0,13,46,13,53,13,55,0,0,0,1,0,1
21,210451,1,1,0,0,0,1,1,59,2490,28,8,2016,1,13,46,0,2,4,1,3,SR-54,RALPH AVE,36,37.752,-87.053,0,34,0,0,3,2,0,4,1,10,0,10,0,0,13,49,13,54,88,88,0,0,0,1,1,2
21,210452,2,2,0,0,0,3,3,151,2750,28,8,2016,1,13,31,1,2,1,1,1,I-75,,853,37.71,-84.32,0,12,6,0,1,1,0,1,1,2,0,2,0,0,13,46,13,46,99,98,0,0,0,1,0,2
21,210454,1,1,0,0,0,1,1,129,0,29,8,2016,2,17,23,0,1,5,1,3,SR-52,,238,37.554,-83.569,0,35,0,0,1,1,0,4,1,2,0,2,0,0,17,23,17,40,88,88,0,0,0,1,0,0
21,210455,1,1,0,0,0,2,2,103,0,30,8,2016,3,22,14,0,1,5,1,3,SR-146,SR-1606,75,38.431,-85.21,0,42,0,0,3,3,0,4,2,1,0,1,0,0,22,28,22,47,23,11,0,0,0,1,0,2
21,210457,1,1,0,0,0,1,1,235,770,1,8,2016,2,7,10,1,2,1,1,1,I-75,,257,36.933,-84.126,0,24,0,0,1,1,0,4,4,1,0,1,0,0,7,10,7,16,88,88,0,0,0,1,0,2
21,210459,2,2,0,0,0,5,5,117,1050,4,8,2016,5,18,44,1,2,1,1,1,I-275,,10,39.044,-84.614,0,12,6,0,1,1,0,1,1,1,0,1,0,0,18,55,19,1,19,31,28,0,0,1,0,1
21,210461,1,1,0,0,0,1,1,31,0,9,8,2016,3,6,17,0,1,5,1,3,SR-70,,24,37.185,-86.874,0,35,0,0,1,1,0,4,1,1,0,1,0,0,6,23,6,51,7,47,0,0,0,1,0,1
21,210464,2,2,0,0,0,3,3,93,1000,20,8,2016,7,14,36,0,2,4,1,2,US-62,PETERSON DR,159,37.678,-85.888,0,12,6,0,2,3,0,1,1,2,5,2,0,0,14,33,14,43,15,11,0,0,0,1,0,0
21,210465,1,1,0,0,0,1,1,179,0,21,8,2016,1,2,59,0,1,4,1,2,US-150,,37,37.785,-85.402,0,31,0,0,1,1,0,4,2,2,0,2,0,0,3,24,4,0,88,88,0,0,0,1,1,0
21,210468,1,1,0,0,0,1,1,127,304,27,8,2016,7,14,56,0,1,5,1,3,SR-32,,88,38.023,-82.873,0,1,0,0,1,1,0,1,1,1,0,1,0,0,15,2,15,29,99,99,0,0,0,1,0,2
21,210469,2,2,0,0,0,2,2,111,2090,17,8,2016,4,17,27,1,2,3,1,2,US-31W,ALANADALE DR,87,38.109,-85.866,0,12,6,0,2,3,0,1,1,1,0,1,0,0,99,99,99,99,99,99,0,0,0,1,0,1
21,210470,1,1,0,1,1,1,1,111,2090,24,8,2016,4,22,25,0,2,3,1,3,SR-61,,65,38.171,-85.709,0,8,0,0,1,1,0,1,2,1,0,1,0,0,99,99,99,99,99,99,0,0,0,1,0,2
21,210475,1,1,0,0,0,4,4,221,0,15,8,2016,2,19,15,1,1,1,1,1,I-24,,576,36.952,-87.843,0,42,0,0,1,1,0,4,2,2,0,2,0,0,19,23,19,23,21,0,0,0,0,1,0,1
21,210477,2,1,1,1,1,2,2,205,0,2,9,2016,6,15,0,1,1,1,1,1,I-64,,1330,38.184,-83.555,0,14,0,1,5,1,0,2,1,1,0,1,0,0,15,0,15,10,16,0,0,0,0,1,0,1
21,210478,2,2,0,0,0,2,2,211,0,2,9,2016,6,16,17,0,1,4,1,3,SR-55,,19,38.145,-85.32,0,12,2,0,1,1,0,1,1,10,0,10,0,0,16,18,16,27,17,51,0,0,0,1,2,2
21,210480,1,1,0,0,0,2,2,147,2896,2,9,2016,6,22,5,0,1,4,1,3,SR-90,,70,36.856,-84.391,0,34,0,0,1,1,0,4,2,1,0,1,0,0,22,5,22,21,99,99,24,0,0,1,0,1
21,210483,3,2,1,0,0,4,4,195,240,3,9,2016,7,14,6,1,1,3,1,2,US-119,,207,37.619,-82.269,0,12,1,0,1,1,0,1,1,1,0,1,0,0,14,11,14,18,14,38,0,0,0,1,0,0
21,210486,2,2,0,0,0,4,4,143,0,7,9,2016,4,23,57,1,1,1,1,1,I-24,,347,37.064,-88.202,0,12,6,0,1,1,0,1,2,1,0,1,0,0,0,5,0,12,0,50,0,0,0,1,0,1
21,210488,2,2,0,0,0,3,3,5,0,9,9,2016,6,8,40,0,1,5,1,2,US-62,,212,38.045,-84.874,0,12,6,0,1,1,0,1,1,10,0,10,0,0,8,44,8,47,9,49,0,0,0,1,1,0
21,210489,2,2,0,0,0,2,2,59,2490,9,9,2016,6,14,36,0,2,4,1,3,SR-144,,10,37.8,-87.038,0,12,6,0,1,1,0,1,1,1,0,1,0,0,14,40,14,44,14,52,0,0,0,1,0,2
21,210497,3,3,0,0,0,3,3,209,0,16,9,2016,6,11,46,0,2,6,1,2,US-25,,100,38.295,-84.563,0,12,2,0,1,1,0,1,1,1,0,1,0,0,11,47,12,0,12,31,0,0,0,1,0,0
21,210498,3,1,2,1,1,1,1,211,0,16,9,2016,6,18,50,1,1,1,1,1,I-64,,382,38.172,-85.158,0,14,0,0,1,1,0,2,1,1,0,1,0,0,18,50,18,57,88,88,23,0,0,1,1,1
21,210499,1,1,0,0,0,3,3,51,0,17,9,2016,7,4,55,0,1,5,1,3,SR-80,,61,37.122,-83.776,0,34,0,0,1,1,0,4,2,1,0,1,0,0,4,39,4,44,5,23,0,0,0,1,0,2
21,210500,1,1,0,0,0,2,2,193,0,17,9,2016,7,22,10,1,1,3,1,3,SR-15,,171,37.304,-83.247,0,24,0,0,1,1,0,4,2,2,0,2,0,0,22,9,22,18,1,1,0,0,0,1,1,0
21,210501,2,2,0,0,0,2,2,93,2724,18,9,2016,1,11,50,1,2,3,1,2,US-31W,HILL ST,284,37.848,-85.946,0,12,6,0,2,3,0,1,1,10,0,10,0,0,11,55,12,9,12,44,0,0,0,1,0,1
21,210502,2,2,0,0,0,2,2,145,0,18,9,2016,1,16,50,0,1,4,1,2,US-62,,63,37.033,-88.749,0,12,2,0,1,1,0,1,1,1,0,1,0,0,16,57,17,9,17,38,0,0,0,1,0,0
21,210507,2,2,0,0,0,2,2,9,1310,20,9,2016,3,9,1,0,1,5,1,2,US-68,,44,37.022,-86.05,0,12,2,0,1,1,0,1,1,1,0,1,0,0,9,1,9,10,9,37,0,0,0,1,0,0
21,210508,2,2,0,0,0,2,2,117,0,20,9,2016,3,13,0,0,1,4,1,3,SR-16,,3,38.888,-84.594,0,12,6,0,8,1,0,1,1,1,0,1,0,0,13,14,13,20,14,0,0,0,0,1,0,2
21,210512,1,1,0,1,1,2,2,67,1980,18,9,2016,1,1,31,1,2,3,1,3,SR-4,SUNSHINE RD,122,38.05,-84.455,0,8,0,0,2,2,0,1,3,10,0,10,0,0,1,31,1,35,1,51,0,0,0,1,0,2
21,210513,1,1,0,0,0,1,1,107,0,22,9,2016,5,7,53,1,1,1,1,1,I-69,,1134,37.316,-87.472,0,1,0,0,1,1,0,3,1,1,0,1,0,0,7,54,8,0,99,99,0,0,0,1,0,0
21,210514,1,1,0,0,0,1,1,107,0,23,9,2016,6,22,7,0,1,5,1,3,SR-70,,116,37.273,-87.607,0,35,0,0,1,1,0,4,2,5,0,5,0,0,22,14,22,55,88,88,0,0,0,1,0,1
21,210515,1,1,0,1,1,1,1,111,2090,22,9,2016,5,21,19,1,2,3,1,3,SR-155,,68,38.187,-85.523,0,8,0,0,1,1,0,1,2,1,0,1,0,0,99,99,99,99,88,88,0,0,0,1,0,1
21,210516,2,2,0,0,0,3,3,123,0,25,9,2016,1,12,42,1,1,1,1,1,I-65,,760,37.46,-85.883,0,12,7,0,1,1,0,1,1,1,0,1,0,0,12,48,12,50,13,26,0,0,0,1,0,1
21,210520,2,2,0,0,0,4,4,119,1042,26,9,2016,2,18,36,1,1,3,1,3,SR-80,SR-1102,57,37.357,-83.032,0,12,7,0,1,1,0,1,1,10,0,10,0,0,18,40,18,47,19,12,0,0,0,1,0,2
21,210524,3,3,0,0,0,4,4,215,0,29,9,2016,5,20,23,0,1,4,1,2,US-31E,,3,37.992,-85.484,0,12,6,0,1,1,0,1,2,1,0,1,0,0,20,12,20,33,21,22,0,0,0,1,1,0
21,210525,1,1,0,0,0,1,1,67,1980,29,9,2016,5,2,54,1,2,2,1,3,SR-4,,90,38.075,-84.502,0,59,0,0,1,1,0,4,3,1,0,1,0,0,99,99,99,99,99,99,0,0,0,1,0,2
21,210526,2,2,0,0,0,3,3,195,2640,29,9,2016,5,15,18,1,2,3,1,2,US-23,JOHNSON RD,211,37.447,-82.526,0,12,6,0,2,3,0,1,1,2,0,2,0,0,15,30,15,39,15,49,0,0,0,1,0,0
21,210528,1,1,0,0,0,1,1,81,0,6,9,2016,3,13,0,0,1,5,1,2,US-25,,16,38.513,-84.573,0,42,0,0,1,1,0,4,1,1,0,1,0,0,13,3,13,17,88,88,0,0,0,1,0,0
21,210530,2,2,0,0,0,5,5,73,0,15,9,2016,5,11,51,0,1,6,1,3,SR-12,CR-LEBANON RD,3,38.274,-84.993,0,12,6,0,2,3,0,1,1,1,0,1,0,0,11,53,12,10,12,52,0,0,0,1,0,2
21,210532,1,1,0,0,0,1,1,31,0,18,9,2016,1,18,7,0,1,5,1,2,US-231,,21,37.121,-86.653,0,1,0,0,1,1,0,4,1,1,0,1,0,0,18,7,18,15,18,52,0,0,0,1,0,0
21,210534,1,1,0,0,0,1,1,109,0,24,9,2016,7,9,0,0,1,4,1,2,US-421,,51,37.363,-83.908,0,42,0,0,1,1,0,4,1,1,0,1,0,0,9,3,9,15,88,88,0,0,0,1,0,0
21,210535,1,1,0,0,0,1,1,179,0,25,9,2016,1,1,0,0,1,5,1,3,SR-52,,155,37.64,-85.489,0,1,0,0,1,1,0,4,2,1,0,1,0,0,14,13,14,16,88,88,18,0,0,1,1,0
21,210542,1,1,0,0,0,1,1,207,0,6,9,2016,3,8,29,1,1,3,1,2,US-127,,207,37.091,-85.065,0,38,0,0,1,1,0,4,2,1,0,1,0,0,8,42,10,15,88,88,0,0,0,1,0,0
21,210544,2,2,0,0,0,2,2,25,1720,1,2,2016,2,15,52,1,1,3,1,3,SR-15,JACKSON HEIGHTS RD,160,37.552,-83.358,0,12,2,0,2,3,0,1,1,10,0,10,0,0,99,99,99,99,99,99,0,0,0,1,0,0
21,210545,1,1,0,0,0,1,1,49,0,19,5,2016,5,19,41,1,1,1,1,1,I-64,,968,38.015,-84.163,0,24,0,0,1,1,0,4,1,1,0,1,0,0,19,43,19,47,88,88,0,0,0,1,0,1
21,210549,1,1,0,1,1,1,1,93,1000,11,7,2016,2,21,35,0,2,4,1,2,US-31W,,157,37.683,-85.85,0,8,0,0,1,1,0,1,2,1,0,1,0,0,21,34,99,99,99,99,0,0,0,1,0,1
21,210551,2,2,0,0,0,4,4,67,1980,1,10,2016,7,0,50,1,1,1,1,1,I-75,,1205,38.157,-84.534,0,12,2,1,18,1,0,1,3,10,0,10,0,0,0,54,1,2,1,45,0,0,0,2,1,2
21,210553,1,1,0,0,0,3,3,153,1718,2,10,2016,1,14,0,1,1,3,1,3,SR-114,,23,37.717,-82.979,0,35,0,0,1,1,0,4,1,1,0,1,0,0,14,3,14,15,15,20,0,0,0,1,0,2
21,210556,2,2,0,0,0,2,2,67,1980,3,10,2016,2,11,27,1,2,3,1,2,US-27,TWELFTH ST,80,38.063,-84.48,0,12,6,0,2,2,0,1,1,1,0,1,0,0,11,28,11,31,11,51,0,0,0,1,0,0
21,210557,2,2,0,0,0,2,2,239,0,3,10,2016,2,19,29,0,1,4,1,2,US-62,,159,38.146,-84.653,0,12,2,0,1,1,0,1,5,1,0,1,0,0,19,39,19,52,20,25,0,0,0,1,1,0
21,210558,2,1,1,1,1,1,1,111,2090,3,10,2016,2,22,4,1,1,3,1,2,US-31W,,13,38.014,-85.925,0,8,0,0,1,1,0,4,2,1,0,1,0,0,22,4,22,25,88,88,23,0,0,1,0,1
21,210559,1,1,0,0,0,3,3,15,0,1,10,2016,7,16,35,1,2,1,1,1,I-75,,1763,38.932,-84.631,0,1,0,0,1,1,0,4,1,1,0,1,0,0,16,37,16,45,17,13,0,0,0,1,0,2