STATE,ST_CASE,VE_TOTAL,VE_FORMS,PVH_INVL,PEDS,PERNOTMVIT,PERMVIT,PERSONS,COUNTY,CITY,DAY,MONTH,YEAR,DAY_WEEK,HOUR,MINUTE,NHS,RUR_URB,FUNC_SYS,RD_OWNER,ROUTE,TWAY_ID,TWAY_ID2,MILEPT,LATITUDE,LONGITUD,SP_JUR,HARM_EV,MAN_COLL,RELJCT1,RELJCT2,TYP_INT,WRK_ZONE,REL_ROAD,LGT_COND,WEATHER1,WEATHER2,WEATHER,SCH_BUS,RAIL,NOT_HOUR,NOT_MIN,ARR_HOUR,ARR_MIN,HOSP_HR,HOSP_MN,CF1,CF2,CF3,FATALS,DRUNK_DR,RANK
21,210560,1,1,0,1,1,1,1,67,1980,4,10,2016,3,0,48,1,2,3,1,2,US-27,,87,38.069,-84.469,0,8,0,0,1,1,0,1,3,10,0,10,0,0,0,50,0,51,1,5,0,0,0,1,0,0
21,210562,2,2,0,0,0,3,3,25,0,7,10,2016,6,10,27,1,1,3,1,3,SR-15,SR-1278,40,37.438,-83.303,0,12,6,0,2,2,0,1,1,1,0,1,0,0,99,99,99,99,99,99,0,0,0,1,0,0
21,210563,1,1,0,1,1,1,1,93,1000,5,10,2016,4,20,18,0,2,4,1,2,US-31W,,155,37.68,-85.849,0,8,0,0,1,1,0,1,3,1,0,1,0,0,20,18,20,24,88,88,0,0,0,1,0,1
21,210564,1,1,0,0,0,1,1,67,1980,8,10,2016,7,8,6,1,1,1,1,1,I-75,,1191,38.138,-84.53,0,59,0,0,1,1,0,4,1,1,0,1,0,0,8,7,8,17,88,88,0,0,0,1,0,2
21,210565,2,2,0,0,0,2,2,183,2130,8,10,2016,7,18,30,0,1,5,1,2,US-62,SR-1245,65,37.382,-86.923,0,12,6,0,2,3,0,1,2,1,0,1,0,0,18,34,18,41,18,58,0,0,0,1,0,0
21,210567,1,1,0,0,0,1,1,229,0,8,10,2016,7,23,25,0,1,5,1,3,SR-53,,43,37.823,-85.107,0,42,0,0,1,1,0,4,2,1,0,1,0,0,23,25,23,30,88,88,0,0,0,1,0,2
21,210568,1,1,0,0,0,1,1,195,2341,9,10,2016,1,23,0,0,1,5,1,2,US-460,,209,37.374,-82.278,0,24,0,0,1,1,0,4,2,1,0,1,0,0,99,99,99,99,88,88,0,0,0,1,1,0
21,210569,1,1,0,1,1,1,1,117,1880,10,10,2016,2,6,55,0,1,5,1,2,US-25,HUDSON AVE,82,39.033,-84.568,0,8,0,0,2,2,0,1,2,1,0,1,0,0,6,55,6,59,88,88,0,0,0,1,0,0
21,210572,4,4,0,0,0,6,6,111,2090,10,10,2016,2,18,23,1,2,3,1,2,US-42,FALLS CREEK RD,75,38.304,-85.628,0,12,6,0,2,3,0,1,1,1,0,1,0,0,18,26,18,36,19,31,0,0,0,1,0,0
21,210573,3,3,0,0,0,6,6,13,514,12,10,2016,4,17,15,1,1,3,1,2,US-119,,58,36.73,-83.615,0,12,2,0,1,1,0,1,1,1,0,1,0,0,17,18,17,45,88,88,0,0,0,3,0,0
21,210576,2,2,0,0,0,3,3,111,2090,10,10,2016,2,23,8,1,2,1,1,1,I-64,,126,38.236,-85.617,0,12,1,0,1,1,0,1,3,10,0,10,0,0,99,99,99,99,99,99,99,99,99,1,0,1
21,210578,1,1,0,0,0,2,2,233,0,14,10,2016,6,16,1,0,1,6,1,3,SR-120,,102,37.436,-87.679,0,32,0,0,1,1,0,4,1,10,0,10,0,0,16,14,16,27,17,3,0,0,0,1,0,1
21,210579,2,2,0,0,0,3,3,145,0,14,10,2016,6,17,41,1,1,3,1,2,US-45,CONTEST RD,16,36.967,-88.678,0,12,6,1,2,3,0,1,1,1,0,1,0,0,17,45,17,50,18,19,0,0,0,1,0,0
21,210580,1,1,0,0,0,2,2,213,0,15,10,2016,7,11,44,1,1,1,1,1,I-65,,33,36.682,-86.543,0,25,0,0,1,1,0,3,1,1,0,1,0,0,11,45,11,55,12,53,0,0,0,1,0,1
21,210581,2,2,0,0,0,3,3,193,788,15,10,2016,7,16,25,0,1,5,1,3,SR-7,,112,37.128,-83.087,0,12,2,0,1,1,0,1,1,10,0,10,0,0,16,28,16,45,17,45,0,0,0,3,1,2
21,210583,2,2,0,0,0,2,2,113,2410,16,10,2016,1,19,44,1,1,5,1,2,US-27,ELIZABETH DRIVE,110,37.916,-84.557,0,12,6,0,2,2,0,1,3,1,0,1,0,0,19,47,19,47,99,99,0,0,0,1,1,0
21,210584,1,1,0,0,0,1,1,203,0,17,10,2016,2,13,10,0,1,5,1,3,SR-70,,64,37.379,-84.415,0,35,0,0,1,1,0,4,1,1,0,1,0,0,13,8,13,14,13,28,0,0,0,1,0,1
21,210587,2,2,0,0,0,2,2,15,3309,17,10,2016,2,14,27,0,1,5,1,2,US-42,OLD UNION RD,97,38.941,-84.676,0,12,6,0,2,2,0,1,1,1,0,1,0,0,14,28,14,31,14,47,0,0,0,1,0,0
21,210591,4,4,0,0,0,4,4,79,1890,21,10,2016,6,12,51,0,1,6,1,3,SR-52,,39,37.623,-84.599,0,1,0,0,1,1,0,1,1,10,0,10,0,0,12,35,12,39,88,88,14,0,0,1,0,0
21,210592,2,2,0,0,0,3,3,79,0,20,10,2016,5,12,50,1,1,3,1,2,US-27,,66,37.659,-84.614,0,12,6,0,1,1,0,1,1,10,0,10,0,0,12,53,13,0,14,2,0,0,0,1,0,0
21,210597,2,1,1,0,0,1,1,185,0,25,10,2016,3,21,1,1,2,1,1,1,I-71,,189,38.381,-85.421,0,14,0,0,1,1,0,2,2,10,0,10,0,0,21,4,21,16,88,88,0,0,0,1,0,1
21,210598,2,2,0,0,0,3,3,145,2520,26,10,2016,4,9,55,0,2,4,1,2,US-62,,123,37.061,-88.647,0,12,6,0,1,1,0,1,1,1,0,1,0,0,9,56,10,1,10,33,0,0,0,1,0,0
21,210602,1,1,0,2,2,1,1,67,1980,29,10,2016,7,2,34,1,2,3,1,2,US-27,,56,38.041,-84.506,0,33,0,0,1,1,0,4,3,1,0,1,0,0,2,34,2,39,2,51,0,0,0,2,1,1
21,210603,1,1,0,0,0,1,1,35,2350,29,10,2016,7,10,40,0,2,4,1,3,SR-121,,147,36.622,-88.327,0,33,0,0,1,1,1,4,1,1,0,1,0,0,10,40,10,46,11,2,3,0,0,1,0,2
21,210604,2,2,0,0,0,5,5,111,2090,29,10,2016,7,21,59,0,2,7,4,5,RIVER RD,ZORN AVE,29,38.277,-85.699,0,12,2,0,2,2,0,1,2,1,0,1,0,0,22,1,22,8,22,35,14,0,0,1,1,0
21,210605,1,1,0,1,1,1,1,211,2980,30,10,2016,1,2,51,0,2,3,1,2,US-60,,93,38.213,-85.241,0,8,0,0,1,1,0,1,2,1,0,1,0,0,2,51,2,55,88,88,0,0,0,1,0,0
21,210606,2,1,1,2,2,1,1,15,1150,30,10,2016,1,5,46,1,1,1,1,1,I-75,,1796,38.979,-84.639,0,14,0,0,1,1,0,2,3,1,0,1,0,0,5,48,6,1,6,33,15,0,0,1,1,2
21,210607,2,2,0,0,0,4,4,227,0,31,10,2016,2,3,19,1,1,3,1,2,US-68,,129,37.007,-86.468,0,12,2,0,1,1,0,1,3,1,0,1,0,0,3,20,3,26,3,49,0,0,0,1,0,0
21,210608,1,1,0,0,0,2,2,15,0,31,10,2016,2,12,53,0,1,6,1,3,SR-8,,10,39.126,-84.717,0,42,0,0,1,1,0,4,1,1,0,1,0,0,12,53,12,57,13,40,0,0,0,1,0,2
21,210609,2,2,0,0,0,3,3,213,0,27,10,2016,5,8,40,0,1,5,1,3,SR-73,,120,36.763,-86.608,0,12,6,0,1,1,0,1,1,1,0,1,0,0,8,43,8,49,9,24,0,0,0,1,0,2
21,210610,2,2,0,0,0,2,2,5,0,31,10,2016,2,11,5,0,1,5,1,2,US-62,,108,37.962,-85.013,0,12,2,0,1,1,0,1,1,1,0,1,0,0,11,7,11,13,12,8,0,0,0,1,0,0
21,210611,2,2,0,0,0,2,2,219,0,3,10,2016,2,12,22,0,1,6,1,2,US-41,,107,36.74,-87.291,0,12,1,0,1,1,0,1,1,1,0,1,0,0,12,22,12,38,13,21,0,0,0,1,0,0
21,210612,2,2,0,0,0,2,2,205,0,3,10,2016,2,13,45,0,1,5,1,3,SR-32,,114,38.188,-83.36,0,24,0,0,1,1,0,4,1,1,0,1,0,0,13,48,13,57,14,33,0,0,0,1,0,2
21,210613,2,2,0,0,0,2,2,173,0,10,10,2016,2,8,5,0,1,4,1,2,US-460,,120,38.027,-83.921,0,12,2,0,1,1,0,1,1,1,0,1,0,0,8,14,8,14,8,33,0,0,0,1,0,0
21,210614,2,2,0,0,0,3,3,209,0,16,10,2016,1,7,12,1,1,1,1,1,I-75,,1220,38.177,-84.533,0,12,1,0,1,1,0,1,4,1,0,1,0,0,7,13,7,20,7,52,0,0,0,2,0,2
21,210615,1,1,0,0,0,1,1,133,1712,18,10,2016,3,12,46,0,1,5,1,3,SR-7,,146,37.195,-82.889,0,32,0,0,1,1,0,4,1,1,0,1,0,0,12,46,12,46,13,3,0,0,0,1,0,2
21,210616,1,1,0,0,0,2,2,239,0,18,10,2016,3,21,1,1,1,1,1,1,I-64,,668,38.16,-84.65,0,5,0,0,1,1,0,1,2,1,0,1,0,0,21,2,21,9,88,88,0,0,0,1,0,1
21,210618,1,1,0,1,1,1,1,37,3560,20,10,2016,5,15,44,1,2,1,1,1,I-275,,765,39.029,-84.472,0,8,0,0,1,1,0,1,1,2,0,2,0,0,15,43,15,48,16,9,19,0,0,1,0,1
21,210621,1,1,0,0,0,1,1,231,0,15,10,2016,7,13,20,0,1,5,1,3,SR-92,,185,36.753,-84.729,0,34,0,0,1,1,0,4,1,1,0,1,0,0,13,20,13,22,15,8,0,0,0,1,0,2
21,210625,1,1,0,0,0,1,1,199,0,31,5,2016,3,9,31,0,1,4,1,3,SR-80,,55,37.095,-84.804,0,32,0,0,1,1,0,4,1,1,0,1,0,0,9,38,9,50,10,26,0,0,0,1,0,2
21,210626,1,1,0,0,0,1,1,7,0,31,3,2016,5,7,56,1,1,3,1,2,US-60,,127,37.079,-88.94,0,53,0,0,1,1,0,4,1,10,0,10,0,0,7,57,8,3,8,40,0,0,0,1,0,0
21,210629,1,1,0,0,0,1,1,231,0,18,8,2016,5,18,36,0,1,6,1,3,SR-200,,154,36.796,-84.899,0,17,0,0,1,1,0,4,1,10,0,10,0,0,18,36,18,45,99,99,0,0,0,1,0,1
21,210630,1,1,0,0,0,1,1,219,0,5,5,2016,5,14,32,0,1,5,1,3,SR-106,,9,36.839,-87.142,0,32,0,0,1,1,0,4,1,10,0,10,0,0,14,32,14,34,15,15,0,0,0,1,0,2
21,210631,2,2,0,0,0,4,4,135,0,18,9,2016,1,19,47,0,1,6,1,3,SR-8,,320,38.698,-83.041,0,12,2,0,1,1,0,1,5,10,0,10,0,0,99,99,99,99,99,99,0,0,0,1,1,2
21,210632,1,1,0,0,0,3,3,169,0,15,9,2016,5,22,43,0,1,5,1,2,US-68,,185,37.099,-85.601,0,42,0,0,1,1,0,4,2,1,0,1,0,0,22,31,22,43,23,46,0,0,0,1,1,0
21,210633,2,2,0,0,0,3,3,127,0,19,10,2016,4,6,16,1,1,3,1,2,US-23,SR-645,48,37.952,-82.669,0,12,6,0,2,3,0,1,4,1,0,1,0,0,6,21,6,34,7,6,0,0,0,2,0,0
21,210634,2,2,0,0,0,3,3,183,210,27,10,2016,5,14,54,0,1,5,1,2,US-231,VELLER DR,101,37.417,-86.879,0,12,6,0,2,3,0,1,1,10,0,10,0,0,14,56,14,59,15,21,0,0,0,1,0,0
21,210635,2,2,0,0,0,3,3,67,1980,1,11,2016,3,11,41,0,1,5,2,2,US-25,,41,37.936,-84.401,0,12,7,0,1,1,0,1,1,1,0,1,0,0,11,42,11,54,12,39,0,0,0,1,0,0
21,210637,1,1,0,1,1,1,1,67,1980,3,11,2016,5,7,5,1,2,3,1,2,US-25,,93,37.997,-84.441,0,8,0,0,1,1,0,1,3,10,0,10,0,0,7,5,7,12,7,28,0,0,0,1,0,0
21,210638,2,2,0,0,0,8,8,199,0,2,11,2016,4,18,13,1,1,3,1,3,SR-80,FIRE TOWER ROAD,246,37.138,-84.543,0,12,6,0,2,2,0,1,1,1,0,1,0,0,18,23,18,25,19,19,0,0,0,1,0,2
21,210639,1,1,0,0,0,1,1,53,0,5,11,2016,7,10,10,0,1,5,1,2,US-127,,124,36.769,-85.169,0,35,0,0,1,1,0,4,1,1,0,1,0,0,10,15,10,25,10,43,0,0,0,1,0,0
21,210642,2,2,0,0,0,5,5,195,2640,7,11,2016,2,13,57,1,1,3,1,2,US-23,,214,37.452,-82.524,0,12,2,0,1,1,0,1,1,1,0,1,0,0,14,0,14,3,14,20,0,0,0,1,0,0
21,210643,1,1,0,1,1,1,1,111,2090,4,11,2016,6,6,23,1,2,3,1,2,US-150,,26,38.246,-85.754,0,8,0,0,1,1,0,1,3,10,0,10,0,0,99,99,99,99,99,99,0,0,0,1,0,0
21,210644,1,1,0,0,0,5,5,195,240,10,11,2016,5,15,15,1,1,3,1,2,US-119,,215,37.629,-82.264,0,42,0,0,1,1,0,4,1,1,0,1,0,0,15,23,15,42,16,26,0,0,0,1,0,0
21,210645,2,2,0,0,0,3,3,227,350,10,11,2016,5,22,47,0,1,5,1,2,US-231,,126,36.961,-86.46,0,5,0,0,8,1,0,1,3,1,0,1,0,0,22,48,22,52,23,22,14,0,0,1,0,0
21,210646,3,3,0,0,0,7,7,99,1630,3,11,2016,5,16,18,0,1,5,1,2,US-31W,,4,37.155,-85.929,0,12,8,0,1,1,0,1,1,10,0,10,0,0,16,19,16,28,16,30,0,0,0,1,1,1
21,210651,2,2,0,0,0,2,2,15,0,14,11,2016,2,11,17,1,2,1,1,1,I-71,,755,38.867,-84.642,0,12,1,0,1,1,0,1,1,1,0,1,0,0,11,17,11,24,88,88,3,0,0,1,0,1
21,210654,1,1,0,0,0,2,2,199,0,16,11,2016,4,15,9,0,1,5,1,3,SR-39,,41,37.15,-84.574,0,38,0,0,1,1,0,4,1,1,0,1,0,0,15,10,15,17,16,0,0,0,0,1,1,2
21,210655,1,1,0,0,0,1,1,209,0,16,11,2016,4,22,24,0,1,5,1,2,US-25,,74,38.258,-84.565,0,42,0,0,1,1,0,4,2,1,0,1,0,0,22,28,22,33,22,46,0,0,0,1,1,0
21,210656,1,1,0,1,1,1,1,21,1760,14,7,2016,5,22,3,1,2,3,1,2,US-127,SR-300,8,37.583,-84.786,0,8,0,0,2,2,0,1,2,1,0,1,0,0,22,4,22,9,22,49,0,0,0,1,0,0
21,210658,1,1,0,1,1,1,1,67,1980,17,11,2016,5,22,31,1,2,3,1,2,US-60,,118,38.041,-84.424,0,8,0,0,1,1,0,1,3,1,0,1,0,0,22,35,22,37,23,0,0,0,0,1,0,0
21,210660,2,2,0,0,0,3,3,225,0,18,11,2016,6,18,32,0,1,4,1,2,US-60,,207,37.699,-87.849,0,12,6,0,1,1,0,1,2,2,0,2,0,0,19,5,19,22,20,16,0,0,0,1,0,0
21,210661,1,1,0,0,0,2,2,123,0,18,11,2016,6,19,15,0,1,5,1,2,US-31W,,99998,37.541,-85.876,0,31,0,0,1,1,0,4,2,1,0,1,0,0,19,13,19,28,20,0,0,0,0,2,1,1
21,210662,1,1,0,0,0,1,1,111,2090,20,11,2016,1,7,5,1,2,3,1,2,US-31,,4,38.262,-85.752,0,23,0,0,1,1,0,4,4,1,0,1,0,0,7,11,7,17,7,45,0,0,0,1,1,0
21,210663,2,2,0,0,0,3,3,231,0,21,11,2016,2,8,29,0,1,6,1,3,SR-167,,189,36.814,-84.868,0,12,6,0,1,1,0,1,1,1,0,1,0,0,8,25,8,30,8,47,0,0,0,1,0,2
21,210664,1,1,0,0,0,1,1,109,0,20,11,2016,1,19,11,0,1,4,1,2,US-421,,193,37.479,-84.049,0,35,0,0,1,1,0,4,2,1,0,1,0,0,19,16,19,25,99,99,0,0,0,1,0,0
21,210669,1,1,0,0,0,1,1,3,2910,26,11,2016,7,7,48,1,1,3,1,2,US-231,,2,36.756,-86.217,0,30,0,0,1,1,0,4,1,1,0,1,0,0,7,50,7,51,88,88,0,0,0,1,1,0
21,210670,2,1,1,2,2,1,1,29,0,26,11,2016,7,10,11,1,2,1,1,1,I-65,,1204,38.047,-85.698,0,14,0,0,1,1,0,2,1,1,0,1,0,0,10,12,10,18,10,50,23,0,0,1,0,1
21,210673,9,8,1,2,2,9,9,29,2990,28,11,2016,2,5,45,1,1,1,1,1,I-65,,1162,37.988,-85.702,0,12,1,0,1,1,0,1,6,10,0,10,0,0,5,49,5,56,6,40,27,0,0,1,0,1
21,210674,2,2,0,0,0,3,3,111,2090,28,11,2016,2,13,56,1,2,3,1,3,SR-155,SR-2048,151,38.222,-85.658,0,12,6,0,3,2,0,1,1,2,0,2,0,0,13,55,14,2,14,37,0,0,0,2,0,1
21,210675,1,1,0,0,0,1,1,193,1470,16,11,2016,4,17,58,0,1,5,1,3,SR-80,,81,37.291,-83.219,0,52,0,0,1,1,1,3,5,1,0,1,0,0,17,57,18,5,18,18,3,0,0,1,1,2
21,210676,2,1,1,1,1,1,1,89,0,29,11,2016,3,14,21,0,1,4,1,3,SR-2,,143,38.542,-82.858,0,38,0,0,1,1,0,5,1,10,0,10,0,0,14,21,14,32,15,20,0,0,0,1,0,2
21,210677,1,1,0,1,1,1,1,111,2090,30,11,2016,4,0,55,1,2,3,1,2,US-31W,,125,38.157,-85.834,0,8,0,0,1,1,0,1,3,2,0,2,0,0,0,57,1,2,88,88,0,0,0,1,0,1
21,210682,1,1,0,0,0,4,4,73,0,2,11,2016,4,6,44,1,1,1,1,1,I-64,,492,38.15,-84.964,0,42,0,0,1,1,0,3,2,1,0,1,0,0,6,49,6,59,7,19,0,0,0,3,0,1
21,210683,1,1,0,1,1,2,2,37,730,2,11,2016,4,16,27,1,2,3,1,2,US-27,,139,39.004,-84.425,0,8,0,0,1,1,0,1,1,1,0,1,0,0,16,29,16,32,17,1,0,0,0,1,0,0
21,210684,1,1,0,0,0,1,1,207,0,4,11,2016,6,14,17,1,1,3,1,2,US-127,,83,36.926,-85.104,0,42,0,0,1,1,0,4,1,1,0,1,0,0,14,20,14,27,88,88,0,0,0,1,0,0
21,210685,2,2,0,0,0,2,2,227,0,7,11,2016,2,5,54,1,1,1,1,1,I-65,,303,37.012,-86.328,0,12,1,0,1,1,1,1,4,1,0,1,0,0,6,7,6,20,88,88,0,0,0,1,0,1
21,210686,2,2,0,0,0,2,2,85,0,7,11,2016,2,16,44,0,1,5,1,2,US-62,,13,37.434,-86.615,0,12,1,0,1,1,0,1,5,1,0,1,0,0,99,99,99,99,99,99,0,0,0,1,0,0
21,210691,2,2,0,0,0,3,3,203,0,8,11,2016,3,16,47,0,1,4,1,2,US-150,,78,37.353,-84.381,0,12,6,0,1,1,0,1,1,10,0,10,0,0,14,49,14,52,15,16,0,0,0,1,0,0
21,210696,1,1,0,1,1,1,1,111,2855,1,12,2016,5,22,25,1,2,1,1,1,I-64,,119,38.237,-85.632,0,8,0,0,1,1,0,1,2,1,0,1,0,0,22,32,22,40,88,88,0,0,0,1,0,1
21,210697,2,2,0,0,0,5,5,211,0,2,12,2016,6,18,50,0,1,4,1,3,SR-55,SR-2824,66,38.197,-85.268,0,12,6,0,2,2,0,1,2,1,0,1,0,0,18,55,19,3,19,13,0,0,0,2,0,2
21,210698,2,2,0,0,0,3,3,25,0,3,12,2016,7,17,21,1,1,3,1,3,SR-15,,120,37.511,-83.339,0,12,2,0,1,1,0,1,1,10,0,10,0,0,17,22,17,30,17,52,0,0,0,2,0,0
21,210700,1,1,0,1,1,1,1,9,1310,3,12,2016,7,17,19,0,1,4,1,2,US-31E,,175,37.041,-85.902,0,8,0,0,1,1,0,1,2,1,0,1,0,0,17,19,17,26,88,88,0,0,0,1,0,0
21,210701,1,1,0,0,0,3,3,55,0,4,12,2016,1,11,44,0,1,4,1,2,US-60,,189,37.44,-87.989,0,35,0,0,1,1,0,4,1,10,0,10,0,0,11,38,11,49,12,25,0,0,0,1,0,0
21,210702,1,1,0,0,0,2,2,51,0,4,12,2016,1,17,0,0,1,5,1,2,US-421,,15,37.163,-83.576,0,1,0,0,1,1,0,4,1,2,0,2,0,0,9,42,10,13,11,53,18,0,0,1,0,0
21,210703,2,2,0,0,0,3,3,195,2979,6,12,2016,3,13,57,1,1,3,1,2,US-460,,33,37.425,-82.471,0,12,6,0,1,1,0,1,1,2,0,2,0,0,14,2,14,11,14,38,0,0,0,1,0,0
21,210704,1,1,0,0,0,2,2,237,0,7,12,2016,4,11,15,1,1,3,1,3,SR-15,,4,37.735,-83.558,0,24,0,0,1,1,0,4,1,1,0,1,0,0,11,14,11,18,11,55,0,0,0,1,0,0
21,210705,2,2,0,0,0,2,2,111,2090,7,12,2016,4,9,48,0,1,4,1,3,SR-155,POPE LICK RD S.,48,38.191,-85.487,0,12,2,0,3,2,0,1,1,1,0,1,0,0,99,99,99,99,99,99,0,0,0,1,0,1
21,210706,1,1,0,1,1,1,1,223,0,8,12,2016,5,7,30,0,1,5,1,3,SR-36,,4,38.725,-85.363,0,8,0,0,1,1,0,1,2,1,0,1,0,0,7,43,7,53,88,88,0,0,0,1,0,1
21,210709,2,2,0,0,0,2,2,11,2510,9,12,2016,6,8,3,1,1,1,1,1,I-64,,1216,38.13,-83.745,0,12,6,0,1,1,0,1,1,10,0,10,0,0,7,49,8,0,88,88,0,0,0,1,1,1
21,210710,1,1,0,0,0,1,1,59,0,10,12,2016,7,8,50,0,1,5,1,3,SR-54,,161,37.68,-86.855,0,59,0,0,1,1,0,4,1,1,0,1,0,0,8,52,9,10,10,28,0,0,0,1,0,2
21,210711,2,2,0,0,0,5,5,33,0,10,12,2016,7,10,54,1,1,1,1,1,I-69,,817,37.136,-87.862,0,12,6,1,18,1,0,1,1,1,0,1,0,0,10,54,10,59,11,38,0,0,0,4,0,0
21,210713,1,1,0,0,0,1,1,227,0,10,12,2016,7,22,36,1,1,1,1,1,I-65,,332,37.017,-86.277,0,59,0,0,1,1,0,3,2,1,0,1,0,0,22,36,22,47,88,88,0,0,0,1,1,1
21,210714,1,1,0,0,0,1,1,135,0,11,12,2016,1,21,5,0,1,4,1,3,SR-8,,272,38.652,-83.108,0,35,0,0,1,1,0,4,2,2,0,2,0,0,21,5,21,21,88,88,0,0,0,1,1,2
21,210717,2,2,0,0,0,3,3,61,0,14,12,2016,4,12,20,0,1,4,1,3,SR-101,,39,37.155,-86.222,0,12,2,0,1,1,0,1,1,10,0,10,0,0,12,25,12,30,13,10,0,0,0,1,0,2
21,210720,2,2,0,0,0,2,2,227,0,15,12,2016,5,11,13,1,2,1,1,1,I-65,I-65 RAMP,222,36.935,-86.418,0,12,6,1,5,1,0,1,1,10,0,10,0,0,11,13,11,25,88,88,0,0,0,1,1,1
21,210721,2,2,0,0,0,6,6,77,0,16,12,2016,6,17,43,1,2,1,1,1,I-71,,601,38.728,-84.858,0,12,6,0,1,1,0,1,5,10,0,10,0,0,17,52,18,18,19,2,0,0,0,1,0,1
21,210723,1,1,0,0,0,1,1,103,0,17,12,2016,7,16,5,1,2,1,1,1,I-71,,247,38.425,-85.328,0,42,0,0,1,1,0,4,1,2,0,2,0,0,16,9,16,18,88,88,0,0,0,1,0,1
21,210724,1,1,0,0,0,1,1,151,270,17,12,2016,7,16,48,1,2,1,1,1,I-75,,766,37.585,-84.313,0,42,0,0,1,1,0,4,1,10,0,10,0,0,16,48,16,57,88,88,0,0,0,1,0,2
21,210725,2,2,0,0,0,3,3,225,0,18,12,2016,1,13,16,0,1,4,1,2,US-60,,72,37.568,-87.976,0,12,6,0,8,1,0,1,1,10,0,10,0,0,13,45,14,19,14,53,0,0,0,1,0,0
21,210727,2,2,0,0,0,3,3,237,0,17,12,2016,7,10,30,1,1,3,1,3,SR-15,,17,37.652,-83.475,0,12,6,0,1,1,0,1,1,10,0,10,0,0,10,33,10,35,11,0,0,0,0,2,0,0
21,210728,2,2,0,0,0,5,5,109,0,21,12,2016,4,17,35,0,1,4,1,2,US-421,,178,37.462,-84.033,0,12,2,0,1,1,0,1,5,10,0,10,0,0,17,0,17,40,17,40,0,0,0,1,1,0
21,210730,1,1,0,0,0,1,1,205,0,21,12,2016,4,5,30,1,1,1,1,1,I-64,,1457,38.274,-83.379,0,35,0,0,1,1,0,4,2,5,0,5,0,0,5,39,5,46,88,88,0,0,0,1,0,1
21,210732,2,2,0,0,0,2,2,111,2090,20,12,2016,3,14,34,1,1,3,1,2,US-31W,,39,38.046,-85.9,0,12,1,0,1,1,0,1,1,10,0,10,0,0,14,33,14,43,88,88,0,0,0,1,0,1
21,210735,1,1,0,0,0,1,1,99,0,24,12,2016,7,11,50,0,1,4,1,2,US-31E,,133,37.32,-85.764,0,24,0,0,1,1,0,4,1,2,0,2,0,0,11,52,12,3,88,88,0,0,0,1,1,0
21,210742,2,2,0,0,0,5,5,17,2540,29,12,2016,5,17,6,1,1,3,1,2,US-68,US-68 BYPASS,1,38.221,-84.236,0,12,6,0,2,3,0,1,1,1,0,1,0,0,17,6,17,9,17,12,0,0,0,1,1,0
21,210743,1,1,0,1,1,1,1,145,0,29,12,2016,5,17,34,0,1,4,1,2,US-62,,130,37.025,-88.532,0,8,0,0,1,1,0,1,2,1,0,1,0,0,17,36,17,43,88,88,0,0,0,1,0,0
21,210744,1,1,0,1,1,3,3,67,1980,28,12,2016,4,20,19,1,2,3,1,3,SR-4,,133,38.034,-84.454,0,8,0,0,1,1,0,1,3,2,0,2,0,0,22,20,22,24,22,46,0,0,0,1,0,2
21,210749,1,1,0,0,0,1,1,231,0,4,12,2016,1,10,15,0,1,6,1,3,SR-92,,35,36.871,-84.923,0,1,0,0,1,1,0,4,1,2,0,2,0,0,10,47,10,49,88,88,0,0,0,1,0,2
21,210750,2,2,0,0,0,3,3,49,0,4,12,2016,1,18,40,0,1,5,1,2,US-60,,95,38.024,-84.15,0,12,8,0,1,1,0,1,2,2,0,2,0,0,18,43,18,52,19,20,0,0,0,1,0,0
21,210752,1,1,0,1,1,1,1,73,0,13,12,2016,3,0,37,1,1,1,1,1,I-64,,552,38.161,-84.855,0,8,0,0,1,1,0,1,2,1,0,1,0,0,0,40,0,56,88,88,0,0,0,1,0,1
21,210753,2,2,0,0,0,3,3,179,170,14,12,2016,4,8,15,0,1,4,1,2,US-31E,PLUM RUN RD,167,37.845,-85.46,0,12,6,0,2,2,0,1,1,1,0,1,0,0,8,15,8,21,8,43,0,0,0,1,0,0
21,210755,1,1,0,0,0,1,1,177,0,20,12,2016,3,0,14,0,1,6,1,3,SR-171,,71,37.125,-87.213,0,1,0,0,1,1,0,4,6,1,0,1,0,0,0,20,0,31,88,88,0,0,0,1,0,1
21,210756,2,2,0,0,0,2,2,71,2670,28,12,2016,4,12,29,1,1,3,1,2,US-23,,132,37.639,-82.755,0,12,6,0,8,1,2,1,1,1,0,1,0,0,12,32,12,39,13,0,0,0,0,1,0,0
21,210759,2,2,0,0,0,2,2,165,0,23,12,2016,6,17,31,0,1,5,1,3,SR-36,,99998,37.989,-83.619,0,12,2,0,1,1,0,1,2,10,0,10,0,0,17,38,17,57,18,45,0,0,0,1,1,1
21,210761,2,2,0,0,0,5,5,25,1720,3,11,2016,5,19,15,0,1,5,1,3,SR-30,,123,37.541,-83.417,0,12,2,0,1,1,0,1,2,10,0,10,0,0,19,15,19,20,20,0,0,0,0,1,0,1
21,210763,1,1,0,0,0,3,3,1,0,15,7,2016,6,14,23,0,1,4,1,3,SR-76,,76,37.2,-85.143,0,42,0,0,1,1,0,4,1,1,0,1,0,0,14,25,14,43,16,33,0,0,0,2,0,2