STATE,ST_CASE,VE_TOTAL,VE_FORMS,PVH_INVL,PEDS,PERNOTMVIT,PERMVIT,PERSONS,COUNTY,CITY,DAY,MONTH,YEAR,DAY_WEEK,HOUR,MINUTE,NHS,RUR_URB,FUNC_SYS,RD_OWNER,ROUTE,TWAY_ID,TWAY_ID2,MILEPT,LATITUDE,LONGITUD,SP_JUR,HARM_EV,MAN_COLL,RELJCT1,RELJCT2,TYP_INT,WRK_ZONE,REL_ROAD,LGT_COND,WEATHER1,WEATHER2,WEATHER,SCH_BUS,RAIL,NOT_HOUR,NOT_MIN,ARR_HOUR,ARR_MIN,HOSP_HR,HOSP_MN,CF1,CF2,CF3,FATALS,DRUNK_DR,RANK
21,210766,1,1,0,1,1,1,1,125,0,3,8,2016,4,21,13,0,2,4,1,2,US-25,,19,36.994,-84.08,0,8,0,0,1,1,0,1,2,1,0,1,0,0,21,16,21,30,21,46,0,0,0,1,0,0
22,220008,5,5,0,0,0,5,5,71,1690,16,1,2016,7,1,30,1,2,1,1,1,I-10,,2320,29.986,-90.115,0,12,1,1,17,1,0,1,3,1,0,1,0,0,99,99,99,99,99,99,0,0,0,1,0,1
22,220014,2,2,0,0,0,4,4,71,1690,24,1,2016,1,3,0,1,2,1,1,1,I-10,,2504,30.095,-89.906,0,12,1,0,1,1,0,1,2,1,0,1,0,0,3,1,3,16,3,45,0,0,0,1,2,1
22,220023,1,1,0,0,0,2,2,57,0,9,1,2016,7,22,45,0,2,4,1,3,SR-308,,600,29.599,-90.487,0,30,0,0,1,1,0,4,2,1,0,1,0,0,22,48,22,48,88,88,0,0,0,2,0,2
22,220026,1,1,0,0,0,1,1,91,0,13,1,2016,4,7,25,0,1,5,1,3,SR-63,,353,30.712,-90.82,0,42,0,0,1,1,0,4,1,1,0,1,0,0,99,99,99,99,88,88,0,0,0,1,0,2
22,220027,1,1,0,1,1,3,3,89,236,13,1,2016,4,22,30,0,2,3,1,2,US-90,,2322,29.887,-90.419,0,8,0,0,1,1,0,1,6,1,0,1,0,0,22,23,22,33,88,88,0,0,0,1,0,0
22,220028,2,2,0,0,0,5,5,97,0,14,1,2016,5,18,15,0,1,4,1,2,US-190,BECK MILLER RD,959,30.492,-92.464,0,12,6,0,2,2,0,1,2,2,0,2,0,0,18,32,18,43,19,6,0,0,0,1,0,0
22,220029,3,3,0,0,0,5,5,105,0,15,1,2016,6,18,20,1,2,1,1,1,I-55,,302,30.489,-90.496,0,12,1,0,1,1,0,1,2,1,0,1,0,0,18,41,18,45,19,15,0,0,0,1,0,1
22,220030,1,1,0,0,0,3,3,115,0,16,1,2016,7,14,0,0,1,5,1,3,SR-113,,378,30.962,-92.836,0,42,0,0,1,1,0,4,1,10,0,10,0,0,14,0,14,16,15,44,0,0,0,3,0,2
22,220031,2,2,0,0,0,3,3,63,0,16,1,2016,7,16,10,0,1,4,1,3,SR-16,,6,30.268,-90.773,0,12,2,0,1,1,0,1,5,1,0,1,0,0,16,15,16,38,17,4,0,0,0,1,0,2
22,220032,3,3,0,0,0,4,4,19,1250,16,1,2016,7,18,7,1,2,1,1,1,I-10,,274,30.238,-93.276,0,12,6,0,1,1,0,1,2,2,0,2,0,0,18,11,18,19,88,88,0,0,0,1,1,1
22,220033,1,1,0,0,0,4,4,73,0,17,1,2016,1,16,30,1,2,1,1,1,I-20,,1239,32.489,-91.994,0,1,0,0,1,1,0,4,1,1,0,1,0,0,16,35,16,36,17,0,0,0,0,1,0,1
22,220034,1,1,0,0,0,1,1,103,0,17,1,2016,1,22,32,0,1,4,1,2,US-90,,2938,30.227,-89.68,0,42,0,0,1,1,0,4,2,1,0,1,0,0,22,32,22,39,23,42,0,0,0,1,1,0
22,220035,1,1,0,0,0,5,5,109,0,18,1,2016,2,13,35,1,1,2,1,2,US-90,,1961,29.702,-90.889,0,1,0,0,1,1,0,1,1,1,0,1,0,0,13,42,14,2,14,58,0,0,0,1,0,0
22,220036,1,1,0,0,0,1,1,63,0,18,1,2016,2,20,50,0,1,4,1,3,SR-16,,78,30.336,-90.84,0,53,0,0,1,1,0,4,2,1,0,1,0,0,20,56,21,15,88,88,0,0,0,1,1,2
22,220037,1,1,0,1,1,1,1,103,2180,19,1,2016,3,19,15,1,2,1,1,1,I-10,,2668,30.286,-89.749,0,8,0,0,1,1,0,1,2,1,0,1,0,0,19,23,19,29,88,88,19,0,0,1,0,1
22,220039,1,1,0,0,0,1,1,111,0,21,1,2016,5,3,4,0,1,5,1,3,SR-143,,266,32.755,-92.135,0,1,0,0,1,1,0,4,2,5,0,5,0,0,3,6,3,31,88,88,0,0,0,1,1,2
22,220040,1,1,0,0,0,1,1,73,1560,22,1,2016,6,16,50,1,1,1,1,1,I-20,,1244,32.489,-91.986,0,42,0,0,1,1,0,4,1,1,0,1,0,0,16,51,16,52,88,88,0,0,0,1,1,1
22,220043,4,4,0,0,0,6,6,1,0,26,1,2016,3,8,45,1,1,1,1,1,I-10,,745,30.231,-92.496,0,12,6,0,1,1,0,1,1,2,0,2,0,0,8,50,9,1,10,18,0,0,0,1,0,1
22,220044,2,2,0,0,0,2,2,15,0,28,1,2016,5,8,5,0,2,4,1,2,US-80,,299,32.556,-93.597,0,12,2,0,1,1,0,1,1,1,0,1,0,0,8,9,8,14,88,88,0,0,0,1,0,1
22,220046,2,2,0,0,0,3,3,19,0,30,1,2016,7,4,14,0,1,4,1,3,SR-27,,924,30.336,-93.368,0,12,2,0,1,1,0,1,2,1,0,1,0,0,4,20,4,45,5,17,0,0,0,3,2,2
22,220048,1,1,0,0,0,2,2,19,0,31,1,2016,1,6,46,1,2,1,1,1,I-10,,268,30.235,-93.286,0,59,0,0,5,1,0,4,2,1,0,1,0,0,6,51,7,2,7,40,0,0,0,1,1,1
22,220052,1,1,0,0,0,1,1,71,1690,2,2,2016,3,5,43,1,2,1,1,1,I-10,,2434,30.03,-89.994,0,24,0,0,1,1,0,3,3,1,0,1,0,0,99,99,99,99,99,99,0,0,0,1,0,1
22,220058,2,2,0,1,1,1,1,19,1250,8,2,2016,2,22,12,1,2,1,1,1,I-210,,51,30.197,-93.239,0,12,7,0,1,1,0,1,2,1,0,1,0,0,22,13,22,19,88,88,23,0,0,1,0,1
22,220065,1,1,0,0,0,1,1,105,0,2,2,2016,3,0,45,1,1,1,1,1,I-12,,464,30.479,-90.354,0,23,0,0,1,1,0,4,2,1,0,1,0,0,88,88,88,88,88,88,0,0,0,1,1,1
22,220066,1,1,0,0,0,3,3,5,0,3,2,2016,4,18,20,1,1,1,1,1,I-10,,1856,30.161,-90.839,0,42,0,0,1,1,0,4,5,1,0,1,0,0,18,31,18,41,19,8,0,0,0,2,0,1
22,220067,2,1,1,0,1,1,2,79,40,4,2,2016,5,12,40,1,2,3,1,2,US-165,,768,31.229,-92.496,0,14,0,0,1,1,0,2,1,1,0,1,0,0,12,50,13,4,88,88,20,0,0,1,0,0
22,220069,1,1,0,0,0,2,2,105,2257,8,2,2016,2,8,15,1,2,1,1,1,I-55,,373,30.588,-90.505,0,1,0,0,1,1,0,3,1,1,0,1,0,0,8,20,8,30,9,5,0,0,0,1,0,1
22,220072,2,2,0,0,0,2,2,81,0,9,2,2016,3,6,46,0,1,4,1,2,US-84,,373,32.066,-93.43,0,12,2,0,1,1,0,1,4,1,0,1,0,0,6,47,6,54,8,8,0,0,0,1,0,0
22,220074,1,1,0,0,0,3,3,97,0,12,2,2016,6,16,30,1,1,3,1,2,US-190,,1037,30.504,-92.341,0,35,0,0,1,1,0,4,1,1,0,1,0,0,16,37,17,0,17,30,0,0,0,1,0,0
22,220079,2,2,0,0,0,4,4,7,0,30,1,2016,7,16,33,0,2,5,1,3,SR-308,,139,29.961,-91.027,0,12,2,0,1,1,0,1,1,1,0,1,0,0,16,35,17,3,17,28,0,0,0,1,1,2
22,220080,2,2,0,0,0,7,7,67,0,14,2,2016,1,14,22,0,1,5,1,3,SR-139,,175,32.741,-91.915,0,12,2,0,1,1,0,1,1,10,0,10,0,0,14,23,14,29,15,16,0,0,0,1,1,1
22,220082,4,4,0,0,0,5,5,19,580,21,2,2016,1,10,27,0,1,5,1,3,SR-27,,951,30.365,-93.402,0,12,6,0,1,1,0,1,1,1,0,1,0,0,10,31,10,42,88,88,14,0,0,2,0,2
22,220083,1,1,0,0,0,1,1,43,0,21,2,2016,1,6,30,1,1,3,1,2,US-165,,1097,31.668,-92.411,0,1,0,0,1,1,0,1,1,1,0,1,0,0,6,36,7,3,88,88,0,0,0,1,0,0
22,220085,2,2,0,0,0,2,2,57,0,25,2,2016,5,7,20,0,2,4,1,3,SR-308,,672,29.573,-90.374,0,12,6,0,1,1,0,1,1,1,0,1,0,0,7,23,7,35,88,88,0,0,0,1,0,2
22,220087,2,2,0,0,0,3,3,53,0,26,2,2016,6,22,21,1,1,3,1,2,US-165,SR-101,45,30.29,-92.96,0,12,6,0,2,2,0,1,2,1,0,1,0,0,22,23,22,37,23,38,0,0,0,1,0,0
22,220088,1,1,0,0,0,1,1,37,0,27,2,2016,7,4,10,0,1,5,1,3,SR-67,SR-432,396,30.947,-90.937,0,43,0,0,3,3,0,4,2,1,0,1,0,0,4,22,4,36,88,88,0,0,0,1,0,2
22,220089,1,1,0,0,0,1,1,121,1920,27,2,2016,7,14,20,1,2,3,1,3,SR-1,SR-987-1,1543,30.506,-91.208,0,21,0,1,19,1,0,4,1,1,0,1,0,0,14,23,14,28,15,14,0,0,0,1,0,1
22,220094,3,3,0,1,1,5,5,33,150,21,2,2016,1,21,24,1,2,3,1,2,US-61 AIRLINE HWY,,699,30.394,-91.05,0,8,0,0,1,1,0,1,2,1,0,1,0,0,21,29,21,34,88,88,16,0,0,1,0,0
22,220096,2,2,0,0,0,2,2,69,320,1,2,2016,2,14,35,0,1,4,1,2,US-71,,1297,31.867,-93.084,0,12,2,0,1,1,0,1,1,1,0,1,0,0,14,37,14,55,99,99,0,0,0,1,0,0
22,220101,2,2,0,0,0,3,3,55,260,5,2,2016,6,22,56,0,1,4,1,3,SR-96,,9,30.13,-91.928,0,12,6,0,8,1,0,1,2,1,0,1,0,0,23,4,23,9,88,88,0,0,0,1,0,2
22,220102,1,1,0,1,1,1,1,15,230,16,3,2016,4,20,45,1,2,3,1,2,US-80,,248,32.533,-93.676,0,8,0,0,1,1,0,1,2,1,0,1,0,0,20,55,20,57,21,21,0,0,0,1,0,1
22,220113,2,2,0,0,0,3,3,93,0,4,3,2016,6,10,26,0,1,5,3,3,SR-20,,326,29.951,-90.708,0,12,2,0,1,1,0,1,1,1,0,1,0,0,10,30,10,40,11,39,0,0,0,2,0,2
22,220114,2,2,0,0,0,2,2,45,0,4,3,2016,6,10,35,0,1,5,1,3,SR-86,,52,30.009,-91.738,0,12,2,0,1,1,0,1,1,10,0,10,0,0,10,38,10,44,11,59,0,0,0,1,0,1
22,220115,4,4,0,0,0,6,6,33,150,4,3,2016,6,17,10,1,2,3,1,3,SR-19,,22,30.555,-91.175,0,12,7,0,1,1,0,1,1,1,0,1,0,0,17,16,17,21,17,59,0,0,0,1,1,2
22,220118,2,2,0,0,0,2,2,55,9898,8,3,2016,3,14,45,0,2,4,1,3,SR-93,SR-723,81,30.276,-92.112,0,12,6,0,2,2,0,1,1,1,0,1,0,0,14,48,14,57,15,51,0,0,0,1,0,0
22,220119,2,2,0,0,0,3,3,47,0,8,3,2016,3,22,30,1,1,3,1,3,SR-1,CPL HERMAN BROWN,1317,30.21,-91.188,0,12,6,0,2,2,0,1,2,10,0,10,0,0,22,43,22,53,23,24,0,0,0,1,0,1
22,220121,3,3,0,0,0,4,4,105,1910,9,3,2016,4,18,32,1,2,1,1,1,I-55,,270,30.449,-90.468,0,35,0,0,1,1,0,3,2,1,0,1,0,0,18,35,18,40,19,25,0,0,0,1,1,1
22,220122,2,2,0,0,0,4,4,73,0,10,3,2016,5,19,48,0,2,4,3,3,SR-139,,26,32.557,-92.006,0,12,1,0,8,1,0,1,2,2,0,2,0,0,19,49,20,0,20,31,0,0,0,1,1,1
22,220126,1,1,0,1,1,1,1,79,40,3,3,2016,5,22,29,1,2,3,1,2,US-165,,787,31.261,-92.476,0,8,0,0,1,1,0,1,2,1,0,1,0,0,22,29,22,33,88,88,0,0,0,1,0,0
22,220127,3,3,0,1,1,2,2,71,1690,6,3,2016,1,4,30,1,2,1,1,1,I-10,,2319,29.987,-90.116,0,12,7,0,1,1,0,1,2,1,0,1,0,0,99,99,99,99,88,88,19,0,0,1,0,1
22,220134,1,1,0,0,0,1,1,97,0,13,3,2016,1,7,50,0,1,5,1,3,SR-31,,488,30.482,-92.029,0,42,0,0,1,1,0,4,4,1,0,1,0,0,7,54,8,7,88,88,0,0,0,1,1,2
22,220137,2,2,0,0,0,5,5,103,0,18,3,2016,6,9,10,1,1,1,1,1,I-10,,2722,30.297,-89.674,0,12,6,0,1,1,0,2,1,1,0,1,0,0,9,15,9,21,10,25,0,0,0,1,0,1
22,220138,2,2,0,0,0,3,3,5,0,20,3,2016,1,10,51,1,2,3,1,2,US-61 AIRLINE HWY,,609,30.294,-90.964,0,12,6,0,8,1,0,4,1,1,0,1,0,0,11,0,11,9,11,43,0,0,0,1,1,0
22,220139,2,2,0,0,0,3,3,105,0,20,3,2016,1,19,40,0,1,5,1,3,SR-38,,215,30.938,-90.491,0,12,2,0,1,1,0,2,5,1,0,1,0,0,19,42,19,52,20,57,0,0,0,1,0,2
22,220140,2,2,0,0,0,2,2,19,0,21,3,2016,2,5,38,0,1,5,1,3,SR-27,SAM DUNHAM RD,892,30.295,-93.356,0,12,2,0,2,3,0,1,2,1,0,1,0,0,5,41,5,48,6,32,0,0,0,1,0,2
22,220141,4,4,0,0,0,8,8,103,2180,21,3,2016,2,15,35,0,2,4,1,2,US-190,SR-1090,2776,30.261,-89.722,0,12,1,0,3,3,0,1,1,1,0,1,0,0,15,38,15,57,16,38,0,0,0,1,0,0
22,220147,2,2,0,0,0,2,2,85,0,26,3,2016,7,21,28,1,1,3,1,3,SR-6,,259,31.627,-93.379,0,12,2,0,1,1,0,1,2,1,0,1,0,0,21,33,21,56,22,52,0,0,0,1,0,2
22,220148,1,1,0,0,0,1,1,83,0,27,3,2016,1,12,0,0,1,4,1,3,SR-17,,320,32.535,-91.496,0,35,0,0,1,1,0,4,1,2,0,2,0,0,12,5,12,15,88,88,0,0,0,1,0,2
22,220150,2,2,0,0,0,2,2,111,740,29,3,2016,3,11,5,0,1,5,1,3,SR-15,,1774,32.842,-92.44,0,12,6,0,1,1,0,1,1,1,0,1,0,0,11,8,11,16,88,88,0,0,0,1,0,0
22,220152,2,2,0,0,0,5,5,9,480,19,3,2016,7,13,55,0,2,4,1,3,SR-170,,502,30.994,-92.05,0,53,0,0,1,1,0,4,1,1,0,1,0,0,13,55,14,27,99,99,0,0,0,1,0,2
22,220153,2,2,0,0,0,4,4,89,593,2,3,2016,4,15,30,1,2,3,1,2,US-90,CARLON DR,2272,29.826,-90.463,0,12,6,0,2,3,0,1,1,1,0,1,0,0,15,22,15,39,16,11,0,0,0,1,0,0
22,220158,2,2,0,0,0,4,4,15,230,27,2,2016,7,20,11,1,1,1,1,1,I-20,,229,32.526,-93.687,0,12,2,0,1,1,0,1,2,1,0,1,0,0,20,12,20,15,20,37,0,0,0,2,0,1
22,220161,2,2,0,0,0,2,2,63,570,3,4,2016,1,18,43,0,2,4,1,3,SR-16,,220,30.474,-90.947,0,12,2,0,1,1,0,1,1,1,0,1,0,0,18,44,18,56,88,88,0,0,0,1,1,2
22,220162,1,1,0,1,1,1,1,5,2189,7,4,2016,5,20,10,1,2,3,1,2,US-61,,521,30.198,-90.864,0,8,0,0,1,1,0,1,2,1,0,1,0,0,20,10,20,15,88,88,19,0,0,1,0,0
22,220163,1,1,0,1,1,2,2,79,40,10,4,2016,1,2,4,1,2,1,1,1,I-49,,840,31.286,-92.442,0,8,0,0,1,1,0,1,3,1,0,1,0,0,2,4,2,15,88,88,0,0,0,1,1,0
22,220168,2,2,0,0,0,3,3,33,150,22,4,2016,6,18,33,1,2,1,1,1,I-12,,10,30.418,-91.105,0,12,1,0,1,1,0,1,1,1,0,1,0,0,18,33,18,40,88,88,26,0,0,1,0,1
22,220169,2,2,0,0,0,6,6,19,2210,24,4,2016,1,5,56,1,2,1,1,1,I-10,,235,30.216,-93.334,0,12,1,0,1,1,0,1,2,1,0,1,0,0,5,57,6,7,99,99,0,0,0,1,1,1
22,220171,8,8,0,0,0,15,15,19,1250,27,4,2016,4,13,44,1,2,1,1,1,I-10,,314,30.236,-93.21,0,12,1,0,1,1,2,1,1,1,0,1,0,0,13,45,13,53,14,17,3,0,0,1,0,1
22,220172,1,1,0,0,0,2,2,105,980,27,4,2016,4,23,55,1,2,3,1,2,US-190,,80,30.502,-90.47,0,40,0,0,1,1,0,4,6,1,0,1,0,0,23,58,0,5,0,50,0,0,0,1,0,0
22,220173,1,1,0,0,0,1,1,107,0,2,4,2016,7,5,15,1,1,3,1,2,US-65,,276,32.014,-91.255,0,42,0,0,1,1,0,4,2,1,0,1,0,0,88,88,88,88,88,88,0,0,0,1,1,0
22,220177,1,1,0,0,0,1,1,47,0,2,4,2016,7,6,54,1,1,3,1,3,SR-1,,1194,30.167,-91.138,0,35,0,0,1,1,0,4,4,1,0,1,0,0,7,3,7,16,7,41,0,0,0,1,0,1
22,220178,2,2,0,0,0,2,2,73,0,2,4,2016,7,21,50,0,1,4,1,3,SR-15,,1528,32.565,-92.274,0,12,2,0,1,1,0,1,2,1,0,1,0,0,21,54,22,14,22,46,0,0,0,1,1,0
22,220184,1,1,0,0,0,1,1,7,0,10,4,2016,1,8,25,0,1,5,1,3,SR-308,,206,29.883,-90.987,0,32,0,0,1,1,0,4,1,1,0,1,0,0,8,30,8,40,9,20,0,0,0,1,0,2
22,220185,1,1,0,0,0,1,1,103,0,11,4,2016,2,6,25,0,1,5,1,3,SR-40,,438,30.639,-90.032,0,32,0,0,1,1,0,4,4,1,0,1,0,0,6,31,6,47,88,88,0,0,0,1,0,0
22,220186,1,1,0,0,0,2,2,47,0,11,4,2016,2,0,1,1,1,1,1,1,I-10,,1281,30.368,-91.628,0,20,0,0,1,1,0,8,2,1,0,1,0,0,0,5,0,25,1,30,0,0,0,1,0,1
22,220193,3,3,0,0,0,8,8,73,9898,17,4,2016,1,3,10,1,2,3,1,2,US-165,DELLWOOD AVENUE,1748,32.459,-92.082,0,12,6,0,2,3,0,1,2,10,0,10,0,0,3,14,3,21,4,25,0,0,0,1,1,0
22,220196,1,1,0,0,0,1,1,91,0,29,4,2016,6,0,31,0,1,5,1,3,SR-38,,18,30.914,-90.81,0,1,0,0,1,1,0,4,2,1,0,1,0,0,0,34,0,46,88,88,0,0,0,1,0,2
22,220200,2,2,0,1,1,1,1,53,0,24,4,2016,1,1,10,1,1,1,1,1,I-10,,482,30.247,-92.934,0,8,0,0,1,1,0,1,2,10,0,10,0,0,1,19,1,34,88,88,19,0,0,1,0,1
22,220204,1,1,0,0,0,1,1,45,0,27,4,2016,4,1,46,0,1,5,1,3,SR-86,,50,30.009,-91.741,0,1,0,0,1,1,0,1,2,10,0,10,0,0,1,46,1,58,88,88,0,0,0,1,1,1
22,220205,1,1,0,1,1,1,1,63,570,29,4,2016,6,3,53,1,2,3,1,3,SR-16,,263,30.521,-90.957,0,8,0,0,1,1,0,1,2,1,0,1,0,0,3,54,4,1,88,88,0,0,0,1,0,2
22,220212,2,2,0,0,0,3,3,51,1545,27,4,2016,4,20,25,1,2,3,1,2,US-61 AIRLINE HWY,L & A RD,23,29.972,-90.127,0,12,6,0,7,1,0,1,3,1,0,1,0,0,20,31,20,34,20,49,0,0,0,1,0,0
22,220218,2,2,0,0,0,2,2,19,1250,19,5,2016,5,16,42,0,2,7,4,6,1ST AVE,PINE ST,0,30.233,-93.201,0,12,6,0,2,2,0,1,1,10,0,10,0,0,16,44,16,54,17,11,0,0,0,1,0,2
22,220221,1,1,0,1,1,3,3,71,1690,2,5,2016,2,2,7,1,2,1,1,1,I-10,,2345,29.957,-90.094,0,8,0,0,1,1,0,1,3,1,0,1,0,0,88,88,88,88,88,88,0,0,0,1,0,1
22,220225,2,2,0,0,0,2,2,17,2130,5,5,2016,5,22,1,1,2,1,1,1,I-20,,172,32.493,-93.769,0,12,2,0,1,1,0,1,3,1,0,1,0,0,22,1,22,6,88,88,0,0,0,2,1,1
22,220226,2,2,0,0,0,3,3,73,2208,6,5,2016,6,12,52,1,2,3,1,2,US-165,KEYSTONE ROAD,1880,32.647,-92.058,0,12,6,0,2,2,0,1,1,1,0,1,0,0,12,52,13,2,13,26,0,0,0,2,0,0
22,220229,2,2,0,0,0,3,3,71,1690,22,5,2016,1,23,47,1,2,1,1,1,I-10,,2378,29.983,-90.055,0,12,1,0,1,1,0,1,3,1,0,1,0,0,12,47,12,55,13,30,0,0,0,1,0,1
22,220230,3,3,0,0,0,3,3,51,1190,23,5,2016,2,10,29,1,2,3,1,3,SR-49,23RD STREET,12,29.998,-90.241,0,12,6,0,2,2,0,1,1,10,0,10,0,0,10,30,10,36,10,43,0,0,0,1,0,1
22,220231,1,1,0,0,0,1,1,51,990,27,5,2016,6,13,34,1,2,3,1,3,SR-48,,181,29.94,-90.218,0,33,0,0,1,1,0,4,1,1,0,1,0,0,13,30,13,40,14,56,99,99,99,1,0,1
22,220232,2,2,0,1,1,5,5,19,2400,10,4,2016,1,20,45,1,2,1,1,1,I-10,,283,30.237,-93.262,0,8,0,1,18,1,0,1,2,10,0,10,0,0,20,49,20,54,88,88,0,0,0,1,0,1
22,220233,1,1,0,0,0,1,1,65,2230,29,1,2016,6,16,10,0,1,5,1,2,US-80,,1747,32.437,-91.282,0,1,0,0,1,1,0,1,1,1,0,1,0,0,14,12,14,27,15,25,0,0,0,1,0,1
22,220236,1,1,0,0,0,1,1,79,0,1,5,2016,1,0,3,0,1,5,1,3,SR-112,,747,31.06,-92.489,0,32,0,0,1,1,0,4,2,10,0,10,0,0,0,7,0,22,88,88,0,0,0,1,1,2
22,220237,2,2,0,0,0,2,2,69,0,2,5,2016,2,16,14,0,1,4,1,3,SR-1,,3156,31.788,-93.125,0,12,8,0,1,1,0,2,1,10,0,10,0,0,16,19,16,21,16,55,0,0,0,1,0,1
22,220251,2,2,0,0,0,3,3,61,2070,16,3,2016,4,14,50,0,2,3,1,3,SR-33,,11,32.546,-92.613,0,12,6,0,8,1,0,1,1,1,0,1,0,0,14,52,14,56,15,41,0,0,0,1,0,1
22,220254,3,3,0,0,0,3,3,71,1690,20,4,2016,4,21,40,1,2,1,1,1,I-10,,2519,30.112,-89.891,0,12,1,0,1,1,0,1,2,1,0,1,0,0,21,40,22,5,22,55,14,0,0,1,0,1
22,220257,2,2,0,0,0,2,2,57,0,28,4,2016,5,10,40,0,2,4,1,3,SR-308,SR-648,352,29.791,-90.788,0,12,6,0,2,3,0,1,1,1,0,1,0,0,10,44,10,54,11,20,0,0,0,1,0,2
22,220259,4,4,0,0,0,10,10,89,0,9,5,2016,2,0,10,1,2,1,1,1,I-10,,2136,30.067,-90.388,0,12,1,0,1,1,0,1,2,1,0,1,0,0,0,27,0,46,1,48,19,27,0,1,0,1
22,220260,2,2,0,1,1,5,5,47,9997,8,5,2016,1,20,18,1,2,3,1,3,SR-1,,1289,30.275,-91.223,0,8,0,0,1,1,0,1,2,1,0,1,0,0,20,21,20,27,88,88,0,0,0,1,2,1
22,220261,2,2,0,0,0,2,2,9,0,10,5,2016,3,5,40,0,1,5,1,3,SR-107,,389,31.153,-92.076,0,12,2,0,1,1,0,1,2,10,0,10,1,0,7,31,7,31,7,49,0,0,0,1,0,2
22,220262,2,2,0,0,0,2,2,3,0,11,5,2016,4,16,10,0,1,4,1,3,SR-26,,222,30.707,-92.908,0,12,8,0,1,1,0,1,1,1,0,1,0,0,16,13,16,28,17,10,0,0,0,1,0,1
22,220263,2,2,0,0,0,4,4,57,1320,11,5,2016,4,14,54,1,2,4,1,3,SR-1,MAR DRIVE,519,29.64,-90.518,0,12,6,0,2,3,0,1,1,1,0,1,0,0,15,4,15,8,15,52,0,0,0,1,0,1
22,220264,1,1,0,0,0,2,2,119,0,11,5,2016,4,15,33,1,1,1,1,1,I-20,,521,32.572,-93.208,0,42,0,0,1,1,0,4,1,1,0,1,0,0,15,41,15,53,16,24,0,0,0,1,0,1
22,220265,2,2,0,0,0,3,3,83,0,13,5,2016,6,15,16,0,1,4,1,3,SR-15,SR-133,1242,32.378,-91.9,0,12,6,0,2,2,0,1,1,1,0,1,0,0,15,17,15,34,99,99,0,0,0,2,0,0
22,220269,3,3,0,0,0,3,3,73,0,17,5,2016,3,8,5,0,1,5,1,3,SR-34,,672,32.416,-92.373,0,12,8,0,1,1,0,1,1,2,0,2,0,0,88,88,88,88,88,88,14,0,0,1,0,2
22,220271,1,1,0,0,0,1,1,119,0,20,5,2016,6,13,40,1,1,1,1,1,I-20,,414,32.583,-93.388,0,1,0,0,1,1,0,3,1,1,0,1,0,0,13,44,13,54,88,88,0,0,0,1,0,1
22,220273,1,1,0,0,0,2,2,53,0,21,5,2016,7,10,49,1,1,1,1,1,I-10,,617,30.215,-92.655,0,34,0,0,1,1,0,10,1,1,0,1,0,0,10,50,11,1,11,32,0,0,0,1,0,1
22,220275,1,1,0,0,0,1,1,43,0,21,5,2016,7,21,0,0,1,4,1,2,US-71,,1063,31.621,-92.836,0,1,0,0,1,1,0,2,2,1,0,1,0,0,21,5,21,48,88,88,0,0,0,1,1,0
22,220277,1,1,0,1,1,1,1,57,0,23,5,2016,2,14,10,1,2,3,1,3,SR-1,,243,29.367,-90.257,0,8,0,0,1,1,0,1,1,1,0,1,0,0,14,15,14,18,14,43,0,0,0,1,0,1
22,220278,2,2,0,0,0,2,2,37,0,24,5,2016,3,0,7,0,1,4,1,3,SR-19,,310,30.957,-91.105,0,12,2,0,1,1,0,1,2,1,0,1,0,0,0,10,0,44,88,88,0,0,0,2,1,2
22,220279,1,1,0,0,0,3,3,109,365,27,5,2016,6,16,2,0,1,5,1,3,SR-56,,170,29.474,-90.586,0,32,0,0,1,1,0,4,2,1,0,1,0,0,16,2,16,19,16,58,0,0,0,1,0,2
22,220280,1,1,0,0,0,3,3,99,0,27,5,2016,6,11,45,0,1,5,1,3,SR-96,,153,30.193,-91.748,0,43,0,0,1,1,0,5,1,1,0,1,0,0,11,52,11,59,13,8,0,0,0,1,0,2
22,220282,1,1,0,0,0,1,1,103,0,28,5,2016,7,2,15,0,2,4,1,2,US-190,RED MILL DRIVE,2792,30.242,-89.7,0,32,0,0,1,1,0,4,2,1,0,1,0,0,2,26,2,33,88,88,0,0,0,1,1,0
22,220283,2,2,0,0,0,6,6,109,0,27,5,2016,6,20,16,0,1,5,1,3,SR-56,,125,29.412,-90.606,0,12,2,0,1,1,0,1,3,10,0,10,0,0,20,19,20,44,21,13,0,0,0,3,1,2
22,220284,1,1,0,1,1,1,1,15,0,28,5,2016,7,23,11,0,2,5,1,3,SR-157,,116,32.479,-93.51,0,8,0,0,1,1,0,1,2,1,0,1,0,0,23,11,23,18,88,88,0,0,0,1,0,2
22,220285,1,1,0,0,0,2,2,17,2130,21,5,2016,7,3,27,1,2,1,1,1,I-49,HOLLYWOOD STREET,0,32.456,-93.757,0,21,0,1,5,1,0,4,3,1,0,1,0,0,3,33,3,41,3,57,0,0,0,1,0,0
22,220286,2,2,0,0,0,2,2,95,2020,6,5,2016,6,15,40,0,2,5,1,3,SR-44,,445,30.055,-90.556,0,12,8,0,1,1,0,1,1,1,0,1,0,0,15,43,15,57,16,21,0,0,0,1,0,2
22,220288,1,1,0,1,1,1,1,33,150,22,5,2016,1,20,31,1,2,3,1,3,SR-42,SUMMER WOOD DRIVE,51,30.358,-91.12,0,8,0,0,2,2,0,1,2,1,0,1,0,0,20,34,20,44,21,2,0,0,0,1,0,1