STATE,ST_CASE,VE_TOTAL,VE_FORMS,PVH_INVL,PEDS,PERNOTMVIT,PERMVIT,PERSONS,COUNTY,CITY,DAY,MONTH,YEAR,DAY_WEEK,HOUR,MINUTE,NHS,RUR_URB,FUNC_SYS,RD_OWNER,ROUTE,TWAY_ID,TWAY_ID2,MILEPT,LATITUDE,LONGITUD,SP_JUR,HARM_EV,MAN_COLL,RELJCT1,RELJCT2,TYP_INT,WRK_ZONE,REL_ROAD,LGT_COND,WEATHER1,WEATHER2,WEATHER,SCH_BUS,RAIL,NOT_HOUR,NOT_MIN,ARR_HOUR,ARR_MIN,HOSP_HR,HOSP_MN,CF1,CF2,CF3,FATALS,DRUNK_DR,RANK
22,220289,2,2,0,0,0,2,2,63,0,24,5,2016,3,22,19,1,1,1,1,1,I-12,,252,30.476,-90.709,0,12,6,0,1,1,0,1,2,1,0,1,0,0,22,26,22,32,23,9,0,0,0,1,0,1
22,220290,4,4,0,0,0,10,10,33,150,26,5,2016,5,19,20,0,2,4,1,3,SR-42,SR-427,145,30.348,-91.028,0,12,6,0,2,2,0,1,1,1,0,1,0,0,19,27,19,32,19,54,14,0,0,1,0,1
22,220291,1,1,0,1,1,2,2,47,0,29,5,2016,1,2,16,1,1,3,1,3,SR-1,,1262,30.24,-91.205,0,9,0,0,1,1,0,1,2,1,0,1,0,0,2,7,2,20,2,35,0,0,0,1,1,1
22,220293,2,2,0,0,0,4,4,37,0,30,5,2016,2,21,15,0,1,5,1,3,SR-67,,405,30.958,-90.93,0,12,2,0,1,1,0,2,2,1,0,1,0,0,21,22,21,35,22,19,0,0,0,4,0,2
22,220294,1,1,0,0,0,2,2,79,0,1,6,2016,4,14,30,0,1,4,1,3,SR-1,,2478,31.21,-92.366,0,31,0,0,1,1,0,4,1,10,0,10,0,0,14,42,14,55,15,30,0,0,0,1,0,1
22,220297,1,1,0,0,0,2,2,9,0,4,6,2016,7,16,20,0,1,5,1,3,SR-114,,168,31.027,-92.002,0,38,0,0,1,1,0,4,1,2,0,2,0,0,16,23,16,31,16,59,0,0,0,1,0,2
22,220298,1,1,0,0,0,1,1,41,2450,4,6,2016,7,4,27,0,2,5,1,3,SR-4,,1301,32.154,-91.728,0,53,0,0,1,1,0,4,2,10,0,10,0,0,4,30,4,35,88,88,20,0,0,1,0,2
22,220300,1,1,0,0,0,4,4,81,0,11,6,2016,7,13,55,0,1,4,1,2,US-71,,1631,32.199,-93.397,0,42,0,0,1,1,0,4,1,2,0,2,0,0,14,4,14,16,15,47,0,0,0,1,0,0
22,220301,1,1,0,0,0,4,4,115,0,11,6,2016,7,3,40,0,1,4,1,3,SR-10,,297,30.892,-92.842,0,42,0,0,1,1,0,4,2,10,0,10,0,0,4,19,4,52,88,88,0,0,0,4,1,2
22,220302,1,1,0,0,0,1,1,1,0,14,6,2016,3,23,20,0,1,5,1,3,SR-91,,406,30.42,-92.5,0,32,0,0,1,1,0,4,2,1,0,1,0,0,88,88,88,88,88,88,0,0,0,1,1,2
22,220303,1,1,0,0,0,1,1,67,0,16,6,2016,5,22,5,0,1,5,1,3,SR-140,,83,32.903,-91.767,0,34,0,0,1,1,0,4,2,1,0,1,0,0,22,13,22,28,88,88,0,0,0,1,1,1
22,220304,2,2,0,0,0,2,2,19,0,17,6,2016,6,17,10,0,1,4,1,3,SR-27,,740,30.096,-93.36,0,12,6,0,8,1,1,1,1,1,0,1,0,0,17,16,17,29,18,11,0,0,0,1,0,2
22,220305,1,1,0,1,1,1,1,109,0,17,6,2016,6,21,40,0,2,5,1,3,SR-56,,125,29.413,-90.606,0,8,0,0,1,1,0,2,2,1,0,1,0,0,21,46,22,5,88,88,0,0,0,1,1,2
22,220307,2,2,0,0,0,2,2,73,1560,19,6,2016,1,2,10,1,1,3,1,2,US-165,,1738,32.445,-92.086,0,12,2,0,1,1,0,1,2,1,0,1,0,0,2,15,2,29,3,23,0,0,0,1,1,0
22,220308,3,3,0,0,0,3,3,105,1200,23,6,2016,5,9,30,0,1,5,1,3,SR-38,,190,30.937,-90.531,0,12,1,0,1,1,0,1,1,1,0,1,0,0,9,35,9,48,10,36,26,0,0,1,0,2
22,220309,1,1,0,0,0,3,3,33,0,24,6,2016,6,0,1,0,1,5,1,3,SR-37,,209,30.663,-90.926,0,42,0,0,1,1,0,4,2,1,0,1,0,0,0,11,0,27,1,18,0,0,0,1,0,1
22,220311,1,1,0,0,0,2,2,115,0,26,6,2016,1,3,38,0,1,4,1,3,SR-10,,296,30.892,-92.844,0,42,0,0,1,1,0,4,2,1,0,1,0,0,3,41,4,11,5,21,0,0,0,1,1,2
22,220314,2,1,1,0,0,1,1,15,2130,30,6,2016,5,10,56,1,2,3,1,3,SR-3,,68,32.612,-93.738,0,14,0,0,1,1,0,4,1,1,0,1,0,0,10,56,11,0,88,88,0,0,0,1,0,2
22,220316,1,1,0,1,1,1,1,75,163,19,6,2016,1,4,8,1,2,3,1,3,SR-23,VILLARY STREET,665,29.858,-89.989,0,8,0,0,2,3,0,1,3,1,0,1,0,0,4,25,4,32,88,88,0,0,0,1,1,0
22,220320,2,2,0,0,0,4,4,101,780,24,8,2016,4,13,36,1,2,2,1,2,US-90,,1560,29.768,-91.492,0,12,1,0,1,1,0,1,1,1,0,1,0,0,13,18,13,54,14,22,23,0,0,1,2,0
22,220321,1,1,0,2,2,3,3,15,230,27,8,2016,7,20,10,1,2,1,1,1,I-20,,198,32.514,-93.734,0,8,0,1,18,1,0,1,3,10,0,10,0,0,20,12,20,21,20,40,0,0,0,1,0,1
22,220322,3,3,0,0,0,7,7,33,150,19,8,2016,6,20,53,1,2,3,1,3,SR-73,DRUSILLA LANE,193,30.417,-91.09,0,12,6,0,2,2,0,1,3,1,0,1,0,0,20,55,21,14,88,88,28,0,0,1,0,2
22,220323,1,1,0,1,1,1,1,13,0,30,6,2016,5,23,41,0,1,5,1,3,SR-4,,341,32.252,-92.984,0,8,0,0,1,1,0,1,2,1,0,1,0,0,23,50,0,16,88,88,0,0,0,1,0,2
22,220325,3,1,2,2,5,1,4,73,0,3,7,2016,1,5,0,1,2,3,1,2,US-165,,1860,32.619,-92.062,0,14,0,0,1,1,0,4,2,1,0,1,0,0,5,5,5,11,5,53,14,15,0,1,1,0
22,220326,2,2,0,0,0,2,2,99,250,10,6,2016,6,15,23,0,2,4,1,3,SR-347,,189,30.268,-91.887,0,12,2,0,1,1,0,1,1,10,0,10,0,0,15,25,15,31,88,88,0,0,0,1,0,2
22,220328,1,1,0,1,1,1,1,73,1560,30,6,2016,5,21,25,1,2,3,1,2,US-165,RENWICK STREET,1786,32.514,-92.081,0,9,0,0,2,7,0,1,3,1,0,1,0,0,21,28,21,30,23,24,0,0,0,1,0,0
22,220330,3,3,0,0,0,5,5,71,1690,9,6,2016,5,23,20,1,2,1,1,1,I-10,,2460,30.049,-89.957,0,12,1,0,1,1,0,1,3,1,0,1,0,0,99,99,99,99,99,99,0,0,0,1,0,1
22,220334,2,2,0,0,0,2,2,87,1518,6,7,2016,4,7,20,0,2,4,1,3,SR-46,,107,29.91,-89.905,0,12,8,0,1,1,0,1,1,1,0,1,0,0,7,22,7,27,88,88,0,0,0,1,1,1
22,220339,2,2,0,0,0,4,4,105,0,11,7,2016,2,17,43,0,1,5,1,2,US-51,,577,30.843,-90.511,0,12,1,0,1,1,0,1,1,10,0,10,0,0,17,49,18,1,88,88,19,0,0,3,1,1
22,220349,2,2,0,0,0,2,2,61,2070,27,7,2016,4,10,33,1,2,1,1,1,I-20,,896,32.54,-92.571,0,12,7,0,1,1,0,1,1,1,0,1,0,0,10,34,10,39,11,10,0,0,0,1,0,1
22,220350,2,2,0,0,0,2,2,59,0,13,7,2016,4,15,27,0,1,5,1,3,SR-127,,307,31.864,-92.22,0,24,0,0,1,1,0,4,1,1,0,1,0,0,15,32,15,44,88,88,0,0,0,1,1,2
22,220351,1,1,0,0,0,1,1,69,0,13,7,2016,4,17,50,0,1,5,1,3,SR-9,,87,32.001,-93.042,0,42,0,0,1,1,0,4,1,1,0,1,0,0,17,56,18,15,88,88,0,0,0,1,0,2
22,220352,2,2,0,0,0,4,4,5,0,14,7,2016,5,5,55,0,1,3,1,3,SR-1,,1135,30.121,-91.053,0,12,2,0,1,1,0,1,4,1,0,1,0,0,5,59,6,20,7,19,0,0,0,2,0,1
22,220353,1,1,0,0,0,1,1,21,0,14,7,2016,5,5,25,0,1,5,1,3,SR-4,,962,32.103,-92.149,0,35,0,0,1,1,0,4,2,1,0,1,0,0,5,32,5,41,88,88,0,0,0,1,0,2
22,220354,2,2,0,0,0,3,3,73,0,14,7,2016,5,19,20,1,2,1,1,1,I-20,,1233,32.49,-92.005,0,12,8,0,1,1,0,1,1,1,0,1,0,0,19,22,19,29,20,44,0,0,0,1,0,1
22,220355,1,1,0,1,1,1,1,73,2022,14,7,2016,5,21,5,1,2,3,1,2,US-165,TICHELLI ROAD,1753,32.467,-92.082,0,8,0,0,2,2,0,1,2,2,0,2,0,0,21,8,21,15,88,88,0,0,0,1,0,0
22,220358,2,2,0,0,0,2,2,51,0,20,7,2016,4,22,55,1,2,3,1,2,US-90,,2472,29.91,-90.183,0,12,2,0,7,1,0,1,2,1,0,1,0,0,22,57,23,2,23,27,0,0,0,1,1,0
22,220359,1,1,0,1,1,1,1,51,1125,21,7,2016,5,0,5,1,2,3,1,2,US-90,CLAIBORNE CT,2521,29.963,-90.16,0,8,0,0,2,3,0,1,3,1,0,1,0,0,0,8,0,12,0,30,0,0,0,1,1,0
22,220361,1,1,0,1,1,1,1,57,850,29,7,2016,6,22,34,1,2,4,1,3,SR-1,,243,29.367,-90.258,0,8,0,0,1,1,0,1,3,1,0,1,0,0,22,36,22,40,23,5,0,0,0,1,0,1
22,220362,1,1,0,1,1,1,1,5,0,14,5,2016,7,22,38,1,1,1,1,1,I-10,,1745,30.257,-90.978,0,8,0,0,1,1,4,1,2,1,0,1,0,0,88,88,88,88,88,88,0,0,0,1,0,1
22,220363,2,1,1,0,1,1,2,89,0,5,6,2016,1,1,0,1,2,1,1,1,I-10,,2197,30.013,-90.308,0,14,0,0,1,1,0,2,2,10,0,10,0,0,1,21,1,32,99,99,0,0,0,1,1,1
22,220365,1,1,0,0,0,1,1,121,1920,2,8,2016,3,21,0,0,2,4,1,3,SR-1,SR-987-1,1731,30.506,-91.208,0,35,0,1,3,2,0,4,2,1,0,1,0,0,21,14,21,22,21,55,0,0,0,1,1,1
22,220367,3,3,0,0,0,3,3,73,9898,4,8,2016,5,9,45,0,2,4,1,3,SR-139,,2,32.531,-92.032,0,12,8,0,1,1,0,1,1,1,0,1,0,0,9,46,10,10,10,44,0,0,0,1,0,1
22,220368,1,1,0,0,0,1,1,5,9898,6,8,2016,7,23,20,1,2,3,1,3,SR-44,,15,30.302,-90.922,0,32,0,0,1,1,0,4,2,1,0,1,0,0,23,32,23,40,88,88,0,0,0,1,0,2
22,220369,1,1,0,0,0,1,1,27,0,14,8,2016,1,8,6,0,1,5,1,3,SR-9,,655,32.69,-93.04,0,10,0,0,1,1,0,5,1,10,0,10,0,852042N,8,10,8,25,88,88,0,0,0,1,0,2
22,220371,2,2,0,0,0,4,4,99,0,14,8,2016,1,10,4,1,1,1,1,1,I-10,,1237,30.349,-91.698,0,12,7,0,1,1,0,1,1,10,0,10,0,0,10,10,10,16,10,51,0,0,0,1,0,1
22,220372,1,1,0,0,0,1,1,119,0,17,8,2016,4,23,59,1,1,1,1,1,I-20,,521,32.572,-93.209,0,42,0,0,1,1,0,4,2,1,0,1,0,0,0,3,0,15,88,88,0,0,0,1,0,1
22,220373,2,2,0,0,0,2,2,97,0,20,8,2016,7,2,5,1,1,1,1,1,I-49,,158,30.474,-92.078,0,12,2,0,1,1,0,1,2,1,0,1,0,0,2,14,2,26,99,99,0,0,0,2,1,0
22,220374,1,1,0,1,1,1,1,121,9898,20,8,2016,7,2,27,1,2,3,1,2,US-190,,1734,30.507,-91.203,0,8,0,0,1,1,0,1,2,1,0,1,0,0,88,88,88,88,88,88,0,0,0,1,1,0
22,220375,2,2,0,0,0,3,3,69,0,22,8,2016,2,15,4,1,1,1,1,1,I-49,,1466,31.82,-93.237,0,12,6,0,1,1,0,1,1,10,0,10,0,0,15,4,15,18,16,44,0,0,0,1,0,0
22,220376,2,2,0,0,0,3,3,113,0,24,8,2016,4,15,46,0,1,5,1,3,SR-82,,1238,29.867,-92.177,0,12,6,0,1,1,0,1,1,1,0,1,0,0,15,54,16,7,16,43,0,0,0,1,0,2
22,220378,2,2,0,0,0,2,2,57,9898,29,8,2016,2,5,6,1,2,4,1,3,SR-1,,238,29.361,-90.254,0,12,2,0,1,1,0,1,2,2,0,2,0,0,5,9,5,16,6,50,0,0,0,1,1,1
22,220379,2,2,0,0,0,10,10,77,0,31,8,2016,4,15,15,0,1,4,1,3,SR-10,SR-10 BUSINESS,1359,30.726,-91.433,0,12,6,0,2,2,0,1,1,1,0,1,0,0,15,23,15,31,16,13,0,0,0,1,0,2
22,220383,1,1,0,0,0,1,1,47,2082,6,8,2016,7,2,41,0,1,6,1,3,SR-141,,10,30.206,-91.11,0,35,0,0,1,1,0,4,3,1,0,1,0,0,2,41,2,47,88,88,0,0,0,1,1,2
22,220384,2,2,0,0,0,3,3,69,1650,9,8,2016,3,12,52,1,2,3,1,3,SR-6,,445,31.746,-93.121,0,12,6,0,8,1,0,1,1,1,0,1,0,0,12,52,12,58,88,88,0,0,0,1,0,2
22,220387,1,1,0,0,0,2,2,17,2130,20,8,2016,7,2,41,1,2,1,1,1,I-20,,183,32.501,-93.751,0,1,0,0,1,1,0,1,3,1,0,1,0,0,2,38,2,46,3,2,0,0,0,1,1,1
22,220389,2,2,0,0,0,3,3,1,520,4,9,2016,1,21,21,1,1,1,1,1,I-10,,831,30.235,-92.354,0,12,2,0,1,1,0,1,5,1,0,1,0,0,21,22,21,25,22,3,0,0,0,1,1,1
22,220390,2,2,0,0,0,2,2,33,150,16,9,2016,6,16,57,0,2,3,1,3,SR-30,ASTER STREET,16,30.419,-91.188,0,12,6,0,2,2,0,1,1,2,0,2,0,0,99,99,99,99,99,99,0,0,0,1,0,1
22,220391,1,1,0,1,1,2,2,105,980,18,9,2016,1,0,19,1,2,1,1,1,I-12,,400,30.479,-90.462,0,8,0,0,1,1,0,1,2,1,0,1,0,0,0,25,0,35,88,88,0,0,0,1,0,1
22,220392,1,1,0,0,0,2,2,33,150,18,9,2016,1,1,21,1,2,1,1,1,I-12,,71,30.442,-91.008,0,42,0,1,19,1,0,4,3,1,0,1,0,0,99,99,99,99,99,99,0,0,0,1,0,1
22,220407,2,2,0,0,0,3,3,119,0,21,6,2016,3,14,45,0,1,5,1,2,US-80,,533,32.594,-93.219,0,12,2,0,1,1,0,1,1,1,0,1,0,0,14,47,14,57,15,39,0,0,0,1,1,1
22,220410,2,2,0,0,0,12,12,47,0,27,6,2016,2,13,30,0,2,5,1,3,SR-75,,149,30.201,-91.317,0,12,6,0,8,1,0,1,1,1,0,1,0,0,13,32,13,42,15,6,0,0,0,1,0,1
22,220412,2,2,0,0,0,2,2,71,1690,4,9,2016,1,5,30,0,1,4,1,2,US-90,,2760,30.075,-89.861,0,12,2,0,1,1,0,1,4,1,0,1,0,0,99,99,99,99,99,99,0,0,0,1,0,0
22,220416,1,1,0,1,1,1,1,101,1600,18,9,2016,1,2,29,0,1,4,1,2,US-90,,14,29.693,-91.178,0,8,0,0,1,1,0,1,3,10,0,10,0,0,2,32,2,42,88,88,0,0,0,1,0,0
22,220423,2,2,0,0,0,2,2,51,1545,14,7,2016,5,2,51,1,2,1,1,1,I-10,,2284,29.998,-90.167,0,12,1,0,1,1,0,1,3,1,0,1,0,0,2,54,3,4,3,32,0,0,0,1,1,1
22,220424,1,1,0,0,0,11,11,39,0,28,7,2016,5,14,54,1,1,1,1,1,I-49,,454,30.84,-92.229,0,1,0,0,1,1,0,4,1,2,0,2,0,0,15,5,15,9,16,46,0,0,0,1,0,0
22,220427,1,1,0,1,1,4,4,105,0,4,8,2016,5,4,33,0,2,4,1,2,US-51,JERICHO RD,362,30.536,-90.483,0,8,0,0,3,3,0,1,2,10,0,10,0,0,4,36,4,40,88,88,0,0,0,1,0,0
22,220429,1,1,0,0,0,1,1,47,2430,9,8,2016,3,17,55,0,1,5,1,3,SR-69,,88,30.138,-91.159,0,35,0,0,1,1,0,4,1,1,0,1,0,0,18,2,18,16,18,49,0,0,0,1,0,2
22,220431,1,1,0,1,1,1,1,33,150,26,11,2016,7,2,41,1,2,3,1,2,US-61 AIRLINE HWY,,751,30.456,-91.098,0,8,0,0,1,1,0,1,3,1,0,1,0,0,2,42,2,51,3,5,0,0,0,1,0,0
22,220435,3,3,0,0,0,3,3,71,1690,14,9,2016,4,8,30,1,2,1,1,1,I-10,,2539,30.136,-89.871,0,26,0,0,1,1,0,4,1,1,0,1,0,0,99,99,99,99,99,99,14,19,0,1,1,1
22,220440,3,3,0,0,0,6,6,53,2390,30,9,2016,6,22,6,1,1,1,1,1,I-10,,549,30.247,-92.823,0,12,6,1,18,1,0,1,3,1,0,1,0,0,22,6,22,13,99,99,0,0,0,1,0,1
22,220444,6,1,5,4,4,1,1,71,1690,2,10,2016,1,16,57,1,2,3,1,2,US-61 AIRLINE HWY,,11,29.969,-90.107,0,23,0,0,1,1,0,3,1,1,0,1,0,0,16,57,99,99,17,14,0,0,0,3,0,0
22,220450,2,2,0,0,0,2,2,19,0,19,8,2016,6,6,5,1,1,1,1,1,I-10,,404,30.248,-93.064,0,12,7,0,1,1,0,1,4,5,0,5,0,0,6,6,6,25,88,88,0,0,0,1,0,1
22,220451,2,2,0,0,0,2,2,19,0,20,8,2016,7,4,25,0,1,4,1,3,SR-27,,953,30.366,-93.402,0,12,2,0,1,1,0,1,2,1,0,1,0,0,4,30,4,41,5,47,0,0,0,1,0,2
22,220452,1,1,0,1,1,2,2,97,0,20,8,2016,7,5,25,0,1,4,1,3,SR-93,,250,30.407,-91.986,0,8,0,0,1,1,0,1,2,1,0,1,0,0,5,31,5,47,88,88,0,0,0,1,0,0
22,220455,5,5,0,3,3,41,41,95,0,28,8,2016,1,7,17,1,1,1,1,1,I-10,,2038,30.111,-90.543,0,12,7,0,1,1,0,1,1,1,0,1,0,0,99,99,7,53,8,37,19,23,27,3,0,1
22,220457,1,1,0,0,0,1,1,57,9898,30,8,2016,3,9,59,1,2,2,1,2,US-90,,2157,29.704,-90.576,0,1,0,0,5,1,0,1,1,1,0,1,0,0,9,56,10,3,10,18,0,0,0,1,0,0
22,220458,1,1,0,1,1,1,1,45,0,3,9,2016,7,20,17,1,2,3,1,2,US-90,,1298,29.974,-91.845,0,8,0,0,1,1,0,1,2,1,0,1,0,0,20,21,20,30,88,88,0,0,0,1,0,0
22,220460,1,1,0,0,0,1,1,53,0,7,9,2016,4,16,42,1,1,3,1,2,US-165,,65,30.314,-92.946,0,1,0,0,1,1,0,3,1,10,0,10,0,0,16,53,17,2,18,28,0,0,0,1,0,0
22,220462,2,2,0,0,0,2,2,109,2117,9,9,2016,6,0,2,0,1,3,1,3,SR-20,DEVIL'S SWAMP ROAD,136,29.755,-90.817,0,12,7,0,3,2,0,1,3,10,0,10,0,0,0,9,0,14,88,88,0,0,0,1,1,2
22,220464,1,1,0,0,0,2,2,97,0,9,9,2016,6,16,30,0,1,5,1,3,SR-115,,154,30.407,-91.986,0,34,0,0,1,1,0,4,1,1,0,1,0,0,16,39,16,55,17,37,0,0,0,1,0,2
22,220465,2,2,0,0,0,3,3,5,1953,9,9,2016,6,21,20,1,1,3,1,2,US-61,SR-73,619,30.304,-90.973,0,12,1,0,3,3,0,1,3,10,0,10,0,0,99,98,99,98,88,88,0,0,0,1,1,0
22,220467,2,2,0,0,0,2,2,65,0,14,9,2016,4,15,8,1,1,3,1,2,US-65,E BEAR LAKE RD,637,32.501,-91.157,0,12,6,0,3,3,0,1,1,1,0,1,0,0,15,14,15,24,88,88,0,0,0,1,0,0
22,220473,2,2,0,0,0,2,2,47,0,2,8,2016,3,21,48,1,1,1,1,1,I-10,,1278,30.369,-91.627,0,12,1,0,1,1,0,1,2,1,0,1,0,0,21,50,22,1,88,88,0,0,0,1,0,1
22,220474,2,2,0,0,0,2,2,119,599,14,7,2016,5,22,0,1,2,1,1,1,I-20,,448,32.592,-93.332,0,12,6,0,1,1,1,1,2,1,0,1,0,0,22,1,22,16,23,4,19,23,0,1,0,1
22,220478,7,7,0,0,0,10,10,119,0,31,8,2016,4,17,28,1,1,1,1,1,I-20,,420,32.584,-93.377,0,12,1,0,1,1,1,1,1,1,0,1,0,0,17,32,17,32,18,26,26,0,0,1,0,1
22,220479,2,2,0,0,0,3,3,119,2115,21,9,2016,4,15,36,0,1,5,1,3,SR-2,,500,32.945,-93.317,0,12,2,0,1,1,0,1,1,1,0,1,1,0,15,40,15,53,88,88,0,0,0,2,1,2
22,220480,1,1,0,0,0,2,2,77,0,14,9,2016,4,22,5,0,1,5,1,3,SR-10,,1230,30.736,-91.625,0,53,0,0,1,1,0,4,2,1,0,1,0,0,22,10,22,30,23,6,0,0,0,1,1,2
22,220481,3,3,0,0,0,4,4,1,0,21,9,2016,4,19,35,0,1,5,1,3,SR-97,,88,30.308,-92.585,0,12,1,0,1,1,0,1,5,1,0,1,0,0,19,32,19,45,20,48,0,0,0,1,0,2
22,220482,2,2,0,0,0,2,2,31,0,23,9,2016,6,8,50,1,1,3,1,2,US-84,SR-191,71,31.962,-93.893,0,12,6,0,2,2,0,1,1,1,0,1,0,0,8,53,8,56,10,12,0,0,0,1,0,0
22,220483,1,1,0,0,0,1,1,19,2205,23,9,2016,6,99,99,0,1,5,1,3,SR-109,,67,30.257,-93.641,0,1,0,0,1,1,0,4,1,1,0,1,0,0,10,19,10,32,88,88,0,0,0,1,1,2
22,220484,1,1,0,0,0,1,1,27,1050,24,9,2016,7,99,99,0,1,4,1,2,US-79,,637,32.732,-93.135,0,1,0,0,1,1,0,4,2,1,0,1,0,0,2,37,2,58,88,88,0,0,0,1,1,0
22,220485,1,1,0,1,1,1,1,67,0,25,9,2016,1,0,34,0,1,3,1,2,US-165,,1992,32.768,-91.954,0,8,0,0,1,1,0,1,2,1,0,1,0,0,0,34,0,43,0,54,0,0,0,1,0,0
22,220486,2,2,0,0,0,2,2,59,2431,28,9,2016,4,7,57,1,1,3,1,2,US-84,,1396,31.62,-92.035,0,12,2,0,1,1,0,1,1,1,0,1,0,0,8,1,8,13,88,88,0,0,0,1,0,0
22,220487,2,2,0,0,0,2,2,63,570,29,9,2016,5,8,55,1,2,3,1,2,US-190,GREY EAGLE,1922,30.484,-90.936,0,12,2,0,2,3,0,1,1,1,0,1,0,0,8,58,9,5,9,51,0,0,0,1,0,0
22,220489,1,1,0,0,0,1,1,25,0,4,10,2016,3,99,99,0,1,5,1,3,SR-124,,503,31.858,-91.793,0,42,0,0,1,1,0,4,2,1,0,1,0,0,6,37,7,23,88,88,0,0,0,1,0,1
22,220490,1,1,0,0,0,1,1,57,1970,7,10,2016,6,99,99,0,2,5,1,3,SR-308,,418,29.743,-90.701,0,59,0,0,1,1,0,4,2,1,0,1,0,0,3,18,3,29,88,88,0,0,0,1,1,2
22,220494,2,2,0,0,0,3,3,111,0,7,10,2016,6,14,15,0,1,5,1,3,SR-33,,314,32.858,-92.299,0,12,2,0,1,1,0,1,1,1,0,1,0,0,14,18,14,28,88,88,0,0,0,1,0,1
22,220496,1,1,0,0,0,2,2,85,0,9,10,2016,1,0,20,1,1,3,1,3,SR-6,,126,31.519,-93.549,0,43,0,0,1,1,0,4,2,1,0,1,0,0,0,27,0,37,2,3,0,0,0,1,0,2
22,220503,1,1,0,0,0,1,1,69,0,20,10,2016,5,23,52,1,1,1,1,1,I-49,,1462,31.817,-93.232,0,1,0,0,1,1,0,1,2,1,0,1,0,0,0,5,0,14,1,46,0,0,0,1,0,0
22,220504,2,2,0,0,0,2,2,63,0,22,10,2016,7,5,15,0,2,4,1,3,SR-16,,308,30.585,-90.954,0,12,2,0,1,1,0,1,2,1,0,1,0,0,5,27,5,37,6,34,0,0,0,1,0,2
22,220505,3,3,0,0,0,3,3,33,150,24,10,2016,2,6,29,1,1,3,1,2,US-61,FLANACHER RD,939,30.67,-91.26,0,12,6,0,2,3,0,1,4,1,0,1,0,0,88,88,88,88,88,88,0,0,0,1,0,0
22,220508,1,1,0,0,0,1,1,3,1210,26,10,2016,4,0,51,1,1,3,1,2,US-165,,275,30.579,-92.789,0,1,0,0,1,1,0,4,2,1,0,1,0,0,0,50,0,56,88,88,0,0,0,1,0,0
22,220513,2,2,0,0,0,3,3,11,0,24,9,2016,7,5,54,1,1,5,1,3,SR-109,,179,30.413,-93.673,0,12,2,0,1,1,0,1,1,10,0,10,0,0,5,57,6,25,8,27,0,0,0,1,1,2
22,220519,1,1,0,1,1,1,1,15,1992,26,10,2016,4,5,7,0,1,4,1,2,US-79,,289,32.556,-93.613,0,8,0,0,1,1,0,1,2,1,0,1,0,0,5,9,5,11,88,88,0,0,0,1,0,0
22,220535,2,2,0,0,0,2,2,55,1230,24,11,2016,5,1,24,1,2,3,1,2,US-90,,1109,30.195,-91.996,0,12,1,0,1,1,0,1,2,1,0,1,0,0,1,25,1,30,88,88,0,0,0,1,2,0
22,220536,1,1,0,1,1,1,1,47,2082,29,11,2016,3,17,51,0,2,5,1,3,SR-75,,337,30.231,-91.106,0,8,0,0,1,1,0,1,2,10,0,10,0,0,17,50,17,55,88,88,0,0,0,1,0,1
22,220537,2,2,0,0,0,2,2,5,2189,1,11,2016,3,10,51,1,2,3,1,2,US-61,,518,30.196,-90.86,0,12,1,0,1,1,0,1,1,1,0,1,0,0,10,54,11,11,88,88,0,0,0,2,0,0
22,220541,2,2,0,0,0,3,3,53,0,7,11,2016,2,23,32,1,1,1,1,1,I-10,,576,30.247,-92.778,0,12,1,0,1,1,0,1,2,1,0,1,0,0,23,35,23,49,88,88,0,0,0,1,0,1
22,220542,3,3,0,0,0,4,4,89,0,7,11,2016,2,17,56,1,2,3,1,2,US-61,,174,29.99,-90.371,0,33,0,0,1,1,0,3,2,10,0,10,0,0,17,58,18,7,19,16,0,0,0,1,0,0
22,220545,2,2,0,0,0,2,2,9,480,14,11,2016,2,14,42,0,1,4,1,3,SR-29,,471,30.988,-92.089,0,12,2,0,1,1,0,1,1,1,0,1,0,0,14,44,14,55,88,88,0,0,0,2,0,2
22,220546,2,2,0,0,0,2,2,79,0,14,11,2016,2,18,51,1,1,1,1,1,I-49,,585,30.996,-92.328,0,12,7,0,1,1,0,1,2,1,0,1,0,0,19,1,19,18,20,6,0,0,0,1,0,0
22,220547,2,2,0,0,0,3,3,69,1650,15,11,2016,3,18,8,1,2,3,1,3,SR-6,,492,31.794,-93.088,0,12,2,0,1,1,0,1,2,1,0,1,0,0,18,12,18,36,19,1,0,0,0,1,1,2
22,220549,1,1,0,0,0,1,1,39,2320,15,11,2016,3,13,44,0,1,4,1,3,SR-10,,658,30.701,-92.341,0,32,0,0,1,1,0,4,1,1,0,1,0,0,13,43,14,15,15,8,0,0,0,1,1,2
22,220551,2,2,0,0,0,2,2,73,0,17,11,2016,5,8,14,1,1,1,1,1,I-20,,1265,32.485,-91.95,0,12,1,0,1,1,0,1,1,1,0,1,0,0,8,15,8,28,9,15,0,0,0,1,0,1
22,220552,1,1,0,0,0,1,1,77,9898,17,11,2016,5,23,15,0,2,4,1,3,SR-1,,1668,30.612,-91.444,0,53,0,0,1,1,0,4,2,1,0,1,0,0,23,13,23,23,88,88,0,0,0,1,1,1
22,220553,2,2,0,0,0,3,3,127,0,18,11,2016,6,17,35,0,1,5,3,3,SR-34,,419,32.112,-92.547,0,12,2,0,1,1,0,1,5,2,0,2,0,0,17,39,18,6,18,52,0,0,0,1,1,2
22,220555,1,1,0,0,0,1,1,13,0,21,11,2016,2,5,20,1,1,1,1,1,I-20,,616,32.563,-93.046,0,57,0,0,1,1,0,3,2,1,0,1,0,0,99,98,99,98,88,88,0,0,0,1,0,1