STATE,ST_CASE,VE_TOTAL,VE_FORMS,PVH_INVL,PEDS,PERNOTMVIT,PERMVIT,PERSONS,COUNTY,CITY,DAY,MONTH,YEAR,DAY_WEEK,HOUR,MINUTE,NHS,RUR_URB,FUNC_SYS,RD_OWNER,ROUTE,TWAY_ID,TWAY_ID2,MILEPT,LATITUDE,LONGITUD,SP_JUR,HARM_EV,MAN_COLL,RELJCT1,RELJCT2,TYP_INT,WRK_ZONE,REL_ROAD,LGT_COND,WEATHER1,WEATHER2,WEATHER,SCH_BUS,RAIL,NOT_HOUR,NOT_MIN,ARR_HOUR,ARR_MIN,HOSP_HR,HOSP_MN,CF1,CF2,CF3,FATALS,DRUNK_DR,RANK
22,220559,3,3,0,0,0,8,8,117,0,6,8,2016,7,11,13,0,1,6,1,3,SR-10,,2398,30.857,-90.041,0,12,8,0,1,1,0,1,1,1,0,1,0,0,11,14,11,24,12,17,14,0,0,1,0,2
22,220560,1,1,0,1,1,2,2,105,1645,19,8,2016,6,23,14,0,2,4,1,2,US-51,,370,30.548,-90.483,0,8,0,0,1,1,0,1,2,1,0,1,0,0,23,10,23,15,88,88,0,0,0,1,0,0
22,220561,3,3,0,0,0,3,3,77,0,20,8,2016,7,13,25,1,1,3,1,2,US-190,SR-978,1551,30.553,-91.49,0,12,1,0,2,2,0,1,1,1,0,1,0,0,13,18,13,37,88,88,0,0,0,1,0,0
22,220562,1,1,0,1,1,1,1,105,0,25,8,2016,5,4,45,0,2,4,1,2,US-190,,2150,30.504,-90.556,0,8,0,0,1,1,0,1,2,1,0,1,0,0,1,10,1,25,88,88,0,0,0,1,0,0
22,220563,3,3,0,0,0,5,5,103,2180,5,9,2016,2,12,15,1,2,1,1,1,I-10,,2637,30.242,-89.766,0,12,2,0,1,1,0,1,1,2,0,2,0,0,99,99,99,99,99,99,0,0,0,1,0,1
22,220564,2,2,0,0,0,3,3,117,0,11,9,2016,1,2,55,1,1,3,1,3,SR-21,,311,30.72,-89.857,0,12,2,0,1,1,0,1,2,1,0,1,0,0,2,58,3,11,3,37,0,0,0,1,0,2
22,220565,1,1,0,0,0,2,2,13,0,16,9,2016,6,17,15,0,1,5,1,3,SR-4,,99999,100,1000,0,42,0,0,1,1,0,4,1,1,0,1,0,0,17,21,17,34,88,88,0,0,0,2,1,2
22,220566,2,2,0,0,0,2,2,39,1390,18,9,2016,1,2,8,0,1,4,1,3,SR-13,,483,30.649,-92.426,0,12,2,0,1,1,0,1,2,5,0,5,0,0,2,14,2,36,3,37,0,0,0,1,1,2
22,220568,3,3,0,0,0,5,5,103,2180,21,10,2016,6,20,5,1,2,1,1,1,I-10,,2672,30.291,-89.747,0,12,1,0,1,1,0,1,2,1,0,1,0,0,20,9,20,15,20,40,23,0,0,1,0,1
22,220571,2,2,0,0,0,2,2,45,9898,28,10,2016,6,2,20,1,2,3,1,2,US-90,,1267,30.004,-91.884,0,12,2,0,1,1,0,1,2,1,0,1,0,0,2,51,2,33,88,88,0,0,0,2,2,0
22,220573,3,3,0,3,3,1,1,99,1026,22,11,2016,3,1,0,1,2,1,1,1,I-10,,1147,30.314,-91.843,0,12,6,0,1,1,0,1,6,1,0,1,0,0,1,20,1,27,2,40,23,0,0,1,0,1
22,220575,1,1,0,0,0,1,1,69,0,7,11,2016,2,18,25,0,1,5,1,3,SR-117,,406,31.703,-93.217,0,43,0,0,1,1,0,4,2,1,0,1,0,0,18,28,18,31,19,2,0,0,0,1,1,2
22,220579,4,4,0,0,0,2,2,71,1690,5,6,2016,1,2,24,1,2,1,1,1,I-10,ESPLANADE,2367,29.97,-90.068,0,12,1,1,18,1,0,1,3,1,0,1,0,0,2,24,2,31,2,40,19,23,0,1,1,1
22,220581,2,2,0,0,0,2,2,71,1690,9,7,2016,7,20,58,0,1,4,1,2,US-11,,51,30.146,-89.861,0,12,99,0,1,1,0,1,2,10,0,10,0,0,20,58,21,5,99,99,0,0,0,1,0,0
22,220582,1,1,0,1,1,2,2,71,1690,30,7,2016,7,13,45,1,1,1,1,1,I-10,,2540,30.137,-89.87,0,8,0,0,1,1,0,2,1,1,0,1,0,0,13,45,13,52,14,18,23,0,0,1,0,1
22,220583,2,2,0,0,0,6,6,79,659,13,9,2016,3,6,51,0,1,4,1,3,SR-1,SANDY LANE,2455,31.111,-92.241,0,12,6,0,2,2,0,1,1,1,0,1,0,0,6,55,7,6,7,41,0,0,0,1,0,1
22,220584,1,1,0,0,0,1,1,63,0,16,9,2016,6,1,0,0,2,4,1,2,US-190,,2006,30.503,-90.799,0,11,0,0,1,1,0,1,2,1,0,1,0,0,1,16,1,26,88,88,0,0,0,1,0,0
22,220586,1,1,0,0,0,2,2,117,0,23,9,2016,6,18,10,0,1,6,1,3,SR-436,,251,30.836,-89.832,0,30,0,0,1,1,0,4,2,1,0,1,0,0,20,15,20,30,21,30,0,0,0,1,1,2
22,220587,1,1,0,0,0,2,2,37,0,26,9,2016,2,13,55,0,1,5,1,3,SR-68,,86,30.802,-91.208,0,24,0,0,1,1,0,4,1,10,0,10,0,0,14,1,14,16,15,28,0,0,0,1,1,2
22,220588,1,1,0,0,0,1,1,31,0,26,9,2016,2,20,2,1,1,1,1,1,I-49,,1878,32.229,-93.72,0,1,0,0,1,1,0,4,2,1,0,1,0,0,20,52,20,15,20,59,0,0,0,1,0,0
22,220590,2,2,0,0,0,5,5,103,0,7,10,2016,6,1,28,1,1,1,1,1,I-12,,645,30.424,-90.062,0,12,2,0,1,1,0,1,2,1,0,1,0,0,1,29,1,35,2,0,0,0,0,1,1,1
22,220592,1,1,0,0,0,1,1,3,0,26,9,2016,2,16,20,0,1,4,1,2,US-190,,640,30.516,-92.985,0,42,0,0,1,1,0,4,1,1,0,1,0,0,16,21,16,26,17,3,0,0,0,1,0,0
22,220593,1,1,0,1,1,1,1,33,2490,11,7,2016,2,10,34,0,2,4,1,3,SR-64,,25,30.653,-91.206,0,9,0,0,1,1,0,1,1,1,0,1,0,0,10,35,10,43,11,1,16,0,0,1,0,2
22,220598,3,3,0,1,1,2,2,53,747,7,8,2016,1,17,36,1,2,3,1,2,US-165,,104,30.364,-92.919,0,12,1,0,1,1,0,1,1,1,0,1,0,0,17,43,18,4,18,59,0,0,0,1,0,0
22,220602,1,1,0,1,1,1,1,53,0,23,10,2016,1,23,50,1,1,3,1,2,US-165,,17,30.251,-92.982,0,8,0,0,1,1,0,1,2,1,0,1,0,0,23,50,0,8,1,12,0,0,0,1,0,0
22,220603,1,1,0,0,0,1,1,1,1980,20,11,2016,1,2,20,0,1,4,1,2,US-90,,942,30.235,-92.248,0,32,0,0,1,1,0,4,6,1,0,1,0,0,2,28,2,40,88,88,0,0,0,1,1,0
22,220604,1,1,0,0,0,1,1,33,150,24,11,2016,5,3,50,1,2,3,1,3,SR-30,,54,30.372,-91.159,0,32,0,0,1,1,0,4,2,1,0,1,0,0,3,51,3,58,88,88,0,0,0,1,1,1
22,220608,1,1,0,0,0,1,1,63,0,29,8,2016,2,13,48,0,1,5,1,3,SR-40,,6,30.643,-90.61,0,1,0,0,1,1,0,4,1,1,0,1,0,0,13,50,14,3,88,88,0,0,0,1,1,0
22,220609,2,2,0,0,0,2,2,71,1690,21,5,2016,7,7,20,1,2,1,1,1,I-10,,2480,30.066,-89.932,0,12,1,0,1,1,0,1,1,1,0,1,0,0,7,20,7,25,7,48,0,0,0,1,1,1
22,220620,2,1,1,0,1,1,2,49,700,13,7,2016,4,13,46,0,1,6,1,3,SR-4,,99999,100,1000,0,45,0,0,1,1,2,4,1,1,0,1,0,0,13,47,13,53,99,99,0,0,0,1,0,2
22,220621,2,2,0,0,0,2,2,95,0,13,10,2016,5,17,15,1,1,1,1,1,I-55,,126,30.254,-90.402,0,12,7,0,1,1,0,1,1,1,0,1,0,0,17,19,17,44,18,45,0,0,0,1,0,1
22,220622,2,2,0,0,0,2,2,95,0,22,12,2016,5,5,11,1,1,3,1,2,US-61 AIRLINE HWY,,239,30.05,-90.455,0,12,6,0,7,1,0,1,2,1,0,1,0,0,5,16,5,23,5,50,0,0,0,1,0,0
22,220623,2,2,0,0,0,6,6,63,0,20,12,2016,3,0,30,1,1,1,1,1,I-12,,319,30.476,-90.597,0,12,1,0,1,1,0,1,2,1,0,1,0,0,0,35,0,47,1,28,0,0,0,1,0,1
22,220626,1,1,0,1,1,1,1,3,1740,8,9,2016,5,5,26,1,1,3,1,2,US-165,,458,30.826,-92.659,0,9,0,0,1,1,0,1,3,1,0,1,0,0,5,26,5,39,5,53,0,0,0,1,0,0
22,220627,2,2,0,0,0,4,4,53,0,10,9,2016,7,11,51,0,1,4,1,3,SR-26,,611,30.286,-92.672,0,54,11,0,1,1,0,1,1,1,0,1,0,0,11,51,11,56,12,22,14,0,0,1,0,1
22,220628,1,1,0,0,0,1,1,63,0,20,9,2016,3,23,40,1,1,3,1,3,SR-16,,249,30.502,-90.956,0,33,0,0,1,1,0,4,2,1,0,1,0,0,23,46,0,13,0,55,0,0,0,1,1,2
22,220630,2,2,0,0,0,2,2,63,0,16,10,2016,1,15,7,1,1,1,1,1,I-12,,243,30.475,-90.724,0,7,0,0,1,1,0,1,1,1,0,1,0,0,15,8,15,22,15,58,0,0,0,1,0,1
22,220631,1,1,0,0,0,1,1,47,2082,31,10,2016,2,11,6,1,1,3,1,3,SR-30,BAYOU PAUL LANE,112,30.296,-91.117,0,32,0,0,3,2,0,4,1,1,0,1,0,0,99,99,11,19,99,99,0,0,0,1,0,1
22,220635,2,2,0,0,0,2,2,63,1315,5,11,2016,7,23,50,1,1,1,1,1,I-12,,213,30.474,-90.773,0,12,1,0,1,1,0,1,2,1,0,1,0,0,23,50,0,31,1,50,0,0,0,1,1,1
22,220640,2,2,0,0,0,2,2,11,590,17,11,2016,5,17,3,1,2,3,1,2,US-190,,199,30.841,-93.343,0,12,6,0,8,1,0,1,5,99,0,99,0,0,17,6,17,12,18,38,0,0,0,1,0,0
22,220641,2,2,0,0,0,2,2,97,0,17,11,2016,5,6,45,0,1,4,1,2,US-71,NURSING HOME ROAD,167,30.698,-91.947,0,12,6,0,2,2,0,1,4,1,0,1,0,0,6,58,7,30,8,14,0,0,0,1,0,0
22,220642,1,1,0,0,0,1,1,47,0,24,11,2016,5,5,40,1,1,1,1,1,I-10,,1392,30.414,-91.45,0,42,0,0,1,1,0,4,2,5,0,5,0,0,5,44,5,58,7,11,0,0,0,1,0,1
22,220643,2,2,0,1,1,2,2,19,1250,18,12,2016,1,1,55,0,2,5,1,2,US-90,,16,30.228,-93.187,0,12,1,0,1,1,0,1,3,2,0,2,0,0,1,56,2,0,2,24,0,0,0,1,0,0
22,220644,1,1,0,0,0,1,1,81,0,23,12,2016,6,18,15,0,1,4,1,2,US-71,,1649,32.225,-93.414,0,35,0,0,1,1,0,4,2,10,0,10,0,0,18,18,18,36,20,7,0,0,0,1,0,0
22,220645,1,1,0,0,0,1,1,127,0,12,12,2016,2,8,35,0,1,4,1,2,US-71,,1161,31.75,-93.937,0,43,0,0,1,1,0,4,1,1,0,1,0,0,8,38,9,7,10,8,0,0,0,1,0,0
22,220654,2,2,0,0,0,6,6,103,2180,4,12,2016,1,17,49,1,2,1,1,1,I-10,,2626,30.23,-89.776,0,12,6,0,1,1,0,1,2,2,0,2,0,0,17,54,11,21,19,45,0,0,0,1,0,1
22,220657,1,1,0,0,0,1,1,103,2180,12,12,2016,2,14,58,1,2,1,1,1,I-59,,8,30.311,-89.74,0,42,0,0,1,1,0,4,1,1,0,1,0,0,15,2,15,7,16,13,0,0,0,1,0,1
22,220658,1,1,0,0,0,1,1,97,0,13,12,2016,3,10,28,0,1,4,1,2,US-71,,248,30.821,-92.078,0,59,0,0,1,1,0,4,1,2,0,2,0,0,10,32,11,10,11,48,0,0,0,1,0,0
22,220669,2,2,0,0,0,3,3,7,0,27,12,2016,3,18,50,0,2,4,1,3,SR-70,SR-70 SPUR,16,30.011,-91.022,0,12,6,0,2,4,0,1,3,10,0,10,0,0,18,55,19,4,19,49,0,0,0,1,0,1
22,220675,1,1,0,1,1,1,1,19,2210,18,12,2016,1,1,30,1,2,1,1,1,I-10,,246,30.22,-93.318,0,8,0,0,1,1,0,1,2,10,0,10,0,0,1,32,1,39,88,88,0,0,0,1,0,1
22,220681,1,1,0,1,1,3,3,79,40,11,12,2016,1,22,0,1,2,1,1,1,I-49,SUGARHOUSE ROAD,826,31.267,-92.438,0,8,0,0,1,1,0,1,3,1,0,1,0,0,22,1,22,7,88,88,0,0,0,1,0,0
22,220682,2,2,0,0,0,2,2,103,2217,29,12,2016,5,19,0,1,1,3,1,3,SR-21,PIERCE RD,267,30.665,-89.883,0,12,6,0,8,1,0,1,2,10,0,10,0,0,19,10,19,27,19,59,0,0,0,1,0,2
22,220683,2,2,0,0,0,2,2,33,100,24,12,2016,7,2,18,1,2,3,1,2,US-61,,852,30.556,-91.2,0,12,2,0,1,1,0,1,2,1,0,1,0,0,2,19,2,27,3,50,0,0,0,1,1,0
22,220689,1,1,0,1,1,1,1,71,1690,4,10,2016,3,21,15,1,2,3,1,2,US-90,,99998,77.778,777.778,0,8,0,0,99,99,0,99,9,99,0,99,0,0,21,15,99,99,99,99,0,0,0,1,0,0
22,220690,2,2,0,0,0,3,3,37,0,12,11,2016,7,18,24,1,1,3,1,2,US-61,COLONIAL DRIVE,967,30.709,-91.272,0,12,6,0,2,3,0,1,1,1,0,1,0,0,13,52,14,12,14,47,0,0,0,1,1,0
22,220691,1,1,0,0,0,1,1,57,516,2,12,2016,6,22,10,0,1,4,1,3,SR-1,,448,29.531,-90.337,0,53,0,0,1,1,0,4,3,2,0,2,0,0,88,88,88,88,88,88,0,0,0,1,0,1
22,220692,2,2,0,0,0,3,3,47,0,18,12,2016,1,3,53,1,1,1,1,1,I-10,,1346,30.396,-91.524,0,12,1,0,1,1,0,1,2,1,0,1,0,0,3,57,4,8,5,42,0,0,0,1,1,1
22,220693,2,2,0,0,0,2,2,51,1488,6,10,2016,5,16,33,0,2,4,1,3,SR-18,,749,29.902,-90.127,0,12,2,0,1,1,0,1,1,1,0,1,0,0,16,6,16,39,17,12,0,0,0,1,0,2
22,220694,2,2,0,0,0,2,2,89,593,24,12,2016,7,7,12,1,2,3,1,2,US-90,,2288,29.845,-90.448,0,1,0,0,1,1,0,3,1,1,0,1,0,0,7,17,7,28,8,36,0,0,0,1,1,0
22,220695,2,2,0,0,0,5,5,95,0,28,12,2016,4,17,30,0,2,5,1,3,SR-44,,377,30.056,-90.654,0,12,2,0,1,1,0,1,5,10,0,10,0,0,17,38,17,44,18,51,0,0,0,2,0,2
22,220700,1,1,0,1,1,2,2,103,0,22,11,2016,3,23,30,0,2,4,1,3,SR-59,,59,30.447,-90.041,0,8,0,0,1,1,0,1,2,1,0,1,0,0,99,99,99,99,99,99,0,0,0,1,0,2
22,220701,1,1,0,0,0,2,2,65,0,3,8,2016,4,6,10,1,1,1,1,1,I-20,,1573,32.433,-91.428,0,42,0,0,1,1,0,4,4,1,0,1,0,0,6,14,6,21,6,50,0,0,0,1,0,1
22,220706,1,1,0,0,0,2,2,95,0,9,9,2016,6,12,30,1,2,1,1,1,I-10,,2071,30.102,-90.488,0,31,0,0,1,1,0,4,1,2,0,2,0,0,12,31,12,32,13,5,0,0,0,1,0,1
22,220710,1,1,0,1,1,2,2,109,2117,16,12,2016,6,3,0,0,1,6,1,3,SR-20,,100,29.734,-90.845,0,8,0,0,1,1,0,4,2,10,0,10,0,0,6,58,7,4,88,88,0,0,0,1,0,2
22,220711,1,1,0,0,0,3,3,59,2270,10,8,2016,4,12,7,1,1,3,1,2,US-84,,1158,31.827,-92.328,0,24,0,0,1,1,0,4,1,7,0,7,0,0,12,9,12,16,12,32,0,0,0,1,0,0
22,220713,1,1,0,1,1,2,2,33,150,10,9,2016,7,0,32,1,2,1,1,1,I-10,,1567,30.429,-91.172,0,8,0,0,1,1,0,1,3,1,0,1,0,0,0,33,0,38,99,99,0,0,0,1,0,1
23,230004,1,1,0,0,0,1,1,11,3150,2,1,2016,7,11,10,1,1,1,1,1,I-295,,510,44.174,-69.834,0,42,0,0,1,1,0,3,9,8,0,8,0,0,88,88,88,88,88,88,0,0,0,1,0,2
23,230014,1,1,0,0,0,1,1,19,5055,12,1,2016,3,18,46,1,1,3,1,1,I-95,,2440,45.615,-68.512,0,48,0,0,1,1,0,3,2,4,0,4,0,0,88,88,88,88,88,88,0,0,0,1,0,1
23,230027,2,2,0,0,0,2,2,9,1200,24,3,2016,5,21,26,1,1,3,1,2,US-1,,99998,44.569,-68.772,0,12,2,0,1,1,0,1,3,1,0,1,0,0,21,26,21,33,88,88,0,0,0,1,0,1
23,230037,1,1,0,0,0,1,1,19,6225,21,4,2016,5,10,38,1,1,3,1,1,I-95,,1610,44.805,-69.223,0,39,0,1,5,1,0,4,1,1,0,1,0,0,88,88,88,88,88,88,0,0,0,1,0,1
23,230039,1,1,0,0,0,5,5,31,8905,2,5,2016,2,15,39,1,1,3,1,1,I-95,,200,43.34,-70.599,0,52,0,0,1,1,0,4,1,2,0,2,0,0,16,3,16,13,17,8,0,0,0,1,0,1
23,230043,1,1,0,0,0,1,1,15,1955,4,5,2016,4,13,22,1,1,3,1,3,SR-1,,99998,44.048,-69.506,0,34,0,0,1,1,0,4,1,10,0,10,0,0,13,6,13,9,88,88,0,0,0,1,1,1
23,230047,1,1,0,0,0,3,3,29,372,20,5,2016,6,20,52,0,1,5,1,3,SR-193,,99998,44.786,-68.034,0,42,0,0,1,1,0,4,2,1,0,1,0,0,20,51,21,25,22,35,0,0,0,1,0,2
23,230060,3,3,0,0,0,3,3,31,10,13,6,2016,2,14,0,1,1,3,1,3,SR-111,CLARK ROAD,99998,43.476,-70.693,0,12,1,0,2,2,0,1,1,1,0,1,0,0,14,14,14,17,14,45,0,0,0,1,0,1
23,230063,1,1,0,0,0,1,1,25,6200,2,7,2016,7,1,17,1,1,3,1,1,I-95,,1440,44.703,-69.459,0,42,0,0,1,1,0,3,2,2,0,2,0,0,88,88,88,88,88,88,0,0,0,1,1,1
23,230067,2,2,0,0,0,2,2,27,9997,6,7,2016,4,15,38,0,1,5,1,3,SR-137,,131,44.534,-69.274,0,12,2,0,1,1,0,1,1,1,0,1,0,0,15,38,16,0,99,98,0,0,0,1,0,1
23,230070,1,1,0,1,1,2,2,31,4100,13,7,2016,4,22,12,1,2,2,31,1,I-95,,260,43.414,-70.558,0,8,0,0,1,1,0,1,3,1,0,1,0,0,0,0,0,0,99,99,0,0,0,1,0,1
23,230071,1,1,0,0,0,1,1,31,9800,15,7,2016,6,16,41,1,1,2,32,1,I-95,,4,43.155,-70.666,0,1,0,8,5,1,0,5,1,1,0,1,0,0,16,29,16,37,16,55,0,0,0,1,0,1
23,230098,2,2,0,0,0,4,4,1,2214,21,9,2016,4,7,17,0,1,5,1,3,SR-9,ROUND POND ROAD,851,43.949,-70.147,0,12,6,1,2,2,0,1,1,1,0,1,0,0,7,30,7,34,8,29,0,0,0,2,0,2
23,230104,1,1,0,1,1,1,1,1,4350,3,11,2016,5,7,10,0,2,3,1,3,SR-202,MAIN STREET,740,44.107,-70.211,0,8,0,0,2,3,0,1,4,2,0,2,0,0,7,14,7,15,88,88,0,0,0,1,0,2
23,230105,2,2,0,0,0,2,2,15,1955,7,11,2016,2,9,45,0,1,3,1,3,SR-1,MAIN STREET,0,44.04,-69.534,0,12,6,1,2,2,0,1,1,1,0,1,0,0,9,45,9,50,88,88,0,0,0,1,0,1
23,230112,1,1,0,0,0,4,4,19,9997,13,11,2016,1,6,39,1,1,3,1,1,I-95,SOUTH BOUND,636,45.565,-68.547,0,58,0,0,1,1,0,4,1,1,0,1,0,0,6,53,7,5,7,14,0,0,0,1,0,1
23,230116,2,2,0,0,0,2,2,15,8850,16,11,2016,4,9,34,0,1,3,1,3,SR-1,ATLANTIC HIGHWAY,1144,44.109,-69.33,0,12,6,1,2,3,0,1,1,2,0,2,0,0,9,32,9,34,88,88,0,0,0,1,0,1
23,230117,2,2,0,0,0,5,5,19,3603,13,11,2016,1,18,43,0,2,3,1,2,US-202,,17,44.753,-68.842,0,12,2,0,1,1,0,1,2,1,0,1,0,0,18,48,19,5,19,20,0,0,0,1,0,0
23,230118,3,3,0,0,0,4,4,31,8905,18,11,2016,6,14,34,1,1,3,1,1,I-95,NORTH BOUND LANE,217,43.363,-70.586,0,12,1,0,1,1,0,1,1,1,0,1,0,0,14,34,14,45,88,88,0,0,0,2,0,1
23,230120,2,2,0,0,0,2,2,11,6204,19,11,2016,7,11,59,0,1,3,1,3,SR-27,,300,44.152,-69.744,0,12,1,0,1,1,0,1,1,1,0,1,0,0,12,1,12,6,12,31,0,0,0,1,0,2
23,230123,1,1,0,0,0,1,1,17,3615,30,11,2016,4,12,51,0,1,7,3,3,SR-124,BRYANT ROAD,1,44.23,-70.33,0,42,0,0,1,1,0,6,1,1,0,1,0,0,8,20,8,29,8,53,0,0,0,1,0,1
23,230127,1,1,0,1,1,1,1,11,160,19,10,2016,4,0,14,0,1,4,4,3,SR-9,NORTH BELFAST AVENUE,1080,44.334,-69.702,0,8,0,0,1,1,0,1,2,1,0,1,0,0,0,17,0,22,88,88,0,0,0,1,0,2
23,230128,2,2,0,0,0,4,4,7,8065,25,10,2016,3,19,46,0,1,7,3,3,SR-149,LAMBERT HILL ROAD,94,44.805,-70.261,0,12,2,0,1,1,0,1,2,1,0,1,0,0,19,49,20,0,20,20,0,0,0,1,1,2
23,230131,2,2,0,0,0,3,3,31,7250,30,12,2016,6,18,56,0,2,4,3,3,SR-109,MAIN STREET,160,43.48,-70.82,0,12,2,0,1,1,0,1,2,1,0,1,0,0,18,59,19,5,19,30,0,0,0,1,0,2
23,230132,2,2,0,0,0,3,3,1,7199,26,12,2016,2,14,55,0,1,4,3,3,SR-126,SABATTUS ROAD,160,44.123,-70.078,0,12,2,0,1,1,0,1,1,10,0,10,0,0,14,57,15,6,15,7,0,0,0,1,0,2
23,230137,1,1,0,0,0,1,1,7,9997,20,12,2016,3,8,26,0,2,4,3,3,SR-145,FOSTER HILL ROAD,42,44.858,-70.222,0,42,0,0,1,1,0,5,1,1,0,1,0,0,8,30,8,40,88,88,0,0,0,1,0,1
23,230138,1,1,0,1,1,2,2,5,1540,18,12,2016,1,18,13,0,1,3,1,3,SR-302,ROOSEVELT TRAIL,255,43.945,-70.55,0,8,0,0,1,1,0,1,2,1,0,1,0,0,18,15,18,21,18,41,0,0,0,1,1,2
23,230139,1,1,0,0,0,1,1,19,1805,25,11,2016,6,12,29,0,1,4,3,3,SR-11,EXETER ROAD,1872,44.961,-69.204,0,58,0,0,1,1,0,5,1,2,0,2,0,0,12,30,12,42,13,37,0,0,0,1,0,2
23,230140,2,2,0,0,0,6,6,5,3250,12,12,2016,2,10,13,0,2,3,1,3,SR-4,SR-302,383,43.662,-70.465,0,12,6,1,2,3,0,1,1,2,4,4,0,0,10,10,10,21,11,9,0,0,0,2,0,2
23,230141,1,1,0,0,0,1,1,25,5452,12,12,2016,2,1,47,0,1,4,3,3,SR-4,BOG ROAD,783,44.946,-70.077,0,42,0,0,1,1,0,5,2,4,0,4,0,0,1,49,2,12,88,88,0,0,0,1,0,2
23,230142,1,1,0,0,0,1,1,25,1260,9,12,2016,6,8,21,0,1,4,3,3,SR-150,GUILFORD ROAD,258,45.04,-69.466,0,42,0,0,1,1,0,5,1,10,0,10,0,0,8,33,8,51,9,11,0,0,0,1,0,0
23,230144,2,2,0,0,0,4,4,5,9119,1,12,2016,5,22,46,0,1,4,3,3,SR-35,TANDBERG TRL.,418,43.832,-70.448,0,12,2,0,1,1,0,1,2,1,0,1,0,0,22,50,22,54,22,56,0,0,0,1,0,1
23,230145,1,1,0,1,1,1,1,3,4900,7,12,2016,4,17,26,1,2,3,1,2,US-1,MAIN STREET,5058,47.356,-68.328,0,8,0,0,1,1,0,1,3,12,0,12,0,0,17,28,17,29,17,42,0,0,0,1,0,1
23,230146,2,2,0,0,0,4,4,7,1512,27,11,2016,1,18,34,0,1,4,1,3,SR-27,CARRABASSETT DRIVE,577,45.096,-70.347,0,12,6,0,1,1,0,1,2,4,0,4,0,0,20,21,20,31,21,54,0,0,0,1,0,2
23,230147,1,1,0,0,0,1,1,11,5260,17,11,2016,5,6,55,0,2,4,3,3,SR-132,MAIN STREET,93,44.251,-70.032,0,34,0,0,1,1,0,4,1,1,0,1,0,0,7,3,7,9,8,1,0,0,0,1,0,1
23,230148,1,1,0,0,0,2,2,31,4343,27,12,2016,3,18,51,0,1,3,1,3,SR-202,CARL BROGGI HWY,43,43.376,-70.884,0,42,0,0,1,1,0,6,2,1,0,1,0,0,18,51,19,3,19,28,0,0,0,1,0,2
23,230149,1,1,0,1,1,1,1,17,500,2,9,2016,6,11,50,0,1,4,3,3,SR-5,SONGO POND ROAD,923,44.372,-70.8,0,9,0,0,2,3,0,1,1,1,0,1,0,0,11,52,11,56,12,12,0,0,0,1,0,1
23,230150,1,1,0,0,0,1,1,11,5700,17,9,2016,7,23,58,0,1,4,3,3,SR-23,POND ROAD,93,44.516,-69.749,0,32,0,0,1,1,0,6,2,1,0,1,0,0,0,2,0,9,0,40,0,0,0,1,1,0
23,230152,1,1,0,0,0,1,1,1,4350,4,11,2016,6,23,53,0,2,3,4,3,SR-202,SR-11,731,44.097,-70.22,0,31,0,0,1,1,0,6,3,1,0,1,0,0,23,56,23,59,88,88,0,0,0,1,1,2
23,230153,1,1,0,0,0,1,1,1,3440,27,10,2016,5,4,23,0,1,3,3,3,SR-202,,834,44.209,-70.099,0,42,0,0,1,1,0,6,2,1,0,1,0,0,4,30,4,43,88,88,0,0,0,1,0,2
24,240002,1,1,0,1,1,1,1,3,0,21,2,2016,1,13,39,0,6,96,96,3,SR-2,,392,39.202,-76.614,0,8,0,0,1,1,0,1,1,1,0,1,0,0,99,99,99,99,99,99,0,0,0,1,0,2
24,240004,3,3,0,0,0,4,4,3,0,14,2,2016,1,16,26,0,2,4,1,3,SR-2,,143,38.906,-76.584,0,12,2,0,1,1,0,2,1,10,0,10,0,0,99,99,99,99,99,99,0,0,0,2,0,2
24,240006,1,1,0,1,1,1,1,5,0,1,2,2016,2,5,50,1,2,3,1,2,US-1,,9,39.227,-76.696,0,8,0,0,1,1,0,1,2,1,0,1,0,0,99,99,99,99,88,88,0,0,0,1,0,1
24,240009,2,2,0,0,0,2,2,33,0,19,1,2016,3,7,30,1,2,2,1,3,SR-4,,94,38.84,-76.867,0,12,7,0,1,1,0,1,1,6,0,6,0,0,99,99,99,99,88,88,0,0,0,1,0,2
24,240012,2,2,0,0,0,4,4,31,0,3,1,2016,1,15,9,0,2,3,1,3,SR-198,,2,39.119,-76.983,0,12,6,0,8,1,0,1,1,1,0,1,0,0,99,99,99,99,99,99,0,0,0,1,0,1
24,240013,2,2,0,0,0,5,5,31,0,27,2,2016,7,18,55,0,2,3,1,3,SR-190,CR-847,130,38.98,-77.133,0,12,6,0,2,2,0,1,3,1,0,1,0,0,99,99,99,99,99,99,0,0,0,3,0,0
24,240015,1,1,0,1,1,1,1,25,0,19,2,2016,6,22,20,1,2,6,1,2,US-1,,137,39.63,-76.276,0,8,0,0,1,1,0,1,2,1,0,1,0,0,99,99,99,99,99,99,0,0,0,1,0,1
24,240016,1,1,0,0,0,1,1,25,0,15,2,2016,2,17,45,0,1,4,1,3,SR-155,,51,39.574,-76.159,0,30,0,0,1,1,0,4,2,2,0,2,0,0,99,99,99,99,88,88,0,0,0,1,0,1
24,240017,2,2,0,0,0,2,2,33,0,13,2,2016,7,20,59,0,2,7,1,3,SR-5,,85,38.778,-76.889,0,12,2,0,1,1,0,1,2,1,0,1,0,0,99,99,99,99,88,88,0,0,0,1,1,1
24,240018,2,2,0,0,0,2,2,13,0,19,2,2016,6,4,8,0,2,3,1,3,SR-27,CR-302,159,39.542,-77.019,0,12,6,0,2,2,0,1,3,1,0,1,0,0,99,99,99,99,88,88,0,0,0,1,0,2