STATE,ST_CASE,VE_TOTAL,VE_FORMS,PVH_INVL,PEDS,PERNOTMVIT,PERMVIT,PERSONS,COUNTY,CITY,DAY,MONTH,YEAR,DAY_WEEK,HOUR,MINUTE,NHS,RUR_URB,FUNC_SYS,RD_OWNER,ROUTE,TWAY_ID,TWAY_ID2,MILEPT,LATITUDE,LONGITUD,SP_JUR,HARM_EV,MAN_COLL,RELJCT1,RELJCT2,TYP_INT,WRK_ZONE,REL_ROAD,LGT_COND,WEATHER1,WEATHER2,WEATHER,SCH_BUS,RAIL,NOT_HOUR,NOT_MIN,ARR_HOUR,ARR_MIN,HOSP_HR,HOSP_MN,CF1,CF2,CF3,FATALS,DRUNK_DR,RANK
24,240022,2,2,0,0,0,5,5,23,0,11,2,2016,5,12,28,0,1,4,1,3,SR-42,,12,39.587,-79.37,0,12,2,0,1,1,0,1,1,4,0,4,0,0,99,99,99,99,99,99,0,0,0,2,0,1
24,240023,1,1,0,0,0,1,1,17,0,28,2,2016,1,14,23,0,2,3,1,3,SR-5,,11,38.525,-76.779,0,24,0,0,1,1,0,3,1,1,0,1,0,0,99,99,99,99,88,88,0,0,0,1,0,1
24,240024,1,1,0,0,0,1,1,31,0,26,1,2016,3,19,47,1,2,1,1,1,I-270,,91,39.119,-77.196,0,24,0,0,5,1,0,4,3,1,0,1,0,0,99,99,99,99,99,99,0,0,0,1,0,2
24,240025,2,2,0,0,0,2,2,31,0,19,2,2016,6,4,43,1,2,1,1,1,I-495,,82,39.007,-77.086,0,39,11,0,1,1,0,4,3,1,0,1,0,0,99,99,99,99,88,88,0,0,0,1,0,1
24,240026,1,1,0,0,0,1,1,43,0,7,2,2016,1,7,27,1,2,1,1,1,I-70,,278,39.607,-77.753,0,24,0,0,1,1,0,3,1,1,0,1,0,0,99,99,99,99,88,88,0,0,0,1,0,0
24,240028,2,2,0,0,0,4,4,13,0,20,2,2016,7,16,0,0,2,3,1,3,SR-27,,103,39.478,-77.07,0,12,2,0,1,1,0,1,1,1,0,1,0,0,99,99,99,99,99,99,0,0,0,2,1,2
24,240030,2,2,0,0,0,2,2,25,0,10,2,2016,4,12,50,0,2,4,1,3,SR-152,,13,39.418,-76.328,0,12,2,0,1,1,0,1,1,99,0,99,0,0,99,99,99,99,99,99,0,0,0,1,0,1
24,240031,1,1,0,1,1,1,1,31,0,21,2,2016,1,18,56,1,2,1,1,1,I-270,,147,39.199,-77.265,0,8,0,0,1,1,0,1,3,1,0,1,0,0,99,99,99,99,99,99,0,0,0,1,0,2
24,240033,3,3,0,0,0,8,8,25,0,9,1,2016,7,10,5,0,2,3,1,2,US-40,CR-1913,47,39.441,-76.293,0,12,1,0,2,2,0,1,1,10,0,10,0,0,99,99,99,99,99,99,0,0,0,1,0,0
24,240035,1,1,0,1,1,2,2,41,0,13,2,2016,7,21,41,1,2,3,1,2,US-41,,16,38.913,-76.062,1,8,0,0,1,1,0,1,2,1,0,1,0,0,99,99,99,99,99,99,0,0,0,1,0,0
24,240036,1,1,0,1,1,1,1,15,0,18,1,2016,2,18,16,1,2,3,1,2,US-40,CR-213,163,39.602,-75.802,0,8,0,0,2,3,0,1,2,1,0,1,0,0,99,99,99,99,99,99,0,0,0,1,0,0
24,240037,1,1,0,0,0,1,1,13,0,28,2,2016,1,18,46,0,2,3,1,3,SR-140,,135,39.603,-77.054,0,1,0,0,1,1,0,6,5,1,0,1,0,0,99,99,99,99,88,88,0,0,0,1,0,1
24,240039,1,1,0,1,1,1,1,33,0,21,1,2016,5,0,26,1,2,3,1,2,US-1,,87,39.044,-76.903,0,8,0,0,1,1,0,1,3,4,0,4,0,0,99,99,99,99,88,88,0,0,0,1,0,1
24,240040,2,2,0,0,0,2,2,33,0,13,1,2016,4,4,53,1,2,1,1,1,I-495,,10,39.019,-76.963,0,12,1,0,1,1,0,1,2,1,0,1,0,0,99,99,99,99,99,99,0,0,0,1,0,1
24,240041,1,1,0,0,0,4,4,41,0,4,1,2016,2,12,46,0,1,5,1,3,SR-309,,38,38.851,-76.016,0,42,0,0,1,1,0,4,1,1,0,1,0,0,99,99,99,99,99,99,0,0,0,1,1,1
24,240043,1,1,0,0,0,1,1,3,0,21,2,2016,1,2,21,1,2,2,1,2,US-50,,148,39.028,-76.454,0,24,0,0,1,1,0,3,3,1,0,1,0,0,99,99,99,99,88,88,0,0,0,1,0,2
24,240044,9,9,0,0,0,10,10,33,0,14,1,2016,5,10,34,0,2,3,1,3,SR-202,CR-64,87,38.913,-76.839,0,12,6,0,2,2,0,1,1,1,0,1,0,0,99,99,99,99,99,99,0,0,0,1,0,2
24,240045,1,1,0,0,0,2,2,5,0,19,2,2016,6,18,19,1,2,1,1,1,I-695,,58,39.287,-76.739,0,24,0,1,5,1,0,4,5,1,0,1,0,0,99,99,99,99,99,99,0,0,0,1,0,1
24,240046,4,4,0,0,0,5,5,17,0,6,2,2016,7,20,59,1,2,3,1,2,US-301,CR-47,208,38.597,-76.938,0,12,6,0,2,2,0,1,3,1,0,1,0,0,99,99,99,99,99,99,0,0,0,1,0,0
24,240047,1,1,0,0,0,1,1,33,0,1,2,2016,2,15,41,1,2,2,1,2,US-50,,41,38.944,-76.88,0,42,0,0,1,1,0,4,1,2,0,2,0,0,99,99,99,99,99,99,0,0,0,1,0,2
24,240048,1,1,0,0,0,1,1,33,0,10,3,2016,5,23,29,0,2,4,1,3,SR-5,SR-373,31,38.701,-76.875,0,59,0,0,3,2,0,4,3,1,0,1,0,0,99,99,99,99,99,99,0,0,0,1,0,1
24,240049,2,2,0,0,0,3,3,1,0,14,1,2016,5,21,57,0,2,4,1,3,SR-135,,24,39.472,-79.036,0,24,0,0,1,1,0,4,3,1,0,1,0,0,99,99,99,99,99,99,0,0,0,1,1,1
24,240056,4,4,0,0,0,4,4,9,0,10,3,2016,5,16,28,0,2,2,2,3,SR-2,,132,38.491,-76.516,0,12,1,0,1,1,0,1,1,1,0,1,0,0,99,99,99,99,99,99,20,0,0,1,0,2
24,240058,2,2,0,0,0,3,3,37,0,4,3,2016,6,9,54,0,1,3,1,3,SR-5,,378,38.419,-76.716,0,12,6,0,8,1,0,1,1,11,0,11,0,0,99,99,99,99,99,99,0,0,0,1,0,1
24,240060,3,3,0,0,0,3,3,43,0,16,3,2016,4,21,56,1,1,1,1,1,I-70,,366,39.558,-77.613,0,24,0,0,1,1,0,3,2,1,0,1,0,0,99,99,99,99,99,99,0,0,0,1,0,0
24,240063,1,1,0,0,0,1,1,3,0,23,3,2016,4,18,20,0,2,7,1,3,SR-100,,22,39.156,-76.714,0,1,0,0,1,1,0,1,1,1,0,1,0,0,99,99,99,99,99,99,0,0,0,1,0,1
24,240065,2,2,0,0,0,2,2,17,0,24,3,2016,5,23,47,0,2,3,1,3,SR-5,,50,38.551,-76.828,0,12,6,0,7,1,0,1,2,1,0,1,0,0,99,99,99,99,99,99,0,0,0,1,1,1
24,240066,2,2,0,0,0,2,2,21,0,10,3,2016,5,10,39,1,2,3,1,2,US-15,CR-83,326,39.665,-77.368,1,12,6,0,2,2,0,1,1,99,0,99,0,0,99,99,99,99,99,99,0,0,0,1,0,0
24,240067,2,2,0,0,0,3,3,33,0,4,3,2016,6,8,50,1,2,3,1,2,US-301,,8,38.671,-76.876,1,12,6,0,7,1,0,1,1,10,0,10,0,0,99,99,99,99,99,99,0,0,0,1,0,0
24,240069,1,1,0,0,0,1,1,31,0,3,4,2016,1,2,46,1,2,1,1,1,I-495,,84,39.006,-77.075,0,23,0,0,5,1,0,6,3,1,0,1,0,0,99,99,99,99,88,88,0,0,0,1,1,1
24,240074,1,1,0,1,1,2,2,33,0,15,3,2016,3,18,26,0,2,7,1,3,SR-5,SR-458,140,38.839,-76.946,0,8,0,0,2,2,0,1,1,1,0,1,0,0,99,99,99,99,99,99,0,0,0,1,0,1
24,240076,2,2,0,0,0,2,2,25,0,7,4,2016,5,11,19,1,2,3,1,2,US-1,,36,39.519,-76.374,0,12,6,0,1,1,0,1,1,2,0,2,1,0,99,99,99,99,99,99,0,0,0,1,0,1
24,240077,1,1,0,0,0,1,1,19,0,2,4,2016,7,11,41,1,2,3,1,2,US-50,,61,38.555,-75.983,0,30,0,0,1,1,0,4,1,2,0,2,0,0,99,99,99,99,99,99,0,0,0,1,0,2
24,240080,2,2,0,0,0,5,5,35,0,2,4,2016,7,2,21,1,2,3,1,2,US-50,,6,38.988,-76.359,0,12,1,0,1,1,0,1,2,1,0,1,0,0,99,99,99,99,99,99,0,0,0,1,1,2
24,240081,1,1,0,0,0,1,1,37,0,4,4,2016,2,1,35,0,2,6,1,3,SR-249,,65,38.191,-76.513,0,24,0,0,1,1,0,4,2,1,0,1,0,0,99,99,99,99,88,88,0,0,0,1,1,2
24,240082,1,1,0,1,1,1,1,25,0,9,4,2016,7,4,35,1,2,3,1,2,US-1,NILLES RD,16,39.495,-76.391,0,8,0,0,2,3,0,1,3,1,0,1,0,0,99,99,99,99,99,99,0,0,0,1,0,1
24,240085,2,2,0,0,0,2,2,33,0,11,4,2016,2,22,54,0,2,3,1,3,SR-5,,107,38.808,-76.908,0,12,1,0,1,1,0,1,3,1,0,1,0,0,99,99,99,99,99,99,0,0,0,1,1,1
24,240086,2,2,0,0,0,2,2,13,0,2,4,2016,7,2,50,0,1,4,1,3,SR-97,,211,39.634,-77.004,0,12,2,0,1,1,0,1,2,1,0,1,0,0,99,99,99,99,99,99,0,0,0,1,0,2
24,240087,4,4,0,0,0,5,5,5,0,13,4,2016,4,23,10,1,2,1,1,1,I-695,,102,39.343,-76.745,0,12,1,0,1,1,0,1,3,1,0,1,0,0,99,99,99,99,88,88,14,0,0,1,1,1
24,240089,1,1,0,0,0,5,5,21,0,20,4,2016,4,4,54,1,2,3,1,2,US-15,,227,39.561,-77.431,0,35,0,0,1,1,0,3,2,1,0,1,0,0,99,99,99,99,99,99,0,0,0,1,0,0
24,240090,2,2,0,0,0,2,2,37,0,16,4,2016,7,0,32,0,1,5,2,4,CR-4,,43,38.491,-76.713,0,12,2,0,1,1,0,1,2,1,0,1,0,0,99,99,99,99,99,99,0,0,0,1,1,2
24,240092,1,1,0,0,0,1,1,25,0,22,4,2016,6,0,9,0,2,4,1,3,SR-7,,50,39.451,-76.292,0,30,0,0,1,1,0,4,2,1,0,1,0,0,99,99,99,99,99,99,0,0,0,1,1,2
24,240099,2,2,0,0,0,2,2,3,0,29,4,2016,6,15,37,0,1,4,1,3,SR-162,,0,39.168,-76.646,0,12,2,0,1,1,0,1,1,10,0,10,0,0,99,99,99,99,99,99,0,0,0,1,0,2
24,240100,1,1,0,1,1,1,1,3,0,26,4,2016,3,5,44,0,2,3,1,3,SR-3,,27,39.026,-76.692,0,8,0,0,1,1,0,1,2,1,0,1,0,0,99,99,99,99,88,88,0,0,0,1,0,2
24,240101,1,1,0,0,0,1,1,33,0,30,4,2016,7,0,53,0,2,4,1,3,SR-210,,105,38.778,-76.997,0,24,0,0,1,1,0,3,2,2,0,2,0,0,99,99,99,99,88,88,0,0,0,1,1,2
24,240102,1,1,0,0,0,1,1,5,0,11,3,2016,6,11,35,0,2,5,2,4,CR-611,,6,39.443,-76.802,0,33,0,0,1,1,0,4,1,1,0,1,0,0,88,88,88,88,88,88,0,0,0,1,0,2
24,240104,1,1,0,1,1,1,1,33,0,24,4,2016,1,21,21,0,2,3,1,3,SR-201,CR-5409,44,38.967,-76.918,0,8,0,0,2,2,0,1,3,1,0,1,0,0,99,99,99,99,99,99,0,0,0,1,0,2
24,240107,1,1,0,1,1,2,2,27,0,10,2,2016,4,19,47,1,2,3,1,2,US-1,,11,39.116,-76.832,0,8,0,0,1,1,0,1,2,1,0,1,0,0,99,99,99,99,99,99,0,0,0,1,0,1
24,240108,2,2,0,0,0,2,2,13,0,11,5,2016,4,14,7,0,2,3,1,3,SR-140,CR-466,50,39.539,-76.931,0,12,6,0,2,2,0,1,1,10,0,10,0,0,99,99,99,99,99,99,0,0,0,1,0,1
24,240110,2,2,0,0,0,2,2,31,0,29,2,2016,2,15,4,0,2,5,1,3,SR-107,CR-269,46,39.128,-77.346,0,12,6,0,2,2,0,1,1,99,0,99,0,0,99,99,99,99,99,99,0,0,0,1,1,2
24,240111,1,1,0,1,1,1,1,43,0,18,2,2016,5,18,27,0,2,5,1,3,SR-63,,127,39.663,-77.797,0,8,0,0,1,1,0,1,2,1,0,1,0,0,99,99,99,99,99,99,0,0,0,1,0,2
24,240112,1,1,0,0,0,1,1,21,0,29,2,2016,2,22,46,0,2,5,1,3,SR-80,,34,39.329,-77.381,0,1,0,0,1,1,0,1,2,1,0,1,0,0,99,99,99,99,88,88,0,0,0,1,0,2
24,240113,2,2,0,0,0,2,2,37,0,29,2,2016,2,7,59,0,2,3,1,3,SR-4,CR-675,54,38.296,-76.528,0,12,2,0,2,3,0,1,4,1,0,1,0,0,99,99,99,99,99,99,0,0,0,1,0,2
24,240120,2,2,0,0,0,2,2,27,0,5,5,2016,5,10,32,0,1,5,1,3,SR-97,,87,39.35,-77.017,0,12,6,0,1,1,0,1,1,10,0,10,0,0,99,99,99,99,99,99,0,0,0,1,1,2
24,240123,1,1,0,0,0,3,3,45,0,13,5,2016,6,0,25,1,1,3,1,2,US-50,,292,38.386,-75.349,0,42,0,0,1,1,0,3,3,99,0,99,0,0,99,99,99,99,99,99,0,0,0,1,1,2
24,240124,1,1,0,0,0,2,2,43,0,9,1,2016,7,22,35,1,2,3,1,2,US-11,,78,39.651,-77.723,0,30,0,0,1,1,0,4,6,2,0,2,0,0,99,99,99,99,99,99,0,0,0,1,0,0
24,240125,1,1,0,1,1,1,1,27,0,24,2,2016,4,6,20,1,2,3,1,2,US-1,,12,39.119,-76.829,0,8,0,0,1,1,0,1,2,2,0,2,0,0,99,99,99,99,99,99,0,0,0,1,0,1
24,240130,1,1,0,0,0,2,2,27,0,17,5,2016,3,9,43,0,2,2,1,3,SR-100,,16,39.23,-76.812,0,24,0,0,1,1,0,3,1,2,0,2,0,0,99,99,99,99,99,99,0,0,0,1,0,1
24,240131,2,2,0,0,0,3,3,47,0,19,5,2016,5,12,8,0,2,3,1,3,SR-528,MU-9160,67,38.357,-75.075,0,12,6,0,2,2,0,1,1,1,0,1,0,0,99,99,99,99,88,88,20,0,0,1,0,1
24,240132,1,1,0,0,0,1,1,31,0,27,5,2016,6,15,38,0,1,4,1,3,SR-28,,37,39.187,-77.42,0,18,0,0,1,1,0,4,1,1,0,1,0,0,99,99,99,99,88,88,0,0,0,1,0,2
24,240135,1,1,0,0,0,1,1,3,0,26,5,2016,5,13,30,0,2,3,1,3,SR-3,,53,39.054,-76.659,0,33,0,0,1,1,0,3,1,1,0,1,0,0,99,99,99,99,88,88,0,0,0,1,1,2
24,240138,3,3,0,0,0,3,3,15,0,28,2,2016,1,8,31,1,1,1,1,1,I-95,,50,39.608,-76.016,0,12,2,0,1,1,0,1,1,1,0,1,0,0,99,99,99,99,88,88,0,0,0,2,0,1
24,240140,2,2,0,0,0,9,9,33,0,12,5,2016,5,20,21,1,2,3,1,2,US-301,,12,38.68,-76.874,0,12,6,0,1,1,0,1,3,10,0,10,0,0,99,99,99,99,99,99,0,0,0,1,0,0
24,240142,1,1,0,1,1,1,1,43,0,9,6,2016,5,21,38,1,2,3,1,2,US-40,,376,39.626,-77.698,0,9,0,0,1,1,0,1,6,1,0,1,0,0,99,99,99,99,88,88,0,0,0,1,0,0
24,240143,1,1,0,0,0,1,1,1,0,23,5,2016,2,13,50,0,1,4,1,3,SR-36,CR-66,93,39.579,-78.966,0,1,0,0,2,3,0,1,1,10,0,10,0,0,99,99,99,99,99,99,0,0,0,1,0,1
24,240147,3,3,0,1,1,11,11,5,0,15,3,2016,3,20,23,0,2,3,1,3,SR-26,SUN MAR CT,92,39.344,-76.732,0,8,0,0,3,2,0,1,3,1,0,1,0,0,99,99,99,99,99,99,0,0,0,1,0,1
24,240149,2,2,0,0,0,9,9,25,0,30,5,2016,2,2,21,0,1,4,1,3,SR-155,RP-95,67,39.573,-76.141,0,12,6,0,2,3,0,1,3,10,0,10,0,0,99,99,99,99,99,99,0,0,0,1,0,1
24,240152,2,2,0,1,1,3,3,27,0,14,6,2016,3,22,53,1,2,1,1,1,I-70,,184,39.185,-76.798,0,8,0,0,1,1,0,1,2,1,0,1,0,0,99,99,99,99,88,88,0,0,0,1,0,0
24,240153,2,1,1,0,1,1,2,17,0,4,3,2016,6,9,46,0,2,4,1,3,SR-225,,46,38.551,-77.087,0,14,0,0,1,1,0,5,1,10,0,10,0,0,99,99,99,99,99,99,0,0,0,1,0,2
24,240155,2,2,0,0,0,1,1,33,0,7,6,2016,3,23,9,1,2,3,1,2,US-301,CR-3853,4,38.664,-76.875,0,12,1,0,2,2,0,1,3,1,0,1,0,0,99,99,99,99,99,99,23,0,0,1,0,0
24,240159,1,1,0,0,0,1,1,45,0,24,3,2016,5,6,2,0,8,98,1,3,SR-349,,151,38.356,-75.748,0,34,0,0,1,1,0,4,2,99,0,99,0,0,99,99,99,99,99,99,0,0,0,1,1,2
24,240160,1,1,0,1,1,1,1,3,0,21,3,2016,2,10,40,0,2,3,1,3,SR-2,CR-415,411,39.23,-76.613,0,8,0,0,2,3,0,1,1,1,0,1,0,0,99,99,99,99,99,99,0,0,0,1,0,2
24,240162,2,1,1,1,1,1,1,5,0,16,4,2016,7,19,45,1,2,1,1,1,I-70,,47,39.302,-76.714,0,14,0,0,1,1,0,2,2,1,0,1,0,0,99,99,99,99,99,99,23,0,0,1,0,0
24,240164,1,1,0,0,0,1,1,3,0,11,4,2016,2,11,55,1,2,2,1,2,US-50,,106,38.962,-76.644,0,42,0,0,1,1,0,4,1,1,0,1,0,0,99,99,99,99,99,99,0,0,0,1,0,2
24,240165,1,1,0,0,0,1,1,47,0,21,4,2016,5,21,10,1,1,3,1,2,US-50,,50,38.356,-75.245,0,31,0,0,1,1,0,4,3,1,0,1,0,0,99,99,99,99,99,99,0,0,0,1,1,2
24,240166,2,2,0,0,0,2,2,33,0,22,4,2016,6,1,54,1,2,1,1,1,I-95,,57,38.816,-76.948,0,12,6,0,1,1,0,1,2,1,0,1,0,0,99,99,99,99,88,88,0,0,0,1,1,1
24,240168,1,1,0,0,0,1,1,43,0,9,5,2016,2,9,11,1,2,1,1,1,I-70,,214,39.651,-77.864,0,42,0,0,1,1,0,3,1,10,0,10,0,0,99,99,99,99,99,99,0,0,0,1,0,0
24,240169,2,2,0,0,0,2,2,31,0,19,5,2016,5,2,39,1,2,1,1,1,I-270,,184,39.242,-77.293,0,12,1,0,1,1,0,1,2,1,0,1,0,0,99,99,99,99,99,99,23,0,0,1,0,2
24,240170,1,1,0,1,1,1,1,47,0,3,5,2016,3,1,11,0,2,3,1,3,SR-528,94TH STREET,30,38.409,-75.059,0,8,0,0,3,2,0,1,3,2,0,2,0,0,99,99,99,99,99,99,0,0,0,1,0,1
24,240171,1,1,0,0,0,4,4,510,50,16,3,2016,4,23,15,0,2,7,4,3,SR-140,MU-2131,7,39.319,-76.653,0,30,0,0,3,2,0,4,3,1,0,1,0,0,99,99,99,99,99,99,0,0,0,2,0,1
24,240173,3,3,0,0,0,3,3,33,0,2,6,2016,5,22,56,1,2,2,1,2,US-50,,5,38.918,-76.927,0,24,0,0,1,1,0,3,2,1,0,1,0,0,99,99,99,99,99,99,0,0,0,1,1,2
24,240176,3,2,1,0,0,2,2,3,0,31,5,2016,3,22,2,0,2,3,1,3,SR-198,,22,39.095,-76.794,0,12,6,0,1,1,0,1,3,1,0,1,0,0,99,99,99,99,99,99,14,0,0,2,0,1
24,240177,3,3,0,0,0,4,4,25,0,11,6,2016,7,13,1,1,1,3,1,2,US-1,,99,39.594,-76.322,0,12,1,0,1,1,0,1,1,1,0,1,0,0,99,99,99,99,88,88,0,0,0,1,0,1
24,240179,1,1,0,2,2,1,1,33,0,19,6,2016,1,22,37,0,2,4,1,3,SR-704,,22,38.916,-76.884,0,8,0,0,1,1,0,1,6,1,0,1,0,0,99,99,99,99,99,99,0,0,0,1,0,2
24,240180,2,2,0,0,0,5,5,21,0,23,6,2016,5,13,23,1,2,3,1,2,US-15,CR-585,301,39.641,-77.402,0,12,6,0,2,2,0,1,1,1,0,1,0,0,99,99,99,99,99,99,0,0,0,1,0,0
24,240181,3,3,0,0,0,4,4,25,0,14,3,2016,2,21,11,1,2,3,1,2,US-1,,9,39.489,-76.397,0,12,2,0,1,1,0,1,3,2,0,2,0,0,99,99,99,99,99,99,0,0,0,1,0,1
24,240183,1,1,0,0,0,1,1,47,0,9,6,2016,5,3,3,0,1,5,1,3,SR-12,,49,38.084,-75.398,0,42,0,0,1,1,0,4,2,1,0,1,0,0,99,99,99,99,88,88,0,0,0,1,1,2
24,240186,3,3,0,0,0,3,3,13,0,27,4,2016,4,15,32,0,2,4,1,3,SR-31,,94,39.582,-77.01,0,12,6,0,1,1,0,1,1,5,0,5,0,0,99,99,99,99,99,99,0,0,0,1,0,2
24,240189,1,1,0,0,0,1,1,5,0,13,2,2016,7,5,36,0,2,5,1,3,SR-26,,65,39.361,-76.777,0,33,0,0,1,1,0,4,3,99,0,99,0,0,99,99,99,99,99,99,0,0,0,1,0,1
24,240193,1,1,0,0,0,2,2,21,0,13,6,2016,2,15,22,1,2,1,1,1,I-70,,240,39.382,-77.263,0,1,0,0,1,1,0,1,1,1,0,1,0,0,99,99,99,99,99,99,0,0,0,1,0,0
24,240194,3,3,0,0,0,3,3,31,0,18,6,2016,7,1,45,1,2,1,1,1,I-495,,11,38.982,-77.173,0,12,6,0,1,1,0,1,2,1,0,1,0,0,99,99,99,99,99,99,14,0,0,1,0,1
24,240195,7,7,0,0,0,10,10,3,0,16,6,2016,5,13,53,0,2,3,1,3,SR-2,CR-4505,333,39.126,-76.59,0,12,1,0,2,2,0,1,1,1,0,1,0,0,99,99,99,99,99,99,0,0,0,1,0,2
24,240198,3,3,0,0,0,8,8,510,50,6,7,2016,4,12,11,1,2,1,1,1,I-95,,67,39.267,-76.561,0,12,1,0,1,1,0,1,1,1,0,1,0,0,99,99,99,99,99,99,26,0,0,1,0,1
24,240200,1,1,0,1,1,1,1,5,0,10,1,2016,1,19,30,0,2,4,1,3,SR-151,,41,39.274,-76.473,0,8,0,0,1,1,0,1,2,10,0,10,0,0,99,99,99,99,88,88,0,0,0,1,0,2
24,240204,2,2,0,0,0,2,2,25,0,13,7,2016,4,16,14,0,2,3,1,3,SR-152,,76,39.49,-76.393,0,12,2,0,1,1,0,1,1,2,0,2,0,0,99,99,99,99,99,99,0,0,0,1,0,1
24,240206,2,2,0,0,0,2,2,15,0,8,7,2016,6,4,40,1,2,1,1,1,I-95,,60,39.617,-75.998,0,12,1,0,1,1,0,1,3,1,0,1,0,0,99,99,99,99,88,88,0,0,0,1,0,1
24,240207,1,1,0,1,1,1,1,33,0,24,6,2016,6,12,30,0,2,4,1,3,SR-193,CR-3574,175,38.898,-76.79,0,8,0,0,2,2,0,1,1,1,0,1,0,0,99,99,99,99,99,99,0,0,0,1,0,2
24,240208,1,1,0,0,0,1,1,43,0,14,7,2016,5,19,5,0,1,5,1,3,SR-77,,21,39.644,-77.551,0,59,0,0,1,1,0,4,1,1,0,1,0,0,99,99,99,99,88,88,0,0,0,1,0,1
24,240210,1,1,0,1,1,1,1,3,0,15,7,2016,6,22,59,0,2,4,1,3,SR-170,,106,39.214,-76.644,0,8,0,0,1,1,0,1,3,1,0,1,0,0,99,99,99,99,99,99,0,0,0,1,0,2
24,240212,1,1,0,0,0,1,1,510,50,13,6,2016,2,15,19,0,2,3,1,3,SR-151,,11,39.3,-76.549,0,33,0,0,1,1,0,4,1,1,0,1,0,0,99,99,99,99,99,99,0,0,0,1,0,2
24,240213,1,1,0,0,0,2,2,27,0,17,7,2016,1,6,11,1,2,1,1,1,I-70,,186,39.3,-76.802,0,42,0,0,1,1,4,4,4,1,0,1,0,0,99,99,99,99,99,99,3,0,0,1,0,0
24,240215,3,3,0,0,0,6,6,9,0,5,7,2016,3,14,47,0,2,4,1,3,SR-260,CR-619,5,38.756,-76.649,0,12,1,0,2,3,0,1,1,1,0,1,0,0,99,99,99,99,99,99,0,0,0,1,0,0
24,240216,1,1,0,0,0,1,1,5,0,20,6,2016,2,3,9,1,2,1,1,1,I-95,,18,39.241,-76.695,0,31,0,0,1,1,0,3,9,1,0,1,0,0,99,99,99,99,88,88,0,0,0,1,1,1
24,240217,2,1,1,0,0,1,1,3,0,21,7,2016,5,23,0,0,2,3,1,3,SR-3,,25,39.024,-76.693,0,14,0,0,1,1,0,2,2,1,0,1,0,0,99,99,99,99,88,88,0,0,0,1,0,2
24,240218,1,1,0,0,0,2,2,15,0,29,7,2016,6,13,14,1,2,3,1,2,US-1,CR-8,30,39.689,-76.133,0,1,0,0,2,2,0,1,1,1,0,1,0,0,99,99,99,99,99,99,0,0,0,1,0,1
24,240221,2,2,0,0,0,4,4,33,0,24,7,2016,1,1,10,1,2,1,1,1,I-95,,91,38.821,-76.892,0,12,7,0,1,1,0,1,2,1,0,1,0,0,99,99,99,99,99,99,0,0,0,1,0,1
24,240222,2,2,0,0,0,2,2,17,0,30,7,2016,7,11,36,0,2,3,1,2,US-301,CR-58,240,38.634,-76.903,0,12,6,0,3,3,0,1,1,10,0,10,0,0,99,99,99,99,88,88,0,0,0,1,0,0
24,240224,1,1,0,1,1,1,1,33,0,17,7,2016,1,2,6,0,2,3,1,3,SR-193,,9,38.984,-76.978,0,8,0,0,1,1,0,1,3,1,0,1,0,0,99,99,99,99,88,88,0,0,0,1,0,2
24,240225,2,2,0,0,0,2,2,47,0,31,7,2016,1,8,6,1,2,3,1,2,US-50,SR-589,96,38.347,-75.168,0,12,6,0,3,3,0,1,1,1,0,1,0,0,99,99,99,99,88,88,0,0,0,1,0,2
24,240226,1,1,0,1,1,1,1,13,0,29,7,2016,6,21,5,0,2,3,1,3,SR-140,,87,39.572,-76.984,0,8,0,0,1,1,0,1,2,1,0,1,0,0,99,99,99,99,99,99,0,0,0,1,0,1
24,240227,2,2,0,0,0,3,3,19,0,29,7,2016,6,15,4,0,1,3,1,2,US-50,CR-539,85,38.54,-75.945,0,12,6,0,2,2,0,1,1,1,0,1,0,0,99,99,99,99,99,99,0,0,0,1,0,2
24,240236,1,1,0,0,0,1,1,21,0,9,8,2016,3,23,40,0,1,5,1,3,SR-77,CR-17,6,39.639,-77.515,0,42,0,0,3,3,0,4,9,1,0,1,0,0,99,99,99,99,88,88,0,0,0,1,1,1
24,240239,1,1,0,0,0,1,1,5,0,19,7,2016,3,16,22,1,2,1,1,1,I-95,,8,39.238,-76.706,0,59,0,0,1,1,4,4,1,1,0,1,0,0,99,99,99,99,88,88,0,0,0,1,0,1
24,240242,2,2,0,0,0,2,2,3,0,12,8,2016,6,13,36,0,2,3,1,3,SR-177,,54,39.117,-76.505,0,12,6,0,1,1,0,1,1,1,0,1,0,0,99,99,99,99,99,99,0,0,0,1,0,2
24,240243,2,2,0,0,0,7,7,17,0,9,8,2016,3,16,6,0,1,5,1,3,SR-6,,222,38.512,-77.029,0,12,2,0,1,1,0,1,1,10,0,10,0,0,99,99,99,99,99,99,0,0,0,1,0,2
24,240248,1,1,0,0,0,4,4,45,0,1,8,2016,2,22,2,0,1,5,1,3,SR-313,,23,38.492,-75.753,0,42,0,0,1,1,0,4,2,2,0,2,0,0,99,99,99,99,99,99,0,0,0,1,0,1
24,240250,3,3,0,0,0,5,5,27,0,12,8,2016,6,12,17,1,2,1,1,1,I-95,,26,39.134,-76.857,0,12,2,0,1,1,0,1,1,1,0,1,0,0,99,99,99,99,99,99,0,0,0,1,0,1
24,240252,2,2,0,1,1,3,3,5,0,25,5,2016,4,23,32,1,2,3,1,2,US-40,CR-3959,225,39.39,-76.415,0,8,0,0,3,2,0,1,3,1,0,1,0,0,99,99,99,99,99,99,0,0,0,1,0,0