STATE,ST_CASE,VE_TOTAL,VE_FORMS,PVH_INVL,PEDS,PERNOTMVIT,PERMVIT,PERSONS,COUNTY,CITY,DAY,MONTH,YEAR,DAY_WEEK,HOUR,MINUTE,NHS,RUR_URB,FUNC_SYS,RD_OWNER,ROUTE,TWAY_ID,TWAY_ID2,MILEPT,LATITUDE,LONGITUD,SP_JUR,HARM_EV,MAN_COLL,RELJCT1,RELJCT2,TYP_INT,WRK_ZONE,REL_ROAD,LGT_COND,WEATHER1,WEATHER2,WEATHER,SCH_BUS,RAIL,NOT_HOUR,NOT_MIN,ARR_HOUR,ARR_MIN,HOSP_HR,HOSP_MN,CF1,CF2,CF3,FATALS,DRUNK_DR,RANK
24,240253,1,1,0,0,0,3,3,25,0,20,8,2016,7,14,34,0,2,3,1,3,SR-24,MU-60,93,39.524,-76.357,0,42,0,0,3,2,0,3,1,1,0,1,0,0,99,99,99,99,99,99,0,0,0,2,0,2
24,240254,2,2,0,0,0,2,2,5,0,21,8,2016,1,3,4,1,2,1,1,1,I-695,,16,39.255,-76.689,0,12,1,0,1,1,4,1,2,1,0,1,0,0,99,99,99,99,88,88,0,0,0,1,2,1
24,240257,2,2,0,0,0,2,2,31,0,20,8,2016,7,22,35,0,2,3,1,3,SR-193,MU-960,67,38.993,-76.991,0,12,11,0,2,2,0,1,3,1,0,1,0,0,99,99,99,99,88,88,0,0,0,1,0,2
24,240258,2,2,0,0,0,4,4,17,0,24,8,2016,4,18,25,1,2,3,1,2,US-301,HOLLY LN,239,38.633,-76.904,0,12,6,0,3,2,0,1,1,1,0,1,0,0,99,99,99,99,99,99,0,0,0,2,0,0
24,240262,2,2,0,0,0,2,2,29,0,28,8,2016,1,14,12,0,2,4,1,3,SR-20,SR-21,66,39.198,-76.19,0,12,6,0,2,2,0,1,1,1,0,1,0,0,99,99,99,99,99,99,0,0,0,1,0,2
24,240263,2,2,0,0,0,5,5,11,0,28,8,2016,1,22,52,0,1,4,1,3,SR-313,SR-317,199,38.905,-75.815,0,12,6,0,2,2,0,1,2,1,0,1,0,0,99,99,99,99,99,99,0,0,0,1,0,1
24,240266,3,3,0,0,0,3,3,27,0,15,8,2016,2,3,27,0,2,2,1,3,SR-100,,45,39.21,-76.794,0,12,2,0,1,1,0,1,3,1,0,1,0,0,99,99,99,99,88,88,0,0,0,1,1,1
24,240269,2,2,0,0,0,2,2,33,0,27,8,2016,7,3,15,1,2,1,1,1,I-95,,131,38.863,-76.848,0,12,1,0,1,1,0,1,2,99,0,99,0,0,99,99,99,99,88,88,0,0,0,1,1,1
24,240272,1,1,0,1,1,1,1,5,0,27,7,2016,4,22,15,0,2,3,1,3,SR-26,,96,39.342,-76.726,0,8,0,0,1,1,0,1,2,1,0,1,0,0,99,99,99,99,99,99,0,0,0,1,0,1
24,240276,2,2,0,0,0,2,2,5,0,17,9,2016,7,20,35,1,2,1,1,1,I-695,,130,39.385,-76.734,0,5,0,0,1,1,0,1,3,1,0,1,0,0,99,99,99,99,99,99,14,0,0,1,0,1
24,240277,1,1,0,1,1,3,3,35,0,16,9,2016,6,23,6,1,1,2,1,2,US-301,,301,39.138,-75.928,0,8,0,0,1,1,0,1,2,99,0,99,0,0,99,99,99,99,99,99,0,0,0,1,0,0
24,240281,3,3,0,0,0,3,3,17,0,19,9,2016,2,20,39,0,2,3,1,2,US-301,SR-227,196,38.583,-76.951,0,12,6,0,2,2,0,1,3,1,0,1,0,0,99,99,99,99,99,99,14,0,0,2,0,0
24,240282,4,4,0,0,0,8,8,33,0,21,9,2016,4,13,37,0,2,2,1,3,SR-4,,63,38.815,-76.827,0,12,1,0,1,1,0,1,1,1,0,1,0,0,99,99,99,99,99,99,0,0,0,1,0,2
24,240284,1,1,0,1,1,1,1,5,0,13,9,2016,3,21,38,0,2,4,1,3,SR-122,,6,39.313,-76.747,0,33,0,0,1,1,0,1,3,1,0,1,0,0,99,99,99,99,99,99,0,0,0,1,0,2
24,240285,3,3,0,0,0,5,5,27,0,13,9,2016,3,20,5,0,2,2,1,3,SR-32,,3,39.13,-76.799,0,12,1,0,1,1,0,1,3,1,0,1,0,0,99,99,99,99,99,99,0,0,0,1,0,2
24,240289,4,4,0,0,0,5,5,43,0,30,9,2016,6,2,1,1,1,1,1,1,I-70,,29,39.699,-78.155,0,12,1,0,1,1,0,1,2,2,0,2,0,0,99,99,99,99,99,99,0,0,0,1,0,0
24,240294,1,1,0,1,1,1,1,33,0,4,10,2016,3,19,36,1,2,3,1,2,US-1,,123,39.085,-76.862,0,8,0,0,1,1,0,1,3,99,0,99,0,0,99,99,99,99,99,99,0,0,0,1,1,1
24,240296,2,2,0,0,0,2,2,5,0,30,8,2016,3,14,52,0,2,4,1,3,SR-150,CR-4158,86,39.344,-76.394,0,12,6,0,2,3,0,1,1,1,0,1,0,0,99,99,99,99,99,99,0,0,0,1,0,0
24,240298,3,2,1,0,0,7,7,510,50,24,9,2016,7,16,37,0,2,3,4,3,SR-144,,0,39.28,-76.666,0,12,6,0,1,1,0,1,1,1,0,1,0,0,99,99,99,99,99,99,0,0,0,1,1,2
24,240303,1,1,0,0,0,1,1,9,0,22,6,2016,4,7,22,0,2,3,1,3,SR-260,CR-777,60,38.704,-76.577,0,1,0,0,2,3,0,1,1,1,0,1,0,0,99,99,99,99,99,99,0,0,0,1,0,0
24,240304,7,7,0,0,0,9,9,43,0,29,6,2016,4,16,48,1,1,1,1,1,I-81,,69,39.653,-77.75,0,12,1,0,1,1,0,1,1,1,0,1,0,0,99,99,99,99,99,99,0,0,0,1,0,0
24,240305,1,1,0,1,1,2,2,5,0,3,9,2016,7,2,17,0,2,3,1,3,SR-295,,11,39.244,-76.648,0,8,0,0,1,1,4,1,2,1,0,1,0,0,99,99,99,99,88,88,0,0,0,1,0,1
24,240311,1,1,0,0,0,1,1,29,0,21,9,2016,4,13,49,0,2,5,1,3,SR-291,,39,39.24,-76.031,0,35,0,0,1,1,0,4,1,1,0,1,0,0,99,99,99,99,88,88,0,0,0,1,1,2
24,240312,1,1,0,1,1,1,1,25,0,14,7,2016,5,4,7,0,2,4,1,3,SR-7,,7,39.431,-76.367,0,8,0,0,1,1,0,1,2,1,0,1,0,0,99,99,99,99,88,88,0,0,0,1,0,2
24,240313,3,3,0,2,2,3,3,27,0,24,7,2016,1,2,58,1,2,1,1,1,I-95,,64,39.189,-76.775,0,12,1,0,1,1,0,2,3,1,0,1,0,0,99,99,99,99,99,99,23,0,0,1,2,1
24,240315,2,2,0,0,0,2,2,33,0,29,7,2016,6,1,56,1,2,1,1,1,I-95,,91,38.83,-76.874,0,12,1,0,1,1,0,1,2,2,0,2,0,0,99,99,99,99,99,99,0,0,0,1,0,1
24,240317,3,3,0,0,0,4,4,15,0,16,10,2016,1,16,40,1,2,1,1,1,I-95,,6,39.585,-76.096,0,12,6,0,1,1,0,1,1,1,0,1,0,0,99,99,99,99,99,99,28,0,0,2,0,1
24,240318,1,1,0,1,1,1,1,5,0,30,9,2016,6,23,14,0,2,3,1,2,US-40,,16,39.285,-76.759,0,8,0,0,1,1,0,1,3,2,0,2,0,0,99,99,99,99,99,99,0,0,0,1,0,0
24,240322,2,2,0,0,0,3,3,21,0,22,9,2016,5,16,41,1,1,1,1,1,I-70,,240,39.381,-77.269,0,12,6,0,1,1,0,1,1,1,0,1,0,0,99,99,99,99,99,99,0,0,0,1,0,0
24,240323,1,1,0,1,1,1,1,31,0,16,10,2016,1,20,49,0,2,3,1,3,SR-28,CR-4560,250,39.095,-77.113,0,8,0,0,3,3,0,1,3,1,0,1,0,0,99,99,99,99,99,99,0,0,0,1,0,2
24,240325,1,1,0,1,1,1,1,31,0,24,10,2016,2,6,54,0,2,3,1,3,SR-97,,61,39.074,-77.066,0,8,0,0,1,1,0,1,6,10,0,10,0,0,99,99,99,99,99,99,0,0,0,1,0,2
24,240326,1,1,0,0,0,1,1,47,0,25,10,2016,3,22,26,0,1,4,1,3,SR-12,,212,38.256,-75.501,0,34,0,0,1,1,0,4,2,1,0,1,0,0,99,99,99,99,88,88,0,0,0,1,0,2
24,240327,1,1,0,1,1,1,1,17,0,23,10,2016,1,19,59,1,2,3,1,2,US-301,,166,38.553,-76.986,0,8,0,0,1,1,0,1,2,1,0,1,0,0,99,99,99,99,88,88,0,0,0,1,0,0
24,240328,1,1,0,0,0,1,1,17,0,22,10,2016,7,1,44,0,2,4,1,3,SR-6,,215,38.509,-77.04,0,34,0,0,1,1,0,4,3,1,0,1,0,0,99,99,99,99,99,99,0,0,0,1,1,2
24,240330,2,2,0,0,0,2,2,27,0,29,10,2016,7,4,27,1,2,1,1,1,I-70,,107,39.315,-76.971,0,12,1,0,1,1,0,1,2,1,0,1,0,0,99,99,99,99,88,88,23,0,0,1,0,0
24,240331,2,2,0,0,0,3,3,13,0,29,10,2016,7,11,36,0,2,3,1,3,SR-140,SR-91,14,39.496,-76.892,0,12,6,0,2,2,0,1,1,1,0,1,0,0,99,99,99,99,99,99,0,0,0,1,0,1
24,240332,1,1,0,2,2,2,2,27,0,15,10,2016,7,23,13,1,2,3,1,2,US-1,,60,39.175,-76.778,0,8,0,0,1,1,0,1,3,1,0,1,0,0,99,99,99,99,99,99,0,0,0,2,0,1
24,240333,3,3,0,0,0,5,5,15,0,8,8,2016,2,22,27,1,2,3,1,2,US-40,WHITE HALL RD,153,39.598,-75.82,0,12,6,0,3,2,0,1,3,99,0,99,0,0,99,99,99,99,99,99,20,0,0,1,0,0
24,240335,1,1,0,1,1,1,1,17,0,23,10,2016,1,21,52,1,2,3,1,2,US-301,,257,38.651,-76.883,0,9,0,0,8,1,0,1,2,99,0,99,0,0,99,99,99,99,88,88,0,0,0,1,0,0
24,240336,1,1,0,1,1,1,1,27,0,30,9,2016,6,1,57,1,2,3,1,2,US-1,,31,39.141,-76.811,0,8,0,0,1,1,0,1,3,2,0,2,0,0,99,99,99,99,99,99,0,0,0,1,0,1
24,240339,1,1,0,1,1,1,1,25,0,1,10,2016,7,2,15,1,2,3,1,2,US-40,,149,39.529,-76.128,0,9,0,0,1,1,0,1,2,10,0,10,0,0,99,99,99,99,99,99,0,0,0,1,0,0
24,240340,2,2,0,0,0,2,2,43,0,4,11,2016,6,14,29,1,1,1,1,1,I-70,,109,39.635,-78.025,0,35,0,0,1,1,0,3,1,99,0,99,0,0,99,99,99,99,88,88,0,0,0,1,0,0
24,240342,1,1,0,0,0,2,2,43,0,8,11,2016,3,18,32,1,2,1,1,1,I-70,,139,39.624,-78.001,0,42,0,0,1,1,0,3,2,1,0,1,0,0,99,99,99,99,99,99,0,0,0,1,0,0
24,240344,3,3,0,0,0,3,3,5,0,9,7,2016,7,23,19,0,2,3,1,3,SR-26,CR-200,72,39.356,-76.765,0,12,1,0,3,2,0,1,3,1,0,1,0,0,99,99,99,99,99,99,0,0,0,1,0,1
24,240347,2,2,0,0,0,2,2,1,0,13,11,2016,1,6,52,0,2,4,1,3,SR-36,,41,39.524,-79.018,0,12,2,0,1,1,0,1,2,1,0,1,0,0,99,99,99,99,88,88,0,0,0,2,1,1
24,240354,1,1,0,0,0,2,2,510,50,5,4,2016,3,0,16,1,2,3,1,2,US-1,,94,39.285,-76.647,0,33,0,0,1,1,0,4,3,1,0,1,0,0,99,99,99,99,99,99,0,0,0,1,1,1
24,240356,2,2,0,0,0,2,2,9,0,4,8,2016,5,1,27,0,2,3,1,3,SR-2,CR-48,165,38.513,-76.567,0,12,6,0,2,2,0,1,2,1,0,1,0,0,99,99,99,99,99,99,0,0,0,1,1,2
24,240358,1,1,0,1,1,1,1,33,0,3,10,2016,2,5,39,0,2,3,1,3,SR-198,,41,39.095,-76.839,0,8,0,0,8,1,0,1,2,5,0,5,0,0,99,99,99,99,88,88,0,0,0,1,0,1
24,240362,1,1,0,0,0,1,1,3,0,6,11,2016,1,3,10,0,2,2,1,3,SR-100,,31,39.148,-76.702,0,25,0,0,1,1,0,3,2,1,0,1,0,0,99,99,99,99,88,88,0,0,0,1,1,1
24,240363,2,2,0,0,0,3,3,5,0,8,10,2016,7,23,10,0,2,3,1,3,SR-150,CR-5163,0,39.288,-76.53,0,12,6,0,2,3,0,1,3,8,0,8,0,0,99,99,99,99,99,99,0,0,0,1,0,0
24,240367,1,1,0,0,0,2,2,25,0,19,11,2016,7,20,45,0,2,6,1,3,SR-23,,46,39.696,-76.246,0,52,0,0,1,1,0,4,2,3,0,3,0,0,99,99,99,99,99,99,0,0,0,1,0,0
24,240368,1,1,0,0,0,2,2,19,0,18,11,2016,6,22,42,0,1,4,1,3,SR-32,,104,38.631,-75.756,0,58,0,0,1,1,0,4,2,99,0,99,0,0,99,99,99,99,99,99,0,0,0,1,0,2
24,240369,2,2,0,0,0,2,2,3,0,25,6,2016,7,23,32,0,2,3,1,3,SR-3,RACETRACK RD,26,39.025,-76.692,0,12,6,0,2,99,0,1,3,1,0,1,0,0,99,99,99,99,88,88,0,0,0,1,0,2
24,240370,2,2,0,0,0,2,2,33,0,27,8,2016,7,3,4,1,2,1,1,1,I-95,,43,38.807,-76.989,0,12,6,0,1,1,0,1,3,1,0,1,0,0,99,99,99,99,99,99,0,0,0,1,0,1
24,240371,2,2,0,0,0,2,2,510,50,26,8,2016,6,17,50,0,2,3,1,3,SR-41,MJ-2850,6,39.331,-76.589,0,12,6,0,2,3,0,1,1,1,0,1,0,0,99,99,99,99,99,99,0,0,0,1,0,1
24,240375,3,3,0,0,0,5,5,37,0,10,11,2016,5,16,37,0,2,3,1,3,SR-4,,77,38.451,-76.75,0,12,2,0,1,1,0,1,1,1,0,1,0,0,99,99,99,99,99,99,0,0,0,1,0,2
24,240376,1,1,0,1,1,1,1,5,0,23,8,2016,3,0,34,0,2,4,1,3,SR-151,,42,39.275,-76.474,0,8,0,0,1,1,0,1,2,1,0,1,0,0,99,99,99,99,88,88,0,0,0,1,0,2
24,240377,2,2,0,0,0,3,3,33,0,3,8,2016,4,16,31,0,2,3,1,3,SR-3,CR-1824,16,38.978,-76.715,0,12,6,0,2,2,0,1,1,1,0,1,0,0,99,99,99,99,99,99,0,0,0,2,0,2
24,240378,2,2,0,0,0,2,2,25,0,23,11,2016,4,17,46,0,2,4,1,3,SR-7,SR-136,73,39.474,-76.264,0,12,6,0,2,3,0,1,3,1,0,1,0,0,99,99,99,99,99,99,0,0,0,1,0,2
24,240379,1,1,0,1,1,1,1,13,0,25,11,2016,6,18,10,0,2,4,1,3,SR-27,,3,39.356,-77.169,0,9,0,0,1,1,0,1,2,1,0,1,0,0,99,99,99,99,99,99,0,0,0,1,0,2
24,240380,2,2,0,0,0,3,3,5,0,27,11,2016,1,23,1,1,2,1,1,1,I-695,,33,39.263,-76.707,0,12,1,0,1,1,0,1,3,1,0,1,0,0,99,99,99,99,99,99,0,0,0,1,0,1
24,240382,3,3,0,0,0,3,3,9,0,6,11,2016,1,18,57,0,2,2,1,3,SR-2,,173,38.522,-76.574,0,11,0,0,1,1,0,1,2,1,0,1,0,0,99,99,99,99,88,88,0,0,0,1,0,2
24,240383,1,1,0,0,0,2,2,1,0,19,11,2016,7,23,11,0,2,7,2,4,CR-9,,11,39.578,-78.972,0,30,0,0,1,1,0,4,2,4,0,4,0,0,99,99,99,99,99,99,0,0,0,1,1,2
24,240385,2,2,0,0,0,3,3,3,0,25,11,2016,6,13,20,0,2,2,1,3,SR-10,,36,39.162,-76.606,0,12,1,0,1,1,0,1,1,1,0,1,0,0,99,99,99,99,99,99,0,0,0,1,0,2
24,240387,1,1,0,1,1,1,1,5,0,17,10,2016,2,10,0,0,2,4,1,3,SR-144,,6,39.263,-76.786,0,8,0,0,1,1,0,1,1,1,0,1,0,0,99,99,99,99,99,99,0,0,0,1,0,2
24,240388,2,2,0,0,0,2,2,5,0,30,11,2016,4,7,28,1,2,1,1,1,I-70,,24,39.308,-76.755,0,12,8,0,1,1,0,2,1,2,0,2,0,0,99,99,99,99,88,88,0,0,0,1,0,0
24,240394,1,1,0,1,1,1,1,13,0,8,12,2016,5,5,23,0,2,4,2,3,SR-26,,119,39.396,-76.919,0,8,0,0,1,1,0,1,2,10,0,10,0,0,99,99,99,99,99,99,0,0,0,1,0,1
24,240395,2,2,0,0,0,3,3,33,0,10,11,2016,5,20,4,1,2,3,1,2,US-301,CR-131,81,38.757,-76.81,0,12,6,0,3,2,0,1,3,99,0,99,0,0,99,99,99,99,99,99,0,0,0,1,0,0
24,240396,2,2,0,0,0,5,5,13,0,11,10,2016,3,13,41,0,2,3,1,3,SR-27,MU-270,15,39.368,-77.148,0,12,6,0,2,2,0,1,1,99,0,99,0,0,99,99,99,99,99,99,0,0,0,1,0,2
24,240398,3,3,0,0,0,3,3,33,0,15,10,2016,7,1,7,0,2,2,1,3,SR-210,SR-228,29,38.665,-77.017,0,12,2,0,2,2,0,1,3,1,0,1,0,0,99,99,99,99,99,99,0,0,0,1,0,2
24,240400,1,1,0,1,1,1,1,5,0,25,10,2016,3,23,7,1,2,3,1,2,US-40,,170,39.335,-76.485,0,8,0,0,1,1,0,1,3,1,0,1,0,0,99,99,99,99,99,99,0,0,0,1,0,0
24,240403,4,4,0,0,0,6,6,33,0,13,12,2016,3,21,15,1,2,1,1,1,I-95,,316,39.081,-76.9,0,12,1,0,1,1,0,1,3,1,0,1,0,0,99,99,99,99,99,99,0,0,0,1,0,1
24,240404,1,1,0,0,0,1,1,5,0,7,11,2016,2,0,0,0,2,7,1,3,SR-7,,33,39.343,-76.479,0,42,0,0,1,1,0,4,6,99,0,99,0,0,99,99,99,99,99,99,0,0,0,1,1,2
24,240405,2,2,0,1,1,7,7,5,0,28,10,2016,6,6,58,0,2,4,1,3,SR-7,,23,39.334,-76.495,0,8,0,0,1,1,0,1,3,1,0,1,0,0,99,99,99,99,88,88,0,0,0,1,0,2
24,240406,1,1,0,1,1,3,3,17,0,4,12,2016,1,20,0,1,2,3,1,2,US-301,,159,38.545,-76.985,0,8,0,0,1,1,0,1,2,10,0,10,0,0,99,99,99,99,99,99,0,0,0,1,0,0
24,240408,1,1,0,0,0,1,1,33,0,21,7,2016,5,20,46,0,2,2,1,3,SR-210,,33,38.676,-77.006,0,1,0,0,1,1,0,1,5,1,0,1,0,0,99,99,99,99,88,88,0,0,0,1,0,2
24,240412,1,1,0,1,1,1,1,43,0,22,12,2016,5,19,12,0,1,4,1,3,SR-64,FOXVILLE RD,81,39.649,-77.569,0,8,0,0,3,2,0,1,3,1,0,1,0,0,99,99,99,99,99,99,0,0,0,1,0,2
24,240413,2,2,0,0,0,3,3,15,0,24,12,2016,7,16,19,0,2,4,1,2,US-40,,97,39.612,-75.922,0,12,6,0,7,1,0,1,1,5,0,5,0,0,99,99,99,99,99,99,0,0,0,1,0,0
24,240414,1,1,0,1,1,2,2,33,0,27,12,2016,3,4,7,1,2,3,3,2,US-1,,104,39.068,-76.878,0,8,0,0,1,1,0,1,2,1,0,1,0,0,99,99,99,99,88,88,0,0,0,1,0,1
24,240415,1,1,0,2,2,2,2,13,0,17,12,2016,7,10,47,0,2,4,1,3,SR-86,,2,39.689,-76.88,0,15,0,0,8,1,0,1,1,8,0,8,0,0,99,99,99,99,99,99,0,0,0,1,0,1
24,240420,3,3,0,0,0,3,3,21,0,7,12,2016,4,5,33,1,2,1,1,1,I-70,,147,39.398,-77.426,0,12,11,1,5,1,0,1,2,10,0,10,0,0,99,99,99,99,99,99,28,0,0,1,0,0
24,240423,2,2,0,0,0,2,2,33,0,15,5,2016,1,15,50,1,2,3,1,2,US-1,CR-5562,12,38.946,-76.946,0,12,6,0,2,2,0,1,1,1,0,1,0,0,99,99,99,99,99,99,0,0,0,1,0,1
24,240424,1,1,0,1,1,1,1,3,0,24,12,2016,7,19,13,0,2,3,1,3,SR-2,,370,39.173,-76.619,0,8,0,0,1,1,0,1,2,2,0,2,0,0,99,99,99,99,88,88,0,0,0,1,0,2
24,240426,3,3,0,0,0,7,7,5,0,6,11,2016,1,17,46,0,2,3,1,3,SR-26,BRUBAR CT,93,39.344,-76.73,0,12,6,0,2,3,0,1,3,99,0,99,0,0,99,99,99,99,88,88,0,0,0,1,1,1
24,240428,2,2,0,0,0,2,2,33,0,26,12,2016,2,20,35,0,2,3,1,3,SR-5,CR-1756,50,38.728,-76.882,0,12,6,0,2,3,0,1,3,1,0,1,0,0,99,99,99,99,99,99,0,0,0,1,1,1
24,240435,1,1,0,0,0,1,1,3,0,24,12,2016,7,11,45,1,2,1,1,1,I-695,,19,39.218,-76.657,0,24,0,1,5,1,0,4,1,2,0,2,0,0,99,99,99,99,99,99,0,0,0,1,1,1
24,240440,1,1,0,0,0,1,1,510,50,17,12,2016,7,4,45,1,2,1,1,1,I-95,,13,39.271,-76.654,0,25,0,0,1,1,0,3,3,8,0,8,0,0,99,99,99,99,88,88,19,26,0,1,0,1
24,240441,2,2,0,0,0,2,2,13,0,27,12,2016,3,8,48,0,2,3,1,3,SR-31,,79,39.56,-77.03,0,12,2,0,1,1,0,1,1,10,0,10,0,0,99,99,99,99,99,99,0,0,0,1,0,2
24,240443,1,1,0,0,0,1,1,45,0,17,12,2016,7,10,45,1,1,2,1,2,US-50,,307,38.385,-75.327,0,42,0,0,1,1,0,4,1,2,0,2,0,0,99,99,99,99,99,99,0,0,0,1,0,2
24,240444,2,2,0,0,0,2,2,13,0,26,8,2016,6,0,54,0,1,3,1,3,SR-30,,91,39.694,-76.901,0,12,6,0,4,1,0,1,2,1,0,1,0,0,99,99,99,99,99,99,0,0,0,1,1,1
24,240446,3,3,0,0,0,7,7,17,0,16,12,2016,6,19,56,1,2,3,1,2,US-301,ORLAND PARK RD,25,38.366,-76.969,0,12,6,0,2,2,0,1,2,1,0,1,0,0,99,99,99,99,88,88,0,0,0,2,1,1
24,240448,2,2,0,0,0,2,2,45,0,16,12,2016,6,17,14,1,1,3,1,2,US-50,POWELLVILLE RD,292,38.387,-75.354,0,12,6,0,2,2,0,1,3,99,0,99,0,0,99,99,99,99,88,88,0,0,0,1,0,2
24,240449,2,2,0,0,0,5,5,5,0,26,12,2016,2,4,39,1,2,1,1,1,I-95,,259,39.434,-76.381,0,12,1,0,1,1,0,1,2,1,0,1,0,0,99,99,99,99,99,99,0,0,0,1,1,1
24,240455,1,1,0,2,2,4,4,5,0,19,12,2016,2,19,15,0,2,3,1,3,SR-140,,74,39.44,-76.805,0,8,0,0,1,1,0,1,3,10,0,10,0,0,99,99,99,99,99,99,0,0,0,1,0,1
24,240456,2,2,0,0,0,3,3,33,0,4,9,2016,1,1,14,0,2,3,1,3,SR-4,CR-86,116,38.85,-76.905,0,12,6,0,2,2,0,1,3,1,0,1,0,0,99,99,99,99,99,99,0,0,0,2,2,2
24,240459,2,2,0,0,0,2,2,3,0,3,11,2016,5,13,45,0,2,3,1,3,SR-4,CR-3541,4,38.77,-76.658,0,12,6,0,2,2,0,1,1,1,0,1,0,0,99,99,99,99,99,99,0,0,0,1,0,2
24,240460,1,1,0,1,1,1,1,33,0,23,10,2016,1,1,15,0,2,2,1,3,SR-201,,4,38.919,-76.932,0,9,0,0,1,1,0,1,3,1,0,1,0,0,99,99,99,99,88,88,0,0,0,1,0,2
24,240461,5,5,0,0,0,5,5,33,0,31,10,2016,2,12,30,0,2,3,1,3,SR-5,,66,38.758,-76.88,0,12,1,0,1,1,0,1,1,1,0,1,0,0,99,99,99,99,99,99,0,0,0,1,0,1
24,240464,2,2,0,0,0,2,2,15,0,18,11,2016,6,8,49,1,2,1,1,1,I-95,,150,39.647,-75.844,0,12,1,0,1,1,0,1,1,1,0,1,0,0,99,99,99,99,99,99,0,0,0,1,0,1
24,240466,3,3,0,0,0,3,3,31,0,27,12,2016,3,11,21,1,2,3,2,2,US-29,CR-112,51,39.046,-76.987,0,12,6,0,2,2,0,1,1,1,0,1,0,0,99,99,99,99,99,99,0,0,0,1,0,0
24,240467,1,1,0,1,1,1,1,33,0,5,11,2016,7,22,44,0,2,3,1,3,SR-202,,115,38.927,-76.883,0,8,0,0,1,1,0,1,3,99,0,99,0,0,99,99,99,99,99,99,0,0,0,1,0,2
24,240471,3,3,0,0,0,7,7,15,0,24,11,2016,5,21,15,0,1,4,1,3,SR-273,,81,39.7,-75.943,0,12,2,0,1,1,0,1,2,1,0,1,0,0,99,99,99,99,99,99,14,0,0,1,1,2
24,240472,3,3,0,2,2,1,1,5,0,3,12,2016,7,8,35,1,2,1,1,1,I-695,,66,39.296,-76.742,0,12,1,0,1,1,0,2,1,1,0,1,0,0,99,99,99,99,99,99,23,0,0,1,0,1
24,240476,2,2,0,0,0,2,2,3,0,20,12,2016,3,16,28,0,2,4,1,3,SR-178,,18,39.009,-76.564,0,12,2,0,1,1,0,1,5,1,0,1,0,0,99,99,99,99,99,99,0,0,0,1,0,0
24,240477,1,1,0,1,1,1,1,43,0,17,12,2016,7,4,36,0,2,3,1,2,US-40,MU-5220,365,39.639,-77.714,0,8,0,0,3,3,0,1,3,2,0,2,0,0,99,99,99,99,99,99,0,0,0,1,1,0
24,240479,1,1,0,1,1,1,1,15,0,15,11,2016,3,19,9,0,1,4,1,3,SR-273,,108,39.685,-75.898,0,8,0,0,1,1,0,1,5,99,0,99,0,0,99,99,99,99,88,88,0,0,0,1,0,2
24,240481,2,2,0,0,0,2,2,510,50,10,8,2016,4,10,0,0,2,3,1,3,SR-2,,12,39.247,-76.611,0,12,2,0,1,1,0,1,1,1,0,1,0,0,99,99,99,99,99,99,0,0,0,1,1,2
24,240483,1,1,0,0,0,1,1,33,0,4,6,2016,7,20,50,0,2,3,66,3,SR-295,,99999,100,1000,0,99,99,0,1,1,0,1,9,99,0,99,0,0,99,99,99,99,99,99,0,0,0,1,0,1
25,250003,1,1,0,1,1,1,1,1,1535,6,1,2016,4,99,99,1,2,3,1,3,SR-28,,99998,41.662,-70.202,0,8,0,0,1,1,0,1,3,1,0,1,0,0,17,29,17,30,17,56,0,0,0,1,0,2
25,250025,2,2,0,0,0,2,2,5,924,27,2,2016,7,18,2,1,2,1,1,1,I-495 S,,270,41.991,-71.172,0,12,2,0,1,1,0,1,2,1,0,1,0,0,19,6,18,13,99,99,0,0,0,1,0,1
25,250076,2,2,0,0,0,2,2,9,570,18,5,2016,4,6,55,1,2,1,1,1,I-495 S,,99998,42.705,-71.14,0,12,6,0,1,1,0,1,1,1,0,1,0,0,6,53,6,57,99,99,0,0,0,1,0,1
25,250079,1,1,0,0,0,1,1,27,780,26,5,2016,5,8,45,1,2,1,1,1,I-495 S,,490,42.16,-71.495,0,42,0,0,1,1,0,3,1,1,0,1,0,0,8,56,9,7,88,88,0,0,0,1,0,1
25,250083,1,1,0,0,0,1,1,23,770,3,6,2016,6,17,10,1,2,1,1,1,I-495 S,,58,41.87,-70.892,0,1,0,0,1,1,0,4,1,1,0,1,0,0,17,4,17,11,17,40,0,0,0,1,0,1
25,250129,1,1,0,0,0,1,1,13,636,19,7,2016,3,22,41,1,2,1,1,1,I-90 W,,555,42.169,-72.467,0,24,0,0,1,1,0,8,3,1,0,1,0,0,22,43,22,50,23,18,0,0,0,1,1,0
25,250147,1,1,0,0,0,2,2,13,114,9,6,2016,5,13,41,1,2,1,1,1,I-90 W,,311,42.229,-72.978,0,59,0,0,1,1,0,3,1,1,0,1,0,0,13,44,13,54,99,99,0,0,0,1,1,0
25,250154,2,2,0,0,0,2,2,5,670,27,7,2016,4,2,18,1,2,1,1,1,I-495 S,,99998,42.019,-71.243,0,12,2,0,1,1,0,1,2,1,0,1,0,0,2,22,2,25,88,88,0,0,0,2,2,1
25,250175,2,2,0,0,0,2,2,23,770,30,8,2016,3,16,12,1,2,1,1,1,I-495 S,,84,41.87,-70.892,0,12,1,0,1,1,0,1,1,1,0,1,0,0,16,18,16,19,16,57,0,0,0,1,0,1
25,250177,1,1,0,0,0,1,1,23,770,6,10,2016,5,23,5,1,2,1,1,1,I-495 S,,99997,41.87,-70.892,0,24,0,0,1,1,0,3,2,1,0,1,0,0,99,99,99,99,99,99,0,0,0,1,0,1