STATE,ST_CASE,VE_TOTAL,VE_FORMS,PVH_INVL,PEDS,PERNOTMVIT,PERMVIT,PERSONS,COUNTY,CITY,DAY,MONTH,YEAR,DAY_WEEK,HOUR,MINUTE,NHS,RUR_URB,FUNC_SYS,RD_OWNER,ROUTE,TWAY_ID,TWAY_ID2,MILEPT,LATITUDE,LONGITUD,SP_JUR,HARM_EV,MAN_COLL,RELJCT1,RELJCT2,TYP_INT,WRK_ZONE,REL_ROAD,LGT_COND,WEATHER1,WEATHER2,WEATHER,SCH_BUS,RAIL,NOT_HOUR,NOT_MIN,ARR_HOUR,ARR_MIN,HOSP_HR,HOSP_MN,CF1,CF2,CF3,FATALS,DRUNK_DR,RANK
25,250185,4,4,0,0,0,10,10,27,1204,8,8,2016,2,23,49,1,1,1,1,1,I-90 W,,99998,42.276,-71.534,0,12,2,0,1,1,0,1,2,1,0,1,0,0,99,99,99,99,99,99,0,0,0,1,1,0
25,250202,2,1,1,0,1,2,3,9,122,10,9,2016,7,17,53,1,2,1,1,1,I-95,,99998,77.778,777.778,0,14,0,0,1,1,0,4,1,1,0,1,0,0,18,1,18,15,18,41,0,0,0,1,1,1
25,250213,2,2,0,0,0,6,6,25,120,31,8,2016,4,1,15,1,2,1,1,1,I-90 E,,1376,42.347,-71.062,0,12,1,0,1,1,0,1,3,1,0,1,0,0,99,99,99,99,99,99,99,99,99,2,1,0
25,250228,1,1,0,0,0,1,1,23,1360,27,10,2016,5,11,45,1,2,1,1,1,I-495 S,,16,41.794,-70.751,0,42,0,0,1,1,0,3,1,10,0,10,0,0,11,42,11,55,12,15,0,0,0,1,0,1
25,250240,1,1,0,0,0,2,2,27,780,14,7,2016,5,3,30,1,2,1,1,1,I-495 S,,99998,42.16,-71.495,0,42,0,0,1,1,0,5,2,1,0,1,0,0,99,99,99,99,99,99,0,0,0,1,1,1
25,250250,2,2,0,0,0,2,2,5,1064,21,9,2016,4,19,0,1,2,1,1,1,I-495 S,,99998,41.16,-71.019,0,12,7,0,1,1,0,1,2,1,0,1,0,0,99,99,99,99,99,99,0,0,0,1,0,1
25,250259,1,1,0,0,0,6,6,27,1390,29,10,2016,7,1,30,1,2,1,1,1,I-90 W,,1015,42.233,-71.611,0,17,0,0,1,1,0,5,2,1,0,1,0,0,99,99,99,99,99,99,0,0,0,1,1,0
25,250265,1,1,0,0,0,1,1,13,1270,11,11,2016,6,0,35,1,2,1,1,1,I-91,,99998,77.778,777.778,0,33,0,0,1,1,0,4,3,10,0,10,0,0,0,38,0,56,1,23,20,0,0,1,1,0
25,250272,2,2,0,0,0,2,2,21,370,24,11,2016,5,2,30,1,2,1,1,1,I-495 S,,344,42.031,-71.277,0,12,2,0,1,1,0,1,2,1,0,1,0,0,2,16,2,24,99,99,0,0,0,1,1,1
25,250291,2,2,0,0,0,2,2,5,850,6,12,2016,3,6,18,1,2,4,4,3,SR-140,,99998,77.778,777.778,0,12,1,0,1,1,0,1,4,1,0,1,0,0,6,6,6,12,7,18,0,0,0,1,0,1
25,250294,1,1,0,0,0,3,3,5,320,11,12,2016,1,1,35,0,2,4,1,3,SR-24,,70,77.778,777.778,0,42,0,0,1,1,0,5,2,1,0,1,0,0,1,46,1,49,2,16,0,0,0,2,1,2
25,250303,1,1,0,0,0,1,1,17,1431,30,12,2016,6,20,25,1,2,1,1,1,I-495 S,,818,42.57,-71.425,0,24,0,0,1,1,0,4,3,1,0,1,0,0,20,31,20,39,99,99,0,0,0,1,1,1
25,250307,1,1,0,1,1,1,1,17,195,24,12,2016,7,3,18,1,2,1,1,1,I-495,,99998,42.617,-71.291,0,8,0,0,1,1,0,1,3,1,0,1,0,0,3,22,3,30,99,99,0,0,0,1,0,1
25,250329,1,1,0,0,0,2,2,17,5,4,4,2016,2,12,55,1,2,3,1,3,SR-2,,99998,42.482,-71.452,0,24,0,0,1,1,0,3,1,4,0,4,0,0,12,39,12,47,13,36,0,0,0,1,0,2
25,250331,1,1,0,0,0,1,1,15,466,22,7,2016,6,16,0,1,2,1,1,1,I-91,,280,42.395,-72.63,0,1,0,0,1,1,0,3,1,1,0,1,0,0,99,99,99,99,99,99,0,0,0,1,0,0
25,250333,3,1,2,1,3,1,3,17,720,28,6,2016,3,2,35,1,2,1,1,1,I-93,,99998,77.778,777.778,0,8,0,0,1,1,2,1,3,1,0,1,0,0,99,99,99,99,99,99,14,0,0,1,1,0
25,250336,3,1,2,0,4,1,5,27,185,16,3,2016,4,12,0,1,2,1,1,1,I-90,,802,77.778,777.778,0,14,0,0,1,1,0,4,1,1,0,1,0,0,99,99,99,99,99,99,14,0,0,1,0,0
25,250340,1,1,0,0,0,1,1,27,565,24,12,2016,7,3,42,0,2,4,1,3,SR-2,,1040,77.778,777.778,0,42,0,0,1,1,0,5,2,1,0,1,0,0,99,99,99,99,99,99,0,0,0,1,0,2
26,260001,1,1,0,1,1,1,1,25,0,1,1,2016,6,5,52,1,1,1,1,1,I-94,,268,42.283,-84.796,0,8,0,0,1,1,0,1,2,4,0,4,0,0,5,53,6,0,99,99,0,0,0,1,0,0
26,260015,2,2,0,0,0,3,3,103,0,17,1,2016,1,10,45,1,1,3,98,2,US-41,,450,46.493,-87.814,0,12,6,0,1,1,0,1,1,10,4,4,0,0,10,52,10,57,99,99,0,0,0,1,1,0
26,260017,5,5,0,1,1,11,11,159,0,17,1,2016,1,13,55,1,2,1,1,1,I-94,,25,42.191,-86.176,0,12,2,0,1,1,0,1,1,4,11,4,0,0,99,99,99,99,99,99,19,0,0,2,0,0
26,260022,3,3,0,0,0,4,4,125,3628,13,1,2016,4,10,0,1,2,3,98,3,SR-5,14 MILE RD,20,42.527,-83.446,0,12,1,0,3,2,0,1,1,10,0,10,0,0,99,99,99,99,99,99,0,0,0,1,0,1
26,260031,2,2,0,0,0,2,2,49,1731,15,1,2016,6,2,40,1,2,1,1,1,I-75,,91,42.961,-83.725,0,12,1,1,18,1,0,1,2,10,0,10,0,0,99,99,99,99,88,88,0,0,0,1,1,2
26,260035,2,2,0,0,0,3,3,103,2480,27,1,2016,4,18,0,1,2,3,98,2,US-41,LAKESHORE BLVD,385,46.499,-87.683,0,12,2,0,2,2,0,1,5,4,0,4,0,0,99,99,99,99,99,99,0,0,0,2,1,0
26,260038,2,2,0,0,0,3,3,119,0,30,1,2016,7,23,19,0,1,3,98,3,SR-52,,127,45.007,-84.177,0,12,6,0,1,1,0,1,2,10,0,10,0,0,99,99,99,99,99,99,0,0,0,1,1,0
26,260041,2,2,0,0,0,2,2,73,0,14,1,2016,5,6,36,1,2,2,98,2,US-127,,208,43.814,-84.753,0,24,0,0,1,1,0,4,2,10,0,10,0,0,6,36,6,45,88,88,14,0,0,1,0,0
26,260042,2,2,0,0,0,3,3,153,0,29,1,2016,6,19,10,0,1,4,98,3,SR-94,HAYWIRE GRADE ORV TRAIL,254,46.058,-86.261,0,12,6,0,2,2,0,1,2,1,0,1,0,0,99,99,99,99,88,88,0,0,0,1,0,2
26,260049,1,1,0,0,0,1,1,121,0,1,2,2016,2,3,8,1,1,2,98,2,US-31,,146,43.321,-86.234,0,1,0,1,19,1,0,3,2,1,0,1,0,0,3,8,3,13,88,88,0,0,0,1,0,0
26,260050,2,2,0,0,0,4,4,149,0,1,2,2016,2,18,23,1,1,3,98,2,US-131,M-216,130,42.027,-85.636,0,12,1,0,3,2,0,1,5,1,0,1,0,0,18,26,18,33,99,99,0,0,0,1,0,0
26,260053,2,2,0,0,0,3,3,163,1260,3,2,2016,4,2,0,1,2,1,1,1,I-75,,62,42.408,-83.079,0,12,2,1,18,1,0,1,3,10,0,10,0,0,99,99,99,99,99,99,20,0,0,1,1,2
26,260067,1,1,0,0,0,1,1,153,0,15,2,2016,2,11,15,1,1,3,98,2,US-2,,167,46.044,-85.971,0,42,0,0,1,1,0,5,6,99,0,99,0,0,99,99,99,99,88,88,0,0,0,1,1,0
26,260071,2,2,0,0,0,2,2,21,448,11,2,2016,5,6,47,0,1,4,98,2,US-12,,156,41.794,-86.42,0,12,6,0,1,1,0,1,2,10,0,10,0,0,6,49,7,11,99,99,0,0,0,1,0,0
26,260072,2,2,0,0,0,2,2,67,0,10,2,2016,4,6,25,0,1,4,98,3,SR-66,,90,42.901,-85.075,0,12,2,0,1,1,0,1,2,4,0,4,0,0,99,99,99,99,99,99,0,0,0,1,0,0
26,260073,2,2,0,0,0,6,6,129,0,12,2,2016,6,21,44,0,1,4,98,3,SR-55,,29,44.277,-84.165,0,12,6,0,1,1,0,1,2,4,0,4,0,0,21,45,21,58,99,99,0,0,0,2,1,2
26,260079,1,1,0,0,0,1,1,163,4295,11,2,2016,5,12,5,1,2,1,1,1,I-94,,114,42.243,-83.326,0,30,0,0,1,1,0,4,1,1,0,1,0,0,12,5,12,7,99,99,0,0,0,1,0,0
26,260085,1,1,0,1,1,1,1,161,0,16,2,2016,3,23,0,1,2,2,98,2,US-23,,119,42.251,-83.684,0,8,0,1,18,1,0,1,2,10,0,10,0,0,99,99,99,99,88,88,0,0,0,1,0,0
26,260086,3,3,0,0,0,10,10,25,0,24,2,2016,4,14,35,0,2,4,98,3,SR-66,,122,42.241,-85.188,0,12,6,0,1,1,0,1,1,4,0,4,0,0,99,99,99,99,99,99,0,0,0,1,0,0
26,260090,2,2,0,0,0,3,3,161,0,24,2,2016,4,18,7,1,2,1,1,1,I-94,,279,42.224,-83.642,0,25,0,0,1,1,0,3,5,10,0,10,0,0,99,99,99,99,99,99,0,0,0,2,0,0
26,260091,2,2,0,0,0,3,3,99,1810,6,2,2016,7,8,52,1,2,3,98,3,SR-13,,73,42.541,-82.933,0,12,2,0,1,1,0,1,1,1,0,1,0,0,99,99,99,99,99,99,0,0,0,2,0,2
26,260099,1,1,0,0,0,1,1,65,0,29,2,2016,2,11,25,1,2,1,1,1,I-96,,93,42.678,-84.423,0,42,0,0,1,1,0,4,1,1,0,1,0,0,99,99,99,99,88,88,0,0,0,1,0,1
26,260103,1,1,0,1,1,1,1,161,0,11,1,2016,2,18,28,1,2,1,1,1,I-94,,206,42.25,-83.769,0,8,0,0,1,1,0,1,2,4,0,4,0,0,99,99,99,99,88,88,0,0,0,1,0,0
26,260114,3,3,0,0,0,3,3,99,2181,20,2,2016,7,3,49,1,2,1,1,1,I-94,,101,42.568,-82.859,0,12,1,1,17,1,0,1,2,1,0,1,0,0,99,99,99,99,99,99,14,0,0,1,2,0
26,260125,1,1,0,0,0,1,1,45,0,3,3,2016,5,17,30,1,1,1,1,1,I-69,,52,42.471,-84.894,0,1,0,0,1,1,0,3,1,4,0,4,0,0,99,99,99,99,99,99,0,0,0,1,0,0
26,260130,1,1,0,0,0,1,1,91,0,8,3,2016,3,8,23,1,1,3,98,2,US-127,,94,41.843,-84.362,0,42,0,0,1,1,0,4,1,1,0,1,0,0,8,22,8,27,99,99,0,0,0,1,0,0
26,260136,3,3,0,2,2,2,2,163,4815,7,3,2016,2,20,22,1,2,1,1,1,I-94,,150,42.265,-83.265,0,12,6,1,5,1,0,1,3,1,0,1,0,0,99,99,99,99,99,99,14,23,0,1,1,0
26,260137,1,1,0,0,0,2,2,163,1260,8,3,2016,3,23,4,1,2,1,1,1,I-75,,42,42.383,-83.066,0,59,0,1,19,1,0,4,3,1,0,1,0,0,99,99,99,99,99,99,0,0,0,2,0,2
26,260139,3,3,0,0,0,4,4,163,2165,17,3,2016,5,23,25,1,2,1,1,1,I-94,,373,42.437,-82.921,0,12,2,0,1,1,0,1,3,1,0,1,0,0,23,25,23,30,99,99,0,0,0,1,1,0
26,260142,2,2,0,0,0,2,2,155,0,23,3,2016,4,15,50,0,1,4,98,3,SR-52,,247,43.117,-84.168,0,12,6,0,1,1,0,1,1,4,0,4,0,0,99,99,99,99,99,99,0,0,0,1,0,0
26,260149,3,3,0,0,0,4,4,27,0,17,3,2016,5,20,21,0,2,4,98,3,SR-62,REDFIELD ST,5,41.767,-86.088,0,12,6,0,2,2,0,1,3,10,0,10,0,0,20,23,20,28,99,99,0,0,0,1,0,0
26,260154,2,2,0,0,0,2,2,5,0,22,3,2016,3,8,58,0,1,4,98,3,SR-40,102 AVE,10,42.435,-85.866,0,12,6,0,2,2,0,1,1,1,0,1,0,0,8,58,9,5,88,88,99,99,99,1,0,0
26,260159,2,1,1,0,1,2,3,163,5279,31,3,2016,5,0,45,1,2,1,1,1,I-75,,40,42.124,-83.241,0,14,0,0,1,1,0,3,2,2,0,2,0,0,0,45,0,48,99,99,0,0,0,1,1,2
26,260166,1,1,0,0,0,5,5,163,1260,2,4,2016,7,1,10,1,2,1,1,1,I-94,,305,42.384,-83.029,0,1,0,0,1,1,0,4,3,2,0,2,0,0,99,99,99,99,99,99,0,0,0,3,0,0
26,260167,2,2,0,0,0,2,2,81,5089,1,4,2016,6,8,2,1,2,3,98,3,SR-11,,58,42.926,-85.774,0,12,2,0,1,1,0,1,1,10,0,10,0,0,8,2,99,99,99,99,0,0,0,1,0,2
26,260177,2,2,0,0,0,2,2,101,0,4,4,2016,2,11,38,1,1,3,98,2,US-31,,10,44.19,-86.305,0,12,2,0,1,1,0,1,1,10,0,10,0,0,99,99,99,99,88,88,0,0,0,1,0,0
26,260185,1,1,0,0,0,1,1,77,4030,9,4,2016,7,9,31,1,2,2,98,2,US-131,,45,42.185,-85.647,0,1,0,0,1,1,0,4,1,1,0,1,0,0,9,31,9,39,99,99,99,99,99,1,0,0
26,260198,1,1,0,0,0,2,2,75,2764,12,4,2016,3,20,4,1,1,1,1,1,I-94,,256,42.292,-84.225,0,57,0,0,1,1,0,3,5,1,0,1,0,0,20,6,20,14,99,99,0,0,0,1,0,0
26,260202,2,2,0,0,0,3,3,91,0,17,4,2016,1,14,58,1,1,3,98,2,US-12,BRIAN O DR,41,42.048,-84.285,0,12,1,0,3,3,0,1,1,1,0,1,0,0,99,99,99,99,99,99,0,0,0,2,1,0
26,260205,2,1,1,0,1,1,2,163,4010,3,4,2016,1,0,2,1,2,1,1,1,I-275,,201,42.363,-83.436,0,14,0,0,1,1,0,4,2,10,0,10,0,0,99,99,99,99,99,99,0,0,0,1,1,2
26,260211,2,2,0,0,0,2,2,77,0,18,4,2016,2,16,12,0,1,4,98,3,SR-96,G AVE,48,42.332,-85.365,0,12,6,0,2,3,0,1,1,1,0,1,0,0,16,14,16,20,99,99,0,0,0,1,1,2
26,260212,1,1,0,0,0,1,1,39,0,17,4,2016,1,12,15,1,1,1,1,1,I-75,,231,44.831,-84.713,0,42,0,0,1,1,0,3,1,1,0,1,0,0,12,20,12,25,99,99,0,0,0,1,0,2
26,260214,1,1,0,0,0,1,1,81,2010,20,4,2016,4,16,14,1,2,1,1,2,US-131,,146,42.973,-85.677,0,24,0,0,1,1,4,3,1,1,0,1,0,0,16,14,16,19,88,88,0,0,0,1,1,0
26,260219,2,2,0,0,0,2,2,25,0,22,4,2016,6,2,14,1,1,1,1,1,I-94,,159,42.297,-85.003,0,12,1,0,1,1,0,1,2,1,0,1,0,0,2,15,2,22,88,88,0,0,0,1,1,0
26,260222,1,1,0,0,0,1,1,1,0,29,4,2016,6,18,30,0,1,4,98,3,SR-72,,43,44.69,-83.762,0,1,0,0,1,1,0,4,1,1,0,1,0,0,18,30,18,41,99,99,0,0,0,1,1,2
26,260223,2,2,0,0,0,2,2,163,5310,30,4,2016,7,9,50,1,2,3,98,3,SR-85,,99,42.207,-83.18,0,12,6,0,7,1,0,1,1,1,0,1,0,0,9,50,9,56,88,88,0,0,0,1,0,1
26,260224,2,2,0,0,0,3,3,27,0,5,4,2016,3,6,35,0,1,4,98,3,SR-60,CALVIN CENTER RD,115,41.919,-85.934,0,12,6,0,2,2,0,1,4,1,0,1,0,0,99,99,99,99,99,99,0,0,0,1,0,2
26,260226,2,1,1,1,1,3,3,163,1260,19,4,2016,3,20,12,1,2,2,98,3,SR-10,,15,42.428,-83.183,0,14,0,0,1,1,0,2,5,1,0,1,0,0,99,99,99,99,88,88,0,0,0,1,0,2
26,260228,1,1,0,0,0,1,1,27,0,7,4,2016,5,2,52,0,1,4,98,3,SR-60,,46,41.841,-86.157,0,1,0,0,1,1,0,4,2,2,0,2,0,0,99,99,99,99,88,88,0,0,0,1,0,2
26,260231,1,1,0,0,0,3,3,99,2181,24,3,2016,5,2,39,1,2,1,1,1,I-94,,93,42.557,-82.86,0,24,0,0,1,1,0,4,2,2,0,2,0,0,99,99,99,99,99,99,0,0,0,1,1,0
26,260239,2,2,0,0,0,3,3,159,0,28,4,2016,5,10,15,1,1,1,1,1,I-94,,125,42.194,-85.984,0,12,1,0,1,1,0,1,1,10,0,10,0,0,99,99,99,99,88,88,0,0,0,1,0,0
26,260240,3,3,0,0,0,4,4,5,2290,18,4,2016,2,13,34,1,2,3,98,3,SR-40,I-196 RAMP 049B,192,42.743,-86.07,0,12,6,1,5,1,0,1,1,1,0,1,0,0,13,34,13,38,99,99,0,0,0,1,0,0
26,260247,1,1,0,0,0,1,1,163,1260,1,5,2016,1,9,43,1,2,1,1,1,I-96,,8,42.37,-83.144,0,1,0,0,1,1,0,4,1,2,0,2,0,0,99,99,99,99,99,99,99,99,99,1,0,1
26,260248,2,2,0,0,0,2,2,55,0,6,5,2016,6,10,14,1,2,3,98,2,US-41,,57,44.665,-85.704,0,12,1,0,8,1,0,1,1,1,0,1,0,0,10,17,10,20,88,88,0,0,0,1,0,0
26,260256,2,2,0,0,0,4,4,133,0,6,5,2016,6,18,50,1,1,3,98,3,SR-115,SR-66,138,44.032,-85.148,0,12,6,0,2,2,0,1,1,1,0,1,0,0,99,99,99,99,99,99,0,0,0,1,1,2
26,260262,1,1,0,1,1,1,1,149,4760,11,5,2016,4,19,44,0,2,4,98,3,SR-66,FAWN RIVER RD,15,41.781,-85.428,0,8,0,0,3,2,0,1,1,10,0,10,0,0,99,99,99,99,99,99,0,0,0,1,0,0
26,260270,1,1,0,0,0,1,1,163,1260,21,5,2016,7,1,29,1,2,1,1,1,I-96,,35,42.35,-83.099,0,25,0,0,1,1,0,4,2,10,0,10,0,0,1,29,1,55,88,88,99,99,99,1,0,1
26,260292,2,2,0,0,0,3,3,99,0,19,5,2016,5,19,7,1,2,3,98,3,SR-53,,196,42.819,-83.005,0,12,1,0,1,1,0,1,1,1,0,1,0,0,99,99,99,99,99,99,28,0,0,2,0,2
26,260296,2,2,0,0,0,2,2,165,0,6,5,2016,6,1,6,1,1,3,98,3,SR-37,4 RD,93,44.497,-85.697,0,12,6,0,2,2,0,1,2,1,0,1,0,0,1,7,1,18,88,88,0,0,0,1,0,1
26,260312,2,2,0,0,0,2,2,65,2700,26,5,2016,5,2,19,1,2,3,98,3,SR-99,OLDS AVE,4,42.723,-84.57,0,12,6,0,2,2,0,1,3,2,0,2,0,0,2,35,2,40,99,99,0,0,0,1,0,2
26,260316,1,1,0,0,0,1,1,5,1713,1,6,2016,4,2,59,1,1,3,98,3,SR-40,,151,42.694,-86.023,0,32,0,0,1,1,0,4,2,10,0,10,0,0,99,99,99,99,88,88,99,99,99,1,1,0
26,260318,2,2,0,0,0,3,3,161,0,3,6,2016,6,18,24,1,1,3,98,2,US-12,,45,42.112,-83.886,0,12,2,0,1,1,0,1,1,1,0,1,0,0,99,99,99,99,99,99,22,0,0,2,0,0
26,260321,1,1,0,0,0,1,1,105,0,1,6,2016,4,15,5,1,1,2,98,2,US-31,,66,43.906,-86.417,0,35,0,0,1,1,0,4,1,1,0,1,0,0,15,10,15,15,88,88,0,0,0,1,0,0
26,260326,2,2,0,0,0,3,3,163,1260,2,6,2016,5,19,45,1,2,1,1,1,I-75,,205,42.313,-83.092,0,12,1,0,1,1,0,1,1,1,0,1,0,0,19,43,19,48,99,99,28,0,0,1,0,2
26,260329,2,2,0,0,0,2,2,159,0,5,6,2016,1,5,10,0,1,4,98,3,SR-43,,161,42.302,-86.004,0,12,2,0,1,1,0,1,2,5,0,5,0,0,99,99,99,99,88,88,0,0,0,2,1,2
26,260334,5,5,0,0,0,6,6,115,1586,10,6,2016,6,23,29,1,2,1,1,1,I-75,,7,41.742,-83.486,0,12,1,0,1,1,0,1,2,1,0,1,0,0,23,31,23,46,88,88,28,0,0,1,0,2
26,260346,1,1,0,1,1,1,1,163,1260,12,6,2016,1,3,18,1,2,2,98,3,SR-39,,114,42.385,-83.218,0,8,0,0,1,1,0,1,3,1,0,1,0,0,3,19,3,30,88,88,0,0,0,1,1,2
26,260347,1,1,0,0,0,2,2,161,0,11,6,2016,7,17,55,1,2,2,98,2,US-23,,121,42.258,-83.684,0,1,0,0,1,1,0,3,1,1,0,1,0,0,99,99,99,99,99,99,0,0,0,1,1,0
26,260350,2,2,0,0,0,2,2,155,0,12,6,2016,1,15,0,0,2,4,98,3,SR-52,,199,43.051,-84.177,0,12,2,0,1,1,0,1,1,1,0,1,0,0,99,99,99,99,88,88,99,99,99,1,0,0
26,260355,2,2,0,0,0,2,2,125,4567,17,6,2016,6,7,23,1,2,2,98,3,SR-10,,47,42.492,-83.285,0,12,1,0,1,1,0,1,1,1,0,1,0,0,99,99,99,99,99,99,0,0,0,1,0,2
26,260356,2,2,0,0,0,2,2,21,0,17,6,2016,6,15,42,0,2,4,98,2,US-12,YUNGE RD,19,41.78,-86.774,0,12,6,0,2,3,0,1,1,1,0,1,0,0,99,99,99,99,99,99,0,0,0,1,0,0
26,260361,2,2,0,0,0,2,2,155,0,20,6,2016,2,13,40,1,1,1,1,1,I-69,,21,42.806,-84.326,0,12,1,0,1,1,0,1,1,1,0,1,0,0,13,42,13,52,88,88,0,0,0,1,1,0
26,260362,2,2,0,0,0,2,2,21,0,20,6,2016,2,13,52,1,2,2,98,2,US-31,,145,41.953,-86.375,0,12,2,0,1,1,0,1,1,10,0,10,0,0,13,55,14,9,99,99,99,99,99,1,0,0
26,260363,2,2,0,0,0,4,4,139,0,21,6,2016,3,11,44,1,2,3,98,2,US-31,COMSTOCK ST,202,43.039,-86.22,0,12,1,0,3,3,0,1,1,1,0,1,0,0,11,45,11,50,99,99,28,0,0,1,0,0
26,260365,2,2,0,0,0,6,6,55,5,21,6,2016,3,16,46,1,2,3,98,2,US-31,,81,44.805,-85.48,0,12,1,0,8,1,0,1,1,1,0,1,0,0,16,49,16,52,99,99,0,0,0,1,0,0
26,260369,1,1,0,0,0,1,1,137,0,22,6,2016,4,23,7,1,2,1,1,1,I-75,,78,44.962,-84.674,0,42,0,0,1,1,0,3,2,1,0,1,0,0,23,7,23,15,99,99,0,0,0,1,0,2
26,260376,1,1,0,0,0,1,1,7,0,25,6,2016,7,22,51,1,1,3,98,3,SR-32,,74,45.064,-83.731,0,34,0,0,1,1,0,4,2,1,0,1,0,0,22,51,23,0,88,88,99,99,99,1,1,2
26,260381,2,2,0,0,0,2,2,81,0,28,6,2016,3,12,13,1,2,2,98,2,US-131,,20,42.797,-85.669,0,12,1,0,1,1,1,1,1,10,0,10,0,0,99,99,99,99,88,88,0,0,0,1,0,0
26,260387,2,2,0,0,0,2,2,99,5111,29,6,2016,4,0,20,1,2,3,98,3,SR-53,,163,42.775,-83.009,0,12,2,0,1,1,0,1,2,1,0,1,0,0,0,24,0,30,99,99,0,0,0,1,0,2
26,260389,2,2,0,0,0,3,3,9,0,29,6,2016,4,20,42,0,1,3,98,2,US-31,,10,44.874,-85.424,0,12,6,0,8,1,0,1,1,1,0,1,0,0,20,43,20,54,99,99,0,0,0,1,0,0
26,260392,1,1,0,0,0,2,2,139,0,27,6,2016,2,13,20,1,1,1,1,1,I-96,,116,43.053,-85.938,0,42,0,0,1,1,0,4,1,1,0,1,0,0,99,99,99,99,99,99,99,99,99,1,0,1
26,260393,2,1,1,0,5,1,6,163,1260,21,6,2016,3,12,15,1,2,2,98,3,SR-39,,97,42.361,-83.216,0,14,0,0,1,1,0,4,1,1,0,1,0,0,99,99,99,99,99,99,0,0,0,1,0,2
26,260394,2,1,1,0,3,1,4,163,1260,28,6,2016,3,15,35,1,2,1,1,1,I-75,,191,42.303,-83.115,0,25,0,0,1,1,0,3,1,1,0,1,0,0,99,99,99,99,99,99,99,99,99,2,0,2
26,260395,1,1,0,1,1,1,1,113,0,30,6,2016,5,4,5,0,1,4,98,3,SR-55,,87,44.337,-85.04,0,8,0,0,1,1,4,1,2,1,0,1,0,0,4,8,4,20,88,88,22,0,0,1,0,2
26,260404,4,4,0,0,0,5,5,75,0,23,6,2016,5,17,38,1,2,1,1,1,I-94,,166,42.273,-84.396,0,12,1,0,1,1,0,1,1,1,0,1,0,0,17,38,17,42,99,99,27,28,0,1,0,0
26,260406,1,1,0,0,0,1,1,81,2010,27,5,2016,6,13,41,1,2,1,1,1,I-96,,120,42.977,-85.603,0,42,0,0,1,1,0,4,1,1,0,1,0,0,13,37,13,45,88,88,0,0,0,1,0,1
26,260422,7,7,0,0,0,12,12,65,0,6,7,2016,4,16,54,1,2,1,1,1,I-96,,100,42.677,-84.413,0,12,1,0,1,1,0,1,1,1,0,1,0,0,99,99,99,99,99,99,27,0,0,1,0,1
26,260427,2,2,0,0,0,3,3,149,0,2,7,2016,7,5,32,0,1,4,98,3,SR-66,FINDLEY RD,97,41.897,-85.41,0,12,1,0,3,2,0,1,4,1,0,1,0,0,5,32,5,40,99,99,0,0,0,1,0,0
26,260428,1,1,0,1,1,1,1,25,310,16,7,2016,7,21,31,1,2,3,98,3,SR-96,20TH ST,32,42.298,-85.219,0,8,0,0,3,2,0,1,5,1,0,1,0,0,21,30,21,34,88,88,0,0,0,1,0,2
26,260436,2,2,0,0,0,2,2,93,0,20,7,2016,4,11,14,1,2,1,1,1,I-96,,98,42.609,-83.975,0,12,1,0,1,1,1,1,1,1,0,1,0,0,99,99,99,99,88,88,3,0,0,1,0,1
26,260437,2,2,0,0,0,3,3,151,0,18,7,2016,2,9,10,0,1,4,98,3,SR-19,MARLETTE RD,62,43.334,-82.825,0,12,6,0,2,2,0,1,1,1,0,1,0,0,9,12,9,21,99,99,0,0,0,2,0,2
26,260438,1,1,0,0,0,1,1,105,0,22,7,2016,6,16,17,1,1,3,98,2,US-31,,99,44.095,-86.28,0,19,0,0,1,1,0,5,1,1,0,1,0,0,16,17,16,28,88,88,0,0,0,1,0,0
26,260442,2,2,0,0,0,2,2,61,895,20,7,2016,4,15,32,1,1,3,98,2,US-41,PORTAGE RD,32,46.982,-88.469,0,12,1,0,3,2,0,1,1,1,0,1,0,0,99,99,99,99,88,88,28,0,0,1,0,0
26,260449,2,2,0,0,0,5,5,47,0,23,7,2016,7,21,39,0,2,4,98,3,SR-119,,3,45.393,-84.909,0,12,2,0,1,1,0,1,3,1,0,1,0,0,21,39,99,99,99,99,0,0,0,1,1,2
26,260451,2,2,0,0,0,3,3,55,0,28,7,2016,5,17,50,1,1,3,98,2,US-131,SR-186,50,44.577,-85.364,0,12,6,0,2,2,0,1,1,1,0,1,0,0,17,55,17,57,99,99,0,0,0,2,0,0
26,260458,2,2,0,0,0,2,2,49,1730,22,7,2016,6,12,43,1,2,3,98,3,SR-54,WEBSTER RD,118,43.069,-83.674,0,12,6,0,2,3,0,1,1,1,0,1,0,0,12,47,12,52,99,99,0,0,0,1,0,2
26,260474,3,3,0,0,0,3,3,147,0,27,7,2016,4,14,23,1,2,1,1,1,I-94,,240,42.991,-82.456,0,12,1,1,18,1,0,1,1,1,0,1,0,0,14,38,14,38,88,88,0,0,0,1,0,0
26,260476,1,1,0,1,1,1,1,161,0,25,7,2016,2,21,51,9,2,3,98,2,US-12,DORSET,4,42.235,-83.576,0,9,0,0,3,2,0,1,2,1,0,1,0,0,21,52,21,55,99,99,0,0,0,1,0,0