STATE,ST_CASE,VE_TOTAL,VE_FORMS,PVH_INVL,PEDS,PERNOTMVIT,PERMVIT,PERSONS,COUNTY,CITY,DAY,MONTH,YEAR,DAY_WEEK,HOUR,MINUTE,NHS,RUR_URB,FUNC_SYS,RD_OWNER,ROUTE,TWAY_ID,TWAY_ID2,MILEPT,LATITUDE,LONGITUD,SP_JUR,HARM_EV,MAN_COLL,RELJCT1,RELJCT2,TYP_INT,WRK_ZONE,REL_ROAD,LGT_COND,WEATHER1,WEATHER2,WEATHER,SCH_BUS,RAIL,NOT_HOUR,NOT_MIN,ARR_HOUR,ARR_MIN,HOSP_HR,HOSP_MN,CF1,CF2,CF3,FATALS,DRUNK_DR,RANK
26,260478,1,1,0,1,1,1,1,103,0,31,7,2016,1,13,30,1,1,3,98,2,US-41,,421,46.486,-87.755,0,9,0,0,1,1,0,1,1,10,0,10,0,0,99,99,99,99,88,88,0,0,0,1,0,0
26,260483,1,1,0,0,0,1,1,163,1260,9,7,2016,7,0,10,1,2,2,98,3,SR-10,,35,42.406,-83.162,0,35,0,0,1,1,0,8,3,1,0,1,0,0,99,99,99,99,88,88,0,0,0,1,0,2
26,260484,3,3,0,0,0,5,5,105,0,28,7,2016,5,17,28,1,2,3,98,2,US-10,N BRYE RD,36,43.956,-86.379,0,12,6,0,2,2,0,1,1,10,0,10,0,0,99,99,99,99,99,99,0,0,0,1,0,0
26,260489,3,3,0,0,0,4,4,99,924,23,7,2016,7,11,48,1,2,3,98,3,SR-3,22 MILE RD,43,42.66,-82.845,0,12,1,0,3,3,0,1,1,1,0,1,0,0,11,50,11,53,99,99,0,0,0,1,0,2
26,260493,2,2,0,0,0,2,2,49,1730,1,8,2016,2,8,43,1,2,1,1,1,I-69,,117,42.994,-83.709,0,12,7,1,18,1,1,1,1,1,0,1,0,0,8,43,8,56,88,88,0,0,0,1,0,0
26,260494,1,1,0,0,0,2,2,39,0,2,8,2016,3,21,15,1,1,3,98,3,SR-72,,22,44.676,-84.813,0,11,0,0,1,1,0,1,2,1,0,1,0,0,21,16,21,38,99,99,0,0,0,1,0,2
26,260500,1,1,0,0,0,1,1,77,0,5,8,2016,6,15,12,1,1,1,1,1,I-94,,245,42.275,-85.31,0,7,0,1,18,1,0,1,1,1,0,1,0,0,15,12,15,20,88,88,0,0,0,1,0,0
26,260504,2,2,0,0,0,6,6,163,1212,8,8,2016,2,0,2,1,2,2,98,3,SR-39,,74,42.328,-83.216,0,12,1,0,1,1,0,1,3,1,0,1,0,0,99,99,99,99,99,99,0,0,0,1,0,2
26,260505,2,2,0,0,0,3,3,37,0,9,8,2016,3,8,0,1,1,3,98,2,US-127,,15,43.062,-84.564,0,12,1,0,1,1,0,1,1,1,0,1,0,0,8,1,8,7,88,88,0,0,0,2,1,0
26,260507,1,1,0,0,0,2,2,41,1748,8,8,2016,2,20,30,1,1,3,98,3,SR-35,,113,45.681,-87.137,0,42,0,0,1,1,0,4,1,1,0,1,0,0,20,31,99,99,99,99,0,0,0,1,0,1
26,260508,1,1,0,1,1,1,1,27,0,11,8,2016,5,9,28,0,2,4,98,2,US-12,,109,41.796,-86.04,0,9,0,0,1,1,0,1,1,10,0,10,0,0,9,31,9,39,88,88,0,0,0,1,0,0
26,260510,1,1,0,0,0,2,2,125,0,12,8,2016,6,19,0,1,2,1,1,1,I-75,,398,42.789,-83.54,0,52,0,0,1,1,0,3,1,2,0,2,0,0,19,0,19,20,88,88,0,0,0,1,0,2
26,260512,1,1,0,1,1,1,1,47,0,7,8,2016,1,12,48,1,2,3,98,2,US-31,,54,45.411,-84.867,0,9,0,0,1,1,0,4,1,1,0,1,0,0,12,48,12,53,99,99,0,0,0,1,0,0
26,260515,1,1,0,0,0,1,1,165,0,21,8,2016,1,7,30,1,2,2,98,2,US-131,,76,44.285,-85.388,0,1,0,0,1,1,0,4,2,2,0,2,0,0,99,99,99,99,88,88,0,0,0,1,1,0
26,260519,2,2,0,0,0,3,3,165,0,5,8,2016,6,16,20,0,1,4,98,3,SR-115,N 7 RD,33,44.411,-85.76,0,12,2,0,2,2,0,1,1,1,0,1,0,0,16,24,16,30,99,99,99,99,99,1,0,2
26,260520,1,1,0,0,0,1,1,91,0,21,8,2016,1,10,52,1,1,3,98,2,US-12,,7,42.072,-84.088,0,24,0,0,1,1,0,4,1,1,0,1,0,0,10,56,11,5,88,88,99,99,99,1,0,0
26,260525,1,1,0,1,1,1,1,125,5210,11,8,2016,5,1,21,1,2,3,98,3,SR-59,,118,42.658,-83.459,0,9,0,0,1,1,0,1,2,1,0,1,0,0,1,25,1,30,88,88,0,0,0,1,0,2
26,260533,2,2,0,0,0,3,3,149,0,18,8,2016,5,15,35,1,1,3,98,2,US-12,,214,41.801,-85.351,0,12,6,0,8,1,0,1,1,1,0,1,0,0,99,99,99,99,88,88,0,0,0,1,0,0
26,260534,1,1,0,1,1,1,1,149,5220,22,8,2016,2,17,20,1,1,3,98,2,US-131,,30,41.798,-85.663,0,8,0,0,1,1,0,2,1,1,0,1,0,0,17,22,17,27,99,99,0,0,0,1,0,0
26,260549,2,2,0,0,0,3,3,165,0,10,8,2016,4,11,4,1,2,3,98,3,SR-115,,275,44.202,-85.407,0,12,1,0,8,1,0,1,1,1,0,1,0,0,11,4,11,10,99,99,0,0,0,1,0,2
26,260558,2,1,1,1,1,1,1,161,3582,20,8,2016,7,5,16,1,2,1,1,1,I-94,,227,42.237,-83.738,0,8,0,0,1,1,0,2,2,10,0,10,0,0,99,99,99,99,88,88,23,0,0,1,0,0
26,260567,2,2,0,0,0,3,3,125,4567,14,8,2016,1,6,33,1,2,3,98,2,US-24,,43,42.503,-83.285,0,12,1,0,7,1,0,1,1,1,0,1,0,0,99,99,99,99,99,99,0,0,0,1,0,1
26,260572,1,1,0,1,1,1,1,163,4815,11,8,2016,5,16,28,1,2,1,1,1,I-75,,100,42.208,-83.229,0,8,0,0,1,1,0,1,1,1,0,1,0,0,99,99,99,99,99,99,0,0,0,1,0,2
26,260574,1,1,0,0,0,6,6,125,0,20,7,2016,4,7,30,1,2,1,1,1,I-75,,389,42.778,-83.531,0,24,0,0,1,1,0,4,1,1,0,1,0,0,99,99,99,99,99,99,0,0,0,1,0,2
26,260585,3,2,1,0,0,3,3,35,0,22,8,2016,2,9,45,1,1,2,98,2,US-10,,36,43.869,-84.861,0,12,2,1,18,1,0,1,1,1,0,1,0,0,9,46,9,59,99,99,0,0,0,3,0,0
26,260593,2,2,0,0,0,2,2,125,0,5,9,2016,2,5,20,1,2,1,1,1,I-75,,426,42.819,-83.57,0,12,6,1,5,1,0,1,2,1,0,1,0,0,5,22,5,29,99,99,0,0,0,1,0,2
26,260597,1,1,0,0,0,3,3,121,0,6,9,2016,3,12,58,1,2,2,98,2,US-31,,184,43.366,-86.269,0,42,0,0,1,1,0,3,1,1,0,1,0,0,99,99,99,99,99,99,0,0,0,2,0,0
26,260599,1,1,0,0,0,2,2,93,0,2,9,2016,6,0,6,1,2,1,1,1,I-96,LATSON RD,155,42.578,-83.874,0,1,0,0,1,1,0,4,2,1,0,1,0,0,99,99,99,99,99,99,0,0,0,1,0,1
26,260606,2,2,0,0,0,2,2,159,0,7,9,2016,4,9,15,1,2,1,1,1,I-94,,191,42.215,-85.861,0,12,2,0,1,1,0,1,1,1,0,1,0,0,99,99,99,99,99,99,0,0,0,1,0,0
26,260616,1,1,0,0,0,1,1,17,320,9,9,2016,6,4,15,0,2,4,98,3,SR-13,,24,43.553,-83.894,0,1,0,0,1,1,0,4,2,5,0,5,0,0,4,19,4,24,99,99,99,99,99,1,1,2
26,260624,1,1,0,0,0,1,1,49,0,13,9,2016,3,15,53,1,2,2,98,2,US-23,,43,42.84,-83.736,0,1,0,0,1,1,0,4,1,1,0,1,0,0,99,99,99,99,99,99,0,0,0,1,1,0
26,260626,2,2,0,0,0,6,6,125,4340,16,9,2016,6,23,15,1,2,1,1,1,I-75,,24,42.477,-83.112,0,12,1,1,18,1,0,1,3,10,0,10,0,0,20,17,20,25,99,99,0,0,0,1,1,2
26,260627,3,3,0,0,0,3,3,65,0,19,9,2016,2,7,52,1,1,1,1,1,I-96,,195,42.666,-84.228,0,12,1,0,1,1,0,1,1,1,0,1,0,0,7,52,7,59,99,99,28,0,0,1,0,1
26,260640,2,2,0,0,0,2,2,129,0,22,9,2016,5,21,14,1,1,3,98,3,SR-33,,87,44.288,-84.126,0,12,6,0,8,1,0,1,2,2,0,2,0,0,21,7,21,14,99,99,0,0,0,1,0,1
26,260642,2,2,0,0,0,2,2,37,0,24,9,2016,7,17,23,0,1,4,98,3,SR-21,,3,43.002,-84.832,0,12,1,0,1,1,0,1,1,1,0,1,0,0,17,16,17,33,99,99,0,0,0,1,2,2
26,260649,4,4,0,0,0,5,5,59,0,19,9,2016,2,14,45,1,1,3,98,2,US-127,FORRISTER RD,145,41.916,-84.367,0,12,1,0,3,3,0,1,1,1,0,1,0,0,14,50,99,99,99,99,0,0,0,1,0,0
26,260653,2,2,0,1,1,7,7,163,1260,23,9,2016,6,22,43,1,2,1,1,1,I-75,,162,42.277,-83.157,0,8,0,0,1,1,0,1,3,10,0,10,0,0,99,99,99,99,88,88,0,0,0,1,0,2
26,260656,1,1,0,0,0,1,1,101,0,22,9,2016,5,18,39,1,1,3,98,2,US-31,,252,44.463,-86.12,0,42,0,0,1,1,0,4,1,10,0,10,0,0,18,39,18,46,99,99,99,99,99,1,1,0
26,260660,1,1,0,0,0,3,3,163,1260,30,9,2016,6,2,37,1,2,1,1,1,I-75,,85,42.438,-83.095,0,59,0,0,1,1,0,4,3,2,0,2,0,0,99,99,99,99,99,99,0,0,0,1,0,2
26,260662,3,3,0,0,0,4,4,149,0,23,9,2016,6,11,19,0,1,4,98,3,SR-86,,34,41.956,-85.347,0,12,1,0,8,1,0,1,1,2,0,2,0,0,11,23,11,42,99,99,0,0,0,1,0,1
26,260664,1,1,0,0,0,1,1,65,0,25,9,2016,1,3,1,1,2,2,98,2,US-127,,93,42.555,-84.443,0,38,0,0,1,1,0,4,2,1,0,1,0,0,3,1,3,5,88,88,0,0,0,1,1,0
26,260671,3,3,0,0,0,6,6,75,0,30,9,2016,6,22,34,1,2,1,1,1,I-94,,150,42.272,-84.427,0,12,1,0,1,1,0,1,2,2,0,2,0,0,22,57,22,57,99,99,27,0,0,1,0,0
26,260677,1,1,0,0,0,2,2,105,0,29,9,2016,5,12,20,1,1,3,98,2,US-10,,192,43.946,-86.07,0,11,0,0,1,1,0,1,1,1,0,1,0,0,99,99,99,99,88,88,0,0,0,1,0,0
26,260686,2,2,0,0,0,3,3,11,0,12,7,2016,3,15,17,1,1,3,98,2,US-23,HAGLEY RD,54,44.032,-83.887,0,12,6,0,3,2,0,1,1,1,0,1,0,0,99,99,99,99,99,99,0,0,0,1,0,0
26,260699,2,2,0,0,0,2,2,155,0,12,10,2016,4,21,40,0,1,4,98,3,SR-71,,1,42.927,-84.001,0,12,2,0,1,1,0,1,2,2,0,2,0,0,21,40,21,50,99,99,99,99,99,1,0,2
26,260715,2,2,0,0,0,2,2,99,4521,23,9,2016,6,15,59,1,2,2,98,3,SR-53,,93,42.677,-83.015,0,12,2,0,1,1,0,1,1,10,0,10,0,0,16,21,16,25,99,99,0,0,0,1,0,2
26,260719,2,2,0,0,0,2,2,47,0,18,10,2016,3,10,29,1,2,3,98,2,US-31,,41,45.399,-84.887,0,12,2,0,1,1,0,1,1,10,0,10,0,0,10,29,10,34,99,99,0,0,0,1,0,0
26,260721,1,1,0,0,0,1,1,31,0,1,10,2016,7,1,0,1,1,1,1,1,I-75,,6,45.209,-84.617,0,1,0,0,1,1,0,4,2,10,0,10,0,0,7,58,8,15,88,88,0,0,0,1,0,2
26,260726,1,1,0,0,0,1,1,137,0,4,10,2016,3,22,20,1,2,1,1,1,I-75,,65,44.943,-84.667,0,34,0,0,1,1,0,4,2,10,0,10,0,0,22,33,22,43,99,99,0,0,0,1,1,2
26,260753,1,1,0,0,0,1,1,163,1260,30,10,2016,1,11,42,1,2,1,1,1,I-96,,155,42.382,-83.147,0,24,0,1,19,1,0,8,1,10,0,10,0,0,11,42,11,54,99,99,0,0,0,1,1,1
26,260757,1,1,0,0,0,1,1,139,0,19,10,2016,4,8,4,1,1,1,1,1,I-96,,77,43.07,-86.006,0,42,0,0,1,1,0,5,1,5,0,5,0,0,8,4,8,10,88,88,0,0,0,1,0,1
26,260763,1,1,0,0,0,1,1,147,0,24,10,2016,2,7,31,1,2,1,1,1,I-94,,236,42.99,-82.464,0,59,0,1,19,1,0,4,4,10,0,10,0,0,99,99,99,99,99,99,0,0,0,1,0,0
26,260768,1,1,0,1,1,1,1,163,1260,19,10,2016,4,0,47,1,2,1,1,1,I-94,,322,42.392,-82.998,0,8,0,0,1,1,0,1,3,10,0,10,0,0,99,99,99,99,99,99,0,0,0,1,0,0
26,260778,2,2,0,0,0,2,2,159,3850,12,10,2016,4,6,14,1,2,1,1,1,I-94,,175,42.206,-85.89,0,12,7,1,5,1,0,1,2,10,0,10,0,0,99,99,99,99,88,88,99,99,99,1,0,0
26,260780,1,1,0,1,1,1,1,121,3450,2,9,2016,6,21,36,1,2,2,98,2,US-31,RAMP 009C,83,43.237,-86.205,0,8,0,0,1,1,0,1,2,1,0,1,0,0,99,99,99,99,88,88,0,0,0,1,0,0
26,260785,2,2,0,0,0,4,4,49,0,16,10,2016,1,19,0,1,2,1,1,1,I-75,,238,43.162,-83.768,0,54,11,0,1,1,0,1,5,1,0,1,0,0,99,99,99,99,88,88,14,0,0,1,0,2
26,260798,1,1,0,1,1,1,1,77,2520,2,11,2016,4,20,5,1,2,3,98,3,SR-43,,64,42.296,-85.641,0,8,0,0,1,1,0,1,3,2,0,2,0,0,99,99,99,99,99,99,99,99,99,1,0,2
26,260808,1,1,0,0,0,1,1,161,0,14,10,2016,6,2,50,1,2,1,1,1,I-94,,329,42.218,-83.551,0,59,0,0,1,1,0,4,2,1,0,1,0,0,99,99,99,99,88,88,0,0,0,1,0,0
26,260811,1,1,0,0,0,5,5,21,0,6,11,2016,1,18,0,1,1,2,98,2,US-31,,117,41.915,-86.348,0,34,0,0,1,1,0,3,2,1,0,1,0,0,18,0,18,20,99,99,0,0,0,1,0,0
26,260812,2,2,0,0,0,2,2,25,0,1,11,2016,3,14,57,0,1,4,98,3,SR-60,SR-99,12,42.161,-84.751,0,12,6,0,2,2,0,1,1,1,0,1,0,0,14,57,15,10,99,99,0,0,0,1,0,2
26,260814,1,1,0,0,0,1,1,151,0,12,11,2016,7,7,56,0,1,4,98,3,SR-90,CRIBBINS RD,79,43.263,-82.649,0,34,0,0,3,3,0,4,1,1,0,1,0,0,7,57,8,2,88,88,0,0,0,1,0,1
26,260815,5,5,0,0,0,7,7,75,4448,1,11,2016,3,11,12,1,1,1,1,1,I-94,,83,42.269,-84.557,0,12,1,0,1,1,4,1,1,1,0,1,0,0,11,12,11,15,99,99,3,19,0,2,0,0
26,260819,1,1,0,1,1,1,1,125,4905,3,11,2016,5,6,49,1,2,1,31,1,I-75,,131,42.604,-83.166,0,8,0,1,18,1,0,1,2,1,0,1,0,0,6,50,6,55,99,99,23,0,0,1,0,2
26,260835,1,1,0,1,1,1,1,163,90,29,11,2016,3,17,47,1,2,1,1,1,I-94,,186,42.278,-83.202,0,8,0,0,1,1,0,1,3,10,0,10,0,0,99,99,99,99,88,88,0,0,0,1,0,0
26,260836,2,2,0,0,0,3,3,51,0,14,11,2016,2,12,27,0,1,4,98,3,SR-30,HIGHWOOD RD,83,43.929,-84.366,0,12,2,0,3,3,0,1,1,1,0,1,0,0,12,31,12,39,99,99,22,0,0,1,0,1
26,260837,2,2,0,0,0,3,3,45,0,17,11,2016,5,7,22,1,2,1,1,1,I-96,,35,42.719,-84.669,0,57,0,0,1,1,0,3,1,1,0,1,0,0,7,22,7,28,88,88,0,0,0,1,0,1
26,260843,1,1,0,0,0,2,2,125,4905,20,11,2016,1,3,11,1,2,1,1,1,I-75,,123,42.593,-83.16,0,24,0,0,1,1,0,3,2,10,0,10,0,0,3,12,3,18,99,99,0,0,0,1,1,2
26,260844,1,1,0,0,0,1,1,163,1260,8,11,2016,3,21,35,1,2,2,98,3,SR-39,,85,42.343,-83.216,0,59,0,0,1,1,0,4,3,10,0,10,0,0,99,99,99,99,88,88,0,0,0,1,0,2
26,260853,2,1,1,0,2,2,4,21,0,19,11,2016,7,10,0,1,1,1,1,1,I-94,,25,41.786,-86.719,0,14,0,0,1,1,0,2,1,4,0,4,0,0,10,0,10,17,88,88,19,0,0,2,0,0
26,260854,1,1,0,0,0,3,3,161,0,24,11,2016,5,11,31,1,2,1,1,1,I-94,,129,42.298,-83.882,0,24,0,0,1,1,0,3,1,10,0,10,0,0,11,33,11,42,99,99,0,0,0,1,0,0
26,260860,2,2,0,0,0,3,3,67,0,28,11,2016,2,17,36,0,1,4,98,3,SR-66,,92,42.904,-85.075,0,12,6,0,1,1,0,1,5,2,0,2,0,0,17,36,99,99,99,99,99,99,99,1,0,0
26,260865,1,1,0,0,0,1,1,91,0,23,11,2016,4,5,31,1,1,3,98,2,US-12,,113,42.057,-84.15,0,35,0,0,1,1,0,4,2,4,0,4,0,0,5,32,5,46,88,88,0,0,0,1,0,0
26,260867,1,1,0,1,1,1,1,163,1260,30,11,2016,4,19,28,1,2,1,1,1,I-75,,218,42.328,-83.086,0,8,0,1,18,1,0,1,3,1,0,1,0,0,99,99,99,99,88,88,23,0,0,1,0,2
26,260874,1,1,0,0,0,1,1,67,0,18,11,2016,6,10,22,1,1,1,1,1,I-96,,13,42.879,-85.287,0,1,0,0,1,1,0,4,1,1,0,1,0,0,99,99,99,99,99,99,0,0,0,1,1,1
26,260878,1,1,0,0,0,1,1,77,2520,6,8,2016,7,15,55,1,2,2,98,2,US-131,,94,42.255,-85.647,0,59,0,0,1,1,0,3,1,1,0,1,0,0,99,99,99,99,88,88,99,99,99,1,0,0
26,260891,1,1,0,0,0,2,2,33,0,3,12,2016,7,22,45,0,1,5,98,3,SR-46,,173,46.042,-84.092,0,34,0,0,1,1,0,4,2,10,0,10,0,0,99,99,99,99,88,88,0,0,0,1,1,1
26,260893,2,2,0,0,0,3,3,159,0,4,12,2016,1,16,8,0,1,4,98,3,SR-40,,7,42.078,-85.83,0,12,6,0,1,1,0,1,1,4,0,4,0,0,16,13,16,29,88,88,0,0,0,2,0,0
26,260897,2,2,0,1,1,5,5,163,738,13,11,2016,1,17,56,1,2,3,98,2,US-12,LOTZ RD,60,42.28,-83.437,0,8,0,0,3,3,0,1,2,10,0,10,0,0,17,57,18,9,88,88,14,0,0,1,0,0
26,260902,1,1,0,0,0,1,1,131,4265,4,12,2016,1,19,30,0,1,4,98,2,US-45,,309,46.747,-89.181,0,34,0,0,1,1,0,4,2,4,0,4,0,0,99,99,99,99,99,99,0,0,0,1,0,0
26,260912,3,3,0,0,0,3,3,163,1260,1,11,2016,3,3,20,1,2,1,1,1,I-96,,13,42.366,-83.136,0,12,1,1,18,1,0,1,3,10,0,10,0,0,99,99,99,99,99,98,0,0,0,1,2,1
26,260913,2,2,0,0,0,2,2,155,5030,9,12,2016,6,11,0,0,1,4,98,3,SR-71,MAPLE ST,19,42.943,-84.028,0,12,6,0,2,2,0,1,1,1,0,1,0,0,11,4,11,14,99,99,99,99,99,1,0,2
26,260918,2,2,0,0,0,5,5,55,0,10,12,2016,7,11,25,1,1,3,98,2,US-31,,3,44.659,-85.813,0,12,6,0,1,1,0,1,1,4,0,4,0,0,11,32,11,43,99,99,0,0,0,1,0,0
26,260920,1,1,0,1,1,2,2,49,1731,5,6,2016,1,22,0,1,2,1,1,1,I-69,,104,42.985,-83.731,0,8,0,1,18,1,0,1,2,10,0,10,0,0,99,99,99,99,88,88,0,0,0,1,0,0
26,260921,2,2,0,0,0,2,2,29,0,8,12,2016,5,9,35,0,1,4,98,3,SR-66,,47,45.179,-85.164,0,12,6,0,1,1,0,1,1,4,0,4,0,0,99,99,99,99,99,99,0,0,0,1,1,0
26,260928,2,2,0,0,0,3,3,15,0,17,12,2016,7,15,45,0,1,4,98,3,SR-37,,118,42.582,-85.267,0,12,2,0,1,1,0,1,1,10,0,10,0,0,15,48,15,54,99,99,0,0,0,1,0,1
26,260930,2,2,0,0,0,4,4,27,0,18,12,2016,1,12,21,0,1,4,98,3,SR-40,,57,41.889,-85.799,0,12,6,0,1,1,0,1,1,1,0,1,0,0,12,23,12,32,99,99,0,0,0,1,0,0
26,260931,1,1,0,0,0,2,2,143,0,8,12,2016,5,16,30,1,1,2,98,2,US-127,,145,44.369,-84.808,0,1,0,0,1,1,0,4,5,4,0,4,0,0,99,99,99,99,99,99,0,0,0,1,0,0
26,260933,2,2,0,0,0,2,2,65,0,16,12,2016,6,13,31,1,2,1,1,1,I-96,,212,42.658,-84.197,0,12,1,1,18,1,0,1,1,10,0,10,0,0,13,32,13,46,88,88,0,0,0,1,0,1
26,260936,3,3,0,0,0,4,4,155,1140,21,12,2016,4,10,52,0,2,3,98,3,SR-21,N ESCOTT RD,136,42.999,-84.099,0,12,6,0,2,3,0,1,1,10,0,10,0,0,10,57,11,1,99,99,0,0,0,1,0,2
26,260939,1,1,0,0,0,2,2,163,1260,24,10,2016,2,4,22,1,2,1,1,1,I-94,,302,42.381,-83.032,0,30,0,0,1,1,0,4,3,1,0,1,0,0,99,99,99,99,99,99,99,99,99,1,0,0
26,260945,3,3,0,0,0,4,4,93,0,8,12,2016,5,6,27,1,1,1,1,1,I-96,,2,42.651,-84.144,0,12,1,0,1,1,0,1,1,4,0,4,0,0,99,99,99,99,88,88,19,0,0,3,0,1
26,260947,2,2,0,0,0,2,2,97,0,15,12,2016,5,18,55,1,1,3,98,2,US-2,,204,46.096,-85.442,0,12,6,0,1,1,0,1,2,4,0,4,0,0,18,55,19,29,88,88,0,0,0,1,0,0
26,260953,2,2,0,0,0,4,4,159,0,17,12,2016,7,14,5,0,1,4,98,3,SR-43,,194,42.303,-85.941,0,12,6,0,1,1,0,1,1,4,0,4,0,0,99,99,99,99,99,99,0,0,0,1,0,2
26,260957,2,2,0,0,0,4,4,17,0,27,12,2016,3,17,10,1,1,1,1,1,I-75,,256,43.872,-84.023,0,12,2,0,1,1,0,1,5,4,0,4,0,0,17,10,99,99,99,99,0,0,0,2,1,2
26,260979,1,1,0,0,0,1,1,163,1260,24,12,2016,7,9,38,1,2,1,1,1,I-94,,285,42.368,-83.06,0,20,0,0,1,1,0,4,1,10,0,10,0,0,99,99,99,99,99,99,0,0,0,1,0,0
26,260988,1,1,0,1,1,1,1,41,0,9,3,2016,4,19,55,1,1,3,98,2,US-2,,56,45.731,-87.218,0,8,0,0,1,1,0,1,2,10,0,10,0,0,99,99,99,99,88,88,0,0,0,1,0,0
26,260994,1,1,0,0,0,1,1,93,580,15,9,2016,5,5,19,1,2,1,1,1,I-96,,217,42.539,-83.772,0,42,0,0,1,1,0,4,2,1,0,1,0,0,99,99,99,99,99,99,0,0,0,1,0,1
26,260997,2,1,1,0,2,1,3,149,0,1,12,2016,5,17,45,1,1,3,98,2,US-12,,107,41.792,-85.557,0,14,0,0,8,1,0,4,2,2,0,2,0,0,99,99,99,99,99,99,0,0,0,1,1,0
26,260998,2,2,0,0,0,3,3,77,0,5,12,2016,2,12,45,1,2,3,98,2,US-131,SHAVER RD,0,42.146,-85.638,0,12,6,0,2,2,0,1,1,10,0,10,0,0,99,99,99,99,99,99,0,0,0,1,0,0
27,270002,2,2,0,0,0,2,2,137,3280,5,1,2016,3,9,2,1,2,3,1,2,US-169,SR-73,3441,47.4,-92.963,0,12,6,0,2,2,0,1,1,1,0,1,0,0,9,4,9,8,88,88,0,0,0,1,0,0
27,270003,3,3,0,0,0,5,5,59,0,6,1,2016,4,15,45,0,1,4,1,3,SR-65,,553,45.728,-93.221,0,12,2,0,1,1,0,1,1,10,0,10,0,0,15,45,15,48,99,99,0,0,0,1,0,0
27,270004,2,2,0,0,0,2,2,35,0,6,1,2016,4,16,45,0,1,4,2,4,CR-3,CR-19,105,46.5,-94.143,0,12,6,0,2,3,0,1,1,1,0,1,0,0,16,45,16,55,17,20,0,0,0,1,0,2
27,270006,2,2,0,0,0,3,3,43,0,6,1,2016,4,19,3,1,1,3,1,2,US-169,,161,43.716,-94.135,0,12,6,0,1,1,0,1,2,4,0,4,0,0,19,2,19,9,19,29,0,0,0,1,0,0
27,270011,2,2,0,0,0,5,5,27,0,17,1,2016,1,7,36,1,1,1,1,1,I-94,,205,46.697,-96.456,0,12,1,0,1,1,0,1,4,1,0,1,0,0,7,36,7,45,8,47,0,0,0,1,0,0
27,270013,2,2,0,0,0,3,3,57,0,20,1,2016,4,18,23,1,1,3,1,2,US-71,,3049,47.382,-94.863,0,12,6,0,1,1,0,1,2,10,11,11,0,0,18,23,18,31,18,55,0,0,0,2,0,0
27,270014,2,2,0,0,0,3,3,21,0,22,1,2016,6,12,22,1,1,3,1,3,SR-210,,1117,46.337,-94.426,0,12,2,0,1,1,0,1,1,1,0,1,0,0,12,22,12,40,99,99,0,0,0,2,0,2
27,270015,2,2,0,0,0,4,4,159,0,22,1,2016,6,16,25,0,1,5,2,4,CR-20,,14,46.462,-95.133,0,12,6,0,1,1,0,2,1,10,0,10,0,0,16,25,16,30,16,35,0,0,0,1,0,2
27,270016,2,2,0,0,0,2,2,35,420,22,1,2016,6,18,13,1,2,3,1,3,SR-210,KNOLLWOOD DR S,1191,46.347,-94.273,0,12,6,0,2,2,0,1,3,8,0,8,0,0,18,13,18,18,19,45,0,0,0,1,0,2
27,270021,2,2,0,0,0,3,3,169,0,1,2,2016,2,5,57,1,1,3,1,2,US-61,,154,43.986,-91.434,0,12,6,0,1,1,0,1,2,10,0,10,0,0,5,57,6,16,99,99,0,0,0,2,0,0
27,270022,2,2,0,0,0,2,2,45,0,28,1,2016,5,20,38,1,1,3,1,2,US-52,,292,43.795,-92.132,0,12,2,0,1,1,0,1,2,1,0,1,0,0,20,50,21,0,21,30,0,0,0,1,1,0
27,270023,2,2,0,0,0,2,2,115,0,30,1,2016,7,2,56,1,1,1,1,1,I-35,,1913,46.124,-92.888,0,12,6,0,1,1,0,1,3,10,0,10,0,0,2,56,3,5,3,27,23,0,0,1,0,1
27,270024,2,2,0,0,0,3,3,109,0,30,1,2016,7,21,32,0,2,4,1,2,US-14,,2174,44.011,-92.387,0,12,2,0,1,1,0,1,2,2,0,2,0,0,21,33,21,37,99,99,0,0,0,1,0,0
27,270027,2,2,0,0,0,2,2,141,0,5,2,2016,6,5,54,1,1,3,1,2,US-10,SR-25,1942,45.409,-93.902,0,12,6,0,2,2,0,1,3,10,0,10,0,0,99,99,99,99,99,99,0,0,0,1,0,0
27,270031,1,1,0,0,0,1,1,53,5990,10,2,2016,4,9,42,1,2,1,1,1,I-94,,2096,45.174,-93.527,0,38,0,0,1,1,0,4,1,1,0,1,0,0,9,42,9,42,88,88,0,0,0,1,0,0
27,270035,1,1,0,0,0,7,7,139,0,14,2,2016,1,20,13,1,1,1,1,1,I-35,,781,44.591,-93.298,0,1,0,0,1,1,0,5,2,4,0,4,0,0,20,13,20,40,99,99,0,0,0,1,0,1
27,270036,2,2,0,0,0,2,2,53,3473,15,2,2016,2,7,45,1,1,3,1,2,US-12,,1427,45.028,-93.723,0,12,6,0,1,1,0,1,1,3,0,3,0,0,7,45,8,5,8,45,0,0,0,1,0,0
27,270039,2,2,0,1,1,2,2,67,0,17,2,2016,4,19,28,1,1,3,1,3,SR-23,CR-30 NORTH SHORE DR,1589,45.264,-94.943,0,12,6,0,2,2,0,1,2,10,0,10,0,0,19,29,19,32,88,88,19,0,0,2,1,0