STATE,ST_CASE,VE_TOTAL,VE_FORMS,PVH_INVL,PEDS,PERNOTMVIT,PERMVIT,PERSONS,COUNTY,CITY,DAY,MONTH,YEAR,DAY_WEEK,HOUR,MINUTE,NHS,RUR_URB,FUNC_SYS,RD_OWNER,ROUTE,TWAY_ID,TWAY_ID2,MILEPT,LATITUDE,LONGITUD,SP_JUR,HARM_EV,MAN_COLL,RELJCT1,RELJCT2,TYP_INT,WRK_ZONE,REL_ROAD,LGT_COND,WEATHER1,WEATHER2,WEATHER,SCH_BUS,RAIL,NOT_HOUR,NOT_MIN,ARR_HOUR,ARR_MIN,HOSP_HR,HOSP_MN,CF1,CF2,CF3,FATALS,DRUNK_DR,RANK
28,280166,4,4,0,0,0,9,9,45,0,2,5,2016,2,21,7,1,1,1,1,1,I-10,,99998,30.311,-89.617,0,12,1,0,1,1,0,1,2,1,0,1,0,0,21,17,22,10,22,28,0,0,0,2,0,1
28,280167,2,2,0,0,0,2,2,151,0,3,5,2016,3,6,25,0,1,3,1,2,US-61,,99998,33.427,-90.877,0,12,1,0,1,1,0,1,1,1,0,1,0,0,6,25,6,35,7,2,0,0,0,1,0,0
28,280168,3,3,0,0,0,4,4,49,490,3,5,2016,3,13,19,1,1,1,1,1,I-20,,99998,32.354,-90.401,0,12,1,0,1,1,1,1,1,1,0,1,0,0,2,3,99,97,99,97,0,0,0,2,0,1
28,280169,1,1,0,0,0,1,1,71,0,3,5,2016,3,17,44,0,1,4,1,3,SR-30,,99998,34.386,-89.477,0,1,0,0,1,1,0,4,1,1,0,1,0,0,99,99,99,99,99,99,0,0,0,1,1,1
28,280173,2,2,0,0,0,4,4,47,0,4,5,2016,4,20,22,0,1,3,1,3,SR-67,CR-EAST WORTHAM RD,99998,30.588,-89.057,0,12,6,0,2,2,0,1,2,1,0,1,0,0,20,22,20,24,21,15,0,0,0,1,0,2
28,280176,1,1,0,0,0,1,1,135,0,20,2,2016,7,9,48,0,1,4,1,3,SR-35,,99998,33.966,-90.073,0,42,0,0,1,1,0,4,1,1,0,1,0,0,9,49,99,98,88,88,0,0,0,1,0,1
28,280178,1,1,0,0,0,1,1,61,140,22,2,2016,2,8,46,0,1,6,2,4,CR-17,,99998,31.953,-89.269,0,38,0,0,1,1,0,4,1,2,0,2,0,0,8,46,99,98,88,88,0,0,0,1,0,2
28,280179,2,2,0,0,0,4,4,85,320,4,3,2016,6,10,4,0,1,3,1,2,US-84,SR-583,99998,31.546,-90.441,0,12,6,0,2,2,0,1,1,1,0,1,0,0,99,99,99,99,99,99,0,0,0,1,0,0
28,280186,2,2,0,0,0,2,2,151,990,5,5,2016,5,13,20,1,1,3,1,2,US-82,,99998,33.4,-91.012,0,12,6,0,1,1,0,1,1,1,0,1,0,0,13,46,13,53,14,10,0,0,0,1,0,0
28,280188,2,2,0,0,0,2,2,49,1220,6,5,2016,6,1,57,1,1,1,1,1,I-55,,99998,32.361,-90.151,0,12,2,0,1,1,0,1,3,1,0,1,0,0,1,55,2,10,2,13,0,0,0,1,0,1
28,280189,2,2,0,0,0,3,3,91,530,6,5,2016,6,10,23,1,1,3,1,2,US-98,CR-SUMRALL RD,99998,31.242,-89.811,0,12,6,0,2,2,0,1,1,1,0,1,0,0,99,99,99,99,99,99,0,0,0,1,0,0
28,280190,1,1,0,0,0,1,1,33,1090,6,5,2016,6,15,26,1,1,1,1,1,I-55,,99998,34.827,-89.977,0,1,0,0,1,1,0,1,1,1,0,1,0,0,99,99,99,99,99,99,0,0,0,1,0,1
28,280194,3,3,0,0,0,5,5,49,0,10,5,2016,3,11,26,1,1,1,1,1,I-20,,99998,32.342,-90.59,0,12,7,0,1,1,0,1,1,1,0,1,0,0,99,99,99,99,99,99,0,0,0,1,0,1
28,280199,1,1,0,0,0,1,1,43,1010,12,5,2016,5,6,0,1,1,1,1,1,I-55,,99998,33.755,-89.84,0,42,0,0,1,1,0,4,2,1,0,1,0,0,99,98,99,98,88,88,0,0,0,1,0,1
28,280200,2,2,0,0,0,2,2,93,0,12,5,2016,5,13,55,0,1,3,1,2,US-78,,99998,34.888,-89.735,0,12,1,0,1,1,0,1,1,1,0,1,0,0,13,57,14,8,14,35,0,0,0,1,0,0
28,280201,2,2,0,0,0,2,2,49,0,12,5,2016,5,15,59,0,1,4,1,3,SR-27,,99998,32.229,-90.706,0,12,6,0,8,1,0,1,1,1,0,1,0,0,99,98,99,98,88,88,0,0,0,1,1,2
28,280202,2,2,0,0,0,4,4,93,0,13,5,2016,6,15,34,0,1,4,1,3,SR-309,,99998,34.861,-89.69,0,12,2,0,1,1,0,1,1,1,0,1,0,0,15,35,15,9,15,49,0,0,0,1,0,1
28,280207,1,1,0,0,0,2,2,1,0,15,5,2016,1,13,19,1,1,3,1,2,US-61,,99998,31.404,-91.393,0,42,0,0,1,1,0,4,1,1,0,1,0,0,13,19,13,29,13,51,0,0,0,2,0,0
28,280210,3,3,0,0,0,6,6,33,1830,16,5,2016,2,13,30,0,1,4,1,3,SR-302,CS-ALEXANDER RD,99998,34.969,-89.813,0,12,6,0,2,2,0,1,1,10,0,10,0,0,99,99,99,99,99,99,0,0,0,1,0,2
28,280211,2,2,0,0,0,4,4,67,0,16,5,2016,2,16,50,0,1,3,1,2,US-84,CR-MASONITE LAKE RD,99998,31.697,-89.013,0,12,6,0,2,2,0,1,2,1,0,1,0,0,99,99,99,99,99,99,0,0,0,1,0,0
28,280213,2,2,0,0,0,2,2,29,1060,17,5,2016,3,13,27,0,1,4,1,3,SR-28,CS-LAKE ST,99998,31.874,-90.406,0,12,6,0,2,2,0,1,1,1,0,1,0,0,13,19,13,23,13,38,0,0,0,1,1,2
28,280214,1,1,0,0,0,1,1,93,0,18,5,2016,4,17,50,0,1,4,1,3,SR-309,,99998,34.971,-89.689,0,34,0,0,1,1,0,4,1,1,0,1,0,0,17,18,17,31,88,88,0,0,0,1,0,1
28,280216,2,2,0,0,0,5,5,47,0,20,5,2016,6,6,25,0,1,3,1,2,US-67,CS-TRADITIONAL PKWY,99998,30.572,-89.047,0,12,6,0,2,2,0,1,1,10,0,10,0,0,6,41,7,5,7,32,0,0,0,1,0,0
28,280217,1,1,0,0,0,2,2,85,0,20,5,2016,6,15,49,1,1,1,1,1,I-55,,99998,31.655,-90.458,0,42,0,0,1,1,0,4,1,1,0,1,0,0,99,99,99,99,99,99,0,0,0,1,0,1
28,280218,1,1,0,0,0,1,1,45,0,21,5,2016,7,2,30,0,1,4,1,3,SR-53,,99998,30.611,-89.385,0,42,0,0,1,1,0,4,2,1,0,1,0,0,99,98,99,98,88,88,0,0,0,1,0,2
28,280219,1,1,0,0,0,1,1,127,0,21,5,2016,7,16,0,0,1,4,1,3,SR-13,,99998,31.804,-89.88,0,42,0,0,1,1,0,4,1,1,0,1,0,0,99,98,99,98,88,88,0,0,0,1,1,2
28,280224,1,1,0,0,0,1,1,45,0,22,5,2016,1,16,36,0,1,4,1,3,SR-53,,99998,30.611,-89.393,0,1,0,0,1,1,0,4,1,1,0,1,0,0,16,49,99,97,99,97,0,0,0,1,0,2
28,280225,1,1,0,0,0,2,2,9,0,23,5,2016,2,9,34,0,1,4,1,3,SR-5,,99998,34.903,-89.211,0,35,0,0,1,1,0,4,1,1,0,1,0,0,9,34,9,47,10,10,0,0,0,1,0,1
28,280226,2,2,0,0,0,2,2,111,0,23,5,2016,2,15,30,0,1,4,1,3,SR-15,,99998,31.185,-88.918,0,12,2,0,1,1,0,1,1,1,0,1,0,0,15,34,99,98,88,88,0,0,0,1,0,0
28,280229,1,1,0,0,0,1,1,85,0,25,5,2016,4,23,35,1,1,3,1,2,US-84,,99998,31.513,-90.637,0,1,0,0,1,1,0,4,2,1,0,1,0,0,99,98,99,98,88,88,0,0,0,1,0,0
28,280232,1,1,0,0,0,1,1,143,0,26,5,2016,5,13,38,1,1,3,1,2,US-61,,99998,34.721,-90.369,0,34,0,0,1,1,0,4,1,1,0,1,0,0,13,30,99,97,99,97,0,0,0,1,0,0
28,280233,2,2,0,0,0,4,4,73,0,27,5,2016,6,22,29,0,1,3,1,2,US-98,,99998,31.294,-89.554,0,12,2,0,1,1,0,1,2,1,0,1,0,0,22,41,22,48,23,30,0,0,0,2,0,0
28,280239,1,1,0,0,0,1,1,153,0,30,5,2016,2,17,18,1,1,3,1,2,US-84,,99998,31.734,-88.552,0,57,0,0,1,1,0,3,1,1,0,1,0,0,17,18,17,21,17,58,0,0,0,1,0,0
28,280242,2,2,0,0,0,3,3,93,0,31,5,2016,3,14,57,1,1,1,1,1,I-69,SR-302,99998,34.963,-89.689,0,12,6,1,2,2,0,1,1,1,0,1,0,0,15,0,15,15,99,99,0,0,0,1,0,0
28,280244,2,2,0,0,0,2,2,23,0,2,6,2016,5,12,28,0,1,3,1,2,US-45,CR-280,99998,31.968,-88.727,0,12,6,0,2,2,0,1,1,1,0,1,0,0,88,88,88,88,88,88,0,0,0,1,0,0
28,280245,2,2,0,0,0,3,3,31,1700,16,3,2016,4,19,14,0,1,4,1,3,SR-35,CR-149,99998,31.752,-89.648,0,12,6,0,2,2,0,1,1,1,0,1,0,0,99,99,99,99,99,99,0,0,0,1,0,1
28,280253,2,2,0,0,0,2,2,151,0,6,6,2016,2,20,48,1,1,3,1,2,US-61,,99998,33.239,-90.86,0,12,2,0,1,1,0,1,2,1,0,1,0,0,20,48,20,50,21,3,0,0,0,1,1,0
28,280258,3,3,0,0,0,5,5,81,2610,8,6,2016,4,21,42,1,1,3,1,2,US-45,,99998,34.255,-88.694,0,12,7,0,1,1,0,1,2,1,0,1,0,0,21,42,21,44,22,19,0,0,0,1,0,0
28,280260,1,1,0,0,0,1,1,107,0,9,6,2016,5,11,49,0,1,3,1,2,US-51,,99998,34.277,-89.939,0,43,0,0,1,1,0,4,1,1,0,1,0,0,11,49,11,55,88,88,0,0,0,1,0,0
28,280262,2,2,0,0,0,3,3,75,0,10,6,2016,6,13,30,0,1,3,1,3,SR-39,CR-OLD POPLAR SPRINGS,99998,32.476,-88.677,0,12,6,0,2,3,0,1,1,1,0,1,0,0,13,40,13,53,14,2,0,0,0,1,0,2
28,280263,1,1,0,1,1,1,1,111,0,11,6,2016,7,3,7,0,1,4,1,3,SR-29,,99998,31.037,-88.975,0,8,0,0,1,1,0,1,2,1,0,1,0,0,3,7,3,13,88,88,0,0,0,1,0,2
28,280264,2,2,0,0,0,4,4,49,0,11,6,2016,7,14,2,0,1,4,1,3,SR-27,,99998,32.203,-90.652,0,12,2,0,1,1,0,1,1,10,0,10,0,0,14,17,14,19,15,7,0,0,0,1,0,2
28,280267,2,2,0,0,0,3,3,103,1490,29,5,2016,1,12,10,0,1,4,1,2,US-45,SR-14,99998,33.106,-88.547,0,12,6,0,2,2,0,1,1,1,0,1,0,0,12,10,12,19,12,53,0,0,0,1,0,0
28,280269,2,2,0,0,0,5,5,13,0,11,6,2016,7,17,35,0,1,4,1,3,SR-8,,99998,33.819,-89.343,0,12,1,0,1,1,0,1,1,10,0,10,0,0,17,42,17,45,18,25,0,0,0,2,0,2
28,280271,1,1,0,0,0,1,1,87,0,12,6,2016,1,5,12,0,1,4,1,3,SR-12,,99998,33.637,-88.306,0,35,0,0,1,1,0,4,4,1,0,1,0,0,5,12,99,98,88,88,0,0,0,1,0,2
28,280273,2,1,1,0,0,6,6,115,0,12,6,2016,1,15,38,0,1,3,1,2,US-278,,99998,34.283,-89.144,0,14,0,0,1,1,0,4,1,1,0,1,0,0,15,56,16,4,16,42,0,0,0,1,0,0
28,280276,1,1,0,0,0,1,1,129,0,14,6,2016,3,11,23,0,1,4,1,3,SR-35,,99998,32.067,-89.528,0,35,0,0,1,1,0,4,1,1,0,1,0,0,11,22,99,98,88,88,0,0,0,1,0,1
28,280278,2,2,0,0,0,2,2,97,0,15,6,2016,4,9,59,0,1,3,1,2,US-82,CR-STEWART-LODI RD,99998,33.451,-89.435,0,12,6,0,2,2,0,1,1,1,0,1,0,0,99,99,99,99,99,99,0,0,0,1,0,0
28,280280,1,1,0,0,0,2,2,31,0,16,6,2016,5,17,48,0,1,3,1,2,US-84,,99998,31.689,-89.445,0,53,0,0,1,1,0,4,1,1,0,1,0,0,17,48,17,50,99,99,0,0,0,1,0,0
28,280281,1,1,0,0,0,3,3,105,0,16,6,2016,5,20,38,0,1,4,1,3,SR-12,,99998,33.366,-89.001,0,35,0,0,1,1,0,4,2,1,0,1,0,0,20,38,99,98,88,88,0,0,0,3,0,2
28,280282,1,1,0,0,0,1,1,37,0,17,6,2016,6,10,49,1,1,3,1,2,US-84,,99998,31.473,-90.936,0,42,0,0,1,1,0,4,1,1,0,1,0,0,10,49,99,98,88,88,0,0,0,1,0,0
28,280284,1,1,0,0,0,3,3,129,0,18,6,2016,7,17,40,0,1,4,1,3,SR-37,,99998,31.908,-89.471,0,38,0,0,1,1,0,4,1,10,0,10,0,0,17,51,17,53,88,88,0,0,0,3,1,1
28,280287,2,2,0,0,0,3,3,33,0,19,6,2016,1,16,57,0,1,3,1,2,US-61,,99998,34.896,-90.204,0,1,0,0,1,1,0,3,1,10,0,10,0,0,16,57,16,58,17,3,0,0,0,1,0,0
28,280288,1,1,0,0,0,1,1,11,0,19,6,2016,1,23,41,0,1,6,1,3,SR-161,,99998,33.921,-90.758,0,1,0,0,1,1,0,4,2,1,0,1,0,0,23,47,23,48,0,17,0,0,0,1,0,1
28,280290,2,2,0,0,0,2,2,91,0,20,6,2016,2,16,30,0,1,4,1,3,SR-35,,99998,31.005,-89.799,0,12,2,0,1,1,0,1,1,1,0,1,0,0,99,99,99,99,99,99,0,0,0,1,0,1
28,280291,2,2,0,0,0,4,4,43,0,20,6,2016,2,19,23,0,1,4,1,3,SR-8,SR-35,99998,33.765,-89.976,0,12,6,0,2,2,0,1,1,1,0,1,0,0,19,23,19,36,19,44,0,0,0,1,0,2
28,280296,2,2,0,0,0,2,2,3,560,23,6,2016,5,22,40,1,1,3,1,2,US-72,CS-SOUTH PARKWAY ST,99998,34.916,-88.506,0,12,2,0,2,2,0,1,3,1,0,1,0,0,22,41,22,44,88,88,0,0,0,1,0,0
28,280298,1,1,0,2,2,1,1,75,1590,25,6,2016,7,2,37,1,1,1,1,1,I-20,,99998,32.349,-88.712,0,8,0,0,1,1,0,1,3,1,0,1,0,0,2,37,2,39,2,47,0,0,0,1,0,1
28,280300,2,2,0,0,0,2,2,29,0,26,6,2016,1,7,7,0,1,4,1,3,SR-28,,99998,31.758,-90.569,0,12,2,0,1,1,0,1,1,1,0,1,0,0,7,7,7,7,7,27,0,0,0,1,0,2
28,280302,1,1,0,0,0,2,2,123,1670,26,6,2016,1,16,0,1,1,1,1,1,I-20,,99998,32.312,-89.652,0,42,0,0,1,1,0,4,1,1,0,1,0,0,99,99,99,99,99,99,0,0,0,1,0,1
28,280303,2,2,0,0,0,2,2,153,0,26,6,2016,1,21,11,1,1,3,1,2,US-45,,99998,31.759,-88.665,0,12,2,0,1,1,0,1,2,1,0,1,0,0,99,98,99,98,88,88,0,0,0,2,0,0
28,280304,1,1,0,0,0,1,1,51,0,27,6,2016,2,12,4,0,1,4,1,3,SR-12,,99998,33.111,-90.045,0,42,0,0,1,1,0,4,1,1,0,1,0,0,99,98,99,98,88,88,0,0,0,1,0,2
28,280306,2,2,0,0,0,2,2,49,0,28,6,2016,3,6,40,0,1,3,1,2,US-49,CR-POCAHONTAS RD,99998,32.473,-90.288,0,12,6,0,2,2,0,1,1,1,0,1,0,0,6,40,6,43,88,88,0,0,0,1,0,0
28,280307,1,1,0,0,0,3,3,67,0,29,6,2016,4,2,17,0,1,4,1,3,SR-15,,99998,31.492,-89.021,0,35,0,0,1,1,0,4,2,5,0,5,0,0,2,17,2,19,88,88,20,0,0,3,0,0
28,280308,2,2,0,0,0,4,4,111,0,30,6,2016,5,7,30,0,1,4,1,3,SR-15,CR-RAYBURN PIERCE RD,99998,31.419,-88.958,0,12,1,0,3,3,0,1,1,1,0,1,0,0,7,30,7,34,7,52,0,0,0,1,0,0
28,280309,2,2,0,0,0,3,3,147,0,30,6,2016,5,17,40,0,1,3,1,2,US-98,CR-KNOXO RD,99998,31.147,-90.079,0,12,6,0,2,2,0,1,1,1,0,1,0,0,99,99,99,99,99,99,0,0,0,1,1,0
28,280312,1,1,0,0,0,1,1,43,1010,1,7,2016,6,5,33,1,1,1,1,1,I-55,,99998,33.819,-89.839,0,34,0,0,1,1,0,4,1,1,0,1,0,0,5,31,5,34,5,48,0,0,0,1,0,1
28,280313,2,2,0,0,0,3,3,15,0,1,7,2016,6,5,36,1,1,1,1,1,I-55,,99998,33.647,-89.8,0,12,1,0,1,1,0,1,1,1,0,1,0,0,5,36,5,38,6,13,0,0,0,2,0,1
28,280315,1,1,0,0,0,2,2,121,300,1,7,2016,6,11,9,0,1,4,1,3,SR-18,,99998,32.257,-89.999,0,1,0,0,1,1,0,4,1,1,0,1,0,0,11,10,11,12,12,7,0,0,0,1,1,2
28,280316,1,1,0,1,1,2,2,113,0,2,7,2016,7,3,24,0,1,4,1,3,SR-44,,99998,31.248,-90.423,0,8,0,0,1,1,0,1,2,10,0,10,0,0,3,24,3,37,88,88,0,0,0,1,0,2
28,280317,2,2,0,0,0,2,2,75,0,2,7,2016,7,11,38,0,1,4,1,3,SR-145,,99998,32.227,-88.7,0,12,6,0,8,1,0,1,1,1,0,1,0,0,11,38,11,39,12,20,0,0,0,1,0,1
28,280319,1,1,0,0,0,1,1,75,0,3,7,2016,1,6,30,0,1,4,1,3,SR-19,,99998,32.347,-88.6,0,30,0,0,1,1,0,4,1,1,0,1,0,0,6,30,6,34,88,88,0,0,0,1,0,2
28,280321,2,2,0,0,0,2,2,99,0,3,7,2016,1,18,7,0,1,4,1,3,SR-16,,99998,32.771,-89.102,0,12,2,0,1,1,0,1,1,1,0,1,0,0,18,7,18,8,18,31,0,0,0,1,0,2
28,280322,1,1,0,0,0,1,1,119,0,4,7,2016,2,5,1,0,1,4,1,3,SR-3,,99998,34.084,-90.345,0,1,0,0,1,1,0,4,4,1,0,1,0,0,5,1,5,3,88,88,0,0,0,1,1,2
28,280323,1,1,0,0,0,1,1,61,0,4,7,2016,2,0,41,0,1,4,2,4,CR-6,,99998,31.891,-88.963,0,32,0,0,1,1,0,4,2,1,0,1,0,0,99,98,99,98,88,88,0,0,0,1,0,2
28,280325,1,1,0,0,0,6,6,47,230,4,7,2016,2,18,45,1,1,1,1,1,I-10,,99998,30.461,-88.963,0,1,0,0,1,1,0,3,1,1,0,1,0,0,18,46,18,47,19,16,0,0,0,1,0,1
28,280328,1,1,0,0,0,1,1,31,0,7,7,2016,5,6,39,1,1,3,1,2,US-49,,99998,31.694,-89.609,0,34,0,0,1,1,0,3,2,1,0,1,0,0,6,39,6,47,88,88,0,0,0,1,0,0
28,280330,1,1,0,0,0,1,1,137,0,7,7,2016,5,21,13,0,1,4,1,3,SR-4,,99998,34.612,-89.867,0,35,0,0,1,1,0,4,2,1,0,1,0,0,21,16,21,18,88,88,0,0,0,1,0,2
28,280331,2,2,0,0,0,5,5,149,0,7,7,2016,5,21,32,0,1,4,1,3,SR-27,,99998,32.316,-90.811,0,12,2,0,1,1,0,1,2,1,0,1,0,0,99,99,99,99,99,99,0,0,0,1,0,2
28,280332,1,1,0,1,1,1,1,41,0,8,7,2016,6,1,24,0,1,3,1,3,SR-57,,99998,31.416,-88.467,0,8,0,0,1,1,0,1,2,1,0,1,0,0,1,24,1,25,88,88,0,0,0,1,0,2
28,280335,1,1,0,0,0,3,3,33,0,9,7,2016,7,23,55,1,1,1,1,1,I-55,,99998,34.808,-89.97,0,42,0,0,1,1,0,4,3,2,0,2,0,0,23,56,0,2,0,26,0,0,0,1,0,1
28,280337,1,1,0,0,0,4,4,101,0,12,7,2016,3,4,9,1,1,1,1,1,I-20,,99998,32.339,-89.193,0,1,0,0,1,1,0,1,2,1,0,1,0,0,99,99,99,99,99,99,0,0,0,1,0,1
28,280339,1,1,0,0,0,4,4,113,0,12,7,2016,3,16,4,1,1,1,1,1,I-55,,99998,31.036,-90.499,0,34,0,0,1,1,0,3,1,1,0,1,0,0,99,99,99,99,99,99,0,0,0,1,0,1
28,280343,1,1,0,0,0,1,1,61,0,13,7,2016,4,18,25,1,1,1,1,1,I-59,,99998,31.859,-89.047,0,42,0,0,1,1,0,4,1,2,0,2,0,0,99,98,99,98,88,88,0,0,0,1,0,1
28,280344,2,2,0,0,0,4,4,47,1020,14,7,2016,5,21,14,1,1,3,1,2,US-90,CR-36TH AVE,99998,30.362,-89.104,0,12,6,0,2,2,0,1,3,1,0,1,0,0,99,99,99,99,99,99,0,0,0,1,0,0
28,280346,2,2,0,0,0,4,4,119,1550,5,2,2016,6,21,30,1,1,3,1,2,US-278,SR-3,99998,34.262,-90.273,0,12,6,0,2,2,0,1,2,1,0,1,0,0,99,99,99,99,99,99,0,0,0,1,0,0
28,280349,2,2,0,0,0,3,3,69,0,21,7,2016,5,15,39,0,1,4,1,3,SR-16,,99998,32.776,-88.688,0,12,2,0,1,1,0,1,1,1,0,1,0,0,99,99,99,99,99,99,0,0,0,2,0,2
28,280351,2,2,0,0,0,3,3,137,0,22,7,2016,6,12,43,1,1,1,1,1,I-55,,99998,34.705,-89.965,0,12,1,0,1,1,0,1,1,1,0,1,0,0,99,99,99,99,99,99,0,0,0,1,0,1
28,280353,1,1,0,0,0,1,1,123,0,23,7,2016,7,13,54,0,1,4,1,3,SR-13,,99998,32.574,-89.6,0,1,0,0,1,1,0,4,1,10,0,10,0,0,99,99,99,99,99,99,0,0,0,1,0,2
28,280354,1,1,0,0,0,4,4,123,0,23,7,2016,7,14,13,1,1,1,1,1,I-20,,99998,32.34,-89.519,0,42,0,0,1,1,0,4,1,2,0,2,0,0,99,99,99,99,99,99,0,0,0,2,0,1
28,280360,1,1,0,0,0,1,1,53,0,27,7,2016,4,14,30,0,1,3,1,2,US-49,,99998,33.248,-90.578,0,35,0,0,1,1,0,4,1,2,0,2,0,0,99,99,99,99,99,99,0,0,0,1,0,0
28,280361,1,1,0,0,0,1,1,3,0,28,7,2016,5,13,45,1,1,3,1,2,US-72,,99998,34.861,-88.403,0,42,0,0,1,1,0,4,1,10,0,10,0,0,99,98,99,98,88,88,0,0,0,1,0,0
28,280362,2,2,0,0,0,3,3,75,0,29,7,2016,6,17,22,0,1,4,1,3,SR-39,,99998,32.566,-88.675,0,12,2,0,1,1,0,1,1,1,0,1,0,0,99,99,99,99,99,99,0,0,0,1,0,2
28,280363,1,1,0,0,0,1,1,35,1050,29,7,2016,6,20,53,1,1,1,1,1,I-59,,99998,31.349,-89.352,0,35,0,0,1,1,0,4,2,1,0,1,0,0,99,98,99,98,88,88,0,0,0,1,0,1
28,280366,2,2,0,0,0,5,5,49,0,30,7,2016,7,16,54,1,1,1,1,1,I-20,,99998,32.353,-90.557,0,12,1,0,1,1,0,1,1,1,0,1,0,0,99,99,99,99,99,99,0,0,0,1,0,1
28,280368,1,1,0,0,0,3,3,83,0,31,7,2016,1,1,7,0,1,4,1,3,SR-7,,99998,33.361,-90.371,0,34,0,0,1,1,0,4,2,10,0,10,0,0,99,99,99,99,99,99,0,0,0,1,1,2
28,280370,3,3,0,0,0,7,7,107,120,1,8,2016,2,9,46,0,1,4,1,3,SR-6,CR-EUREKA ST,99998,34.311,-89.95,0,12,6,0,2,2,0,1,1,1,0,1,0,0,99,99,99,99,99,99,0,0,0,1,0,2
28,280372,1,1,0,1,1,1,1,31,0,2,8,2016,3,17,24,1,1,3,1,2,US-49,,99998,31.573,-89.518,0,8,0,0,1,1,0,1,1,10,0,10,0,0,99,98,99,98,88,88,0,0,0,1,0,0
28,280373,1,1,0,1,1,1,1,109,0,5,8,2016,6,5,11,1,1,1,1,1,I-59,,99998,30.739,-89.535,0,8,0,0,1,1,0,1,2,1,0,1,0,0,99,98,99,98,88,88,0,0,0,1,0,1
28,280375,2,2,0,0,0,4,4,161,0,5,8,2016,6,15,25,1,1,1,1,1,I-55,,99998,33.905,-89.857,0,12,2,0,1,1,0,1,1,10,0,10,0,0,99,99,99,99,99,99,20,0,0,1,0,1
28,280376,1,1,0,0,0,1,1,89,0,6,8,2016,7,7,10,1,1,1,1,1,I-55,,99998,32.709,-90.048,0,42,0,0,1,1,0,4,4,1,0,1,0,0,99,98,99,98,88,88,0,0,0,1,0,1
28,280377,1,1,0,2,2,2,2,45,0,6,8,2016,7,22,48,1,1,3,1,2,US-90,,99998,30.241,-89.608,0,8,0,0,1,1,0,1,2,10,0,10,0,0,99,99,99,99,99,99,23,0,0,1,0,0
28,280378,1,1,0,0,0,3,3,29,0,7,8,2016,1,12,29,0,1,4,1,3,SR-18,,99998,32.044,-90.441,0,42,0,0,1,1,0,4,1,1,0,1,0,0,99,99,99,99,99,99,0,0,0,2,1,2
28,280379,1,1,0,0,0,2,2,127,1580,9,8,2016,3,18,27,0,1,4,1,3,SR-149,,99998,31.971,-89.891,0,42,0,0,1,1,0,4,1,2,0,2,0,0,99,99,99,99,99,99,0,0,0,1,0,2
28,280381,2,2,0,0,0,3,3,123,1670,10,8,2016,4,18,5,1,1,3,1,2,US-80,,99998,32.336,-89.699,0,12,6,0,1,1,0,1,1,2,0,2,0,0,99,99,99,99,99,99,0,0,0,1,0,1
28,280383,3,3,0,0,0,4,4,101,0,11,8,2016,5,4,14,1,1,1,1,1,I-20,,99998,32.325,-89.315,0,12,1,0,1,1,0,1,1,10,0,10,0,0,99,99,99,99,99,99,0,0,0,1,0,1
28,280384,3,3,0,0,0,3,3,121,870,11,8,2016,5,9,30,1,1,3,1,2,US-49,,99998,32.182,-90.136,0,12,7,0,1,1,0,1,1,1,0,1,0,0,99,98,99,98,88,88,0,0,0,1,0,0
28,280385,2,2,0,0,0,3,3,39,0,11,8,2016,5,13,0,0,1,4,1,3,SR-26,,99998,30.854,-88.847,0,12,2,0,1,1,0,1,1,2,0,2,0,0,99,99,99,99,99,99,0,0,0,1,0,1
28,280386,1,1,0,1,1,2,2,109,0,12,8,2016,6,5,0,0,1,3,1,2,US-11,,99998,30.496,-89.688,0,8,0,0,1,1,0,1,2,2,0,2,0,0,99,98,99,98,88,88,0,0,0,1,0,0
28,280387,2,2,0,0,0,4,4,139,0,12,8,2016,6,19,48,0,1,4,1,3,SR-15,,99998,34.889,-88.91,0,12,2,0,1,1,0,1,5,10,0,10,0,0,99,99,99,99,99,99,0,0,0,1,0,0
28,280389,3,3,0,0,0,6,6,33,1090,15,8,2016,2,7,23,1,1,1,1,1,I-55,,99998,34.883,-89.991,0,12,1,0,1,1,0,1,1,10,0,10,0,0,99,99,99,99,99,99,0,0,0,1,0,1
28,280390,1,1,0,0,0,3,3,127,0,15,8,2016,2,17,30,1,1,3,1,2,US-49,,99998,32.026,-89.96,0,32,0,0,1,1,0,4,1,2,10,2,0,0,99,99,99,99,99,99,0,0,0,1,0,0
28,280392,3,3,0,0,0,3,3,67,0,17,8,2016,4,10,33,1,1,3,1,2,US-84,SR-28,99998,31.696,-89.21,0,12,6,0,2,2,0,1,1,1,0,1,0,0,99,98,99,98,88,88,0,0,0,1,0,0
28,280393,2,2,0,0,0,3,3,109,2020,18,8,2016,5,15,12,0,1,4,1,3,SR-26,,99998,30.843,-89.513,0,12,1,0,1,1,0,1,1,1,0,1,0,0,99,99,99,99,99,99,0,0,0,1,0,1
28,280395,1,1,0,0,0,1,1,75,0,20,8,2016,7,1,0,1,1,3,1,2,US-45,,99998,32.332,-88.663,0,52,0,0,1,1,0,4,2,10,0,10,0,0,99,98,99,98,88,88,0,0,0,1,0,0
28,280396,1,1,0,0,0,1,1,99,0,20,8,2016,7,3,36,0,1,4,1,3,SR-21,,99998,32.578,-89.315,0,53,0,0,1,1,0,4,2,1,0,1,0,0,99,98,99,98,88,88,0,0,0,1,0,2