STATE,ST_CASE,VE_TOTAL,VE_FORMS,PVH_INVL,PEDS,PERNOTMVIT,PERMVIT,PERSONS,COUNTY,CITY,DAY,MONTH,YEAR,DAY_WEEK,HOUR,MINUTE,NHS,RUR_URB,FUNC_SYS,RD_OWNER,ROUTE,TWAY_ID,TWAY_ID2,MILEPT,LATITUDE,LONGITUD,SP_JUR,HARM_EV,MAN_COLL,RELJCT1,RELJCT2,TYP_INT,WRK_ZONE,REL_ROAD,LGT_COND,WEATHER1,WEATHER2,WEATHER,SCH_BUS,RAIL,NOT_HOUR,NOT_MIN,ARR_HOUR,ARR_MIN,HOSP_HR,HOSP_MN,CF1,CF2,CF3,FATALS,DRUNK_DR,RANK
28,280397,1,1,0,0,0,1,1,121,2125,20,8,2016,7,6,17,1,1,3,1,2,US-49,,99998,32.188,-90.139,0,34,0,0,1,1,0,4,2,10,0,10,0,0,99,98,99,98,88,88,0,0,0,1,1,0
28,280398,9,9,0,0,0,11,11,49,371,20,8,2016,7,15,2,1,1,1,1,1,I-55,,99998,32.192,-90.252,0,12,1,0,1,1,1,1,1,1,0,1,0,0,99,99,99,99,99,99,0,0,0,3,0,1
28,280399,1,1,0,0,0,1,1,95,0,20,8,2016,7,21,45,1,1,3,1,2,US-278,SR-8,99998,33.898,-88.329,0,42,0,0,3,3,0,4,2,1,0,1,0,0,99,98,99,98,88,88,0,0,0,1,1,0
28,280400,2,2,0,0,0,2,2,7,0,22,8,2016,2,6,53,0,1,4,1,3,SR-14,,99998,32.937,-89.816,0,12,2,0,1,1,0,1,1,1,0,1,0,0,99,99,99,99,99,99,0,0,0,1,0,2
28,280401,2,2,0,0,0,3,3,31,0,24,8,2016,4,7,32,1,1,3,1,2,US-49,CR-PEARCE RD,99998,31.752,-89.659,0,12,6,0,2,2,0,1,4,10,0,10,0,0,99,99,99,99,99,99,0,0,0,1,0,0
28,280402,1,1,0,0,0,1,1,153,0,24,8,2016,4,8,54,1,1,3,1,2,US-45,,99998,31.7,-88.62,0,35,0,0,1,1,0,4,1,1,0,1,0,0,99,99,99,99,99,99,0,0,0,1,1,0
28,280406,2,2,0,0,0,2,2,15,0,25,8,2016,5,19,53,1,1,3,1,2,US-82,,99998,33.51,-90.091,0,12,1,0,1,1,0,1,5,1,0,1,0,0,99,99,99,99,99,99,0,0,0,1,0,0
28,280407,1,1,0,1,1,1,1,45,0,26,8,2016,6,20,2,1,1,1,1,1,I-10,,99998,30.323,-89.574,0,8,0,0,1,1,0,1,2,1,0,1,0,0,99,99,99,99,99,99,0,0,0,1,0,1
28,280408,2,2,0,0,0,2,2,75,0,26,8,2016,6,20,9,0,1,3,1,3,SR-19,CR-OTIS SEAL DR,99998,32.412,-88.774,0,12,6,0,2,2,0,1,2,1,0,1,0,0,99,98,99,98,88,88,0,0,0,1,0,2
28,280410,2,2,0,0,0,5,5,151,990,27,8,2016,7,3,5,0,1,4,1,3,SR-1,,99998,33.349,-91.042,0,12,1,0,1,1,0,1,3,1,0,1,0,0,99,99,99,99,99,99,0,0,0,1,0,1
28,280411,1,1,0,1,1,1,1,65,0,27,8,2016,7,21,4,0,1,4,1,3,SR-42,,99998,31.54,-89.806,0,8,0,0,1,1,0,1,2,1,0,1,0,0,99,98,99,98,88,88,0,0,0,1,0,1
28,280413,1,1,0,0,0,2,2,73,0,28,8,2016,1,15,50,1,1,3,1,2,US-98,,99998,31.313,-89.47,0,35,0,0,1,1,0,4,1,1,0,1,0,0,99,99,99,99,99,99,0,0,0,1,0,0
28,280414,1,1,0,0,0,4,4,69,0,28,8,2016,1,18,33,0,1,4,1,3,SR-16,,99998,32.761,-88.776,0,1,0,0,1,1,0,4,1,1,0,1,0,0,99,99,99,99,99,99,0,0,0,1,0,2
28,280416,2,2,0,0,0,3,3,129,0,29,8,2016,2,16,22,0,1,4,1,3,SR-28,,99998,31.842,-89.491,0,12,2,0,1,1,0,1,1,1,0,1,0,0,99,99,99,99,99,99,0,0,0,1,0,2
28,280417,2,2,0,0,0,2,2,37,0,31,8,2016,4,6,57,1,1,3,1,2,US-84,,99998,31.513,-90.636,0,12,1,0,1,1,0,1,1,1,0,1,0,0,99,98,99,98,88,88,0,0,0,1,0,0
28,280418,1,1,0,0,0,3,3,75,0,1,9,2016,5,1,22,0,1,4,1,3,SR-19,,99998,32.364,-88.621,0,34,0,0,1,1,0,4,2,1,0,1,0,0,99,99,99,99,99,99,0,0,0,1,0,2
28,280419,1,1,0,0,0,1,1,75,0,1,9,2016,5,9,11,1,1,1,1,1,I-20,,99998,32.412,-88.492,0,23,0,0,1,1,0,4,1,1,0,1,0,0,99,99,99,99,99,99,0,0,0,1,0,1
28,280421,2,2,0,0,0,3,3,39,0,1,9,2016,5,20,52,0,1,3,1,3,SR-63,CR-COOKS CORNER RD,99998,30.839,-88.598,0,12,6,0,2,3,0,1,2,10,0,10,0,0,99,99,99,99,99,99,0,0,0,1,0,2
28,280422,2,2,0,0,0,2,2,111,0,2,9,2016,6,9,19,0,1,4,1,3,SR-29,,99998,31.341,-89.107,0,12,2,0,1,1,0,1,1,1,0,1,0,0,99,99,99,99,99,99,0,0,0,1,0,2
28,280425,2,2,0,0,0,3,3,59,1680,5,9,2016,2,12,13,1,1,1,1,1,I-10,,99998,30.439,-88.545,0,52,0,0,1,1,0,4,1,2,0,2,0,0,99,99,99,99,99,99,0,0,0,1,0,1
28,280426,1,1,0,1,1,1,1,29,1060,6,9,2016,3,6,18,1,1,3,1,2,US-51,,99998,31.848,-90.397,0,8,0,0,1,1,0,1,4,5,0,5,0,0,99,99,99,99,99,99,0,0,0,1,0,0
28,280429,2,2,0,0,0,2,2,107,120,9,9,2016,6,11,8,0,1,4,1,3,SR-6,CS-MEDICAL CENTER DR,99998,34.31,-89.91,0,12,6,0,2,2,0,1,1,1,0,1,0,0,99,99,99,99,99,99,0,0,0,1,0,2
28,280434,1,1,0,0,0,4,4,77,0,12,9,2016,2,15,2,1,1,3,1,2,US-84,,99998,31.595,-89.996,0,1,0,0,1,1,0,1,1,1,0,1,0,0,99,99,99,99,99,99,0,0,0,1,0,0
28,280436,1,1,0,0,0,1,1,93,0,13,9,2016,3,5,40,0,1,4,1,3,SR-178,,99998,34.851,-89.633,0,1,0,0,1,1,0,4,2,1,0,1,0,0,99,98,99,98,88,88,0,0,0,1,0,0
28,280438,2,2,0,0,0,2,2,151,0,14,9,2016,4,13,19,1,1,3,1,2,US-82,,99998,33.418,-90.819,0,12,1,0,1,1,0,1,1,1,0,1,0,0,99,99,99,99,99,99,0,0,0,1,0,0
28,280439,1,1,0,0,0,1,1,123,0,14,9,2016,4,16,30,1,1,1,1,1,I-20,,99998,32.325,-89.579,0,42,0,0,1,1,0,4,1,1,0,1,0,0,99,99,99,99,99,99,0,0,0,1,0,1
28,280441,1,1,0,1,1,1,1,49,1220,15,9,2016,5,5,49,1,1,1,1,1,I-55,,99998,32.386,-90.146,0,8,0,0,1,1,0,1,3,1,0,1,0,0,99,98,99,98,88,88,0,0,0,1,0,1
28,280444,2,2,0,0,0,2,2,81,0,17,9,2016,7,22,27,0,1,4,1,3,SR-145,CR-BIRMINGHAM RIDGE RD,99998,34.343,-88.705,0,12,6,0,2,3,0,1,2,1,0,1,0,0,99,99,99,99,99,99,0,0,0,1,0,1
28,280445,2,2,0,0,0,2,2,59,0,18,9,2016,1,3,0,1,1,1,1,1,I-10,,99998,30.452,-88.76,0,12,1,0,1,1,0,1,2,10,0,10,0,0,99,98,99,98,88,88,0,0,0,1,1,1
28,280446,1,1,0,0,0,1,1,121,2125,18,9,2016,1,10,21,1,1,2,1,2,US-49,,99998,32.234,-90.162,0,59,0,0,1,1,0,4,1,1,0,1,0,0,99,98,99,98,88,88,0,0,0,1,0,0
28,280447,2,2,0,0,0,2,2,87,540,19,9,2016,2,10,52,1,1,3,1,2,US-82,,99998,33.518,-88.426,0,12,2,0,1,1,0,1,1,1,0,1,0,0,99,99,99,99,99,99,0,0,0,1,0,0
28,280448,1,1,0,0,0,1,1,7,0,20,9,2016,3,5,29,0,1,4,1,3,SR-43,SR-12,99998,33.043,-89.627,0,42,0,0,3,3,0,4,2,1,0,1,0,0,99,98,99,98,88,88,0,0,0,1,0,2
28,280450,2,2,0,0,0,2,2,145,0,20,9,2016,3,6,4,0,1,4,1,3,SR-30,,99998,34.496,-89.035,0,12,6,0,8,1,0,1,2,5,0,5,0,0,99,98,99,98,88,88,0,0,0,1,0,1
28,280451,2,2,0,0,0,2,2,99,0,21,9,2016,4,17,11,0,1,4,1,3,SR-21,,99998,32.856,-88.994,0,12,2,0,1,1,0,1,1,1,0,1,0,0,99,99,99,99,99,99,0,0,0,1,0,2
28,280452,1,1,0,0,0,1,1,71,0,24,9,2016,7,0,21,1,1,3,1,2,US-278,,99998,34.353,-89.713,0,1,0,0,1,1,0,3,2,1,0,1,0,0,99,98,99,98,88,88,0,0,0,1,1,0
28,280454,2,2,0,0,0,3,3,83,0,24,9,2016,7,19,21,1,1,3,1,2,US-82,CR-546,99998,33.47,-90.41,0,12,6,0,2,2,0,1,5,1,0,1,0,0,99,99,99,99,99,99,0,0,0,1,0,0
28,280455,2,2,0,0,0,8,8,47,1020,24,9,2016,7,20,43,1,1,3,1,2,US-49,CR-ORANGE GROVE RD,99998,30.453,-89.1,0,12,6,0,3,2,0,1,3,1,0,1,0,0,99,99,99,99,99,99,0,0,0,1,0,0
28,280456,1,1,0,0,0,1,1,143,0,25,9,2016,1,0,29,0,1,4,1,3,SR-4,,99998,34.641,-90.346,0,35,0,0,1,1,0,4,2,1,0,1,0,0,99,99,99,99,99,99,0,0,0,1,0,2
28,280458,2,2,0,0,0,2,2,33,2422,25,9,2016,1,13,1,1,1,3,1,2,US-51,CR-STATELINE RD,99998,34.992,-90.023,0,12,6,0,2,2,0,1,1,1,0,1,0,0,99,99,99,99,99,99,0,0,0,1,0,0
28,280460,3,3,0,0,0,5,5,29,0,28,9,2016,4,16,2,1,1,1,1,1,I-55,,99998,31.885,-90.41,0,12,1,0,1,1,0,1,1,1,0,1,0,0,99,99,99,99,99,99,0,0,0,1,0,1
28,280462,2,2,0,0,0,3,3,45,0,30,9,2016,6,20,5,1,1,1,1,1,I-10,,99998,30.343,-89.476,0,12,1,0,1,1,0,1,2,1,0,1,0,0,99,99,99,99,99,99,0,0,0,1,0,1
28,280464,1,1,0,1,1,1,1,59,0,1,10,2016,7,1,45,1,1,1,1,1,I-10,,99998,30.454,-88.829,0,8,0,0,1,1,0,1,6,1,0,1,0,0,99,98,99,98,88,88,0,0,0,1,0,1
28,280466,1,1,0,0,0,1,1,29,0,1,10,2016,7,4,20,1,1,1,1,1,I-55,,99998,31.836,-90.416,0,42,0,0,1,1,0,3,2,1,0,1,0,0,99,98,99,98,88,88,0,0,0,1,0,1
28,280468,1,1,0,0,0,2,2,97,0,1,10,2016,7,23,25,1,1,1,1,1,I-55,,99998,33.446,-89.766,0,24,0,0,1,1,0,4,2,1,0,1,0,0,99,99,99,99,99,99,0,0,0,1,0,1
28,280469,2,2,0,0,0,2,2,115,0,2,10,2016,1,9,55,0,1,4,1,3,SR-41,CR-PONTOCOLA RD,99998,34.154,-88.918,0,12,6,0,2,3,0,1,1,1,0,1,0,0,99,98,99,98,88,88,0,0,0,1,0,1
28,280472,1,1,0,0,0,2,2,27,0,3,10,2016,2,3,26,1,1,3,1,2,US-61,,99998,34.309,-90.505,0,35,0,0,1,1,0,4,2,1,0,1,0,0,3,27,3,40,4,23,0,0,0,2,0,0
28,280477,1,1,0,0,0,1,1,69,0,4,10,2016,3,13,2,1,1,3,1,2,US-45,,99998,32.639,-88.496,0,42,0,0,1,1,0,4,1,1,0,1,0,0,13,2,13,2,88,88,0,0,0,1,0,0
28,280479,1,1,0,1,1,1,1,151,990,5,10,2016,4,19,51,1,1,3,4,2,US-82,,99998,33.4,-91.024,0,8,0,0,1,1,0,1,3,1,0,1,0,0,99,98,99,98,88,88,0,0,0,1,0,0
28,280481,1,1,0,0,0,1,1,115,0,6,10,2016,5,18,24,0,1,4,1,3,SR-15,,99998,34.181,-89.014,0,35,0,0,1,1,0,4,5,1,0,1,0,0,18,24,18,25,18,31,0,0,0,1,0,0
28,280482,3,3,0,0,0,5,5,99,0,6,10,2016,5,21,44,0,1,4,1,3,SR-15,CR-MS 19 BYPASS,99998,32.77,-89.136,0,12,6,0,2,4,0,1,3,1,0,1,0,0,99,99,99,99,99,99,0,0,0,1,0,0
28,280483,2,2,0,0,0,3,3,73,0,6,10,2016,5,23,21,1,1,3,1,2,US-11,CR-WHITE CHAPEL RD,99998,31.206,-89.365,0,12,2,0,3,3,0,1,2,1,0,1,0,0,99,99,99,99,99,99,0,0,0,1,0,0
28,280484,1,1,0,0,0,1,1,45,0,7,10,2016,6,11,1,0,1,4,1,3,SR-53,,99998,30.611,-89.388,0,42,0,0,1,1,0,4,1,1,0,1,0,0,99,98,99,98,88,88,0,0,0,1,0,2
28,280486,2,2,0,0,0,3,3,61,0,8,10,2016,7,8,30,1,1,1,1,1,I-59,,99998,31.957,-88.977,0,12,1,0,1,1,0,1,1,1,0,1,0,0,99,98,99,98,88,88,0,0,0,2,0,1
28,280487,3,3,0,0,0,4,4,105,2430,8,10,2016,7,9,35,0,1,4,1,3,SR-12,,99998,33.449,-88.838,0,12,1,0,1,1,0,1,1,1,0,1,0,0,9,39,9,42,10,6,0,0,0,1,0,2
28,280489,1,1,0,0,0,1,1,95,0,10,10,2016,2,4,15,1,1,3,1,2,US-278,,99998,33.885,-88.239,0,42,0,0,1,1,0,4,2,1,0,1,0,0,99,98,99,98,88,88,0,0,0,1,0,0
28,280490,1,1,0,0,0,1,1,65,0,10,10,2016,2,9,46,0,1,4,1,3,SR-13,,99998,31.672,-89.863,0,34,0,0,1,1,0,4,1,1,0,1,0,0,9,46,10,14,11,5,0,0,0,1,0,2
28,280496,1,1,0,0,0,1,1,133,0,14,10,2016,6,1,38,1,1,3,1,2,US-82,,99998,33.462,-90.553,0,1,0,0,1,1,0,4,2,1,0,1,0,0,1,40,1,44,88,88,0,0,0,1,1,0
28,280497,2,2,0,0,0,3,3,145,0,14,10,2016,6,14,16,1,1,3,1,2,US-78,,99998,34.448,-88.976,0,12,6,0,1,1,0,1,1,2,10,2,0,0,14,16,14,21,88,88,0,0,0,1,0,0
28,280499,2,2,0,0,0,2,2,45,2740,15,10,2016,7,7,0,1,1,3,4,2,US-90,CS-MCLAURIN ST,99998,30.307,-89.376,0,12,2,0,2,2,0,1,1,1,0,1,0,0,99,99,99,99,99,99,0,0,0,1,0,0
28,280500,1,1,0,0,0,1,1,113,0,15,10,2016,7,16,10,0,1,4,1,3,SR-44,,99998,31.26,-90.397,0,32,0,0,1,1,0,4,1,1,0,1,0,0,99,98,99,98,88,88,0,0,0,1,0,2
28,280502,1,1,0,1,1,1,1,49,1220,17,10,2016,2,5,5,0,1,7,4,2,US-80,CR-WHITING RD,99998,32.31,-90.266,0,8,0,0,2,3,0,1,2,1,0,1,0,0,99,98,99,98,88,88,0,0,0,1,0,1
28,280503,1,1,0,0,0,1,1,151,0,17,10,2016,2,6,1,1,1,3,1,2,US-82,,99998,33.411,-90.847,0,42,0,0,1,1,0,4,3,1,0,1,0,0,6,3,6,24,88,88,0,0,0,1,0,0
28,280504,2,2,0,0,0,2,2,89,1500,17,10,2016,2,11,52,1,1,1,1,1,I-55,,99998,32.482,-90.131,0,12,7,0,1,1,0,1,1,1,0,1,0,0,11,52,12,9,88,88,0,0,0,1,0,1
28,280506,1,1,0,0,0,1,1,87,540,18,10,2016,3,17,9,1,1,3,1,2,US-82,,99998,33.518,-88.426,0,23,0,0,1,1,0,4,1,1,0,1,0,0,99,98,99,98,88,88,0,0,0,1,0,0
28,280508,2,1,1,0,0,1,1,47,230,19,10,2016,4,23,35,1,1,1,1,1,I-10,,99998,30.461,-88.961,0,14,0,0,1,1,0,4,2,1,0,1,0,0,99,98,99,98,88,88,0,0,0,1,0,1
28,280510,3,3,0,0,0,6,6,99,0,22,10,2016,7,16,42,0,1,4,1,3,SR-19,,99998,32.858,-89.153,0,12,2,0,1,1,0,1,2,1,0,1,0,0,99,99,99,99,99,99,0,0,0,1,1,2
28,280511,4,4,0,1,1,6,6,33,2422,22,10,2016,7,19,45,1,1,1,1,1,I-55,,99998,34.971,-90.001,0,8,0,0,1,1,0,1,2,1,0,1,0,0,99,98,99,98,88,88,0,0,0,1,0,1
28,280512,1,1,0,1,1,1,1,99,0,25,10,2016,3,1,12,0,1,4,1,3,SR-16,,99998,32.778,-89.229,0,8,0,0,1,1,0,1,2,1,0,1,0,0,99,98,99,98,88,88,0,0,0,1,0,2
28,280514,1,1,0,0,0,4,4,121,1920,26,10,2016,4,4,10,1,1,1,1,1,I-20,,99998,32.295,-89.823,0,1,0,0,1,1,0,4,2,1,0,1,0,0,99,99,99,99,99,99,0,0,0,1,1,1
28,280515,1,1,0,0,0,1,1,59,0,26,10,2016,4,6,6,0,1,3,1,3,SR-63,,99998,30.658,-88.564,0,35,0,0,1,1,0,4,1,1,0,1,0,0,99,99,99,99,99,99,0,0,0,1,0,2
28,280516,1,1,0,0,0,1,1,113,0,26,10,2016,4,13,50,1,1,1,1,1,I-55,,99998,31.334,-90.477,0,18,0,0,1,1,1,1,1,1,0,1,0,0,99,99,99,99,99,99,0,0,0,1,0,1
28,280518,2,2,0,0,0,4,4,39,0,27,10,2016,5,20,0,0,1,3,1,3,SR-63,CR-AIRPORT RD,99998,30.776,-88.598,0,12,6,0,7,1,0,1,2,10,0,10,0,0,99,99,99,99,99,99,0,0,0,1,0,2
28,280519,1,1,0,0,0,2,2,153,0,28,10,2016,6,6,0,1,1,3,1,2,US-45,,99998,31.55,-88.531,0,11,0,0,1,1,0,1,2,1,0,1,0,0,99,99,99,99,99,99,0,0,0,1,0,0
28,280522,1,1,0,1,1,1,1,51,0,31,10,2016,2,2,2,1,1,3,1,2,US-49,,99998,33.319,-90.231,0,8,0,0,1,1,0,1,2,1,0,1,0,0,99,98,99,98,88,88,0,0,0,1,0,0
28,280523,2,2,0,0,0,2,2,49,1220,31,10,2016,2,14,34,0,1,4,1,3,SR-18,,99998,32.269,-90.32,0,12,2,0,1,1,0,1,1,1,0,1,0,0,99,99,99,99,99,99,0,0,0,1,0,2
28,280528,2,2,0,0,0,2,2,93,0,1,11,2016,3,22,7,0,1,4,1,3,SR-7,SR-4,99998,34.728,-89.464,0,12,6,0,2,3,0,1,2,1,0,1,0,0,99,98,99,98,88,88,0,0,0,1,0,2
28,280529,1,1,0,0,0,1,1,117,0,2,11,2016,4,12,43,1,1,3,1,2,US-45,,99998,34.598,-88.626,0,1,0,0,1,1,0,3,1,1,0,1,0,0,99,98,99,98,88,88,0,0,0,1,0,0
28,280530,1,1,0,0,0,1,1,29,0,3,11,2016,5,5,0,1,1,1,1,1,I-55,,99998,31.711,-90.448,0,42,0,0,1,1,0,3,2,1,0,1,0,0,99,98,99,98,88,88,0,0,0,1,0,1
28,280531,1,1,0,1,1,1,1,161,0,4,11,2016,6,0,39,0,1,4,1,3,SR-7,,99998,34.158,-89.654,0,8,0,0,1,1,0,1,2,10,0,10,0,0,99,98,99,98,88,88,0,0,0,1,0,2
28,280532,1,1,0,0,0,5,5,41,0,5,11,2016,7,2,51,0,1,4,1,3,SR-63,,99998,31.122,-88.498,0,35,0,0,1,1,0,4,2,1,0,1,0,0,99,99,99,99,99,99,0,0,0,1,0,2
28,280533,1,1,0,0,0,2,2,3,0,6,11,2016,1,1,7,0,1,6,2,4,CR-611,,99998,34.911,-88.816,0,35,0,0,1,1,0,4,2,1,0,1,0,0,1,7,1,11,1,36,0,0,0,1,1,2
28,280534,3,3,0,0,0,8,8,107,120,6,11,2016,1,1,40,1,1,1,1,1,I-55,,99998,34.299,-89.921,0,1,0,0,1,1,0,3,2,1,0,1,0,0,99,99,99,99,99,99,0,0,0,2,0,1
28,280535,1,1,0,0,0,2,2,3,0,6,11,2016,1,4,51,0,1,4,1,3,SR-2,,99998,34.888,-88.612,0,34,0,0,1,1,0,4,2,1,0,1,0,0,4,51,5,13,5,44,0,0,0,1,0,2
28,280536,1,1,0,0,0,2,2,95,0,6,11,2016,1,7,20,1,1,3,1,2,US-45,,99998,33.698,-88.668,0,1,0,0,1,1,0,4,1,1,0,1,0,0,99,99,99,99,99,99,0,0,0,1,1,0
28,280538,2,2,0,0,0,3,3,99,0,7,11,2016,2,15,10,0,1,4,1,3,SR-16,CR-WILLIS RD,99998,32.772,-89.202,0,12,6,0,2,2,0,1,1,10,0,10,0,0,99,99,99,99,99,99,0,0,0,1,0,2
28,280541,1,1,0,0,0,1,1,161,0,8,11,2016,3,22,15,1,1,3,1,2,US-51,,99998,34.017,-89.908,0,1,0,0,1,1,0,4,2,1,0,1,0,0,99,98,99,98,88,88,0,0,0,1,0,0
28,280545,2,2,0,0,0,14,14,101,460,31,10,2016,2,19,48,1,1,3,1,2,US-80,,0,32.326,-88.948,0,12,1,0,1,1,0,1,2,1,0,1,0,0,19,48,19,57,20,10,0,0,0,3,0,1
28,280546,3,3,0,0,0,7,7,51,0,12,11,2016,7,17,33,0,1,4,1,3,SR-12,,99998,33.102,-89.971,0,12,7,0,1,1,0,1,2,1,0,1,0,0,99,99,99,99,99,99,0,0,0,1,1,2
28,280548,1,1,0,0,0,1,1,73,0,13,11,2016,1,13,55,0,1,4,1,3,SR-42,,99998,31.419,-89.469,0,42,0,0,1,1,0,4,1,1,0,1,0,0,99,98,99,98,88,88,0,0,0,1,0,1
28,280549,1,1,0,1,1,1,1,35,1050,14,11,2016,2,18,0,1,1,3,1,2,US-49,,99998,31.238,-89.273,0,8,0,0,1,1,0,1,2,1,0,1,0,0,99,98,99,98,88,88,0,0,0,1,0,0
28,280551,4,4,0,0,0,7,7,91,0,18,11,2016,6,14,6,0,1,4,1,3,SR-13,,99998,31.125,-89.673,0,12,2,0,1,1,0,1,1,1,0,1,0,0,99,99,99,99,99,99,0,0,0,1,0,2
28,280552,1,1,0,0,0,1,1,59,0,18,11,2016,6,16,48,0,1,4,1,3,SR-57,,99998,30.668,-88.748,0,52,0,0,1,1,0,4,2,1,0,1,0,0,16,48,17,8,88,88,0,0,0,1,0,2
28,280553,1,1,0,0,0,1,1,157,0,18,11,2016,6,18,9,1,1,3,1,2,US-61,,99998,31.198,-91.285,0,1,0,0,1,1,0,3,2,1,0,1,0,0,18,9,18,17,88,88,0,0,0,1,1,0
28,280554,1,1,0,0,0,1,1,107,0,19,11,2016,7,7,7,1,1,3,1,2,US-51,,99998,34.341,-89.938,0,35,0,0,1,1,0,4,2,1,0,1,0,0,99,99,99,99,99,99,0,0,0,1,0,0
28,280555,2,2,0,0,0,4,4,11,0,19,11,2016,7,16,19,0,1,3,1,3,SR-8,CR-N BOLIVAR COUNTY RD,99998,33.739,-90.659,0,12,6,0,2,2,0,1,5,1,0,1,0,0,99,99,99,99,99,99,0,0,0,2,0,2
28,280556,3,2,1,0,0,6,6,21,0,20,11,2016,1,5,16,1,1,3,1,2,US-61,CR-CARROL ST,99998,31.959,-90.982,0,12,6,0,2,2,0,1,1,1,0,1,0,0,99,99,99,99,99,99,0,0,0,1,1,0
28,280557,1,1,0,0,0,2,2,121,1920,20,11,2016,1,5,58,1,1,1,1,1,I-20,,99998,32.292,-89.829,0,1,0,0,1,1,0,4,2,1,0,1,0,0,99,98,99,98,88,88,0,0,0,1,0,1
28,280558,2,2,0,0,0,3,3,41,0,20,11,2016,1,10,50,0,1,3,1,3,SR-57,CR-ROUNSEVILLE RD,99998,31.165,-88.501,0,12,6,0,2,2,0,1,1,1,0,1,0,0,99,99,99,99,99,99,0,0,0,1,0,2
28,280559,2,2,0,0,0,2,2,67,0,21,11,2016,2,16,5,0,1,4,1,3,SR-29,CR-FLOYD STRICKLAND RD,99998,31.541,-89.144,0,12,6,0,2,3,0,1,1,1,0,1,0,0,99,99,99,99,99,99,0,0,0,1,0,2
28,280561,1,1,0,0,0,1,1,67,0,22,11,2016,3,4,10,1,1,1,1,1,I-59,,99998,31.502,-89.305,0,34,0,0,1,1,0,4,2,1,0,1,0,0,99,99,99,99,99,99,0,0,0,1,0,1
28,280566,2,2,0,0,0,2,2,83,0,24,11,2016,5,1,17,0,1,3,1,2,US-82,,99998,33.491,-90.361,0,12,2,0,1,1,0,1,2,5,0,5,0,0,99,98,99,98,88,88,0,0,0,1,0,0
28,280567,1,1,0,0,0,1,1,49,0,25,11,2016,6,13,46,1,1,3,1,2,US-51,,99998,32.055,-90.331,0,34,0,0,1,1,0,4,1,1,0,1,0,0,99,98,99,98,88,88,0,0,0,1,0,0
28,280568,1,1,0,0,0,2,2,153,0,27,11,2016,1,9,6,1,1,3,1,2,US-45,,99998,31.538,-88.526,0,59,0,0,1,1,0,4,1,1,0,1,0,0,99,99,99,99,99,99,0,0,0,1,0,0
28,280571,1,1,0,0,0,3,3,135,0,28,11,2016,2,15,12,0,1,4,1,3,SR-35,,99998,33.941,-90.072,0,43,0,0,1,1,0,4,1,2,0,2,0,0,15,12,15,34,15,57,0,0,0,2,0,1
28,280572,2,2,0,0,0,5,5,153,0,28,11,2016,2,17,45,0,1,4,1,3,SR-63,,99998,31.601,-88.674,0,12,2,0,1,1,0,1,2,10,0,10,0,0,99,99,99,99,99,99,0,0,0,1,1,2
28,280573,2,2,0,0,0,2,2,35,0,29,11,2016,3,8,36,1,1,3,1,3,SR-42,CR-MONROE RD,99998,31.362,-89.299,0,12,6,0,2,2,0,1,1,10,0,10,0,0,99,99,99,99,99,99,0,0,0,1,0,1
28,280574,2,2,0,0,0,3,3,113,0,30,11,2016,4,10,29,1,1,3,1,2,US-98,,99998,31.227,-90.429,0,12,7,0,1,1,0,1,1,10,0,10,0,0,99,99,99,99,99,99,0,0,0,1,0,0
28,280578,3,3,0,0,0,3,3,61,140,26,10,2016,4,12,7,0,1,4,1,3,SR-15,,99998,31.954,-89.291,0,12,1,0,8,1,0,1,1,1,0,1,0,0,99,99,99,99,99,99,0,0,0,1,0,0
28,280583,2,2,0,0,0,2,2,53,0,2,12,2016,6,12,47,1,1,3,1,2,US-49,,99998,33.102,-90.5,0,12,1,0,1,1,0,1,1,1,0,1,0,0,99,99,99,99,99,99,0,0,0,1,0,0
28,280584,2,2,0,0,0,3,3,81,1040,2,12,2016,6,20,34,1,1,3,1,2,US-45,CR-ROBISON ST,99998,34.46,-88.667,0,12,6,0,7,1,0,1,2,1,0,1,0,0,20,37,20,48,88,88,0,0,0,2,0,0
28,280585,2,2,0,0,0,4,4,49,0,3,12,2016,7,17,13,0,1,4,1,3,SR-18,,99998,32.243,-90.441,0,12,2,0,1,1,0,1,1,2,10,2,0,0,99,99,99,99,99,99,0,0,0,1,0,2
28,280586,1,1,0,1,1,1,1,75,1590,3,12,2016,7,17,52,0,1,4,1,3,SR-39,,99998,32.374,-88.682,0,8,0,0,1,1,0,1,3,2,10,2,0,0,99,99,99,99,99,99,0,0,0,1,0,2
28,280589,2,1,1,2,2,1,1,69,0,4,12,2016,1,17,30,0,1,4,1,3,SR-39,,99998,32.637,-88.677,0,8,0,0,1,1,0,4,2,2,0,2,0,0,17,40,17,54,88,88,23,0,0,3,1,2
28,280590,2,2,0,0,0,2,2,75,0,5,12,2016,2,11,9,1,1,3,1,2,US-45,,99998,32.479,-88.6,0,12,1,0,1,1,0,1,1,10,0,10,0,0,99,98,99,98,88,88,0,0,0,1,0,0
28,280591,3,3,0,0,0,3,3,93,0,5,12,2016,2,15,57,0,1,4,1,3,SR-309,CR-DEER CREEK RD,99998,34.933,-89.689,0,12,1,0,3,3,0,1,1,2,0,2,0,0,99,99,99,99,99,99,0,0,0,1,0,1