STATE,ST_CASE,VE_TOTAL,VE_FORMS,PVH_INVL,PEDS,PERNOTMVIT,PERMVIT,PERSONS,COUNTY,CITY,DAY,MONTH,YEAR,DAY_WEEK,HOUR,MINUTE,NHS,RUR_URB,FUNC_SYS,RD_OWNER,ROUTE,TWAY_ID,TWAY_ID2,MILEPT,LATITUDE,LONGITUD,SP_JUR,HARM_EV,MAN_COLL,RELJCT1,RELJCT2,TYP_INT,WRK_ZONE,REL_ROAD,LGT_COND,WEATHER1,WEATHER2,WEATHER,SCH_BUS,RAIL,NOT_HOUR,NOT_MIN,ARR_HOUR,ARR_MIN,HOSP_HR,HOSP_MN,CF1,CF2,CF3,FATALS,DRUNK_DR,RANK
28,280593,1,1,0,0,0,1,1,39,0,7,12,2016,4,2,47,0,1,3,1,3,SR-63,,99998,30.922,-88.628,0,43,0,0,1,1,0,4,2,10,0,10,0,0,99,98,99,98,88,88,0,0,0,1,0,2
28,280597,1,1,0,0,0,3,3,75,0,9,12,2016,6,13,16,1,1,1,1,1,I-59,,99998,32.347,-88.759,0,1,0,0,1,1,0,3,1,1,0,1,0,0,13,17,13,22,13,51,0,0,0,2,0,1
28,280598,1,1,0,0,0,1,1,109,0,9,12,2016,6,21,40,0,1,4,1,3,SR-43,,99998,30.586,-89.751,0,32,0,0,1,1,0,4,2,1,0,1,0,0,99,98,99,98,88,88,0,0,0,1,1,2
28,280599,2,2,0,0,0,2,2,95,10,10,12,2016,7,7,31,1,1,3,1,2,US-45,CR-EAST COMMERCE ST,99998,33.825,-88.585,0,12,6,0,2,2,0,1,1,1,0,1,0,0,99,98,99,98,88,88,0,0,0,1,0,0
28,280602,1,1,0,0,0,2,2,89,0,11,12,2016,1,21,27,0,1,4,1,3,SR-43,,99998,32.632,-89.987,0,11,0,0,1,1,0,1,2,1,0,1,0,0,99,99,99,99,99,99,0,0,0,1,0,2
28,280607,2,2,0,0,0,2,2,115,0,15,12,2016,5,17,11,1,1,3,1,2,US-278,CR-BEULAH GROVE,99998,34.282,-89.053,0,12,6,0,2,2,0,1,2,1,0,1,0,0,99,99,99,99,99,99,0,0,0,1,0,0
28,280608,1,1,0,0,0,1,1,121,1918,17,12,2016,7,6,54,1,1,1,1,1,I-20,,99998,32.267,-90.107,0,42,0,0,1,1,0,4,2,10,0,10,0,0,99,98,99,98,88,88,0,0,0,1,0,1
28,280611,2,2,0,0,0,3,3,59,0,17,12,2016,7,20,58,0,1,4,1,3,SR-57,CR-SUNPLEX RD,99998,30.426,-88.715,0,12,6,0,2,3,0,1,2,10,0,10,0,0,99,99,99,99,99,99,0,0,0,1,0,2
28,280612,2,2,0,0,0,4,4,11,0,18,12,2016,1,14,58,1,1,3,1,2,US-61,,99998,33.681,-90.723,0,12,2,0,1,1,0,1,1,10,0,10,0,0,99,99,99,99,99,99,0,0,0,1,0,0
28,280614,5,5,0,0,0,6,6,89,1500,21,12,2016,4,22,21,1,1,1,1,1,I-55,,99998,32.465,-90.138,0,12,2,0,1,1,0,1,3,1,0,1,0,0,22,22,22,24,22,31,0,0,0,1,0,1
28,280615,1,1,0,0,0,1,1,125,0,25,11,2016,6,17,42,1,1,3,1,2,US-61,,99998,33.097,-90.882,0,34,0,0,1,1,0,4,2,1,0,1,0,0,99,99,99,99,99,99,0,0,0,1,0,0
28,280619,1,1,0,1,1,1,1,33,0,24,12,2016,7,17,0,1,1,3,1,2,US-78,,99998,34.901,-89.749,0,8,0,0,1,1,0,1,2,10,0,10,0,0,99,98,99,98,88,88,0,0,0,1,0,0
28,280623,2,2,0,0,0,3,3,97,2830,27,12,2016,3,15,5,1,1,3,1,2,US-82,CR-GREENSBORO ST,99998,33.494,-89.713,0,12,6,0,2,2,0,1,1,1,0,1,0,0,99,99,99,99,99,99,0,0,0,1,0,0
28,280625,1,1,0,0,0,1,1,25,0,28,12,2016,4,15,13,0,1,6,1,3,SR-50,,99998,33.593,-89.019,0,34,0,0,1,1,0,4,1,10,0,10,0,0,99,99,99,99,99,99,0,0,0,1,0,0
28,280629,1,1,0,0,0,1,1,159,0,31,12,2016,7,12,55,0,1,4,1,3,SR-15,,99998,33,-89.064,0,42,0,0,1,1,0,4,1,1,0,1,0,0,99,98,99,98,88,88,0,0,0,1,0,0
28,280637,2,2,0,0,0,4,4,109,0,27,11,2016,1,14,22,0,1,4,1,3,SR-43,CR-PINK SMITH RD,99998,30.663,-89.765,0,12,6,0,2,2,0,1,1,10,0,10,0,0,99,99,99,99,99,99,0,0,0,1,0,2
29,290001,2,2,0,0,0,2,2,213,0,3,1,2016,1,9,35,0,2,4,1,2,US-160,,102,36.727,-93.176,0,12,2,0,1,1,0,1,1,1,0,1,0,0,9,38,9,41,10,50,0,0,0,1,0,0
29,290002,2,2,0,0,0,2,2,161,0,3,1,2016,1,10,30,0,1,3,1,2,US-63,,157,37.837,-91.797,0,12,2,0,1,1,0,1,1,1,0,1,0,0,99,98,99,98,88,88,0,0,0,1,0,0
29,290003,2,2,0,0,0,2,2,27,0,4,1,2016,2,10,26,1,1,3,1,2,US-54,,319,38.966,-91.907,0,12,1,0,1,1,0,1,1,1,0,1,0,0,10,21,10,36,11,30,0,0,0,1,0,0
29,290006,1,1,0,0,0,2,2,17,0,4,1,2016,2,17,58,1,1,3,1,3,SR-72,,102,37.508,-89.972,0,11,0,0,1,1,0,1,2,1,0,1,0,0,18,13,18,40,19,14,0,0,0,1,0,2
29,290012,2,2,0,0,0,2,2,119,6300,11,1,2016,2,18,57,1,1,1,1,1,I-49,,26,36.607,-94.41,0,12,1,1,18,1,0,1,2,1,0,1,0,0,99,98,99,98,88,88,0,0,0,1,0,0
29,290013,1,1,0,0,0,1,1,47,0,13,1,2016,4,9,55,1,1,3,1,3,SR-92,,169,39.375,-94.291,0,38,0,0,1,1,0,5,1,1,0,1,0,0,99,98,99,98,88,88,0,0,0,1,0,2
29,290014,1,1,0,0,0,2,2,161,0,3,1,2016,1,19,14,0,1,5,1,3,SR-68,,201,37.807,-91.56,0,59,0,0,1,1,0,4,2,1,0,1,0,0,19,15,19,33,99,99,0,0,0,1,1,2
29,290015,2,2,0,0,0,2,2,23,0,15,1,2016,6,7,40,1,1,3,1,3,SR-53,,155,36.592,-90.223,0,12,2,0,1,1,0,1,1,5,10,5,0,0,7,43,8,0,9,6,0,0,0,1,0,2
29,290016,1,1,0,0,0,1,1,77,0,16,1,2016,7,0,1,0,1,5,1,3,SR-123,,68,37.352,-93.487,0,42,0,0,1,1,0,4,2,10,0,10,0,0,99,98,99,98,88,88,0,0,0,1,1,2
29,290021,2,2,0,0,0,6,6,47,0,6,1,2016,4,7,40,1,1,3,1,3,SR-92,,188,39.371,-94.257,0,12,2,0,1,1,0,1,1,3,4,4,0,0,7,50,7,56,9,2,0,0,0,1,0,2
29,290022,2,2,0,0,0,5,5,137,0,9,1,2016,7,13,30,0,1,3,1,2,US-24,,351,39.622,-91.735,0,12,6,0,1,1,0,4,1,4,10,4,0,0,13,25,13,40,99,99,0,0,0,1,0,1
29,290023,1,1,0,0,0,1,1,91,0,19,1,2016,3,10,45,0,1,4,1,3,SR-17,,100,36.941,-91.762,0,35,0,0,1,1,0,4,1,10,0,10,0,0,10,47,11,9,12,40,0,0,0,1,0,2
29,290027,2,2,0,0,0,2,2,99,0,8,1,2016,6,16,10,0,2,4,1,2,US-61,,48,38.397,-90.375,0,12,2,0,1,1,0,1,1,1,0,1,0,0,16,16,16,21,99,99,0,0,0,1,0,0
29,290028,2,2,0,0,0,4,4,1,0,14,1,2016,5,18,47,1,1,3,1,3,SR-6,,9,40.255,-92.836,0,1,0,0,1,1,0,1,2,1,0,1,0,0,18,45,19,2,99,99,0,0,0,1,0,2
29,290031,2,2,0,0,0,2,2,9,0,27,1,2016,4,12,57,1,1,3,1,3,SR-37,,245,36.605,-93.943,0,12,2,0,1,1,0,1,1,1,0,1,0,0,99,98,99,98,88,88,0,0,0,2,0,1
29,290034,1,1,0,1,1,1,1,510,7080,22,1,2016,6,6,45,1,2,1,1,1,I-64,HAMPTON AVE BRIDGE,59,38.632,-90.286,0,8,0,1,18,1,0,1,3,4,10,4,0,0,99,98,99,98,88,88,0,0,0,1,0,1
29,290037,3,3,0,0,0,6,6,99,0,15,1,2016,6,15,35,1,2,3,1,3,SR-30,CR-HIGH RIDGE BLVD,48,38.464,-90.525,0,12,6,0,2,2,0,1,1,10,0,10,0,0,15,41,15,45,16,12,0,0,0,2,0,1
29,290038,3,3,0,0,0,5,5,183,0,21,1,2016,5,7,40,1,2,2,1,2,US-61,,185,38.871,-90.893,0,12,1,0,1,1,0,1,1,8,10,8,0,0,7,42,7,55,8,13,0,0,0,3,0,0
29,290041,2,2,0,0,0,5,5,83,0,24,1,2016,1,18,3,1,1,3,1,3,SR-13,,79,38.449,-93.754,0,12,2,0,1,1,0,1,2,1,0,1,0,0,99,99,99,99,99,99,0,0,0,3,0,2
29,290044,2,2,0,0,0,2,2,37,0,30,1,2016,7,0,55,1,2,1,1,1,I-49,,46,38.786,-94.497,0,12,2,1,18,1,0,1,2,1,0,1,0,0,99,98,99,98,88,88,0,0,0,2,1,0
29,290045,3,3,0,0,0,3,3,109,0,30,1,2016,7,23,20,0,1,4,1,3,SR-96,,68,37.191,-93.933,0,12,2,0,1,1,0,1,2,1,0,1,0,0,99,98,99,98,88,88,14,0,0,1,0,2
29,290046,2,2,0,0,0,4,4,71,7020,31,1,2016,1,19,10,1,1,1,1,1,I-44,,117,38.319,-91.037,0,12,1,0,1,1,0,1,2,1,0,1,0,0,19,19,19,25,19,52,0,0,0,2,0,1
29,290052,1,1,0,0,0,1,1,510,7080,30,1,2016,7,22,2,1,2,1,1,1,I-55,,33,38.581,-90.226,0,33,0,0,1,1,0,4,3,10,0,10,0,0,99,98,99,98,88,88,0,0,0,1,1,1
29,290054,2,2,0,0,0,2,2,77,0,29,1,2016,6,13,30,1,1,3,1,3,SR-13,SR-WW,179,37.334,-93.33,0,12,6,0,2,2,0,1,1,1,0,1,0,0,99,99,99,99,99,99,0,0,0,1,0,2
29,290055,4,4,0,0,0,6,6,71,0,4,2,2016,5,12,40,1,2,3,1,3,SR-47,,99,38.422,-90.989,0,12,8,0,1,1,0,1,1,1,0,1,0,0,12,56,13,9,13,48,14,0,0,1,0,2
29,290056,1,1,0,0,0,2,2,119,4370,4,2,2016,5,6,0,0,1,4,1,3,SR-59,,115,36.609,-94.447,0,32,0,0,1,1,0,4,2,1,0,1,0,0,6,6,6,40,7,21,0,0,0,1,0,2
29,290058,3,3,0,0,0,7,7,27,0,6,2,2016,7,10,0,1,1,1,1,1,I-70,,136,38.943,-91.882,0,57,0,0,1,1,0,3,1,1,0,1,0,0,10,2,10,10,11,14,14,0,0,2,0,1
29,290059,1,1,0,0,0,1,1,1,0,7,2,2016,1,9,10,0,1,5,1,3,SR-157,,3,40.218,-92.643,0,59,0,0,1,1,0,4,1,10,0,10,0,0,9,17,9,24,9,45,0,0,0,1,0,2
29,290061,2,2,0,0,0,2,2,219,8530,10,2,2016,4,22,5,1,1,1,1,1,I-70,,134,38.828,-91.049,0,12,1,0,1,1,0,1,2,8,0,8,0,0,99,98,99,98,88,88,0,0,0,1,1,0
29,290062,2,2,0,0,0,2,2,141,0,11,2,2016,5,6,15,1,1,3,1,2,US-50,,61,38.681,-92.951,0,12,2,0,1,1,0,1,2,1,0,1,0,0,6,24,6,39,8,15,0,0,0,1,0,2
29,290063,1,1,0,0,0,1,1,139,0,11,2,2016,5,18,40,0,1,4,1,3,SR-19,,231,38.836,-91.466,0,35,0,0,1,1,0,4,2,10,0,10,0,0,99,98,99,98,88,88,0,0,0,1,0,2
29,290067,1,1,0,0,0,1,1,101,0,15,2,2016,2,15,35,1,1,3,1,2,US-50,,4,38.767,-93.507,0,32,0,0,1,1,0,4,1,1,0,1,0,0,99,98,99,98,88,88,0,0,0,1,0,2
29,290068,2,2,0,0,0,2,2,21,0,15,2,2016,2,21,30,1,1,3,1,2,US-59,,258,39.557,-95.098,0,12,2,0,1,1,0,1,2,1,0,1,0,0,99,98,99,98,88,88,0,0,0,1,0,0
29,290069,1,1,0,0,0,1,1,510,7080,25,1,2016,2,1,34,0,2,4,4,6,BROADWAY,,52,38.662,-90.195,0,38,0,0,1,1,0,4,3,1,0,1,0,0,99,98,99,98,88,88,0,0,0,1,0,2
29,290076,4,4,0,1,1,3,3,77,0,18,2,2016,5,18,45,1,1,1,1,1,I-44,,209,37.2,-93.426,0,12,1,0,1,1,0,1,2,1,0,1,0,0,18,45,19,1,19,24,15,19,0,1,0,1
29,290079,2,2,0,0,0,2,2,47,0,19,2,2016,6,21,27,1,1,3,1,3,SR-92,,45,39.368,-94.519,0,12,2,0,1,1,0,1,2,1,0,1,0,0,21,29,21,36,99,99,0,0,0,1,0,2
29,290081,1,1,0,0,0,1,1,95,840,20,2,2016,7,4,35,1,2,1,1,1,I-70,,99,39.032,-94.291,0,52,0,0,1,1,0,4,3,1,0,1,0,0,99,98,99,98,88,88,0,0,0,1,1,0
29,290082,1,1,0,0,0,1,1,37,0,20,2,2016,7,20,50,0,1,4,1,3,SR-2,,156,38.646,-94.38,0,59,0,0,1,1,0,4,2,1,0,1,0,0,99,98,99,98,88,88,0,0,0,1,1,2
29,290083,3,3,0,1,1,3,3,510,7080,2,2,2016,3,3,51,1,2,1,1,1,I-44,MACKLIN AV,29,38.619,-90.277,0,8,0,0,1,1,0,1,3,10,0,10,0,0,99,98,99,98,88,88,0,0,0,1,1,1
29,290084,1,1,0,0,0,3,3,97,4100,19,2,2016,6,16,30,1,2,3,1,3,SR-249,,4,37.062,-94.427,0,59,0,0,1,1,0,4,1,1,0,1,0,0,99,99,99,99,99,99,0,0,0,1,0,2
29,290086,1,1,0,0,0,1,1,9,0,6,2,2016,7,0,30,0,1,4,1,3,SR-76,,161,36.665,-93.857,0,35,0,0,1,1,0,4,2,1,0,1,0,0,0,18,0,26,1,5,0,0,0,1,1,2
29,290094,1,1,0,0,0,1,1,95,3940,26,2,2016,6,22,49,1,2,2,1,2,US-24,,154,39.135,-94.338,0,59,0,0,1,1,0,4,2,1,0,1,0,0,99,99,99,99,99,99,0,0,0,1,1,1
29,290097,1,1,0,0,0,1,1,219,0,27,2,2016,7,23,30,0,1,4,1,3,SR-94,,294,38.605,-90.994,0,43,0,0,1,1,0,4,2,1,0,1,0,0,99,98,99,98,88,88,0,0,0,1,1,2
29,290098,2,2,0,0,0,4,4,91,8330,29,1,2016,6,15,25,1,2,3,1,2,US-63,OZARK ST,213,36.79,-91.895,0,12,6,0,2,2,0,1,1,1,0,1,0,0,99,99,99,99,99,99,0,0,0,2,1,0
29,290102,2,2,0,0,0,3,3,97,4100,14,2,2016,1,14,19,0,2,4,1,3,SR-66,JACKSON AVE,55,37.084,-94.521,0,12,6,0,2,2,0,1,1,1,0,1,0,0,99,99,99,99,99,99,0,0,0,1,1,0
29,290103,1,1,0,0,0,1,1,163,4720,2,3,2016,4,5,30,1,1,3,1,2,US-54,,243,39.452,-91.059,0,59,0,0,1,1,0,4,2,1,0,1,0,0,99,98,99,98,88,88,0,0,0,1,0,0
29,290110,2,2,0,0,0,3,3,510,7080,17,2,2016,4,16,21,1,1,1,1,1,I-70,,67,38.698,-90.261,0,12,1,0,1,1,0,1,1,1,0,1,0,0,16,20,16,39,17,30,0,0,0,1,0,0
29,290114,1,1,0,0,0,1,1,95,4120,8,2,2016,2,0,15,1,2,1,1,1,I-70,,91,39.053,-94.478,0,25,0,0,1,1,0,3,3,10,0,10,0,0,99,98,99,98,88,88,0,0,0,1,1,0
29,290116,1,1,0,0,0,2,2,23,0,15,2,2016,2,1,20,1,1,2,1,2,US-60,,209,36.846,-90.547,0,1,0,0,1,1,0,4,2,1,0,1,0,0,1,29,1,44,2,13,0,0,0,1,0,0
29,290117,2,2,0,0,0,4,4,213,0,25,2,2016,5,17,42,1,1,3,1,2,US-65,SR-265,56,36.569,-93.25,0,12,1,0,3,2,0,1,1,10,0,10,0,0,17,44,17,49,18,30,0,0,0,1,0,0
29,290119,1,1,0,0,0,1,1,99,0,7,3,2016,2,23,30,1,2,3,1,3,SR-141,CR-SPRINGDALE ST,55,38.484,-90.444,0,30,0,0,3,2,0,3,3,1,0,1,0,0,23,33,23,41,0,2,0,0,0,1,1,2
29,290120,1,1,0,0,0,2,2,101,0,8,3,2016,3,7,4,0,1,5,1,3,SR-23,,52,38.871,-93.546,0,35,0,0,1,1,0,4,1,10,0,10,0,0,7,22,7,43,8,38,0,0,0,1,0,0
29,290122,1,1,0,0,0,1,1,179,0,10,3,2016,5,16,53,0,1,4,1,3,SR-21,,197,37.347,-90.97,0,34,0,0,1,1,0,4,1,2,10,2,0,0,99,98,99,98,88,88,0,0,0,1,1,2
29,290123,2,2,0,0,0,7,7,101,0,11,3,2016,6,11,44,1,1,2,1,2,US-50,,12,38.768,-93.522,0,12,1,0,1,1,0,1,1,10,0,10,0,0,11,46,11,57,13,3,0,0,0,1,0,2
29,290124,2,2,0,0,0,6,6,101,0,13,3,2016,1,13,39,1,1,3,1,2,US-50,SR-131,72,38.851,-93.99,0,12,6,0,2,2,0,1,1,10,0,10,0,0,13,43,13,46,14,34,0,0,0,1,0,2
29,290126,1,1,0,0,0,1,1,19,0,13,3,2016,1,17,27,1,1,1,1,1,I-70,,196,38.974,-92.51,0,42,0,0,1,1,0,4,1,10,0,10,0,0,99,98,99,98,88,88,0,0,0,1,0,0
29,290127,1,1,0,0,0,1,1,97,40,14,3,2016,2,11,40,1,2,3,1,3,SR-43,,156,37.14,-94.511,0,43,0,0,1,1,0,4,1,1,0,1,0,0,11,40,11,41,12,12,0,0,0,1,0,2
29,290129,2,2,0,0,0,4,4,173,0,16,3,2016,4,20,30,1,1,3,1,3,SR-19,,115,39.484,-91.574,0,12,2,0,1,1,0,1,2,10,0,10,0,0,20,41,21,8,22,8,0,0,0,3,1,2
29,290136,2,2,0,0,0,3,3,195,4970,10,3,2016,5,17,15,1,2,3,1,2,US-65,US-65 BU,160,39.13,-93.219,0,12,6,0,2,4,0,1,1,1,0,1,0,0,17,26,17,32,18,50,0,0,0,1,0,0
29,290138,2,2,0,0,0,4,4,189,0,10,3,2016,5,7,10,1,2,1,1,1,I-270,,255,38.594,-90.45,0,25,0,0,1,1,0,3,1,2,0,2,0,0,7,13,7,21,7,50,0,0,0,1,0,2
29,290142,2,2,0,0,0,2,2,7,0,14,3,2016,2,7,30,1,1,3,1,2,US-54,SR-BB,188,39.163,-91.648,0,12,6,0,2,2,0,1,1,5,10,5,0,0,99,99,99,99,99,99,0,0,0,1,0,0
29,290143,2,2,0,0,0,2,2,189,553,14,3,2016,2,15,40,1,2,1,1,1,I-270,,321,38.771,-90.239,0,12,6,1,18,1,0,1,1,1,0,1,0,0,15,42,15,50,16,20,0,0,0,1,0,2
29,290145,2,2,0,0,0,3,3,221,0,15,3,2016,3,11,56,1,1,3,1,3,SR-8,SOR 8,213,37.924,-90.739,0,12,6,0,3,3,0,1,1,1,0,1,0,0,11,53,11,57,12,11,0,0,0,1,0,2
29,290146,1,1,0,0,0,1,1,33,0,16,3,2016,4,23,50,1,1,3,1,2,US-65,,38,39.279,-93.512,0,11,0,0,1,1,0,1,2,1,0,1,0,0,23,56,0,9,88,88,0,0,0,1,0,0
29,290150,1,1,0,0,0,2,2,47,0,21,3,2016,2,20,25,1,2,3,1,2,US-69,,156,39.296,-94.371,0,1,0,0,1,1,0,4,2,1,0,1,0,0,20,38,20,47,20,59,0,0,0,1,0,0
29,290151,1,1,0,0,0,2,2,203,0,23,3,2016,4,11,45,0,1,4,1,3,SR-106,,145,37.141,-91.406,0,42,0,0,1,1,0,4,1,1,0,1,0,0,99,99,99,99,99,99,0,0,0,1,0,2
29,290153,2,2,0,0,0,2,2,225,2810,24,3,2016,5,13,10,0,1,3,1,2,US-60,,148,37.16,-92.922,0,12,1,0,1,1,0,1,1,10,0,10,0,0,99,98,99,98,88,88,0,0,0,1,1,0
29,290154,3,3,0,0,0,3,3,165,4120,3,3,2016,5,3,27,1,2,1,1,1,I-29,,23,39.206,-94.635,0,12,6,0,1,1,0,1,2,1,0,1,0,0,3,22,3,38,3,58,0,0,0,1,1,0
29,290157,2,2,0,0,0,4,4,95,3940,27,3,2016,1,22,23,1,2,3,1,2,US-40,RP 5972,191,39.047,-94.443,0,12,2,0,2,2,0,1,3,1,0,1,0,0,22,25,22,28,99,99,0,0,0,2,0,0
29,290160,1,1,0,0,0,1,1,189,553,22,3,2016,3,15,13,1,2,1,1,1,I-270,,26,38.771,-90.233,0,34,0,0,1,1,0,4,1,10,0,10,0,0,15,16,15,19,15,44,0,0,0,1,0,2
29,290162,1,1,0,0,0,3,3,105,0,26,3,2016,7,8,20,0,1,4,1,3,SR-32,,281,37.623,-92.432,0,38,0,0,1,1,0,4,1,1,0,1,0,0,8,25,8,47,9,32,0,0,0,1,0,2
29,290163,1,1,0,0,0,1,1,189,0,26,3,2016,7,15,17,1,1,1,1,1,I-44,,87,38.505,-90.58,0,42,0,0,1,1,0,4,1,1,0,1,0,0,99,98,99,98,88,88,0,0,0,1,1,1
29,290165,1,1,0,0,0,1,1,167,0,28,3,2016,2,8,0,1,1,2,1,3,SR-13,,194,37.668,-93.487,0,1,0,0,1,1,0,1,1,1,0,1,0,0,99,98,99,98,88,88,0,0,0,1,0,2
29,290166,3,3,0,0,0,3,3,139,0,1,4,2016,6,10,35,0,1,4,1,3,SR-19,,297,38.754,-91.466,0,12,2,0,1,1,0,1,1,10,0,10,0,0,10,35,10,43,11,45,0,0,0,2,0,2
29,290167,2,2,0,0,0,3,3,175,0,1,4,2016,6,7,40,1,1,3,1,2,US-24,SR-3,55,39.424,-92.605,0,12,2,0,2,3,0,1,1,10,0,10,0,0,7,58,8,10,8,48,0,0,0,1,0,1
29,290168,1,1,0,0,0,1,1,107,0,2,4,2016,7,17,10,1,1,1,1,1,I-70,,249,38.991,-93.65,0,42,0,0,1,1,0,4,1,1,0,1,0,0,99,98,99,98,88,88,0,0,0,1,0,0
29,290170,1,1,0,0,0,1,1,221,0,3,4,2016,1,15,20,1,1,3,1,3,SR-8,,51,37.919,-91.007,0,35,0,0,1,1,0,4,1,1,0,1,0,0,99,98,99,98,88,88,0,0,0,1,0,2
29,290175,2,2,0,0,0,2,2,19,1800,20,2,2016,7,12,10,1,2,2,1,2,US-63,,238,38.974,-92.285,0,12,6,0,1,1,0,1,1,1,0,1,0,0,99,98,99,98,88,88,0,0,0,1,0,0
29,290176,1,1,0,1,1,2,2,47,4120,3,3,2016,5,5,13,1,2,2,1,2,US-169,,190,39.185,-94.592,0,8,0,1,18,1,0,1,2,10,0,10,0,0,99,98,99,98,88,88,0,0,0,1,0,0
29,290182,3,3,0,0,0,6,6,189,2700,3,4,2016,1,15,20,1,2,1,1,1,I-270,,50,38.771,-90.277,0,7,0,0,1,1,0,1,1,1,0,1,0,0,15,17,15,19,15,52,14,0,0,1,0,2
29,290188,1,1,0,2,2,3,3,189,8393,16,4,2016,7,18,45,0,2,4,1,3,SR-109,,37,38.597,-90.64,0,8,0,0,8,1,0,1,1,1,0,1,0,0,99,99,99,99,99,99,0,0,0,1,0,2
29,290189,1,1,0,1,1,1,1,187,2670,26,3,2016,7,2,35,1,2,2,1,2,US-67,,121,37.791,-90.444,0,8,0,0,1,1,0,1,3,1,0,1,0,0,2,38,2,43,3,3,0,0,0,1,0,0
29,290190,1,1,0,0,0,3,3,89,0,26,3,2016,7,0,35,0,1,5,1,3,SR-3,,39,39.261,-92.7,0,34,0,0,1,1,0,4,2,1,0,1,0,0,0,39,0,51,99,99,0,0,0,1,0,2
29,290191,2,2,0,0,0,3,3,189,0,27,3,2016,1,0,56,1,2,1,1,1,I-55,,87,38.456,-90.376,0,12,1,0,1,1,0,1,3,1,0,1,0,0,0,54,1,15,1,38,0,0,0,1,2,1
29,290192,1,1,0,0,0,2,2,91,0,27,3,2016,1,14,15,1,1,3,1,2,US-63,,331,36.678,-91.779,0,58,0,0,1,1,0,4,1,10,0,10,0,0,14,16,14,27,15,7,0,0,0,1,0,0
29,290195,1,1,0,0,0,1,1,91,0,4,4,2016,2,21,14,0,1,5,1,3,SR-17,,353,36.69,-91.861,0,59,0,0,1,1,0,4,2,1,0,1,0,0,99,98,99,98,88,88,0,0,0,1,0,2
29,290196,1,1,0,0,0,1,1,179,0,5,4,2016,3,19,44,0,1,4,1,3,SR-21,,353,37.155,-90.977,0,42,0,0,1,1,0,4,1,1,0,1,0,0,19,55,20,17,88,88,0,0,0,1,0,2
29,290197,1,1,0,0,0,1,1,201,0,7,4,2016,5,16,0,0,1,5,1,2,US-61,,222,36.953,-89.618,0,34,0,0,1,1,0,4,1,10,0,10,0,0,16,5,16,12,88,88,0,0,0,1,0,0
29,290198,2,1,1,1,1,1,1,71,0,7,4,2016,5,9,15,0,1,4,1,3,SR-100,BUCHHEIT RD,134,38.588,-91.164,0,8,0,0,2,3,1,1,1,1,0,1,0,0,99,98,99,98,88,88,14,0,0,1,0,1
29,290199,1,1,0,0,0,2,2,213,0,8,4,2016,6,22,22,0,1,5,1,3,SR-76,,314,36.787,-92.972,0,59,0,0,1,1,0,4,2,1,0,1,0,0,99,99,99,99,99,99,0,0,0,1,1,2
29,290204,1,1,0,0,0,1,1,59,0,14,4,2016,5,21,55,1,1,3,1,2,US-65,,118,37.736,-93.132,0,1,0,0,1,1,0,4,2,1,0,1,0,0,99,98,99,98,88,88,0,0,0,1,0,0
29,290205,4,4,0,0,0,4,4,165,0,14,4,2016,5,12,19,1,2,1,1,1,I-29,,110,39.376,-94.777,0,12,6,0,1,1,0,1,1,1,0,1,0,0,12,19,12,26,99,99,0,0,0,1,0,0
29,290211,1,1,0,1,1,1,1,189,3580,9,3,2016,4,15,18,1,2,1,1,1,I-270,,269,38.775,-90.335,0,8,0,0,1,1,0,1,1,10,0,10,0,0,15,25,15,31,15,48,0,0,0,1,0,2
29,290212,2,2,0,0,0,3,3,19,1800,28,3,2016,2,14,55,1,2,3,1,3,SR-163,CONNECTOR,45,38.907,-92.335,0,12,6,0,2,3,0,1,1,1,0,1,0,0,14,57,15,1,15,13,0,0,0,1,0,2
29,290213,3,3,0,0,0,7,7,95,3940,30,4,2016,7,18,32,0,2,4,1,3,SR-12,,16,39.095,-94.46,0,12,6,0,8,1,0,1,1,1,0,1,0,0,18,34,18,41,19,12,0,0,0,1,1,2
29,290215,1,1,0,1,1,2,2,165,4120,21,4,2016,5,1,55,1,2,3,1,3,SR-152,,77,39.254,-94.617,0,8,0,0,1,1,0,1,3,10,0,10,0,0,99,98,99,98,88,88,0,0,0,1,0,1
29,290217,2,2,0,0,0,2,2,187,0,8,4,2016,6,7,50,1,1,3,1,2,US-67,SR-H,72,37.73,-90.428,0,12,6,0,2,4,0,1,1,1,0,1,0,0,7,51,8,2,8,50,0,0,0,1,0,0
29,290222,1,1,0,0,0,2,2,85,0,23,4,2016,7,18,50,1,1,3,1,2,US-65,,69,37.99,-93.206,0,38,0,0,1,1,0,4,1,1,0,1,0,0,19,2,20,0,20,41,0,0,0,1,1,0
29,290223,1,1,0,1,1,2,2,207,0,23,4,2016,7,22,19,1,1,3,1,2,US-60,,81,36.803,-90.06,0,8,0,0,1,1,0,1,2,1,0,1,0,0,22,21,22,30,23,6,19,0,0,1,0,0
29,290226,3,3,0,0,0,4,4,213,0,21,4,2016,5,12,54,0,1,3,1,2,US-65,SR-265,178,36.57,-93.25,0,12,6,0,2,2,0,1,1,1,0,1,0,0,12,58,13,3,13,29,0,0,0,1,0,0
29,290227,2,2,0,0,0,4,4,63,0,23,4,2016,7,8,10,1,1,3,1,2,US-36,CR-SHARP RD,162,39.762,-94.508,0,12,1,0,2,2,0,1,1,1,0,1,0,0,99,98,99,98,88,88,0,0,0,2,0,1