STATE,ST_CASE,VE_TOTAL,VE_FORMS,PVH_INVL,PEDS,PERNOTMVIT,PERMVIT,PERSONS,COUNTY,CITY,DAY,MONTH,YEAR,DAY_WEEK,HOUR,MINUTE,NHS,RUR_URB,FUNC_SYS,RD_OWNER,ROUTE,TWAY_ID,TWAY_ID2,MILEPT,LATITUDE,LONGITUD,SP_JUR,HARM_EV,MAN_COLL,RELJCT1,RELJCT2,TYP_INT,WRK_ZONE,REL_ROAD,LGT_COND,WEATHER1,WEATHER2,WEATHER,SCH_BUS,RAIL,NOT_HOUR,NOT_MIN,ARR_HOUR,ARR_MIN,HOSP_HR,HOSP_MN,CF1,CF2,CF3,FATALS,DRUNK_DR,RANK
29,290230,1,1,0,0,0,1,1,95,4490,24,3,2016,5,11,31,1,2,3,1,2,US-50,OBRIEN RD,163,38.919,-94.401,0,24,0,0,1,1,0,3,1,10,0,10,0,0,99,98,99,98,88,88,0,0,0,1,0,2
29,290233,2,2,0,0,0,2,2,95,4120,3,4,2016,1,13,25,0,2,4,4,6,BROADWAY RD,LAWRENCE ST,11,39.052,-94.59,0,12,6,0,2,3,0,1,1,10,0,10,0,0,99,98,99,98,88,88,0,0,0,1,0,1
29,290236,6,6,0,0,0,8,8,143,0,31,3,2016,5,18,12,1,1,1,1,1,I-55,,112,36.547,-89.589,0,12,8,0,1,1,0,1,1,1,0,1,0,0,18,13,18,18,99,99,0,0,0,1,0,1
29,290238,5,5,0,0,0,7,7,510,7080,7,4,2016,5,11,50,0,2,4,4,6,BROADWAY,,30,38.686,-90.221,0,12,2,0,1,1,0,1,1,1,0,1,0,0,11,51,12,7,12,15,0,0,0,1,0,2
29,290242,2,2,0,0,0,2,2,197,0,18,4,2016,2,13,44,1,1,3,1,2,US-63,SR-W,137,40.402,-92.559,0,12,6,0,2,2,0,1,1,10,0,10,0,0,99,99,99,99,99,99,0,0,0,1,0,0
29,290245,1,1,0,0,0,1,1,143,0,28,4,2016,5,18,15,1,1,1,1,1,I-55,,317,36.439,-89.675,0,42,0,0,1,1,0,4,1,1,0,1,0,0,99,98,99,98,88,88,0,0,0,1,0,1
29,290248,2,2,0,0,0,3,3,73,0,21,4,2016,5,16,15,0,1,4,1,3,SR-19,,261,38.379,-91.478,0,12,2,0,1,1,0,1,1,1,0,1,0,0,16,17,16,21,99,99,0,0,0,1,1,2
29,290250,2,2,0,0,0,2,2,99,0,24,4,2016,1,3,20,1,2,3,1,3,SR-30,,88,38.36,-90.642,0,12,1,0,1,1,0,1,2,10,0,10,0,0,99,98,99,98,88,88,0,0,0,1,0,1
29,290251,1,1,0,1,1,2,2,105,0,29,4,2016,6,0,17,1,1,3,1,3,SR-5,POTTER DR,121,37.723,-92.671,0,8,0,0,1,1,0,1,2,1,0,1,0,0,99,98,99,98,88,88,0,0,0,1,0,1
29,290252,1,1,0,0,0,2,2,169,0,30,4,2016,7,6,15,0,1,4,1,3,SR-17,,258,37.748,-92.313,0,42,0,0,1,1,0,4,1,10,0,10,0,0,99,98,99,98,88,88,0,0,0,2,1,2
29,290257,2,2,0,0,0,2,2,183,0,5,5,2016,5,23,46,1,2,1,1,1,I-70,,10,38.771,-90.499,0,12,1,0,1,1,4,1,3,10,0,10,0,0,99,98,99,98,88,88,0,0,0,1,1,0
29,290258,1,1,0,0,0,1,1,83,0,6,5,2016,6,14,10,1,1,3,1,3,SR-7,,275,38.363,-93.633,0,35,0,0,1,1,0,4,1,1,0,1,0,0,14,25,14,56,15,59,0,0,0,1,0,2
29,290259,1,1,0,0,0,1,1,97,0,9,5,2016,2,8,50,0,2,5,1,3,SR-43,,138,37.166,-94.51,0,35,0,0,1,1,0,4,1,10,0,10,0,0,8,48,8,56,9,36,0,0,0,1,0,2
29,290261,3,3,0,0,0,5,5,31,1390,11,5,2016,4,8,4,1,2,1,1,1,I-55,,265,37.252,-89.567,0,12,1,0,1,1,0,1,1,10,0,10,0,0,8,6,8,10,99,99,0,0,0,1,0,1
29,290263,2,2,0,0,0,2,2,183,8280,9,5,2016,2,18,26,1,2,1,1,1,I-70,,68,38.806,-90.842,0,12,1,0,1,1,0,1,1,2,10,2,0,0,99,98,99,98,88,88,0,0,0,1,0,0
29,290264,2,2,0,0,0,2,2,95,4120,5,5,2016,5,18,31,1,2,1,1,1,I-435,,154,39.093,-94.488,0,12,6,0,1,1,0,1,1,1,0,1,0,0,99,98,99,98,88,88,0,0,0,1,0,1
29,290266,2,2,0,0,0,3,3,155,0,13,5,2016,6,10,0,1,1,3,1,2,US-412,SR-Z,76,36.234,-89.826,0,12,6,0,2,2,0,1,1,1,0,1,0,0,10,21,10,40,11,39,0,0,0,2,0,0
29,290267,2,2,0,0,0,2,2,31,0,11,5,2016,4,10,30,1,1,3,1,3,SR-34,MEIER MEADOWS,79,37.389,-89.73,0,12,6,0,2,3,0,1,1,10,0,10,0,0,10,33,10,39,11,7,0,0,0,1,0,2
29,290268,2,2,0,0,0,3,3,69,0,13,5,2016,6,23,55,0,1,5,1,2,US-62,,63,36.492,-90.048,0,12,2,0,1,1,0,2,2,1,0,1,0,0,99,98,99,98,88,88,0,0,0,2,1,0
29,290269,2,2,0,0,0,3,3,135,0,15,5,2016,1,21,35,1,1,3,1,2,US-50,,1,38.667,-92.839,0,12,2,0,1,1,0,1,2,1,0,1,0,0,21,45,21,50,22,54,0,0,0,1,0,2
29,290270,2,2,0,0,0,2,2,73,0,17,5,2016,3,9,50,1,1,3,1,2,US-50,,205,38.39,-91.371,0,12,2,0,1,1,0,1,1,2,10,2,0,0,99,98,99,98,88,88,0,0,0,1,0,2
29,290272,1,1,0,1,1,1,1,189,2780,20,5,2016,6,4,29,1,2,3,1,2,US-67,,83,38.796,-90.34,0,8,0,0,1,1,0,1,3,10,0,10,0,0,4,32,4,36,4,54,0,0,0,1,0,0
29,290277,1,1,0,0,0,1,1,103,0,28,5,2016,7,15,10,1,1,3,1,3,SR-6,,59,40.152,-92.246,0,35,0,0,1,1,0,4,1,1,0,1,0,0,15,11,15,22,88,88,0,0,0,1,0,2
29,290278,2,2,0,0,0,5,5,95,3940,28,5,2016,7,20,3,1,2,3,1,2,US-24,CR-BLUE MILLS RD,156,39.134,-94.341,0,12,6,0,2,2,0,1,1,10,0,10,0,0,20,7,20,14,20,35,0,0,0,1,1,1
29,290279,3,3,0,0,0,4,4,97,0,23,5,2016,2,12,35,1,1,3,1,3,SR-171,,36,37.284,-94.605,0,12,2,0,1,1,0,1,1,10,0,10,0,0,99,98,99,98,88,88,14,0,0,2,0,1
29,290280,2,2,0,0,0,2,2,59,0,28,5,2016,7,6,20,1,1,3,1,2,US-65,CR-RAINBOW RD,153,37.691,-93.103,0,12,6,0,2,2,0,1,1,1,0,1,0,0,6,25,6,40,8,5,0,0,0,1,1,0
29,290281,1,1,0,0,0,1,1,189,0,19,2,2016,6,21,53,1,2,3,1,2,US-61,,279,38.495,-90.344,0,1,0,0,1,1,0,4,2,1,0,1,0,0,99,99,99,99,99,99,0,0,0,1,0,0
29,290283,2,2,0,0,0,2,2,99,0,28,4,2016,5,7,13,1,2,1,1,1,I-55,,235,38.393,-90.382,0,12,6,0,1,1,0,1,1,1,0,1,0,0,7,14,7,28,7,48,0,0,0,1,0,1
29,290286,1,1,0,1,1,1,1,109,0,7,5,2016,7,0,45,0,1,3,1,3,SR-96,,32,37.192,-93.996,0,8,0,0,8,1,0,1,2,1,0,1,0,0,0,46,1,13,1,29,0,0,0,1,0,2
29,290289,2,2,0,0,0,4,4,99,4180,26,5,2016,5,8,9,1,2,3,1,2,US-67,MEYER RD,236,38.174,-90.447,0,12,6,0,2,2,0,1,1,2,0,2,0,0,99,99,99,99,99,99,0,0,0,1,0,0
29,290298,2,2,0,0,0,2,2,187,0,21,5,2016,7,18,12,1,1,3,1,2,US-67,CR-BERRY RD,7,38.017,-90.484,0,12,6,0,3,2,0,1,1,1,0,1,0,0,99,98,99,98,88,88,0,0,0,1,0,0
29,290299,2,2,0,0,0,2,2,199,0,24,5,2016,3,6,20,0,1,4,1,3,SR-15,,33,40.554,-92.152,0,12,2,0,1,1,0,1,1,1,0,1,0,0,6,24,6,36,8,20,0,0,0,1,0,0
29,290300,1,1,0,0,0,4,4,101,0,26,5,2016,5,18,40,0,1,3,1,3,SR-13,,271,38.588,-93.75,0,42,0,0,1,1,0,4,1,10,0,10,0,0,99,98,99,98,88,88,0,0,0,2,1,2
29,290301,2,2,0,0,0,3,3,165,4120,28,5,2016,7,1,30,1,2,1,1,1,I-29,,118,39.327,-94.707,0,12,1,0,1,1,0,1,2,2,0,2,0,0,1,36,1,42,2,18,0,0,0,1,1,0
29,290305,1,1,0,0,0,2,2,189,0,1,6,2016,4,17,50,1,2,1,1,1,I-64,,70,38.638,-90.436,0,24,0,0,1,1,0,4,1,10,0,10,0,0,17,55,18,4,18,19,0,0,0,1,0,1
29,290306,1,1,0,0,0,2,2,51,0,1,6,2016,4,20,26,0,1,3,1,2,US-54,,57,38.426,-92.326,0,35,0,0,1,1,0,4,2,1,0,1,0,0,20,26,20,32,99,99,0,0,0,1,0,0
29,290308,2,2,0,0,0,4,4,131,0,3,6,2016,6,23,48,1,1,2,1,2,US-54,,57,38.243,-92.613,0,12,2,0,1,1,0,1,2,1,0,1,0,0,23,47,0,5,0,44,0,0,0,2,1,0
29,290310,2,2,0,0,0,4,4,221,0,6,6,2016,2,14,20,0,1,4,1,3,SR-21,CR-BUFORD RD,292,37.749,-90.77,0,12,2,0,2,4,0,1,1,1,0,1,0,0,14,23,14,44,15,13,0,0,0,1,0,2
29,290312,2,2,0,0,0,2,2,169,8190,8,6,2016,4,7,12,1,2,1,1,1,I-44,,148,37.786,-92.255,0,12,1,0,1,1,0,1,1,1,0,1,0,0,99,98,99,98,88,88,0,0,0,1,0,1
29,290313,2,2,0,0,0,3,3,131,0,8,6,2016,4,10,36,1,1,2,1,2,US-54,,177,38.367,-92.505,0,12,2,0,1,1,0,1,1,1,0,1,0,0,99,98,99,98,88,88,0,0,0,3,0,0
29,290314,1,1,0,1,1,1,1,207,0,11,6,2016,7,0,16,1,1,2,1,2,US-60,,78,36.826,-89.843,0,8,0,0,1,1,0,1,2,1,0,1,0,0,0,36,0,49,1,42,0,0,0,1,0,0
29,290316,2,2,0,0,0,3,3,127,0,12,6,2016,1,15,3,1,1,3,1,2,US-36,,27,39.686,-91.603,0,12,2,0,1,1,0,2,1,1,0,1,0,0,15,1,15,11,15,45,0,0,0,1,0,1
29,290317,1,1,0,0,0,1,1,69,0,13,6,2016,2,2,5,1,1,3,1,2,US-412,,38,36.04,-90.278,0,1,0,0,1,1,0,4,2,10,0,10,0,0,99,98,99,98,88,88,0,0,0,1,0,0
29,290318,1,1,0,0,0,1,1,195,0,14,6,2016,3,10,29,1,1,1,1,1,I-70,,236,38.984,-93.489,0,31,0,0,1,1,0,4,1,1,0,1,0,0,10,42,11,12,12,18,0,0,0,1,0,0
29,290322,1,1,0,0,0,1,1,125,0,3,6,2016,6,11,35,0,1,5,1,3,SR-42,,232,38.217,-91.814,0,32,0,0,1,1,0,4,1,10,0,10,0,0,99,98,99,98,88,88,0,0,0,1,0,1
29,290324,1,1,0,0,0,1,1,207,0,4,6,2016,7,12,37,1,1,2,1,2,US-60,,13,36.838,-89.73,0,3,0,0,1,1,0,4,9,99,0,99,0,0,99,98,99,98,88,88,0,0,0,1,0,0
29,290328,2,2,0,0,0,2,2,43,0,17,6,2016,6,1,0,1,2,3,1,2,US-60,,65,37.083,-93.527,0,12,2,0,1,1,4,4,2,10,0,10,0,0,1,5,1,12,1,59,0,0,0,1,0,0
29,290329,2,2,0,0,0,3,3,510,7080,30,5,2016,2,13,45,1,2,1,1,1,I-55,,73,38.613,-90.198,0,12,1,0,1,1,0,1,1,10,0,10,0,0,13,45,13,55,14,13,0,0,0,1,0,1
29,290330,2,1,1,0,0,1,1,183,2824,10,6,2016,6,23,55,1,2,1,1,1,I-70,,0,38.817,-90.959,0,18,0,0,1,1,4,4,2,1,0,1,0,0,0,3,0,25,0,58,0,0,0,1,1,0
29,290333,1,1,0,0,0,1,1,71,0,16,6,2016,5,20,10,1,1,3,1,3,SR-100,,414,38.534,-90.737,0,42,0,0,1,1,0,4,1,1,0,1,0,0,99,98,99,98,88,88,0,0,0,1,0,1
29,290344,1,1,0,0,0,4,4,95,3940,27,6,2016,2,4,23,1,2,3,1,3,SR-291,SALISBURY RD,64,39.107,-94.381,0,33,0,0,3,2,0,3,3,10,0,10,0,0,4,24,4,28,99,99,0,0,0,2,0,2
29,290345,1,1,0,0,0,1,1,215,0,20,6,2016,2,4,40,1,1,3,1,2,US-63,,293,37.221,-92.024,0,35,0,0,1,1,0,4,2,1,0,1,0,0,99,98,99,98,88,88,0,0,0,1,0,0
29,290347,1,1,0,0,0,1,1,207,0,2,4,2016,7,17,15,0,1,5,1,3,SR-51,,205,36.786,-90.195,0,42,0,0,1,1,0,4,1,99,0,99,0,0,99,98,99,98,88,88,0,0,0,1,0,2
29,290353,1,1,0,0,0,2,2,91,0,28,6,2016,3,7,30,0,1,5,1,3,SR-17,,489,36.529,-91.8,0,1,0,0,1,1,0,1,1,1,0,1,0,0,7,30,7,49,99,99,0,0,0,1,0,2
29,290354,2,2,0,0,0,5,5,23,0,16,6,2016,5,9,39,0,1,5,1,3,SR-51,CR-627,18,36.776,-90.233,0,12,6,0,2,3,0,1,1,1,0,1,0,0,9,44,9,59,10,54,0,0,0,1,0,2
29,290356,2,2,0,1,1,4,4,7,5170,21,5,2016,7,21,8,1,1,2,1,2,US-54,,357,39.309,-91.491,0,8,0,0,1,1,0,1,3,1,0,1,0,0,99,98,99,98,88,88,0,0,0,1,0,0
29,290359,2,2,0,1,1,1,1,183,8235,23,6,2016,5,9,39,1,1,1,1,1,I-64,,4,38.688,-90.663,0,12,1,0,1,1,0,1,1,1,0,1,0,0,99,98,99,98,88,88,23,0,0,1,0,1
29,290361,2,2,0,0,0,3,3,173,0,24,6,2016,6,14,8,1,1,2,1,2,US-36,,11,39.674,-91.66,0,12,1,0,1,1,0,1,1,1,0,1,0,0,14,10,14,18,88,88,0,0,0,1,0,1
29,290362,1,1,0,0,0,1,1,165,0,28,6,2016,3,5,20,1,1,1,1,1,I-435,,92,39.339,-94.752,0,21,0,0,1,1,0,4,2,10,0,10,0,0,5,20,5,26,6,1,0,0,0,1,0,1
29,290363,1,1,0,0,0,1,1,99,0,28,6,2016,3,8,52,1,2,3,1,3,SR-21,,267,38.385,-90.504,0,43,0,0,1,1,0,4,1,1,0,1,0,0,8,52,9,1,88,88,0,0,0,1,0,2
29,290365,1,1,0,0,0,1,1,189,0,30,6,2016,5,4,10,1,2,3,1,3,SR-267,,63,38.814,-90.229,0,24,0,0,1,1,0,4,2,1,0,1,0,0,99,98,99,98,88,88,0,0,0,1,1,2
29,290366,2,2,0,0,0,3,3,187,0,4,7,2016,2,19,19,1,1,3,1,2,US-67,SR-Y,309,38.011,-90.488,0,12,6,0,2,2,0,1,1,10,0,10,0,0,19,17,19,24,20,10,0,0,0,1,0,0
29,290368,1,1,0,0,0,2,2,145,0,26,6,2016,1,1,45,0,1,5,1,3,SR-86,,49,36.973,-94.534,0,1,0,0,1,1,0,1,2,1,0,1,0,0,1,51,2,7,2,21,0,0,0,1,1,1
29,290372,1,1,0,1,1,1,1,189,0,30,5,2016,2,23,0,1,2,3,1,2,US-67,,36,38.822,-90.263,0,8,0,0,1,1,0,1,2,1,0,1,0,0,99,98,99,98,88,88,0,0,0,1,0,0
29,290374,1,1,0,0,0,4,4,161,6910,26,6,2016,1,9,24,1,1,1,1,1,I-44,,163,37.952,-91.788,0,35,0,0,1,1,0,4,1,1,0,1,0,0,9,29,9,37,9,40,0,0,0,1,0,1
29,290375,1,1,0,0,0,2,2,155,0,8,6,2016,4,16,42,1,1,2,1,2,US-412,,89,36.234,-89.801,0,30,0,0,1,1,0,4,1,1,0,1,0,0,16,47,17,7,17,25,0,0,0,1,0,0
29,290377,1,1,0,0,0,1,1,77,0,2,7,2016,7,13,20,1,2,2,1,2,US-160,,103,37.194,-93.35,0,35,0,0,1,1,0,4,1,10,0,10,0,0,13,25,13,34,13,55,0,0,0,1,0,0
29,290378,3,3,0,0,0,4,4,101,0,1,7,2016,6,14,40,1,1,3,1,3,SR-13,,23,38.901,-93.738,0,12,1,0,1,1,0,1,1,1,0,1,0,0,2,50,3,2,3,57,0,0,0,1,0,2
29,290379,3,3,0,0,0,4,4,189,2950,8,7,2016,6,21,12,1,2,3,1,2,US-67,GARIBALDI PL,207,38.647,-90.406,0,12,1,0,3,3,0,1,2,1,0,1,0,0,21,18,21,22,21,44,0,0,0,1,2,0
29,290381,1,1,0,0,0,1,1,35,0,12,7,2016,3,6,50,1,1,3,1,2,US-60,,376,36.885,-90.685,0,35,0,0,1,1,0,3,1,1,0,1,0,0,99,98,99,98,88,88,0,0,0,1,0,0
29,290382,2,2,0,0,0,4,4,97,0,8,7,2016,6,1,0,1,1,1,1,1,I-44,,152,37.082,-94.333,0,12,2,0,1,1,0,1,2,2,0,2,0,0,1,0,1,15,99,99,0,0,0,2,1,1
29,290385,3,3,0,0,0,4,4,73,0,22,6,2016,4,16,5,0,1,4,1,3,SR-19,,123,38.562,-91.472,0,12,2,0,8,1,0,1,1,1,0,1,0,0,16,8,16,21,88,88,0,0,0,1,0,2
29,290388,3,3,0,0,0,4,4,105,0,7,7,2016,5,8,35,1,1,3,1,3,SR-5,,71,37.794,-92.681,0,12,6,0,1,1,0,1,1,2,0,2,0,0,8,39,8,54,9,54,0,0,0,1,0,1
29,290389,2,2,0,0,0,3,3,145,0,7,7,2016,5,17,48,0,1,4,1,3,SR-86,SR-H,273,36.878,-94.264,0,12,6,0,2,2,0,1,1,10,0,10,0,0,17,46,17,48,18,47,0,0,0,2,0,1
29,290390,1,1,0,0,0,6,6,161,0,8,7,2016,6,2,55,1,1,1,1,1,I-44,,122,37.945,-91.853,0,35,0,0,1,1,0,4,2,2,10,2,0,0,3,3,3,11,3,35,0,0,0,1,0,1
29,290391,2,2,0,0,0,2,2,29,0,8,7,2016,6,4,22,1,1,3,1,3,SR-5,,121,38.066,-92.796,0,12,2,0,1,1,0,1,2,10,0,10,0,0,4,25,4,37,5,22,0,0,0,1,0,1
29,290392,1,1,0,0,0,1,1,195,0,9,7,2016,7,7,20,1,1,1,1,1,I-70,,169,38.959,-93.182,0,42,0,0,1,1,0,4,1,1,0,1,0,0,99,98,99,98,88,88,0,0,0,1,0,0
29,290393,1,1,0,0,0,4,4,131,0,10,7,2016,1,13,50,0,1,4,1,3,SR-17,,152,38.171,-92.386,0,34,0,0,1,1,0,4,1,1,0,1,0,0,14,8,14,15,15,27,0,0,0,1,0,2
29,290395,2,2,0,0,0,3,3,77,0,11,7,2016,2,3,7,1,1,1,1,1,I-44,,304,37.27,-93.09,0,12,2,0,1,1,0,1,2,1,0,1,0,0,3,20,3,49,4,8,0,0,0,1,1,1
29,290396,2,2,0,0,0,2,2,83,0,11,7,2016,2,21,12,1,1,3,1,3,SR-7,,326,38.318,-93.591,0,12,2,0,1,1,0,1,2,1,0,1,0,0,21,16,21,29,22,5,0,0,0,1,1,2
29,290397,2,2,0,0,0,2,2,113,0,11,7,2016,2,21,55,0,1,4,1,3,SR-47,,192,38.973,-91.066,0,12,2,0,1,1,0,1,2,1,0,1,0,0,22,3,22,23,23,39,0,0,0,1,0,2
29,290398,2,2,0,0,0,3,3,27,0,12,7,2016,3,12,3,1,2,2,1,2,US-54,,362,38.61,-92.14,0,59,0,0,1,1,0,3,1,10,0,10,0,0,12,4,12,10,12,47,0,0,0,2,0,0
29,290401,2,2,0,0,0,4,4,113,7810,13,7,2016,4,17,35,0,2,4,1,3,SR-47,,148,38.983,-90.99,0,12,2,0,1,1,0,1,1,1,0,1,0,0,17,41,17,45,18,29,0,0,0,1,0,2
29,290402,2,2,0,0,0,4,4,143,0,14,7,2016,5,21,7,0,1,5,1,2,US-61,,146,36.66,-89.551,0,12,2,0,1,1,0,1,2,1,0,1,0,0,21,21,21,36,99,99,0,0,0,1,0,0
29,290406,1,1,0,0,0,1,1,95,4120,30,6,2016,5,0,31,1,2,2,1,2,US-71,,62,39.038,-94.557,0,59,0,0,1,1,0,4,3,1,0,1,0,0,99,98,99,98,88,88,0,0,0,1,1,0
29,290407,1,1,0,1,1,1,1,95,4120,1,7,2016,6,22,14,1,2,3,1,2,US-71,53RD ST,69,39.03,-94.554,0,8,0,0,3,3,0,1,3,1,0,1,0,0,99,98,99,98,88,88,0,0,0,1,0,0
29,290409,1,1,0,0,0,1,1,213,0,5,7,2016,3,23,30,0,1,5,1,3,SR-125,,217,36.58,-92.845,0,42,0,0,1,1,0,4,2,1,0,1,0,0,23,42,0,30,1,3,0,0,0,1,0,2
29,290410,3,3,0,2,2,7,7,95,3940,17,7,2016,1,22,31,1,2,1,1,1,I-70,,116,39.047,-94.434,0,8,0,0,1,1,0,1,2,1,0,1,0,0,22,35,22,36,23,36,15,19,0,1,1,0
29,290416,3,3,0,0,0,3,3,37,6630,15,7,2016,6,14,40,0,2,4,1,3,SR-58,CR-S PRAIRIE LN RD,94,38.803,-94.42,0,12,6,0,2,2,0,1,1,1,0,1,0,0,14,40,14,49,15,35,0,0,0,1,0,1
29,290417,1,1,0,0,0,2,2,47,4570,16,7,2016,7,5,35,1,2,1,1,1,I-35,,135,39.272,-94.432,0,1,0,0,1,1,0,4,2,1,0,1,0,0,5,40,5,47,5,55,0,0,0,2,0,1
29,290420,2,2,0,0,0,2,2,147,0,18,7,2016,2,12,8,1,1,3,1,2,US-71,,204,40.386,-94.869,0,12,2,0,1,1,0,1,1,2,10,2,0,0,99,98,99,98,88,88,0,0,0,1,0,0
29,290422,1,1,0,0,0,1,1,59,0,22,7,2016,6,3,45,0,1,4,1,3,SR-73,,163,37.682,-93.088,0,34,0,0,1,1,0,4,2,1,0,1,0,0,99,98,99,98,88,88,0,0,0,1,1,2
29,290423,1,1,0,0,0,1,1,9,0,23,7,2016,7,18,30,0,1,4,1,3,SR-39,,99,36.794,-93.688,0,42,0,0,1,1,0,4,1,1,0,1,0,0,99,98,99,98,88,88,0,0,0,1,0,2
29,290425,2,2,0,0,0,2,2,167,0,19,7,2016,3,8,25,0,1,5,1,3,SR-83,SR-B,118,37.656,-93.437,0,12,2,0,2,4,0,1,1,1,0,1,0,0,8,29,8,35,8,57,0,0,0,1,0,2
29,290426,2,2,0,0,0,2,2,155,0,13,7,2016,4,23,30,1,1,1,1,1,I-55,,188,36.154,-89.753,0,12,1,0,1,1,0,1,2,1,0,1,0,0,23,44,23,58,1,22,0,0,0,1,0,1
29,290428,2,2,0,0,0,3,3,47,0,20,7,2016,4,9,15,0,1,5,1,3,SR-210,,109,39.202,-94.373,0,12,1,0,1,1,0,1,1,1,0,1,0,0,9,18,9,27,9,51,0,0,0,1,0,2
29,290429,1,1,0,0,0,1,1,77,0,21,7,2016,5,13,27,1,1,2,1,2,US-65,,192,37.349,-93.168,0,1,0,0,1,1,0,4,1,10,0,10,0,0,99,98,99,98,88,88,0,0,0,1,0,0
29,290430,1,1,0,0,0,2,2,77,0,21,7,2016,5,14,38,1,1,2,1,2,US-65,,163,37.309,-93.174,0,1,0,0,1,1,0,1,1,1,0,1,0,0,14,41,14,55,15,41,0,0,0,1,0,0
29,290432,1,1,0,0,0,6,6,169,0,23,7,2016,7,7,20,1,1,1,1,1,I-44,,43,37.842,-92.089,0,42,0,0,1,1,0,4,1,1,0,1,0,0,7,24,7,36,8,12,0,0,0,1,0,1
29,290433,1,1,0,0,0,3,3,117,0,24,7,2016,1,9,0,1,1,2,1,2,US-36,,159,39.776,-93.482,0,35,0,0,1,1,0,4,1,1,0,1,0,0,9,13,9,39,10,26,0,0,0,2,0,1
29,290435,1,1,0,1,1,1,1,99,0,25,7,2016,2,23,34,1,2,1,1,1,I-55,,184,38.324,-90.401,0,8,0,0,1,1,0,1,2,2,10,2,0,0,99,98,99,98,88,88,0,0,0,1,0,1
29,290437,3,3,0,0,0,3,3,99,0,28,7,2016,5,14,40,1,2,3,1,3,SR-30,,197,38.479,-90.519,0,33,0,0,1,1,0,3,1,10,0,10,0,0,14,50,15,3,15,26,0,0,0,2,0,1
29,290439,1,1,0,0,0,2,2,183,0,29,7,2016,6,22,45,1,2,1,1,1,I-70,,157,38.803,-90.677,0,35,0,1,19,1,0,4,2,10,0,10,0,0,22,47,22,54,23,31,0,0,0,1,0,0
29,290441,1,1,0,0,0,1,1,99,3620,31,7,2016,1,17,48,1,2,1,1,1,I-55,,144,38.247,-90.403,0,57,0,0,1,1,0,3,1,10,0,10,0,0,99,98,99,98,88,88,0,0,0,1,0,1
29,290446,4,4,0,0,0,6,6,19,1800,1,6,2016,4,12,41,1,1,1,1,1,I-70,,149,38.961,-92.279,0,12,1,0,1,1,0,1,1,1,0,1,0,0,12,47,12,50,13,20,28,0,0,1,0,0
29,290448,1,1,0,0,0,1,1,95,4120,1,7,2016,6,2,51,1,2,1,1,1,I-70,,57,39.073,-94.533,0,25,0,0,1,1,0,3,2,1,0,1,0,0,99,98,99,98,88,88,0,0,0,1,1,0
29,290449,2,2,0,1,1,2,2,95,4120,14,7,2016,5,23,57,1,1,3,1,2,US-71,,3,38.985,-94.551,0,9,0,0,1,1,0,1,3,1,0,1,0,0,99,98,99,98,88,88,0,0,0,1,1,0
29,290452,2,2,0,0,0,7,7,189,8393,23,7,2016,7,2,11,1,2,3,1,3,SR-100,,173,38.583,-90.618,0,12,2,0,1,1,0,1,2,10,0,10,0,0,2,11,2,16,2,46,0,0,0,2,1,1
29,290453,1,1,0,0,0,2,2,189,2780,30,7,2016,7,19,23,1,2,3,1,2,US-67,,56,38.81,-90.296,0,5,0,0,1,1,0,1,1,1,0,1,0,0,19,31,19,48,20,10,0,0,0,1,0,0
29,290455,2,2,0,0,0,2,2,49,0,30,7,2016,7,1,40,0,2,4,1,2,US-169,,23,39.505,-94.57,0,12,8,0,1,1,0,1,2,1,0,1,0,0,99,98,99,98,88,88,0,0,0,1,0,0
29,290456,2,2,0,0,0,2,2,113,0,1,8,2016,2,13,10,0,1,4,1,3,SR-47,,113,38.989,-90.925,0,12,6,0,1,1,0,1,1,1,0,1,0,0,99,99,99,99,99,99,0,0,0,1,0,2
29,290457,1,1,0,0,0,2,2,223,0,2,8,2016,3,20,55,1,1,3,1,3,SR-34,,83,37.119,-90.685,0,42,0,0,1,1,0,4,2,1,0,1,0,0,20,57,21,1,22,31,0,0,0,1,0,2
29,290461,2,2,0,0,0,4,4,71,0,6,8,2016,7,13,45,1,1,1,1,1,I-44,,59,38.271,-91.109,0,12,7,0,1,1,0,1,1,1,0,1,0,0,13,51,14,2,99,99,0,0,0,1,0,1
29,290463,1,1,0,0,0,1,1,145,0,6,8,2016,7,0,55,1,1,3,1,2,US-60,,251,36.921,-94.228,0,34,0,0,1,1,0,4,2,1,0,1,0,0,0,55,1,8,1,47,0,0,0,1,1,0
29,290464,2,2,0,0,0,3,3,181,0,7,8,2016,1,15,5,0,1,4,1,2,US-160,,299,36.665,-90.67,0,12,2,0,1,1,4,1,1,1,0,1,0,0,15,29,15,39,16,29,0,0,0,1,0,0
29,290467,2,2,0,0,0,2,2,19,3430,11,8,2016,5,8,49,0,1,4,1,3,SR-124,,174,39.127,-92.208,0,12,2,0,1,1,0,1,1,1,0,1,0,0,8,52,9,3,99,99,0,0,0,1,0,1
29,290468,1,1,0,0,0,4,4,95,4120,25,6,2016,7,23,27,1,2,1,1,1,I-435,GREGORY BLVD,83,38.995,-94.502,0,35,0,0,1,1,0,3,3,1,0,1,0,0,23,29,23,48,0,38,0,0,0,2,0,1
29,290469,1,1,0,1,1,1,1,47,4120,17,7,2016,1,0,43,1,2,1,1,1,I-35,,48,39.176,-94.532,0,8,0,0,1,1,0,1,2,1,0,1,0,0,99,98,99,98,88,88,0,0,0,1,0,1