STATE,ST_CASE,VE_TOTAL,VE_FORMS,PVH_INVL,PEDS,PERNOTMVIT,PERMVIT,PERSONS,COUNTY,CITY,DAY,MONTH,YEAR,DAY_WEEK,HOUR,MINUTE,NHS,RUR_URB,FUNC_SYS,RD_OWNER,ROUTE,TWAY_ID,TWAY_ID2,MILEPT,LATITUDE,LONGITUD,SP_JUR,HARM_EV,MAN_COLL,RELJCT1,RELJCT2,TYP_INT,WRK_ZONE,REL_ROAD,LGT_COND,WEATHER1,WEATHER2,WEATHER,SCH_BUS,RAIL,NOT_HOUR,NOT_MIN,ARR_HOUR,ARR_MIN,HOSP_HR,HOSP_MN,CF1,CF2,CF3,FATALS,DRUNK_DR,RANK
29,290477,1,1,0,0,0,1,1,165,0,2,8,2016,3,9,37,0,1,4,1,3,SR-45,,52,39.472,-94.982,0,42,0,0,1,1,0,4,1,1,0,1,0,0,99,99,99,99,99,99,0,0,0,1,0,0
29,290483,1,1,0,0,0,1,1,37,0,13,8,2016,7,18,20,0,1,4,1,3,SR-58,,184,38.782,-94.287,0,1,0,0,1,1,0,4,1,1,0,1,0,0,99,98,99,98,88,88,0,0,0,1,0,1
29,290485,1,1,0,0,0,2,2,183,0,13,8,2016,7,12,30,0,1,4,1,3,SR-94,,74,38.582,-90.841,0,1,0,0,1,1,0,4,1,10,0,10,0,0,12,30,12,55,13,27,0,0,0,1,1,2
29,290486,2,2,0,0,0,2,2,135,0,13,8,2016,7,0,15,1,1,3,1,2,US-50,,126,38.635,-92.618,0,12,2,0,1,1,0,1,3,10,0,10,0,0,0,15,0,17,1,5,0,0,0,1,1,2
29,290491,1,1,0,0,0,1,1,37,0,20,8,2016,7,9,35,1,1,3,1,3,SR-291,,75,38.73,-94.375,0,34,0,0,1,1,0,4,1,10,0,10,0,0,99,98,99,98,88,88,0,0,0,1,1,2
29,290495,1,1,0,0,0,1,1,47,4120,22,7,2016,6,2,25,1,2,2,1,2,US-169,,224,39.137,-94.587,0,25,0,0,1,1,0,4,2,1,0,1,0,0,99,98,99,98,88,88,0,0,0,1,0,0
29,290496,1,1,0,0,0,1,1,95,4120,10,8,2016,4,20,59,1,2,1,1,1,I-49,,69,38.844,-94.529,0,1,0,0,1,1,0,4,2,1,0,1,0,0,99,98,99,98,88,88,0,0,0,1,1,0
29,290499,2,2,0,0,0,3,3,510,7080,6,8,2016,7,1,42,1,2,1,1,1,I-70,SALISBURY ST,19,38.662,-90.197,0,12,1,0,1,1,0,1,3,1,0,1,0,0,1,40,1,52,99,99,0,0,0,1,2,1
29,290503,1,1,0,0,0,1,1,63,0,22,8,2016,2,11,0,0,1,4,1,3,SR-6,,109,39.893,-94.544,0,42,0,0,1,1,0,4,1,1,0,1,0,0,99,98,99,98,88,88,0,0,0,1,0,2
29,290506,2,2,0,0,0,4,4,101,0,22,8,2016,2,7,30,1,1,3,1,2,US-50,SR-Z,327,38.868,-94.06,0,12,6,0,2,2,0,1,1,1,0,1,0,0,7,36,7,48,9,0,0,0,0,2,1,2
29,290507,1,1,0,0,0,1,1,225,0,22,8,2016,2,9,30,1,1,2,1,2,US-60,,39,37.123,-92.995,0,34,0,0,1,1,0,4,1,1,0,1,0,0,99,98,99,98,88,88,0,0,0,1,0,0
29,290510,1,1,0,1,1,1,1,99,0,26,8,2016,6,5,15,1,2,2,1,3,SR-30,,227,38.498,-90.472,0,8,0,0,1,1,0,1,2,1,0,1,0,0,99,98,99,98,88,88,0,0,0,1,0,1
29,290512,2,2,0,0,0,2,2,47,9997,27,8,2016,7,9,0,1,2,3,1,2,US-69,CR-RHODUS RD,117,39.323,-94.308,0,12,6,0,2,2,0,1,1,1,0,1,0,0,99,99,99,99,99,99,0,0,0,1,0,0
29,290514,1,1,0,0,0,1,1,133,0,29,8,2016,2,15,30,0,1,5,1,2,US-60,,192,36.942,-89.178,0,18,0,0,1,1,0,4,1,1,0,1,0,0,15,31,15,45,16,18,0,0,0,1,0,0
29,290516,1,1,0,1,1,3,3,37,600,26,8,2016,6,20,33,0,2,4,1,3,SR-58,,47,38.813,-94.501,0,8,0,0,1,1,0,1,3,10,0,10,0,0,99,99,99,99,99,99,0,0,0,1,1,1
29,290521,1,1,0,1,1,1,1,95,4120,6,8,2016,7,20,10,1,1,1,1,1,I-70,,203,39.055,-94.482,0,8,0,0,1,1,0,1,3,1,0,1,0,0,99,98,99,98,88,88,0,0,0,1,0,0
29,290525,1,1,0,0,0,3,3,207,0,29,8,2016,2,9,25,0,1,5,1,3,SR-51,,98,36.934,-90.17,0,32,0,0,1,1,0,4,1,1,0,1,0,0,9,22,9,28,11,5,0,0,0,1,0,2
29,290527,2,2,0,0,0,3,3,99,2200,31,8,2016,4,15,56,0,2,3,1,3,SR-21,AMVETS DR,277,38.136,-90.576,0,12,2,0,2,3,0,1,1,2,10,2,0,0,15,56,16,3,16,33,0,0,0,1,0,2
29,290529,2,2,0,0,0,2,2,189,1050,2,9,2016,6,5,45,1,2,3,1,3,SR-180,,9,38.778,-90.456,0,12,6,0,8,1,0,1,1,1,0,1,0,0,99,98,99,98,88,88,0,0,0,1,0,1
29,290530,2,2,0,0,0,3,3,189,2210,2,9,2016,6,21,45,1,2,3,1,3,SR-100,,173,38.602,-90.459,0,12,2,0,1,1,0,1,3,1,0,1,0,0,99,99,99,99,99,99,0,0,0,1,0,1
29,290533,2,2,0,0,0,3,3,127,0,3,9,2016,7,16,32,1,1,2,1,2,US-61,,1,39.945,-91.519,0,12,2,0,1,1,0,1,1,10,0,10,0,0,16,36,16,52,17,46,0,0,0,2,0,0
29,290534,1,1,0,0,0,1,1,89,0,3,9,2016,7,17,50,0,1,4,1,3,SR-5,,54,39.232,-92.779,0,1,0,0,1,1,0,4,1,1,0,1,0,0,99,98,99,98,88,88,0,0,0,1,0,1
29,290538,2,2,0,0,0,3,3,89,0,5,9,2016,2,10,55,0,1,5,1,3,SR-87,,111,39.077,-92.843,0,1,0,0,1,1,0,1,1,1,0,1,0,0,10,57,11,12,88,88,0,0,0,1,0,1
29,290539,2,2,0,0,0,3,3,209,0,5,9,2016,2,22,0,0,1,4,1,3,SR-76,,116,36.733,-93.407,0,12,2,0,1,1,0,1,2,1,0,1,0,0,22,11,22,20,23,49,0,0,0,1,1,2
29,290540,4,4,0,0,0,9,9,71,0,5,9,2016,2,17,32,0,1,4,1,3,SR-30,,84,38.309,-90.857,0,12,2,0,1,1,0,1,1,1,0,1,0,0,17,38,17,56,18,25,14,0,0,1,1,1
29,290543,1,1,0,0,0,1,1,153,0,16,4,2016,7,12,55,0,1,4,1,3,SR-5,,75,36.707,-92.526,0,35,0,0,1,1,0,4,1,1,0,1,0,0,99,98,99,98,88,88,0,0,0,1,0,1
29,290546,2,2,0,0,0,2,2,189,5035,12,8,2016,6,11,16,1,1,3,1,3,SR-141,SR-364,169,38.707,-90.502,0,12,6,0,2,2,0,1,1,1,0,1,0,0,11,20,11,20,11,27,0,0,0,1,0,2
29,290547,2,2,0,0,0,4,4,510,7080,13,8,2016,7,1,19,1,2,1,1,1,I-70,SALISBURY ST,19,38.662,-90.197,0,12,1,0,1,1,0,1,3,1,0,1,0,0,1,17,1,30,99,99,0,0,0,1,1,0
29,290550,1,1,0,1,1,2,2,99,335,6,9,2016,3,20,16,1,2,3,1,3,SR-141,LONE STAR DR,66,38.444,-90.376,0,8,0,0,2,2,0,1,3,1,0,1,0,0,99,99,99,99,99,99,0,0,0,1,0,2
29,290551,2,2,0,0,0,3,3,31,1390,12,9,2016,2,5,20,1,1,1,1,1,I-55,,182,37.366,-89.61,0,12,1,0,1,1,0,1,2,1,0,1,0,0,99,98,99,98,88,88,0,0,0,1,1,1
29,290552,2,2,0,0,0,4,4,17,0,4,9,2016,1,17,30,0,1,4,1,3,SR-91,,13,37.157,-89.939,0,12,2,0,1,1,0,1,1,1,0,1,0,0,17,34,17,42,18,48,0,0,0,1,0,2
29,290554,5,5,0,0,0,8,8,95,840,5,9,2016,2,18,4,1,2,1,1,1,I-70,,214,39.028,-94.253,0,12,1,1,18,1,0,1,2,1,0,1,0,0,18,5,18,11,18,27,19,0,0,2,1,1
29,290556,1,1,0,0,0,1,1,161,6910,8,9,2016,5,20,44,1,2,1,1,1,I-44,,149,37.961,-91.774,0,25,0,0,1,1,0,3,2,1,0,1,0,0,99,98,99,98,88,88,0,0,0,1,0,1
29,290558,2,2,0,0,0,3,3,203,0,9,9,2016,6,5,26,1,1,3,1,2,US-60,,98,36.997,-91.378,0,12,7,0,1,1,0,1,2,5,10,5,0,0,5,32,5,42,7,48,0,0,0,1,0,0
29,290559,2,2,0,0,0,10,10,161,2300,9,9,2016,6,1,56,1,1,1,1,1,I-44,,79,37.945,-91.93,0,52,0,0,1,1,0,4,2,10,0,10,0,0,99,99,99,99,99,99,0,0,0,1,0,1
29,290560,1,1,0,0,0,6,6,161,0,9,9,2016,6,8,40,1,1,1,1,1,I-44,,35,38.016,-91.584,0,35,0,0,1,1,0,4,1,1,0,1,0,0,9,0,9,12,9,32,0,0,0,2,0,1
29,290561,1,1,0,0,0,1,1,51,0,10,9,2016,7,22,5,1,2,2,1,2,US-54,,109,38.484,-92.272,0,24,0,0,1,1,0,4,2,1,0,1,0,0,22,7,22,14,88,88,0,0,0,1,1,0
29,290562,2,2,0,0,0,2,2,73,0,10,9,2016,7,14,49,0,1,4,1,3,SR-19,,353,38.26,-91.472,0,12,2,0,1,1,0,1,1,1,0,1,0,0,14,51,15,0,15,35,0,0,0,2,0,2
29,290564,3,3,0,0,0,4,4,89,0,11,9,2016,1,14,6,0,1,4,1,3,SR-5,,202,39.076,-92.746,0,12,9,0,1,1,0,1,1,1,0,1,0,0,14,24,14,35,15,24,0,0,0,1,0,1
29,290569,1,1,0,0,0,1,1,189,0,14,9,2016,4,2,28,1,2,1,1,1,I-44,,147,38.539,-90.486,0,59,0,0,1,1,0,4,2,1,0,1,0,0,2,28,2,34,88,88,0,0,0,1,0,1
29,290571,3,3,0,0,0,4,4,159,0,15,9,2016,5,14,57,1,1,3,1,2,US-65,,239,38.601,-93.268,0,12,8,0,1,1,0,1,1,1,0,1,0,0,14,56,15,9,99,99,0,0,0,1,0,0
29,290574,2,2,0,0,0,4,4,125,0,16,9,2016,6,19,55,1,1,3,1,2,US-63,,191,38.125,-91.79,0,12,6,0,1,1,0,1,2,2,0,2,0,0,19,59,20,13,20,38,0,0,0,2,0,0
29,290578,2,2,0,0,0,4,4,227,0,18,9,2016,1,16,20,0,1,5,1,3,SR-46,CO 246,51,40.514,-94.58,0,12,2,0,2,4,0,1,1,1,0,1,0,0,16,31,16,56,17,45,0,0,0,1,0,1
29,290584,3,3,0,1,1,4,4,143,7310,22,8,2016,2,5,45,1,2,2,1,2,US-60,,4,36.867,-89.552,0,8,0,0,1,1,0,1,9,1,0,1,0,0,6,0,6,3,99,99,0,0,0,1,0,0
29,290587,1,1,0,0,0,1,1,95,4120,2,9,2016,6,13,33,1,2,3,1,3,SR-78,,15,39.081,-94.471,0,21,0,0,1,1,0,3,1,10,0,10,0,0,99,98,99,98,88,88,0,0,0,1,0,1
29,290589,1,1,0,0,0,1,1,73,0,10,9,2016,7,16,43,0,1,4,1,3,SR-19,,149,38.527,-91.459,0,32,0,0,1,1,0,4,1,1,0,1,0,0,99,99,99,99,99,99,0,0,0,1,1,2
29,290590,2,2,0,0,0,2,2,161,6910,11,9,2016,1,10,57,0,2,4,1,3,SR-72,SR-O,18,37.935,-91.748,0,12,6,0,2,2,0,1,1,1,0,1,0,0,10,59,11,4,11,19,0,0,0,1,0,2
29,290594,2,2,0,0,0,4,4,189,1050,19,9,2016,2,0,5,1,2,3,1,3,SR-180,,6,38.753,-90.428,0,12,7,0,1,1,0,1,3,1,0,1,0,0,0,10,0,10,0,23,0,0,0,1,0,1
29,290599,1,1,0,0,0,1,1,73,0,22,9,2016,5,14,34,0,1,4,1,3,SR-19,,185,38.475,-91.463,0,32,0,0,1,1,0,4,1,1,0,1,0,0,14,43,14,54,88,88,0,0,0,1,1,2
29,290601,2,2,0,0,0,4,4,99,2200,23,9,2016,6,19,51,0,1,4,1,3,SR-110,SR-P,19,38.156,-90.543,0,12,6,0,2,2,0,1,2,10,0,10,0,0,19,54,20,0,88,88,0,0,0,2,1,2
29,290603,1,1,0,0,0,1,1,31,0,23,9,2016,6,18,50,1,1,3,1,3,SR-34,,7,37.358,-89.851,0,53,0,0,1,1,0,4,1,1,0,1,0,0,99,98,99,98,88,88,0,0,0,1,1,2
29,290605,1,1,0,0,0,1,1,101,0,24,9,2016,7,5,58,0,1,5,2,3,SR-23,,72,38.843,-93.547,0,58,0,0,1,1,0,4,2,1,0,1,0,0,5,58,6,9,88,88,0,0,0,1,1,0
29,290608,2,2,0,0,0,4,4,215,0,25,9,2016,1,19,29,1,1,3,1,2,US-63,,339,37.165,-92.057,0,12,1,0,1,1,0,1,2,10,0,10,0,0,99,98,99,98,88,88,0,0,0,1,1,0
29,290609,2,2,0,0,0,3,3,17,0,25,9,2016,1,15,30,1,1,3,1,3,SR-72,,63,37.52,-90.035,0,12,2,0,1,1,0,1,1,1,0,1,0,0,99,98,99,98,88,88,0,0,0,2,1,2
29,290610,2,2,0,0,0,2,2,43,0,26,9,2016,2,16,0,1,1,2,1,2,US-65,,145,36.888,-93.236,0,12,1,0,1,1,0,1,1,1,0,1,0,0,99,99,99,99,99,99,0,0,0,1,0,0
29,290611,2,2,0,0,0,4,4,19,0,27,9,2016,3,6,33,1,1,2,1,2,US-63,,60,39.16,-92.331,0,12,1,0,1,1,0,1,2,1,0,1,0,0,6,33,6,49,88,88,0,0,0,1,0,0
29,290614,1,1,0,0,0,1,1,29,0,28,9,2016,4,17,0,0,1,4,1,3,SR-7,,310,37.969,-92.623,0,34,0,0,1,1,0,4,1,1,0,1,0,0,99,98,99,98,88,88,0,0,0,1,1,2
29,290619,1,1,0,0,0,2,2,43,0,29,9,2016,5,22,50,0,1,4,1,3,SR-14,,385,37.014,-93.002,0,32,0,0,1,1,0,4,2,1,0,1,0,0,23,7,23,21,99,99,0,0,0,1,0,2
29,290621,1,1,0,1,1,1,1,145,5580,13,9,2016,3,7,40,0,2,5,1,3,SR-86,,217,36.865,-94.355,0,8,0,0,1,1,0,1,1,1,0,1,0,0,7,44,7,53,8,12,0,0,0,1,0,1
29,290624,2,2,0,0,0,5,5,510,7080,1,9,2016,5,22,22,1,2,1,1,1,I-70,,37,38.68,-90.211,0,1,0,0,1,1,0,3,3,1,0,1,0,0,22,19,22,28,99,99,0,0,0,2,1,1
29,290626,2,2,0,0,0,3,3,95,4120,18,9,2016,1,15,35,1,2,1,1,1,I-70,,71,39.068,-94.511,0,12,7,1,5,1,0,1,1,1,0,1,0,0,15,34,15,43,16,16,0,0,0,1,0,0
29,290627,2,2,0,0,0,2,2,95,4120,20,9,2016,3,11,41,1,2,1,1,1,I-435,,53,39.079,-94.491,0,57,0,0,1,1,0,3,1,1,0,1,0,0,11,43,11,58,12,14,0,0,0,1,0,1
29,290628,2,2,0,0,0,4,4,173,0,21,9,2016,4,12,40,1,1,3,1,2,US-61,SR-A,60,39.589,-91.407,0,12,6,0,2,2,0,1,1,1,0,1,0,0,11,45,11,53,12,20,0,0,0,1,0,0
29,290631,2,1,1,1,2,1,2,95,4120,24,9,2016,7,3,0,1,2,1,1,1,I-435,,24,38.94,-94.565,0,14,0,1,19,1,0,4,3,1,0,1,0,0,3,1,3,15,3,39,0,0,0,1,1,1
29,290634,2,2,0,0,0,2,2,7,0,29,9,2016,5,19,55,1,1,3,1,3,SR-19,,4,39.319,-91.643,0,12,1,0,1,1,0,1,2,1,0,1,0,0,99,98,99,98,88,88,0,0,0,1,1,2
29,290637,2,1,1,1,5,2,6,155,0,2,10,2016,1,20,20,1,1,3,1,2,US-412,,98,36.234,-89.786,0,8,0,0,1,1,0,1,2,1,0,1,0,0,20,24,20,31,21,0,0,0,0,1,0,0
29,290638,1,1,0,0,0,1,1,189,650,2,10,2016,1,11,40,1,2,1,1,1,I-70,,75,38.733,-90.35,0,24,0,1,19,1,1,4,1,1,0,1,0,0,11,44,11,58,12,18,0,0,0,1,1,0
29,290640,2,2,0,0,0,2,2,19,0,4,10,2016,3,8,55,0,1,4,1,2,US-40,,41,38.989,-92.493,0,12,6,0,1,1,0,1,1,1,0,1,0,0,9,4,9,13,88,88,0,0,0,1,0,0
29,290642,3,1,2,2,3,2,3,189,650,5,10,2016,4,0,10,1,2,1,1,1,I-70,,54,38.734,-90.352,0,14,0,0,1,1,0,4,3,1,0,1,0,0,0,35,0,41,0,55,14,15,0,2,0,1
29,290644,1,1,0,0,0,1,1,219,0,8,10,2016,7,11,51,0,1,5,1,3,SR-94,,110,38.693,-91.253,0,34,0,0,1,1,0,4,1,1,0,1,0,0,15,15,15,32,16,11,0,0,0,1,0,2
29,290647,1,1,0,0,0,1,1,219,0,9,10,2016,1,17,55,0,1,4,1,3,SR-94,,315,38.585,-90.966,0,34,0,0,1,1,0,4,1,1,0,1,0,0,99,98,99,98,88,88,0,0,0,1,1,2
29,290648,1,1,0,0,0,1,1,167,0,11,10,2016,3,10,25,0,1,5,1,3,SR-123,,256,37.494,-93.546,0,59,0,0,1,1,0,4,1,1,0,1,0,0,10,32,11,2,11,23,0,0,0,1,0,2
29,290651,1,1,0,0,0,2,2,99,2020,3,9,2016,7,3,44,0,2,3,1,2,US-67,EAST 6TH ST,179,38.227,-90.386,0,33,0,0,3,2,0,4,3,1,0,1,0,0,3,44,3,53,4,20,0,0,0,1,1,0
29,290652,1,1,0,0,0,1,1,189,1050,22,9,2016,5,21,0,1,2,3,1,2,US-67,MISSOURI BOTTOM RD,117,38.758,-90.378,0,1,0,0,2,2,0,1,3,10,0,10,0,0,99,98,99,98,88,88,0,0,0,1,0,0
29,290654,1,1,0,0,0,2,2,510,7080,2,10,2016,1,0,15,1,2,1,1,1,I-55,,12,38.557,-90.259,0,1,0,0,1,1,0,4,3,1,0,1,0,0,0,12,0,22,0,57,0,0,0,1,1,1
29,290655,2,2,0,0,0,3,3,195,0,2,10,2016,1,13,50,1,1,1,1,1,I-70,,157,38.974,-93.34,0,57,0,0,1,1,0,3,1,1,0,1,0,0,99,98,99,98,88,88,14,0,0,1,0,0
29,290656,1,1,0,0,0,1,1,33,0,3,10,2016,2,10,20,1,1,3,1,3,SR-10,,50,39.278,-93.683,0,52,0,0,1,1,0,4,1,1,0,1,0,0,10,25,10,41,88,88,0,0,0,1,1,2
29,290657,2,2,0,0,0,3,3,189,4240,4,10,2016,3,10,28,1,2,3,1,2,US-61,,190,38.578,-90.406,0,12,2,0,1,1,0,1,1,1,0,1,0,0,10,37,10,38,10,57,0,0,0,1,0,0
29,290658,1,1,0,0,0,2,2,51,0,7,10,2016,6,16,15,1,1,3,1,2,US-50,,243,38.513,-92.042,0,58,0,0,1,1,0,3,1,1,0,1,0,0,16,24,16,24,17,17,0,0,0,1,0,2
29,290660,1,1,0,0,0,1,1,27,0,10,10,2016,2,19,4,1,1,1,1,1,I-70,,97,38.936,-91.813,0,1,0,0,1,1,0,4,2,1,0,1,0,0,19,4,19,21,88,88,0,0,0,1,0,0
29,290661,2,2,0,0,0,2,2,15,0,10,10,2016,2,6,49,1,1,3,1,3,SR-7,,202,38.176,-93.297,0,12,2,0,1,1,0,1,2,10,0,10,0,0,6,53,7,3,99,99,0,0,0,1,0,2
29,290663,1,1,0,0,0,2,2,65,0,13,10,2016,5,10,55,0,1,5,1,3,SR-119,,88,37.448,-91.694,0,42,0,0,1,1,0,4,1,10,0,10,0,0,11,2,11,20,88,88,0,0,0,1,0,2
29,290664,1,1,0,0,0,3,3,43,0,14,10,2016,6,22,45,0,1,5,1,3,SR-125,,211,36.872,-93.016,0,42,0,0,1,1,0,4,2,10,0,10,0,0,22,46,23,13,99,99,0,0,0,1,0,2
29,290666,3,3,0,0,0,3,3,105,0,17,10,2016,2,16,22,1,1,3,1,3,SR-5,,84,37.776,-92.678,0,12,1,0,1,1,0,1,1,1,0,1,0,0,99,99,99,99,99,99,0,0,0,1,0,1
29,290667,1,1,0,0,0,1,1,43,7430,18,10,2016,3,6,55,0,1,5,1,3,SR-125,,65,37.023,-93.091,0,1,0,0,1,1,0,4,2,10,0,10,0,0,6,57,7,1,7,49,0,0,0,1,0,2
29,290668,2,2,0,0,0,3,3,77,0,18,10,2016,3,15,10,1,2,3,1,2,US-160,CR-146,100,37.191,-93.35,0,12,6,0,2,2,0,1,1,1,0,1,0,0,15,11,15,20,15,42,0,0,0,1,0,0
29,290669,2,2,0,0,0,3,3,119,0,19,10,2016,4,11,20,1,1,3,1,2,US-71,CR-RAINS RD,31,36.536,-94.299,0,12,6,0,2,2,0,1,1,1,0,1,0,0,11,21,11,34,99,99,0,0,0,1,0,0
29,290670,1,1,0,0,0,1,1,29,0,19,10,2016,4,16,0,1,1,3,1,3,SR-7,,66,38.111,-92.951,0,32,0,0,1,1,0,4,1,2,10,2,0,0,99,98,99,98,88,88,0,0,0,1,0,2
29,290671,1,1,0,0,0,2,2,31,0,20,10,2016,5,6,48,0,1,5,1,3,SR-177,,168,37.367,-89.477,0,42,0,0,1,1,0,4,2,2,0,2,0,0,6,59,7,13,7,50,0,0,0,1,0,2
29,290672,2,2,0,0,0,2,2,31,3980,20,10,2016,5,6,8,1,2,3,1,3,SR-34,,192,37.364,-89.633,0,12,6,0,4,1,0,1,3,2,0,2,0,0,6,10,6,17,6,46,0,0,0,1,0,2
29,290673,1,1,0,1,1,2,2,161,0,21,10,2016,6,2,13,1,1,1,1,1,I-44,,94,37.945,-91.905,0,8,0,0,1,1,0,1,2,10,0,10,0,0,99,98,99,98,88,88,0,0,0,1,0,1
29,290674,3,3,0,1,1,3,3,31,1390,21,10,2016,6,6,20,1,2,1,1,1,I-55,,212,37.325,-89.59,0,8,0,0,1,1,0,1,2,10,0,10,0,0,6,29,6,37,6,58,0,0,0,1,0,1
29,290675,1,1,0,1,1,1,1,95,3940,21,10,2016,6,20,57,1,2,3,1,2,US-40,,124,39.04,-94.43,0,8,0,0,1,1,0,2,2,1,0,1,0,0,99,98,99,98,88,88,0,0,0,1,0,0
29,290677,1,1,0,0,0,1,1,213,0,25,10,2016,3,12,36,0,1,4,1,2,US-160,,269,36.652,-92.981,0,42,0,0,1,1,0,4,1,1,0,1,0,0,99,98,99,98,88,88,0,0,0,1,0,0
29,290678,1,1,0,0,0,1,1,109,8000,25,10,2016,3,8,10,1,1,3,1,2,US-60,,37,36.948,-93.782,0,1,0,0,1,1,0,1,1,1,0,1,0,0,8,23,8,24,8,39,0,0,0,1,0,0
29,290694,2,2,0,0,0,3,3,29,4630,30,9,2016,6,14,20,1,1,3,1,2,US-54,RT A,238,38.049,-92.699,0,12,6,0,2,4,0,1,1,10,0,10,0,0,14,21,14,30,15,11,0,0,0,1,1,0
29,290696,1,1,0,0,0,2,2,161,0,1,10,2016,7,1,29,1,1,1,1,1,I-44,,301,37.899,-92.01,0,5,0,0,1,1,0,2,2,1,0,1,0,0,99,98,99,98,88,88,0,0,0,1,0,1
29,290701,2,2,0,0,0,4,4,77,6710,7,10,2016,6,13,0,1,2,3,1,2,US-60,CR-103,66,37.153,-93.415,0,12,6,0,2,2,0,1,1,1,0,1,0,0,13,5,13,12,13,42,0,0,0,1,0,0
29,290702,1,1,0,1,1,1,1,127,0,11,10,2016,3,20,0,1,1,3,1,2,US-61,,83,39.744,-91.479,0,8,0,0,1,1,0,1,2,1,0,1,0,0,99,98,99,98,88,88,0,0,0,1,0,0
29,290703,3,3,0,0,0,4,4,183,0,12,10,2016,4,18,50,0,1,4,1,3,SR-79,,25,38.89,-90.733,0,12,1,0,1,1,0,1,2,10,0,10,0,0,18,55,19,10,19,32,0,0,0,1,1,1
29,290707,1,1,0,0,0,1,1,187,2190,16,10,2016,1,17,43,1,2,2,1,2,US-67,,194,37.879,-90.509,0,57,0,0,1,1,0,3,1,1,0,1,0,0,17,49,18,9,18,50,0,0,0,1,0,0
29,290711,4,3,1,0,1,4,5,145,0,20,10,2016,5,18,4,1,2,3,1,2,US-60,,144,36.849,-94.362,0,12,1,0,1,1,0,1,1,1,0,1,0,0,18,10,18,19,19,12,0,0,0,1,0,0
29,290714,1,1,0,0,0,1,1,95,4120,22,10,2016,7,23,24,1,2,2,1,2,US-71,,105,38.98,-94.547,0,24,0,0,1,1,0,3,2,10,0,10,0,0,99,98,99,98,88,88,0,0,0,1,1,0
29,290716,1,1,0,1,1,4,4,189,1050,24,10,2016,2,2,57,1,2,1,1,1,I-70,,87,38.744,-90.41,0,8,0,0,1,1,0,1,3,1,0,1,0,0,99,98,99,98,88,88,0,0,0,1,0,0
29,290717,1,1,0,0,0,3,3,95,4120,26,10,2016,4,1,20,1,2,2,1,2,US-71,,56,39.046,-94.562,0,39,0,0,1,1,0,10,3,1,0,1,0,0,1,24,1,35,1,54,0,0,0,2,1,0
29,290718,2,2,0,0,0,3,3,47,4120,26,10,2016,4,16,21,1,2,3,1,3,SR-152,SHOAL CREEK PKWY,65,39.244,-94.488,0,33,0,0,3,2,0,3,1,1,0,1,0,0,16,21,16,26,16,41,0,0,0,1,0,1
29,290719,1,1,0,0,0,1,1,133,0,27,10,2016,5,18,16,0,1,5,1,3,SR-77,,187,36.849,-89.213,0,1,0,0,1,1,0,1,1,1,0,1,0,0,99,98,99,98,88,88,0,0,0,1,1,1
29,290722,2,2,0,0,0,3,3,183,0,29,10,2016,7,14,2,0,1,4,1,3,SR-94,,192,38.695,-90.724,0,12,2,0,1,1,0,1,1,1,0,1,0,0,99,98,99,98,88,88,0,0,0,1,0,2
29,290723,1,1,0,0,0,1,1,203,0,29,10,2016,7,13,45,0,1,4,1,3,SR-106,,22,37.17,-91.617,0,35,0,0,1,1,0,4,1,1,0,1,0,0,13,51,13,59,14,53,0,0,0,1,0,2
29,290729,2,2,0,0,0,2,2,19,0,2,11,2016,4,11,45,0,1,4,1,3,SR-124,,189,39.145,-92.191,0,12,2,0,1,1,0,1,1,1,0,1,0,0,99,98,99,98,88,88,0,0,0,2,0,1
29,290731,3,3,0,0,0,3,3,189,2690,2,11,2016,4,20,40,1,2,2,1,3,SR-141,,204,38.531,-90.493,0,12,2,0,1,1,0,1,2,2,0,2,0,0,20,53,21,0,21,22,0,0,0,1,0,2
29,290732,2,2,0,0,0,2,2,29,0,3,11,2016,5,7,15,1,1,3,1,2,US-54,,134,38.026,-92.72,0,12,1,0,1,1,0,1,2,10,0,10,0,0,7,12,7,19,7,42,0,0,0,1,0,0
29,290734,3,3,0,0,0,5,5,186,0,3,11,2016,5,14,45,1,1,3,1,3,SR-32,I-55 RAMP,178,37.937,-90.124,0,12,6,1,2,2,0,1,1,10,0,10,0,0,14,46,14,57,15,19,0,0,0,1,0,2
29,290735,2,2,0,0,0,3,3,53,900,3,11,2016,5,14,43,0,2,4,1,3,SR-5,SPORTSMAN RD,161,38.949,-92.769,0,12,6,0,2,2,0,1,1,10,0,10,0,0,14,50,14,55,15,9,0,0,0,1,0,1
29,290737,2,2,0,0,0,2,2,89,0,4,11,2016,6,17,17,0,1,4,1,2,US-40,CR-445,76,38.992,-92.629,0,12,1,0,3,3,0,1,1,1,0,1,0,0,17,20,17,40,18,5,0,0,0,1,0,0
29,290742,1,1,0,0,0,1,1,21,0,9,11,2016,4,5,50,0,1,5,1,3,SR-31,,32,39.733,-94.642,0,38,0,0,1,1,0,5,2,1,0,1,0,0,99,98,99,98,88,88,0,0,0,1,0,2
29,290745,1,1,0,0,0,2,2,3,0,12,11,2016,7,12,10,0,1,4,1,2,US-169,,65,39.924,-94.678,0,34,0,0,1,1,0,4,1,1,0,1,0,0,12,13,12,27,13,2,0,0,0,1,0,0