STATE,ST_CASE,VE_TOTAL,VE_FORMS,PVH_INVL,PEDS,PERNOTMVIT,PERMVIT,PERSONS,COUNTY,CITY,DAY,MONTH,YEAR,DAY_WEEK,HOUR,MINUTE,NHS,RUR_URB,FUNC_SYS,RD_OWNER,ROUTE,TWAY_ID,TWAY_ID2,MILEPT,LATITUDE,LONGITUD,SP_JUR,HARM_EV,MAN_COLL,RELJCT1,RELJCT2,TYP_INT,WRK_ZONE,REL_ROAD,LGT_COND,WEATHER1,WEATHER2,WEATHER,SCH_BUS,RAIL,NOT_HOUR,NOT_MIN,ARR_HOUR,ARR_MIN,HOSP_HR,HOSP_MN,CF1,CF2,CF3,FATALS,DRUNK_DR,RANK
29,290747,1,1,0,0,0,1,1,37,0,13,11,2016,1,3,59,1,1,1,1,1,I-49,,259,38.524,-94.353,0,59,0,0,1,1,0,4,2,8,0,8,0,0,99,98,99,98,88,88,0,0,0,1,0,0
29,290751,1,1,0,0,0,2,2,9,0,16,11,2016,4,23,41,0,1,5,1,3,SR-86,,378,36.513,-93.709,0,1,0,0,1,1,0,4,2,1,0,1,0,0,23,42,0,18,2,12,20,0,0,1,1,1
29,290754,1,1,0,0,0,1,1,169,0,19,11,2016,7,16,49,0,1,4,1,3,SR-7,,27,37.849,-92.372,0,35,0,0,1,1,0,4,1,1,0,1,0,0,99,98,99,98,88,88,0,0,0,1,0,2
29,290755,1,1,0,0,0,1,1,71,0,20,11,2016,1,22,5,1,2,3,1,3,SR-47,,99,38.422,-90.989,0,39,0,0,1,1,0,4,2,1,0,1,0,0,22,14,22,39,23,14,0,0,0,1,0,2
29,290760,1,1,0,0,0,1,1,145,4100,2,10,2016,1,11,15,1,2,1,1,1,I-44,,98,37.05,-94.462,0,35,0,0,1,1,0,3,1,1,0,1,0,0,99,98,99,98,88,88,0,0,0,1,1,1
29,290761,1,1,0,0,0,1,1,510,7080,12,10,2016,4,3,35,1,2,1,1,1,I-44,,7,38.635,-90.186,0,25,0,0,1,1,0,3,3,1,0,1,0,0,99,98,99,98,88,88,0,0,0,1,1,1
29,290762,4,4,0,0,0,4,4,161,0,24,10,2016,2,12,11,0,1,3,1,3,SR-72,,84,37.851,-91.701,0,12,1,0,1,1,0,1,1,1,0,1,0,0,12,15,12,26,13,15,14,0,0,1,0,2
29,290763,1,1,0,0,0,1,1,189,4887,9,9,2016,6,21,33,1,2,3,1,3,SR-141,WOODS MILL RD,153,38.599,-90.509,0,33,0,0,3,2,0,3,3,2,10,2,0,0,99,98,99,98,88,88,0,0,0,1,1,2
29,290765,1,1,0,1,1,1,1,189,3580,28,10,2016,6,22,20,1,2,3,1,2,US-67,JAMES S MCDONNELL BLVD,262,38.765,-90.37,0,8,0,0,2,2,0,1,3,1,0,1,0,0,22,26,22,31,22,46,0,0,0,1,0,0
29,290766,2,2,0,0,0,2,2,95,4120,8,11,2016,3,12,37,1,1,1,1,1,I-435,,51,38.956,-94.528,0,12,1,0,1,1,0,1,1,1,0,1,0,0,99,98,99,98,88,88,0,0,0,1,0,1
29,290767,2,2,0,0,0,2,2,165,0,17,11,2016,5,7,18,0,1,4,1,3,SR-273,SR-45,137,39.399,-94.863,0,12,2,0,2,2,0,1,1,1,0,1,0,0,99,99,99,99,99,99,0,0,0,1,0,2
29,290772,2,2,0,0,0,2,2,1,4230,27,11,2016,1,17,5,1,2,2,1,2,US-63,,109,40.199,-92.552,0,59,0,0,1,1,0,4,2,2,0,2,0,0,99,99,99,99,99,99,0,0,0,1,0,0
29,290776,2,2,0,0,0,2,2,95,3940,5,12,2016,2,12,0,1,1,1,1,1,I-70,,172,39.047,-94.428,0,12,1,0,1,1,0,1,1,1,0,1,0,0,99,98,99,98,88,88,0,0,0,1,0,0
29,290784,1,1,0,0,0,1,1,163,0,4,11,2016,6,23,30,0,1,4,1,3,SR-79,,311,39.343,-90.891,0,11,0,0,1,1,0,1,2,1,0,1,0,0,99,98,99,98,88,88,0,0,0,1,1,1
29,290789,2,2,0,0,0,3,3,167,0,12,11,2016,7,16,40,1,1,3,1,3,SR-13,CR-508TH RD,65,37.513,-93.366,0,12,6,0,2,2,0,1,1,1,0,1,0,0,99,99,99,99,99,99,0,0,0,1,0,2
29,290790,1,1,0,1,1,1,1,183,0,13,11,2016,1,2,53,1,2,1,1,1,I-70,,26,38.784,-90.523,0,8,0,0,1,1,0,1,2,1,0,1,0,0,99,99,99,99,99,99,0,0,0,1,0,0
29,290792,1,1,0,1,1,1,1,189,7000,16,11,2016,4,8,7,1,2,3,1,3,SR-180,,39,38.726,-90.378,0,8,0,0,1,1,0,1,1,1,0,1,0,0,99,99,99,99,99,99,0,0,0,1,0,1
29,290795,1,1,0,0,0,1,1,91,0,26,11,2016,7,12,25,1,1,3,1,2,US-63,,390,36.649,-91.684,0,35,0,0,1,1,0,4,1,10,0,10,0,0,99,98,99,98,88,88,0,0,0,1,0,0
29,290797,2,2,0,0,0,2,2,213,0,30,11,2016,4,10,15,0,2,4,1,3,SR-76,LAKESHORE DR,83,36.641,-93.21,0,1,0,0,2,3,0,1,1,10,0,10,0,0,99,98,99,98,88,88,0,0,0,1,1,2
29,290799,2,2,0,1,1,3,3,510,7080,9,12,2016,6,23,56,1,2,1,1,1,I-70,,52,38.662,-90.197,0,8,0,0,1,1,0,1,2,98,0,98,0,0,99,98,99,98,88,88,0,0,0,1,0,0
29,290800,2,2,0,0,0,3,3,101,0,19,11,2016,7,13,17,1,1,3,1,2,US-50,SR-131,286,38.851,-93.99,0,12,6,0,2,2,0,1,1,1,0,1,0,0,99,98,99,98,88,88,0,0,0,1,0,2
29,290801,2,2,0,0,0,2,2,183,0,21,11,2016,2,9,40,1,2,3,1,3,SR-79,,79,38.829,-90.671,0,12,2,0,1,1,0,4,1,1,0,1,0,0,9,39,10,1,10,25,0,0,0,1,0,1
29,290802,1,1,0,1,1,2,2,23,0,23,11,2016,4,0,45,1,2,2,1,2,US-60,,130,36.796,-90.436,0,8,0,0,1,1,0,1,2,2,0,2,0,0,99,98,99,98,88,88,0,0,0,1,0,0
29,290804,2,2,0,0,0,2,2,99,0,25,11,2016,6,20,46,1,2,1,1,1,I-55,,97,38.318,-90.401,0,12,11,0,1,1,0,1,2,1,0,1,0,0,20,52,21,13,21,43,19,0,0,1,1,1
29,290807,2,2,0,0,0,8,8,71,7020,27,11,2016,1,3,40,1,1,1,1,1,I-44,,219,38.321,-91.031,0,12,2,0,1,1,0,1,2,1,0,1,0,0,99,99,99,99,99,99,0,0,0,3,1,1
29,290809,1,1,0,0,0,1,1,43,0,28,11,2016,2,12,55,0,1,4,1,3,SR-14,,360,37.011,-93.046,0,34,0,0,1,1,0,4,1,10,0,10,0,0,99,98,99,98,88,88,0,0,0,1,0,2
29,290811,4,4,0,0,0,4,4,125,0,30,11,2016,4,5,15,1,1,3,1,2,US-63,,19,38.266,-91.937,0,12,2,0,1,1,0,1,2,1,0,1,0,0,99,98,99,98,88,88,14,0,0,1,0,0
29,290812,2,2,0,0,0,4,4,105,0,16,12,2016,6,16,10,1,1,3,1,3,SR-5,,99,37.755,-92.674,0,12,2,0,1,1,0,1,1,10,0,10,0,0,16,16,16,24,88,88,0,0,0,4,0,1
29,290816,1,1,0,0,0,1,1,53,0,1,12,2016,5,21,0,1,1,1,1,1,I-70,,60,38.934,-92.944,0,26,0,0,1,1,0,3,2,1,0,1,0,0,99,98,99,98,88,88,0,0,0,1,0,0
29,290817,1,1,0,0,0,1,1,189,4311,2,12,2016,6,1,52,1,2,1,1,1,I-64,,169,38.631,-90.375,0,25,0,0,1,1,0,3,2,1,0,1,0,0,1,56,2,4,88,88,0,0,0,1,1,1
29,290818,1,1,0,0,0,1,1,163,0,2,12,2016,6,19,6,1,1,2,2,2,US-61,,68,39.286,-91.103,0,31,0,0,1,1,0,4,2,1,0,1,0,0,99,98,99,98,88,88,0,0,0,1,0,0
29,290820,1,1,0,1,1,1,1,13,0,3,12,2016,7,3,55,1,1,1,1,1,I-49,,144,38.267,-94.358,0,8,0,0,1,1,0,1,3,1,0,1,0,0,4,12,4,19,88,88,0,0,0,1,0,0
29,290822,2,2,0,0,0,5,5,189,3580,3,12,2016,7,22,53,1,2,1,1,1,I-270,,254,38.779,-90.363,0,12,1,1,18,1,0,1,3,1,0,1,0,0,99,99,99,99,99,99,0,0,0,1,0,2
29,290823,1,1,0,0,0,1,1,115,0,4,12,2016,1,7,42,1,1,2,1,2,US-36,,233,39.761,-92.93,0,43,0,0,1,1,0,4,1,4,8,4,0,0,99,98,99,98,88,88,0,0,0,1,0,1
29,290824,2,2,0,0,0,8,8,119,0,4,12,2016,1,11,30,0,1,4,1,3,SR-19,,52,39.063,-91.549,0,12,1,0,1,1,0,1,1,2,4,4,0,0,99,99,99,99,99,99,0,0,0,1,0,2
29,290825,1,1,0,0,0,1,1,19,0,5,12,2016,2,10,35,1,2,1,1,1,I-70,,148,38.971,-92.42,0,1,0,0,1,1,0,1,1,1,0,1,0,0,99,98,99,98,88,88,0,0,0,1,0,0
29,290826,2,2,0,0,0,2,2,77,0,5,12,2016,2,19,52,1,2,2,1,2,US-60,,157,37.143,-93.339,0,12,1,0,1,1,0,1,2,1,0,1,0,0,19,52,19,58,20,18,0,0,0,1,1,0
29,290827,2,2,0,0,0,3,3,225,0,5,12,2016,2,21,0,1,1,3,1,2,US-60,,22,37.131,-92.72,0,1,0,0,7,1,0,1,2,8,0,8,0,0,21,6,21,12,22,23,0,0,0,1,0,0
29,290828,1,1,0,0,0,2,2,183,0,6,12,2016,3,12,48,1,2,2,1,2,US-61,,185,38.871,-90.893,0,35,0,0,1,1,0,4,1,10,0,10,0,0,14,30,14,37,15,46,0,0,0,1,0,0
29,290834,2,2,0,0,0,3,3,19,0,10,12,2016,7,21,43,0,1,4,1,3,SR-124,,200,39.159,-92.18,0,12,2,0,1,1,0,1,2,1,0,1,0,0,21,45,22,0,22,59,0,0,0,1,0,1
29,290835,1,1,0,0,0,1,1,73,0,11,12,2016,1,8,45,0,1,4,1,3,SR-28,,62,38.316,-91.542,0,58,0,0,1,1,0,4,1,10,0,10,0,0,8,46,9,0,99,99,0,0,0,1,0,2
29,290836,6,6,0,0,0,10,10,105,0,11,12,2016,1,20,35,1,1,1,1,1,I-44,,220,37.603,-92.709,0,12,1,0,1,1,0,1,2,5,10,5,0,0,99,98,99,98,88,88,0,0,0,1,1,1
29,290838,1,1,0,0,0,1,1,27,0,15,12,2016,5,14,21,1,1,2,1,2,US-54,,321,38.967,-91.902,0,43,0,0,1,1,0,4,1,8,10,8,0,0,99,98,99,98,88,88,0,0,0,1,0,0
29,290839,1,1,0,0,0,3,3,97,0,16,12,2016,6,6,0,1,1,1,1,1,I-49,,176,37.206,-94.306,0,1,0,0,1,1,0,8,2,5,8,5,0,0,99,98,99,98,88,88,0,0,0,1,0,0
29,290840,2,2,0,0,0,2,2,145,0,16,12,2016,6,6,3,1,1,3,1,2,US-60,,302,36.919,-94.136,0,12,2,0,1,1,0,1,2,2,8,2,0,0,6,0,6,13,7,23,0,0,0,1,0,0
29,290841,1,1,0,0,0,1,1,141,0,16,12,2016,6,11,28,0,1,4,1,3,SR-135,,347,38.303,-92.924,0,38,0,0,1,1,0,5,1,8,10,8,0,0,99,98,99,98,88,88,0,0,0,1,1,1
29,290843,1,1,0,0,0,1,1,61,0,16,12,2016,6,20,45,1,1,1,1,1,I-35,,5,40.129,-94.053,0,1,0,0,1,1,0,4,2,5,8,5,0,0,20,25,20,29,21,22,27,0,0,1,0,1
29,290844,2,2,0,0,0,3,3,45,0,19,12,2016,2,18,0,1,1,2,1,2,US-61,,29,40.286,-91.567,0,12,6,0,1,1,0,1,6,1,0,1,0,0,18,4,18,22,18,49,0,0,0,1,0,0
29,290847,2,2,0,0,0,2,2,103,5600,21,12,2016,4,8,20,0,1,5,1,3,SR-156,SR-E,213,39.993,-91.973,0,12,6,0,2,2,0,1,1,1,0,1,0,0,8,21,8,47,99,99,0,0,0,1,0,2
29,290848,2,2,0,0,0,3,3,77,370,22,12,2016,5,18,56,0,1,4,1,2,US-160,CR-33,35,37.32,-93.57,0,12,6,0,2,2,0,1,2,1,0,1,0,0,18,53,19,21,20,19,0,0,0,1,0,0
29,290850,1,1,0,0,0,1,1,41,0,23,12,2016,6,23,0,0,1,4,1,3,SR-5,,96,39.564,-92.959,0,32,0,0,1,1,0,4,2,10,5,5,0,0,23,6,23,31,88,88,0,0,0,1,0,1
29,290851,1,1,0,0,0,1,1,181,0,26,12,2016,2,11,55,0,1,4,1,3,SR-21,US-160,223,36.645,-90.796,0,34,0,0,3,3,0,4,1,2,0,2,0,0,11,55,11,57,12,45,0,0,0,1,0,2
29,290854,2,2,0,0,0,2,2,3,0,29,12,2016,5,16,25,0,1,4,1,2,US-169,,22,39.979,-94.645,0,12,6,0,1,1,0,1,1,1,0,1,0,0,16,27,16,46,17,50,0,0,0,1,0,0
29,290855,2,2,0,0,0,2,2,19,1800,29,10,2016,7,4,47,1,2,1,1,1,I-70,,105,38.965,-92.357,0,12,2,0,1,1,0,1,2,1,0,1,0,0,99,98,99,98,88,88,0,0,0,2,1,1
29,290856,2,2,0,0,0,5,5,510,7080,6,11,2016,1,1,7,1,2,1,1,1,I-70,,29,38.684,-90.222,0,12,1,0,1,1,0,1,3,1,0,1,0,0,1,7,1,15,1,40,0,0,0,1,1,0
29,290858,2,1,1,0,1,1,2,113,5440,16,12,2016,6,12,29,1,1,2,1,2,US-61,,106,38.94,-90.926,0,14,0,0,1,1,0,4,1,2,0,2,0,0,12,37,12,41,13,20,0,0,0,1,0,0
29,290871,2,2,0,0,0,2,2,95,4695,9,12,2016,6,21,35,1,1,3,1,2,US-50,,233,38.878,-94.209,0,12,2,0,1,1,0,1,2,1,0,1,0,0,21,40,22,4,22,27,0,0,0,1,1,2
29,290873,3,3,0,0,0,7,7,105,0,16,12,2016,6,7,16,1,1,2,1,1,I-44,,99,37.606,-92.705,0,12,7,0,1,1,0,1,1,5,8,5,0,0,99,99,99,99,99,99,0,0,0,1,0,1
29,290874,3,3,0,0,0,7,7,99,0,16,12,2016,6,15,45,0,2,4,1,2,US-61,,106,38.325,-90.4,0,12,2,0,1,1,0,1,1,2,10,2,0,0,16,21,16,40,17,0,0,0,0,1,0,0
29,290876,1,1,0,0,0,1,1,91,0,24,12,2016,7,16,20,1,1,2,1,2,US-63,,275,36.918,-91.929,0,1,0,0,1,1,0,1,1,1,0,1,0,0,99,98,99,98,88,88,0,0,0,1,0,0
29,290883,2,2,0,0,0,2,2,77,6710,4,12,2016,1,12,56,1,2,3,1,2,US-60,OAKWOOD AVE,43,37.136,-93.452,0,12,6,0,2,2,0,1,1,1,0,1,0,0,12,56,13,6,13,21,0,0,0,1,0,0
29,290887,2,2,0,0,0,2,2,71,7860,9,12,2016,6,18,0,1,2,3,1,2,US-50,,218,38.444,-91.002,0,12,2,0,1,1,0,1,3,1,0,1,0,0,18,1,18,3,18,29,0,0,0,1,1,2
29,290889,2,2,0,0,0,2,2,143,5380,26,10,2016,4,13,4,0,1,5,1,3,SR-114,SR-E,11,36.847,-89.686,0,12,6,0,2,2,0,1,1,10,0,10,0,0,13,6,13,17,13,48,0,0,0,1,0,2
29,290890,2,2,0,0,0,2,2,63,1350,22,12,2016,5,13,21,1,2,3,1,2,US-36,,4,39.754,-94.213,0,12,1,0,1,1,0,1,1,1,0,1,0,0,99,99,99,99,99,99,0,0,0,1,0,1
29,290894,1,1,0,0,0,1,1,111,4280,27,10,2016,5,10,35,0,1,5,1,3,SR-6,,103,40.12,-91.921,0,19,0,0,1,1,0,4,1,1,0,1,0,0,10,33,10,38,11,37,0,0,0,1,0,2
30,300002,1,1,0,0,0,2,2,63,0,6,1,2016,4,21,29,1,1,3,1,2,US-93,,891,46.825,-114.075,0,31,0,0,1,1,0,4,2,10,0,10,0,0,21,28,21,32,21,55,0,0,0,1,0,0
30,300005,2,2,0,0,0,4,4,87,0,14,1,2016,5,11,55,1,1,3,1,2,US-212,,397,45.623,-106.709,3,12,1,0,8,1,0,1,1,4,0,4,0,0,11,55,12,9,12,34,0,0,0,1,0,0
30,300006,1,1,0,0,0,1,1,87,0,27,1,2016,4,17,21,1,1,3,1,2,US-212,,491,45.632,-106.527,3,1,0,0,1,1,0,4,1,1,0,1,0,0,88,88,88,88,88,88,0,0,0,1,1,0
30,300008,1,1,0,0,0,1,1,31,0,6,2,2016,7,7,0,0,1,4,1,3,SR-84,,239,45.664,-111.29,0,1,0,0,1,1,0,4,9,99,0,99,0,0,11,32,11,50,88,88,0,0,0,1,1,2
30,300009,2,2,0,0,0,2,2,5,0,7,2,2016,1,13,25,1,1,3,1,2,US-2,,4110,48.585,-109.076,0,12,2,0,1,1,0,1,1,1,0,1,0,0,13,27,13,43,88,88,0,0,0,1,0,0
30,300020,1,1,0,0,0,2,2,111,0,27,2,2016,7,18,12,1,1,1,1,1,I-90 E,,4330,45.663,-108.788,0,1,0,0,1,1,0,3,5,1,0,1,0,0,18,9,18,16,19,5,0,0,0,1,1,0
30,300022,1,1,0,0,0,8,8,17,0,1,3,2016,3,15,10,1,1,3,1,3,SR-59,,265,46.112,-105.558,0,1,0,0,1,1,0,4,1,1,0,1,0,0,15,15,15,37,18,4,0,0,0,1,0,2
30,300024,2,2,0,0,0,3,3,103,0,5,3,2016,7,19,12,1,1,1,1,1,I-94,,669,46.235,-107.243,0,12,2,0,1,1,0,1,2,1,0,1,0,0,19,19,19,25,88,88,0,0,0,3,1,0
30,300029,1,1,0,0,0,5,5,3,0,12,3,2016,7,14,25,0,1,5,1,3,SR-313,,150,45.562,-107.701,3,1,0,0,1,1,0,4,1,1,0,1,0,0,14,25,14,39,15,40,0,0,0,1,0,1
30,300033,1,1,0,0,0,3,3,95,0,21,3,2016,2,2,40,1,1,1,1,1,I-90 W,,4162,45.6,-109.119,0,1,0,0,1,1,0,4,2,1,0,1,0,0,3,0,3,16,3,47,0,0,0,1,0,0
30,300036,2,2,0,0,0,4,4,47,0,12,3,2016,7,19,20,1,1,3,1,2,US-93,,463,47.518,-114.097,3,12,1,0,4,1,0,1,3,10,0,10,0,0,19,21,19,31,19,56,0,0,0,1,1,0
30,300038,2,2,0,0,0,2,2,3,0,31,3,2016,5,16,35,1,1,3,1,2,US-212,,120,45.532,-107.262,3,12,2,0,1,1,0,1,1,1,0,1,0,0,16,35,16,56,18,3,0,0,0,1,0,0
30,300039,1,1,0,0,0,4,4,87,0,2,4,2016,7,16,42,0,1,4,1,3,SR-39,,161,45.806,-106.568,0,1,0,0,1,1,0,1,1,1,0,1,0,0,16,46,17,0,17,16,0,0,0,2,1,2
30,300042,2,2,0,0,0,3,3,23,0,8,4,2016,6,19,30,0,1,4,1,3,SR-1,S AND S SALVAGE ROAD,10,46.095,-112.804,0,12,6,0,2,3,0,1,1,1,0,1,0,0,19,32,19,44,20,34,0,0,0,1,0,1
30,300043,1,1,0,0,0,2,2,93,0,12,4,2016,3,2,5,1,1,1,1,1,I-90 W,,2153,46.012,-112.712,0,1,0,0,1,1,0,3,2,1,0,1,0,0,2,6,2,17,2,47,0,0,0,1,1,0
30,300047,2,2,0,0,0,2,2,29,0,21,4,2016,5,15,59,0,1,4,1,3,SR-35,,382,48.159,-114.115,0,12,6,0,1,1,0,1,1,1,0,1,0,0,16,1,16,12,88,88,0,0,0,1,1,1
30,300048,1,1,0,0,0,1,1,53,0,18,4,2016,2,15,20,1,1,3,1,2,US-2,,63,48.563,-115.973,0,1,0,0,1,1,0,4,1,1,0,1,0,0,15,24,15,36,99,99,0,0,0,1,0,0
30,300049,1,1,0,0,0,1,1,87,0,30,4,2016,7,19,34,0,1,5,1,3,SR-4,,0,45.607,-106.658,3,1,0,0,1,1,0,4,1,1,0,1,0,0,88,88,88,88,88,88,0,0,0,1,0,2
30,300051,1,1,0,0,0,1,1,5,0,8,5,2016,1,21,23,0,1,4,1,3,SR-66,,455,48.433,-108.73,0,1,0,0,1,1,0,1,2,1,0,1,0,0,21,43,21,56,88,88,0,0,0,1,1,0
30,300052,2,2,0,0,0,5,5,13,0,9,5,2016,2,2,50,1,1,1,1,1,I-15,,2821,47.519,-111.376,0,12,2,0,1,1,0,1,2,2,0,2,0,0,2,49,2,59,88,88,0,0,0,3,1,1
30,300055,2,2,0,0,0,2,2,101,0,14,5,2016,7,18,45,1,1,1,1,1,I-15,,3647,48.531,-111.861,0,12,7,0,1,1,0,1,1,1,0,1,0,0,18,46,18,52,19,12,0,0,0,1,2,1
30,300060,2,2,0,0,0,2,2,29,0,26,5,2016,5,6,45,1,1,3,1,2,US-93,,1033,48.084,-114.23,0,12,2,0,1,1,0,1,1,10,0,10,0,0,6,47,7,0,99,99,0,0,0,1,0,0
30,300065,2,2,0,0,0,3,3,3,0,15,6,2016,4,13,25,1,1,3,1,2,US-212,,200,45.529,-107.047,3,12,6,0,1,1,0,1,1,1,0,1,0,0,13,45,14,21,88,88,0,0,0,1,0,0
30,300066,2,2,0,0,0,2,2,29,0,18,6,2016,7,0,10,1,1,3,1,2,US-2,,1429,48.386,-114.064,0,12,1,0,8,1,0,1,2,1,0,1,0,0,0,12,0,22,1,33,0,0,0,1,1,0
30,300067,1,1,0,0,0,1,1,63,0,18,6,2016,7,7,53,1,1,1,1,1,I-90,,1109,46.866,-113.874,0,31,0,0,1,1,0,3,1,1,0,1,0,0,7,55,8,2,88,88,0,0,0,1,0,0
30,300068,1,1,0,0,0,1,1,83,0,20,6,2016,2,17,35,1,1,3,1,3,SR-16,,420,47.594,-104.246,0,1,0,0,1,1,0,4,1,1,0,1,0,0,17,34,99,99,17,55,0,0,0,1,0,2
30,300073,1,1,0,0,0,1,1,65,0,19,6,2016,1,10,35,1,1,3,1,2,US-87,,479,46.433,-108.57,0,32,0,0,1,1,0,4,1,1,0,1,0,0,10,4,10,12,10,27,0,0,0,1,0,1
30,300074,1,1,0,0,0,2,2,29,0,3,7,2016,1,16,50,1,1,3,1,2,US-93,,1174,48.257,-114.33,0,31,0,0,1,1,0,4,1,1,0,1,0,0,16,50,16,57,17,23,0,0,0,1,0,0
30,300078,1,1,0,0,0,1,1,63,0,7,7,2016,5,16,0,1,1,3,1,3,SR-200,,88,46.903,-113.753,0,1,0,0,1,1,0,4,1,1,0,1,0,0,19,39,19,48,88,88,0,0,0,1,1,1
30,300079,1,1,0,0,0,2,2,47,0,9,7,2016,7,9,57,0,1,4,1,3,SR-83,,509,47.642,-113.781,0,1,0,0,1,1,0,4,1,2,0,2,0,0,10,2,10,13,11,44,0,0,0,1,0,2
30,300081,1,1,0,0,0,2,2,53,0,12,7,2016,3,20,5,0,1,4,1,3,SR-37,,161,48.395,-115.311,0,52,0,0,1,1,0,4,1,10,0,10,0,0,20,11,20,32,20,55,0,0,0,1,1,1
30,300089,1,1,0,0,0,1,1,57,0,22,7,2016,6,20,30,0,1,4,1,3,SR-84,,113,45.64,-111.53,0,31,0,0,1,1,0,4,1,1,0,1,0,0,20,32,20,59,88,88,0,0,0,1,0,2
30,300090,1,1,0,0,0,1,1,95,0,23,7,2016,7,12,35,1,1,1,1,1,I-90 E,,4220,45.614,-109.004,0,1,0,0,1,1,0,3,1,1,0,1,0,0,12,33,13,1,88,88,0,0,0,1,0,0
30,300097,1,1,0,0,0,2,2,63,0,1,8,2016,2,21,53,0,1,4,1,3,SR-83,,185,47.225,-113.526,0,1,0,0,8,1,0,4,2,1,0,1,0,0,21,57,22,6,23,25,0,0,0,1,0,2
30,300101,1,1,0,0,0,2,2,77,0,16,7,2016,7,15,26,1,1,1,1,1,I-90,,1940,46.287,-112.747,0,1,0,0,1,1,0,1,1,10,0,10,0,0,15,35,15,45,17,22,0,0,0,1,0,0
30,300108,3,3,0,0,0,5,5,77,0,10,8,2016,4,10,10,1,1,3,1,2,US-12,,100,46.594,-112.65,0,12,2,0,1,1,0,1,1,1,0,1,0,0,10,28,99,99,99,99,0,0,0,1,0,0
30,300110,1,1,0,0,0,2,2,13,0,12,8,2016,6,11,0,0,1,4,1,2,US-89,,648,47.261,-110.915,0,11,0,0,1,1,0,1,1,1,0,1,0,0,11,6,11,22,88,88,0,0,0,2,0,0
30,300113,1,1,0,0,0,1,1,85,0,26,6,2016,1,18,0,1,1,3,1,2,US-2,,6595,48.147,-104.225,0,35,0,0,1,1,0,4,9,99,0,99,0,0,88,88,88,88,88,88,0,0,0,1,0,0
30,300117,1,1,0,0,0,1,1,65,0,27,8,2016,7,14,15,1,1,3,1,2,US-87,CR- OLD DIVIDE ROAD,300,46.202,-108.451,0,35,0,0,3,3,0,4,1,10,0,10,0,0,14,18,14,37,88,88,0,0,0,1,0,1
30,300126,1,1,0,0,0,1,1,1,0,4,9,2016,1,14,55,0,1,4,1,3,SR-43,,79,45.656,-113.806,0,11,0,0,1,1,0,1,1,10,0,10,0,0,15,14,15,45,88,88,0,0,0,1,0,2
30,300128,1,1,0,0,0,3,3,63,0,8,9,2016,5,4,17,1,1,1,1,1,I-90 W,,1164,46.812,-113.788,0,1,0,0,1,1,0,1,2,10,0,10,0,0,4,19,4,35,5,0,0,0,0,2,1,0
30,300129,1,1,0,0,0,4,4,63,0,9,9,2016,6,13,23,1,1,1,1,1,I-90 E,,1159,46.812,-113.788,0,1,0,0,1,1,0,3,1,1,0,1,0,0,13,22,13,33,14,1,0,0,0,1,0,0
30,300131,1,1,0,0,0,2,2,29,0,11,9,2016,1,20,25,0,1,3,1,3,SR-35,,461,48.226,-114.191,0,1,0,0,1,1,0,4,2,10,0,10,0,0,20,31,20,38,21,23,0,0,0,1,0,1
30,300133,1,1,0,0,0,1,1,35,0,15,9,2016,5,17,38,0,1,4,1,2,US-89,,253,48.687,-113.361,0,1,0,0,1,1,0,4,1,1,0,1,0,0,17,47,18,5,88,88,0,0,0,1,1,0
30,300134,2,2,0,0,0,2,2,45,0,18,9,2016,1,11,36,1,1,3,1,2,US-87,,642,46.985,-109.756,0,12,1,0,1,1,0,1,1,1,0,1,0,0,11,39,11,50,12,42,0,0,0,1,0,1
30,300137,1,1,0,0,0,1,1,79,0,16,9,2016,6,15,0,1,1,1,1,1,I-94,,1849,46.692,-105.452,0,38,0,0,1,1,0,5,1,1,0,1,0,0,15,10,15,24,15,41,0,0,0,1,0,0
30,300146,2,2,0,0,0,5,5,31,0,11,10,2016,3,7,15,1,1,1,1,1,I-90,,2802,45.896,-111.497,0,1,0,0,1,1,0,3,1,10,0,10,0,0,7,19,8,15,8,33,0,0,0,1,0,0
30,300148,1,1,0,0,0,2,2,27,0,23,10,2016,1,10,15,1,1,3,1,2,US-87,,1074,47.048,-108.919,0,18,0,0,1,1,0,1,1,1,0,1,0,0,10,15,10,29,12,22,0,0,0,1,1,1
30,300152,1,1,0,0,0,1,1,3,0,5,11,2016,7,17,35,1,1,1,1,1,I-90 E,,5019,45.707,-107.53,0,38,0,0,1,1,0,4,2,1,0,1,0,0,17,38,17,47,88,88,0,0,0,1,1,0
30,300153,1,1,0,0,0,3,3,77,0,6,11,2016,1,0,15,1,1,1,1,1,I-90,,1634,46.607,-112.983,0,31,0,0,1,1,0,5,2,1,0,1,0,0,0,29,0,59,1,36,0,0,0,1,0,0
30,300154,1,1,0,0,0,1,1,89,0,7,11,2016,2,0,14,0,1,4,1,3,SR-56,,26,48.061,-115.824,0,42,0,0,1,1,0,4,2,10,0,10,0,0,0,10,0,33,88,88,0,0,0,1,1,2
30,300155,2,2,0,0,0,3,3,63,0,29,10,2016,7,16,32,0,1,3,1,2,US-10,,0,46.913,-114.067,0,12,2,0,1,1,0,1,1,10,0,10,0,0,16,33,16,39,88,88,0,0,0,3,1,0
30,300159,3,3,0,0,0,7,7,29,0,12,11,2016,7,18,16,1,1,3,1,2,US-2,,1050,48.101,-114.566,0,12,1,0,1,1,0,1,2,10,0,10,0,0,18,17,18,33,19,23,0,0,0,3,1,0