STATE,ST_CASE,VE_TOTAL,VE_FORMS,PVH_INVL,PEDS,PERNOTMVIT,PERMVIT,PERSONS,COUNTY,CITY,DAY,MONTH,YEAR,DAY_WEEK,HOUR,MINUTE,NHS,RUR_URB,FUNC_SYS,RD_OWNER,ROUTE,TWAY_ID,TWAY_ID2,MILEPT,LATITUDE,LONGITUD,SP_JUR,HARM_EV,MAN_COLL,RELJCT1,RELJCT2,TYP_INT,WRK_ZONE,REL_ROAD,LGT_COND,WEATHER1,WEATHER2,WEATHER,SCH_BUS,RAIL,NOT_HOUR,NOT_MIN,ARR_HOUR,ARR_MIN,HOSP_HR,HOSP_MN,CF1,CF2,CF3,FATALS,DRUNK_DR,RANK
30,300161,1,1,0,0,0,1,1,23,0,15,11,2016,3,0,10,1,1,1,1,1,I-90 W,,2090,46.078,-112.787,0,1,0,0,1,1,0,3,2,1,0,1,0,0,0,19,0,32,88,88,0,0,0,1,0,0
30,300162,2,2,0,0,0,2,2,83,0,15,11,2016,3,17,8,0,1,3,1,3,SR-16,CR-110,353,47.591,-104.248,0,12,2,0,3,2,0,1,2,1,0,1,0,0,17,11,17,19,17,40,0,0,0,1,1,2
30,300164,1,1,0,0,0,1,1,13,0,13,11,2016,1,22,12,1,1,3,1,2,US-87,,138,47.672,-111.17,0,1,0,0,1,1,0,4,2,1,0,1,0,0,22,47,23,2,23,33,0,0,0,1,1,1
30,300166,1,1,0,0,0,2,2,61,0,26,11,2016,7,3,8,1,1,1,1,1,I-90 W,,628,47.016,-114.734,0,1,0,0,1,1,0,1,2,1,0,1,0,0,3,14,3,39,4,37,0,0,0,1,0,0
30,300167,1,1,0,0,0,1,1,69,0,10,12,2016,7,1,30,1,1,3,1,3,SR-200,,1533,47.001,-107.991,0,1,0,0,1,1,0,4,2,10,0,10,0,0,88,88,88,88,88,88,0,0,0,1,1,1
30,300168,1,1,0,0,0,3,3,35,0,11,12,2016,1,0,52,1,1,3,1,2,US-2,,2146,48.487,-113.132,3,31,0,0,1,1,0,4,2,4,0,4,0,0,0,56,1,7,99,99,0,0,0,1,1,0
30,300169,1,1,0,1,1,4,4,89,0,23,12,2016,6,21,20,0,1,3,1,3,SR-200,,800,47.415,-114.832,0,8,0,0,1,1,0,1,2,10,0,10,0,0,21,26,21,33,21,46,19,0,0,1,0,1
30,300170,2,2,0,0,0,2,2,47,0,23,12,2016,6,15,54,1,1,3,1,2,US-93,,402,47.431,-114.097,3,12,2,0,1,1,0,1,1,4,0,4,0,0,15,53,16,1,16,41,0,0,0,1,0,0
30,300171,2,2,0,0,0,3,3,63,0,29,12,2016,5,15,0,1,1,3,1,2,US-93,,774,46.67,-114.076,0,12,2,0,1,1,0,1,1,1,0,1,0,0,15,2,15,12,88,88,0,0,0,3,0,0
31,310002,1,1,0,0,0,1,1,87,0,8,1,2016,6,7,55,1,1,3,1,2,US-34,,450,40.129,-101.287,0,32,0,0,1,1,0,4,2,10,0,10,0,0,7,59,8,12,8,45,0,0,0,1,0,0
31,310003,2,2,0,0,0,2,2,37,0,12,1,2016,3,7,11,1,1,3,1,2,US-30,,4040,41.467,-96.924,0,11,0,0,1,1,0,1,2,8,0,8,0,0,7,14,7,32,8,11,0,0,0,1,0,0
31,310009,2,2,0,0,0,4,4,79,0,21,1,2016,5,5,30,1,1,3,1,3,SR-2,,3483,40.98,-98.521,0,12,2,0,1,1,0,1,3,4,0,4,0,0,5,37,5,54,6,28,0,0,0,1,0,2
31,310011,2,2,0,0,0,3,3,155,0,24,1,2016,1,9,57,1,1,3,1,2,US-77,SR-92,923,41.206,-96.636,0,12,6,0,2,2,0,1,1,1,0,1,0,0,9,59,10,5,10,15,0,0,0,2,0,0
31,310012,2,2,0,0,0,2,2,139,0,29,1,2016,6,12,55,1,1,3,1,2,US-81,,1792,42.358,-97.426,0,12,6,0,8,1,0,1,1,1,0,1,0,0,88,88,88,88,88,88,0,0,0,1,0,0
31,310014,1,1,0,0,0,1,1,173,0,2,2,2016,3,99,99,0,1,4,1,2,US-75,,1570,42.096,-96.332,0,1,0,0,1,1,0,4,2,10,0,10,0,0,88,88,88,88,88,88,0,0,0,1,1,0
31,310019,2,2,0,0,0,2,2,153,0,24,2,2016,4,2,50,1,2,3,1,2,US-75,,845,41.18,-95.939,0,12,2,0,1,1,0,1,2,1,0,1,0,0,88,88,88,88,88,88,0,0,0,1,0,0
31,310022,1,1,0,0,0,1,1,47,0,5,3,2016,7,11,15,1,1,1,1,1,I-80,,2160,40.882,-100.081,0,1,0,0,1,1,0,4,1,1,0,1,0,0,88,88,88,88,88,88,0,0,0,1,0,0
31,310026,1,1,0,1,1,1,1,173,0,20,3,2016,1,9,25,0,1,5,1,3,SR-94,,150,42.148,-96.445,3,8,0,0,1,1,4,1,1,1,0,1,0,0,88,88,88,88,88,88,0,0,0,1,0,2
31,310030,2,2,0,0,0,3,3,157,0,21,3,2016,2,20,30,1,1,3,1,2,US-26,CR-12,110,41.956,-103.852,0,12,6,0,2,2,0,1,2,1,0,1,0,0,88,88,88,88,88,88,0,0,0,2,0,0
31,310032,1,1,0,0,0,1,1,19,0,30,3,2016,4,14,26,1,1,1,1,1,I-80,,2820,40.685,-98.957,0,38,0,0,1,1,0,4,1,1,0,1,0,0,14,28,14,35,14,57,0,0,0,1,0,0
31,310033,2,2,0,0,0,2,2,79,0,31,3,2016,5,8,32,0,1,4,1,3,SR-11,CR-AIRPORT ROAD,198,40.96,-98.608,0,12,6,0,2,2,0,1,1,1,0,1,0,0,8,36,8,48,88,88,0,0,0,1,0,2
31,310036,2,2,0,0,0,2,2,19,0,6,4,2016,4,14,48,1,1,3,1,2,US-30,,2698,40.698,-99.144,1,12,1,0,1,1,0,2,1,1,0,1,0,0,14,48,14,53,15,10,0,0,0,1,0,0
31,310040,3,3,0,0,0,3,3,149,0,8,4,2016,6,12,30,1,1,3,1,2,US-20,CR-411 RD,2530,42.551,-99.66,0,12,1,0,3,3,0,1,1,1,0,1,0,0,99,99,99,99,99,99,0,0,0,1,0,0
31,310041,2,2,0,0,0,3,3,141,0,14,4,2016,5,13,25,1,1,3,1,2,US-81,SR-91,1340,41.7,-97.464,0,12,6,0,2,2,0,1,1,1,0,1,0,0,13,25,13,30,14,2,3,0,0,1,0,0
31,310043,3,3,0,0,0,3,3,79,0,17,4,2016,1,22,12,1,1,3,1,2,US-30,,3100,40.887,-98.429,0,12,2,0,1,1,0,1,2,2,0,2,0,0,22,15,22,22,22,39,0,0,0,1,1,0
31,310046,2,2,0,0,0,2,2,97,0,17,4,2016,1,22,53,0,1,4,1,3,SR-50,,334,40.39,-96.18,0,12,2,0,1,1,0,1,2,2,0,2,0,0,88,88,88,88,88,88,0,0,0,1,1,0
31,310048,2,2,0,0,0,3,3,157,3250,22,4,2016,6,17,30,1,1,3,1,2,US-26,22ND AVE,134,41.943,-103.818,0,12,2,0,2,2,0,1,1,1,0,1,0,0,17,28,17,38,18,0,0,0,0,1,0,0
31,310052,2,2,0,0,0,3,3,49,0,1,5,2016,1,1,25,1,1,1,1,1,I-80,,1010,41.07,-101.958,0,12,1,0,1,1,1,1,2,2,0,2,0,0,1,36,1,45,2,7,0,0,0,1,0,0
31,310055,2,2,0,0,0,5,5,47,0,9,5,2016,2,8,34,0,1,4,1,2,US-30,,2430,40.757,-99.653,0,12,6,0,1,1,0,1,1,1,0,1,0,0,8,36,8,46,9,2,0,0,0,1,0,0
31,310062,1,1,0,1,1,1,1,175,0,24,5,2016,3,19,17,0,1,4,1,3,SR-11,,800,41.635,-98.959,0,9,0,0,1,1,0,1,1,1,0,1,0,0,99,99,99,99,99,99,0,0,0,1,0,2
31,310063,1,1,0,0,0,3,3,31,0,29,5,2016,1,9,0,0,1,4,1,3,SR-61,,2290,42.964,-101.703,0,1,0,0,1,1,0,4,1,1,0,1,0,0,99,99,99,99,99,99,0,0,0,1,0,2
31,310064,2,2,0,0,0,2,2,119,3480,28,5,2016,7,12,50,1,2,3,1,2,US-81,PROSPECT AVE,1580,42.036,-97.426,0,12,6,0,2,2,0,1,1,10,0,10,0,0,12,54,12,56,13,21,0,0,0,1,0,0
31,310067,2,2,0,0,0,3,3,53,0,12,3,2016,7,20,13,0,1,5,1,3,SR-79,,480,41.528,-96.781,0,12,6,0,8,1,0,1,2,5,0,5,0,0,20,18,20,28,21,13,0,0,0,1,0,1
31,310068,1,1,0,0,0,1,1,21,0,3,6,2016,6,99,99,1,1,3,1,2,US-77,,1520,41.981,-96.463,0,42,0,0,1,1,4,4,2,1,0,1,0,0,88,88,88,88,88,88,0,0,0,1,0,0
31,310069,1,1,0,0,0,1,1,15,0,4,6,2016,7,99,99,0,1,4,1,3,SR-12,,1400,42.831,-98.389,0,31,0,0,1,1,0,4,1,1,0,1,0,0,99,99,99,99,99,99,0,0,0,1,0,2
31,310070,1,1,0,0,0,1,1,165,0,4,6,2016,7,11,16,0,1,5,1,3,SR-29,CR-EVERGREEN ROAD,590,42.594,-103.834,0,34,0,0,3,4,0,4,1,1,0,1,0,0,99,99,99,99,99,99,0,0,0,1,0,2
31,310072,3,3,0,0,0,3,3,99,0,8,6,2016,4,7,0,1,1,3,1,2,US-6,CR-COUNTY ROAD 28,1770,40.492,-99.028,0,12,1,0,3,2,0,1,1,1,0,1,0,0,88,88,88,88,88,88,0,0,0,1,0,0
31,310073,2,2,0,0,0,2,2,1,0,8,6,2016,4,20,50,1,1,2,1,2,US-34,,2160,40.668,-98.382,0,12,6,0,1,1,0,1,5,1,0,1,0,0,20,52,20,57,21,22,0,0,0,1,0,0
31,310074,2,2,0,0,0,3,3,111,0,8,6,2016,4,19,29,1,1,3,1,3,SR-83,,760,41.036,-100.754,0,12,2,0,1,1,0,1,1,1,0,1,0,0,19,29,19,37,20,5,0,0,0,3,2,2
31,310075,1,1,0,0,0,4,4,43,0,9,6,2016,5,99,99,1,1,3,1,2,US-20,,4210,42.454,-96.593,0,32,0,0,1,1,0,4,2,1,0,1,0,0,99,99,99,99,99,99,0,0,0,3,0,0
31,310078,2,2,0,0,0,2,2,109,0,12,6,2016,1,12,0,1,1,1,1,1,I-80,,3890,40.821,-96.935,0,12,6,0,1,1,0,1,1,1,0,1,0,0,10,28,10,41,11,7,0,0,0,1,1,0
31,310079,2,2,0,0,0,4,4,27,0,12,6,2016,1,17,17,1,1,3,1,2,US-81,,2090,42.781,-97.407,0,12,6,0,1,1,0,1,1,1,0,1,0,0,99,99,99,99,99,99,0,0,0,1,0,0
31,310080,1,1,0,0,0,4,4,111,0,13,6,2016,2,12,25,1,1,3,1,2,US-83,,590,40.792,-100.754,0,1,0,0,1,1,4,4,1,10,0,10,0,0,12,31,12,53,13,36,0,0,0,1,0,0
31,310081,2,2,0,0,0,2,2,55,3620,14,6,2016,3,20,53,1,2,3,1,2,US-75,CRAIG AVE,955,41.33,-95.959,0,12,6,0,2,2,0,1,5,1,0,1,0,0,88,88,88,88,88,88,0,0,0,1,1,0
31,310082,1,1,0,1,1,1,1,153,0,15,6,2016,4,2,41,1,1,2,1,2,US-75,,832,41.16,-95.939,0,8,0,0,1,1,0,1,2,1,0,1,0,0,88,88,88,88,88,88,0,0,0,1,0,0
31,310088,2,2,0,0,0,3,3,119,0,26,6,2016,1,0,8,1,1,3,1,2,US-81,,1590,42.07,-97.427,0,12,2,0,1,1,0,1,2,1,0,1,0,0,0,9,0,15,99,99,0,0,0,2,1,0
31,310090,1,1,0,0,0,1,1,105,0,5,7,2016,3,9,49,1,1,2,1,3,SR-71,,210,41.337,-103.664,0,34,0,0,1,1,4,4,1,1,0,1,0,0,88,88,88,88,88,88,0,0,0,1,0,2
31,310091,2,2,0,0,0,4,4,157,0,5,7,2016,3,17,10,1,1,3,1,2,US-26,SR-L79E,320,41.815,-103.52,0,12,6,0,2,2,0,1,1,1,0,1,0,0,17,13,17,17,17,42,0,0,0,1,0,0
31,310093,2,2,0,0,0,3,3,155,3300,10,7,2016,1,18,50,0,1,5,1,3,SR-79,LINWWOD RD,410,41.433,-96.771,0,12,6,0,2,2,0,1,1,1,0,1,0,0,99,99,99,99,99,99,0,0,0,2,0,1
31,310094,1,1,0,0,0,2,2,19,0,12,7,2016,3,9,5,1,1,1,1,1,I-80,,2820,40.691,-98.902,0,1,0,0,1,1,0,1,1,1,0,1,0,0,9,7,9,18,9,50,0,0,0,1,0,0
31,310095,1,1,0,0,0,1,1,127,0,16,7,2016,7,17,35,1,1,3,1,2,US-75,,250,40.351,-95.838,0,38,0,0,1,1,0,4,1,1,0,1,0,0,17,40,17,49,18,16,0,0,0,1,0,0
31,310099,3,3,0,0,0,5,5,27,0,7,5,2016,7,10,0,1,1,3,1,2,US-81,,2130,42.838,-97.401,0,12,2,0,1,1,0,1,1,2,10,2,0,0,99,99,99,99,99,99,0,0,0,2,0,0
31,310101,2,2,0,0,0,2,2,55,3620,22,7,2016,6,9,0,0,2,3,1,3,SR-64,N 171ST ST,657,41.292,-96.182,0,12,6,0,2,2,0,1,1,10,0,10,0,0,88,88,88,88,88,88,0,0,0,1,0,2
31,310102,1,1,0,0,0,1,1,47,0,22,7,2016,6,99,99,0,1,4,1,2,US-30,,2102,40.949,-100.215,0,35,0,0,1,1,0,4,1,1,0,1,0,0,88,88,88,88,88,88,0,0,0,1,1,0
31,310103,1,1,0,0,0,1,1,55,3620,25,7,2016,2,2,18,1,2,1,1,1,I-80,,4537,41.227,-95.955,0,24,0,1,5,1,0,4,3,10,0,10,0,0,88,88,88,88,88,88,0,0,0,1,1,0
31,310104,2,2,0,0,0,3,3,111,0,24,7,2016,1,18,46,1,1,1,1,1,I-80,,1920,41.06,-100.559,0,12,9,0,1,1,0,1,1,1,0,1,0,0,18,50,18,57,19,33,0,0,0,1,0,0
31,310107,5,5,0,0,0,8,8,111,0,25,6,2016,7,13,50,1,1,1,1,1,I-80,,1740,41.114,-100.822,0,12,6,0,1,1,0,1,1,1,0,1,0,0,13,56,14,6,14,29,0,0,0,1,0,0
31,310110,1,1,0,0,0,1,1,31,0,6,8,2016,7,99,99,0,1,4,1,3,SR-61,,1870,42.44,-101.73,0,1,0,0,1,1,0,4,2,1,0,1,0,0,88,88,88,88,88,88,0,0,0,1,1,2
31,310112,1,1,0,0,0,1,1,33,0,4,8,2016,5,18,2,1,1,1,1,1,I-80,,660,41.113,-102.813,0,1,0,0,1,1,0,1,1,1,0,1,0,0,88,88,88,88,88,88,0,0,0,1,0,0
31,310114,1,1,0,0,0,1,1,153,0,7,8,2016,1,11,10,1,1,1,1,1,I-80,,4360,41.121,-96.209,0,1,0,0,1,1,0,3,1,10,0,10,0,0,11,11,11,25,99,99,0,0,0,1,0,0
31,310116,2,2,0,0,0,3,3,55,0,9,8,2016,3,17,41,1,1,3,1,3,SR-92,CR-264 STREET,4644,41.234,-96.33,0,12,9,0,2,2,0,1,1,1,0,1,0,0,17,45,17,56,99,99,0,0,0,1,0,2
31,310117,1,1,0,0,0,4,4,157,3250,20,8,2016,7,4,0,1,1,3,1,2,US-26,,134,41.943,-103.819,0,30,0,0,1,1,0,4,3,1,0,1,0,0,99,99,99,99,99,99,0,0,0,1,1,0
31,310118,2,2,0,0,0,2,2,21,0,20,8,2016,7,11,40,1,1,3,1,2,US-77,CR-DIAMOND ST,1490,41.933,-96.463,0,12,2,0,2,2,0,1,1,1,0,1,0,0,11,42,11,48,12,6,0,0,0,1,0,0
31,310122,1,1,0,0,0,3,3,19,0,25,8,2016,5,13,19,1,1,1,1,1,I-80,,2857,40.702,-98.846,0,1,0,0,1,1,0,3,1,1,0,1,0,0,13,24,13,39,14,6,0,0,0,1,0,0
31,310123,2,2,0,0,0,3,3,109,2830,25,8,2016,5,8,15,0,2,3,1,2,US-6,SW 40TH ST,3100,40.814,-96.778,0,12,6,0,2,2,0,1,1,10,0,10,0,0,8,16,8,24,8,48,0,0,0,1,0,0
31,310125,3,3,0,0,0,3,3,83,0,12,7,2016,3,14,51,1,1,3,1,2,US-183,,120,40.173,-99.368,0,12,2,0,1,1,0,2,1,1,0,1,0,0,14,51,15,3,15,17,0,0,0,1,0,0
31,310127,2,2,0,0,0,3,3,127,0,29,8,2016,2,14,30,1,1,3,1,2,US-75,,330,40.47,-95.839,0,12,2,0,1,1,0,1,1,1,0,1,0,0,14,32,14,47,15,12,0,0,0,1,0,0
31,310128,2,2,0,0,0,3,3,55,3620,31,8,2016,4,0,22,1,2,3,1,2,US-6,78TH ST,3674,41.26,-96.035,0,12,6,0,2,2,0,1,3,10,0,10,0,0,0,23,0,25,0,38,0,0,0,1,1,0
31,310129,1,1,0,0,0,2,2,55,3620,1,9,2016,5,5,55,1,2,1,1,1,I-80,,4510,41.223,-95.998,0,30,0,0,1,1,0,4,3,1,0,1,0,0,5,56,6,1,99,99,0,0,0,1,0,0
31,310131,2,2,0,0,0,3,3,47,0,2,9,2016,6,11,22,0,1,4,1,3,SR-21,CR-COUNTY ROAD 759,110,40.828,-99.995,0,12,6,0,2,2,0,1,1,1,0,1,0,0,11,23,11,29,11,43,0,0,0,1,0,2
31,310132,2,2,0,0,0,3,3,185,0,2,9,2016,6,14,6,1,1,3,1,2,US-81,US-34,2719,40.886,-97.616,0,12,6,0,2,2,0,1,1,1,0,1,0,0,14,10,14,14,14,29,0,0,0,2,0,0
31,310135,1,1,0,1,1,1,1,1,2280,7,9,2016,4,15,18,1,2,3,1,2,US-34,W 7TH ST,2101,40.59,-98.392,0,8,0,0,2,2,0,1,1,1,0,1,0,0,15,20,15,22,15,28,0,0,0,1,0,0
31,310138,1,1,0,0,0,2,2,119,0,22,9,2016,5,20,29,1,1,3,1,2,US-81,,1420,41.821,-97.447,0,42,0,0,1,1,0,4,2,1,0,1,0,0,20,30,20,38,88,88,0,0,0,1,0,0
31,310139,2,2,0,0,0,3,3,169,0,10,9,2016,7,18,24,1,1,3,1,2,US-81,CR-DOVE RD,140,40.176,-97.574,0,12,6,0,2,2,0,1,1,1,0,1,0,0,18,26,18,34,18,48,0,0,0,1,0,0
31,310141,5,5,0,0,0,12,12,101,0,31,7,2016,1,11,29,1,1,1,1,1,I-80,,1130,41.069,-101.963,0,12,1,0,1,1,4,1,1,1,0,1,0,0,11,30,11,42,12,14,0,0,0,6,0,1
31,310142,3,3,0,0,0,5,5,111,0,21,8,2016,1,18,24,1,1,1,1,1,I-80,,1662,41.136,-100.969,0,12,6,0,1,1,0,1,1,1,0,1,0,0,88,88,88,88,88,88,0,0,0,3,0,1
31,310144,3,3,0,0,0,3,3,43,0,23,8,2016,3,12,27,0,1,4,1,3,SR-35,,500,42.293,-96.698,0,12,6,0,1,1,0,1,1,2,6,2,0,0,99,99,99,99,99,99,0,0,0,1,0,1
31,310146,2,2,0,0,0,2,2,163,0,13,9,2016,3,8,25,1,1,3,1,3,SR-2,,3150,41.119,-99.096,0,12,2,0,1,1,0,1,1,10,0,10,0,0,8,34,8,44,9,38,0,0,0,1,0,2
31,310147,2,2,0,0,0,4,4,47,0,19,9,2016,2,19,35,0,1,4,1,3,SR-21,CR-ROAD 751,40,40.715,-99.995,0,12,6,0,2,2,0,1,2,1,0,1,0,0,19,38,19,41,19,46,0,0,0,1,0,2
31,310149,2,2,0,0,0,2,2,25,0,30,9,2016,6,13,31,1,1,1,1,1,I-80,,4204,40.97,-96.389,0,12,6,0,7,1,0,1,1,1,0,1,0,0,99,99,99,99,99,99,0,0,0,1,0,0
31,310150,1,1,0,0,0,1,1,107,0,2,10,2016,1,99,99,0,1,4,1,3,SR-12,,1670,42.745,-97.929,3,42,0,0,1,1,0,4,2,1,0,1,0,0,88,88,88,88,88,88,0,0,0,1,1,2
31,310151,1,1,0,0,0,1,1,159,0,2,10,2016,1,16,15,1,1,1,1,1,I-80,,3656,40.821,-97.367,0,38,0,0,1,1,0,4,1,1,0,1,0,0,88,88,88,88,88,88,0,0,0,1,0,0
31,310152,2,2,0,0,0,5,5,161,0,3,10,2016,2,22,28,0,1,4,1,3,SR-27,,2250,42.849,-102.203,0,12,7,0,1,1,0,1,2,1,0,1,0,0,22,33,22,44,23,7,20,0,0,1,1,2
31,310154,1,1,0,0,0,1,1,29,0,7,10,2016,6,14,55,1,1,3,1,2,US-6,,270,40.537,-101.648,0,32,0,0,1,1,0,4,1,1,0,1,0,0,14,58,15,5,15,18,0,0,0,1,0,0
31,310155,2,2,0,0,0,2,2,55,3620,17,10,2016,2,2,36,1,2,1,1,1,I-80,,4455,41.224,-96.087,0,1,0,0,1,1,0,1,2,1,0,1,0,0,88,88,88,88,88,88,0,0,0,1,1,0
31,310157,2,2,0,0,0,3,3,37,0,20,10,2016,5,5,35,1,1,3,1,2,US-30,,3920,41.453,-97.166,0,12,6,0,1,1,0,1,2,1,0,1,0,0,5,41,5,54,6,21,0,0,0,1,0,0
31,310158,6,6,0,0,0,8,8,55,3620,25,8,2016,5,17,22,1,2,1,1,1,I-80,,4483,41.224,-96.038,0,12,1,0,1,1,0,1,1,1,0,1,0,0,17,26,17,32,17,58,0,0,0,1,0,0
31,310159,1,1,0,0,0,2,2,67,390,27,10,2016,5,11,57,1,2,3,1,2,US-77,BEAVER ST,211,40.248,-96.746,0,5,0,0,2,2,0,1,1,1,0,1,0,0,11,59,12,2,99,99,0,0,0,1,0,0
31,310160,2,2,0,0,0,2,2,111,3520,20,10,2016,5,9,19,1,2,3,1,2,US-83,STATE FARM ROAD,800,41.09,-100.766,0,12,6,0,2,2,0,1,1,1,0,1,0,0,9,21,9,28,9,44,0,0,0,1,0,0
31,310161,3,3,0,0,0,3,3,157,0,18,10,2016,3,16,57,1,1,3,1,2,US-26,,340,41.815,-103.46,0,12,1,0,1,1,4,1,1,1,0,1,0,0,16,57,17,3,99,99,0,0,0,1,0,0
31,310162,2,1,1,0,0,1,1,127,3400,23,10,2016,1,20,36,0,1,4,1,3,SR-67,,135,40.339,-95.672,0,31,0,0,1,1,0,4,6,1,0,1,0,0,88,88,88,88,88,88,0,0,0,1,1,2
31,310163,2,2,0,0,0,6,6,47,0,29,10,2016,7,16,50,1,1,1,1,1,I-80,,2370,40.743,-99.745,0,12,6,0,1,1,0,1,1,1,0,1,0,0,17,3,17,28,17,45,0,0,0,1,1,0
31,310165,1,1,0,0,0,1,1,17,0,5,11,2016,7,99,99,1,1,3,1,2,US-20,,2510,42.549,-99.686,0,1,0,0,1,1,0,4,2,1,0,1,0,0,88,88,88,88,88,88,0,0,0,1,1,0
31,310167,2,2,0,0,0,2,2,23,0,9,11,2016,4,11,9,1,1,3,1,2,US-81,,1090,41.394,-97.368,0,12,6,0,8,1,0,1,1,1,0,1,0,0,11,26,11,36,12,0,0,0,0,1,0,0
31,310168,2,2,0,0,0,2,2,31,0,9,11,2016,4,6,25,1,1,3,1,2,US-83,,1650,42.238,-100.534,0,12,2,0,1,1,0,2,2,1,0,1,0,0,88,88,88,88,88,88,0,0,0,1,0,0
31,310169,1,1,0,1,1,1,1,109,2830,12,11,2016,7,22,31,1,2,3,1,2,US-6,NW 20TH ST,3115,40.814,-96.749,0,8,0,0,2,2,0,1,3,1,0,1,0,0,88,88,88,88,88,88,0,0,0,1,0,0
31,310170,1,1,0,0,0,1,1,47,0,16,11,2016,4,99,99,1,1,1,1,1,I-80,,2180,40.873,-100.053,0,24,0,0,1,1,0,3,2,1,0,1,0,0,5,57,6,8,88,88,0,0,0,1,0,0
31,310172,2,2,0,0,0,2,2,19,0,17,11,2016,5,99,99,0,1,4,1,3,SR-10,CR-340TH,790,41.004,-99.083,0,12,6,0,2,2,0,1,2,10,0,10,0,0,18,15,18,19,99,99,0,0,0,1,0,2
31,310173,1,1,0,0,0,2,2,41,0,24,11,2016,5,16,2,0,1,4,1,2,US-183,,1090,41.566,-99.386,0,35,0,0,1,1,0,4,5,1,0,1,0,0,16,10,16,17,16,52,0,0,0,1,1,0
31,310174,2,2,0,0,0,2,2,3,0,2,12,2016,6,99,99,0,1,4,1,3,SR-14,CR-841 ROAD,1470,42.016,-98.085,0,12,6,0,2,2,0,1,1,1,0,1,0,0,9,40,9,42,10,0,0,0,0,1,0,2
31,310178,2,2,0,0,0,2,2,109,0,6,12,2016,3,6,5,1,1,3,1,2,US-77,CR-WAVERLY RD,730,40.929,-96.643,0,12,6,0,2,2,0,1,3,1,0,1,0,0,6,8,6,17,6,43,0,0,0,1,0,0
31,310182,1,1,0,0,0,1,1,99,0,14,12,2016,4,19,26,0,1,4,1,3,SR-44,,370,40.492,-99.085,0,35,0,0,1,1,0,4,2,1,0,1,0,0,99,99,99,99,99,99,20,0,0,1,1,2
31,310184,1,1,0,0,0,1,1,19,0,16,12,2016,6,99,99,0,1,4,1,3,SR-10,,483,40.697,-98.951,0,1,0,0,1,1,0,4,2,10,0,10,0,0,2,38,2,53,3,20,0,0,0,1,0,2
31,310185,1,1,0,0,0,2,2,47,0,16,12,2016,6,17,10,1,1,1,1,1,I-80,,2480,40.69,-99.548,0,1,0,0,1,1,0,3,2,3,0,3,0,0,99,99,99,99,99,99,0,0,0,1,0,0
31,310190,2,2,0,0,0,2,2,147,0,16,12,2016,6,13,31,1,1,3,1,2,US-75,SR-62,160,40.234,-95.841,0,12,6,0,2,2,0,1,1,3,0,3,0,0,88,88,88,88,88,88,0,0,0,1,0,0
31,310191,2,2,0,0,0,2,2,43,0,19,12,2016,2,17,47,1,1,2,1,2,US-77,,1820,42.4,-96.436,0,12,2,0,1,1,0,1,2,1,0,1,0,0,99,99,99,99,99,99,0,0,0,1,0,0
31,310193,2,2,0,0,0,3,3,119,0,21,12,2016,4,18,31,1,1,3,1,2,US-81,CR-827,420,41.823,-97.445,0,12,6,0,2,2,0,1,3,1,0,1,0,0,18,32,18,40,19,21,0,0,0,2,0,0
31,310194,2,2,0,0,0,4,4,67,0,29,12,2016,5,12,19,1,1,3,1,2,US-77,,99,40.139,-96.679,0,12,6,0,1,1,0,1,1,1,0,1,0,0,99,99,99,99,99,99,0,0,0,1,0,0
31,310195,4,4,0,0,0,6,6,19,0,23,9,2016,6,16,22,1,1,1,1,1,I-80,,2860,40.705,-98.837,0,12,6,0,1,1,0,1,1,1,0,1,0,0,99,99,16,27,17,10,0,0,0,3,1,1
32,320014,1,1,0,1,1,1,1,3,0,18,1,2016,2,9,45,1,1,1,1,1,I-15,,110,35.76,-115.343,0,8,0,0,1,1,0,1,1,10,0,10,0,0,99,99,99,99,88,88,0,0,0,1,0,1
32,320049,1,1,0,1,1,1,1,1,0,26,2,2016,6,21,43,1,1,3,1,2,US-95,,99998,39.49,-118.773,0,8,0,0,1,1,0,1,2,1,0,1,0,0,99,99,99,99,88,88,0,0,0,1,0,0
32,320056,3,3,0,0,0,4,4,7,0,20,4,2016,4,13,28,1,1,3,1,2,US-93,,191,40.28,-114.759,0,12,2,0,1,1,0,1,1,1,0,1,0,0,99,99,99,99,99,99,0,0,0,1,0,0
32,320077,2,2,0,0,0,3,3,3,0,9,1,2016,7,22,41,1,2,3,1,3,SR-582 BOULDER HWY,DESERT INN RD,99998,36.13,-115.084,0,12,6,0,2,2,0,1,3,10,0,10,0,0,22,42,22,45,22,59,0,0,0,2,0,2
32,320118,2,2,0,0,0,2,2,1,0,19,6,2016,1,8,20,1,1,3,1,2,US-50,GRIMES POINT,976,39.3,-118.481,0,12,6,0,2,3,0,1,1,1,0,1,0,0,8,22,8,34,9,14,0,0,0,1,0,2
32,320148,2,2,0,0,0,2,2,31,170,3,8,2016,4,13,56,1,2,1,1,1,I-80,,150,77.778,777.778,0,12,1,1,18,1,0,1,1,1,0,1,0,0,13,54,13,59,14,20,27,0,0,1,1,0
32,320168,2,2,0,0,0,3,3,31,0,7,9,2016,4,22,57,1,2,1,1,1,I-80,,60,39.512,-119.95,0,12,2,0,1,1,0,1,3,1,0,1,0,0,22,59,23,12,23,53,0,0,0,2,1,0