STATE,ST_CASE,VE_TOTAL,VE_FORMS,PVH_INVL,PEDS,PERNOTMVIT,PERMVIT,PERSONS,COUNTY,CITY,DAY,MONTH,YEAR,DAY_WEEK,HOUR,MINUTE,NHS,RUR_URB,FUNC_SYS,RD_OWNER,ROUTE,TWAY_ID,TWAY_ID2,MILEPT,LATITUDE,LONGITUD,SP_JUR,HARM_EV,MAN_COLL,RELJCT1,RELJCT2,TYP_INT,WRK_ZONE,REL_ROAD,LGT_COND,WEATHER1,WEATHER2,WEATHER,SCH_BUS,RAIL,NOT_HOUR,NOT_MIN,ARR_HOUR,ARR_MIN,HOSP_HR,HOSP_MN,CF1,CF2,CF3,FATALS,DRUNK_DR,RANK
32,320171,2,2,0,0,0,2,2,1,0,16,9,2016,6,15,18,1,1,3,1,2,US-50,,419,77.778,777.778,0,12,1,0,1,1,0,1,1,1,0,1,0,0,99,99,99,99,88,88,26,0,0,1,0,2
32,320177,1,1,0,0,0,1,1,3,0,2,8,2016,3,20,10,1,1,1,1,1,I-15,,672,36.416,-114.87,0,1,0,0,1,1,0,4,2,1,0,1,0,0,99,99,99,99,88,88,0,0,0,1,1,1
32,320251,1,1,0,0,0,1,1,31,0,11,10,2016,3,22,19,1,2,1,1,1,I-580,,230,39.506,-119.78,0,38,0,0,1,1,0,5,3,1,0,1,0,0,22,19,22,24,22,43,0,0,0,1,1,2
32,320257,2,1,1,0,0,1,1,3,120,24,10,2016,2,6,13,1,2,1,1,1,I-15,,410,36.165,-115.16,0,14,0,1,19,1,0,2,3,2,10,2,0,0,6,17,6,25,6,48,14,0,0,1,0,1
32,320269,2,2,0,0,0,3,3,3,0,2,10,2016,1,4,7,1,2,1,1,1,I-15,,360,36.07,-115.181,0,12,9,1,18,1,0,1,3,10,0,10,0,0,4,11,4,26,4,54,0,0,0,1,2,1
32,320301,1,1,0,1,1,4,4,3,0,20,12,2016,3,19,26,1,2,3,1,3,SR-582 BOULDER HWY,DESERT INN RD,99998,36.13,-115.084,0,8,0,0,3,2,0,1,3,1,0,1,0,0,19,24,19,25,19,41,0,0,0,1,0,2
33,330003,1,1,0,0,0,1,1,9,300,12,1,2016,3,7,23,1,2,1,1,1,I-93,,1280,44.337,-71.888,0,42,0,0,1,1,0,3,1,10,0,10,0,0,7,34,7,37,88,88,0,0,0,1,0,0
33,330005,1,1,0,0,0,1,1,1,3,16,1,2016,7,17,33,0,1,4,1,3,SR-11,,0,43.539,-71.294,0,42,0,0,1,1,0,4,2,10,0,10,0,0,17,33,17,49,18,26,0,0,0,1,1,2
33,330007,1,1,0,1,1,2,2,9,285,23,1,2016,7,17,45,0,1,5,1,3,SR-112,,0,44.047,-71.666,0,8,0,0,1,1,0,2,2,1,0,1,0,0,17,46,17,56,18,21,0,0,0,1,1,2
33,330008,1,1,0,0,0,1,1,15,448,10,1,2016,1,20,19,1,2,1,1,1,I-93,,0,42.76,-71.232,0,35,0,0,1,1,0,4,2,10,0,10,0,0,20,20,20,26,20,44,0,0,0,1,0,0
33,330011,1,1,0,1,1,2,2,5,141,22,1,2016,6,8,48,1,1,3,1,3,SR-12,,0,42.779,-72.137,0,8,0,0,1,1,3,1,1,1,0,1,0,0,8,48,8,58,88,88,0,0,0,1,0,2
33,330013,1,1,0,0,0,3,3,15,252,29,2,2016,2,22,5,0,1,6,1,3,SR-108,,0,42.946,-70.971,0,42,0,0,1,1,0,4,2,1,0,1,0,0,22,5,22,14,23,4,0,0,0,3,1,1
33,330016,1,1,0,0,0,2,2,7,125,17,3,2016,5,20,25,0,1,4,1,3,SR-16,,0,44.705,-71.172,0,42,0,0,1,1,0,4,2,10,0,10,0,0,20,25,20,43,21,32,0,0,0,1,1,2
33,330017,1,1,0,0,0,1,1,9,10,23,3,2016,4,5,29,1,1,1,1,1,I-93,,700,43.733,-71.659,0,24,0,0,1,1,0,4,4,1,0,1,0,0,5,29,5,52,6,19,0,0,0,1,0,0
33,330018,1,1,0,0,0,1,1,17,29,21,3,2016,2,11,42,0,1,3,1,3,SR-125,,0,43.182,-71,0,42,0,0,1,1,0,4,1,1,0,1,0,0,11,42,11,59,12,11,0,0,0,1,0,2
33,330021,1,1,0,0,0,1,1,11,509,29,3,2016,3,14,51,0,1,5,1,3,SR-114,RESERVIOR ROAD,0,43.111,-71.752,0,16,0,0,3,4,0,1,1,2,6,2,0,0,14,51,14,55,88,88,0,0,0,1,0,2
33,330022,1,1,0,0,0,1,1,15,32,3,4,2016,1,8,23,1,2,3,1,3,SR-101,,1062,43.038,-71.31,0,35,0,0,1,1,0,4,1,4,0,4,0,0,8,23,8,30,88,88,0,0,0,1,0,2
33,330025,1,1,0,0,0,1,1,13,49,6,3,2016,1,11,15,0,2,3,1,3,SR-9,,0,43.242,-71.455,0,42,0,0,1,1,0,4,1,10,0,10,0,0,11,15,11,20,11,52,0,0,0,1,0,2
33,330026,2,2,0,0,0,2,2,15,32,8,4,2016,6,7,31,1,2,3,1,3,SR-101,,1088,43.039,-71.301,0,12,7,0,1,1,0,1,1,1,0,1,0,0,7,31,7,45,8,18,0,0,0,1,0,2
33,330029,3,3,0,0,0,3,3,11,31,17,4,2016,1,15,38,0,1,6,4,3,SR-130,CROSS ROAD,0,42.723,-71.656,0,12,6,0,2,4,0,1,1,1,0,1,0,0,15,38,15,50,88,88,0,0,0,1,1,2
33,330030,1,1,0,0,0,2,2,17,440,15,4,2016,6,20,36,1,2,3,1,3,SR-16,,0,43.323,-70.991,0,24,0,0,1,1,0,3,2,1,0,1,0,0,20,36,20,51,21,22,0,0,0,1,1,2
33,330033,2,2,0,0,0,5,5,19,50,23,4,2016,7,13,28,0,2,4,1,3,SR-103,,0,43.376,-72.334,0,35,0,0,1,1,0,4,1,1,0,1,0,0,13,28,13,32,13,47,0,0,0,1,0,2
33,330035,2,2,0,0,0,3,3,11,340,3,5,2016,3,10,38,1,2,3,1,3,SR-101,,0,42.83,-71.676,0,12,2,0,1,1,0,1,1,10,0,10,0,0,10,38,10,44,11,15,0,0,0,1,0,2
33,330036,1,1,0,0,0,2,2,17,342,25,4,2016,2,11,30,0,2,4,1,3,SR-125,,0,43.466,-70.991,0,42,0,0,1,1,0,4,1,1,0,1,0,0,11,22,11,26,12,13,0,0,0,1,0,2
33,330038,1,1,0,0,0,3,3,15,551,8,5,2016,1,0,13,1,2,1,1,1,I-93,,0,42.801,-71.268,0,24,0,0,1,1,0,4,2,1,0,1,0,0,0,13,0,24,0,47,0,0,0,1,1,0
33,330040,1,1,0,1,1,1,1,1,3,13,5,2016,6,21,37,0,1,4,1,3,SR-28,,0,43.418,-71.204,0,8,0,0,1,1,0,1,2,2,0,2,0,0,21,37,21,48,88,88,0,0,0,1,0,2
33,330043,1,1,0,0,0,1,1,13,41,28,5,2016,7,15,58,1,1,1,1,1,I-93,,452,43.336,-71.613,0,42,0,0,1,1,0,3,1,1,0,1,0,0,15,58,16,12,88,88,0,0,0,1,1,0
33,330044,1,1,0,0,0,3,3,5,485,26,5,2016,5,21,26,0,1,6,1,3,SR-32,,0,42.902,-72.265,0,1,0,0,1,1,0,4,2,1,0,1,0,0,21,26,21,47,21,53,0,0,0,2,0,2
33,330048,3,3,0,0,0,3,3,15,25,3,6,2016,6,16,39,1,2,3,1,3,SR-125,,0,42.99,-71.081,0,12,1,0,8,1,0,1,1,1,0,1,0,0,16,40,16,53,17,7,0,0,0,1,0,2
33,330049,1,1,0,0,0,1,1,15,370,5,6,2016,1,6,37,0,2,5,1,3,SR-108,,0,43.06,-70.94,0,42,0,0,1,1,0,4,1,1,0,1,0,0,6,37,6,43,88,88,0,0,0,1,0,1
33,330051,2,2,0,0,0,5,5,13,304,12,6,2016,1,11,1,1,1,3,1,3,SR-106,,0,43.262,-71.457,0,12,6,0,8,1,0,1,1,1,0,1,0,0,11,3,11,7,11,28,0,0,0,1,0,2
33,330053,1,1,0,0,0,1,1,17,440,18,6,2016,7,22,38,1,2,3,1,3,SR-16,,190,43.29,-70.988,0,24,0,0,1,1,0,3,2,1,0,1,0,0,22,38,22,51,88,88,0,0,0,1,1,2
33,330057,2,2,0,0,0,2,2,15,82,22,6,2016,4,11,30,0,1,5,1,3,SR-107,,0,43.114,-71.241,0,12,2,0,1,1,0,1,1,10,0,10,0,0,11,31,11,44,12,7,0,0,0,1,0,2
33,330059,1,1,0,0,0,1,1,11,357,6,7,2016,4,14,59,0,1,5,1,3,SR-123,,0,42.759,-71.824,0,35,0,0,1,1,0,4,1,1,0,1,0,0,14,59,15,4,15,32,0,0,0,1,0,2
33,330061,2,2,0,0,0,3,3,5,473,17,7,2016,1,6,0,1,1,3,1,3,SR-9,,336,43.055,-72.078,0,12,2,0,1,1,0,1,1,2,0,2,0,0,6,2,6,14,6,37,0,0,0,1,1,2
33,330062,1,1,0,0,0,1,1,15,255,17,7,2016,1,9,35,1,2,3,1,3,SR-111,,354,42.909,-71.085,0,42,0,0,1,1,0,4,1,1,0,1,0,0,9,37,9,49,10,10,0,0,0,1,0,1
33,330063,1,1,0,0,0,1,1,11,310,20,7,2016,4,13,55,1,2,1,1,1,I-93,,198,42.981,-71.415,0,1,0,0,1,1,0,4,1,1,0,1,0,0,13,59,14,12,88,88,0,0,0,1,0,0
33,330065,1,1,0,0,0,2,2,15,448,25,7,2016,2,4,43,1,2,1,1,1,I-93,,6,42.748,-71.215,0,42,0,0,1,1,0,4,4,1,0,1,0,0,4,44,4,53,5,39,0,0,0,1,0,0
33,330067,2,2,0,0,0,3,3,19,40,27,7,2016,4,14,30,0,1,6,1,3,SR-12,,0,43.208,-72.43,0,12,7,0,8,1,0,1,1,1,0,1,0,0,14,35,14,50,15,12,0,0,0,1,0,2
33,330069,1,1,0,0,0,1,1,13,70,28,7,2016,5,11,58,1,2,1,1,1,I-93,,432,43.214,-71.534,0,24,0,0,1,1,0,4,1,1,0,1,0,0,12,0,12,9,88,88,0,0,0,1,1,0
33,330072,2,2,0,0,0,3,3,13,41,29,7,2016,6,15,54,1,1,1,1,1,I-93,,474,43.336,-71.612,0,12,1,0,1,1,1,1,1,2,0,2,0,0,15,54,16,6,16,31,0,0,0,1,0,0
33,330073,2,2,0,0,0,2,2,11,18,30,7,2016,7,15,36,1,2,3,1,3,SR-101,MEETINGHOUSE ROAD,0,42.946,-71.513,0,12,6,0,2,2,0,1,1,1,0,1,0,0,15,36,15,40,16,34,0,0,0,1,0,2
33,330076,1,1,0,0,0,1,1,3,214,4,8,2016,5,16,46,1,1,3,1,3,SR-302,,438,44.076,-71.337,0,17,0,0,1,1,0,4,1,1,0,1,0,0,16,46,17,5,17,55,0,0,0,1,0,2
33,330077,1,1,0,0,0,1,1,3,464,8,8,2016,2,22,44,0,1,6,1,3,SR-113,,0,43.836,-71.355,0,42,0,0,1,1,0,4,2,1,0,1,0,0,22,44,22,55,88,88,20,0,0,1,0,1
33,330079,1,1,0,0,0,3,3,13,41,19,8,2016,6,17,11,1,1,1,1,1,I-93,,454,43.342,-71.614,0,42,0,0,1,1,0,3,1,1,0,1,0,0,17,12,17,23,18,14,0,0,0,1,0,0
33,330080,2,2,0,0,0,2,2,11,31,20,8,2016,7,19,47,0,1,4,1,3,SR-13,,0,42.746,-71.667,0,12,2,0,1,1,0,1,5,1,0,1,0,0,19,47,19,57,20,43,0,0,0,1,1,2
33,330083,2,2,0,0,0,3,3,5,550,1,9,2016,5,17,25,0,1,4,1,3,SR-10,,22,42.741,-72.4,0,12,2,0,1,1,0,1,1,1,0,1,0,0,17,30,17,41,18,7,0,0,0,1,0,2
33,330085,1,1,0,0,0,2,2,17,440,5,9,2016,2,16,18,0,2,4,1,3,SR-125,,0,43.266,-70.979,0,24,0,0,1,1,0,4,1,1,0,1,0,0,16,18,16,26,16,52,0,0,0,1,0,2
33,330088,3,3,0,0,0,4,4,3,395,13,9,2016,3,16,0,1,1,3,3,3,SR-16,,0,43.744,-71.13,0,12,2,0,1,1,0,1,1,1,0,1,0,0,16,8,16,12,16,44,0,0,0,1,0,2
33,330090,1,1,0,0,0,1,1,15,305,18,9,2016,1,19,51,0,2,4,1,3,SR-28,,0,42.916,-71.398,0,30,0,0,1,1,0,4,3,1,0,1,0,0,19,51,20,10,88,88,0,0,0,1,1,2
33,330091,1,1,0,1,1,1,1,19,40,19,9,2016,2,16,0,0,1,4,1,3,SR-12,SR-12A,0,43.297,-72.389,0,9,0,0,3,3,0,1,1,1,0,1,0,0,16,3,16,20,16,45,0,0,0,1,0,2
33,330094,1,1,0,0,0,1,1,5,522,24,9,2016,7,19,48,0,1,4,1,3,SR-12,,0,42.992,-72.418,0,35,0,0,1,1,0,4,2,1,0,1,0,0,19,49,20,2,88,88,0,0,0,1,1,2
33,330098,1,1,0,0,0,1,1,3,487,8,10,2016,7,7,20,0,1,3,1,3,SR-16,,624,43.858,-71.207,0,35,0,0,1,1,0,4,4,1,0,1,0,0,7,20,7,32,88,88,0,0,0,1,0,2
33,330100,4,4,0,0,0,5,5,13,218,9,10,2016,1,18,1,1,1,3,1,2,US-202,,386,43.191,-71.814,0,12,2,0,1,1,0,1,1,1,0,1,0,0,18,3,18,14,18,50,20,14,0,1,1,0
33,330101,1,1,0,0,0,1,1,5,473,10,10,2016,2,2,50,1,1,3,1,3,SR-9,,0,43.037,-72.081,0,42,0,0,1,1,0,4,2,1,0,1,0,0,2,52,3,4,88,88,0,0,0,1,1,2
33,330102,5,5,0,0,0,6,6,11,310,10,10,2016,2,18,31,1,2,1,1,1,I-93,,0,42.948,-71.397,0,12,1,0,1,1,0,1,3,1,0,1,0,0,18,32,18,47,19,19,0,0,0,1,0,0
33,330103,1,1,0,0,0,1,1,11,310,19,10,2016,4,10,33,1,2,1,1,1,I-93,,0,42.968,-71.414,0,24,0,0,1,1,0,3,1,1,0,1,0,0,10,34,10,47,11,4,0,0,0,1,0,0
33,330104,1,1,0,0,0,1,1,7,125,21,10,2016,6,15,29,0,1,4,1,3,SR-26,,0,44.865,-71.331,0,24,0,0,1,1,0,4,1,1,0,1,0,0,15,31,15,49,88,88,0,0,0,1,0,1
33,330106,1,1,0,0,0,1,1,1,154,27,10,2016,5,13,3,0,1,3,1,3,SR-11,,0,43.567,-71.435,0,35,0,0,1,1,0,4,1,10,0,10,0,0,13,3,13,10,13,27,13,20,0,1,0,2
33,330109,3,3,0,0,0,4,4,15,448,1,11,2016,3,16,39,1,2,3,1,3,SR-111,ERMER ROAD,0,42.847,-71.223,0,12,6,0,2,2,0,1,1,1,0,1,0,0,16,39,17,5,17,15,0,0,0,1,0,1
33,330110,1,1,0,0,0,1,1,11,357,1,11,2016,3,17,30,0,1,7,3,3,SR-123,SR-124,0,42.781,-71.905,0,35,0,0,3,4,0,4,1,1,0,1,0,0,17,30,17,41,88,88,0,0,0,1,0,2
33,330111,2,2,0,0,0,4,4,3,395,6,11,2016,1,9,43,0,1,4,1,3,SR-28,SR-171,0,43.687,-71.121,0,12,6,0,2,2,0,1,1,10,0,10,0,0,9,43,9,57,88,88,0,0,0,2,0,2
33,330113,1,1,0,0,0,1,1,9,489,9,11,2016,4,6,50,1,1,1,1,1,I-93,,888,43.872,-71.672,0,35,0,0,1,1,0,3,1,1,0,1,0,0,6,55,7,7,7,22,0,0,0,1,0,0
33,330116,1,1,0,0,0,1,1,17,90,21,11,2016,2,4,18,1,2,3,1,3,SR-16,,0,43.181,-70.877,0,24,0,0,1,1,0,4,2,10,0,10,0,0,4,19,4,25,88,88,0,0,0,1,1,2
33,330118,1,1,0,1,1,1,1,17,440,22,11,2016,3,17,14,1,2,3,1,3,SR-16,,224,43.332,-70.984,0,8,0,0,1,1,0,1,3,10,0,10,0,0,17,14,17,16,88,88,0,0,0,1,1,2
33,330122,1,1,0,0,0,1,1,9,145,29,11,2016,3,8,15,0,1,6,1,3,SR-141,,0,44.205,-71.72,0,35,0,0,1,1,0,4,1,2,12,12,0,0,8,25,8,46,88,88,0,0,0,1,0,2
33,330125,1,1,0,0,0,2,2,15,466,3,12,2016,7,14,55,0,2,5,1,3,SR-107,,0,42.902,-70.91,0,42,0,0,1,1,0,4,1,10,0,10,0,0,14,55,15,7,15,25,0,0,0,2,0,2
33,330126,1,1,0,0,0,1,1,17,29,9,12,2016,6,5,11,0,1,5,1,3,SR-9,,0,43.204,-71.1,0,42,0,0,1,1,0,4,2,1,0,1,0,0,5,11,5,14,88,88,0,0,0,1,0,2
33,330130,1,1,0,0,0,1,1,13,41,28,12,2016,4,13,10,1,1,1,1,1,I-93,,99998,43.361,-71.612,0,24,0,0,1,1,0,4,1,10,0,10,0,0,13,10,13,24,14,3,0,0,0,1,0,0
34,340005,1,1,0,0,0,1,1,37,1576,22,1,2016,6,15,6,1,1,3,1,3,SR-15,BEAVER RUN RD,179,41.104,-74.695,0,24,0,0,3,3,0,4,1,1,0,1,0,0,99,98,99,98,99,98,0,0,0,1,0,0
34,340006,2,2,0,0,0,8,8,23,3144,1,1,2016,6,5,13,1,2,3,1,2,US-1,CR-610 DEANS LANE,197,40.421,-74.529,0,12,6,0,2,3,0,1,3,1,0,1,0,0,5,17,5,18,6,37,0,0,0,1,0,1
34,340008,1,1,0,0,0,2,2,15,0,20,1,2016,4,7,19,1,2,2,1,3,SR-55,,468,39.671,-75.131,0,42,0,0,1,1,0,3,1,1,0,1,0,0,7,24,7,29,99,99,0,0,0,1,0,2
34,340014,1,1,0,0,0,2,2,3,890,16,1,2016,7,3,4,1,2,2,1,3,SR-4,,90,40.879,-73.98,0,33,0,1,19,1,0,4,3,2,0,2,0,0,3,13,3,17,99,99,0,0,0,1,0,2
34,340015,2,2,0,0,0,2,2,5,0,21,1,2016,5,6,45,1,2,3,1,3,SR-70,CR-530 LAKEHURST RD,332,39.949,-74.487,0,12,2,0,2,4,0,1,1,1,0,1,0,0,99,99,99,99,99,99,0,0,0,1,0,1
34,340016,2,2,0,0,0,6,6,11,1970,21,1,2016,5,13,43,1,2,2,1,3,SR-55,,249,39.395,-75.011,0,12,1,1,18,1,0,1,1,1,0,1,0,0,13,48,14,8,14,40,0,0,0,1,0,2
34,340019,1,1,0,1,1,1,1,27,2810,26,2,2016,6,5,0,1,2,3,1,3,SR-23,,120,40.988,-74.308,0,8,0,0,1,1,0,1,3,1,0,1,0,0,4,58,5,0,88,88,23,0,0,1,0,0
34,340020,1,1,0,1,1,1,1,25,2109,13,2,2016,7,18,31,0,2,4,1,3,SR-71,SR-33,76,40.211,-74.015,0,8,0,0,3,3,0,1,3,1,0,1,0,0,99,99,99,99,99,99,0,0,0,1,0,2
34,340023,1,1,0,1,1,1,1,25,2680,2,1,2016,7,18,9,1,2,3,1,3,SR-36,MAIN ST,189,40.427,-74.106,0,8,0,0,2,2,0,1,3,1,0,1,0,0,99,99,99,99,88,88,0,0,0,1,0,1
34,340025,2,2,0,0,0,5,5,23,2417,15,3,2016,3,12,23,1,2,3,1,2,US-9,,1246,40.398,-74.307,0,12,2,0,1,1,0,1,1,1,0,1,0,0,12,31,12,43,13,14,0,0,0,3,0,0
34,340030,1,1,0,0,0,3,3,41,314,3,3,2016,5,16,54,1,1,1,1,1,I-80,,90,40.935,-75.015,0,35,0,0,1,1,0,3,1,1,0,1,0,0,16,56,17,4,99,99,0,0,0,3,1,1
34,340036,1,1,0,1,1,3,3,25,1465,10,1,2016,1,22,44,1,1,3,1,2,US-9,,1095,40.193,-74.252,0,8,0,0,1,1,0,1,2,1,0,1,0,0,22,48,22,53,23,16,0,0,0,1,0,0
34,340039,1,1,0,1,1,1,1,15,3569,7,3,2016,2,20,26,1,2,1,1,1,I-295,,242,39.861,-75.149,0,8,0,0,1,1,0,1,3,1,0,1,0,0,20,28,20,35,99,99,19,0,0,1,0,2
34,340043,2,2,0,0,0,2,2,11,3460,21,3,2016,2,1,50,1,2,2,1,3,SR-55,,330,39.287,-74.986,0,12,1,0,1,1,0,1,2,4,0,4,0,0,99,99,99,99,99,99,0,0,0,1,1,2
34,340045,3,3,0,0,0,4,4,29,1801,15,4,2016,6,7,9,1,2,3,1,3,SR-70,SAM PITTS RD,376,39.958,-74.406,0,12,1,0,3,3,0,1,1,1,0,1,0,0,7,22,7,38,8,26,0,0,0,1,0,1
34,340051,1,1,0,0,0,1,1,33,2617,15,2,2016,2,18,53,1,2,2,1,3,SR-55,,384,39.569,-75.063,0,42,0,0,1,1,0,4,2,2,0,2,0,0,99,99,99,99,99,99,0,0,0,1,0,2
34,340056,1,1,0,0,0,1,1,3,3730,20,2,2016,7,13,27,1,2,2,31,8,GSP-444,,1687,41.016,-74.067,0,24,0,0,1,1,0,4,1,1,0,1,0,0,13,31,13,46,88,88,0,0,0,1,0,0
34,340068,1,1,0,0,0,1,1,39,3207,18,2,2016,5,2,18,1,2,3,1,2,US-22,,527,40.687,-74.317,0,33,0,0,1,1,0,3,2,1,0,1,0,0,2,25,2,34,88,88,0,0,0,1,1,0
34,340069,2,2,0,0,0,7,7,11,0,4,2,2016,5,7,42,1,2,3,1,3,SR-49,,274,39.424,-75.202,0,12,6,0,1,1,0,1,1,10,0,10,1,0,7,46,8,1,9,0,0,0,0,1,0,1
34,340074,1,1,0,0,0,1,1,11,1970,24,4,2016,1,4,39,1,2,2,1,3,SR-55,,290,39.437,-75.059,0,1,0,0,1,1,0,3,2,1,0,1,0,0,4,39,4,47,88,88,0,0,0,1,1,2
34,340075,3,3,0,0,0,4,4,29,145,1,2,2016,2,17,4,1,2,3,1,3,SR-72,SR-554,163,39.777,-74.333,0,12,8,0,3,3,0,1,2,2,0,2,0,0,99,99,99,99,99,99,0,0,0,1,0,2
34,340076,1,1,0,1,1,2,2,13,2130,6,2,2016,7,22,36,1,2,1,1,1,I-78,,551,40.716,-74.218,0,8,0,1,18,1,0,1,2,1,0,1,0,0,99,99,99,99,88,88,19,0,0,1,0,1
34,340086,1,1,0,0,0,2,2,23,844,8,1,2016,6,8,19,1,2,1,31,1,I-95,,406,40.509,-74.374,0,24,0,0,1,1,0,4,1,1,0,1,0,0,99,99,99,99,99,99,0,0,0,1,0,1
34,340089,2,2,0,0,0,3,3,13,2130,20,1,2016,4,19,15,1,2,1,31,1,I-95,,595,40.708,-74.156,0,26,0,0,1,1,0,1,3,1,0,1,0,0,19,31,19,40,20,7,14,25,0,1,0,1
34,340094,1,1,0,0,0,3,3,19,0,6,1,2016,4,11,40,1,2,1,1,1,I-78,,211,40.647,-74.828,0,24,0,0,1,1,0,4,1,1,0,1,0,0,11,39,11,58,88,88,0,0,0,1,0,1
34,340096,1,1,0,1,1,3,3,39,860,28,2,2016,1,3,0,1,2,1,31,1,I-95,,571,40.671,-74.177,0,8,0,0,1,1,0,1,3,1,0,1,0,0,99,99,99,99,99,99,0,0,0,1,0,1
34,340097,2,2,0,0,0,2,2,13,2130,28,3,2016,2,14,26,1,2,1,31,1,I-95,,596,40.709,-74.15,0,12,7,0,1,1,0,1,1,1,0,1,0,0,99,99,99,99,99,99,19,0,0,1,0,1
34,340102,1,1,0,1,1,1,1,7,3270,31,1,2016,1,19,42,1,2,3,1,2,US-30,,121,39.83,-75.001,0,8,0,0,1,1,0,1,3,1,0,1,0,0,19,43,19,50,88,88,0,0,0,1,0,0
34,340111,3,3,0,0,0,4,4,17,1520,22,2,2016,2,15,19,1,2,1,31,1,I-95,,641,40.706,-74.062,0,43,0,1,19,1,0,3,1,1,0,1,0,0,99,99,99,99,99,99,25,0,0,2,0,1
34,340119,1,1,0,1,1,2,2,7,2545,28,3,2016,2,23,21,1,2,3,1,2,US-130,49TH ST,324,39.954,-75.061,0,8,0,0,1,1,0,1,3,1,0,1,0,0,23,23,23,28,88,88,0,0,0,1,1,1
34,340129,1,1,0,0,0,1,1,15,747,10,4,2016,1,22,26,1,2,2,1,3,SR-55,,593,39.828,-75.105,0,42,0,1,19,1,0,3,2,1,0,1,0,0,99,99,99,99,99,99,0,0,0,1,1,2
34,340134,1,1,0,0,0,1,1,35,425,27,4,2016,4,4,5,1,2,3,1,3,SR-28,HOLLENDER ST,57,40.569,-74.573,0,33,0,0,3,3,0,4,2,10,0,10,0,0,99,99,99,99,99,99,0,0,0,1,0,2
34,340139,1,1,0,0,0,1,1,29,1580,16,4,2016,7,13,13,1,2,3,1,3,SR-70,MYRTLE ST,435,40.012,-74.325,0,33,0,0,3,5,0,4,1,1,0,1,0,0,13,18,13,30,88,88,0,0,0,1,0,1
34,340141,1,1,0,1,1,1,1,1,1270,14,4,2016,5,18,0,1,2,3,1,2,US-30,,300,39.648,-74.785,0,8,0,0,16,1,0,1,1,1,0,1,0,0,18,7,18,10,18,30,0,0,0,1,0,0
34,340145,1,1,0,1,1,2,2,39,860,30,4,2016,7,22,35,1,2,3,1,2,US-1,EAST GRAND ST,445,40.665,-74.205,0,8,0,0,2,2,0,1,3,1,0,1,0,0,99,99,99,99,99,99,0,0,0,1,0,1
34,340146,1,1,0,0,0,1,1,15,747,6,5,2016,6,5,39,1,2,2,1,3,SR-55,,597,39.839,-75.099,0,42,0,0,1,1,0,3,2,2,0,2,0,0,5,47,5,52,88,88,0,0,0,1,1,2
34,340148,2,1,1,1,1,1,1,5,480,22,5,2016,1,0,8,1,2,3,1,2,US-130,JACKSONVILLE RD,465,40.073,-74.851,0,33,0,0,3,2,0,3,3,2,0,2,0,0,0,9,0,21,88,88,0,0,0,1,1,1
34,340149,1,1,0,0,0,1,1,23,779,7,5,2016,7,15,53,1,2,1,31,1,I-95,,362,40.454,-74.42,0,24,0,0,1,1,0,4,1,1,0,1,0,0,15,54,16,3,16,31,0,0,0,1,1,1
34,340155,1,1,0,0,0,5,5,19,0,18,4,2016,2,18,1,1,2,1,1,1,I-78,,158,40.632,-74.926,0,1,0,0,1,1,0,3,1,1,0,1,0,0,18,1,18,13,19,58,0,0,0,1,0,1
34,340162,2,2,0,0,0,2,2,41,50,25,5,2016,4,12,41,1,2,1,1,1,I-78,,30,40.66,-75.143,0,12,6,0,1,1,0,1,1,1,0,1,0,0,12,34,12,43,88,88,0,0,0,1,0,1
34,340173,2,2,0,0,0,2,2,41,0,26,4,2016,3,17,12,1,2,3,1,3,SR-31,,455,40.795,-74.975,0,12,2,0,1,1,0,2,1,1,0,1,0,0,17,14,17,29,99,99,0,0,0,1,0,2
34,340179,2,2,0,0,0,3,3,29,3360,28,5,2016,7,20,33,1,2,2,31,8,GSP-444,,822,39.964,-74.207,0,12,1,1,18,1,0,1,2,1,0,1,0,0,20,33,20,43,21,10,0,0,0,1,1,0
34,340183,2,2,0,0,0,2,2,29,1801,24,6,2016,6,10,35,1,2,3,1,3,SR-70,PLEASANT VALLEY RD,395,39.972,-74.376,0,12,6,0,2,3,0,1,1,1,0,1,0,0,10,45,10,50,88,88,0,0,0,1,0,1
34,340186,2,2,0,0,0,2,2,5,1774,13,6,2016,2,22,39,1,2,3,1,3,SR-38,ALWAYS DR,174,39.979,-74.768,0,12,6,0,2,3,0,1,3,1,0,1,0,0,99,99,99,99,88,88,0,0,0,1,0,2
34,340190,2,2,0,0,0,2,2,35,3504,12,6,2016,1,2,23,1,2,1,1,1,I-78,,388,40.648,-74.493,0,12,6,0,1,1,0,1,2,1,0,1,0,0,99,99,99,99,99,99,0,0,0,1,2,1
34,340193,2,2,0,0,0,4,4,39,1412,4,6,2016,7,9,37,1,2,3,1,2,US-22,,99999,100,1000,0,33,0,0,1,1,0,4,1,1,0,1,0,0,99,99,99,99,99,99,0,0,0,1,0,0
34,340194,2,2,0,0,0,4,4,11,3460,1,6,2016,4,20,54,0,2,4,4,3,SR-56,,99999,100,1000,0,12,6,0,4,1,0,1,5,1,0,1,0,0,20,58,21,6,21,30,0,0,0,1,1,2
34,340198,3,3,0,0,0,3,3,31,660,14,4,2016,5,16,6,1,2,2,1,3,SR-21,,99998,40.882,-74.126,0,12,11,1,18,1,0,1,1,1,0,1,0,0,99,99,99,99,88,88,14,0,0,1,1,2