STATE,ST_CASE,VE_TOTAL,VE_FORMS,PVH_INVL,PEDS,PERNOTMVIT,PERMVIT,PERSONS,COUNTY,CITY,DAY,MONTH,YEAR,DAY_WEEK,HOUR,MINUTE,NHS,RUR_URB,FUNC_SYS,RD_OWNER,ROUTE,TWAY_ID,TWAY_ID2,MILEPT,LATITUDE,LONGITUD,SP_JUR,HARM_EV,MAN_COLL,RELJCT1,RELJCT2,TYP_INT,WRK_ZONE,REL_ROAD,LGT_COND,WEATHER1,WEATHER2,WEATHER,SCH_BUS,RAIL,NOT_HOUR,NOT_MIN,ARR_HOUR,ARR_MIN,HOSP_HR,HOSP_MN,CF1,CF2,CF3,FATALS,DRUNK_DR,RANK
34,340199,3,3,0,0,0,3,3,23,844,5,4,2016,3,13,47,1,2,3,1,3,SR-27,DIVISION ST,187,40.513,-74.405,0,12,8,0,3,3,0,1,1,1,0,1,0,0,99,99,99,99,99,99,0,0,0,1,0,2
34,340202,1,1,0,0,0,1,1,13,1945,3,5,2016,3,5,35,1,2,2,1,3,SR-24,,78,40.734,-74.355,0,24,0,1,19,1,0,3,3,2,0,2,0,0,5,24,5,38,88,88,0,0,0,1,0,2
34,340203,1,1,0,0,0,1,1,27,0,7,5,2016,7,6,1,1,2,2,1,3,SR-24,,63,40.764,-74.401,0,42,0,0,1,1,0,4,2,98,0,98,0,0,6,19,6,32,88,88,0,0,0,1,1,2
34,340205,1,1,0,0,0,1,1,9,0,11,5,2016,4,4,15,0,1,4,1,3,SR-47,,154,39.156,-74.839,0,30,0,0,1,1,0,4,3,10,0,10,0,0,4,15,99,97,99,97,0,0,0,1,1,2
34,340211,1,1,0,0,0,1,1,39,705,22,5,2016,1,5,13,1,2,2,31,8,GSP-444,,1389,40.659,-74.287,0,31,0,0,1,1,0,4,4,2,0,2,0,0,5,32,5,42,88,88,0,0,0,1,1,0
34,340215,1,1,0,1,1,2,2,7,2545,1,4,2016,6,21,16,1,2,3,1,3,SR-70,MCCLELLAN AVE,3,39.933,-75.066,0,8,0,0,3,2,0,1,3,1,0,1,0,0,21,19,21,22,88,88,0,0,0,1,0,1
34,340217,2,2,0,0,0,5,5,31,2510,7,5,2016,7,2,44,1,2,3,1,3,SR-20,EDWARDS ST,99999,100,1000,0,12,1,0,98,98,0,1,3,2,0,2,0,0,99,99,99,99,99,99,0,0,0,1,1,2
34,340219,1,1,0,1,1,1,1,23,3144,16,6,2016,5,21,56,1,2,3,1,2,US-1,DEANS LANE,197,40.421,-74.529,0,8,0,0,3,3,0,1,2,1,0,1,0,0,21,55,21,56,88,88,0,0,0,1,1,1
34,340220,1,1,0,0,0,4,4,11,1845,14,5,2016,7,3,47,0,1,4,1,3,SR-49,,418,39.371,-74.942,0,42,0,0,1,1,0,4,2,1,0,1,0,0,3,57,4,22,5,5,0,0,0,2,0,1
34,340226,1,1,0,0,0,4,4,1,2700,25,6,2016,7,0,53,1,1,2,31,8,GSP-444,,486,39.55,-74.466,0,24,0,0,1,1,0,4,3,1,0,1,0,0,1,2,1,13,2,11,0,0,0,2,1,0
34,340231,2,2,0,0,0,4,4,9,742,29,6,2016,4,13,15,1,2,3,1,3,SR-83,,34,39.157,-74.769,0,12,2,0,1,1,0,1,1,1,0,1,0,0,13,17,13,32,13,49,0,0,0,1,0,2
34,340237,3,3,0,0,0,4,4,7,3694,3,7,2016,1,17,44,1,2,3,1,3,SR-73,WESTBURY DR,118,39.726,-74.904,0,12,6,0,2,3,0,1,1,1,0,1,0,0,17,49,99,97,99,97,14,0,0,1,0,2
34,340238,1,1,0,0,0,1,1,3,2940,21,7,2016,5,0,19,1,2,2,1,3,SR-3,SR-17,63,40.813,-74.103,0,33,0,1,5,1,0,4,3,1,0,1,0,0,99,99,0,35,99,99,0,0,0,1,1,2
34,340241,1,1,0,0,0,1,1,3,3730,11,7,2016,2,19,42,1,2,2,31,8,GSP-444,,1698,41.032,-74.069,0,35,0,0,1,1,0,3,1,1,0,1,0,0,99,99,99,99,88,88,0,0,0,1,0,0
34,340242,1,1,0,0,0,1,1,25,1925,31,7,2016,1,6,27,1,2,2,31,8,GSP-444,,1108,40.344,-74.11,0,1,0,0,1,1,0,3,2,10,0,10,0,0,99,99,99,99,99,99,0,0,0,1,0,0
34,340243,2,2,0,0,0,2,2,35,425,20,7,2016,4,4,22,1,2,3,1,2,US-22,COUNTRY CLUB RD,329,40.588,-74.641,0,12,6,0,2,2,0,1,3,1,0,1,0,0,99,99,99,99,99,99,0,0,0,1,0,0
34,340244,3,3,0,0,0,6,6,25,430,19,7,2016,3,13,36,1,2,3,1,3,SR-35,,145,40.098,-74.05,0,12,1,0,1,1,0,1,1,1,0,1,0,0,99,99,99,99,99,99,0,0,0,1,0,1
34,340246,1,1,0,0,0,1,1,1,1050,4,7,2016,2,2,36,0,2,4,2,3,SR-73,,8,39.582,-74.829,0,42,0,0,1,1,0,5,2,1,0,1,0,0,99,99,99,99,88,88,0,0,0,1,0,2
34,340250,1,1,0,1,1,1,1,11,1845,7,7,2016,5,15,18,0,2,4,1,3,SR-47,,258,39.215,-74.945,0,8,0,0,1,1,0,1,1,1,0,1,0,0,99,99,99,99,88,88,0,0,0,1,0,2
34,340253,1,1,0,0,0,1,1,25,2980,16,7,2016,7,18,53,1,2,3,1,3,SR-36,,114,40.396,-73.979,0,1,0,0,1,1,0,1,1,1,0,1,0,0,99,99,99,99,99,99,0,0,0,1,1,1
34,340255,1,1,0,1,1,3,3,5,1824,26,7,2016,3,21,3,1,2,3,1,3,SR-73,,282,39.94,-74.974,0,8,0,0,1,1,0,1,3,1,0,1,0,0,99,99,99,99,88,88,0,0,0,1,0,2
34,340259,1,1,0,0,0,3,3,27,490,29,7,2016,6,23,30,1,2,3,1,3,SR-23,,150,40.992,-74.347,0,24,0,0,1,1,0,4,3,1,0,1,0,0,99,99,99,99,99,99,0,0,0,1,0,0
34,340279,1,1,0,0,0,1,1,7,3465,21,5,2016,7,3,50,1,2,3,1,3,SR-73,,206,39.842,-74.924,0,33,0,0,8,1,0,4,3,1,0,1,0,0,99,99,99,99,88,88,0,0,0,1,1,2
34,340283,2,2,0,0,0,5,5,27,0,21,6,2016,3,16,34,1,2,3,1,3,SR-15,EDISON RD,59,40.961,-74.597,0,12,7,0,3,2,0,1,1,1,0,1,0,0,99,99,99,99,99,99,0,0,0,1,0,0
34,340284,1,1,0,1,1,1,1,21,825,6,8,2016,7,12,6,1,2,3,1,3,SR-33,AIRPORT RD,130,40.261,-74.542,0,9,0,0,8,1,0,1,1,1,0,1,0,0,99,99,99,99,99,99,0,0,0,1,0,1
34,340288,1,1,0,0,0,3,3,19,0,20,8,2016,7,11,58,1,2,1,1,1,I-78,,196,40.646,-74.857,0,1,0,0,1,1,0,1,1,1,0,1,0,0,12,5,12,13,12,59,0,0,0,1,0,1
34,340289,4,4,0,0,0,8,8,19,0,28,8,2016,1,13,25,1,2,1,1,1,I-78,,230,40.651,-74.791,0,35,0,0,1,1,0,3,1,1,0,1,0,0,13,46,13,51,14,40,0,0,0,1,0,1
34,340291,2,2,0,0,0,3,3,23,2417,5,8,2016,6,6,52,1,2,3,1,2,US-9,OLD MILL RD,1264,40.432,-74.303,0,12,1,0,1,1,0,1,1,1,0,1,0,0,6,56,7,0,8,33,0,0,0,1,0,0
34,340293,1,1,0,0,0,2,2,5,0,8,8,2016,2,14,5,1,2,3,1,3,SR-70,,324,39.944,-74.503,0,42,0,0,1,1,0,4,1,1,0,1,0,0,99,99,99,99,99,99,0,0,0,2,0,2
34,340294,1,1,0,0,0,1,1,33,2565,10,8,2016,4,18,4,1,2,3,1,3,SR-49,,48,39.621,-75.506,0,30,0,0,1,1,0,4,1,1,0,1,0,0,18,5,18,13,18,26,0,0,0,1,0,1
34,340295,2,2,0,0,0,2,2,25,3475,12,8,2016,6,10,39,1,2,3,1,3,SR-70,OLD BRIDGE RD,597,40.102,-74.079,0,12,1,0,1,1,0,1,1,1,0,1,0,0,99,99,99,99,88,88,0,0,0,1,0,1
34,340302,1,1,0,1,1,2,2,25,430,21,8,2016,1,21,26,1,2,3,1,3,SR-35,,149,40.108,-74.056,0,8,0,0,1,1,0,1,3,2,0,2,0,0,99,99,99,99,99,99,0,0,0,1,0,1
34,340309,2,2,0,0,0,4,4,39,860,29,7,2016,6,21,7,1,2,3,1,3,SR-27,WHITEHEAD PLACE,347,40.674,-74.213,0,12,6,0,2,3,0,1,3,1,0,1,0,0,99,99,99,99,99,99,0,0,0,1,1,2
34,340313,2,2,0,0,0,4,4,25,1465,7,8,2016,1,15,28,1,2,3,1,3,SR-33,,310,40.232,-74.212,0,12,6,0,4,1,0,1,1,1,0,1,0,0,15,30,15,43,16,25,0,0,0,1,1,1
34,340323,2,2,0,0,0,2,2,11,1970,23,6,2016,5,9,32,0,2,4,1,3,SR-49,GEISSINGER AVE,379,39.392,-75.009,0,12,6,0,2,3,0,1,1,2,0,2,0,0,99,99,99,99,99,99,0,0,0,1,0,1
34,340324,1,1,0,0,0,2,2,23,2140,25,7,2016,2,0,56,1,2,2,1,3,SR-18,GEORGE ST,414,40.487,-74.43,0,24,0,0,1,1,0,4,3,1,0,1,0,0,1,0,1,10,88,88,0,0,0,2,1,2
34,340326,1,1,0,1,1,1,1,15,1082,18,7,2016,2,15,10,0,2,4,1,3,SR-47,,547,39.596,-75.063,0,8,0,0,1,1,0,1,1,1,0,1,0,0,15,12,15,17,15,36,0,0,0,1,0,2
34,340337,2,2,0,0,0,2,2,21,935,25,8,2016,5,5,8,1,2,1,1,1,I-95,,20,40.28,-74.824,0,12,6,0,1,1,0,1,2,1,0,1,0,0,5,15,5,25,5,50,19,0,0,1,0,1
34,340341,5,5,0,0,0,11,11,17,190,20,8,2016,7,7,24,1,2,1,31,1,I-95,,99999,100,1000,0,12,1,0,1,1,1,1,1,1,0,1,0,0,99,99,99,99,99,99,0,0,0,1,0,1
34,340342,2,2,0,0,0,3,3,41,1572,26,8,2016,6,17,43,1,2,1,1,1,I-80,,42,40.931,-75.098,0,12,7,0,1,1,1,1,1,1,0,1,0,0,99,99,99,99,99,99,0,0,0,1,0,0
34,340350,2,2,0,0,0,6,6,3,1750,18,9,2016,1,13,35,1,2,1,1,1,I-80,,641,40.89,-74.072,0,12,7,1,5,1,0,1,1,1,0,1,0,0,13,39,13,47,14,29,0,0,0,1,0,0
34,340351,1,1,0,0,0,3,3,23,3705,27,9,2016,3,6,49,1,2,1,31,1,I-95,,445,40.54,-74.315,0,24,0,0,1,1,0,10,1,10,0,10,0,0,6,50,7,2,88,88,0,0,0,1,0,1
34,340357,1,1,0,1,1,1,1,29,0,7,9,2016,4,20,8,1,2,3,1,2,US-9,CLEARWATER DR,779,39.79,-74.196,0,8,0,0,2,2,0,1,2,1,0,1,0,0,99,99,99,99,99,99,0,0,0,1,0,0
34,340360,2,2,0,0,0,3,3,29,0,28,9,2016,4,7,44,1,2,3,1,2,US-9,,891,39.931,-74.178,0,12,1,0,1,1,0,1,1,1,0,1,0,0,8,7,8,7,8,20,0,0,0,1,0,0
34,340371,3,3,0,0,0,3,3,11,1845,22,9,2016,5,5,45,1,1,2,1,3,SR-55,,204,39.333,-74.996,0,12,8,0,1,1,0,1,2,1,0,1,0,0,5,45,5,56,99,99,0,0,0,1,0,2
34,340375,2,2,0,0,0,2,2,5,1040,13,9,2016,3,11,11,1,2,3,1,2,US-130,CR-656 DELAWARE AVE,508,40.107,-74.783,0,12,6,0,2,2,0,1,1,1,0,1,0,0,99,99,99,99,99,99,0,0,0,1,0,1
34,340378,2,2,0,1,1,6,6,15,0,23,4,2016,7,20,9,1,2,3,1,3,SR-42,GREENTREE RD,58,39.76,-75.048,0,8,0,0,1,1,0,2,3,1,0,1,0,0,99,99,99,99,99,99,14,0,0,1,0,1
34,340379,1,1,0,0,0,4,4,27,781,13,10,2016,5,18,35,1,2,1,1,1,I-280,,32,40.833,-74.334,0,1,0,0,1,1,0,5,5,1,0,1,0,0,18,38,18,48,19,35,0,0,0,1,0,1
34,340380,1,1,0,0,0,1,1,25,2109,4,10,2016,3,18,46,1,2,3,1,3,SR-35,SEAVIEW CIRCLE,217,40.186,-74.026,0,25,0,0,3,3,0,3,5,1,0,1,0,0,18,48,18,54,19,25,0,0,0,1,0,1
34,340384,1,1,0,1,1,1,1,1,10,10,10,2016,2,5,55,1,2,3,1,2,US-30,CR-651 MILL RD,511,39.432,-74.511,0,8,0,0,3,2,0,1,3,1,0,1,0,0,5,57,5,58,6,38,0,0,0,1,1,0
34,340385,2,2,0,0,0,2,2,33,567,5,10,2016,4,18,15,1,2,1,1,1,I-295,,13,39.679,-75.487,0,1,0,1,5,1,0,1,5,1,0,1,0,0,18,15,18,21,88,88,0,0,0,1,0,2
34,340387,2,2,0,0,0,3,3,9,0,25,10,2016,3,12,44,0,2,3,1,2,US-9,CHURCH RD,275,39.251,-74.662,0,12,2,0,3,3,0,1,1,1,0,1,0,0,12,43,12,52,13,11,0,0,0,1,0,0
34,340388,1,1,0,0,0,1,1,37,1993,16,10,2016,1,12,6,1,1,3,1,3,SR-23,,490,41.33,-74.679,0,42,0,0,1,1,0,5,1,1,0,1,0,0,12,7,12,39,13,8,0,0,0,1,0,0
34,340390,2,2,0,1,1,1,1,23,704,21,10,2016,6,0,8,1,1,1,31,1,I-95,,236,40.284,-74.503,0,12,6,0,1,1,0,1,2,1,0,1,0,0,0,16,0,24,88,88,19,0,0,1,0,1
34,340394,1,1,0,1,1,1,1,5,2081,13,10,2016,5,23,33,1,2,1,1,1,I-295,,370,39.939,-74.957,0,8,0,0,1,1,0,1,2,1,0,1,0,0,23,32,23,35,88,88,0,0,0,1,0,2
34,340401,1,1,0,0,0,1,1,17,3040,3,10,2016,2,20,8,1,2,2,1,3,SR-3,,94,40.793,-74.056,0,33,0,0,5,1,0,4,3,1,0,1,0,0,99,99,99,99,99,99,0,0,0,1,0,2
34,340402,1,1,0,1,1,1,1,25,1798,2,10,2016,1,20,50,1,2,3,1,3,SR-33,WOODWARD RD,226,40.254,-74.368,0,8,0,0,3,2,0,1,3,1,0,1,0,0,20,55,21,9,88,88,0,0,0,1,0,1
34,340403,2,2,0,0,0,2,2,39,2900,15,10,2016,7,2,52,1,2,3,1,3,SR-27,,318,40.648,-74.248,0,33,0,0,1,1,0,4,3,1,0,1,0,0,2,49,2,55,3,52,0,0,0,2,2,2
34,340413,2,2,0,0,0,4,4,23,3144,8,11,2016,3,21,22,1,2,3,1,2,US-1,RAYMOND RD,158,40.38,-74.579,0,12,6,0,2,2,0,1,3,1,0,1,0,0,21,25,21,32,22,24,0,0,0,1,0,1
34,340419,2,1,1,0,1,1,2,7,598,19,11,2016,7,4,22,1,2,1,1,1,I-295,,344,39.903,-74.987,0,14,0,0,1,1,0,2,3,1,0,1,0,0,4,20,4,30,5,4,0,0,0,1,1,2
34,340421,2,2,0,0,0,4,4,41,0,16,9,2016,6,14,35,1,2,1,1,1,I-78,SR-173,39,40.661,-75.07,0,12,6,1,5,1,0,1,1,1,0,1,1,0,14,39,14,46,15,22,0,0,0,1,0,1
34,340424,4,4,0,0,0,4,4,39,3395,9,11,2016,4,12,20,1,2,1,1,1,I-78,,527,40.71,-74.264,0,24,0,0,1,1,0,4,1,10,0,10,0,0,99,99,99,99,99,99,0,0,0,1,0,1
34,340427,2,2,0,0,0,2,2,41,0,5,12,2016,2,18,10,1,2,3,1,3,SR-31,,397,40.716,-74.97,0,12,1,0,1,1,0,1,2,10,0,10,0,0,99,99,99,99,99,99,0,0,0,1,0,2
34,340428,1,1,0,1,1,1,1,19,0,31,5,2016,3,4,54,1,2,3,1,2,US-202,VOOHREES CORNER RD,119,40.506,-74.845,0,8,0,0,3,2,0,1,2,1,0,1,0,0,4,55,5,0,88,88,0,0,0,1,0,0
34,340432,6,6,0,0,0,10,10,7,3270,14,7,2016,5,21,7,1,2,3,1,2,US-30,,119,39.831,-75.002,0,12,7,0,8,1,0,1,3,1,0,1,0,0,99,99,99,99,99,99,14,0,0,1,0,0
34,340433,1,1,0,0,0,1,1,21,3380,7,7,2016,5,19,27,1,2,2,1,3,SR-29,,65,40.238,-74.807,0,33,0,0,1,1,0,3,1,1,0,1,0,0,19,31,19,36,88,88,0,0,0,1,1,2
34,340438,2,2,0,0,0,2,2,19,0,3,8,2016,4,21,0,1,2,3,1,2,US-22,EAST MAIN STREET,228,40.645,-74.813,0,12,6,0,2,4,0,1,5,1,0,1,0,0,21,7,21,15,88,88,0,0,0,1,0,0
34,340440,1,1,0,2,2,1,1,35,425,25,8,2016,5,3,12,1,2,3,1,2,US-22,,360,40.578,-74.583,0,8,0,0,1,1,0,1,3,1,0,1,0,0,3,18,3,22,99,99,0,0,0,2,0,0
34,340443,1,1,0,0,0,1,1,3,820,30,10,2016,1,2,31,1,2,2,1,3,SR-120,,1,40.806,-74.073,0,52,0,1,19,1,0,3,2,1,0,1,0,0,2,44,99,99,88,88,0,0,0,1,1,1
34,340444,1,1,0,0,0,3,3,1,1264,30,10,2016,1,19,52,0,1,4,1,3,SR-50,,235,39.503,-74.682,0,30,0,0,1,1,0,4,3,2,0,2,0,0,99,99,99,99,99,99,0,0,0,1,1,0
34,340445,1,1,0,0,0,1,1,1,90,26,10,2016,4,20,25,1,1,3,1,2,US-30,,565,39.379,-74.457,0,30,0,0,1,1,0,4,3,1,0,1,0,0,99,99,99,99,88,88,0,0,0,1,1,0
34,340446,2,2,0,0,0,3,3,27,2003,25,10,2016,3,11,5,1,2,3,1,2,US-202,I-287 RAMP,258,40.917,-74.372,0,12,6,1,2,3,0,1,1,1,0,1,0,0,99,99,99,99,99,99,0,0,0,1,0,0
34,340447,1,1,0,1,1,1,1,25,1925,13,10,2016,5,21,10,1,2,3,1,3,SR-36,7TH ST,174,40.418,-74.081,0,8,0,0,2,3,0,1,2,1,0,1,0,0,99,99,99,99,99,99,0,0,0,1,1,1
34,340449,2,2,0,0,0,2,2,25,1465,12,10,2016,4,7,49,1,2,3,1,2,US-9,LANES MILL RD,1044,40.13,-74.223,0,12,6,0,2,2,0,1,1,1,0,1,0,0,99,99,99,99,99,99,0,0,0,1,0,0
34,340457,1,1,0,1,1,5,5,3,3750,8,10,2016,7,0,5,1,2,3,1,3,SR-17,,70,40.848,-74.076,0,8,0,0,1,1,0,1,3,1,0,1,0,0,99,99,99,99,99,99,0,0,0,1,0,2
34,340463,1,1,0,1,1,1,1,1,1264,4,10,2016,3,6,17,1,2,3,1,2,US-40,,505,39.45,-74.665,0,9,0,0,1,1,0,2,2,1,0,1,0,0,6,23,6,27,88,88,0,0,0,1,0,0
34,340464,2,2,0,1,1,4,4,11,0,21,10,2016,6,21,0,1,2,3,1,3,SR-49,,273,39.424,-75.201,0,8,0,0,8,1,0,1,2,1,0,1,0,0,21,0,21,5,88,88,0,0,0,1,0,1
34,340470,1,1,0,1,1,1,1,25,0,9,11,2016,4,6,13,1,2,3,1,3,SR-79,,82,40.353,-74.25,0,8,0,0,1,1,0,1,2,1,0,1,0,0,99,99,99,99,99,99,0,0,0,1,0,1
34,340474,1,1,0,1,1,3,3,5,0,3,11,2016,5,17,1,1,2,3,1,2,US-130,,432,40.047,-74.902,0,8,0,0,1,1,0,1,2,1,0,1,0,0,99,99,99,99,99,99,0,0,0,1,0,1
34,340476,2,2,0,0,0,2,2,23,844,5,11,2016,7,3,22,1,2,3,1,2,US-1,CR-660 GRANDVIEW AVE W,331,40.54,-74.339,0,12,6,0,2,2,0,1,3,1,0,1,0,0,99,99,99,99,99,99,0,0,0,1,1,1
34,340480,3,3,0,1,1,3,3,29,3360,22,11,2016,3,23,10,0,2,3,1,3,SR-70,,499,40.047,-74.222,0,8,0,1,18,1,0,1,3,1,0,1,0,0,99,99,99,99,88,88,0,0,0,1,0,1
34,340485,2,2,0,0,0,2,2,17,3040,7,9,2016,4,7,17,1,2,2,1,3,SR-3,,84,40.8,-74.066,0,12,2,0,1,1,0,1,1,1,0,1,0,0,99,99,99,99,99,99,0,0,0,1,0,2
34,340488,1,1,0,0,0,1,1,27,2003,30,11,2016,4,9,20,0,2,4,2,2,US-202,,578,40.919,-74.35,0,42,0,0,1,1,0,5,1,2,0,2,0,0,9,22,9,33,9,59,0,0,0,1,0,0
34,340491,2,2,0,1,1,2,2,5,0,10,10,2016,2,6,32,1,2,3,1,3,SR-70,,85,39.895,-74.932,0,8,0,0,1,1,0,1,3,1,0,1,0,0,6,34,6,40,88,88,0,0,0,1,0,1
34,340494,1,1,0,1,1,1,1,5,1824,2,10,2016,1,3,1,1,2,3,1,3,SR-73,,282,39.939,-74.972,0,8,0,0,1,1,0,1,3,2,0,2,0,0,99,99,99,99,88,88,0,0,0,1,0,2
34,340497,1,1,0,1,1,1,1,13,2130,3,9,2016,7,3,25,1,2,3,1,3,SR-21,RAYMOND BLVD,23,40.736,-74.166,0,8,0,0,2,2,0,1,3,1,0,1,0,0,2,51,2,57,3,8,0,0,0,1,0,2
34,340498,1,1,0,1,1,1,1,5,480,9,8,2016,3,5,2,1,2,3,1,2,US-130,LOGAN AVE,469,40.076,-74.845,0,8,0,0,1,1,0,1,1,1,0,1,0,0,5,5,5,7,5,46,0,0,0,1,0,1
34,340504,1,1,0,0,0,2,2,31,0,19,11,2016,7,3,57,1,2,1,1,1,I-80,,535,40.896,-74.253,0,30,0,1,19,1,0,4,3,1,0,1,0,0,99,99,99,99,99,99,0,0,0,1,1,0
34,340507,2,2,0,0,0,4,4,3,1210,24,11,2016,5,13,11,1,2,2,1,3,SR-4,,56,40.905,-74.033,0,12,1,1,18,1,0,1,1,1,0,1,0,0,99,99,99,99,99,99,0,0,0,1,0,2
34,340512,1,1,0,0,0,1,1,21,3380,22,11,2016,3,21,51,1,2,2,1,3,SR-29,WARREN ST RAMP,40,40.208,-74.765,0,5,0,1,3,2,0,99,9,1,0,1,0,0,99,99,99,99,88,88,0,0,0,1,1,2
34,340514,1,1,0,0,0,1,1,15,0,4,11,2016,6,18,55,1,2,3,1,3,SR-42,BROOKDALE BLVD,11,39.703,-75.006,0,33,0,0,3,2,0,4,3,1,0,1,0,0,18,56,19,13,19,46,0,0,0,1,0,1
34,340524,2,2,0,0,0,2,2,11,1970,5,12,2016,2,18,59,1,2,2,1,3,SR-55,,222,39.358,-75.004,0,12,2,0,1,1,0,1,2,1,0,1,0,0,99,99,99,99,99,99,0,0,0,2,0,2
34,340548,1,1,0,1,1,1,1,21,0,28,12,2016,4,22,30,1,2,3,1,2,US-1,FINNEGANS LANE,207,40.432,-74.516,0,8,0,0,99,99,0,1,6,1,0,1,0,0,99,99,99,99,88,88,0,0,0,1,0,1
34,340550,1,1,0,1,1,1,1,41,0,5,12,2016,2,15,35,1,2,3,1,3,SR-57,,198,40.823,-74.835,0,9,0,0,4,1,0,1,1,1,0,1,0,0,99,99,99,99,88,88,0,0,0,1,0,2
34,340551,2,2,0,0,0,5,5,5,1880,30,12,2016,6,17,53,1,2,3,1,3,SR-70,,119,39.897,-74.862,0,12,2,0,1,1,0,1,3,1,0,1,0,0,99,99,99,99,99,99,0,0,0,1,0,1
34,340552,2,2,0,0,0,3,3,41,0,21,12,2016,4,18,34,0,1,4,1,3,SR-94,,145,40.988,-74.883,0,12,2,0,1,1,0,1,2,1,0,1,0,0,99,99,99,99,99,99,0,0,0,1,0,2
34,340553,2,2,0,0,0,2,2,7,2545,31,12,2016,7,21,46,1,2,3,1,3,SR-73,,323,39.986,-75.02,0,12,1,0,1,1,0,1,3,1,0,1,0,0,99,99,99,99,99,99,0,0,0,1,1,2
34,340554,2,2,0,0,0,4,4,31,660,26,12,2016,2,5,8,1,2,3,1,3,SR-46,,637,40.892,-74.131,0,12,2,0,1,1,0,1,3,1,0,1,0,0,99,99,99,99,99,99,0,0,0,1,1,1
34,340556,1,1,0,1,1,2,2,7,1235,23,12,2016,6,18,16,1,2,3,1,2,US-30,GREEN AVE,71,39.885,-75.059,0,8,0,0,2,2,0,1,3,1,0,1,0,0,99,99,99,99,99,99,0,0,0,1,0,0
34,340557,1,1,0,1,1,2,2,33,2586,15,12,2016,5,17,57,0,2,4,1,3,SR-45,,86,39.645,-75.34,0,8,0,0,1,1,0,1,2,1,0,1,0,0,99,99,99,99,99,99,0,0,0,1,0,0
34,340558,3,3,0,0,0,3,3,13,800,31,12,2016,7,5,51,1,2,1,1,1,I-280,,85,40.793,-74.249,0,12,1,0,1,1,0,1,3,1,0,1,0,0,99,99,99,99,99,99,0,0,0,1,0,1
34,340559,3,3,0,1,1,3,3,13,3600,10,12,2016,7,0,42,1,2,1,1,1,I-280,,65,40.806,-74.285,0,8,0,0,1,1,0,1,2,1,0,1,0,0,99,99,99,99,99,99,0,0,0,2,1,1
34,340562,4,4,0,0,0,5,5,3,820,16,10,2016,1,3,19,1,2,2,1,3,SR-3,,77,40.804,-74.074,0,12,6,1,99,1,0,1,6,99,0,99,0,0,99,99,99,99,99,99,0,0,0,2,1,2
34,340565,4,4,0,0,0,6,6,5,841,29,11,2016,3,20,17,1,2,3,1,2,US-130,BRIDGEBORO RD,409,40.034,-74.924,0,12,6,0,2,2,0,1,3,98,0,98,0,0,99,99,99,99,99,99,0,0,0,1,0,1
34,340566,1,1,0,1,1,2,2,11,1970,6,10,2016,5,8,11,1,2,3,1,3,SR-49,BROWN AVE,357,39.397,-75.05,0,9,0,0,3,3,0,1,1,1,0,1,0,0,99,99,99,99,99,99,0,0,0,1,0,1
34,340569,2,2,0,1,1,2,2,29,3360,12,12,2016,2,17,57,1,2,3,1,2,US-9,STEVENS RD,962,40.012,-74.217,0,8,0,0,3,3,0,1,3,1,0,1,0,0,99,99,99,99,99,99,0,0,0,1,0,0
34,340571,2,2,0,1,1,2,2,7,1790,13,12,2016,3,18,24,1,2,3,1,2,US-30,CR-669 WARWICK RD,93,39.861,-75.034,0,8,0,0,2,2,0,1,3,1,0,1,0,0,99,99,99,99,99,99,0,0,0,1,0,0
34,340574,2,2,0,1,1,7,7,35,425,18,12,2016,1,23,2,1,2,3,1,2,US-22,,361,40.578,-74.583,0,8,0,0,1,1,0,1,2,1,0,1,0,0,99,99,99,99,88,88,0,0,0,1,0,0
35,350001,1,1,0,0,0,2,2,29,0,24,1,2016,1,20,0,0,1,5,1,3,SR-198,,20,32.157,-107.616,0,1,0,0,1,1,0,4,2,1,0,1,0,0,19,41,20,2,88,88,0,0,0,1,0,1
35,350002,1,1,0,1,1,1,1,1,30,8,1,2016,6,20,19,1,2,1,1,1,I-40,,2525,35.068,-106.781,0,8,0,0,1,1,0,1,2,8,0,8,0,0,20,20,20,27,88,88,0,0,0,1,0,1
35,350003,1,1,0,1,1,2,2,45,867,3,1,2016,1,21,27,1,2,2,1,2,US-64,,355,36.76,-108.472,0,8,0,0,1,1,0,1,2,1,0,1,0,0,21,27,21,37,88,88,0,0,0,1,0,0
35,350006,1,1,0,0,0,1,1,39,703,8,1,2016,6,16,42,0,1,4,1,3,SR-74,,40,36.055,-106.063,0,38,0,0,1,1,0,4,1,1,0,1,0,0,16,41,16,52,88,88,0,0,0,1,1,2
35,350009,1,1,0,0,0,1,1,57,0,11,2,2016,5,14,56,1,1,2,1,2,US-285,,2309,34.765,-105.54,0,1,0,0,1,1,0,3,1,1,0,1,0,0,14,58,15,28,88,88,0,0,0,1,0,0
35,350011,1,1,0,0,0,3,3,31,340,1,2,2016,2,9,45,1,2,1,1,1,I-40,,140,35.495,-108.867,0,1,0,0,1,1,0,4,1,4,0,4,0,0,10,14,10,22,10,41,0,0,0,1,0,1
35,350014,2,2,0,0,0,2,2,1,696,20,1,2016,4,21,23,0,2,4,1,3,SR-14,,0,35.157,-106.353,0,12,2,0,1,1,0,1,2,1,0,1,0,0,21,25,21,37,22,19,0,0,0,1,1,2
35,350016,2,2,0,0,0,2,2,29,0,22,1,2016,6,12,32,1,1,1,1,1,I-10,,905,32.286,-107.621,0,12,1,0,1,1,0,1,1,1,0,1,0,0,12,32,12,39,12,56,0,0,0,1,0,1