STATE,ST_CASE,VE_TOTAL,VE_FORMS,PVH_INVL,PEDS,PERNOTMVIT,PERMVIT,PERSONS,COUNTY,CITY,DAY,MONTH,YEAR,DAY_WEEK,HOUR,MINUTE,NHS,RUR_URB,FUNC_SYS,RD_OWNER,ROUTE,TWAY_ID,TWAY_ID2,MILEPT,LATITUDE,LONGITUD,SP_JUR,HARM_EV,MAN_COLL,RELJCT1,RELJCT2,TYP_INT,WRK_ZONE,REL_ROAD,LGT_COND,WEATHER1,WEATHER2,WEATHER,SCH_BUS,RAIL,NOT_HOUR,NOT_MIN,ARR_HOUR,ARR_MIN,HOSP_HR,HOSP_MN,CF1,CF2,CF3,FATALS,DRUNK_DR,RANK
35,350018,2,2,0,0,0,3,3,1,0,20,1,2016,4,8,37,1,1,1,1,1,I-40,,1410,35.035,-106.934,0,12,1,0,1,1,0,1,1,1,0,1,0,0,8,37,8,56,99,99,0,0,0,1,0,1
35,350019,1,1,0,1,1,1,1,29,230,26,1,2016,3,0,20,0,1,4,1,3,SR-26,,30,32.299,-107.712,0,9,0,0,1,1,0,1,2,1,0,1,0,0,0,23,0,29,88,88,0,0,0,1,0,1
35,350022,1,1,0,0,0,5,5,23,0,2,2,2016,3,3,0,1,1,1,1,1,I-10,,339,32.277,-108.547,0,1,0,0,1,1,0,4,3,1,0,1,0,0,3,20,3,43,5,0,0,0,0,1,0,1
35,350023,2,2,0,0,0,2,2,27,0,15,2,2016,2,22,51,0,1,3,1,2,US-70,,2710,33.39,-105.489,0,12,2,0,1,1,0,1,2,1,0,1,0,0,22,58,23,10,88,88,0,0,0,1,0,0
35,350024,1,1,0,0,0,2,2,5,0,22,2,2016,2,16,15,1,1,2,1,2,US-285,,1460,33.911,-104.598,0,1,0,0,1,1,0,1,1,2,0,2,0,0,88,88,88,88,88,88,0,0,0,2,0,0
35,350025,1,1,0,0,0,1,1,17,175,7,2,2016,1,20,50,0,1,4,1,2,US-180,,833,32.97,-108.621,0,42,0,0,1,1,0,4,2,1,0,1,0,0,20,58,21,16,88,88,0,0,0,1,1,0
35,350026,4,4,0,0,0,11,11,47,0,5,1,2016,3,17,40,1,1,3,1,2,US-84,,950,35.399,-105.203,0,12,8,0,1,1,0,1,5,1,0,1,0,0,17,42,17,59,19,20,0,0,0,1,1,0
35,350027,1,1,0,1,1,3,3,47,0,10,1,2016,1,20,11,1,1,1,1,1,I-25,,3546,35.69,-105.133,0,8,0,0,1,1,0,1,2,1,0,1,0,0,99,99,99,99,88,88,0,0,0,1,0,1
35,350030,2,2,0,0,0,6,6,33,0,6,2,2016,7,19,39,1,1,1,1,1,I-25,,3910,36.055,-104.692,0,5,0,0,1,1,0,1,2,1,0,1,0,0,99,98,99,98,88,88,0,0,0,1,0,1
35,350032,2,2,0,0,0,3,3,49,0,12,2,2016,6,12,55,1,1,1,1,1,I-25,,2710,35.541,-106.137,0,24,0,0,1,1,0,4,1,1,0,1,0,0,12,55,13,5,13,24,0,0,0,1,0,1
35,350034,1,1,0,0,0,4,4,5,0,18,2,2016,5,12,52,1,1,2,1,2,US-70,,3580,33.632,-104.228,0,1,0,0,1,1,0,4,1,1,0,1,0,0,12,34,12,52,13,52,0,0,0,1,0,0
35,350035,1,1,0,0,0,1,1,1,30,26,2,2016,6,6,28,1,2,1,1,1,I-25,,2290,35.143,-106.593,0,1,0,0,1,1,0,8,1,1,0,1,0,0,6,32,6,34,6,45,0,0,0,1,1,1
35,350036,2,2,0,0,0,5,5,19,0,27,2,2016,7,6,0,1,1,1,1,1,I-40,,2540,34.979,-105.04,0,12,1,0,1,1,0,1,2,1,0,1,0,0,5,55,6,15,6,50,0,0,0,1,1,1
35,350037,1,1,0,1,1,1,1,1,30,20,2,2016,7,23,30,1,2,1,1,1,I-40,,1650,35.086,-106.539,0,8,0,0,1,1,0,1,3,1,0,1,0,0,23,34,23,34,88,88,0,0,0,1,0,1
35,350041,1,1,0,0,0,1,1,6,127,1,1,2016,6,7,11,1,1,1,1,1,I-40,,1080,35.031,-107.465,3,24,0,0,1,1,0,4,2,4,0,4,0,0,7,12,7,19,88,88,0,0,0,1,0,1
35,350042,2,2,0,0,0,2,2,25,0,4,2,2016,5,12,21,0,1,5,1,3,SR-128,,350,32.21,-103.467,0,12,8,0,1,1,0,2,1,1,0,1,0,0,12,25,12,43,13,36,0,0,0,1,1,1
35,350043,1,1,0,0,0,1,1,13,470,28,2,2016,1,14,16,1,1,2,1,2,US-70,,1770,32.506,-106.385,0,1,0,0,1,1,0,4,1,1,0,1,0,0,14,12,14,39,88,88,0,0,0,1,0,0
35,350046,1,1,0,0,0,1,1,15,50,1,2,2016,2,21,30,1,2,3,1,2,US-285,SR-2,720,32.88,-104.402,0,1,0,0,3,3,0,8,2,1,0,1,0,0,21,15,21,18,22,15,0,0,0,1,0,0
35,350048,1,1,0,0,0,1,1,57,605,3,3,2016,5,8,29,1,2,1,1,1,I-40,,1910,35.039,-106.13,0,1,0,0,1,1,0,3,1,1,0,1,0,0,7,49,8,0,88,88,0,0,0,1,0,1
35,350049,2,2,0,0,0,4,4,37,820,7,3,2016,2,16,0,1,2,1,1,1,I-40,,3310,35.156,-103.758,0,12,6,0,1,1,0,1,1,1,0,1,0,0,16,7,16,11,16,21,0,0,0,2,0,1
35,350053,1,1,0,0,0,5,5,41,0,20,3,2016,1,8,45,1,1,3,1,2,US-60,,3470,34.45,-103.926,0,1,0,0,1,1,0,4,1,1,0,1,0,0,9,16,10,1,11,25,0,0,0,1,0,0
35,350054,1,1,0,0,0,1,1,5,0,21,3,2016,2,2,53,0,1,5,1,3,SR-249,,270,33.028,-103.905,0,42,0,0,1,1,0,4,2,1,0,1,0,0,99,98,99,98,88,88,0,0,0,1,0,2
35,350055,1,1,0,0,0,1,1,33,0,19,3,2016,7,7,50,1,1,1,1,1,I-25,,3750,35.87,-104.868,0,24,0,0,1,1,0,3,1,8,0,8,0,0,7,50,8,20,9,14,0,0,0,1,0,1
35,350060,1,1,0,0,0,2,2,5,0,5,3,2016,7,2,44,1,1,2,1,2,US-285,,810,32.999,-104.44,0,1,0,0,1,1,0,1,2,1,0,1,0,0,99,99,99,99,99,99,0,0,0,1,1,0
35,350064,1,1,0,0,0,2,2,47,0,22,3,2016,3,12,47,1,1,1,1,1,I-25,,3080,35.492,-105.672,0,1,0,0,1,1,0,4,1,1,0,1,0,0,12,48,13,5,14,15,0,0,0,1,0,1
35,350065,1,1,0,0,0,7,7,5,0,15,3,2016,3,14,10,1,1,2,1,2,US-70,,3200,33.383,-104.732,0,1,0,0,1,1,0,3,1,1,0,1,0,0,14,10,14,24,14,44,0,0,0,1,0,0
35,350066,1,1,0,1,1,1,1,1,30,9,2,2016,3,22,19,1,2,1,1,1,I-25,,2180,34.989,-106.649,0,8,0,0,1,1,0,1,2,1,0,1,0,0,22,26,22,36,88,88,0,0,0,1,0,1
35,350067,2,1,1,2,2,1,1,21,0,14,3,2016,2,12,13,0,1,5,1,3,SR-120,,870,36.029,-104.061,0,45,0,0,1,1,2,1,1,1,0,1,0,0,15,3,15,44,16,49,15,0,0,2,0,1
35,350068,1,1,0,0,0,2,2,13,470,28,2,2016,1,5,2,1,2,1,1,1,I-25,,20,32.295,-106.741,0,20,0,0,1,1,1,10,2,1,0,1,0,0,4,29,4,35,5,1,0,0,0,1,1,1
35,350069,1,1,0,0,0,2,2,31,0,2,2,2016,3,9,14,0,1,6,2,4,CR-19,,0,35.602,-107.908,3,34,0,0,1,1,0,4,8,98,0,98,0,0,9,28,10,34,88,88,0,0,0,1,0,2
35,350072,2,2,0,0,0,3,3,57,0,1,4,2016,6,16,45,1,1,1,1,1,I-40,,2100,35.005,-105.803,0,12,7,0,1,1,0,2,1,1,0,1,0,0,16,52,17,4,99,99,0,0,0,1,0,1
35,350073,1,1,0,0,0,1,1,55,46,5,4,2016,3,8,24,0,1,5,1,3,SR-15,RIM RD,50,36.532,-105.573,0,24,0,0,3,3,0,4,1,1,0,1,0,0,8,36,8,44,88,88,0,0,0,1,0,0
35,350074,1,1,0,0,0,1,1,49,0,2,4,2016,7,22,44,0,1,5,1,3,SR-41,,590,35.428,-105.932,0,1,0,0,1,1,0,1,2,1,0,1,0,0,22,48,23,4,88,88,0,0,0,1,1,1
35,350076,2,2,0,0,0,4,4,19,37,9,4,2016,7,18,0,0,1,6,1,3,SR-119,,50,35.198,-105.139,0,1,0,0,1,1,0,1,1,1,0,1,0,0,18,0,18,35,88,88,0,0,0,1,0,2
35,350077,1,1,0,0,0,2,2,55,664,4,4,2016,2,14,40,0,1,5,1,3,SR-38,,60,36.683,-105.51,0,11,0,0,1,1,0,1,1,1,0,1,0,0,14,43,14,45,15,17,0,0,0,1,0,2
35,350081,3,3,0,0,0,3,3,15,0,15,4,2016,6,5,14,0,1,5,1,3,SR-128,,50,32.34,-103.92,0,12,2,0,1,1,0,1,2,1,0,1,0,0,5,9,5,31,88,88,0,0,0,2,0,1
35,350083,4,4,0,0,0,4,4,25,0,19,4,2016,3,11,46,0,1,5,1,3,SR-128,,420,32.157,-103.353,0,12,1,0,1,1,4,1,1,1,0,1,0,0,11,39,11,51,12,37,0,0,0,1,0,1
35,350086,1,1,0,0,0,2,2,53,0,23,4,2016,7,16,56,1,1,1,1,1,I-25,,1110,33.589,-107.161,0,5,0,0,1,1,0,4,1,6,0,6,0,0,16,57,17,27,99,99,0,0,0,2,0,1
35,350088,1,1,0,0,0,3,3,6,116,27,4,2016,4,2,13,1,1,1,1,1,I-40,,700,35.283,-107.986,0,38,0,0,1,1,0,10,2,1,0,1,0,0,2,16,2,28,3,6,0,0,0,1,0,1
35,350091,1,1,0,1,1,1,1,39,577,28,4,2016,5,22,20,0,1,4,1,2,US-84,,2020,36.15,-106.175,0,8,0,0,1,1,0,1,2,1,0,1,0,0,22,23,22,33,88,88,0,0,0,1,0,0
35,350092,1,1,0,0,0,4,4,53,493,29,4,2016,6,17,32,1,1,1,1,1,I-25,,156,34.161,-106.919,0,38,0,0,1,1,0,10,1,1,0,1,0,0,17,26,17,32,18,17,0,0,0,2,1,1
35,350093,2,2,0,1,1,3,3,53,493,30,4,2016,7,0,20,1,1,1,1,1,I-25,,1590,34.197,-106.925,0,8,0,0,1,1,0,1,2,1,0,1,0,0,0,16,0,24,88,88,0,0,0,1,0,1
35,350095,2,2,0,0,0,5,5,13,470,10,4,2016,1,0,13,1,2,1,1,1,I-25,,60,32.35,-106.771,0,12,1,0,1,1,0,1,3,1,0,1,0,0,0,2,0,5,0,31,0,0,0,4,1,1
35,350096,3,3,0,0,0,3,3,13,0,21,4,2016,5,17,18,1,1,1,1,1,I-10,,1110,32.243,-107.299,0,12,7,0,1,1,0,1,1,1,0,1,0,0,17,21,17,49,88,88,14,0,0,1,0,1
35,350098,1,1,0,0,0,1,1,43,879,5,4,2016,3,19,29,1,1,3,1,2,US-550,,295,35.567,-106.86,3,21,0,0,1,1,0,5,1,1,0,1,0,0,19,1,19,14,88,88,0,0,0,1,1,0
35,350099,1,1,0,1,1,1,1,43,706,21,4,2016,5,20,45,1,2,3,1,2,US-550,,30,35.326,-106.565,3,8,0,0,1,1,0,1,2,98,0,98,0,0,20,45,20,48,88,88,0,0,0,1,0,0
35,350100,1,1,0,1,1,1,1,45,0,4,4,2016,2,7,11,1,1,3,1,2,US-64,,290,36.759,-108.571,3,8,0,0,1,1,0,99,8,98,0,98,0,0,7,42,7,50,88,88,0,0,0,1,0,0
35,350101,1,1,0,0,0,3,3,29,0,9,4,2016,7,11,46,1,1,1,1,1,I-10,,890,32.286,-107.65,0,1,0,0,1,1,0,3,1,1,0,1,0,0,10,5,10,16,11,12,0,0,0,1,0,1
35,350102,1,1,0,0,0,2,2,25,0,17,4,2016,1,2,58,1,1,4,1,3,SR-18,,480,32.672,-103.128,0,11,0,0,1,1,0,1,3,1,0,1,0,0,2,57,3,1,4,7,0,0,0,1,1,2
35,350111,2,2,0,0,0,2,2,43,110,14,3,2016,2,16,14,1,2,3,1,2,US-550,EDMUND RD,20,35.325,-106.563,0,12,6,0,2,3,0,1,1,1,0,1,0,0,16,20,16,25,16,52,0,0,0,1,0,0
35,350113,2,2,0,0,0,6,6,57,0,4,5,2016,4,7,43,1,1,1,1,1,I-40,,2210,35.005,-105.613,0,12,7,0,1,1,0,1,1,1,0,1,0,0,7,46,8,9,8,29,0,0,0,1,0,1
35,350114,1,1,0,0,0,1,1,27,0,9,5,2016,2,10,15,1,1,2,1,2,US-285,,1800,34.308,-104.938,0,1,0,0,1,1,0,4,1,6,0,6,0,0,99,99,99,99,88,88,0,0,0,1,0,0
35,350115,1,1,0,0,0,1,1,6,0,12,5,2016,5,6,10,1,1,1,1,1,I-40,,1020,35.074,-107.561,0,21,0,0,1,1,0,4,4,1,0,1,0,0,99,99,99,99,88,88,0,0,0,1,0,1
35,350117,1,1,0,0,0,1,1,15,0,13,5,2016,6,7,45,0,1,5,1,3,SR-128,,70,32.334,-103.896,0,1,0,0,1,1,0,4,1,1,0,1,0,0,5,45,6,9,8,6,0,0,0,1,0,1
35,350118,2,2,0,0,0,4,4,29,0,14,5,2016,7,5,0,0,1,4,1,3,SR-26,,160,32.441,-107.559,0,12,2,0,1,1,0,1,4,1,0,1,0,0,5,22,5,36,6,21,0,0,0,2,1,1
35,350120,1,1,0,1,1,1,1,29,0,15,5,2016,1,5,41,1,1,1,1,1,I-10,,750,32.256,-107.879,0,8,0,0,1,1,0,1,2,1,0,1,0,0,5,32,5,42,88,88,0,0,0,1,0,1
35,350122,1,1,0,0,0,2,2,27,0,17,5,2016,3,4,53,1,1,3,1,2,US-54,,1060,33.463,-106.062,0,1,0,0,1,1,0,4,2,1,0,1,0,0,4,14,4,37,6,3,0,0,0,1,0,0
35,350123,1,1,0,0,0,1,1,27,0,20,5,2016,6,22,30,0,1,5,1,3,SR-37,,20,33.46,-105.677,0,5,0,0,1,1,0,1,2,1,0,1,0,0,22,51,23,11,88,88,0,0,0,1,0,1
35,350124,1,1,0,0,0,1,1,47,0,21,5,2016,7,2,7,1,1,1,1,1,I-25,,3630,35.76,-105.011,0,38,0,0,1,1,0,4,2,1,0,1,0,0,99,98,99,98,88,88,0,0,0,1,1,1
35,350125,1,1,0,0,0,1,1,15,0,22,5,2016,1,14,22,1,1,3,1,2,US-285,,520,32.587,-104.422,0,5,0,0,1,1,0,1,1,1,0,1,0,0,14,19,14,35,88,88,0,0,0,1,1,0
35,350126,2,2,0,0,0,4,4,43,742,27,5,2016,6,9,37,1,1,3,1,2,US-550,,230,35.543,-106.784,0,12,2,0,1,1,0,1,1,1,0,1,0,0,9,10,9,34,9,59,0,0,0,3,0,0
35,350127,2,2,0,0,0,2,2,39,703,29,5,2016,1,16,42,0,1,3,1,3,SR-68,SR-74,40,36.046,-106.062,3,12,6,0,2,3,0,1,1,1,0,1,0,0,16,34,16,40,16,58,0,0,0,1,1,2
35,350129,1,1,0,0,0,2,2,6,0,13,5,2016,6,10,6,0,1,5,1,3,SR-53,,700,34.957,-107.944,0,1,0,0,1,1,0,1,1,1,0,1,0,0,10,21,11,15,12,14,0,0,0,1,0,2
35,350133,1,1,0,1,1,1,1,31,583,1,6,2016,4,23,4,0,1,5,1,3,SR-118,,140,35.5,-108.863,0,8,0,0,1,1,0,1,2,1,0,1,0,0,99,99,99,99,88,88,0,0,0,1,0,2
35,350135,2,2,0,0,0,4,4,43,711,3,6,2016,6,5,0,1,2,1,1,1,I-25,,2470,35.369,-106.482,3,12,2,0,1,1,0,1,2,1,0,1,0,0,5,12,5,21,5,45,0,0,0,2,1,1
35,350136,1,1,0,0,0,4,4,11,0,5,6,2016,1,12,55,1,1,3,1,2,US-285,,1660,34.12,-104.824,0,1,0,0,1,1,0,4,1,1,0,1,0,0,12,52,13,40,14,55,0,0,0,1,0,0
35,350140,1,1,0,0,0,1,1,5,0,16,6,2016,5,2,10,0,1,4,1,2,US-380,,2000,33.404,-103.742,0,38,0,0,1,1,0,4,2,1,0,1,0,0,2,9,2,49,88,88,0,0,0,1,0,0
35,350141,1,1,0,0,0,4,4,29,0,16,6,2016,5,12,14,1,1,1,1,1,I-10,,1030,32.238,-107.411,0,1,0,0,1,1,0,3,1,1,0,1,0,0,12,13,12,30,13,20,0,0,0,1,0,1
35,350142,2,2,0,0,0,5,5,49,0,18,6,2016,7,7,50,0,1,4,1,3,SR-14,TURQUOISE TRAIL CT,390,35.501,-106.064,0,12,8,0,3,3,0,1,1,1,0,1,0,0,7,51,8,1,88,88,0,0,0,1,0,2
35,350143,2,2,0,0,0,3,3,7,0,16,6,2016,5,13,15,1,1,1,1,1,I-25,,4580,36.954,-104.475,0,1,0,0,1,1,0,1,1,1,0,1,0,0,13,3,13,8,13,28,14,0,0,1,0,1
35,350145,1,1,0,0,0,1,1,5,0,19,6,2016,1,23,0,1,1,3,1,2,US-70,,3520,33.603,-104.312,0,1,0,0,1,1,0,4,2,1,0,1,0,0,99,99,99,99,88,88,0,0,0,1,0,0
35,350150,1,1,0,0,0,1,1,53,493,30,6,2016,5,10,20,1,1,1,1,1,I-25,,1560,34.159,-106.918,0,1,0,0,1,1,0,4,1,1,0,1,0,0,10,21,10,28,10,42,0,0,0,1,0,1
35,350152,3,3,0,0,0,4,4,1,30,5,6,2016,1,2,20,1,2,1,1,1,I-40,,0,35.106,-106.645,0,12,1,0,1,1,0,1,3,1,0,1,0,0,2,23,2,26,2,42,0,0,0,1,1,1
35,350154,1,1,0,0,0,1,1,43,706,23,6,2016,5,22,53,1,2,1,1,1,I-25,,2440,35.344,-106.512,3,1,0,0,1,1,0,4,2,1,0,1,0,0,22,43,22,52,88,88,0,0,0,1,1,1
35,350159,2,2,0,0,0,2,2,9,0,17,6,2016,6,16,41,1,1,3,1,2,US-70,,4370,34.337,-103.197,0,12,1,0,7,1,0,1,1,1,0,1,0,0,16,9,16,14,88,88,0,0,0,1,0,0
35,350160,1,1,0,0,0,1,1,7,0,28,5,2016,7,10,30,0,1,4,1,2,US-64,,2740,36.425,-105.325,0,1,0,0,1,1,0,1,1,1,0,1,0,0,8,50,9,27,10,59,0,0,0,1,0,0
35,350161,1,1,0,0,0,1,1,53,0,5,6,2016,1,16,29,1,1,1,1,1,I-25,,1450,34,-106.894,0,35,0,0,1,1,0,4,1,1,0,1,0,0,16,29,16,45,17,53,0,0,0,1,0,1
35,350164,1,1,0,0,0,3,3,53,0,18,6,2016,7,22,30,1,1,1,1,1,I-25,,1450,33.998,-106.894,0,1,0,0,1,1,0,3,2,1,0,1,0,0,22,29,22,34,22,45,0,0,0,1,0,1
35,350166,2,2,0,0,0,2,2,31,583,2,7,2016,7,9,31,1,1,1,1,1,I-40,,140,35.494,-108.873,0,12,1,0,1,1,0,2,1,1,0,1,0,0,99,98,99,98,88,88,0,0,0,1,0,1
35,350170,1,1,0,1,1,2,2,31,340,11,7,2016,2,21,59,1,1,1,1,1,I-40,,200,35.524,-108.774,0,8,0,0,1,1,0,1,2,1,0,1,0,0,22,2,22,7,88,88,0,0,0,1,0,1
35,350172,1,1,0,0,0,3,3,13,0,30,5,2016,2,20,23,1,1,1,1,1,I-25,,320,32.669,-107.004,0,1,0,0,1,1,0,4,2,1,0,1,0,0,20,4,20,17,88,88,0,0,0,1,0,1
35,350175,2,2,0,0,0,3,3,53,698,18,7,2016,2,13,41,1,1,1,1,1,I-25,,1352,33.863,-106.908,0,1,0,0,1,1,0,3,1,1,0,1,0,0,13,42,13,53,14,19,0,0,0,1,0,1
35,350179,1,1,0,1,1,1,1,45,867,27,7,2016,4,0,35,1,1,3,1,2,US-64,,340,36.76,-108.497,3,8,0,0,1,1,0,1,2,1,0,1,0,0,99,98,99,98,88,88,0,0,0,1,0,0
35,350180,2,2,0,0,0,3,3,57,0,30,7,2016,7,10,16,1,1,1,1,1,I-40,,2100,35.005,-105.803,0,1,0,0,1,1,0,1,1,1,0,1,0,0,99,98,99,98,88,88,14,0,0,1,0,1
35,350181,1,1,0,0,0,3,3,6,702,23,7,2016,7,13,27,0,1,5,1,3,SR-124,,120,35.084,-107.585,0,1,0,0,1,1,0,1,1,1,0,1,0,0,13,23,13,31,13,54,0,0,0,1,1,1
35,350182,1,1,0,0,0,1,1,27,0,26,7,2016,3,15,36,0,1,4,1,2,US-380,,770,33.581,-105.691,0,1,0,0,1,1,0,1,1,1,0,1,0,0,15,41,16,0,18,24,0,0,0,1,0,0
35,350183,1,1,0,0,0,3,3,49,0,13,5,2016,6,16,43,1,1,1,1,1,I-25,,2880,35.584,-105.902,0,1,0,0,1,1,0,1,1,1,0,1,0,0,16,32,16,37,99,99,0,0,0,1,0,1
35,350184,1,1,0,1,1,1,1,61,530,23,4,2016,7,22,40,0,2,4,1,3,SR-47,,0,34.784,-106.705,0,9,0,0,1,1,0,2,2,1,0,1,0,0,22,42,22,46,23,38,0,0,0,1,0,2
35,350187,1,1,0,0,0,1,1,49,0,4,7,2016,2,22,53,1,1,1,1,1,I-25,,2990,35.582,-105.767,0,1,0,0,1,1,0,4,2,1,0,1,0,0,22,48,23,0,88,88,0,0,0,1,0,1
35,350188,1,1,0,0,0,2,2,7,0,9,7,2016,7,12,40,1,1,1,1,1,I-25,,4230,36.499,-104.569,0,1,0,0,1,1,0,4,1,1,0,1,0,0,12,45,13,9,14,11,0,0,0,1,0,1
35,350189,1,1,0,0,0,2,2,11,0,11,7,2016,2,16,20,1,1,3,1,2,US-285,,1660,34.129,-104.832,0,1,0,0,1,1,0,4,1,1,0,1,0,0,17,2,17,42,18,15,0,0,0,1,1,0
35,350190,2,2,0,0,0,4,4,19,0,16,7,2016,7,2,37,1,1,3,1,2,US-54,,2150,34.701,-105.068,0,11,0,0,1,1,0,1,2,1,0,1,0,0,2,34,3,0,3,40,0,0,0,3,0,0
35,350191,1,1,0,0,0,1,1,51,0,17,7,2016,1,17,40,1,1,1,1,1,I-25,,630,32.947,-107.315,0,24,0,0,1,1,0,4,1,1,0,1,0,0,17,44,18,0,88,88,0,0,0,1,0,1
35,350192,1,1,0,0,0,5,5,59,240,18,7,2016,2,3,0,1,1,3,1,2,US-64,,3860,36.76,-103.831,0,59,0,0,1,1,0,4,2,1,0,1,0,0,3,5,3,16,99,99,0,0,0,1,0,0
35,350194,2,2,0,0,0,2,2,19,0,19,7,2016,3,7,28,1,1,3,1,2,US-84,BURROW PIT RD,720,35.115,-105.024,0,12,1,0,3,3,0,1,1,1,0,1,0,0,7,0,7,25,88,88,0,0,0,1,0,0
35,350195,1,1,0,0,0,5,5,29,0,27,6,2016,2,19,4,0,1,4,1,3,SR-26,,330,32.588,-107.364,0,1,0,0,1,1,0,4,1,1,0,1,0,0,19,5,19,33,21,48,0,0,0,1,0,1
35,350201,3,3,0,0,0,5,5,45,745,9,7,2016,7,2,32,1,2,3,1,2,US-64,,240,36.786,-108.646,3,12,2,0,1,1,0,1,2,1,0,1,0,0,2,40,2,42,3,54,0,0,0,3,3,0
35,350203,2,2,0,0,0,3,3,49,261,17,6,2016,6,1,14,1,1,1,1,1,I-40,,1860,35.068,-106.202,0,12,2,0,1,1,0,1,2,1,0,1,0,0,0,54,1,6,2,10,0,0,0,1,1,1
35,350205,2,2,0,0,0,3,3,1,0,22,7,2016,6,7,30,1,2,1,1,1,I-40,,1500,35.073,-106.771,0,12,1,0,1,1,0,1,1,1,0,1,0,0,7,37,7,49,88,88,0,0,0,2,0,1
35,350207,1,1,0,0,0,6,6,61,530,8,8,2016,2,11,28,1,2,1,1,1,I-25,,2030,34.798,-106.768,0,1,0,0,1,1,0,3,1,1,0,1,0,0,11,32,11,37,12,5,0,0,0,1,0,1
35,350208,1,1,0,0,0,1,1,39,0,27,8,2016,7,22,55,0,1,4,1,2,US-84,,2240,36.308,-106.466,0,1,0,0,1,1,0,1,2,1,0,1,0,0,22,59,23,27,88,88,0,0,0,1,1,0
35,350211,2,2,0,0,0,2,2,43,706,18,8,2016,5,14,41,1,1,3,1,2,US-550,,100,35.416,-106.642,3,12,6,0,1,1,0,1,1,2,0,2,0,0,99,99,99,99,88,88,0,0,0,2,0,0
35,350212,2,2,0,0,0,2,2,49,0,19,8,2016,6,20,42,1,1,1,1,1,I-25,,2940,35.548,-105.827,0,25,0,1,19,1,0,3,8,1,0,1,0,0,20,42,20,50,21,50,0,0,0,1,0,1
35,350213,2,2,0,0,0,6,6,31,340,3,8,2016,4,19,5,0,1,5,1,3,SR-118,I-40 RAMP,330,35.513,-108.543,0,12,6,0,2,3,0,1,1,2,10,2,0,0,19,8,19,20,19,46,0,0,0,1,0,2
35,350214,1,1,0,0,0,2,2,6,457,4,8,2016,5,3,58,1,1,1,1,1,I-40,,1083,35.033,-107.47,3,1,0,1,18,1,0,1,2,1,0,1,0,0,4,2,4,5,5,37,0,0,0,1,0,1
35,350215,1,1,0,0,0,1,1,11,330,8,8,2016,2,8,36,1,1,3,1,2,US-60,,3320,34.452,-104.185,0,58,0,0,1,1,0,4,1,1,0,1,0,0,99,99,99,99,88,88,0,0,0,1,1,0
35,350216,3,3,0,0,0,4,4,31,642,15,8,2016,2,9,42,1,1,1,1,1,I-40,,600,35.377,-108.106,0,12,6,0,1,1,0,1,1,1,0,1,0,0,9,43,9,51,10,36,0,0,0,1,0,1
35,350217,1,1,0,0,0,1,1,49,0,21,8,2016,1,22,14,1,2,1,1,1,I-25,,2710,35.559,-106.11,0,42,0,0,1,1,0,10,2,2,0,2,0,0,22,17,22,39,88,88,0,0,0,1,1,1
35,350222,1,1,0,0,0,5,5,33,0,26,7,2016,3,8,22,1,1,1,1,1,I-25,,3760,35.891,-104.843,0,1,0,0,1,1,0,2,1,1,0,1,0,0,6,30,7,24,8,13,0,0,0,1,0,1
35,350230,2,2,0,0,0,2,2,39,577,22,9,2016,5,20,40,0,1,4,1,2,US-84,,2040,36.173,-106.206,0,12,2,0,1,1,0,1,2,1,0,1,0,0,20,46,20,58,21,37,0,0,0,2,1,0
35,350232,2,2,0,0,0,5,5,31,642,29,7,2016,6,12,44,1,1,1,1,1,I-40,,620,35.371,-108.077,0,12,1,0,1,1,0,1,1,1,0,1,0,0,12,46,13,2,13,45,0,0,0,1,0,1
35,350233,1,1,0,0,0,1,1,19,0,21,8,2016,1,15,38,0,1,4,1,2,US-60,,2760,34.578,-105.098,0,1,0,0,1,1,0,4,1,1,0,1,0,0,15,44,15,55,88,88,0,0,0,1,0,0
35,350234,2,2,0,0,0,4,4,31,0,29,8,2016,2,1,52,1,1,1,1,1,I-40,,370,35.491,-108.484,0,12,2,0,1,1,0,1,2,1,0,1,0,0,2,4,2,20,3,21,0,0,0,1,0,1
35,350235,1,1,0,0,0,1,1,13,470,1,9,2016,5,15,49,1,2,2,1,2,US-70,,1580,32.406,-106.656,0,24,0,0,1,1,0,10,1,2,0,2,0,0,15,47,15,56,88,88,0,0,0,1,0,0
35,350236,1,1,0,1,1,1,1,13,0,3,9,2016,7,3,41,1,2,1,1,1,I-10,,1430,32.271,-106.749,0,8,0,0,1,1,0,1,2,1,0,1,0,0,99,98,99,98,88,88,0,0,0,1,0,1
35,350237,1,1,0,0,0,1,1,19,0,3,9,2016,7,16,55,0,1,6,1,3,SR-91,,50,34.886,-104.643,0,1,0,0,1,1,0,4,1,1,0,1,0,0,15,0,15,15,15,32,0,0,0,1,1,2
35,350239,1,1,0,0,0,1,1,53,760,13,8,2016,7,9,0,1,1,3,1,2,US-60,,1220,34.103,-107.11,0,34,0,0,1,1,0,4,1,1,0,1,0,0,99,99,99,99,99,99,0,0,0,1,0,0
35,350240,3,3,0,0,0,3,3,25,0,4,9,2016,1,10,14,0,1,5,1,3,SR-128,,470,32.138,-103.28,0,12,7,0,1,1,0,1,1,1,0,1,0,0,10,15,10,26,88,88,0,0,0,2,0,1
35,350241,4,4,0,0,0,16,16,43,740,17,9,2016,7,14,42,1,1,1,1,1,I-25,,2590,35.471,-106.304,3,12,1,0,1,1,1,1,1,1,0,1,0,0,14,49,15,5,17,5,0,0,0,1,0,1