STATE,ST_CASE,VE_TOTAL,VE_FORMS,PVH_INVL,PEDS,PERNOTMVIT,PERMVIT,PERSONS,COUNTY,CITY,DAY,MONTH,YEAR,DAY_WEEK,HOUR,MINUTE,NHS,RUR_URB,FUNC_SYS,RD_OWNER,ROUTE,TWAY_ID,TWAY_ID2,MILEPT,LATITUDE,LONGITUD,SP_JUR,HARM_EV,MAN_COLL,RELJCT1,RELJCT2,TYP_INT,WRK_ZONE,REL_ROAD,LGT_COND,WEATHER1,WEATHER2,WEATHER,SCH_BUS,RAIL,NOT_HOUR,NOT_MIN,ARR_HOUR,ARR_MIN,HOSP_HR,HOSP_MN,CF1,CF2,CF3,FATALS,DRUNK_DR,RANK
35,350243,2,2,0,0,0,3,3,55,623,31,8,2016,4,19,11,1,1,3,1,2,US-285,SR-414,3520,36.302,-106.045,0,12,6,0,2,3,0,1,1,1,0,1,0,0,19,25,19,44,88,88,0,0,0,1,1,0
35,350245,1,1,0,0,0,2,2,1,30,11,8,2016,5,20,21,1,2,1,1,1,I-25,,2170,34.97,-106.656,0,1,0,0,1,1,0,4,2,1,0,1,0,0,20,34,20,44,21,6,0,0,0,1,1,1
35,350248,2,2,0,0,0,6,6,6,360,18,9,2016,1,14,9,0,2,5,1,3,SR-117,,610,35.132,-107.813,0,12,6,0,1,1,0,1,1,1,0,1,0,0,13,56,14,1,15,21,0,0,0,1,0,2
35,350249,1,1,0,0,0,1,1,7,0,18,9,2016,1,14,14,0,1,5,1,3,SR-58,,60,36.479,-104.8,0,1,0,0,1,1,0,1,1,1,0,1,0,0,14,17,14,29,88,88,0,0,0,1,0,1
35,350251,3,1,2,0,0,1,1,49,561,21,9,2016,4,5,58,0,1,4,1,3,SR-14,,280,35.405,-106.154,0,1,0,0,1,1,0,1,3,1,0,1,0,0,6,13,6,14,88,88,0,0,0,1,0,2
35,350252,2,2,0,0,0,2,2,49,0,24,9,2016,7,23,46,1,2,1,1,1,I-25,,2850,35.625,-105.921,0,12,2,0,1,1,0,1,2,1,0,1,0,0,23,47,23,58,88,88,0,0,0,2,1,1
35,350255,2,2,0,0,0,3,3,27,28,17,9,2016,7,18,15,0,1,4,1,3,SR-48,SR-220,110,33.419,-105.671,0,12,1,0,3,3,0,1,1,1,0,1,0,0,18,10,18,21,18,47,0,0,0,1,0,1
35,350260,1,1,0,1,1,2,2,5,0,23,9,2016,6,19,44,0,1,4,1,2,US-380,,1620,33.397,-104.394,0,8,0,0,1,1,0,1,2,1,0,1,0,0,99,99,99,99,88,88,0,0,0,1,0,0
35,350262,1,1,0,0,0,4,4,13,0,30,9,2016,6,18,49,1,1,1,1,1,I-25,,120,32.417,-106.833,0,1,0,0,1,1,0,3,1,1,0,1,0,0,18,44,18,52,99,99,0,0,0,1,0,1
35,350265,2,2,0,0,0,4,4,6,457,20,7,2016,4,22,43,1,1,1,1,1,I-40,,1240,34.993,-107.235,3,12,11,0,1,1,0,1,2,1,0,1,0,0,22,45,22,57,0,18,0,0,0,2,0,1
35,350266,3,3,0,0,0,7,7,1,30,10,8,2016,4,7,41,1,2,1,1,1,I-40,,1540,35.088,-106.742,0,12,1,1,18,1,0,1,1,2,0,2,0,0,7,45,7,54,8,12,19,27,0,1,0,1
35,350267,1,1,0,0,0,1,1,1,30,6,10,2016,5,16,54,1,2,1,1,1,I-25,,2250,35.091,-106.634,0,39,0,0,1,1,0,4,1,1,0,1,0,0,17,11,17,11,17,21,0,0,0,1,0,1
35,350272,2,1,1,0,0,1,1,47,0,6,9,2016,3,13,46,1,1,1,1,1,I-25,,3360,35.462,-105.277,0,18,0,1,18,1,1,1,1,2,0,2,0,0,13,45,14,2,99,96,0,0,0,1,0,1
35,350275,2,2,0,0,0,3,3,25,0,7,10,2016,6,19,21,0,1,4,1,2,US-380,,2240,33.257,-103.37,0,12,8,0,1,1,0,1,2,1,0,1,0,0,19,30,19,54,20,38,0,0,0,1,0,0
35,350276,1,1,0,1,1,5,5,35,0,10,10,2016,2,21,6,1,1,3,1,2,US-70,,2450,33.163,-105.759,3,8,0,0,1,1,0,2,2,1,0,1,0,0,20,55,21,0,88,88,0,0,0,1,0,0
35,350277,2,2,0,0,0,3,3,6,360,11,10,2016,3,19,11,1,1,1,1,1,I-40,,848,35.127,-107.834,0,1,0,1,19,1,0,3,2,1,0,1,0,0,19,11,19,16,19,47,0,0,0,2,0,1
35,350278,1,1,0,0,0,2,2,29,0,14,10,2016,6,7,12,1,1,1,1,1,I-10,,749,32.255,-107.884,0,1,0,0,1,1,0,10,1,1,0,1,0,0,7,26,7,37,8,6,0,0,0,1,0,1
35,350279,2,2,0,0,0,4,4,6,0,18,10,2016,3,19,29,1,1,1,1,1,I-40,,984,35.076,-107.623,0,12,6,0,1,1,0,1,2,1,0,1,0,0,19,30,19,41,20,44,0,0,0,1,1,1
35,350284,1,1,0,1,1,2,2,19,730,25,10,2016,3,0,58,1,1,1,1,1,I-40,,2770,34.948,-104.64,0,8,0,1,18,1,0,1,2,1,0,1,0,0,99,99,99,99,88,88,0,0,0,1,0,1
35,350286,1,1,0,1,1,5,5,31,0,28,10,2016,6,20,55,0,1,3,1,3,SR-118,,293,35.531,-108.612,0,8,0,0,1,1,0,1,2,1,0,1,0,0,99,99,99,99,88,88,0,0,0,1,0,2
35,350287,1,1,0,0,0,1,1,27,0,31,10,2016,2,20,22,0,1,4,1,2,US-380,,899,33.524,-105.503,0,38,0,0,1,1,0,4,2,1,0,1,0,0,20,17,20,29,88,88,0,0,0,1,0,0
35,350288,1,1,0,0,0,1,1,11,0,13,10,2016,5,14,52,0,1,4,1,2,US-60,,3050,34.441,-104.63,0,1,0,0,1,1,0,4,1,1,0,1,0,0,14,58,15,22,88,88,0,0,0,1,1,0
35,350289,1,1,0,0,0,2,2,31,0,23,10,2016,1,23,42,0,1,5,1,3,SR-53,,260,35.113,-108.604,3,1,0,0,1,1,0,4,2,1,0,1,0,0,23,42,23,56,0,28,0,0,0,1,1,2
35,350290,1,1,0,1,1,1,1,23,850,10,10,2016,2,13,40,0,1,5,1,3,SR-92,,10,32.694,-109.037,0,8,0,0,1,1,0,4,1,1,0,1,0,0,99,99,99,99,99,99,0,0,0,1,0,2
35,350291,1,1,0,1,1,2,2,45,456,14,10,2016,6,19,58,1,1,3,1,2,US-64,,455,36.737,-108.294,0,8,0,0,1,1,0,1,2,1,0,1,0,0,20,0,20,6,88,88,0,0,0,1,0,0
35,350293,2,2,0,0,0,3,3,23,0,29,10,2016,7,6,37,1,1,1,1,1,I-10,,0,32.227,-109.048,0,12,6,0,1,1,0,1,2,1,0,1,0,0,6,39,7,5,88,88,0,0,0,1,0,1
35,350296,1,1,0,0,0,1,1,13,0,2,11,2016,4,14,16,1,1,3,1,2,US-70,,1660,32.436,-106.548,0,34,0,0,1,1,0,4,1,1,0,1,0,0,12,31,12,51,13,29,0,0,0,1,0,0
35,350297,1,1,0,1,1,2,2,57,870,3,11,2016,5,6,52,0,1,4,1,2,US-60,,2170,34.599,-106.052,0,8,0,0,1,1,0,1,2,1,0,1,0,0,99,99,99,99,88,88,0,0,0,1,0,0
35,350299,2,2,0,0,0,5,5,1,30,12,11,2016,7,0,20,1,2,1,1,1,I-25,,2280,35.128,-106.617,0,12,1,0,1,1,0,1,3,1,0,1,0,0,0,23,0,27,0,54,0,0,0,1,0,1
35,350304,1,1,0,0,0,1,1,35,0,21,11,2016,2,13,23,1,1,3,1,2,US-70,,1960,32.737,-106.203,2,1,0,0,1,1,0,4,1,1,0,1,0,0,13,13,13,27,88,88,0,0,0,1,0,0
35,350311,1,1,0,0,0,1,1,47,0,24,11,2016,5,7,37,1,1,1,1,1,I-25,,3560,35.697,-105.108,0,1,0,0,1,1,0,3,1,1,0,1,0,0,99,99,99,99,88,88,0,0,0,1,0,1
35,350321,2,2,0,0,0,3,3,39,3,7,12,2016,4,18,16,0,1,4,1,2,US-84,,2140,36.223,-106.362,0,12,2,0,1,1,0,1,2,1,0,1,0,0,18,19,18,57,99,99,0,0,0,1,1,0
35,350323,1,1,0,0,0,1,1,5,0,9,12,2016,6,17,10,1,1,3,1,2,US-70,,3450,33.54,-104.422,0,24,0,0,1,1,0,4,5,1,0,1,0,0,99,99,99,99,88,88,0,0,0,1,0,0
35,350324,1,1,0,0,0,2,2,31,9997,15,12,2016,5,10,3,1,1,1,1,1,I-40,,380,35.488,-108.469,0,1,0,0,1,1,0,3,1,1,0,1,0,0,9,33,9,38,11,0,0,0,0,1,0,1
35,350326,5,5,0,0,0,7,7,31,340,17,12,2016,7,14,18,1,1,1,1,1,I-40,,160,35.506,-108.83,0,12,1,1,18,1,0,1,1,1,0,1,0,0,14,16,14,29,15,5,0,0,0,1,0,1
35,350330,2,2,0,0,0,3,3,1,30,13,10,2016,5,9,6,1,1,1,1,1,I-40,,1420,35.039,-106.915,0,12,1,0,1,1,0,1,1,1,0,1,0,0,9,8,9,26,88,88,0,0,0,1,0,1
35,350331,1,1,0,0,0,1,1,41,0,13,8,2016,7,11,15,1,1,3,1,2,US-70,,4330,34.284,-103.213,0,38,0,0,1,1,0,4,1,98,0,98,0,0,9,44,9,51,10,14,20,0,0,1,0,0
35,350337,1,1,0,0,0,4,4,25,0,4,12,2016,1,2,59,0,1,4,1,3,SR-18,,460,32.642,-103.128,0,1,0,0,1,1,0,3,2,1,0,1,0,0,2,57,3,6,4,0,0,0,0,1,1,2
35,350341,1,1,0,1,1,1,1,53,548,30,12,2016,6,21,47,0,1,5,1,3,SR-1,,560,33.978,-106.883,0,8,0,0,1,1,0,1,3,1,0,1,0,0,21,43,21,54,22,2,0,0,0,1,0,1
35,350344,2,2,0,0,0,2,2,49,261,8,12,2016,5,9,11,1,1,1,1,1,I-40,,1850,35.075,-106.221,0,12,1,0,1,1,0,1,1,4,10,4,0,0,99,99,99,99,99,99,0,0,0,1,0,1
35,350345,2,2,0,0,0,3,3,43,0,6,11,2016,1,17,3,1,1,3,1,2,US-550,SR-537,850,36.146,-107.264,3,12,6,0,2,3,0,1,5,1,0,1,0,0,17,34,18,23,19,13,0,0,0,2,1,0
35,350349,3,3,0,0,0,3,3,19,0,17,12,2016,7,10,0,1,1,1,1,1,I-40,,2900,35.022,-104.431,0,12,9,0,1,1,0,1,1,4,10,4,0,0,99,99,99,99,99,99,19,23,0,1,0,1
35,350352,2,2,0,0,0,7,7,1,30,21,12,2016,4,17,50,1,2,1,1,1,I-40,,0,35.088,-106.545,0,12,1,1,18,1,0,1,3,1,0,1,0,0,17,45,17,49,18,22,0,0,0,1,0,1
35,350360,1,1,0,1,1,2,2,31,0,14,12,2016,4,19,37,1,1,1,1,1,I-40,,530,35.396,-108.22,0,8,0,1,18,1,0,1,2,1,0,1,0,0,99,99,99,99,99,99,0,0,0,1,0,1
35,350361,1,1,0,0,0,2,2,55,0,31,10,2016,2,22,40,0,1,3,1,3,SR-68,,320,36.305,-105.741,0,11,0,0,1,1,0,1,2,1,0,1,0,0,22,39,22,54,23,33,0,0,0,1,0,2
36,360003,1,1,0,0,0,1,1,71,4130,1,1,2016,6,4,57,0,2,3,1,3,SR-32,,0,41.454,-74.057,0,1,0,0,1,1,0,4,2,10,0,10,0,0,4,57,5,3,88,88,0,0,0,1,1,2
36,360009,1,1,0,0,0,1,1,69,3490,8,1,2016,6,10,29,1,1,1,1,1,I-90,,3380,100,1000,0,42,0,0,1,1,0,3,1,10,0,10,0,0,10,29,10,39,11,0,0,0,0,1,0,0
36,360011,2,2,0,0,0,2,2,103,5810,8,1,2016,6,6,54,1,1,3,1,3,SR-27,,0,40.927,-72.33,0,12,2,0,1,1,0,1,4,10,0,10,0,0,6,54,99,99,99,99,0,0,0,1,0,2
36,360013,1,1,0,1,1,1,1,37,410,9,1,2016,7,19,1,0,2,4,1,3,SR-5,BANK ST,0,42.997,-78.182,0,8,0,0,3,2,0,1,3,10,0,10,0,0,19,1,19,1,19,46,0,0,0,1,0,1
36,360015,2,2,0,0,0,2,2,27,2000,11,1,2016,2,12,45,0,1,3,1,3,SR-9,,0,41.502,-73.903,0,12,2,0,1,1,0,1,1,1,0,1,0,0,12,51,12,56,13,27,0,0,0,1,0,2
36,360017,2,2,0,0,0,2,2,17,5650,11,1,2016,2,10,21,0,1,4,1,3,SR-12,,99998,42.682,-75.5,0,12,2,0,1,1,0,1,1,10,0,10,0,0,10,21,10,40,12,0,0,0,0,1,0,2
36,360020,2,2,0,0,0,4,4,29,1899,12,1,2016,3,16,23,1,1,3,1,2,US-20,VERSAILLES PLANK RD,0,42.66,-78.972,0,12,2,0,3,2,0,1,1,4,0,4,0,0,16,23,16,30,16,55,0,0,0,1,0,0
36,360022,1,1,0,1,1,1,1,91,390,14,1,2016,5,20,43,0,2,3,1,3,SR-9,,0,43.027,-73.792,0,8,0,0,1,1,0,1,2,10,0,10,0,0,20,44,20,49,21,4,0,0,0,1,0,2
36,360030,2,2,0,0,0,2,2,119,5802,17,1,2016,1,21,2,0,2,4,1,2,US-202,,0,41.318,-73.73,0,12,2,0,1,1,0,1,2,4,0,4,0,0,99,99,99,99,99,99,0,0,0,1,1,0
36,360034,3,3,0,0,0,4,4,7,3064,21,1,2016,5,4,40,1,1,1,1,1,I-81,,0,100,1000,0,12,1,0,1,1,0,1,2,4,0,4,0,0,4,42,4,47,88,88,0,0,0,1,0,0
36,360039,1,1,0,0,0,1,1,71,4980,23,1,2016,7,4,20,1,1,1,1,1,I-84,,94,100,1000,0,1,0,0,1,1,0,3,2,1,0,1,0,0,4,20,4,25,5,9,0,0,0,1,1,1
36,360040,1,1,0,0,0,1,1,43,2120,3,1,2016,1,19,11,0,1,3,1,3,SR-5,,0,43.103,-75.161,0,53,0,0,1,1,0,4,2,10,0,10,0,0,20,10,20,45,88,88,0,0,0,1,1,1
36,360042,2,2,0,0,0,2,2,59,710,25,1,2016,2,21,21,0,1,3,1,3,SR-106,BROOKVILLE RD,0,40.804,-73.537,0,12,2,0,2,3,0,1,3,1,0,1,0,0,21,20,21,22,21,45,0,0,0,1,0,2
36,360048,2,2,0,0,0,2,2,69,1961,26,1,2016,3,11,27,0,1,4,1,3,SR-96,CR-8,0,42.973,-77.319,0,12,6,0,2,2,0,1,1,10,0,10,0,0,11,27,11,25,13,22,0,0,0,1,0,2
36,360050,1,1,0,0,0,1,1,71,4980,28,1,2016,5,7,3,1,1,3,1,2,US-6,,0,41.367,-74.606,0,42,0,0,1,1,0,4,4,1,0,1,0,0,7,4,7,16,7,34,0,0,0,1,0,0
36,360056,1,1,0,0,0,2,2,43,4445,30,1,2016,7,5,56,0,1,3,1,3,SR-28,,0,43.605,-75.104,0,48,0,0,1,1,0,4,2,10,0,10,0,0,5,56,6,15,99,99,0,0,0,1,0,2
36,360057,2,2,0,0,0,2,2,65,610,3,2,2016,4,19,16,1,1,3,1,3,SR-12,,0,43.468,-75.295,0,12,2,0,1,1,0,1,2,10,0,10,0,0,19,16,19,20,20,40,0,0,0,1,0,2
36,360062,1,1,0,1,1,1,1,61,4170,10,2,2016,4,20,48,0,2,3,4,6,BROADWAY,W 165TH ST,0,40.839,-73.941,0,8,0,0,3,2,0,1,3,1,0,1,0,0,20,48,99,99,99,99,0,0,0,1,0,2
36,360065,1,1,0,1,1,1,1,81,4170,10,2,2016,4,0,17,1,2,3,1,3,SR-27 SUNRISE HWY,FRANCIS LEWIS BLVD,0,40.665,-73.735,0,8,0,0,3,2,0,1,3,4,0,4,0,0,99,99,99,99,99,99,0,0,0,1,0,0
36,360066,1,1,0,1,1,1,1,59,4600,7,2,2016,1,18,25,0,2,3,1,3,SR-107,,0,40.709,-73.483,0,9,0,0,1,1,0,1,3,1,0,1,0,0,18,30,18,33,18,43,0,0,0,1,0,2
36,360067,1,1,0,0,0,2,2,21,1195,16,1,2016,7,23,2,1,1,3,1,2,US-9,,0,42.09,-73.822,0,52,0,0,1,1,0,4,2,10,0,10,0,0,23,2,99,99,99,99,0,0,0,1,1,0
36,360068,2,2,0,0,0,2,2,91,389,11,2,2016,5,8,8,0,1,3,1,3,SR-67,PAISLEY RD,0,42.994,-73.922,0,12,6,0,3,3,0,1,1,10,0,10,0,0,8,8,8,18,99,99,0,0,0,1,0,2
36,360071,1,1,0,1,1,1,1,109,2460,3,2,2016,4,19,27,0,1,3,1,3,SR-38,,0,42.569,-76.365,0,8,0,0,1,1,0,1,2,10,0,10,0,0,19,29,19,42,88,88,0,0,0,1,0,2
36,360074,3,3,0,0,0,10,10,101,420,16,2,2016,3,12,15,0,1,3,1,3,SR-53,,0,42.443,-77.323,0,12,8,0,1,1,0,1,1,3,12,3,0,0,12,16,12,30,13,20,0,0,0,1,0,2
36,360075,2,2,0,0,0,2,2,97,1003,16,2,2016,3,8,2,1,1,3,1,3,SR-13,,0,42.288,-76.732,0,12,8,0,1,1,0,1,1,3,12,3,0,0,8,2,8,14,9,10,0,0,0,1,0,2
36,360076,2,2,0,0,0,2,2,75,3700,17,2,2016,4,7,16,1,1,3,1,3,SR-104,,0,43.457,-76.128,0,12,2,0,1,1,0,2,1,10,0,10,0,0,7,17,7,24,11,45,0,0,0,1,0,2
36,360087,1,1,0,1,1,1,1,83,1648,4,1,2016,2,12,54,1,2,3,1,2,US-20,,0,42.628,-73.742,0,8,0,0,1,1,0,2,1,10,0,10,0,0,13,7,14,2,16,30,0,0,0,1,0,0
36,360089,1,1,0,0,0,1,1,43,2120,17,2,2016,4,8,33,1,1,1,1,1,I-90,,2307,43.104,-75.166,0,24,0,0,1,1,0,3,1,10,0,10,0,0,8,33,8,42,88,88,0,0,0,1,0,0
36,360094,3,3,0,0,0,6,6,33,770,6,1,2016,4,16,35,1,1,3,1,2,US-11,,0,44.92,-74.163,0,12,6,0,1,1,0,1,1,1,0,1,0,0,16,44,16,56,17,32,0,0,0,1,1,0
36,360095,1,1,0,0,0,1,1,75,2569,27,2,2016,7,17,57,0,1,7,3,4,CR-12,,0,100,1000,0,42,0,0,1,1,0,4,5,10,0,10,0,0,17,57,18,5,18,35,0,0,0,1,1,2
36,360099,1,1,0,0,0,2,2,97,478,28,2,2016,1,10,22,0,1,7,2,4,CR-16,,0,42.291,-77.068,0,30,0,0,1,1,0,4,1,1,0,1,0,0,10,45,10,56,11,22,0,0,0,1,0,2
36,360100,1,1,0,1,1,1,1,5,4170,28,2,2016,1,1,25,0,2,7,4,2,US-1,WEBSTER AVE,0,40.845,-73.903,0,8,0,0,2,2,0,1,3,1,0,1,0,0,99,99,99,99,99,99,0,0,0,1,0,1
36,360107,1,1,0,1,1,2,2,59,2160,20,2,2016,7,20,12,1,2,3,1,3,SR-27 SUNRISE HWY,BENSON PL,0,40.657,-73.578,0,9,0,0,3,3,0,1,3,1,0,1,0,0,20,12,20,19,20,33,0,0,0,1,0,0
36,360108,1,1,0,0,0,1,1,21,1173,4,3,2016,6,23,53,1,1,3,1,3,SR-23,,0,42.209,-73.644,0,42,0,0,1,1,0,4,2,1,0,1,0,0,23,53,23,59,88,88,0,0,0,1,1,0
36,360114,1,1,0,1,1,2,2,61,4170,15,3,2016,3,4,32,1,2,3,4,6,1ST AVE,E 92ND ST,0,40.781,-73.947,0,8,0,0,3,2,0,1,3,2,0,2,0,0,4,34,4,40,4,59,0,0,0,1,0,2
36,360115,1,1,0,0,0,1,1,67,3082,4,3,2016,6,6,35,1,1,1,1,1,I-81,,0,42.935,-76.129,0,1,0,0,1,1,0,1,4,10,0,10,0,0,6,39,6,50,7,5,0,0,0,1,0,0
36,360116,2,2,0,0,0,2,2,29,3140,7,3,2016,2,11,44,1,1,3,1,3,SR-33,,0,42.946,-78.668,0,12,2,0,1,1,0,1,1,1,0,1,0,0,11,44,11,50,99,99,0,0,0,1,0,1
36,360126,2,2,0,0,0,3,3,83,5540,5,3,2016,7,20,25,0,1,3,1,3,SR-67,,0,42.909,-73.571,0,12,6,0,1,1,0,1,2,1,0,1,0,0,20,25,20,33,21,28,0,0,0,1,1,2
36,360130,1,1,0,0,0,1,1,105,1805,9,3,2016,4,11,16,0,1,5,1,3,SR-97,OLD DRYBROOK RD,0,41.484,-74.937,0,42,0,0,1,1,0,4,1,1,0,1,0,0,11,17,11,27,88,88,0,0,0,1,0,2
36,360131,1,1,0,0,0,1,1,19,4880,7,3,2016,2,14,30,1,2,3,1,2,US-9,,0,44.658,-73.443,0,42,0,0,1,1,0,4,1,10,0,10,0,0,99,99,14,45,15,12,0,0,0,1,0,0
36,360133,1,1,0,1,1,1,1,7,3064,12,3,2016,7,23,0,1,1,3,1,2,US-11,,0,42.098,-75.833,0,8,0,0,1,1,0,1,2,1,0,1,0,0,23,5,23,11,23,34,0,0,0,1,0,0
36,360140,1,1,0,1,1,1,1,61,4170,19,3,2016,7,3,36,0,2,7,4,6,1ST AVE,E 17TH ST,0,40.733,-73.981,0,8,0,0,3,3,0,1,3,1,0,1,0,0,99,99,99,99,99,99,0,0,0,1,0,2
36,360142,1,1,0,0,0,1,1,89,1292,21,3,2016,2,7,15,1,1,3,1,3,SR-3,,0,44.284,-74.734,0,35,0,0,1,1,0,4,1,1,0,1,0,0,7,15,7,36,88,88,0,0,0,1,0,2
36,360145,2,2,0,0,0,2,2,11,4920,25,3,2016,6,19,0,0,1,3,3,3,SR-31,,0,43.035,-76.636,0,12,2,0,1,1,0,1,5,10,0,10,0,0,19,1,19,9,19,40,0,0,0,1,0,2
36,360147,2,2,0,0,0,2,2,59,4600,28,3,2016,2,7,45,1,1,1,1,1,I-495,,0,40.798,-73.479,0,24,0,0,1,1,0,4,1,2,0,2,0,0,7,46,7,52,8,29,0,0,0,1,0,1
36,360171,1,1,0,0,0,1,1,43,4425,24,3,2016,5,8,41,1,1,3,1,3,SR-8,,0,43.312,-74.97,0,42,0,0,1,1,0,4,2,4,0,4,0,0,9,45,10,45,88,88,0,0,0,1,0,2
36,360174,3,3,0,0,0,3,3,1,50,30,3,2016,4,16,5,1,2,1,1,1,I-90,,0,100,1000,0,24,0,0,1,1,0,4,3,1,0,1,0,0,16,5,16,15,16,45,0,0,0,1,0,0
36,360180,2,2,0,0,0,2,2,1,2464,4,4,2016,2,10,21,1,1,3,1,3,SR-155,,0,42.676,-73.909,0,12,6,0,1,1,0,1,1,4,0,4,0,0,10,21,10,25,99,99,0,0,0,1,0,1
36,360181,2,2,0,0,0,2,2,93,1592,7,4,2016,5,9,54,1,1,3,1,2,US-20,GIFFORDS CHURCH RD,0,42.75,-74.048,0,12,6,0,3,3,0,1,1,1,0,1,0,0,9,54,10,1,10,36,0,0,0,1,0,0
36,360182,1,1,0,1,1,1,1,5,4170,7,4,2016,5,4,19,1,2,1,1,1,I-87,,0,40.813,-73.931,0,8,0,0,1,1,1,1,2,1,0,1,0,0,99,99,99,99,99,99,0,0,0,1,0,0
36,360184,1,1,0,1,1,1,1,103,2920,13,1,2016,4,17,0,0,2,7,3,4,CR-17,ELMORE ST,0,40.784,-73.201,0,8,0,0,3,2,0,1,3,10,0,10,0,0,99,99,99,99,99,99,0,0,0,1,0,2
36,360193,2,2,0,0,0,4,4,53,6004,1,4,2016,6,15,19,0,1,3,3,3,SR-31,,0,43.155,-75.935,0,53,0,0,1,1,0,4,1,10,0,10,0,0,15,20,15,31,15,47,0,0,0,1,0,2
36,360198,1,1,0,0,0,1,1,53,1762,17,4,2016,1,10,47,1,1,3,1,2,US-20,,0,42.901,-75.662,0,11,0,0,1,1,0,1,1,1,0,1,0,0,10,48,10,53,11,37,0,0,0,1,0,0
36,360200,2,2,0,0,0,5,5,11,2011,9,4,2016,7,1,5,0,1,4,1,3,SR-34,,0,42.893,-76.574,0,12,6,0,1,1,0,1,2,10,0,10,0,0,1,7,1,14,1,42,0,0,0,1,1,2
36,360203,1,1,0,0,0,1,1,67,6010,24,1,2016,1,0,14,1,1,3,1,3,SR-5,,0,100,1000,0,24,0,0,1,1,0,3,2,1,0,1,0,0,0,16,0,48,0,57,0,0,0,1,1,1
36,360206,2,2,0,0,0,2,2,111,5480,28,2,2016,1,10,27,1,1,3,1,3,SR-32,CR-32 GLASCO TURNPIKE,0,42.043,-73.953,0,12,6,0,2,2,0,1,1,1,0,1,0,0,10,27,10,33,11,12,0,0,0,1,0,2
36,360217,1,1,0,0,0,1,1,71,5742,18,4,2016,2,3,20,1,1,3,1,2,US-6,,0,41.389,-74.5,0,17,0,0,1,1,0,4,2,10,0,10,0,0,3,20,3,37,88,88,0,0,0,1,0,0
36,360218,2,2,0,0,0,3,3,73,60,22,4,2016,6,14,40,1,1,3,1,3,SR-31,,0,43.225,-78.288,0,12,6,0,8,1,0,1,1,2,0,2,0,0,14,40,14,44,15,45,0,0,0,1,0,2
36,360219,2,2,0,0,0,3,3,59,2600,23,4,2016,7,4,16,1,2,3,3,3,SR-24,LINCOLN RD,0,40.707,-73.671,0,12,1,0,3,3,0,1,3,2,0,2,0,0,99,99,99,99,99,99,0,0,0,1,1,2
36,360223,1,1,0,0,0,1,1,1,2464,12,4,2016,3,0,40,1,2,3,3,2,US-20,SCHOOLHOUSE RD,0,42.683,-73.843,0,24,0,0,3,3,0,4,3,2,0,2,0,0,0,43,0,45,88,88,0,0,0,1,0,0
36,360229,2,2,0,0,0,3,3,29,2485,30,4,2016,7,13,37,1,1,3,3,2,US-20,HELTZ RD,0,42.71,-78.915,0,12,6,0,2,2,0,1,1,1,0,1,0,0,13,38,13,43,99,99,0,0,0,1,0,0
36,360243,1,1,0,0,0,4,4,67,6010,7,3,2016,2,2,34,1,2,3,4,3,SR-5,,0,43.053,-76.108,0,42,0,0,1,1,0,3,3,1,0,1,0,0,2,36,2,42,2,57,0,0,0,3,1,1
36,360247,3,2,1,0,0,2,2,59,2600,11,5,2016,4,0,7,1,2,3,3,3,SR-24,,0,40.705,-73.646,0,12,6,0,1,1,0,1,3,10,0,10,0,0,0,9,0,12,0,24,0,0,0,1,0,2
36,360248,1,1,0,1,1,1,1,103,5769,6,4,2016,4,21,14,1,2,3,1,3,SR-347,BROWN RD,0,40.855,-73.145,0,8,0,0,3,2,0,1,3,1,0,1,0,0,99,99,99,99,99,99,0,0,0,1,0,2
36,360251,2,2,0,0,0,3,3,119,5802,4,3,2016,6,15,46,1,1,3,1,2,US-6,,0,41.338,-73.769,0,12,2,0,1,1,0,1,1,1,0,1,0,0,15,46,15,50,99,99,0,0,0,1,0,0
36,360255,1,1,0,0,0,4,4,75,4660,27,4,2016,4,3,19,1,1,1,1,1,I-81,,0,100,1000,0,24,0,0,1,1,0,3,2,1,0,1,0,0,3,19,3,30,99,99,0,0,0,1,1,0
36,360265,2,2,0,0,0,2,2,87,2580,18,5,2016,4,19,33,0,2,3,1,2,US-202,THIELLS MT IVY RD,0,41.186,-74.037,0,12,6,0,2,3,0,1,1,10,0,10,0,0,19,33,19,40,20,10,0,0,0,1,0,0
36,360275,2,2,0,0,0,4,4,21,1100,23,5,2016,2,15,20,0,1,3,1,3,SR-295,,0,42.388,-73.558,0,12,2,0,8,1,0,1,1,1,0,1,0,0,15,20,15,31,16,22,0,0,0,1,0,1
36,360279,2,2,0,0,0,2,2,7,6740,26,5,2016,5,1,43,1,1,3,1,3,SR-17,,0,42.067,-75.631,0,12,1,0,1,1,0,1,2,10,0,10,0,0,1,48,2,2,99,99,23,0,0,1,0,2
36,360283,2,2,0,0,0,2,2,7,6277,27,5,2016,6,3,45,1,1,3,3,3,SR-17,,2360,100,1000,0,12,6,0,1,1,0,1,2,1,0,1,0,0,3,51,3,56,88,88,0,0,0,1,0,2
36,360292,2,2,0,0,0,2,2,91,3650,26,5,2016,5,14,21,0,2,3,1,3,SR-146,,0,42.888,-73.691,0,12,2,0,1,1,0,1,1,1,0,1,0,0,14,21,14,25,15,8,0,0,0,1,0,2
36,360296,2,2,0,0,0,2,2,19,1116,28,5,2016,7,13,11,1,1,3,1,2,US-9,GREGWARE LN,0,44.838,-73.427,0,12,6,0,8,1,0,1,1,1,0,1,0,0,13,11,13,17,88,88,0,0,0,1,0,0