STATE,ST_CASE,VE_TOTAL,VE_FORMS,PVH_INVL,PEDS,PERNOTMVIT,PERMVIT,PERSONS,COUNTY,CITY,DAY,MONTH,YEAR,DAY_WEEK,HOUR,MINUTE,NHS,RUR_URB,FUNC_SYS,RD_OWNER,ROUTE,TWAY_ID,TWAY_ID2,MILEPT,LATITUDE,LONGITUD,SP_JUR,HARM_EV,MAN_COLL,RELJCT1,RELJCT2,TYP_INT,WRK_ZONE,REL_ROAD,LGT_COND,WEATHER1,WEATHER2,WEATHER,SCH_BUS,RAIL,NOT_HOUR,NOT_MIN,ARR_HOUR,ARR_MIN,HOSP_HR,HOSP_MN,CF1,CF2,CF3,FATALS,DRUNK_DR,RANK
36,360303,1,1,0,0,0,1,1,91,5580,31,5,2016,3,21,57,0,1,3,1,3,SR-32,PURINTON RD,0,43.178,-73.617,0,35,0,0,3,4,0,4,2,1,0,1,0,0,22,1,22,12,23,11,0,0,0,1,0,2
36,360304,2,2,0,1,1,4,4,1,1290,24,5,2016,3,7,17,0,2,3,1,3,SR-5,,0,42.717,-73.833,0,8,0,0,1,1,0,1,1,10,0,10,0,0,7,17,7,19,88,88,0,0,0,1,0,1
36,360306,1,1,0,0,0,2,2,1,50,20,5,2016,6,2,7,1,2,1,1,1,I-90,,1498,100,1000,0,24,0,0,1,1,0,3,2,1,0,1,0,0,2,14,2,25,2,59,0,0,0,2,1,0
36,360323,1,1,0,0,0,1,1,67,4491,10,4,2016,1,20,7,1,1,1,1,1,I-81,,0,42.984,-76.133,0,25,0,0,1,1,0,3,2,4,0,4,0,0,99,99,99,99,99,99,0,0,0,1,1,0
36,360328,2,2,0,0,0,3,3,103,360,14,5,2016,7,13,0,0,2,7,3,4,CR-2,47TH ST,0,40.7,-73.39,0,12,2,0,2,2,0,1,1,1,0,1,0,0,13,6,13,14,13,28,0,0,0,1,0,2
36,360332,1,1,0,1,1,1,1,45,1077,31,5,2016,3,22,43,1,1,3,1,3,SR-3,,0,44.033,-75.722,0,8,0,0,1,1,0,1,2,1,0,1,0,0,22,43,22,52,88,88,0,0,0,1,0,2
36,360333,1,1,0,1,1,5,5,75,2569,13,5,2016,6,21,26,0,1,5,1,2,US-11,,0,43.244,-76.141,0,8,0,0,1,1,0,1,2,10,0,10,0,0,21,26,21,31,22,15,0,0,0,1,0,0
36,360334,1,1,0,0,0,4,4,3,861,18,5,2016,4,20,50,0,1,3,1,3,SR-19,,0,42.358,-78.128,0,24,0,0,1,1,0,4,1,1,0,1,0,0,20,59,21,5,99,99,0,0,0,1,0,2
36,360339,3,3,0,0,0,3,3,5,4170,10,6,2016,6,11,54,1,2,1,1,1,I-295,,0,40.822,-73.819,0,12,6,0,1,1,0,1,1,1,0,1,0,0,11,56,12,3,12,23,0,0,0,1,1,2
36,360341,2,2,0,0,0,4,4,71,5742,1,6,2016,4,3,44,1,1,1,1,1,I-84,,0,41.419,-74.415,0,12,1,0,1,1,0,1,2,10,0,10,0,0,3,44,3,54,88,88,23,0,0,3,0,1
36,360343,2,2,0,0,0,2,2,105,3850,14,3,2016,2,19,29,1,1,2,1,3,SR-17,,0,41.639,-74.629,0,12,1,0,1,1,0,1,2,2,0,2,0,0,19,31,19,38,88,88,0,0,0,1,0,2
36,360346,2,2,0,0,0,2,2,111,3329,11,6,2016,7,9,24,0,1,3,1,3,SR-299,,0,41.737,-74.032,0,12,2,0,1,1,0,1,1,10,0,10,0,0,9,24,9,27,9,54,0,0,0,1,0,0
36,360351,2,2,0,0,0,3,3,75,6319,14,6,2016,3,18,1,0,1,4,2,4,CR-6,CR-9,0,43.326,-76.36,0,12,6,0,2,2,0,1,1,1,0,1,0,0,18,1,18,9,18,59,0,0,0,1,0,2
36,360353,3,3,0,0,0,4,4,91,2484,13,6,2016,2,13,32,0,1,3,1,3,SR-146,,0,42.872,-73.725,0,12,2,0,1,1,0,1,1,10,0,10,0,0,13,50,14,9,99,99,0,0,0,1,0,2
36,360360,2,2,0,0,0,2,2,21,2810,18,6,2016,7,13,10,0,2,3,1,3,SR-23,SR-9G,0,42.223,-73.826,0,12,6,0,2,3,0,1,1,1,0,1,0,0,13,10,13,12,13,31,0,0,0,1,0,0
36,360362,1,1,0,1,1,1,1,61,4170,18,6,2016,7,3,37,0,2,4,4,6,BROADWAY,W 61ST ST,0,40.77,-73.982,0,8,0,0,3,2,0,1,3,1,0,1,0,0,3,37,3,41,88,88,0,0,0,1,0,2
36,360363,2,2,0,0,0,3,3,27,2000,18,6,2016,7,13,0,1,2,1,1,1,I-84,,0,41.525,-73.882,0,12,1,0,1,1,0,1,1,1,0,1,0,0,13,0,13,5,99,99,0,0,0,1,0,1
36,360384,1,1,0,1,1,1,1,61,4170,28,6,2016,3,20,37,0,2,4,4,6,BROADWAY,W 75TH ST,0,40.781,-73.981,0,8,0,0,3,2,0,1,3,10,0,10,0,0,99,99,99,99,99,99,0,0,0,1,0,2
36,360385,2,2,0,0,0,6,6,7,3064,30,6,2016,5,3,34,1,2,1,1,1,I-81,,90,100,1000,0,12,2,0,1,1,0,1,3,5,0,5,0,0,3,34,3,45,4,18,0,0,0,1,0,0
36,360392,2,2,0,0,0,4,4,117,3430,2,7,2016,7,17,18,0,1,3,1,3,SR-31,CREEK RD,0,43.063,-77.248,0,54,11,0,3,2,0,1,1,1,0,1,0,0,17,19,17,27,99,99,14,0,0,1,0,2
36,360398,1,1,0,0,0,1,1,71,1431,3,7,2016,1,17,45,0,1,3,1,3,SR-97,,0,41.426,-74.733,0,25,0,0,1,1,0,4,1,1,0,1,0,0,17,45,17,55,18,51,0,0,0,1,1,2
36,360399,3,3,0,0,0,5,5,73,60,28,6,2016,3,15,16,1,1,3,1,3,SR-31,,0,43.241,-78.214,0,12,2,0,1,1,0,1,1,1,0,1,0,0,15,16,15,18,16,24,0,0,0,1,0,2
36,360400,1,1,0,1,1,1,1,103,1455,25,5,2016,4,23,0,0,2,3,2,4,CR-4,,0,40.765,-73.311,0,8,0,0,1,1,0,1,2,1,0,1,0,0,99,99,99,99,99,99,0,0,0,1,0,2
36,360403,1,1,0,1,1,3,3,103,705,5,6,2016,1,3,6,1,2,3,1,3,SR-112,CHEREB LN,0,40.931,-73.052,0,8,0,0,3,3,0,1,3,1,0,1,0,0,3,8,3,12,3,30,0,0,0,1,0,2
36,360408,1,1,0,1,1,1,1,29,5475,6,7,2016,4,16,7,1,1,3,1,3,SR-39,,0,42.539,-78.509,0,8,0,0,1,1,0,2,1,1,0,1,0,0,16,9,16,11,99,99,0,0,0,1,0,2
36,360409,1,1,0,0,0,1,1,95,3710,8,7,2016,6,19,56,0,1,5,1,3,SR-30,,0,42.494,-74.421,0,24,0,0,1,1,0,4,5,10,0,10,0,0,19,56,99,99,20,20,0,0,0,1,0,1
36,360411,1,1,0,1,1,2,2,87,5077,9,5,2016,2,15,1,1,1,3,1,2,US-202,,0,41.134,-74.131,0,8,0,0,1,1,0,1,1,10,0,10,0,0,15,1,15,1,15,48,0,0,0,1,0,0
36,360412,2,2,0,0,0,2,2,103,705,21,6,2016,3,5,45,0,1,6,2,4,CR-21,,0,40.918,-72.941,0,12,2,0,1,1,0,1,1,2,10,2,0,0,99,99,99,99,99,99,0,0,0,1,0,2
36,360414,1,1,0,0,0,1,1,67,5740,15,6,2016,4,12,5,0,2,4,2,4,CR-41,,0,42.952,-76.396,0,34,0,0,1,1,0,4,1,1,0,1,0,0,12,5,12,11,88,88,0,0,0,1,0,2
36,360416,3,3,0,0,0,4,4,117,6760,23,6,2016,5,17,6,1,1,3,1,3,SR-104,,0,43.207,-76.825,0,12,2,0,1,1,0,1,1,1,0,1,0,0,99,99,99,99,99,99,0,0,0,1,0,2
36,360419,3,2,1,0,1,2,3,55,1174,6,7,2016,4,11,32,0,1,6,3,4,CR-19,,0,43.262,-77.922,0,5,0,0,1,1,2,1,1,10,0,10,0,0,11,32,11,37,88,88,0,0,0,1,0,2
36,360420,1,1,0,1,1,1,1,81,4170,7,7,2016,5,8,5,0,2,7,4,6,BROADWAY,BAXTER AVE,0,40.744,-73.885,0,9,0,0,2,2,0,1,1,1,0,1,0,0,88,88,88,88,88,88,0,0,0,1,0,2
36,360428,1,1,0,0,0,2,2,23,1380,8,7,2016,6,13,30,1,1,1,1,1,I-81,,0,100,1000,0,34,0,0,1,1,0,3,1,10,0,10,0,0,13,33,13,47,14,45,0,0,0,1,0,0
36,360429,2,2,0,0,0,2,2,1,1495,9,6,2016,5,12,15,1,1,1,1,1,I-87,,1400,100,1000,0,24,0,0,1,1,0,3,1,1,0,1,0,0,12,15,12,24,88,88,0,0,0,1,0,0
36,360430,1,1,0,0,0,10,10,39,1614,10,7,2016,1,16,47,0,1,4,1,3,SR-104,,0,42.354,-74.071,0,1,0,0,1,1,0,4,1,10,0,10,0,0,16,47,16,55,17,31,0,0,0,1,0,2
36,360445,1,1,0,0,0,1,1,31,3110,17,7,2016,1,12,54,0,1,3,1,3,SR-86,,0,44.274,-73.939,0,24,0,0,1,1,0,4,1,1,0,1,0,0,99,99,12,55,14,13,0,0,0,1,0,1
36,360447,1,1,0,0,0,3,3,1,1290,17,7,2016,1,2,53,1,2,3,3,3,SR-5,,0,42.733,-73.85,0,33,0,0,1,1,0,4,3,10,0,10,0,0,2,53,2,57,99,99,20,0,0,1,0,1
36,360450,1,1,0,0,0,1,1,65,3542,21,7,2016,5,21,18,0,1,3,1,3,SR-291,FOX RD,0,43.171,-75.292,0,1,0,0,3,3,0,1,3,1,0,1,0,0,21,18,21,21,22,31,0,0,0,1,1,2
36,360455,1,1,0,1,1,1,1,59,4450,21,7,2016,5,4,50,1,2,1,1,1,I-495,,0,40.781,-73.61,0,8,0,0,1,1,0,1,2,1,0,1,0,0,4,50,5,7,88,88,23,0,0,1,0,1
36,360465,2,2,0,0,0,3,3,65,2057,16,7,2016,7,7,24,0,1,3,1,3,SR-28,,0,43.496,-75.154,0,12,2,0,1,1,0,1,1,10,0,10,0,0,7,25,8,19,9,5,0,0,0,1,1,2
36,360466,2,2,0,0,0,5,5,67,4903,24,6,2016,6,12,15,0,1,5,1,3,SR-91,,0,42.946,-76.044,0,12,2,0,1,1,0,1,1,1,0,1,0,0,12,18,12,23,13,26,0,0,0,1,0,2
36,360467,1,1,0,1,1,1,1,5,4170,1,7,2016,6,23,22,1,2,1,1,1,I-87,,0,40.867,-73.909,0,8,0,0,1,1,0,1,3,10,0,10,0,0,99,99,99,99,99,99,0,0,0,1,0,0
36,360469,1,1,0,0,0,1,1,7,1510,22,7,2016,6,16,10,1,1,3,1,3,SR-17,,0,42.047,-75.454,0,34,0,0,1,1,0,3,1,1,0,1,0,0,16,10,16,24,17,0,0,0,0,1,0,2
36,360475,1,1,0,0,0,1,1,45,5257,29,7,2016,6,5,51,0,1,5,1,3,SR-177,,0,43.842,-75.927,0,53,0,0,1,1,0,4,4,1,0,1,0,0,5,51,6,5,88,88,0,0,0,1,0,2
36,360477,2,2,0,0,0,3,3,89,1292,31,7,2016,1,16,58,0,1,4,1,3,SR-3,,0,44.257,-74.748,0,12,2,0,1,1,0,1,1,10,0,10,0,0,17,0,17,12,18,8,0,0,0,1,0,2
36,360479,3,3,0,0,0,4,4,3,9997,31,5,2016,3,17,26,0,2,7,1,3,SR-19,JOHN ST,0,42.222,-78.025,0,12,6,0,3,3,0,1,1,1,0,1,0,0,17,29,17,29,18,12,0,0,0,1,1,2
36,360481,2,2,0,0,0,3,3,29,613,2,8,2016,3,8,34,0,2,4,2,4,CR-5,,0,42.579,-79.107,0,12,2,0,1,1,0,1,1,10,0,10,0,0,8,34,8,41,9,35,0,0,0,1,0,2
36,360482,4,4,0,0,0,5,5,103,2920,7,6,2016,3,8,9,1,1,3,1,3,SR-27 SUNRISE HWY,,0,40.74,-73.223,0,12,1,0,1,1,0,1,1,1,0,1,0,0,99,99,99,99,99,99,0,0,0,1,0,0
36,360485,2,2,0,0,0,3,3,115,2440,3,8,2016,4,9,37,0,1,5,1,3,SR-40,,0,42.945,-73.576,0,12,2,0,1,1,0,1,1,1,0,1,0,0,9,37,9,47,10,41,0,0,0,1,0,0
36,360486,6,6,0,0,0,11,11,71,3840,13,7,2016,4,12,25,1,1,1,1,1,I-84,,0,100,1000,0,12,1,0,1,1,1,1,1,1,0,1,0,0,12,25,12,30,99,99,0,0,0,1,0,1
36,360489,1,1,0,0,0,1,1,45,6450,17,7,2016,1,3,23,0,1,3,1,3,SR-126,SLATE RD,0,43.961,-75.86,0,35,0,0,3,3,0,4,2,1,0,1,0,0,3,22,3,30,4,3,0,0,0,1,1,2
36,360491,1,1,0,0,0,1,1,45,6450,4,8,2016,5,20,48,1,1,1,1,1,I-81,,0,43.924,-75.972,0,24,0,0,1,1,0,4,2,1,0,1,0,0,20,46,20,56,88,88,0,0,0,1,1,0
36,360500,2,2,0,1,1,4,4,51,3200,9,8,2016,3,3,9,0,1,4,1,3,SR-36,,0,42.762,-77.887,0,8,0,0,1,1,0,1,2,1,0,1,0,0,3,9,3,15,3,40,0,0,0,1,0,1
36,360502,2,2,0,0,0,2,2,103,360,10,8,2016,4,18,25,1,2,2,1,3,SR-27,,0,40.714,-73.34,0,12,7,0,1,1,0,1,1,2,10,2,0,0,18,24,18,29,99,99,0,0,0,1,0,2
36,360504,1,1,0,0,0,1,1,27,5150,13,8,2016,7,23,29,0,1,7,2,4,CR-19,,0,41.912,-73.868,0,38,0,0,1,1,0,4,2,2,0,2,0,0,23,34,23,47,0,20,0,0,0,1,0,2
36,360507,2,2,0,0,0,3,3,33,3460,6,7,2016,4,17,2,0,2,4,1,3,SR-37,,0,44.867,-74.32,0,12,2,0,1,1,0,1,1,10,0,10,0,0,17,2,17,8,17,45,0,0,0,1,0,1
36,360515,1,1,0,0,0,1,1,27,5110,15,8,2016,2,10,49,1,1,2,1,3,SR-9,,0,42.055,-73.845,0,31,0,0,1,1,0,4,1,1,0,1,0,0,10,49,11,4,88,88,0,0,0,1,0,2
36,360516,1,1,0,0,0,1,1,103,5810,17,8,2016,4,20,16,1,1,2,1,3,SR-27,,0,40.886,-72.467,0,35,0,0,1,1,0,4,1,1,0,1,0,0,14,11,14,18,15,24,0,0,0,1,0,2
36,360521,2,2,0,0,0,6,6,103,705,4,7,2016,2,22,46,0,1,7,2,4,CR-21,,0,40.853,-72.938,0,12,98,0,1,1,0,1,3,2,0,2,0,0,22,47,23,4,23,30,0,0,0,4,1,2
36,360523,1,1,0,1,1,2,2,71,5742,20,8,2016,7,20,9,1,2,1,1,1,I-84,,147,41.411,-74.432,0,8,0,0,1,1,0,1,2,1,0,1,0,0,20,9,20,23,20,50,23,0,0,1,0,1
36,360526,2,2,0,0,0,2,2,29,1500,23,8,2016,3,17,22,0,2,7,3,5,BROADWAY,,0,42.902,-78.687,0,12,2,0,8,1,0,1,1,1,0,1,0,0,17,26,17,28,17,45,0,0,0,1,0,2
36,360542,2,2,0,0,0,3,3,9,2140,1,8,2016,2,9,5,0,1,3,3,3,SR-16,,0,42.266,-78.434,0,12,6,0,1,1,0,1,1,10,0,10,0,0,9,11,9,57,10,26,0,0,0,1,0,2
36,360544,2,2,0,0,0,2,2,65,2043,3,8,2016,4,17,24,1,1,3,1,3,SR-49,,0,43.195,-75.359,0,12,2,0,1,1,0,1,1,10,0,10,0,0,17,24,17,30,88,88,0,0,0,1,0,1
36,360545,2,2,0,0,0,2,2,83,5439,9,8,2016,3,16,32,1,2,3,1,3,SR-43,,0,42.643,-73.609,0,12,6,0,8,1,0,1,1,1,0,1,0,0,99,99,99,99,99,99,0,0,0,1,0,2
36,360548,3,1,2,1,3,1,3,55,5230,30,7,2016,7,14,30,1,1,2,1,3,SR-104,,0,43.191,-77.61,0,8,0,0,1,1,0,2,1,1,0,1,0,0,14,34,14,44,99,99,23,0,0,1,0,2
36,360560,2,2,0,0,0,3,3,59,2160,29,8,2016,2,5,30,0,2,3,1,3,SR-27,HELEN AVE,0,40.657,-73.576,0,12,1,0,3,2,0,1,3,1,0,1,0,0,5,30,5,35,99,99,0,0,0,1,0,2
36,360562,1,1,0,0,0,1,1,103,705,14,7,2016,5,11,20,0,1,7,3,4,CR-21,,0,40.923,-72.941,0,42,0,0,1,1,0,4,1,10,0,10,0,0,99,99,99,99,88,88,0,0,0,1,0,2
36,360564,4,4,0,0,0,12,12,103,3523,21,8,2016,1,9,35,1,1,1,1,1,I-495,,0,40.856,-72.839,0,57,0,0,1,1,0,3,1,10,0,10,0,0,9,36,9,40,99,99,3,0,0,6,0,1
36,360565,2,2,0,0,0,3,3,103,705,21,8,2016,1,17,14,1,1,3,1,3,SR-112,SAGAMORE HILLS DR,0,40.908,-73.028,0,12,1,0,3,3,0,1,1,10,0,10,0,0,99,99,99,99,99,99,0,0,0,1,1,2
36,360566,1,1,0,0,0,2,2,111,4461,18,5,2016,4,18,50,0,1,4,1,3,SR-28,,0,41.981,-74.183,0,30,0,0,1,1,0,4,1,1,0,1,0,0,18,50,19,5,99,99,0,0,0,1,0,2
36,360573,2,2,0,0,0,2,2,89,880,1,9,2016,5,12,12,0,1,4,1,3,SR-68,CR-14,0,44.633,-75.25,0,12,2,0,3,2,0,1,1,10,0,10,0,0,99,99,99,99,88,88,0,0,0,2,0,2
36,360576,1,1,0,1,1,2,2,87,5077,24,8,2016,4,20,49,0,2,3,1,3,SR-59,,0,41.108,-74.075,0,8,0,0,1,1,0,1,3,1,0,1,0,0,20,49,20,50,21,20,0,0,0,1,0,2
36,360581,1,1,0,1,1,2,2,69,4770,2,7,2016,7,13,40,1,1,1,1,1,I-90,,3270,100,1000,0,8,0,0,1,1,0,1,1,1,0,1,0,0,13,50,99,99,14,5,23,0,0,1,0,0
36,360590,1,1,0,1,1,1,1,111,3060,6,9,2016,3,21,28,0,1,4,1,3,SR-28,FOREST HILL DR,0,41.949,-74.043,0,8,0,0,3,3,0,1,2,1,0,1,0,0,21,28,21,30,22,9,0,0,0,1,1,2
36,360593,1,1,0,0,0,3,3,77,3890,3,9,2016,7,3,14,0,1,3,1,3,SR-23,PEGG RD,0,42.548,-75.215,0,59,0,0,1,1,0,4,2,1,0,1,0,0,3,24,3,40,88,88,0,0,0,3,1,0
36,360596,2,2,0,0,0,2,2,91,5580,8,9,2016,5,14,24,1,1,3,1,3,SR-50,SR-32 SCHUYLERVILLE RD,0,43.195,-73.65,0,12,6,0,2,4,0,1,1,10,0,10,0,0,14,24,14,33,14,58,0,0,0,1,0,0
36,360599,1,1,0,0,0,2,2,67,6140,8,9,2016,5,22,56,1,1,1,1,1,I-81,,0,42.802,-76.122,0,42,0,1,5,1,0,4,2,2,0,2,0,0,22,58,23,9,23,48,0,0,0,1,0,0
36,360600,2,2,0,0,0,2,2,21,818,3,8,2016,4,7,5,1,1,1,1,1,I-90,,207,100,1000,0,12,1,0,1,1,0,1,4,1,0,1,0,0,7,7,99,99,88,88,0,0,0,1,0,0
36,360602,2,1,1,0,0,1,1,105,3850,10,9,2016,7,17,24,0,2,4,1,3,SR-42,HEMLOCK LN,0,41.632,-74.712,0,57,0,0,3,3,0,4,1,1,0,1,0,0,17,24,17,30,88,88,0,0,0,1,1,1
36,360609,2,2,0,0,0,2,2,83,4000,13,9,2016,3,8,36,0,1,4,1,3,SR-9,,0,42.499,-73.673,0,12,2,0,1,1,0,1,1,1,0,1,0,0,8,39,8,45,9,17,0,0,0,1,0,2
36,360610,1,1,0,0,0,1,1,119,1420,11,9,2016,1,1,50,1,1,3,1,2,US-9,,0,41.202,-73.888,0,24,0,0,1,1,0,3,2,1,0,1,0,0,1,50,1,55,88,88,0,0,0,1,1,0
36,360614,1,1,0,0,0,1,1,107,4220,12,9,2016,2,22,50,0,1,3,2,4,CR-4,,0,42.015,-76.458,0,42,0,0,1,1,0,4,2,1,0,1,0,0,23,0,23,12,88,88,0,0,0,1,0,2
36,360616,2,2,0,0,0,3,3,13,5651,14,9,2016,4,3,31,1,1,1,1,1,I-90,,4623,100,1000,0,12,1,0,1,1,0,1,2,1,0,1,0,0,3,33,4,16,88,88,0,0,0,1,0,0
36,360617,1,1,0,1,1,3,3,89,3368,29,8,2016,2,15,1,1,1,3,1,3,SR-37,TAYLOR RD,0,44.905,-75.045,0,9,0,0,2,3,0,1,1,1,0,1,0,0,15,1,15,5,15,35,0,0,0,1,0,1
36,360622,3,3,0,0,0,5,5,7,540,14,9,2016,4,8,58,1,1,1,1,1,I-81,,0,42.114,-75.882,0,12,1,0,1,1,0,1,1,1,0,1,0,0,8,58,9,5,99,99,0,0,0,1,0,0
36,360623,1,1,0,1,1,1,1,71,6163,16,9,2016,6,20,12,1,1,3,1,3,SR-17,PATTERSON HILL RDQ,0,41.202,-74.184,0,8,0,0,3,4,0,1,3,1,0,1,0,0,99,99,99,99,99,99,0,0,0,1,0,2
36,360624,3,3,0,0,0,3,3,119,6040,31,8,2016,4,11,23,1,2,1,1,1,I-87,,144,100,1000,0,12,7,0,1,1,0,1,1,10,0,10,0,0,11,30,11,32,88,88,0,0,0,1,0,0
36,360630,3,3,0,0,0,4,4,83,6110,20,9,2016,3,15,8,1,1,3,1,3,SR-7,CR-126 COOKSBORO RD,0,42.803,-73.556,0,12,1,0,3,3,0,1,1,1,0,1,0,0,15,10,15,17,15,59,0,0,0,1,0,2
36,360631,2,2,0,0,0,3,3,65,5120,21,9,2016,4,16,33,1,1,2,1,3,SR-12,,0,43.38,-75.21,0,12,1,0,1,1,0,1,1,1,0,1,0,0,16,33,16,45,99,99,0,0,0,1,1,2
36,360638,2,2,0,0,0,2,2,21,3313,22,9,2016,5,16,26,0,1,4,1,3,SR-82,SCHNEIDER RD,0,42.146,-73.744,0,12,6,0,2,2,0,1,1,1,0,1,0,0,16,28,16,33,18,1,0,0,0,1,0,2
36,360643,2,2,0,0,0,2,2,111,4461,24,9,2016,7,10,25,0,1,4,1,3,SR-28,,0,41.974,-74.203,0,12,1,0,8,1,0,1,1,1,0,1,0,0,10,26,10,28,11,44,0,0,0,1,0,2
36,360646,1,1,0,1,1,1,1,29,6090,29,9,2016,5,6,40,0,2,4,3,2,US-62,WILLOW RIDGE DR,0,43.012,-78.822,0,8,0,0,3,3,0,1,2,2,0,2,0,0,6,44,6,48,6,57,0,0,0,1,0,0
36,360655,2,2,0,0,0,4,4,55,680,1,10,2016,7,16,35,1,1,3,1,3,SR-31,,0,43.198,-77.901,0,53,0,0,1,1,0,4,1,2,0,2,0,0,16,25,16,30,99,99,0,0,0,1,0,2
36,360664,2,2,0,0,0,2,2,107,4220,4,10,2016,3,15,1,0,1,3,1,3,SR-17,,0,42.027,-76.445,0,12,2,0,1,1,0,1,1,10,0,10,0,0,15,1,15,17,99,99,0,0,0,1,0,2
36,360669,1,1,0,0,0,1,1,75,6319,7,10,2016,6,20,17,0,1,7,3,4,CR-6,,0,43.309,-76.351,0,42,0,0,1,1,0,4,2,10,0,10,0,0,20,17,20,23,88,88,0,0,0,1,1,2
36,360673,1,1,0,1,1,1,1,103,705,13,9,2016,3,16,27,1,1,3,1,3,SR-347,,0,40.869,-73.131,0,8,0,0,1,1,0,1,1,1,0,1,0,0,99,99,99,99,99,99,0,0,0,1,0,2
36,360679,1,1,0,1,1,1,1,7,1880,21,9,2016,4,21,29,0,2,4,1,3,SR-26,SOUTHERLAND RD,0,42.17,-76.072,0,8,0,0,3,3,0,1,2,1,0,1,0,0,21,29,21,40,22,0,0,0,0,1,0,1
36,360680,1,1,0,0,0,1,1,103,5255,24,9,2016,7,8,3,0,1,7,3,4,CR-21,,0,40.922,-72.941,0,42,0,0,1,1,0,4,1,10,0,10,0,0,99,99,99,99,88,88,0,0,0,1,1,2
36,360681,2,2,0,0,0,2,2,57,170,23,9,2016,6,10,39,1,2,7,4,3,SR-30,DIVISION ST,0,42.939,-74.194,0,12,1,0,3,2,0,1,1,1,0,1,0,0,99,99,99,99,99,99,0,0,0,1,0,1
36,360682,2,2,0,0,0,2,2,27,6266,24,9,2016,7,13,47,0,1,5,1,3,SR-82,,0,41.721,-73.739,0,12,6,0,8,1,0,1,1,1,0,1,0,0,13,47,13,50,88,88,0,0,0,1,0,2
36,360683,1,1,0,1,1,2,2,61,4170,28,9,2016,4,19,40,0,2,7,4,6,1ST AVE,E 118TH ST,0,40.797,-73.934,0,8,0,0,3,2,0,1,3,2,0,2,0,0,99,99,99,99,99,99,0,0,0,1,0,2
36,360684,1,1,0,0,0,1,1,79,900,3,10,2016,2,1,50,1,1,1,1,1,I-84,,610,100,1000,0,39,0,0,1,1,0,3,2,1,0,1,0,0,1,50,2,10,88,88,0,0,0,1,0,1
36,360689,2,2,0,0,0,2,2,67,1539,8,10,2016,7,6,6,1,1,1,1,1,I-90,,0,100,1000,0,12,6,0,1,1,0,1,2,2,0,2,0,0,6,6,6,17,88,88,0,0,0,1,0,0
36,360690,1,1,0,2,2,1,1,33,3460,9,9,2016,6,23,55,0,2,4,1,3,SR-37,,0,44.871,-74.338,0,8,0,0,1,1,0,2,2,1,0,1,0,0,0,1,0,3,0,30,0,0,0,1,0,1
36,360691,2,2,0,0,0,7,7,11,5961,17,9,2016,7,13,30,1,1,3,1,3,SR-104,STATE BARN RD,0,43.252,-76.647,0,12,2,0,2,4,0,1,1,10,0,10,0,0,13,30,13,35,99,99,0,0,0,1,1,2
36,360692,1,1,0,0,0,2,2,37,410,22,9,2016,5,17,9,1,1,1,1,1,I-90,,3956,100,1000,0,1,0,0,1,1,0,1,1,1,0,1,0,0,17,9,17,19,17,58,0,0,0,1,0,0
36,360693,2,2,0,0,0,2,2,27,5110,27,9,2016,3,12,33,0,2,3,1,2,US-9,E KERLEY CORNERS RD,0,42.043,-73.848,0,12,6,0,2,2,0,1,1,1,0,1,0,0,12,33,12,44,13,20,0,0,0,1,0,0
36,360698,2,2,0,0,0,5,5,37,4390,7,10,2016,6,18,22,0,1,7,3,4,CR-16,FISHER RD,0,43.082,-78.247,0,12,2,0,3,2,0,1,1,1,0,1,0,0,99,99,99,99,99,99,0,0,0,1,0,2
36,360700,1,1,0,1,1,2,2,1,1290,11,10,2016,3,20,21,0,2,3,1,2,US-9,LATHAM FARMS PLAZA,0,42.754,-73.759,0,8,0,0,3,2,0,1,3,1,0,1,0,0,20,21,20,24,88,88,0,0,0,1,0,0
36,360710,2,2,0,0,0,3,3,105,6800,7,9,2016,4,8,25,1,1,3,1,3,SR-17,,0,41.601,-74.551,0,12,1,0,1,1,0,1,1,1,0,1,0,0,8,25,8,32,11,5,0,0,0,1,0,2
36,360716,1,1,0,0,0,1,1,69,830,14,10,2016,6,6,2,1,1,3,3,3,SR-21,,0,42.762,-77.358,0,24,0,0,1,1,0,4,4,10,0,10,0,0,6,2,6,18,6,52,0,0,0,1,0,2
36,360726,2,2,0,0,0,2,2,27,5030,25,9,2016,1,17,47,0,2,3,1,2,US-9,,0,41.629,-73.916,0,12,6,0,8,1,0,1,1,10,0,10,0,0,17,47,17,53,18,6,0,0,0,1,0,0
36,360727,1,1,0,0,0,1,1,103,5810,25,9,2016,1,16,43,1,1,2,1,3,SR-27,,0,40.878,-72.542,0,42,0,0,5,1,0,4,1,1,0,1,0,0,99,99,99,99,88,88,0,0,0,1,0,2
36,360729,1,1,0,0,0,2,2,71,2320,25,9,2016,1,22,34,0,1,4,2,4,CR-6,,0,41.321,-74.433,0,1,0,0,1,1,0,4,2,1,0,1,0,0,22,37,22,56,88,88,0,0,0,2,1,2
36,360735,2,2,0,0,0,2,2,65,6275,11,10,2016,3,13,39,0,1,4,1,3,SR-31,IRISH RIDGE RD,0,43.145,-75.652,0,12,6,0,2,2,0,1,1,1,0,1,0,0,13,39,13,46,88,88,0,0,0,1,0,2
36,360736,1,1,0,0,0,6,6,91,2232,30,10,2016,1,9,3,1,1,1,1,1,I-87,,0,43.233,-73.692,0,1,0,0,1,1,0,3,1,1,0,1,0,0,9,3,9,10,99,99,0,0,0,1,0,0
36,360751,2,2,0,0,0,2,2,119,1379,20,10,2016,5,11,10,0,2,3,1,2,US-202,GARDEN LANE,0,41.291,-73.85,0,12,6,0,2,3,0,1,1,10,0,10,0,0,11,10,11,19,11,55,0,0,0,1,0,0