STATE,ST_CASE,VE_TOTAL,VE_FORMS,PVH_INVL,PEDS,PERNOTMVIT,PERMVIT,PERSONS,COUNTY,CITY,DAY,MONTH,YEAR,DAY_WEEK,HOUR,MINUTE,NHS,RUR_URB,FUNC_SYS,RD_OWNER,ROUTE,TWAY_ID,TWAY_ID2,MILEPT,LATITUDE,LONGITUD,SP_JUR,HARM_EV,MAN_COLL,RELJCT1,RELJCT2,TYP_INT,WRK_ZONE,REL_ROAD,LGT_COND,WEATHER1,WEATHER2,WEATHER,SCH_BUS,RAIL,NOT_HOUR,NOT_MIN,ARR_HOUR,ARR_MIN,HOSP_HR,HOSP_MN,CF1,CF2,CF3,FATALS,DRUNK_DR,RANK
36,360754,3,3,0,0,0,4,4,67,1166,3,10,2016,2,6,31,1,2,1,1,1,I-81,,0,43.153,-76.11,0,12,1,0,1,1,0,1,3,10,0,10,0,0,6,31,6,36,7,6,0,0,0,1,0,0
36,360755,2,2,0,0,0,2,2,27,3760,14,10,2016,6,19,56,1,1,3,1,2,US-44,SR-82,0,41.78,-73.737,0,12,7,0,2,4,0,1,3,1,0,1,0,0,19,56,20,12,20,40,20,0,0,1,0,0
36,360757,1,1,0,1,1,1,1,57,820,10,10,2016,2,6,26,1,1,1,1,1,I-90,,1930,42.906,-74.583,0,8,0,0,1,1,0,2,2,1,0,1,0,0,6,37,6,45,88,88,23,0,0,1,0,0
36,360760,1,1,0,0,0,1,1,103,2920,10,9,2016,7,3,55,0,2,7,3,3,SR-111,SYCAMORE ST,0,40.769,-73.211,0,30,0,0,3,3,0,4,3,1,0,1,0,0,99,99,99,99,99,99,0,0,0,1,1,1
36,360763,1,1,0,1,1,2,2,65,6220,2,8,2016,3,23,40,0,2,4,2,4,CR-5,NOYES ST,0,43.098,-75.25,0,8,0,0,3,2,0,1,3,1,0,1,0,0,99,99,99,99,99,99,0,0,0,1,0,2
36,360767,1,1,0,1,1,1,1,29,5940,4,11,2016,6,15,34,0,2,4,1,3,SR-39,,0,42.509,-78.667,0,8,0,0,1,1,0,1,1,1,0,1,1,0,15,36,15,38,15,50,0,0,0,1,0,2
36,360775,3,3,0,0,0,3,3,67,1166,3,9,2016,7,12,27,1,2,3,1,3,SR-31,,0,43.177,-76.079,0,12,6,0,8,1,0,1,1,1,0,1,0,0,12,27,12,34,13,5,0,0,0,1,0,2
36,360781,1,1,0,0,0,5,5,71,5742,9,10,2016,1,2,9,1,1,3,1,2,US-6,,0,41.391,-74.468,0,30,0,0,1,1,0,4,2,2,0,2,0,0,2,25,2,45,3,17,0,0,0,2,1,0
36,360782,2,2,0,0,0,2,2,23,2760,22,9,2016,5,8,42,0,1,3,3,3,SR-90,,0,42.644,-76.262,0,12,2,0,1,1,0,1,1,1,0,1,0,0,8,42,8,52,12,15,0,0,0,1,0,1
36,360785,1,1,0,1,1,1,1,103,360,7,11,2016,2,18,31,0,2,3,3,3,SR-109,,0,40.71,-73.358,0,8,0,0,1,1,0,1,3,1,0,1,0,0,18,31,99,99,99,99,0,0,0,1,0,2
36,360786,1,1,0,0,0,1,1,51,1450,7,11,2016,2,15,26,0,1,4,1,3,SR-63,,0,42.584,-77.713,0,32,0,0,1,1,0,4,1,1,0,1,0,0,15,26,15,31,15,53,0,0,0,1,0,2
36,360789,1,1,0,0,0,1,1,27,2870,9,11,2016,4,13,25,1,1,3,3,2,US-9,,0,41.81,-73.937,0,39,0,0,1,1,0,4,1,2,0,2,0,0,13,25,13,31,88,88,0,0,0,1,0,0
36,360790,1,1,0,1,1,1,1,61,4170,13,11,2016,1,19,30,1,2,3,4,2,US-9,W 180TH ST,0,40.85,-73.936,0,8,0,0,3,2,0,1,3,1,0,1,0,0,99,99,99,99,99,99,0,0,0,1,0,0
36,360794,1,1,0,1,1,1,1,59,3570,17,11,2016,5,4,40,0,2,3,1,3,SR-27,PARK BLVD,0,40.677,-73.456,0,8,0,0,3,2,0,1,3,1,0,1,0,0,99,99,99,99,88,88,0,0,0,1,0,2
36,360795,2,1,1,1,1,2,2,103,1650,9,11,2016,4,18,32,1,2,3,3,3,SR-27,,0,40.954,-72.21,0,8,0,0,1,1,0,2,2,1,0,1,0,0,18,32,18,36,18,42,0,0,0,1,0,2
36,360797,1,1,0,1,1,1,1,61,4170,17,11,2016,5,11,38,0,2,5,4,6,BROADWAY,,0,40.79,-73.975,0,15,0,0,1,1,0,1,1,1,0,1,0,0,99,99,99,99,99,99,0,0,0,1,0,2
36,360799,1,1,0,0,0,1,1,69,2260,18,11,2016,6,6,35,0,2,3,1,3,SR-14,,0,42.838,-76.979,0,32,0,0,1,1,0,4,4,1,0,1,0,0,6,37,6,59,7,39,0,0,0,1,0,2
36,360800,1,1,0,1,1,1,1,117,3430,10,11,2016,5,19,22,0,2,4,1,3,SR-31,ALDERMAN RD,0,43.067,-77.278,0,8,0,0,3,3,0,1,2,1,0,1,0,0,19,22,19,30,20,11,0,0,0,1,0,2
36,360807,2,2,0,0,0,2,2,117,6710,21,11,2016,2,12,42,1,1,3,3,3,SR-104,,0,43.236,-77.164,0,12,2,0,1,1,0,1,1,3,12,3,0,0,12,44,12,49,99,99,0,0,0,1,0,2
36,360809,2,2,0,0,0,4,4,99,5630,21,11,2016,2,20,9,1,1,1,1,1,I-90,,3190,100,1000,0,12,6,0,1,1,0,1,2,4,0,4,0,0,20,9,20,20,21,40,0,0,0,1,0,0
36,360819,1,1,0,1,1,1,1,59,495,27,11,2016,1,1,2,0,2,3,1,3,SR-27,CENTRE AVE,0,40.668,-73.531,0,8,0,0,3,2,0,1,3,1,0,1,0,0,1,2,1,3,1,32,0,0,0,1,0,2
36,360821,1,1,0,1,1,1,1,67,3310,29,11,2016,3,9,52,1,1,1,1,1,I-90,,0,43.116,-76.214,0,8,0,1,5,1,0,1,1,10,0,10,0,0,9,52,9,55,88,88,0,0,0,1,0,0
36,360825,1,1,0,1,1,2,2,89,880,1,12,2016,5,18,55,0,1,4,1,3,SR-68,,0,44.561,-75.053,0,8,0,0,1,1,0,1,2,2,0,2,0,0,18,58,19,7,19,39,0,0,0,1,0,2
36,360828,1,1,0,0,0,1,1,75,2540,3,12,2016,7,23,18,0,1,4,2,4,CR-3,,0,43.324,-76.563,0,42,0,0,1,1,0,4,2,10,0,10,0,0,23,19,23,31,88,88,0,0,0,1,1,2
36,360829,2,2,0,0,0,3,3,13,2950,1,12,2016,5,14,21,1,1,3,1,3,SR-60,GIRTS RD,0,42.15,-79.242,0,12,6,0,2,3,0,1,1,10,0,10,0,0,99,99,99,99,99,99,0,0,0,1,0,2
36,360834,2,2,0,0,0,2,2,87,4902,21,11,2016,2,11,44,0,2,3,1,2,US-202,,0,41.182,-74.069,0,12,2,0,1,1,0,1,1,10,0,10,0,0,11,44,11,46,99,99,0,0,0,1,0,0
36,360836,3,1,2,2,2,2,2,43,3290,28,10,2016,6,8,17,1,1,1,1,1,I-90,,2120,100,1000,0,14,0,0,1,1,0,2,1,2,0,2,0,0,8,17,8,24,11,30,0,0,0,1,0,0
36,360841,1,1,0,1,1,1,1,91,3462,7,12,2016,4,17,8,1,1,3,1,2,US-9,,0,43.014,-73.79,0,8,0,0,1,1,0,1,2,10,0,10,0,0,17,10,17,15,17,35,0,0,0,1,0,0
36,360846,1,1,0,1,1,1,1,7,3453,9,12,2016,6,17,32,0,1,3,3,3,SR-26,,0,42.167,-76.073,0,8,0,0,1,1,0,2,2,10,0,10,0,0,17,32,17,39,88,88,0,0,0,1,0,1
36,360850,2,2,0,0,0,3,3,103,2920,12,11,2016,7,5,11,1,1,1,1,1,I-495,,0,40.805,-73.253,0,12,1,0,1,1,0,1,3,1,0,1,0,0,99,99,99,99,99,99,0,0,0,1,1,1
36,360852,1,1,0,1,1,1,1,55,2395,8,12,2016,5,16,59,1,2,3,1,3,SR-104,,0,43.215,-77.735,0,8,0,0,1,1,0,1,3,10,0,10,0,0,16,59,17,6,17,34,0,0,0,1,0,2
36,360855,2,2,0,0,0,2,2,91,9997,15,11,2016,3,0,49,1,1,1,1,1,I-87,,0,43.245,-73.689,0,12,1,0,1,1,0,1,2,10,0,10,0,0,99,99,99,99,99,99,23,0,0,1,0,0
36,360858,2,2,0,0,0,3,3,103,705,27,11,2016,1,4,0,1,2,2,1,3,SR-27,,0,40.8,-72.902,0,12,2,0,1,1,0,1,2,1,0,1,0,0,4,5,4,11,4,45,0,0,0,3,1,2
36,360859,1,1,0,1,1,1,1,103,5981,10,11,2016,5,17,0,0,2,3,1,3,SR-347,NEW MORICHES RD,0,40.871,-73.128,0,8,0,0,3,2,0,1,5,10,0,10,0,0,99,99,99,99,99,99,0,0,0,1,0,2
36,360860,2,2,0,0,0,2,2,103,2920,27,9,2016,3,4,37,1,1,3,1,3,SR-27 SUNRISE HWY,,0,40.718,-73.314,0,12,2,0,1,1,0,1,2,10,0,10,0,0,99,99,99,99,99,99,0,0,0,1,0,0
36,360863,2,2,0,2,2,2,2,87,6000,7,9,2016,4,23,50,0,2,4,2,2,US-202,,0,41.165,-74.093,0,12,7,0,8,1,0,1,3,1,0,1,0,0,23,57,0,1,0,17,0,0,0,1,0,0
36,360864,1,1,0,1,1,1,1,65,4080,17,10,2016,2,20,48,1,2,3,1,3,SR-5,OAKDALE AVE,0,43.08,-75.319,0,8,0,0,3,3,0,1,3,10,0,10,0,0,20,48,20,49,21,16,0,0,0,1,0,1
36,360866,2,2,0,0,0,6,6,21,3030,1,12,2016,5,22,25,1,1,3,3,2,US-9,CR-28,0,42.459,-73.695,0,12,2,0,2,2,0,1,3,10,0,10,0,0,22,25,22,31,99,99,0,0,0,1,0,0
36,360871,2,2,0,0,0,3,3,117,4492,14,12,2016,4,12,1,1,2,3,3,3,SR-104,FURNACE RD,0,43.227,-77.282,0,12,2,0,2,2,0,1,1,1,0,1,0,0,12,2,12,7,12,39,0,0,0,1,0,2
36,360873,2,1,1,3,3,1,1,5,4170,15,12,2016,5,1,54,1,2,1,1,1,I-95,,0,40.867,-73.832,0,14,0,0,1,1,0,2,3,1,0,1,0,0,99,99,99,99,99,99,23,0,0,1,0,1
36,360876,2,2,0,0,0,2,2,55,680,9,12,2016,6,7,33,1,1,3,1,3,SR-31,,0,43.198,-77.92,0,12,2,0,1,1,0,1,1,4,0,4,0,0,7,33,7,42,99,99,0,0,0,1,0,2
36,360881,2,2,0,0,0,3,3,117,5790,9,12,2016,6,17,54,1,1,3,1,3,SR-104,,0,43.222,-77.02,0,12,6,0,1,1,0,1,2,4,0,4,0,0,17,54,17,56,99,99,0,0,0,1,0,2
36,360897,1,1,0,0,0,1,1,117,4030,26,12,2016,2,21,40,0,1,5,1,3,SR-88,,0,43.109,-77.079,0,35,0,0,1,1,0,4,2,10,0,10,0,0,21,45,21,53,88,88,0,0,0,1,0,1
36,360899,2,2,0,0,0,4,4,65,6220,28,12,2016,4,10,42,1,1,3,1,3,SR-8,SR-28,0,43.23,-75.088,0,12,6,0,2,3,0,1,1,4,0,4,0,0,10,42,10,42,99,99,0,0,0,1,0,2
36,360902,4,4,0,0,0,5,5,1,1290,11,10,2016,3,18,41,1,1,2,1,3,SR-7,,15,42.757,-73.735,0,12,7,0,1,1,0,1,2,1,0,1,0,0,18,41,18,41,99,99,0,0,0,1,1,2
36,360903,1,1,0,1,1,1,1,67,1166,13,11,2016,1,6,5,1,2,3,1,2,US-11,,0,43.145,-76.127,0,8,0,0,1,1,0,1,2,10,0,10,0,0,6,6,6,16,6,30,0,0,0,1,0,0
36,360904,2,2,0,0,0,2,2,65,6626,29,12,2016,5,11,26,1,1,3,1,3,SR-5,,0,43.081,-75.402,0,12,6,0,1,1,0,1,1,4,0,4,0,0,11,28,11,32,88,88,0,0,0,1,0,1
36,360906,2,2,0,0,0,3,3,11,5633,29,12,2016,5,7,27,0,1,3,1,3,SR-34,,0,42.998,-76.563,0,12,6,0,1,1,0,1,1,4,0,4,0,0,7,27,7,35,7,59,0,0,0,1,0,2
36,360908,1,1,0,1,1,1,1,119,2555,29,12,2016,5,6,45,1,1,1,1,1,I-95,,108,100,1000,0,8,0,0,1,1,0,1,3,10,0,10,0,0,6,54,7,1,7,39,0,0,0,1,0,1
36,360911,1,1,0,1,1,3,3,103,5810,20,11,2016,1,2,22,1,1,2,1,3,SR-27 SUNRISE HWY,,0,40.884,-72.529,0,8,0,0,1,1,0,1,2,2,0,2,0,0,2,28,2,31,2,49,0,0,0,1,0,0
36,360912,2,2,0,0,0,4,4,65,6270,30,12,2016,6,1,57,1,1,3,1,3,SR-5,,0,43.074,-75.469,0,12,6,0,1,1,0,1,2,4,0,4,0,0,1,58,2,5,99,99,0,0,0,1,0,1
36,360914,2,2,0,0,0,2,2,91,6731,22,12,2016,5,5,58,1,1,1,1,1,I-87,,309,43.103,-73.753,0,12,1,0,7,1,0,1,2,4,0,4,0,0,6,8,6,14,6,59,0,0,0,1,0,0
36,360922,1,1,0,1,1,1,1,75,4540,9,12,2016,6,22,31,1,1,3,1,3,SR-104,,0,43.424,-76.573,0,9,0,0,1,1,0,1,2,10,0,10,0,0,22,41,22,47,23,1,0,0,0,1,1,2
36,360923,1,1,0,0,0,1,1,65,3198,21,9,2016,4,16,45,1,1,3,1,3,SR-26,,0,43.308,-75.473,0,32,0,0,1,1,0,4,1,1,0,1,0,0,16,47,16,56,17,56,0,0,0,1,0,1
36,360930,4,4,0,0,0,5,5,91,5470,30,11,2016,4,8,1,0,2,3,1,3,SR-50,WEST AVE,0,43.061,-73.803,0,12,6,0,2,3,0,1,1,10,0,10,0,0,99,99,99,99,99,99,0,0,0,1,0,0
36,360932,1,1,0,0,0,1,1,87,9997,7,12,2016,4,10,49,1,1,1,1,1,I-87,,283,100,1000,0,31,0,0,1,1,0,4,1,10,0,10,0,0,10,49,10,56,11,52,0,0,0,1,0,0
36,360933,2,2,0,0,0,2,2,29,750,26,11,2016,7,2,11,0,2,7,4,6,BROADWAY,SCHUTRUM ST,0,42.896,-78.818,0,12,2,0,2,3,0,1,3,2,0,2,0,0,99,99,99,99,99,99,0,0,0,1,0,2
36,360934,2,2,0,0,0,2,2,105,4028,14,12,2016,4,7,7,0,1,3,1,3,SR-55,,0,41.858,-74.582,0,12,2,0,1,1,0,1,1,10,0,10,0,0,7,26,7,41,10,0,0,0,0,1,0,2
36,360937,1,1,0,1,1,1,1,103,2920,27,11,2016,1,4,48,1,2,1,1,1,I-495,,0,40.809,-73.171,0,8,0,0,1,1,0,1,3,1,0,1,0,0,99,99,99,99,88,88,0,0,0,1,0,1
36,360938,4,4,0,0,0,5,5,103,5520,31,12,2016,7,5,0,1,2,3,1,3,SR-27,,0,40.763,-73.091,0,12,1,0,1,1,0,1,2,1,0,1,0,0,5,1,99,99,99,99,0,0,0,1,1,2
36,360948,2,2,0,0,0,3,3,103,5769,28,12,2016,4,21,9,0,2,3,1,3,SR-347,SR-111,0,40.83,-73.198,0,12,6,0,2,2,0,1,3,10,0,10,0,0,99,99,99,99,99,99,0,0,0,1,0,2
36,360955,1,1,0,0,0,1,1,119,6825,13,2,2016,7,10,12,1,1,3,1,2,US-6,,0,41.33,-73.836,0,1,0,0,1,1,0,1,1,1,0,1,0,0,99,99,99,99,99,99,0,0,0,1,0,0
36,360966,1,1,0,1,1,1,1,77,6170,5,12,2016,2,17,8,0,1,5,1,3,SR-7,,0,42.329,-75.302,0,8,0,0,1,1,0,2,2,10,0,10,0,0,17,8,17,18,19,8,0,0,0,1,0,2
37,370001,2,2,0,0,0,3,3,9,0,20,1,2016,4,14,10,1,1,3,1,2,US-221,,0,36.374,-81.493,0,12,2,0,1,1,0,1,1,4,0,4,0,0,14,9,14,18,14,54,0,0,0,1,0,0
37,370003,2,2,0,0,0,3,3,11,0,20,1,2016,4,14,18,1,1,3,1,2,US-221,,0,36.019,-81.93,0,12,6,0,1,1,0,1,1,4,0,4,0,0,14,14,14,22,14,40,0,0,0,1,0,0
37,370010,1,1,0,1,1,2,2,35,3300,21,1,2016,5,19,16,0,2,3,98,3,SR-10,,0,35.657,-81.208,0,8,0,0,1,1,0,1,2,10,0,10,0,0,19,17,19,21,88,88,0,0,0,1,0,2
37,370015,1,1,0,0,0,2,2,47,0,29,1,2016,6,15,33,1,1,3,1,2,US-74,,0,34.44,-78.955,0,24,0,0,1,1,0,4,1,1,0,1,0,0,15,28,15,43,16,47,0,0,0,2,0,0
37,370016,5,5,0,0,0,8,8,49,0,6,1,2016,4,9,53,1,1,3,1,2,US-17,,0,35.307,-77.157,0,12,1,0,1,1,0,1,1,10,0,10,0,0,9,50,9,58,99,99,14,0,0,1,0,1
37,370017,1,1,0,0,0,1,1,49,2078,26,1,2016,3,22,6,0,2,3,1,2,US-70,,99999,34.918,-76.942,0,52,0,0,1,1,0,4,2,1,0,1,0,0,22,8,22,14,88,88,0,0,0,1,1,0
37,370020,2,2,0,0,0,4,4,53,0,13,1,2016,4,16,5,0,1,4,1,2,US-158,,99999,36.109,-75.824,0,12,6,0,8,1,0,1,1,1,0,1,0,0,16,8,16,18,16,32,0,0,0,1,0,0
37,370024,3,3,0,0,0,8,8,59,0,30,1,2016,7,19,37,0,1,4,1,2,US-601,CR-1414 ANGELL RD,99999,35.977,-80.622,0,12,6,0,2,2,0,1,5,1,0,1,0,0,19,36,19,42,99,99,0,0,0,1,0,0
37,370028,1,1,0,0,0,1,1,71,1800,30,1,2016,7,2,15,1,2,1,1,1,I-85,,99999,35.28,-81.222,0,42,0,0,1,1,0,4,2,1,0,1,0,0,2,16,2,27,88,88,0,0,0,1,1,1
37,370029,2,2,0,0,0,2,2,77,0,8,1,2016,6,23,13,0,1,4,98,3,SR-56,,99999,36.142,-78.599,0,12,2,0,1,1,0,1,2,5,0,5,0,0,88,88,88,88,88,88,0,0,0,2,0,2
37,370031,1,1,0,3,3,1,1,85,0,16,1,2016,7,23,12,0,1,3,1,2,US-421,,99999,35.437,-79.028,0,8,0,0,1,1,0,1,2,1,0,1,0,0,23,9,23,17,23,51,0,0,0,2,0,0
37,370032,1,1,0,0,0,1,1,87,0,26,1,2016,3,20,47,1,1,2,1,2,US-74,,99999,35.54,-82.918,0,35,0,0,1,1,0,4,2,2,10,2,0,0,20,36,20,41,21,8,0,0,0,1,1,0
37,370035,2,1,1,0,1,4,5,97,0,22,1,2016,6,13,50,1,1,1,1,1,I-77,,99999,35.719,-80.856,0,14,0,0,1,1,0,2,1,3,12,3,0,0,14,0,14,4,99,99,0,0,0,1,0,0
37,370036,2,2,0,0,0,4,4,101,0,11,1,2016,2,18,26,0,1,4,98,3,SR-42,,99999,35.68,-78.198,0,12,2,0,1,1,0,1,2,1,0,1,0,0,18,26,18,35,99,99,0,0,0,1,0,1
37,370037,2,2,0,0,0,3,3,101,0,22,1,2016,6,8,21,1,1,1,1,1,I-95,,99999,35.569,-78.164,0,51,0,0,1,1,0,1,1,3,12,3,0,0,8,4,8,14,9,38,0,0,0,1,0,1
37,370039,2,2,0,0,0,2,2,107,2450,26,1,2016,3,15,2,0,2,3,1,2,US-70,HILL FARM RD,99999,35.261,-77.648,0,12,1,0,2,2,0,1,1,1,0,1,0,0,15,4,15,8,88,88,0,0,0,1,0,0
37,370041,2,2,0,1,1,2,2,111,0,23,1,2016,7,18,41,0,1,5,1,2,US-70,,99999,35.703,-81.959,0,8,0,0,1,1,0,1,2,1,0,1,0,0,18,38,18,44,88,88,0,0,0,1,0,0
37,370045,2,2,0,0,0,5,5,119,2280,19,1,2016,3,19,26,0,2,3,98,3,SR-73,,99999,35.427,-80.951,0,12,6,0,1,1,0,1,2,1,0,1,0,0,19,24,19,39,20,18,0,0,0,1,0,2
37,370048,2,2,0,0,0,3,3,127,0,28,1,2016,5,9,6,0,1,5,98,3,SR-58,,99999,35.9,-77.946,0,12,2,0,1,1,0,1,1,10,0,10,0,0,9,1,9,9,9,59,0,0,0,1,0,1
37,370051,1,1,0,0,0,1,1,133,0,26,1,2016,3,21,7,0,1,3,98,3,SR-111,,0,34.82,-77.552,0,42,0,0,1,1,0,4,2,1,0,1,0,0,21,6,21,10,21,46,0,0,0,1,0,1
37,370054,1,1,0,1,1,1,1,147,0,25,1,2016,2,21,41,1,2,3,1,2,US-264,,0,35.626,-77.206,0,8,0,0,1,1,0,1,3,1,0,1,0,0,99,99,99,99,99,99,0,0,0,1,0,0
37,370055,1,1,0,0,0,1,1,149,0,29,1,2016,6,2,15,1,1,1,1,1,I-26,,0,35.24,-82.205,0,24,0,0,1,1,0,3,2,1,0,1,0,0,2,8,2,23,88,88,0,0,0,1,0,1
37,370056,2,2,0,0,0,5,5,151,4640,26,1,2016,3,14,5,1,2,1,1,1,I-85,,0,35.896,-79.971,0,12,7,0,1,1,0,1,1,1,0,1,0,0,13,53,14,2,99,99,0,0,0,1,1,1
37,370057,2,2,0,0,0,2,2,153,0,21,1,2016,5,19,28,1,1,3,1,2,US-74,,0,34.964,-80.058,0,12,2,0,1,1,0,1,2,1,0,1,0,0,99,99,99,99,99,99,0,0,0,2,0,0
37,370058,1,1,0,0,0,1,1,155,0,3,1,2016,1,3,26,0,1,3,98,3,SR-72,,0,34.618,-79.012,0,42,0,0,1,1,0,4,2,1,0,1,0,0,3,29,3,50,5,21,0,0,0,1,0,2
37,370059,3,3,0,0,0,3,3,155,0,26,1,2016,3,6,50,0,1,3,98,3,SR-71,,0,34.819,-79.181,0,12,8,0,1,1,0,1,1,1,0,1,0,0,6,56,7,14,7,58,0,0,0,1,0,2
37,370061,2,2,0,0,0,2,2,159,0,14,1,2016,5,13,59,1,1,1,1,1,I-85,,0,35.647,-80.476,0,12,7,0,1,1,0,1,1,1,0,1,0,0,14,0,14,5,14,44,0,0,0,1,0,1
37,370063,1,1,0,0,0,1,1,163,0,6,1,2016,4,19,11,1,1,3,1,2,US-13,,0,35.196,-78.486,0,59,0,0,1,1,0,4,2,1,0,1,0,0,18,55,19,4,19,49,0,0,0,1,0,0
37,370066,1,1,0,0,0,3,3,163,0,31,1,2016,1,5,6,0,1,4,1,2,US-701,,99999,35.184,-78.328,0,35,0,0,1,1,0,4,2,1,0,1,0,0,5,4,5,12,99,99,0,0,0,1,0,1
37,370069,2,2,0,0,0,2,2,171,0,8,1,2016,6,15,55,1,1,1,1,1,I-77,,99999,36.361,-80.799,0,12,6,0,1,1,0,1,1,2,0,2,0,0,15,56,16,8,17,29,0,0,0,1,0,0
37,370070,1,1,0,0,0,1,1,171,0,28,1,2016,5,23,1,1,1,1,1,1,I-77,,99999,36.464,-80.762,0,24,0,0,1,1,0,4,2,1,0,1,0,0,23,1,23,14,88,88,0,0,0,1,1,0
37,370080,2,2,0,0,0,2,2,63,0,26,1,2016,3,19,0,0,1,3,1,2,US-501,CR-1457 MADDEN AVE,99999,36.101,-78.91,0,12,6,0,2,2,0,1,2,1,0,1,0,0,18,47,18,55,19,46,0,0,0,1,1,0
37,370096,2,2,0,0,0,2,2,57,0,1,2,2016,2,22,36,1,1,3,1,2,US-52,,0,35.853,-80.274,0,12,1,0,1,1,0,1,2,10,5,5,0,0,22,35,22,55,99,99,0,0,0,1,0,0
37,370098,1,1,0,0,0,1,1,57,0,13,2,2016,7,8,0,0,1,3,98,3,SR-109,,0,35.577,-80.098,0,42,0,0,1,1,0,4,1,1,0,1,0,0,7,58,8,0,88,88,0,0,0,1,0,2
37,370100,1,1,0,0,0,1,1,63,1360,9,2,2016,3,2,39,0,2,3,98,3,SR-54,,0,35.914,-78.98,0,1,0,0,1,1,0,4,2,1,0,1,0,0,99,99,99,99,88,88,0,0,0,1,1,2
37,370106,2,2,0,0,0,4,4,73,0,9,2,2016,3,15,45,1,1,3,1,2,US-158,SR-1113,0,36.447,-76.79,0,12,6,0,2,3,0,1,1,10,0,10,0,0,15,42,15,51,17,12,0,0,0,1,0,0
37,370109,1,1,0,1,1,1,1,81,1940,29,2,2016,2,23,38,1,2,3,1,2,US-29,,0,36.106,-79.761,0,8,0,0,1,1,0,1,2,1,0,1,0,0,23,39,23,46,88,88,0,0,0,1,0,0
37,370110,2,2,0,0,0,2,2,85,0,2,2,2016,3,3,49,0,1,3,98,3,SR-210,,0,35.401,-78.815,0,12,2,0,1,1,0,1,2,1,0,1,0,0,3,44,3,50,4,25,0,0,0,1,0,2
37,370112,1,1,0,0,0,2,2,101,0,17,2,2016,4,19,9,1,1,1,1,1,I-40,,0,35.392,-78.52,0,42,0,0,1,1,0,4,2,1,0,1,0,0,19,11,19,19,20,8,0,0,0,1,1,1
37,370113,2,2,0,0,0,3,3,101,0,18,2,2016,5,7,33,0,1,3,98,3,SR-42,US-70,0,35.624,-78.51,0,12,6,0,2,2,0,1,1,1,0,1,0,0,7,35,7,45,8,31,0,0,0,2,0,1
37,370116,2,2,0,0,0,2,2,107,0,22,2,2016,2,14,42,1,1,3,1,2,US-70,,0,35.244,-77.582,0,12,6,0,4,1,0,1,1,10,0,10,0,0,14,45,14,51,15,18,0,0,0,1,0,0
37,370117,3,3,0,0,0,4,4,109,0,13,2,2016,7,20,1,0,1,3,98,3,SR-150,,0,35.463,-81.27,0,12,8,0,1,1,0,1,2,1,0,1,0,0,20,6,20,10,21,5,0,0,0,1,0,0
37,370118,2,2,0,0,0,3,3,109,0,15,2,2016,2,8,9,0,1,3,98,3,SR-150,SR-1225,0,35.459,-81.272,0,12,6,0,2,2,0,1,1,10,3,3,0,0,8,7,8,14,8,43,0,0,0,1,0,0
37,370128,2,2,0,1,1,4,4,147,1950,10,2,2016,4,19,41,0,2,3,98,3,SR-33,,0,35.647,-77.367,0,8,0,0,1,1,0,1,2,1,0,1,0,0,19,38,19,43,19,59,0,0,0,1,0,1
37,370129,2,2,0,0,0,5,5,147,0,12,2,2016,6,13,55,0,1,3,98,3,SR-43,,0,35.448,-77.264,0,12,6,0,1,1,0,1,1,2,4,4,0,0,13,52,14,10,99,99,0,0,0,2,0,2
37,370130,1,1,0,0,0,1,1,147,0,20,2,2016,7,13,45,0,1,3,98,3,SR-33,,0,35.609,-77.329,0,21,0,0,1,1,0,4,1,1,0,1,0,0,13,43,13,56,88,88,0,0,0,1,0,1
37,370131,2,2,0,0,0,2,2,147,1950,25,2,2016,5,7,44,1,2,3,1,2,US-264,GOLDEN RD,0,35.595,-77.339,0,12,6,0,2,3,0,1,1,1,0,1,0,0,7,43,7,51,99,99,0,0,0,1,0,0
37,370132,1,1,0,1,1,1,1,151,0,19,2,2016,6,5,6,1,1,3,1,2,US-220,,0,35.71,-79.829,0,8,0,0,1,1,0,1,2,1,0,1,0,0,5,5,5,13,88,88,0,0,0,1,0,0
37,370134,2,2,0,0,0,2,2,155,0,3,2,2016,4,17,17,0,1,3,98,3,SR-71,,0,34.817,-79.182,0,12,6,0,1,1,0,1,5,2,10,2,0,0,17,23,17,50,19,8,0,0,0,1,0,2
37,370139,1,1,0,0,0,1,1,169,0,17,2,2016,4,8,29,0,1,3,98,3,SR-8,,0,36.465,-80.219,0,42,0,0,1,1,0,4,1,10,0,10,0,0,99,99,99,99,88,88,0,0,0,1,0,2
37,370144,1,1,0,1,1,1,1,183,1770,7,2,2016,1,8,7,0,2,3,1,2,US-70,,99999,35.714,-78.629,0,8,0,0,1,1,0,1,3,1,0,1,0,0,8,7,8,13,88,88,0,0,0,1,0,0
37,370147,2,2,0,0,0,4,4,183,0,21,2,2016,1,2,53,1,1,1,1,1,I-40,,99999,35.845,-78.79,0,12,1,0,1,1,0,1,2,1,0,1,0,0,2,51,3,2,3,28,0,0,0,1,2,1
37,370151,2,2,0,0,0,2,2,191,0,5,2,2016,6,17,50,0,1,5,98,3,SR-55,CR-1745 PINEVIEW CEMETERY RD,99999,35.186,-77.974,0,12,6,0,2,2,0,1,1,10,0,10,0,0,17,47,17,58,88,88,0,0,0,1,0,2
37,370163,4,4,0,0,0,5,5,19,0,10,3,2016,5,8,45,0,1,5,98,3,SR-130,,99999,33.953,-78.314,0,12,2,0,1,1,0,1,1,1,0,1,0,0,8,37,8,43,9,38,0,0,0,1,0,2