STATE,ST_CASE,VE_TOTAL,VE_FORMS,PVH_INVL,PEDS,PERNOTMVIT,PERMVIT,PERSONS,COUNTY,CITY,DAY,MONTH,YEAR,DAY_WEEK,HOUR,MINUTE,NHS,RUR_URB,FUNC_SYS,RD_OWNER,ROUTE,TWAY_ID,TWAY_ID2,MILEPT,LATITUDE,LONGITUD,SP_JUR,HARM_EV,MAN_COLL,RELJCT1,RELJCT2,TYP_INT,WRK_ZONE,REL_ROAD,LGT_COND,WEATHER1,WEATHER2,WEATHER,SCH_BUS,RAIL,NOT_HOUR,NOT_MIN,ARR_HOUR,ARR_MIN,HOSP_HR,HOSP_MN,CF1,CF2,CF3,FATALS,DRUNK_DR,RANK
37,370174,1,1,0,0,0,2,2,67,2430,6,3,2016,1,17,9,1,2,3,98,2,US-421,,99999,36.109,-80.055,0,24,0,0,1,1,0,3,1,1,0,1,0,0,17,8,17,21,17,39,0,0,0,1,1,0
37,370175,1,1,0,0,0,1,1,67,9997,11,3,2016,6,20,14,1,2,3,98,2,US-52,,99999,36.249,-80.354,0,1,0,1,19,1,0,4,2,1,0,1,0,0,20,12,20,21,21,1,0,0,0,1,0,0
37,370179,3,3,0,0,0,5,5,109,0,8,3,2016,3,7,58,0,1,3,98,3,SR-150,,99999,35.505,-81.17,0,12,8,0,1,1,0,1,1,1,0,1,0,0,7,56,8,8,8,44,0,0,0,1,0,0
37,370185,1,1,0,1,1,1,1,139,0,4,3,2016,6,22,6,1,1,3,98,2,US-17,,99999,36.369,-76.298,0,8,0,0,1,1,0,1,2,1,0,1,0,0,19,58,20,4,88,88,0,0,0,1,0,1
37,370188,2,2,0,0,0,2,2,153,0,12,3,2016,7,3,52,1,1,3,1,2,US-220,,0,35.158,-79.724,0,12,2,0,1,1,0,1,2,1,0,1,0,0,3,39,3,55,99,99,0,0,0,1,1,0
37,370189,2,2,0,0,0,4,4,155,2770,3,3,2016,5,20,27,1,2,1,1,1,I-95,,0,34.602,-79.102,0,24,0,0,1,1,0,3,2,2,0,2,0,0,20,30,20,39,21,56,0,0,0,1,0,1
37,370191,1,1,0,0,0,1,1,157,0,10,3,2016,5,11,29,0,1,3,98,3,SR-14,,0,36.517,-79.75,0,42,0,0,1,1,0,4,1,1,0,1,0,0,11,25,11,32,88,88,0,0,0,1,0,2
37,370192,1,1,0,0,0,4,4,157,0,11,3,2016,6,11,54,1,1,3,1,2,US-29,,0,36.242,-79.669,0,35,0,0,1,1,0,4,1,1,0,1,0,0,11,51,12,7,12,39,0,0,0,1,0,0
37,370194,1,1,0,0,0,1,1,169,0,1,3,2016,3,12,44,1,1,3,1,2,US-52,,0,36.277,-80.382,0,34,0,0,1,1,0,4,1,1,0,1,0,0,12,41,12,53,99,99,0,0,0,1,0,0
37,370196,1,1,0,1,1,1,1,181,2460,3,3,2016,5,11,39,1,2,3,1,2,US-1,,0,36.221,-78.444,0,8,0,0,1,1,0,1,1,1,0,1,0,0,11,40,11,46,12,7,0,0,0,1,0,1
37,370197,2,2,0,0,0,2,2,183,0,8,3,2016,3,22,4,1,1,1,1,1,I-40,,0,35.866,-78.822,0,12,1,0,1,1,0,1,2,1,0,1,0,0,22,3,22,6,88,88,0,0,0,1,1,1
37,370198,1,1,0,0,0,1,1,183,3750,14,3,2016,2,6,33,1,2,1,1,1,I-40,,0,35.791,-78.746,0,42,0,1,5,1,0,4,2,10,0,10,0,0,6,41,6,50,88,88,0,0,0,1,0,1
37,370200,3,3,0,0,0,4,4,197,0,5,3,2016,7,15,34,1,1,3,1,2,US-601,,0,36.133,-80.66,0,12,8,0,1,1,0,1,1,1,0,1,0,0,15,32,15,41,16,25,0,0,0,2,1,0
37,370203,1,1,0,0,0,1,1,81,1940,26,1,2016,3,18,34,1,2,1,1,1,I-40,,0,36.084,-79.971,0,1,0,0,1,1,0,4,3,10,0,10,0,0,18,35,18,39,19,10,0,0,0,1,0,1
37,370204,2,2,0,0,0,3,3,97,4430,15,1,2016,6,23,55,1,2,1,1,1,I-40,,0,35.808,-80.871,0,12,8,0,1,1,0,1,2,1,0,1,0,0,23,22,23,25,0,26,0,0,0,1,1,1
37,370215,1,1,0,0,0,1,1,51,0,8,3,2016,3,22,17,0,1,5,98,3,SR-210,,99999,34.902,-78.586,0,34,0,0,1,1,0,4,2,1,0,1,0,0,88,88,88,88,88,88,0,0,0,1,1,2
37,370217,3,3,0,0,0,3,3,59,0,10,3,2016,5,14,45,1,1,1,1,1,I-40,,99999,35.942,-80.559,0,12,1,0,1,1,0,1,1,1,0,1,0,0,99,99,99,99,99,99,28,14,0,1,0,1
37,370222,3,3,0,0,0,3,3,101,0,15,3,2016,3,17,43,0,1,4,98,3,SR-210,,99999,35.516,-78.56,0,12,1,0,1,1,0,1,1,1,0,1,0,0,17,49,17,55,88,88,0,0,0,1,0,2
37,370223,1,1,0,0,0,1,1,101,0,23,3,2016,4,3,42,1,1,1,1,1,I-40,,99999,35.382,-78.511,0,52,0,0,1,1,0,4,2,1,0,1,0,0,3,40,3,54,88,88,0,0,0,1,1,1
37,370224,3,3,0,0,0,4,4,109,0,18,3,2016,6,11,3,0,1,5,98,3,SR-27,,99999,35.485,-81.376,0,12,2,0,1,1,0,1,1,1,0,1,0,0,11,3,11,8,11,47,0,0,0,1,0,2
37,370234,2,2,0,0,0,2,2,155,0,21,3,2016,2,15,59,0,1,4,98,3,SR-211,CR-1770,99999,34.722,-79.095,0,12,6,0,2,2,0,1,1,1,0,1,0,0,99,99,99,99,99,99,0,0,0,1,0,2
37,370236,1,1,0,0,0,1,1,167,0,21,3,2016,2,20,18,1,1,2,98,2,US-52,,99999,35.239,-80.145,0,32,0,0,1,1,0,4,2,1,0,1,0,0,20,15,20,20,88,88,0,0,0,1,0,0
37,370239,2,2,0,0,0,4,4,183,0,22,3,2016,3,8,28,0,1,4,98,3,SR-96,CR-2308,99999,35.882,-78.367,0,12,6,0,2,2,0,1,1,1,0,1,0,0,8,27,8,41,9,9,0,0,0,1,0,2
37,370243,2,2,0,0,0,5,5,195,0,8,3,2016,3,14,12,0,1,5,98,3,SR-58,,99999,35.589,-77.812,0,12,2,0,1,1,0,1,1,1,0,1,0,0,14,2,14,15,15,20,0,0,0,2,0,1
37,370245,2,2,0,0,0,2,2,13,0,26,3,2016,7,16,45,0,2,4,1,2,US-264,,99999,35.512,-76.905,0,12,2,0,1,1,0,1,1,1,0,1,0,0,16,46,16,52,99,99,0,0,0,1,0,0
37,370248,1,1,0,0,0,2,2,19,0,28,3,2016,2,10,14,0,1,4,98,3,SR-87,,99999,33.984,-78.034,0,34,0,0,1,1,1,4,1,1,0,1,0,0,99,99,99,99,99,99,0,0,0,2,0,1
37,370251,1,1,0,1,1,4,4,49,0,26,3,2016,7,21,8,0,1,5,98,3,SR-55,,99999,35.166,-77.16,0,8,0,0,1,1,0,1,2,10,0,10,0,0,99,99,99,99,99,99,0,0,0,1,0,2
37,370253,1,1,0,0,0,4,4,57,4590,27,3,2016,1,19,38,1,2,1,1,1,I-85,,99999,35.854,-80.103,0,21,0,1,19,1,0,4,2,2,0,2,0,0,19,19,19,29,19,50,0,0,0,1,0,1
37,370256,2,2,0,0,0,2,2,77,0,25,3,2016,6,1,22,1,1,3,1,2,US-15,,0,36.324,-78.595,0,12,2,0,1,1,0,1,2,1,0,1,0,0,99,99,99,99,99,99,0,0,0,1,2,0
37,370258,2,2,0,0,0,3,3,81,3413,29,3,2016,3,12,38,0,2,3,98,3,SR-68,MARKET PLACE DR,0,36.173,-79.989,0,12,6,0,2,2,0,1,1,1,0,1,0,0,12,37,12,50,13,29,0,0,0,1,0,2
37,370260,2,2,0,0,0,2,2,87,0,25,3,2016,6,9,11,1,1,3,1,2,US-23,,0,35.498,-83.001,0,12,6,0,1,1,0,1,1,1,0,1,0,0,9,6,9,14,10,45,0,0,0,1,0,0
37,370262,2,2,0,0,0,2,2,97,0,24,3,2016,5,5,29,9,1,3,3,3,SR-3,SR-1142,0,35.519,-80.771,9,12,6,0,3,3,0,1,2,1,0,1,0,0,5,28,5,37,88,88,0,0,0,1,0,2
37,370265,2,2,0,0,0,3,3,111,0,23,3,2016,4,14,49,1,1,3,1,2,US-221,,0,35.645,-81.986,0,12,2,0,1,1,0,1,1,1,0,1,0,0,99,99,99,99,88,88,0,0,0,3,0,0
37,370266,2,2,0,0,0,6,6,117,0,31,3,2016,5,16,2,0,1,3,98,3,SR-171,,0,35.809,-76.898,0,12,6,0,1,1,0,1,1,1,0,1,0,0,99,99,99,99,99,99,0,0,0,1,0,1
37,370269,1,1,0,0,0,1,1,125,3600,13,3,2016,1,23,39,1,2,3,1,2,US-15,,0,35.216,-79.452,0,42,0,0,1,1,0,4,3,1,0,1,0,0,23,39,23,45,88,88,0,0,0,1,1,0
37,370270,2,2,0,0,0,5,5,127,3930,21,3,2016,2,20,26,1,2,3,1,2,US-301,TYLER DR,0,36.018,-77.771,0,12,6,0,2,2,0,1,3,1,0,1,0,0,20,25,20,26,99,99,0,0,0,4,1,1
37,370277,2,2,0,0,0,3,3,183,2230,20,3,2016,1,2,15,0,2,3,98,3,SR-55,WEST HOLLY SPRINGS RD,0,35.655,-78.834,0,12,2,0,2,3,0,1,3,2,0,2,0,0,2,18,2,29,3,13,0,0,0,1,2,2
37,370278,4,4,0,0,0,4,4,183,4790,22,3,2016,3,16,32,1,2,3,1,2,US-1,,0,35.988,-78.533,0,12,1,0,1,1,0,1,1,1,0,1,0,0,16,23,16,35,17,25,0,0,0,1,0,1
37,370279,2,2,0,0,0,3,3,183,0,24,3,2016,5,2,22,1,1,3,1,2,US-64,,0,35.795,-78.535,0,12,1,0,1,1,0,1,2,1,0,1,0,0,2,16,2,25,88,88,0,0,0,1,0,0
37,370282,1,1,0,1,1,1,1,25,1040,17,3,2016,5,2,6,1,2,1,1,1,I-85,,99999,35.38,-80.707,0,8,0,0,1,1,0,1,2,1,0,1,0,0,2,11,2,19,88,88,0,0,0,1,1,1
37,370284,1,1,0,0,0,1,1,89,0,28,3,2016,2,17,47,0,1,4,1,2,US-64,,99999,35.379,-82.363,0,42,0,0,1,1,0,4,1,1,0,1,0,0,17,47,17,59,99,99,0,0,0,1,0,0
37,370290,2,2,0,0,0,2,2,25,0,6,4,2016,4,19,33,0,1,4,1,2,US-601,,99999,35.29,-80.511,0,12,2,0,1,1,0,1,1,1,0,1,0,0,19,30,19,37,20,12,0,0,0,1,1,0
37,370294,2,2,0,0,0,3,3,57,0,2,4,2016,7,15,14,0,2,5,98,3,SR-8,CR-2287 WAFFORD RD,99999,35.688,-80.269,0,12,6,0,2,2,0,1,1,1,0,1,0,0,14,21,14,25,15,32,0,0,0,1,0,2
37,370300,2,2,0,0,0,2,2,87,0,11,4,2016,2,3,11,1,1,1,1,1,I-40,,99999,35.549,-82.937,0,12,2,0,1,1,0,1,2,1,0,1,0,0,99,99,99,99,99,99,0,0,0,1,0,1
37,370301,1,1,0,0,0,1,1,93,0,12,4,2016,3,0,35,0,1,5,98,3,SR-20,,99999,34.927,-79.152,0,42,0,0,1,1,0,4,2,1,0,1,0,0,99,99,99,99,88,88,0,0,0,1,1,2
37,370307,1,1,0,1,1,2,2,129,0,6,4,2016,4,5,39,1,1,1,1,1,I-40,,99999,34.321,-77.872,0,8,0,1,18,1,0,1,2,1,0,1,0,0,5,38,5,48,88,88,0,0,0,1,0,1
37,370308,2,2,0,0,0,3,3,155,0,4,4,2016,2,14,17,1,1,1,1,1,I-95,,99999,34.551,-79.201,0,59,0,1,19,1,0,8,1,1,0,1,0,0,99,99,99,99,99,99,0,0,0,1,0,1
37,370310,1,1,0,0,0,1,1,171,0,5,4,2016,3,14,45,0,1,4,98,3,SR-89,,99999,36.526,-80.868,0,19,0,0,1,1,0,4,1,1,0,1,0,0,14,40,15,0,15,42,0,0,0,1,0,1
37,370313,1,1,0,0,0,3,3,183,0,10,4,2016,1,2,57,1,2,1,1,1,I-40,,99999,35.692,-78.573,0,24,0,0,1,1,0,4,2,1,0,1,0,0,2,42,2,54,99,99,0,0,0,1,1,1
37,370317,2,2,0,0,0,3,3,35,2710,22,2,2016,2,19,30,1,2,3,1,2,US-70,,0,35.722,-81.36,0,12,2,0,1,1,0,1,3,2,0,2,0,0,19,37,19,47,20,9,0,0,0,1,0,0
37,370318,1,1,0,0,0,1,1,97,0,3,3,2016,5,9,24,1,1,1,1,1,I-40,,0,35.8,-80.912,0,24,0,0,1,1,0,4,1,1,0,1,0,0,9,22,9,29,10,40,0,0,0,1,0,1
37,370320,1,1,0,1,1,1,1,39,0,19,4,2016,3,22,12,1,1,3,1,2,US-19,,0,35.111,-84.007,0,8,0,0,1,1,0,1,2,10,0,10,0,0,22,10,22,16,88,88,0,0,0,1,0,0
37,370321,2,2,0,0,0,2,2,45,4760,19,4,2016,3,20,47,0,2,3,98,3,SR-150,,0,35.361,-81.431,0,12,6,0,8,1,0,1,2,1,0,1,0,0,20,40,20,46,21,19,0,0,0,1,1,0
37,370323,2,2,0,0,0,2,2,81,0,5,4,2016,3,5,25,1,1,1,1,1,I-40,,0,36.091,-79.992,0,12,1,0,1,1,0,4,2,1,0,1,0,0,5,1,5,12,88,88,0,0,0,1,0,1
37,370326,3,3,0,0,0,4,4,97,0,9,4,2016,7,15,29,1,1,1,1,1,I-40,,0,35.8,-80.912,0,12,7,0,1,1,0,1,1,1,0,1,0,0,15,29,15,38,16,30,0,0,0,1,0,1
37,370327,4,4,0,1,1,7,7,119,870,2,4,2016,7,11,47,1,2,1,1,1,I-85,,0,35.267,-80.873,0,12,1,0,1,1,0,1,1,1,0,1,0,0,11,44,12,1,12,39,23,0,0,1,0,1
37,370329,1,1,0,0,0,2,2,119,870,6,4,2016,4,4,30,1,2,1,1,1,I-85,,0,35.266,-80.874,0,59,0,0,1,1,0,4,3,1,0,1,0,0,4,25,4,28,4,54,0,0,0,2,0,1
37,370331,1,1,0,0,0,1,1,135,0,16,4,2016,7,13,45,1,1,3,1,2,US-70,,0,36.086,-79.099,0,42,0,0,1,1,0,4,1,1,0,1,0,0,99,99,99,99,88,88,0,0,0,1,0,0
37,370332,1,1,0,0,0,3,3,135,0,10,4,2016,1,1,59,1,1,1,1,1,I-40,,0,36.04,-79.11,0,1,0,0,1,1,0,4,2,1,0,1,0,0,1,58,2,15,99,99,0,0,0,1,0,1
37,370335,1,1,0,0,0,2,2,161,0,18,4,2016,2,9,35,1,1,3,1,2,US-74,,0,35.315,-81.857,0,42,0,0,1,1,0,4,1,1,0,1,0,0,9,29,9,39,99,99,0,0,0,1,0,0
37,370338,2,2,0,0,0,6,6,171,0,17,4,2016,1,13,46,1,1,3,1,2,US-601,SR-2258,0,36.392,-80.705,0,12,6,0,2,2,0,1,1,1,0,1,0,0,13,46,13,49,14,49,0,0,0,1,0,0
37,370339,1,1,0,0,0,1,1,179,9997,10,4,2016,1,22,7,0,2,3,98,3,SR-200,,0,35.141,-80.414,0,34,0,0,1,1,0,4,2,1,0,1,0,0,99,99,99,99,88,88,0,0,0,1,0,1
37,370347,2,2,0,0,0,2,2,73,0,19,4,2016,3,17,54,0,1,3,1,2,US-158,,99999,36.437,-76.724,0,12,2,0,1,1,0,1,1,1,0,1,0,0,17,53,17,58,19,5,0,0,0,1,0,0
37,370352,1,1,0,0,0,2,2,101,0,24,4,2016,1,2,39,0,1,4,98,3,SR-210,,99999,35.506,-78.438,0,35,0,0,1,1,0,4,2,1,0,1,0,0,99,99,99,99,99,99,0,0,0,1,0,2
37,370356,3,2,1,0,0,3,3,119,870,30,4,2016,7,1,0,1,2,1,1,1,I-85,,99999,35.276,-80.82,0,14,0,0,1,1,0,3,3,1,0,1,0,0,0,59,1,2,88,88,14,20,0,1,1,1
37,370364,1,1,0,0,0,1,1,183,0,21,4,2016,5,22,58,0,1,3,1,2,US-264,,99999,35.834,-78.311,0,34,0,1,19,1,0,4,2,1,0,1,0,0,22,37,22,41,88,88,0,0,0,1,0,0
37,370365,1,1,0,0,0,1,1,195,0,23,4,2016,7,3,41,0,1,3,1,2,US-301,,99999,35.746,-77.871,0,32,0,0,1,1,0,4,2,2,0,2,0,0,3,28,3,38,88,88,0,0,0,1,0,0
37,370369,1,1,0,0,0,2,2,47,0,8,4,2016,6,19,22,1,1,3,1,2,US-74,,0,34.44,-78.955,0,34,0,0,1,1,0,4,1,1,0,1,0,0,19,20,19,38,99,99,0,0,0,1,1,0
37,370370,1,1,0,0,0,1,1,49,0,26,4,2016,3,13,30,1,1,3,1,2,US-17,,0,35.118,-77.016,0,42,0,0,1,1,0,4,1,1,0,1,0,0,13,24,13,35,88,88,0,0,0,1,0,1
37,370371,2,2,0,0,0,3,3,59,0,24,4,2016,1,9,20,1,1,3,1,2,US-601,,0,35.887,-80.562,0,12,2,0,1,1,0,1,1,1,0,1,0,0,99,99,99,99,99,99,0,0,0,1,0,0
37,370373,1,1,0,0,0,1,1,81,3413,26,4,2016,3,11,31,0,2,3,98,3,SR-150,,0,36.175,-79.986,0,43,0,0,1,1,0,4,1,1,0,1,0,0,11,30,11,37,88,88,0,0,0,1,0,0
37,370374,1,1,0,0,0,2,2,89,0,16,4,2016,7,4,19,1,1,1,1,1,I-26,,99999,35.319,-82.423,0,24,0,0,1,1,0,4,2,1,0,1,0,0,4,3,4,14,5,20,0,0,0,1,0,1
37,370377,2,2,0,0,0,3,3,101,0,27,4,2016,4,9,40,1,1,1,1,1,I-95,,99999,35.389,-78.518,0,12,1,1,18,1,1,1,1,1,0,1,0,0,9,47,9,59,10,38,0,0,0,1,0,1
37,370380,2,2,0,0,0,3,3,133,0,25,4,2016,2,16,45,0,1,4,98,3,SR-210,,99999,34.587,-77.467,0,12,2,0,1,1,0,1,1,1,0,1,0,0,16,45,16,48,88,88,0,0,0,1,0,2
37,370383,2,2,0,0,0,2,2,153,2020,6,4,2016,4,13,31,1,2,2,98,2,US-74,GENE BURREL ROAD,99999,34.903,-79.712,0,12,6,0,2,2,0,1,1,1,0,1,0,0,99,99,99,99,99,99,0,0,0,1,0,0
37,370384,1,1,0,0,0,1,1,155,0,28,4,2016,5,15,22,1,1,1,1,1,I-95,,99999,34.578,-79.149,0,42,0,0,1,1,0,3,1,1,0,1,0,0,99,99,99,99,99,99,0,0,0,1,0,1
37,370391,2,2,0,0,0,4,4,33,0,29,4,2016,6,14,58,0,1,4,98,3,SR-87,CR-1144,99999,36.267,-79.521,0,12,6,0,2,3,0,1,1,1,0,1,0,0,15,12,15,49,16,26,0,0,0,1,0,1
37,370392,1,1,0,0,0,1,1,35,3300,30,4,2016,7,6,51,0,2,3,98,3,SR-16,,99999,35.694,-81.219,0,53,0,0,1,1,0,4,1,10,2,2,0,0,6,47,6,55,7,18,0,0,0,1,0,2
37,370393,2,2,0,0,0,3,3,47,0,2,4,2016,7,21,47,0,1,5,98,3,SR-11,,99999,34.379,-78.276,0,12,2,0,1,1,0,1,2,1,0,1,0,0,99,99,99,99,88,88,0,0,0,2,0,2
37,370401,1,1,0,1,1,3,3,147,0,24,4,2016,1,0,47,1,1,3,1,2,US-258,,0,35.619,-77.606,0,8,0,0,1,1,0,1,2,1,0,1,0,0,0,39,0,44,1,5,0,0,0,1,0,0
37,370402,1,1,0,1,1,2,2,19,0,5,5,2016,5,19,27,1,1,3,1,2,US-74,,0,34.231,-78.02,0,8,0,0,1,1,0,1,1,1,0,1,0,0,19,26,19,28,19,47,0,0,0,1,0,0
37,370403,1,1,0,0,0,1,1,45,0,3,5,2016,3,14,29,0,1,3,98,3,SR-18,,0,35.289,-81.541,0,42,0,0,1,1,0,4,1,2,10,2,0,0,14,20,14,25,15,14,0,0,0,1,0,2
37,370406,1,1,0,0,0,1,1,81,1940,1,5,2016,1,1,30,1,2,3,1,2,US-29,,0,36.106,-79.761,0,1,0,0,1,1,0,4,2,2,0,2,0,0,99,99,99,99,88,88,0,0,0,1,0,0
37,370412,2,2,0,0,0,3,3,147,1950,2,5,2016,2,18,22,0,2,3,98,3,SR-33,,0,35.647,-77.367,0,12,6,0,1,1,0,1,1,2,0,2,0,0,18,28,18,33,18,53,0,0,0,1,1,1
37,370414,1,1,0,0,0,1,1,155,0,3,5,2016,3,20,59,0,1,3,98,3,SR-72,,0,34.618,-79.01,0,53,0,0,1,1,0,4,2,1,0,1,0,0,20,55,21,6,22,42,0,0,0,1,0,2
37,370418,1,1,0,0,0,1,1,19,0,12,5,2016,5,16,26,0,1,3,98,3,SR-87,,0,34.286,-78.14,0,34,0,0,1,1,0,4,1,2,0,2,0,0,16,15,16,28,88,88,0,0,0,1,0,1
37,370420,2,2,0,0,0,2,2,47,0,4,5,2016,4,13,56,0,1,3,98,3,SR-87,SR-1817,0,34.376,-78.277,0,12,2,0,2,2,0,1,1,1,0,1,0,0,13,43,13,44,88,88,0,0,0,1,0,1
37,370421,2,2,0,0,0,6,6,57,2620,1,5,2016,1,2,45,1,2,1,1,1,I-85,,0,35.834,-80.262,0,12,1,0,1,1,0,1,2,2,0,2,0,0,2,51,3,5,99,99,0,0,0,1,1,1
37,370422,3,3,0,0,0,3,3,57,0,11,5,2016,4,20,45,0,2,3,98,3,SR-109,,0,36.005,-80.132,0,12,8,0,1,1,0,1,2,1,0,1,0,0,20,45,20,51,21,36,0,0,0,1,0,2
37,370423,1,1,0,1,1,1,1,65,0,10,5,2016,3,17,27,0,1,3,98,3,SR-111,,0,35.891,-77.526,0,53,0,0,1,1,0,4,1,1,0,1,0,0,17,29,17,33,18,25,0,0,0,1,1,1
37,370424,1,1,0,0,0,2,2,67,2430,10,5,2016,3,7,44,1,2,3,1,2,US-421,,0,36.11,-80.081,0,35,0,0,1,1,0,4,1,1,0,1,0,0,99,99,99,99,99,99,0,0,0,1,0,0
37,370431,2,2,0,0,0,4,4,129,0,14,5,2016,7,12,29,1,1,3,1,2,US-421,,0,34.203,-77.941,0,12,2,0,1,1,0,1,1,1,0,1,0,0,12,26,12,34,99,99,0,0,0,1,1,0
37,370432,2,2,0,0,0,3,3,133,0,1,5,2016,1,15,8,1,1,3,1,2,US-258,,0,34.753,-77.454,0,12,6,0,4,1,0,1,1,2,0,2,0,0,15,9,15,15,88,88,0,0,0,1,0,0
37,370433,2,2,0,0,0,2,2,133,0,8,5,2016,1,1,40,1,1,3,1,2,US-17,,0,34.496,-77.554,0,24,0,0,1,1,0,4,2,1,0,1,0,0,99,99,99,99,88,88,20,0,0,2,0,1
37,370434,2,2,0,0,0,4,4,147,1950,15,5,2016,1,13,47,0,2,3,98,3,SR-43,,0,35.6,-77.395,0,12,6,0,1,1,0,1,1,1,0,1,0,0,13,55,14,1,14,18,0,0,0,1,0,2
37,370436,2,2,0,0,0,2,2,163,0,13,5,2016,6,16,23,1,1,3,1,2,US-701,,0,34.785,-78.395,0,12,2,0,1,1,0,1,1,1,0,1,0,0,16,20,16,36,88,88,0,0,0,1,0,1
37,370437,1,1,0,0,0,1,1,71,0,14,3,2016,2,20,31,1,1,3,1,2,US-74,,0,35.25,-81.072,0,53,0,0,1,1,0,4,2,2,0,2,0,0,20,23,20,24,20,50,0,0,0,1,0,0
37,370438,2,2,0,0,0,2,2,171,0,4,3,2016,6,13,0,1,1,1,1,1,I-77,,0,36.263,-80.825,0,57,0,0,1,1,0,3,1,1,0,1,0,0,12,30,12,45,13,20,0,0,0,1,0,0
37,370440,2,2,0,0,0,2,2,89,1674,14,4,2016,5,7,2,1,2,3,1,2,US-25,,0,35.436,-82.502,0,12,2,0,1,1,0,1,4,1,0,1,0,0,7,2,7,16,88,88,0,0,0,1,0,0
37,370441,3,3,0,1,1,6,6,21,0,15,5,2016,1,20,55,1,1,1,1,1,I-26,,0,35.548,-82.607,0,8,0,0,1,1,0,1,2,1,0,1,0,0,20,54,20,57,88,88,0,0,0,1,0,1
37,370442,1,1,0,0,0,2,2,21,0,19,5,2016,5,16,52,0,1,3,98,3,SR-63,,0,35.59,-82.603,0,42,0,0,1,1,0,4,1,1,0,1,0,0,16,40,16,51,17,30,0,0,0,1,1,2
37,370443,1,1,0,0,0,1,1,39,80,1,5,2016,1,8,47,1,2,3,1,2,US-19,,0,35.207,-83.819,0,30,0,0,1,1,0,4,1,10,0,10,0,0,8,47,8,49,9,21,0,0,0,1,0,0
37,370446,2,2,0,0,0,4,4,83,0,2,5,2016,2,8,57,0,1,3,98,3,SR-48,SR-561,0,36.276,-77.854,0,12,6,0,2,2,0,1,1,1,0,1,0,0,8,53,9,3,9,40,0,0,0,1,0,1
37,370447,2,2,0,0,0,2,2,113,0,14,5,2016,7,10,47,1,1,3,1,2,US-23,,0,35.235,-83.343,0,12,7,0,1,1,0,1,1,1,0,1,0,0,10,46,10,52,88,88,0,0,0,1,0,0
37,370449,1,1,0,0,0,1,1,127,0,21,5,2016,7,14,11,0,1,5,98,3,SR-97,,99999,35.853,-78.004,0,34,0,0,1,1,0,4,1,1,0,1,0,0,14,5,14,15,88,88,0,0,0,1,0,2
37,370453,2,2,0,0,0,2,2,167,0,18,5,2016,4,10,11,1,1,3,98,2,US-52,,99999,35.252,-80.158,0,12,2,0,1,1,0,1,1,10,0,10,0,0,10,8,10,17,88,88,0,0,0,1,0,0
37,370455,2,2,0,1,1,4,4,183,0,20,5,2016,6,23,6,1,2,3,98,2,US-70,,99999,35.673,-78.514,0,12,1,0,1,1,0,1,2,10,2,2,0,0,23,3,23,14,23,36,15,0,0,1,0,0
37,370461,2,2,0,0,0,2,2,35,2150,17,5,2016,3,2,13,1,2,1,1,1,I-40,,0,35.707,-81.275,0,12,1,0,20,1,0,1,3,1,0,1,0,0,2,13,2,19,2,37,0,0,0,1,0,1
37,370464,2,2,0,0,0,3,3,53,0,19,5,2016,5,9,12,0,1,3,98,3,SR-34,,0,36.352,-76.153,0,12,6,0,1,1,0,1,1,1,0,1,0,0,9,11,9,19,10,2,0,0,0,1,0,2
37,370467,1,1,0,1,1,1,1,97,4430,21,5,2016,7,0,12,1,2,3,1,2,US-21,,0,35.807,-80.876,0,8,0,0,1,1,0,1,3,2,0,2,0,0,0,3,0,6,99,99,0,0,0,1,0,0
37,370468,1,1,0,0,0,1,1,101,0,26,5,2016,5,16,36,1,1,1,1,1,I-95,,0,35.491,-78.348,0,42,0,0,1,1,0,4,1,1,0,1,0,0,16,35,16,43,88,88,0,0,0,1,0,1
37,370473,1,1,0,0,0,2,2,127,0,25,5,2016,4,3,56,1,1,1,1,1,I-95,,0,35.972,-77.881,0,42,0,0,1,1,0,3,2,1,0,1,0,0,3,52,4,20,99,99,0,0,0,1,0,1
37,370474,1,1,0,0,0,1,1,127,0,28,5,2016,7,7,31,0,1,3,98,3,SR-58,,0,36.075,-78.049,0,42,0,0,1,1,0,4,1,1,0,1,0,0,7,17,7,37,99,99,0,0,0,1,0,1
37,370475,1,1,0,0,0,1,1,149,0,26,5,2016,5,10,50,1,1,1,1,1,I-26,,0,35.241,-82.205,0,1,0,0,1,1,0,4,1,1,0,1,0,0,10,46,10,52,88,88,0,0,0,1,1,1
37,370479,2,2,0,0,0,2,2,183,0,25,5,2016,4,21,11,1,1,3,1,2,US-401,FORESTVILLE RD,0,35.896,-78.507,0,12,6,0,2,2,0,1,2,1,0,1,0,0,21,5,21,14,99,99,0,0,0,1,0,0
37,370483,1,1,0,0,0,1,1,1,700,25,5,2016,4,6,16,0,1,3,98,3,SR-49,,99999,36.083,-79.429,0,33,0,0,1,1,0,4,1,1,0,1,0,0,6,15,6,26,88,88,0,0,0,1,0,1
37,370486,1,1,0,1,1,1,1,49,3250,29,5,2016,1,21,14,0,2,3,98,3,SR-55,,99999,35.142,-77.103,0,8,0,0,1,1,0,1,3,10,0,10,0,0,21,18,21,23,21,56,0,0,0,1,0,2
37,370491,1,1,0,0,0,1,1,67,0,27,5,2016,6,20,19,0,2,4,98,3,SR-65,,99999,36.253,-80.25,0,42,0,0,1,1,0,4,5,1,0,1,0,0,20,12,20,27,20,48,0,0,0,1,1,0