STATE,ST_CASE,VE_TOTAL,VE_FORMS,PVH_INVL,PEDS,PERNOTMVIT,PERMVIT,PERSONS,COUNTY,CITY,DAY,MONTH,YEAR,DAY_WEEK,HOUR,MINUTE,NHS,RUR_URB,FUNC_SYS,RD_OWNER,ROUTE,TWAY_ID,TWAY_ID2,MILEPT,LATITUDE,LONGITUD,SP_JUR,HARM_EV,MAN_COLL,RELJCT1,RELJCT2,TYP_INT,WRK_ZONE,REL_ROAD,LGT_COND,WEATHER1,WEATHER2,WEATHER,SCH_BUS,RAIL,NOT_HOUR,NOT_MIN,ARR_HOUR,ARR_MIN,HOSP_HR,HOSP_MN,CF1,CF2,CF3,FATALS,DRUNK_DR,RANK
37,370499,2,2,0,1,1,1,1,159,0,26,5,2016,5,5,4,1,1,1,1,1,I-85,,0,35.646,-80.477,0,12,1,0,1,1,0,1,3,1,0,1,0,0,5,3,5,16,88,88,19,23,0,1,0,1
37,370507,2,2,0,0,0,3,3,67,937,3,6,2016,6,23,15,1,2,1,1,1,I-40,,0,36.03,-80.391,0,12,1,0,1,1,0,1,2,1,0,1,0,0,23,10,23,15,0,6,0,0,0,1,1,1
37,370513,1,1,0,0,0,1,1,183,3750,5,6,2016,1,1,22,1,2,1,1,1,I-495,,0,35.777,-78.558,0,34,0,1,5,1,0,4,2,2,0,2,0,0,1,32,1,42,88,88,0,0,0,1,1,1
37,370514,1,1,0,1,1,4,4,183,3750,3,6,2016,6,20,56,1,2,3,1,2,US-70,,0,35.912,-78.781,0,8,0,0,1,1,0,1,2,2,0,2,0,0,20,57,21,11,88,88,0,0,0,1,0,0
37,370516,2,2,0,0,0,2,2,71,0,24,3,2016,5,17,18,1,1,2,98,2,US-321,,99999,35.33,-81.19,0,12,1,0,1,1,0,1,1,1,0,1,0,0,17,19,17,28,17,58,0,0,0,1,0,0
37,370522,1,1,0,1,1,1,1,141,0,25,5,2016,4,6,16,1,1,3,98,2,US-17,,99999,34.438,-77.629,0,8,0,0,1,1,0,1,2,1,0,1,0,0,6,4,6,9,88,88,0,0,0,1,0,1
37,370523,2,1,1,2,2,2,2,155,2770,19,5,2016,5,4,56,1,2,1,1,1,I-95,,99999,34.609,-79.086,0,14,0,0,1,1,1,2,3,1,0,1,0,0,4,59,5,15,99,99,0,0,0,1,0,1
37,370525,2,2,0,0,0,4,4,183,0,30,5,2016,2,6,3,1,1,3,1,2,US-64,,0,35.834,-78.318,0,12,1,0,1,1,0,1,4,5,0,5,0,0,6,6,6,20,6,47,0,0,0,1,0,0
37,370528,2,2,0,0,0,3,3,23,0,13,6,2016,2,8,23,0,1,3,98,2,US-64,,0,35.748,-81.687,0,12,2,0,1,1,0,1,1,1,0,1,0,0,8,36,8,51,10,15,0,0,0,1,1,0
37,370532,3,3,0,0,0,6,6,59,0,11,6,2016,7,12,27,1,1,1,1,1,I-40,,0,36.006,-80.445,0,12,1,0,1,1,0,1,1,1,0,1,0,0,12,26,12,39,88,88,0,0,0,1,0,1
37,370535,1,1,0,0,0,2,2,91,0,4,6,2016,7,11,57,1,1,3,98,2,US-158,,99999,36.439,-77.078,0,33,0,0,1,1,0,4,1,1,0,1,0,0,11,36,11,52,12,16,0,0,0,1,1,0
37,370537,2,2,0,0,0,3,3,111,0,10,6,2016,6,12,1,0,1,5,98,3,SR-80,,99999,35.735,-82.118,0,12,2,0,1,1,0,1,1,1,0,1,0,0,12,0,12,18,88,88,0,0,0,1,0,2
37,370540,1,1,0,0,0,1,1,155,2770,3,6,2016,6,23,51,0,2,3,98,3,SR-72,,99999,34.626,-79.041,0,33,0,0,1,1,0,4,3,1,0,1,0,0,99,99,99,99,99,99,0,0,0,1,1,2
37,370544,2,2,0,0,0,2,2,167,0,10,6,2016,6,16,6,0,1,4,98,3,SR-24,CR-1258,99999,35.324,-80.245,0,12,6,0,2,3,0,1,1,1,0,1,0,0,16,4,16,13,16,40,0,0,0,1,0,2
37,370545,2,2,0,0,0,4,4,179,0,11,6,2016,7,14,14,0,1,4,98,3,SR-200,CR-1128,99999,34.869,-80.665,0,12,6,0,2,2,0,1,1,1,0,1,0,0,14,11,14,19,15,1,0,0,0,1,0,1
37,370546,2,2,0,0,0,3,3,79,0,26,4,2016,3,10,45,0,1,3,98,3,SR-91,SR-1325,0,35.536,-77.675,0,12,6,0,2,2,0,1,1,1,0,1,0,0,99,99,99,99,99,99,0,0,0,1,0,2
37,370547,2,2,0,0,0,2,2,45,530,25,5,2016,4,10,0,0,1,3,98,3,SR-87,,0,35.253,-81.667,0,12,6,0,1,1,0,1,1,1,0,1,0,0,9,57,10,16,10,55,0,0,0,1,0,1
37,370550,1,1,0,1,1,1,1,125,0,20,5,2016,6,6,38,0,1,3,98,3,SR-211,,0,35.22,-79.527,0,8,0,0,1,1,0,1,3,10,0,10,0,0,6,31,6,32,88,88,0,0,0,1,0,2
37,370551,1,1,0,1,1,4,4,141,0,14,5,2016,7,23,32,1,1,3,1,2,US-17,,0,34.331,-77.752,0,8,0,0,1,1,0,1,2,1,0,1,0,0,23,26,23,33,99,99,0,0,0,1,0,1
37,370557,2,2,0,0,0,3,3,51,0,3,6,2016,6,12,17,1,1,3,1,2,US-301,,0,35.053,-78.865,0,12,1,0,1,1,0,1,1,1,0,1,0,0,99,99,99,99,99,99,0,0,0,1,0,0
37,370558,2,2,0,0,0,3,3,57,0,10,6,2016,6,18,19,1,1,1,1,1,I-85,,0,35.857,-80.088,0,32,0,0,1,1,0,4,1,1,0,1,0,0,18,21,18,27,88,88,14,0,0,1,0,1
37,370559,1,1,0,0,0,1,1,57,0,15,6,2016,4,5,18,1,1,1,1,1,I-85,,0,35.834,-80.262,0,42,0,0,1,1,0,3,4,1,0,1,0,0,5,15,5,32,88,88,0,0,0,1,0,1
37,370561,2,2,0,0,0,2,2,81,1940,11,6,2016,7,4,21,1,2,1,1,1,I-85,,0,36.059,-79.662,0,12,2,0,1,1,0,1,2,1,0,1,0,0,4,28,4,36,99,99,0,0,0,1,1,1
37,370564,2,2,0,0,0,4,4,93,0,14,6,2016,3,9,40,0,1,3,98,3,SR-211,SR-1001,0,34.927,-79.216,0,12,2,0,3,2,0,1,1,1,0,1,0,0,9,47,9,55,10,27,0,0,0,1,0,2
37,370565,4,4,0,0,0,6,6,93,0,17,6,2016,6,9,44,1,1,3,1,2,US-401,,0,34.924,-79.324,0,12,1,0,1,1,0,1,1,1,0,1,0,0,9,40,9,46,10,35,0,0,0,1,0,0
37,370566,1,1,0,0,0,1,1,97,0,18,6,2016,7,9,30,1,1,1,1,1,I-40,,0,35.808,-80.871,0,24,0,0,1,1,0,3,1,1,0,1,0,0,9,29,9,44,88,88,0,0,0,1,0,1
37,370575,1,1,0,0,0,2,2,185,0,11,6,2016,7,16,38,1,1,3,1,2,US-401,,0,36.394,-78.157,0,34,0,0,1,1,0,4,1,1,0,1,0,0,16,40,16,48,17,30,0,0,0,1,0,0
37,370576,1,1,0,0,0,2,2,15,0,15,5,2016,1,4,51,0,1,5,98,3,SR-308,,99999,36.015,-76.976,0,34,0,0,1,1,0,4,2,1,0,1,0,0,4,45,4,50,5,38,0,0,0,1,1,2
37,370577,1,1,0,1,1,1,1,119,870,8,5,2016,1,3,50,1,2,1,1,1,I-85,,99999,35.275,-80.824,0,8,0,0,1,1,0,1,2,1,0,1,0,0,3,50,3,54,4,22,19,0,0,1,0,1
37,370578,2,2,0,0,0,3,3,1,0,11,6,2016,7,16,43,0,1,4,98,3,SR-87,CR-2338,99999,35.936,-79.333,0,12,6,0,2,2,0,1,1,1,0,1,0,0,16,47,17,3,17,41,0,0,0,2,0,1
37,370579,2,2,0,0,0,2,2,1,700,23,6,2016,5,12,23,1,2,3,98,2,US-70,,99999,36.081,-79.529,0,12,6,0,8,1,0,1,1,1,0,1,0,0,12,43,12,49,88,88,0,0,0,1,0,0
37,370580,2,2,0,0,0,3,3,31,0,15,6,2016,4,14,45,0,1,4,98,3,SR-101,,99999,34.82,-76.681,0,12,2,0,1,1,0,1,1,2,10,2,0,0,14,22,14,31,15,5,0,0,0,1,0,2
37,370581,3,3,0,0,0,5,5,37,0,27,6,2016,2,10,42,1,1,3,98,2,US-64,CR-1106,99999,35.734,-79.5,0,12,2,0,2,2,0,1,1,1,0,1,0,0,10,41,10,48,11,44,0,0,0,1,0,0
37,370591,3,3,0,0,0,5,5,145,0,22,6,2016,4,17,27,1,1,3,98,2,US-501,CR-1745,99999,36.279,-78.952,0,12,7,0,3,3,0,1,1,10,0,10,0,0,17,22,17,25,18,20,0,0,0,1,0,0
37,370600,2,2,0,0,0,2,2,133,4530,16,3,2016,4,9,48,0,2,3,98,3,SR-24,OT SHORE DR,0,34.7,-77.143,0,12,6,0,2,4,0,1,1,1,0,1,0,0,9,46,9,53,10,31,0,0,0,1,0,2
37,370606,1,1,0,1,1,1,1,53,0,27,6,2016,2,0,39,1,1,3,1,2,US-158,,0,36.363,-76.118,0,9,0,0,1,1,0,1,2,1,0,1,0,0,99,99,99,99,88,88,0,0,0,1,0,0
37,370610,2,2,0,0,0,6,6,71,0,1,6,2016,4,23,38,1,1,1,1,1,I-85,,0,35.231,-81.325,0,12,1,0,1,1,0,1,2,10,0,10,0,0,23,39,0,5,0,38,0,0,0,1,1,1
37,370620,1,1,0,0,0,2,2,167,3280,22,6,2016,4,16,38,1,2,3,1,2,US-52,,0,35.44,-80.22,0,59,0,0,1,1,0,4,1,2,0,2,0,0,16,39,16,46,17,25,0,0,0,1,0,0
37,370622,2,2,0,0,0,4,4,199,0,7,6,2016,3,17,17,0,1,3,98,3,SR-80,,0,35.91,-82.206,0,12,6,0,1,1,0,1,1,1,0,1,0,0,17,13,17,26,18,5,0,0,0,1,0,2
37,370624,2,2,0,0,0,3,3,87,4900,25,5,2016,4,9,36,1,2,2,98,2,US-23,,99999,35.493,-83.003,0,12,1,0,1,1,0,1,1,1,0,1,0,0,9,42,9,44,99,99,0,0,0,1,0,0
37,370626,2,2,0,0,0,4,4,197,0,25,5,2016,4,9,59,1,1,1,1,1,I-77,,99999,36.222,-80.812,0,12,7,0,1,1,0,1,1,1,0,1,0,0,9,57,10,12,99,99,0,0,0,1,0,0
37,370627,1,1,0,0,0,3,3,1,0,15,6,2016,4,20,4,0,1,4,98,3,SR-87,,99999,36.178,-79.509,0,42,0,0,1,1,0,4,2,2,0,2,0,0,99,99,99,99,99,99,0,0,0,1,1,1
37,370629,3,3,0,0,0,4,4,51,0,26,6,2016,1,1,36,0,2,4,98,3,SR-162,CR-3697,99999,34.972,-78.919,0,12,8,0,2,3,0,1,2,1,0,1,0,0,1,26,1,35,1,52,0,0,0,2,1,2
37,370631,2,2,0,0,0,8,8,53,0,21,6,2016,3,14,42,1,1,3,98,2,US-158,,99999,36.097,-75.812,0,12,6,0,1,1,0,1,1,1,0,1,0,0,14,37,14,52,99,99,0,0,0,1,0,0
37,370634,1,1,0,2,2,1,1,151,160,24,6,2016,6,1,53,1,2,3,98,2,US-64,,99999,35.693,-79.799,0,8,0,0,1,1,0,1,3,10,0,10,0,0,1,53,2,0,2,20,0,0,0,1,0,0
37,370639,2,2,0,0,0,2,2,35,0,12,7,2016,3,9,36,0,1,3,98,3,SR-10,US-70,0,35.718,-81.081,0,12,6,0,2,2,0,1,1,1,0,1,0,0,9,34,9,38,10,12,0,0,0,1,0,2
37,370640,2,2,0,0,0,2,2,37,0,7,7,2016,5,14,38,0,1,3,98,3,SR-87,SR-902,0,35.708,-79.188,0,12,6,0,2,3,0,1,1,1,0,1,0,0,14,37,14,49,15,15,0,0,0,1,0,1
37,370642,2,2,0,0,0,2,2,43,0,2,7,2016,7,23,15,1,1,3,1,2,US-64,,0,35.035,-83.828,0,12,8,0,1,1,0,1,2,1,0,1,0,0,23,1,23,15,23,33,0,0,0,1,1,0
37,370645,1,1,0,0,0,4,4,49,0,4,7,2016,2,9,57,1,1,3,1,2,US-17,,0,35.118,-77.016,0,42,0,0,1,1,0,4,1,1,0,1,0,0,9,58,10,8,10,43,0,0,0,1,0,1
37,370647,1,1,0,0,0,2,2,57,0,3,7,2016,1,3,11,1,1,3,1,2,US-52,,0,35.914,-80.234,0,42,0,0,1,1,0,4,2,2,0,2,0,0,3,10,3,17,88,88,0,0,0,1,0,0
37,370648,1,1,0,1,1,3,3,57,2620,15,7,2016,6,21,33,1,2,3,1,2,US-29,,0,35.834,-80.26,0,8,0,0,1,1,0,1,2,10,0,10,0,0,21,33,21,45,99,99,0,0,0,1,0,0
37,370649,2,2,0,0,0,2,2,59,0,15,7,2016,6,4,34,1,1,3,1,2,US-601,SR-1356,0,35.935,-80.6,0,12,6,0,2,3,0,1,2,1,0,1,0,0,4,33,4,43,88,88,0,0,0,1,0,0
37,370654,2,2,0,0,0,3,3,99,0,1,7,2016,6,16,30,1,1,3,1,2,US-74,,0,35.375,-83.238,0,12,7,0,1,1,0,1,1,1,0,1,0,0,16,28,16,39,17,3,0,0,0,1,0,0
37,370655,2,2,0,0,0,3,3,99,0,18,7,2016,2,11,2,1,1,3,1,2,US-23,,0,35.37,-83.254,0,12,2,0,1,1,0,1,1,1,0,1,0,0,11,0,11,11,99,99,0,0,0,2,0,0
37,370656,1,1,0,1,1,1,1,101,0,6,7,2016,4,4,40,0,1,3,98,3,SR-50,,0,35.378,-78.542,0,8,0,0,1,1,0,1,2,1,0,1,0,0,4,40,4,40,88,88,0,0,0,1,0,0
37,370663,2,2,0,0,0,2,2,127,0,14,7,2016,5,18,22,0,1,3,98,3,SR-97,SR-1730,0,35.91,-77.834,0,12,6,0,2,3,0,1,1,1,0,1,0,0,18,8,18,17,99,99,0,0,0,1,1,2
37,370664,1,1,0,0,0,1,1,131,0,9,7,2016,7,18,43,1,1,1,1,1,I-95,,0,36.501,-77.645,0,24,0,0,1,1,0,3,1,1,0,1,0,0,18,36,18,54,88,88,0,0,0,1,1,1
37,370665,2,2,0,0,0,5,5,143,0,3,7,2016,1,19,54,1,1,3,98,2,US-17,,99999,36.222,-76.375,0,12,1,0,8,1,0,1,1,1,0,1,0,0,19,45,19,51,20,26,0,0,0,1,0,1
37,370667,2,2,0,0,0,2,2,155,0,11,7,2016,2,16,31,0,1,5,98,3,SR-71,,99999,34.793,-79.258,0,51,0,0,1,1,0,1,1,10,2,2,0,0,99,99,99,99,99,99,0,0,0,1,0,2
37,370668,3,3,0,0,0,3,3,163,0,13,7,2016,4,16,39,1,1,3,98,2,US-421,,99999,35.066,-78.384,0,12,7,0,8,1,0,1,1,1,0,1,0,0,16,34,16,40,88,88,0,0,0,1,0,0
37,370669,2,2,0,0,0,2,2,167,0,1,7,2016,6,15,58,1,1,3,98,2,US-52,,99999,35.287,-80.165,0,12,2,0,1,1,0,1,1,1,0,1,0,0,15,50,15,55,88,88,0,0,0,1,2,0
37,370670,2,2,0,0,0,3,3,171,3170,1,7,2016,6,22,18,0,2,4,98,3,SR-89,,99999,36.5,-80.624,0,12,6,0,8,1,0,1,1,1,0,1,0,0,10,18,10,23,10,39,0,0,0,1,0,1
37,370671,2,2,0,0,0,12,12,171,0,6,7,2016,4,10,18,1,2,3,98,2,US-601,I-74,99999,36.459,-80.638,0,12,6,1,2,2,0,1,1,1,0,1,0,0,10,17,10,21,99,99,0,0,0,1,0,0
37,370672,2,2,0,0,0,2,2,171,0,14,7,2016,5,21,49,1,2,3,98,2,US-52,,99999,36.472,-80.577,0,12,1,0,1,1,0,1,2,1,0,1,0,0,21,54,22,0,88,88,0,0,0,1,2,0
37,370673,3,3,0,0,0,4,4,173,0,10,7,2016,1,16,29,0,1,5,98,3,SR-28,,99999,35.451,-83.843,0,12,1,0,1,1,0,1,1,1,0,1,0,0,99,99,99,99,99,99,0,0,0,1,0,2
37,370674,1,1,0,0,0,1,1,183,1770,3,7,2016,1,3,29,1,2,3,98,2,US-401,PINEWINDS DR,99999,35.717,-78.655,0,33,0,0,3,3,0,4,2,2,0,2,0,0,3,30,3,37,88,88,0,0,0,1,1,0
37,370675,1,1,0,0,0,1,1,183,0,4,7,2016,2,20,38,0,1,4,98,3,SR-96,,99999,35.903,-78.37,0,34,0,0,1,1,0,4,1,10,0,10,0,0,20,31,20,40,88,88,0,0,0,1,0,2
37,370676,2,2,0,0,0,2,2,191,0,7,7,2016,5,18,51,0,1,5,98,3,SR-55,,99999,35.223,-78.237,0,12,6,0,1,1,0,1,1,2,0,2,0,0,18,50,19,4,88,88,0,0,0,1,0,2
37,370679,4,4,0,0,0,5,5,51,0,28,6,2016,3,12,21,1,1,3,1,2,US-401,,0,35.044,-78.984,0,12,1,0,1,1,0,1,1,2,10,2,0,0,99,99,99,99,99,99,0,0,0,1,0,0
37,370681,2,2,0,0,0,3,3,71,0,17,6,2016,6,12,40,1,1,1,1,1,I-85,,0,35.284,-81.207,0,12,1,0,1,1,0,1,1,1,0,1,0,0,12,41,12,47,13,15,0,0,0,1,0,1
37,370682,2,2,0,0,0,3,3,3,0,29,7,2016,6,5,51,1,1,3,1,2,US-64,,0,35.904,-81.203,0,12,8,0,1,1,0,1,2,1,0,1,0,0,5,49,5,54,99,99,0,0,0,1,1,0
37,370683,2,2,0,0,0,2,2,17,0,24,7,2016,1,21,7,0,1,3,98,3,SR-41,,0,34.656,-78.493,0,12,8,0,1,1,0,1,2,1,0,1,0,0,20,59,21,23,22,54,0,0,0,1,0,1
37,370684,1,1,0,1,1,2,2,19,0,31,7,2016,1,23,4,1,1,3,1,2,US-17,,0,33.98,-78.401,0,8,0,0,1,1,0,1,2,1,0,1,0,0,23,21,0,7,88,88,0,0,0,1,0,1
37,370685,1,1,0,0,0,1,1,21,170,30,7,2016,7,0,32,1,2,3,1,2,US-25,,0,35.586,-82.555,0,35,0,0,1,1,0,4,3,10,0,10,0,0,2,23,2,35,88,88,0,0,0,1,1,0
37,370686,1,1,0,0,0,1,1,31,0,24,7,2016,1,17,45,1,1,3,1,2,US-70,,0,34.781,-76.874,0,1,0,0,1,1,0,1,1,1,0,1,0,0,99,99,99,99,99,99,0,0,0,1,1,0
37,370689,2,2,0,0,0,2,2,47,0,29,7,2016,6,17,57,1,1,3,1,2,US-74,,0,34.34,-78.809,0,12,6,0,4,1,0,1,1,1,0,1,0,0,99,99,99,99,99,99,0,0,0,1,0,0
37,370691,1,1,0,0,0,1,1,51,0,18,7,2016,2,18,32,1,1,1,1,1,I-95,,0,35.119,-78.759,0,42,0,0,1,1,0,4,1,1,0,1,0,0,99,99,99,99,99,99,0,0,0,1,0,1
37,370692,2,2,0,0,0,3,3,57,0,9,7,2016,7,15,22,0,1,3,98,3,SR-109,SR-2522,0,35.589,-80.1,0,12,6,0,2,2,0,1,1,1,0,1,0,0,15,27,15,46,16,26,0,0,0,1,0,2
37,370694,3,3,0,0,0,10,10,57,2620,28,7,2016,5,22,18,1,2,1,1,1,I-85,,0,35.834,-80.26,0,12,7,0,1,1,0,1,2,10,0,10,0,0,22,19,22,19,88,88,0,0,0,2,0,1
37,370695,1,1,0,0,0,1,1,61,0,10,7,2016,1,15,10,0,1,3,98,3,SR-41,,0,34.735,-78.008,0,32,0,0,1,1,0,4,1,1,0,1,0,0,15,16,15,24,16,53,0,0,0,1,0,1
37,370696,1,1,0,0,0,1,1,61,0,23,7,2016,7,13,29,0,1,3,98,3,SR-11,,0,34.947,-77.98,0,34,0,0,1,1,0,4,1,1,0,1,0,0,13,26,13,38,14,18,0,0,0,1,0,2
37,370699,2,2,0,0,0,3,3,67,0,22,7,2016,6,18,22,0,1,3,98,3,SR-65,SR-1956,0,36.249,-80.096,0,12,6,0,2,3,0,1,1,1,0,1,0,0,18,13,18,23,18,53,0,0,0,2,0,0
37,370700,1,1,0,0,0,1,1,67,5120,28,7,2016,5,0,2,1,2,1,1,1,I-40,,0,36.062,-80.226,0,42,0,0,5,1,0,4,2,8,0,8,0,0,0,14,0,32,88,88,0,0,0,1,1,1
37,370704,1,1,0,0,0,1,1,81,0,24,7,2016,1,3,10,0,1,3,98,3,SR-62,,0,35.923,-79.942,0,53,0,0,1,1,0,4,2,1,0,1,0,0,3,7,3,18,88,88,0,0,0,1,1,0
37,370708,1,1,0,0,0,1,1,87,0,21,7,2016,5,0,41,1,2,3,98,2,US-19,CR-1197,99999,35.521,-82.979,0,33,0,0,3,3,0,4,2,1,0,1,0,0,0,37,0,42,88,88,0,0,0,1,1,0
37,370709,1,1,0,0,0,1,1,87,0,31,7,2016,1,15,15,1,1,3,98,2,US-19,,99999,35.51,-83.141,0,1,0,0,8,1,0,1,1,1,0,1,0,0,15,17,15,24,88,88,0,0,0,1,0,0
37,370711,2,2,0,0,0,7,7,97,3110,16,7,2016,7,15,55,0,2,3,98,3,SR-150,,99999,35.606,-80.782,0,12,8,0,1,1,0,1,1,10,0,10,0,0,15,56,16,2,88,88,0,0,0,1,0,0
37,370713,2,2,0,0,0,2,2,113,0,29,7,2016,6,6,56,1,1,3,98,2,US-64,,99999,35.142,-83.296,0,12,8,0,1,1,0,1,4,1,0,1,0,0,6,54,7,2,7,29,0,0,0,1,0,0
37,370714,1,1,0,0,0,1,1,119,870,3,7,2016,1,14,2,1,2,1,1,1,I-85,,99999,35.271,-80.853,0,24,0,0,1,1,0,3,1,1,0,1,0,0,14,1,14,15,88,88,0,0,0,1,1,1
37,370719,2,2,0,0,0,2,2,133,0,20,7,2016,4,12,34,1,1,3,1,2,US-258,SR-1228,0,34.83,-77.527,0,32,0,0,1,1,0,4,1,1,0,1,0,0,12,30,12,34,13,6,0,0,0,1,0,0
37,370721,2,2,0,0,0,3,3,141,0,14,7,2016,5,22,34,1,1,3,1,2,US-17,SR-1562,0,34.429,-77.637,0,12,6,0,2,3,0,1,2,1,0,1,0,0,22,34,22,39,23,10,0,0,0,1,1,1
37,370726,2,2,0,0,0,3,3,155,0,22,7,2016,6,15,23,0,1,3,98,3,SR-71,,0,34.818,-79.182,0,12,2,0,1,1,0,1,1,1,0,1,0,0,15,23,15,37,15,58,0,0,0,1,0,2
37,370727,3,3,0,0,0,4,4,155,2760,23,7,2016,7,0,38,0,2,3,98,3,SR-71,,0,34.884,-79.08,0,12,8,0,1,1,0,1,2,1,0,1,0,0,0,55,2,38,3,8,0,0,0,1,0,2
37,370730,2,2,0,0,0,2,2,163,0,27,7,2016,4,15,29,1,1,3,1,2,US-701,,0,35.253,-78.356,0,12,2,0,1,1,0,1,1,1,0,1,0,0,15,26,15,34,16,25,0,0,0,2,0,1
37,370731,1,1,0,0,0,2,2,163,0,31,7,2016,1,16,25,0,1,3,1,2,US-701,,0,35.078,-78.326,0,32,0,0,1,1,0,4,1,10,0,10,0,0,16,20,16,28,17,39,0,0,0,1,0,1
37,370732,2,2,0,0,0,4,4,165,0,23,7,2016,7,19,53,1,1,3,1,2,US-401,,0,34.751,-79.483,0,12,8,0,1,1,0,1,1,1,0,1,0,0,19,48,19,54,20,26,0,0,0,1,1,0
37,370735,2,2,0,0,0,3,3,21,170,27,7,2016,4,21,32,0,2,3,98,3,SR-63,,0,35.592,-82.614,0,12,6,0,1,1,0,1,3,1,0,1,0,0,21,52,21,57,22,34,20,0,0,1,1,2
37,370737,2,2,0,0,0,3,3,63,1360,15,7,2016,6,8,42,1,2,1,1,1,I-40,,0,35.907,-78.944,0,12,1,0,1,1,0,1,1,1,0,1,0,0,8,42,8,58,9,17,0,0,0,1,0,1
37,370741,1,1,0,0,0,3,3,127,0,29,7,2016,6,14,24,1,1,3,1,2,US-64,,0,35.932,-78.108,0,34,0,0,1,1,0,3,1,1,0,1,0,0,14,21,14,29,15,5,0,0,0,1,0,0
37,370742,2,2,0,0,0,3,3,151,0,9,7,2016,7,11,37,1,1,3,1,2,US-29,,0,35.915,-80.033,0,12,1,0,1,1,0,1,1,1,0,1,0,0,11,33,11,37,88,88,0,0,0,1,0,0
37,370745,2,2,0,0,0,2,2,195,0,29,7,2016,6,17,5,0,1,3,98,3,SR-58,,0,35.715,-77.893,0,12,2,0,1,1,0,1,1,1,0,1,0,0,17,1,17,12,88,88,0,0,0,1,0,1
37,370746,1,1,0,0,0,1,1,17,0,6,8,2016,7,1,7,1,1,3,1,2,US-701,,0,34.646,-78.587,0,24,0,0,1,1,0,4,2,1,0,1,0,0,0,59,1,11,2,31,0,0,0,1,1,1
37,370747,2,2,0,0,0,2,2,17,0,12,8,2016,6,8,12,0,1,3,98,3,SR-211,,0,34.533,-78.769,0,12,2,0,1,1,0,1,1,1,0,1,0,0,8,12,8,35,9,38,0,0,0,1,0,2
37,370751,1,1,0,1,1,1,1,53,0,3,8,2016,4,20,52,1,1,3,1,2,US-158,,0,36.364,-76.118,0,8,0,0,1,1,0,1,2,1,0,1,0,0,20,47,20,50,88,88,0,0,0,1,0,0
37,370752,1,1,0,1,1,1,1,53,0,10,8,2016,4,21,3,1,1,3,98,2,US-158,,99999,36.241,-75.877,0,8,0,0,1,1,0,1,2,1,0,1,0,0,21,1,21,2,88,88,0,0,0,1,0,0
37,370753,2,2,0,0,0,3,3,67,0,5,8,2016,6,0,45,1,1,3,98,2,US-158,,99999,36.209,-80.069,0,12,2,0,1,1,0,1,2,10,0,10,0,0,0,40,0,49,88,88,0,0,0,1,1,0
37,370754,1,1,0,0,0,1,1,67,5120,9,8,2016,3,7,54,1,2,2,98,2,US-52,,99999,36.119,-80.234,0,25,0,0,1,1,0,3,1,1,0,1,0,0,7,54,8,1,8,18,0,0,0,1,0,0
37,370755,2,2,0,1,1,2,2,67,5120,10,8,2016,4,0,53,1,2,2,98,2,US-52,,99999,36.215,-80.307,0,8,0,0,1,1,0,1,2,1,0,1,0,0,0,52,0,57,88,88,0,0,0,1,0,0
37,370757,2,2,0,0,0,2,2,75,0,3,8,2016,4,13,21,0,1,5,98,3,SR-143,CR-1125,99999,35.321,-83.861,0,12,2,0,1,1,0,1,1,10,0,10,0,0,99,99,99,99,99,99,0,0,0,1,0,2
37,370759,1,1,0,1,1,1,1,89,2130,5,8,2016,6,0,44,1,2,3,98,2,US-176,EDNEY STREET,99999,35.305,-82.445,0,8,0,0,3,3,0,1,3,2,0,2,0,0,1,16,1,26,88,88,0,0,0,1,0,0
37,370762,1,1,0,0,0,1,1,99,0,7,8,2016,1,16,41,0,1,4,98,3,SR-107,,99999,35.223,-83.141,0,24,0,0,1,1,0,4,1,10,0,10,0,0,16,42,16,49,17,6,0,0,0,1,0,2
37,370764,1,1,0,0,0,1,1,101,0,15,8,2016,2,18,17,1,1,2,98,2,US-70,,99999,35.604,-78.44,0,34,0,0,1,1,0,3,1,1,0,1,0,0,99,99,99,99,88,88,0,0,0,1,0,0
37,370765,2,2,0,0,0,2,2,109,0,4,8,2016,5,12,9,1,1,2,98,2,US-321,CR-1276,99999,35.531,-81.217,0,12,6,0,2,3,0,1,1,1,0,1,0,0,12,6,12,10,12,53,0,0,0,1,0,0
37,370771,2,2,0,0,0,3,3,137,0,9,8,2016,3,14,4,0,1,3,98,3,SR-55,,0,35.144,-76.829,0,12,6,0,1,1,0,1,1,2,10,2,0,0,14,4,14,21,15,49,0,0,0,1,0,2
37,370772,2,2,0,0,0,3,3,155,0,3,8,2016,4,17,30,0,1,3,98,3,SR-211,,0,34.604,-78.965,0,12,6,0,1,1,0,1,1,1,0,1,0,0,17,25,17,34,17,57,0,0,0,1,0,2
37,370775,1,1,0,0,0,7,7,159,0,3,8,2016,4,19,44,0,1,3,98,3,SR-152,,0,35.574,-80.573,0,5,0,0,1,1,0,1,1,1,0,1,0,0,19,43,19,55,88,88,0,0,0,1,0,1
37,370781,1,1,0,0,0,1,1,183,0,3,8,2016,4,6,2,1,1,1,1,1,I-40,,0,35.692,-78.573,0,35,0,0,1,1,0,4,2,99,0,99,0,0,99,99,99,99,88,88,0,0,0,1,0,1
37,370785,1,1,0,1,1,2,2,195,0,7,8,2016,1,4,27,0,1,3,98,3,SR-42,,0,35.729,-77.935,0,8,0,0,1,1,0,1,2,1,0,1,0,0,14,21,14,27,88,88,18,0,0,1,0,1