STATE,ST_CASE,VE_TOTAL,VE_FORMS,PVH_INVL,PEDS,PERNOTMVIT,PERMVIT,PERSONS,COUNTY,CITY,DAY,MONTH,YEAR,DAY_WEEK,HOUR,MINUTE,NHS,RUR_URB,FUNC_SYS,RD_OWNER,ROUTE,TWAY_ID,TWAY_ID2,MILEPT,LATITUDE,LONGITUD,SP_JUR,HARM_EV,MAN_COLL,RELJCT1,RELJCT2,TYP_INT,WRK_ZONE,REL_ROAD,LGT_COND,WEATHER1,WEATHER2,WEATHER,SCH_BUS,RAIL,NOT_HOUR,NOT_MIN,ARR_HOUR,ARR_MIN,HOSP_HR,HOSP_MN,CF1,CF2,CF3,FATALS,DRUNK_DR,RANK
37,370791,1,1,0,0,0,4,4,51,4440,31,7,2016,1,3,19,0,2,3,98,3,SR-24,,0,35.017,-78.709,0,53,0,0,1,1,0,4,3,1,0,1,0,0,3,23,3,43,4,11,0,0,0,1,0,2
37,370796,1,1,0,1,1,1,1,43,0,9,8,2016,3,11,36,1,1,3,1,2,US-64,,0,35.035,-83.827,0,8,0,0,1,1,0,1,1,2,0,2,0,0,11,20,11,23,12,2,0,0,0,1,0,0
37,370798,2,2,0,0,0,2,2,49,0,19,8,2016,6,16,53,1,1,3,1,2,US-17,,99999,35.189,-77.052,0,12,2,0,1,1,0,1,1,10,2,2,0,0,99,99,99,99,99,99,0,0,0,1,0,1
37,370799,2,2,0,0,0,2,2,63,1360,17,8,2016,4,14,51,0,2,7,98,3,SR-55,S ALSTON AVE,99999,35.972,-78.894,0,12,6,0,2,2,0,1,1,1,0,1,0,0,14,51,14,57,88,88,0,0,0,1,0,2
37,370801,5,5,0,0,0,7,7,81,0,18,8,2016,5,5,20,0,1,3,98,3,SR-68,,0,36.068,-79.96,0,12,2,0,1,1,0,1,2,1,0,1,0,0,5,18,5,31,6,32,0,0,0,2,1,2
37,370805,1,1,0,0,0,3,3,93,0,25,8,2016,5,20,33,1,1,3,1,2,US-401,,0,34.925,-79.323,0,42,0,0,1,1,0,4,2,1,0,1,0,0,20,18,20,44,21,20,0,0,0,1,0,0
37,370806,2,2,0,0,0,4,4,109,0,1,8,2016,2,16,2,0,1,3,98,3,SR-73,,0,35.469,-81.173,0,12,2,0,1,1,0,1,1,1,0,1,0,0,16,1,16,5,16,49,0,0,0,1,0,2
37,370807,1,1,0,0,0,1,1,117,0,25,8,2016,5,14,14,0,1,3,98,3,SR-171,,0,35.809,-76.897,0,42,0,0,1,1,0,4,1,1,0,1,0,0,14,11,14,17,88,88,0,0,0,1,1,1
37,370810,1,1,0,0,0,1,1,129,0,20,8,2016,7,13,32,1,1,3,1,2,US-74,,0,34.252,-77.956,0,24,0,0,1,1,0,3,1,1,0,1,0,0,13,20,13,27,13,43,0,0,0,1,0,0
37,370811,2,2,0,0,0,3,3,135,0,18,8,2016,5,12,6,0,1,3,98,3,SR-86,,0,36.154,-79.126,0,12,2,0,1,1,0,1,1,1,0,1,0,0,99,99,99,99,99,99,0,0,0,1,0,1
37,370812,1,1,0,0,0,2,2,141,0,21,8,2016,1,14,3,1,1,1,1,1,I-40,,0,34.552,-77.894,0,1,0,0,1,1,0,4,1,1,0,1,0,0,14,1,14,8,99,99,0,0,0,1,0,1
37,370813,3,3,0,0,0,3,3,159,4070,20,8,2016,7,17,20,1,2,3,1,2,US-601,,0,35.643,-80.482,0,12,2,0,1,1,0,1,1,1,0,1,0,0,17,20,17,27,17,51,0,0,0,1,0,0
37,370816,1,1,0,1,1,1,1,183,1770,26,8,2016,6,22,13,1,2,1,1,1,I-40,,0,35.698,-78.578,0,8,0,0,1,1,0,1,2,1,0,1,0,0,22,14,22,32,88,88,0,0,0,1,0,1
37,370817,1,1,0,0,0,1,1,187,0,19,8,2016,6,4,32,0,1,3,98,3,SR-99,,0,35.866,-76.75,0,23,0,0,1,1,0,4,2,1,0,1,0,0,4,32,4,40,88,88,0,0,0,1,0,2
37,370819,1,1,0,1,1,2,2,191,0,20,8,2016,7,20,54,0,1,3,98,3,SR-111,,0,35.437,-77.963,0,8,0,0,1,1,0,1,2,10,0,10,0,0,20,57,21,13,21,42,0,0,0,1,0,1
37,370820,2,2,0,0,0,2,2,193,0,16,8,2016,3,13,17,0,1,3,98,3,SR-16,,0,36.119,-81.168,0,12,2,0,1,1,0,1,1,10,0,10,0,0,13,15,13,19,13,51,0,0,0,1,0,2
37,370825,4,4,0,0,0,7,7,17,0,27,8,2016,7,15,44,1,1,3,1,2,US-701,,0,34.646,-78.587,0,12,1,0,1,1,0,1,1,1,0,1,0,0,15,50,15,54,16,31,0,0,0,2,1,1
37,370826,2,2,0,0,0,3,3,19,0,21,8,2016,1,18,6,1,1,3,1,2,US-74,NC-140,0,34.238,-78.029,0,12,6,0,2,3,0,1,1,1,0,1,0,0,18,2,18,8,18,40,0,0,0,1,0,0
37,370827,2,2,0,0,0,2,2,25,0,25,8,2016,5,20,45,0,1,3,98,3,SR-49,,0,35.323,-80.642,0,12,2,0,1,1,0,1,1,1,0,1,0,0,20,43,20,59,99,99,0,0,0,1,0,1
37,370830,2,2,0,0,0,2,2,47,0,11,8,2016,5,13,42,0,1,3,98,3,SR-140,SR-1002,0,34.416,-78.818,0,12,6,0,2,2,0,1,1,1,0,1,0,0,13,39,13,50,99,99,0,0,0,1,0,1
37,370833,1,1,0,1,1,1,1,55,3235,6,8,2016,7,20,23,0,2,3,98,3,SR-12,,0,35.881,-75.586,0,9,0,0,1,1,0,1,5,1,0,1,0,0,20,24,20,28,88,88,0,0,0,1,0,2
37,370837,1,1,0,1,1,1,1,63,1360,29,8,2016,2,4,37,1,2,3,1,2,US-70,,0,35.94,-78.82,0,8,0,0,1,1,0,1,2,1,0,1,0,0,4,37,4,47,88,88,0,0,0,1,0,0
37,370838,7,7,0,0,0,8,8,63,0,22,8,2016,2,9,50,1,1,1,1,1,I-40,,0,35.907,-78.944,0,12,1,0,1,1,0,1,1,1,0,1,0,0,9,53,10,15,10,50,0,0,0,1,0,1
37,370839,1,1,0,0,0,3,3,77,0,23,8,2016,3,1,47,1,1,1,1,1,I-85,,0,36.104,-78.754,0,1,0,0,1,1,0,4,2,1,0,1,0,0,99,99,99,99,99,99,0,0,0,1,0,1
37,370842,1,1,0,0,0,2,2,89,0,10,8,2016,4,13,1,0,1,3,98,3,SR-191,,0,35.334,-82.484,0,42,0,0,1,1,0,4,1,1,0,1,0,0,13,0,13,5,13,40,0,0,0,1,0,0
37,370844,2,2,0,0,0,7,7,93,0,23,8,2016,3,21,34,0,1,3,98,3,SR-211,SR-1225,0,35.07,-79.355,0,12,6,0,2,2,0,1,2,1,0,1,0,0,21,31,21,49,22,36,0,0,0,1,0,2
37,370845,2,2,0,0,0,2,2,93,0,31,8,2016,4,19,49,0,1,3,98,3,SR-211,SR-1001,0,34.927,-79.216,0,12,6,0,2,2,0,1,1,1,0,1,0,0,19,44,19,50,20,36,0,0,0,1,0,2
37,370846,1,1,0,1,1,1,1,155,0,10,8,2016,4,8,52,1,1,3,1,2,US-64,,0,100,1000,0,8,0,0,1,1,0,1,2,5,0,5,0,0,9,0,9,1,88,88,0,0,0,1,0,0
37,370851,1,1,0,1,1,2,2,127,0,19,8,2016,6,4,53,1,1,1,1,1,I-95,,0,35.977,-77.879,0,8,0,0,1,1,1,1,2,10,0,10,0,0,4,50,5,3,88,88,0,0,0,1,0,1
37,370855,2,2,0,0,0,2,2,183,0,31,8,2016,4,21,9,1,1,3,1,2,US-401,,0,35.708,-78.66,0,12,6,0,1,1,0,1,2,1,0,1,0,0,21,1,21,15,88,88,0,0,0,1,1,0
37,370856,3,3,0,0,0,5,5,45,530,15,2,2016,2,19,47,0,2,3,98,3,SR-150,,0,35.234,-81.665,0,12,1,0,1,1,0,1,2,3,0,3,0,0,19,44,19,57,20,30,0,0,0,1,0,0
37,370857,2,2,0,0,0,3,3,55,3235,15,8,2016,2,2,56,1,2,3,1,2,US-158,EIGHTH ST,0,35.993,-75.649,0,12,1,0,2,2,0,1,2,1,0,1,0,0,2,57,3,3,88,88,0,0,0,1,0,0
37,370860,1,1,0,1,1,2,2,119,870,30,8,2016,3,9,48,1,2,1,1,1,I-77,NATIONS FORD RD,0,35.148,-80.897,0,8,0,1,2,2,0,1,1,1,0,1,0,0,9,47,9,55,88,88,0,0,0,1,0,0
37,370861,2,2,0,0,0,2,2,135,0,22,8,2016,2,17,41,1,1,3,1,2,US-70,,99999,36.087,-79.11,0,12,2,0,1,1,0,1,1,1,0,1,0,0,99,99,99,99,99,99,0,0,0,1,0,0
37,370862,1,1,0,0,0,2,2,9,0,5,9,2016,2,17,16,0,1,3,98,3,SR-88,,0,36.421,-81.46,0,24,0,0,1,1,0,4,1,1,0,1,0,0,17,12,17,24,17,47,0,0,0,1,0,1
37,370863,1,1,0,0,0,1,1,15,0,14,9,2016,4,8,44,1,1,3,1,2,US-13,,0,36.013,-76.955,0,58,0,0,1,1,0,4,1,1,0,1,0,0,8,41,8,52,88,88,0,0,0,1,0,0
37,370864,1,1,0,0,0,2,2,17,0,17,9,2016,7,0,28,0,1,3,98,3,SR-87,,0,34.733,-78.791,0,59,0,0,1,1,0,4,2,1,0,1,0,0,0,24,0,53,1,7,0,0,0,1,0,1
37,370865,1,1,0,0,0,1,1,21,170,6,9,2016,3,1,0,1,2,1,1,1,I-240,,0,35.59,-82.577,0,18,0,0,1,1,0,4,3,1,0,1,0,0,0,21,0,30,0,55,0,0,0,1,0,2
37,370876,1,1,0,0,0,1,1,55,0,3,9,2016,7,9,35,1,1,3,1,2,US-64,,0,35.891,-75.653,0,1,0,0,1,1,0,1,1,6,10,6,0,0,99,99,99,97,99,97,0,0,0,1,0,0
37,370878,2,2,0,0,0,3,3,57,2620,17,9,2016,7,0,17,1,2,1,1,1,I-85,,0,35.834,-80.26,0,12,7,0,1,1,0,1,2,1,0,1,0,0,0,16,0,32,88,88,0,0,0,1,1,1
37,370879,2,2,0,0,0,3,3,57,0,21,9,2016,4,7,31,0,1,3,98,3,SR-47,,0,35.604,-80.045,0,12,2,0,1,1,0,1,1,10,0,10,0,0,7,30,7,39,99,99,0,0,0,2,1,2
37,370881,2,2,0,0,0,2,2,63,1360,16,9,2016,6,19,52,1,2,3,1,2,US-501,,0,36.072,-78.909,0,12,1,0,1,1,0,1,3,1,0,1,0,0,19,52,19,57,20,6,0,0,0,1,0,0
37,370883,1,1,0,0,0,1,1,67,0,22,9,2016,5,15,27,1,1,3,1,2,US-158,,0,36.172,-80.13,0,42,0,0,1,1,0,4,1,2,0,2,0,0,15,21,15,32,88,88,0,0,0,1,0,0
37,370885,1,1,0,1,1,1,1,69,0,3,9,2016,7,6,29,0,1,3,98,3,SR-56,,0,36.099,-78.295,0,8,0,0,1,1,0,1,2,2,0,2,0,0,6,23,6,33,88,88,0,0,0,1,0,2
37,370886,1,1,0,0,0,2,2,75,0,4,9,2016,1,14,10,0,1,3,98,3,SR-28,,0,35.373,-83.699,0,1,0,0,1,1,0,1,1,1,0,1,0,0,14,16,14,50,15,8,0,0,0,1,0,2
37,370887,2,2,0,0,0,2,2,77,0,12,9,2016,2,18,17,0,1,3,1,2,US-158,,0,36.323,-78.597,0,12,6,0,5,1,0,1,1,1,0,1,0,0,99,99,99,99,99,99,0,0,0,1,0,0
37,370888,1,1,0,0,0,1,1,81,4504,1,9,2016,5,16,27,0,2,3,98,3,SR-150,,0,36.201,-79.898,0,42,0,0,1,1,0,4,1,2,0,2,0,0,16,25,16,33,88,88,0,0,0,1,0,0
37,370891,1,1,0,0,0,1,1,81,2170,9,9,2016,6,0,27,1,2,1,1,1,I-85,,0,35.949,-79.966,0,35,0,0,1,1,0,4,2,1,0,1,0,0,0,30,0,38,88,88,0,0,0,1,1,1
37,370895,2,2,0,0,0,2,2,97,0,3,9,2016,7,13,1,1,1,3,1,2,US-64,SR-2155,0,35.855,-81.045,0,12,2,0,2,3,0,1,1,1,0,1,0,0,12,54,13,4,88,88,0,0,0,1,0,0
37,370896,2,2,0,0,0,2,2,105,0,19,9,2016,2,6,0,0,1,3,98,3,SR-42,SR-1007,0,35.51,-79.303,0,12,6,0,2,2,0,1,4,1,0,1,0,0,5,56,6,8,7,50,0,0,0,1,0,1
37,370897,2,2,0,0,0,4,4,107,0,12,9,2016,2,7,18,0,1,3,98,3,SR-55,SR-1161,0,35.206,-77.701,0,12,6,0,2,3,0,1,1,1,0,1,0,0,7,19,7,27,8,12,0,0,0,1,0,2
37,370898,2,2,0,0,0,2,2,113,0,5,9,2016,2,20,6,1,1,3,1,2,US-23,,0,35.234,-83.345,0,12,6,0,1,1,0,1,2,1,0,1,0,0,19,57,20,7,99,99,0,0,0,1,1,0
37,370905,1,1,0,0,0,1,1,153,0,4,9,2016,1,12,28,0,1,3,98,3,SR-177,,0,34.9,-79.69,0,35,0,0,1,1,0,4,1,1,0,1,0,0,12,24,12,33,88,88,0,0,0,1,0,2
37,370907,2,2,0,0,0,6,6,157,0,16,9,2016,6,23,46,0,1,3,98,3,SR-68,SR-1103,0,36.258,-79.959,0,12,2,0,2,2,0,1,2,1,0,1,0,0,23,44,23,56,1,0,0,0,0,1,0,2
37,370910,1,1,0,0,0,1,1,183,3750,1,9,2016,5,2,40,1,2,1,1,1,I-40,,0,35.791,-78.746,0,42,0,0,1,1,0,4,2,10,0,10,0,0,2,41,2,48,88,88,0,0,0,1,0,1
37,370914,1,1,0,0,0,2,2,189,0,18,9,2016,1,11,31,0,1,3,98,2,US-421,,0,36.222,-81.7,0,24,0,0,1,1,0,4,1,1,0,1,0,0,99,99,99,99,99,99,0,0,0,1,0,0
37,370918,2,2,0,0,0,5,5,1,700,3,9,2016,7,21,18,1,2,3,1,2,US-70,UNIVERSITY DR,0,36.08,-79.527,0,12,6,0,2,2,0,1,3,10,0,10,0,0,99,99,99,99,99,99,0,0,0,1,0,0
37,370919,2,2,0,0,0,2,2,1,0,30,9,2016,6,19,35,0,1,3,98,3,SR-87,SR-1643,0,36.116,-79.48,0,12,2,0,3,3,0,1,3,1,0,1,0,0,99,99,99,99,99,99,0,0,0,1,0,1
37,370920,2,2,0,0,0,2,2,21,0,21,9,2016,4,9,52,1,1,1,1,1,I-40,,0,35.558,-82.634,0,24,0,0,1,1,0,3,1,1,0,1,0,0,9,51,10,7,10,33,0,0,0,1,0,1
37,370923,1,1,0,0,0,1,1,31,0,30,9,2016,6,0,20,0,1,3,98,3,SR-24,,0,34.734,-76.865,0,42,0,0,1,1,0,4,2,1,0,1,0,0,7,0,7,7,88,88,0,0,0,1,0,2
37,370928,1,1,0,0,0,1,1,51,0,17,9,2016,7,21,56,1,1,1,1,1,I-95,,0,35.126,-78.752,0,24,0,0,1,1,0,3,2,1,0,1,0,0,99,99,99,99,99,99,0,0,0,1,0,1
37,370931,3,3,0,1,1,4,4,67,5120,21,9,2016,4,22,1,1,2,3,1,2,US-52,,0,36.14,-80.24,0,8,0,0,1,1,0,1,2,1,0,1,0,0,22,3,22,12,88,88,0,0,0,1,0,0
37,370934,1,1,0,0,0,1,1,75,0,22,9,2016,5,11,58,0,1,3,98,3,SR-143,,0,35.326,-83.804,0,1,0,0,1,1,0,4,1,1,0,1,0,0,11,53,12,21,12,50,0,0,0,1,0,2
37,370935,1,1,0,0,0,1,1,77,0,18,9,2016,1,1,10,1,1,3,1,2,US-158,,0,36.323,-78.597,0,42,0,0,1,1,0,4,2,10,0,10,0,0,99,99,99,99,99,99,0,0,0,1,1,0
37,370936,2,2,0,0,0,3,3,81,0,11,9,2016,1,12,31,0,1,3,98,3,SR-68,,0,36.072,-79.959,0,12,1,0,1,1,0,1,1,1,0,1,0,0,12,7,12,15,99,99,0,0,0,1,0,2
37,370937,3,3,0,0,0,4,4,81,0,14,9,2016,4,15,14,0,1,3,98,3,SR-68,,0,36.228,-79.988,0,12,8,0,1,1,0,1,1,1,0,1,0,0,15,11,15,26,88,88,0,0,0,1,0,2
37,370939,2,2,0,0,0,2,2,85,0,21,9,2016,4,16,57,1,1,3,1,2,US-301,SR-1709,0,35.36,-78.567,0,12,6,0,2,2,0,1,1,10,0,10,0,0,16,53,17,1,88,88,0,0,0,1,0,0
37,370944,2,2,0,0,0,2,2,103,0,29,9,2016,5,7,15,1,1,3,1,2,US-70,,0,100,1000,0,12,1,0,1,1,0,1,4,1,0,1,0,0,7,11,7,19,88,88,0,0,0,1,0,0
37,370947,2,2,0,0,0,4,4,141,0,17,9,2016,7,13,18,0,1,3,98,3,SR-50,,0,34.551,-77.925,0,12,1,0,1,1,0,1,1,1,0,1,0,0,13,12,13,17,99,99,0,0,0,2,0,0
37,370948,1,1,0,0,0,34,34,153,0,17,9,2016,7,14,42,1,1,3,1,2,US-74,,0,34.964,-80.058,0,24,0,0,1,1,0,3,1,1,0,1,0,0,14,37,14,54,15,20,0,0,0,4,0,0
37,370949,3,2,1,0,0,4,4,153,0,22,9,2016,5,13,20,0,1,3,98,3,SR-38,,0,34.88,-79.693,0,12,2,0,1,1,0,1,1,2,0,2,0,0,13,16,13,28,14,25,0,0,0,1,0,2
37,370950,2,2,0,0,0,4,4,153,0,24,9,2016,7,7,36,1,1,3,1,2,US-1,SR-1108,0,34.902,-79.801,0,12,6,0,2,2,0,1,1,5,0,5,0,0,7,32,7,41,8,36,0,0,0,1,1,1
37,370952,1,1,0,0,0,1,1,155,0,21,9,2016,4,19,8,0,1,3,98,3,SR-130,,0,34.537,-79.293,0,32,0,0,1,1,0,4,2,10,0,10,0,0,19,9,19,32,88,88,0,0,0,1,1,2
37,370953,3,3,0,0,0,6,6,157,0,11,9,2016,1,13,30,0,1,3,98,3,SR-14,,0,36.517,-79.75,0,12,2,0,1,1,0,1,1,1,0,1,0,0,13,29,13,36,14,43,0,0,0,2,0,2
37,370954,2,2,0,0,0,2,2,157,0,27,9,2016,3,10,47,1,1,3,1,2,US-220,SR-68,0,36.38,-79.947,0,12,6,0,2,3,0,1,1,1,0,1,0,0,10,46,11,2,88,88,0,0,0,1,0,0
37,370955,2,2,0,0,0,2,2,159,0,20,9,2016,3,7,11,1,1,3,1,2,US-70,SR-1741,0,35.721,-80.658,0,12,6,0,2,3,0,1,1,1,0,1,0,0,7,10,7,16,99,99,0,0,0,1,0,0
37,370957,1,1,0,0,0,1,1,163,0,18,9,2016,1,2,23,0,1,3,98,3,SR-55,,0,35.301,-78.6,0,34,0,0,1,1,0,4,2,1,0,1,0,0,2,21,2,33,88,88,0,0,0,1,1,2
37,370958,1,1,0,0,0,2,2,171,3170,3,9,2016,7,5,45,1,2,3,1,2,US-601,US-52,0,36.485,-80.613,0,43,0,0,3,2,0,4,2,1,0,1,0,0,5,46,5,54,7,25,0,0,0,1,0,0
37,370964,2,2,0,0,0,2,2,61,3980,25,9,2016,1,20,0,1,2,1,1,1,I-40,,0,34.861,-77.998,0,12,1,0,1,1,0,1,2,10,0,10,0,0,99,99,99,99,21,32,0,0,0,1,0,1
37,370966,1,1,0,1,1,1,1,67,0,18,9,2016,1,10,13,1,1,3,1,2,US-158,,0,36.02,-80.399,0,8,0,0,1,1,0,1,1,1,0,1,0,0,10,15,10,17,10,31,0,0,0,1,0,0
37,370968,1,1,0,0,0,1,1,119,870,22,9,2016,5,18,12,1,2,1,1,1,I-85,,0,35.266,-80.874,0,42,0,0,1,1,0,3,1,1,0,1,0,0,18,10,18,15,88,88,0,0,0,1,0,1
37,370970,3,3,0,0,0,3,3,135,0,13,9,2016,3,16,3,1,1,1,1,1,I-85,,0,36.058,-79.088,0,12,1,0,1,1,0,4,1,1,0,1,0,0,16,1,16,7,16,28,0,0,0,1,1,1
37,370977,2,2,0,1,1,1,1,21,170,14,10,2016,6,10,24,1,2,3,1,2,US-19,,0,35.546,-82.656,0,12,1,0,1,1,0,1,1,1,0,1,0,0,10,25,10,29,11,5,0,0,0,1,1,0
37,370982,1,1,0,0,0,1,1,33,0,2,10,2016,1,11,12,0,1,3,98,3,SR-62,,0,36.406,-79.321,0,42,0,0,1,1,0,4,1,1,0,1,0,0,11,8,11,14,88,88,0,0,0,1,1,0
37,370987,2,2,0,0,0,3,3,49,2078,9,10,2016,1,16,16,1,2,1,1,2,US-70,GREENFIELD HEIGHTS,0,34.91,-76.937,0,12,6,1,2,2,0,1,1,1,0,1,0,0,16,16,16,24,88,88,0,0,0,1,0,0
37,370997,2,2,0,0,0,2,2,71,1800,3,10,2016,2,16,6,1,2,2,1,2,US-74,RUSTIC HILLS CIRCLE,0,35.254,-81.275,0,12,6,0,7,1,0,1,1,1,0,1,0,0,15,59,16,9,88,88,0,0,0,1,0,0
37,371000,2,2,0,1,1,2,2,81,1940,1,10,2016,7,23,36,1,2,1,1,1,I-40,,0,36.084,-79.971,0,8,0,0,1,1,0,1,3,1,0,1,0,0,23,40,23,46,0,4,0,0,0,1,0,1
37,371001,1,1,0,0,0,1,1,81,1940,8,10,2016,7,0,28,1,2,1,1,1,I-40,,0,36.084,-79.971,0,42,0,0,1,1,0,3,2,2,0,2,0,0,0,29,0,41,88,88,0,0,0,1,1,1
37,371002,1,1,0,1,1,1,1,81,1940,11,10,2016,3,11,45,0,2,3,98,2,US-29,,0,36.106,-79.761,0,8,0,0,1,1,0,1,1,1,0,1,0,0,11,46,11,52,88,88,0,0,0,1,0,0
37,371004,1,1,0,0,0,3,3,81,1940,16,10,2016,1,15,46,1,2,1,1,1,I-85,,0,36.059,-79.661,0,1,0,0,1,1,0,1,1,1,0,1,0,0,15,48,15,58,99,99,0,0,0,1,0,1
37,371005,1,1,0,0,0,1,1,85,0,13,10,2016,5,22,10,0,1,3,98,3,SR-27,,0,35.417,-78.804,0,42,0,0,1,1,0,4,2,1,0,1,0,0,21,48,21,58,22,23,0,0,0,1,0,2
37,371007,1,1,0,1,1,2,2,89,2130,12,10,2016,4,19,37,1,2,3,1,2,US-64,,0,35.319,-82.473,0,8,0,0,1,1,0,1,3,1,0,1,0,0,19,37,19,42,20,18,0,0,0,1,0,0
37,371008,1,1,0,0,0,1,1,101,0,8,10,2016,7,20,0,1,1,1,1,1,I-95,,0,35.458,-78.389,0,3,0,0,1,1,0,1,2,2,10,2,0,0,99,99,99,99,88,88,5,0,0,1,0,1
37,371009,1,1,0,0,0,1,1,101,0,9,10,2016,1,20,28,0,1,3,98,3,SR-210,,0,35.518,-78.374,0,3,0,0,1,1,0,1,2,1,0,1,0,0,20,28,20,36,99,99,5,0,0,1,0,2
37,371010,5,5,0,0,0,7,7,101,0,19,10,2016,4,14,24,1,1,1,1,1,I-95,,0,35.458,-78.388,0,12,1,0,1,1,0,1,1,1,0,1,0,0,14,22,14,32,15,36,0,0,0,2,0,1
37,371012,2,1,1,0,0,1,1,109,0,3,10,2016,2,18,47,1,1,3,1,2,US-321,,0,35.454,-81.245,0,53,0,0,1,1,0,4,5,1,0,1,0,0,18,46,18,54,19,54,0,0,0,1,0,0
37,371013,2,2,0,0,0,2,2,113,0,3,10,2016,2,12,48,1,1,3,1,2,US-23,SR-1122,0,35.235,-83.342,0,12,6,0,2,2,0,1,1,1,0,1,0,0,12,47,12,54,13,43,0,0,0,1,0,0
37,371025,1,1,0,3,3,1,1,141,0,1,10,2016,7,23,26,0,1,3,98,3,SR-210,,0,34.37,-77.715,0,8,0,0,1,1,0,1,2,1,0,1,0,0,23,16,23,27,99,99,0,0,0,2,0,2
37,371026,1,1,0,0,0,1,1,145,0,10,10,2016,2,9,40,0,1,3,98,3,SR-130,,0,36.402,-78.989,0,24,0,0,1,1,0,4,1,1,0,1,0,0,10,0,10,14,10,57,0,0,0,1,0,2
37,371028,1,1,0,0,0,4,4,151,0,10,10,2016,2,16,0,1,1,3,1,2,US-64,,0,35.69,-79.805,0,34,0,0,1,1,0,4,1,1,0,1,0,0,16,28,16,30,16,59,0,0,0,2,0,0
37,371031,1,1,0,0,0,1,1,155,0,10,10,2016,2,22,43,0,1,3,98,3,SR-130,,0,34.482,-79.094,0,3,0,0,1,1,0,1,2,2,0,2,0,0,99,99,99,99,99,99,0,0,0,1,0,2
37,371036,2,2,0,0,0,6,6,163,0,13,10,2016,5,11,17,1,1,1,1,1,I-40,,0,35.248,-78.376,0,12,1,0,1,1,0,1,1,1,0,1,1,0,11,10,11,17,99,99,0,0,0,1,0,1
37,371037,1,1,0,0,0,1,1,169,0,20,10,2016,5,11,46,0,1,3,98,3,SR-66,,0,36.338,-80.33,0,35,0,0,1,1,0,4,1,1,0,1,0,0,99,99,99,99,88,88,0,0,0,1,0,0
37,371038,2,2,0,0,0,5,5,171,0,2,10,2016,1,13,0,0,1,3,98,3,SR-89,,0,36.501,-80.658,0,12,1,0,4,1,0,1,1,1,0,1,0,0,13,0,13,40,14,3,0,0,0,1,0,1
37,371041,1,1,0,0,0,5,5,183,0,5,10,2016,4,1,30,1,1,3,1,2,US-64,,0,35.796,-78.511,0,24,0,0,1,1,0,3,2,1,0,1,0,0,1,25,1,48,2,13,0,0,0,1,0,0
37,371046,2,2,0,0,0,2,2,189,0,12,10,2016,4,7,56,0,1,3,98,3,SR-105,,0,36.207,-81.699,0,12,2,0,1,1,0,1,1,1,0,1,0,0,99,99,99,99,99,99,0,0,0,1,0,2
37,371050,3,3,0,0,0,4,4,67,2430,23,9,2016,6,13,23,0,2,3,98,3,SR-66,US-421,0,36.113,-80.062,0,12,6,0,2,3,0,1,1,1,0,1,0,0,13,37,13,50,14,16,0,0,0,1,0,0
37,371052,2,2,0,0,0,2,2,1,0,19,10,2016,4,11,31,1,1,3,1,2,US-70,SR-1948,0,36.106,-79.306,0,12,2,0,2,3,0,1,1,1,0,1,0,0,11,24,11,29,12,27,0,0,0,1,0,0
37,371053,1,1,0,0,0,1,1,5,0,29,10,2016,7,15,0,1,1,3,1,2,US-21,,0,36.509,-81.126,0,24,0,0,1,1,0,4,1,1,0,1,0,0,14,55,15,7,16,18,0,0,0,1,0,0
37,371055,1,1,0,0,0,1,1,21,0,31,10,2016,2,22,35,0,1,3,98,3,SR-191,,0,35.549,-82.599,0,40,0,0,1,1,0,4,2,1,0,1,0,0,99,99,99,99,88,88,0,0,0,1,1,0
37,371056,1,1,0,1,1,1,1,37,0,16,10,2016,1,5,53,1,1,3,1,2,US-421,,0,35.573,-79.308,0,8,0,0,1,1,0,1,2,1,0,1,0,0,5,50,5,54,88,88,0,0,0,1,0,0
37,371058,1,1,0,1,1,1,1,49,2078,5,10,2016,4,6,45,1,2,3,1,2,US-70,,0,34.898,-76.929,0,8,0,0,1,1,0,1,2,10,0,10,0,0,6,48,6,51,99,96,0,0,0,1,0,0
37,371061,2,1,1,0,0,1,1,57,0,29,10,2016,7,15,56,0,1,3,98,3,SR-150,SR-1508,0,35.994,-80.268,0,30,0,0,3,2,0,4,1,1,0,1,0,0,15,54,15,56,16,23,0,0,0,1,1,0
37,371066,1,1,0,1,1,1,1,69,0,12,10,2016,4,21,34,0,1,3,98,3,SR-56,,0,36.102,-78.433,0,8,0,0,1,1,0,1,2,1,0,1,0,0,21,31,21,32,22,25,0,0,0,1,0,2
37,371067,2,2,0,0,0,4,4,69,0,18,10,2016,3,13,28,1,1,3,1,2,US-1,US-1ALT,0,36.222,-78.444,0,12,6,0,2,2,0,1,1,1,0,1,0,0,13,29,13,32,99,99,0,0,0,1,0,1
37,371068,2,2,0,0,0,3,3,69,0,24,10,2016,2,9,0,0,1,3,98,3,SR-56,,0,36.099,-78.295,0,12,2,0,1,1,0,1,1,1,0,1,0,0,8,50,9,1,9,35,0,0,0,1,0,2
37,371073,1,1,0,0,0,1,1,85,0,24,10,2016,2,7,1,0,1,3,98,3,SR-87,,0,35.495,-79.194,0,1,0,0,1,1,0,3,4,1,0,1,0,0,6,56,7,7,88,88,0,0,0,1,1,1
37,371075,1,1,0,1,1,3,3,97,0,5,10,2016,4,22,48,1,1,1,1,1,I-77,,0,35.599,-80.86,0,8,0,0,1,1,0,1,2,1,0,1,0,0,22,57,23,8,88,88,0,0,0,1,0,0
37,371076,2,2,0,0,0,2,2,97,0,12,10,2016,4,7,45,1,1,3,1,2,US-21,CONNECTOR RD,0,35.555,-80.86,0,30,0,0,3,2,0,4,1,1,0,1,0,0,7,51,7,58,88,88,0,0,0,1,1,0