STATE,ST_CASE,VE_TOTAL,VE_FORMS,PVH_INVL,PEDS,PERNOTMVIT,PERMVIT,PERSONS,COUNTY,CITY,DAY,MONTH,YEAR,DAY_WEEK,HOUR,MINUTE,NHS,RUR_URB,FUNC_SYS,RD_OWNER,ROUTE,TWAY_ID,TWAY_ID2,MILEPT,LATITUDE,LONGITUD,SP_JUR,HARM_EV,MAN_COLL,RELJCT1,RELJCT2,TYP_INT,WRK_ZONE,REL_ROAD,LGT_COND,WEATHER1,WEATHER2,WEATHER,SCH_BUS,RAIL,NOT_HOUR,NOT_MIN,ARR_HOUR,ARR_MIN,HOSP_HR,HOSP_MN,CF1,CF2,CF3,FATALS,DRUNK_DR,RANK
37,371077,2,2,0,0,0,6,6,99,0,17,10,2016,2,9,23,1,1,3,1,2,US-23,SR-1471,0,35.368,-83.252,0,12,6,0,2,2,0,1,1,1,0,1,0,0,99,99,99,99,99,99,0,0,0,1,0,0
37,371078,2,2,0,0,0,2,2,101,4230,19,10,2016,4,13,28,1,2,1,1,1,I-95,,0,35.491,-78.348,0,12,1,0,1,1,0,1,1,1,0,1,0,0,99,99,99,99,99,99,0,0,0,1,0,1
37,371086,4,4,0,0,0,5,5,133,0,23,10,2016,1,14,51,1,1,3,1,2,US-258,,0,34.891,-77.548,0,12,8,0,1,1,0,1,1,1,0,1,0,0,14,49,14,54,99,99,0,0,0,1,0,0
37,371087,2,2,0,1,1,2,2,133,2330,29,10,2016,7,19,17,1,2,1,1,2,US-258,CAROLE,0,34.768,-77.489,0,8,0,1,2,3,0,1,2,1,0,1,0,0,19,15,19,20,88,88,0,0,0,1,0,0
37,371090,1,1,0,0,0,2,2,129,5060,18,10,2016,3,22,46,1,2,1,1,2,US-421,COWPEN LANDING RD,0,34.347,-78.01,0,1,0,0,1,1,0,1,2,1,0,1,0,0,99,99,99,99,99,99,0,0,0,1,1,0
37,371104,1,1,0,0,0,1,1,193,5040,23,10,2016,1,6,30,1,1,1,1,2,US-421,,0,36.157,-80.936,0,1,0,0,1,1,0,4,2,1,0,1,0,0,6,53,7,9,88,88,0,0,0,1,1,0
37,371105,2,2,0,0,0,2,2,21,170,11,11,2016,6,4,0,1,1,1,1,1,I-40,,0,88.889,888.889,0,12,2,0,1,1,0,1,2,1,0,1,0,0,88,88,88,88,88,88,0,0,0,1,1,1
37,371106,2,2,0,0,0,3,3,31,350,9,11,2016,4,12,52,0,2,7,3,3,SR-101,,0,34.789,-76.668,0,12,2,0,1,1,0,1,1,1,0,1,0,0,99,99,99,99,99,99,0,0,0,1,0,2
37,371108,1,1,0,0,0,1,1,45,1980,3,11,2016,5,18,42,1,2,1,1,1,I-85,,0,35.185,-81.407,0,24,0,0,1,1,0,4,2,1,0,1,0,0,99,99,99,99,99,99,0,0,0,1,0,1
37,371113,1,1,0,1,1,1,1,101,1700,3,11,2016,5,21,38,1,2,3,1,1,I-95,,0,35.458,-78.389,0,8,0,0,1,1,0,1,2,1,0,1,0,0,21,38,21,45,88,88,0,0,0,1,0,1
37,371114,2,2,0,0,0,8,8,101,410,4,11,2016,6,17,47,1,2,1,1,1,I-40,,0,35.492,-78.552,0,24,0,0,1,1,0,3,1,1,0,1,0,0,18,15,18,26,99,99,0,0,0,1,0,1
37,371119,2,2,0,0,0,4,4,179,3100,2,11,2016,4,13,34,1,2,1,1,2,US-74,DICKERSON BLVD,0,35.007,-80.56,0,12,6,1,2,4,0,1,1,1,0,1,0,0,99,99,99,99,88,88,0,0,0,1,0,0
37,371120,1,1,0,1,1,1,1,183,3255,3,11,2016,5,22,0,0,2,7,2,2,US-1,,0,35.673,-78.951,0,8,0,0,1,1,0,1,1,1,0,1,0,0,88,88,88,88,88,88,0,0,0,1,0,1
37,371123,1,1,0,0,0,2,2,197,2370,6,11,2016,1,11,18,1,2,1,1,1,I-77,,0,36.215,-80.811,0,52,0,0,1,1,0,4,1,1,0,1,0,0,99,99,99,99,99,99,0,0,0,1,1,0
37,371124,2,2,0,0,0,2,2,47,0,30,9,2016,6,16,21,1,1,3,1,2,US-76,,0,34.334,-78.834,0,12,6,0,1,1,0,1,1,2,0,2,0,0,16,19,16,22,16,43,0,0,0,1,0,0
37,371125,1,1,0,1,1,1,1,1,700,9,10,2016,1,3,51,1,2,3,1,2,US-70,,0,36.08,-79.528,0,8,0,0,1,1,0,1,3,1,0,1,0,0,3,15,3,21,3,52,0,0,0,1,0,0
37,371129,1,1,0,1,1,1,1,93,0,27,10,2016,5,19,27,0,1,3,98,3,SR-211,,0,35.005,-79.299,0,15,0,0,1,1,0,1,2,1,0,1,0,0,19,24,19,31,20,11,0,0,0,1,0,2
37,371132,1,1,0,1,1,1,1,119,870,21,10,2016,6,2,8,1,2,1,1,1,I-85,,0,35.267,-80.872,0,8,0,0,1,1,0,1,2,1,0,1,0,0,2,10,2,25,2,53,0,0,0,1,0,1
37,371135,2,2,0,0,0,3,3,147,0,5,10,2016,4,20,12,1,1,3,1,2,US-13,,0,35.48,-77.643,0,12,1,0,1,1,0,1,2,10,0,10,0,0,20,5,20,9,20,38,0,0,0,2,0,0
37,371136,1,1,0,1,1,1,1,183,1770,28,10,2016,6,6,15,0,2,7,98,2,US-401,,0,35.721,-78.653,0,8,0,0,1,1,0,1,4,1,0,1,0,0,6,15,6,21,88,88,0,0,0,1,0,0
37,371137,1,1,0,0,0,1,1,3,0,25,11,2016,6,20,52,0,1,3,98,3,SR-16,,0,35.935,-81.192,0,30,0,0,1,1,0,4,2,1,0,1,0,0,20,50,20,59,88,88,0,0,0,1,0,2
37,371138,1,1,0,1,1,1,1,21,0,9,11,2016,4,18,44,0,1,3,98,3,SR-151,,0,35.494,-82.738,0,8,0,0,1,1,0,1,2,1,0,1,0,0,18,42,18,49,88,88,0,0,0,1,0,2
37,371139,1,1,0,1,1,1,1,21,170,12,11,2016,7,6,4,1,2,1,1,1,I-240,,0,35.59,-82.576,0,8,0,0,1,1,0,2,3,1,0,1,0,0,6,20,6,30,88,88,0,0,0,1,1,2
37,371140,2,2,0,0,0,2,2,21,0,17,11,2016,5,14,33,1,1,3,1,2,US-70,SR-2748,0,35.594,-82.428,0,12,6,0,2,3,0,1,1,1,0,1,0,0,14,36,14,49,99,99,0,0,0,1,0,0
37,371141,1,1,0,0,0,1,1,23,0,29,11,2016,3,0,23,1,1,1,1,1,I-40,,0,35.719,-81.694,0,24,0,0,1,1,0,4,2,2,10,2,0,0,0,33,0,39,88,88,0,0,0,1,0,1
37,371142,1,1,0,0,0,1,1,27,0,9,11,2016,4,0,6,1,1,3,1,2,US-321,,0,35.796,-81.43,0,30,0,0,1,1,0,4,2,1,0,1,0,0,0,5,0,9,88,88,0,0,0,1,1,0
37,371143,3,3,0,0,0,5,5,39,0,18,11,2016,6,13,37,1,1,3,1,2,US-19,,0,35.207,-83.819,0,12,2,0,1,1,0,1,1,1,0,1,0,0,13,34,13,39,14,2,0,0,0,1,0,0
37,371145,2,2,0,0,0,5,5,45,9997,14,11,2016,2,22,7,0,1,3,98,3,SR-180,,0,35.234,-81.516,0,12,2,0,1,1,0,1,2,1,0,1,0,0,99,99,99,99,99,99,0,0,0,3,0,1
37,371146,2,2,0,0,0,3,3,45,2440,29,11,2016,3,12,54,1,2,3,1,2,US-74,VESTIBULE CHURCH RD,0,35.243,-81.408,0,12,6,0,2,2,0,1,1,10,0,10,0,0,99,99,99,99,99,99,0,0,0,1,1,0
37,371152,1,1,0,1,1,1,1,63,1360,11,11,2016,6,12,42,1,2,3,1,2,US-501,,0,35.996,-78.897,0,8,0,0,1,1,0,5,1,1,0,1,0,0,12,42,12,53,88,88,0,0,0,1,0,0
37,371153,1,1,0,2,2,1,1,63,1360,9,11,2016,4,22,29,1,2,3,1,2,US-70,,0,35.941,-78.822,0,8,0,0,1,1,0,1,3,1,0,1,0,0,22,29,22,34,88,88,0,0,0,1,0,0
37,371154,1,1,0,0,0,2,2,65,0,17,11,2016,5,2,21,0,1,3,98,3,SR-33,,0,35.755,-77.5,0,34,0,0,1,1,0,4,2,1,0,1,0,0,2,22,2,35,3,2,0,0,0,1,0,1
37,371161,1,1,0,0,0,1,1,85,0,10,11,2016,5,15,36,1,1,3,1,2,US-301,,0,35.292,-78.621,0,30,0,0,1,1,0,4,1,1,0,1,0,0,15,27,15,35,88,88,0,0,0,1,0,0
37,371163,1,1,0,0,0,1,1,91,0,15,11,2016,3,21,55,0,1,3,98,3,SR-45,,0,36.3,-76.782,0,34,0,0,1,1,0,4,2,1,0,1,0,0,21,54,22,9,99,99,0,0,0,1,0,0
37,371165,1,1,0,0,0,2,2,97,0,12,11,2016,7,19,54,1,1,3,1,2,US-21,,0,35.956,-80.773,0,34,0,0,1,1,0,4,2,1,0,1,0,0,19,53,19,57,22,4,0,0,0,1,0,0
37,371167,1,1,0,0,0,7,7,101,0,10,11,2016,5,19,46,0,1,3,98,3,SR-96,,0,35.539,-78.282,0,32,0,0,1,1,0,4,2,1,0,1,0,0,19,51,20,0,20,37,0,0,0,1,1,2
37,371172,1,1,0,0,0,1,1,119,870,9,11,2016,4,8,22,1,2,1,1,1,I-77,,0,35.173,-80.887,0,30,0,0,1,1,0,4,1,10,0,10,0,0,99,99,99,99,88,88,0,0,0,1,0,0
37,371173,3,3,0,0,0,4,4,119,2280,18,11,2016,6,15,27,0,1,3,98,3,SR-73,SR-115,0,35.441,-80.844,0,12,6,0,2,2,0,1,1,1,0,1,0,0,15,27,15,34,16,12,0,0,0,2,0,2
37,371180,1,1,0,0,0,1,1,141,0,7,11,2016,2,14,45,0,1,3,98,3,SR-11,,0,34.536,-78.072,0,34,0,0,1,1,0,4,1,1,0,1,0,0,14,46,14,52,15,39,0,0,0,1,0,2
37,371184,1,1,0,1,1,1,1,171,3170,6,11,2016,1,18,9,1,2,3,1,2,US-52,,0,36.49,-80.619,0,8,0,0,1,1,0,1,3,1,0,1,0,0,18,1,18,5,88,88,0,0,0,1,0,0
37,371185,2,2,0,0,0,4,4,171,0,16,11,2016,4,10,30,0,1,3,98,3,SR-89,,0,36.501,-80.658,0,12,1,0,1,1,0,1,1,1,0,1,0,0,10,34,10,42,99,99,0,0,0,1,0,1
37,371189,1,1,0,1,1,1,1,183,0,19,11,2016,7,18,1,1,1,3,1,2,US-401,,0,35.72,-78.654,0,8,0,0,1,1,0,1,2,1,0,1,0,0,17,58,18,11,18,37,0,0,0,1,0,0
37,371200,1,1,0,0,0,2,2,9,0,25,11,2016,6,19,6,1,1,2,98,2,US-221,,99999,36.375,-81.492,0,35,0,0,1,1,0,4,2,1,0,1,0,0,18,52,18,55,19,17,0,0,0,1,1,0
37,371204,2,2,0,0,0,5,5,37,0,24,11,2016,5,14,54,1,1,3,98,2,US-64,SR-751,99999,35.741,-78.95,0,12,1,0,3,2,0,1,1,1,0,1,0,0,14,53,15,3,15,9,0,0,0,1,0,0
37,371206,2,2,0,0,0,2,2,57,0,17,11,2016,5,10,41,1,1,3,98,2,US-64,CR-2262/NEW CUT ROAD,99999,35.781,-80.124,0,12,6,0,2,3,0,1,1,1,0,1,0,0,9,12,9,21,9,41,0,0,0,1,0,0
37,371209,3,3,0,0,0,3,3,71,0,21,11,2016,2,18,0,1,2,1,1,1,I-85,,99999,35.282,-81.214,0,12,1,0,1,1,0,1,2,1,0,1,0,0,17,55,18,12,18,42,0,0,0,1,0,1
37,371210,1,1,0,1,1,1,1,71,0,23,11,2016,4,19,7,1,1,2,1,2,US-321,,99999,35.159,-81.199,0,9,0,0,1,1,0,1,2,1,0,1,0,0,99,99,99,99,88,88,0,0,0,1,0,0
37,371211,2,2,0,0,0,3,3,71,2173,28,11,2016,2,14,15,1,1,2,1,2,US-321,,99999,35.387,-81.205,0,12,1,0,1,1,0,1,1,10,0,10,0,0,14,18,14,30,99,99,0,0,0,1,0,0
37,371215,2,2,0,0,0,3,3,99,0,30,11,2016,4,21,9,0,1,3,98,3,SR-107,,0,35.375,-83.214,0,12,2,0,1,1,0,1,2,1,0,1,0,0,21,5,21,35,99,99,0,0,0,1,1,2
37,371217,2,2,0,0,0,2,2,119,870,16,11,2016,4,8,37,1,2,1,1,1,I-77,,0,35.215,-80.873,0,12,1,0,1,1,0,1,1,1,0,1,0,0,99,99,99,99,99,99,0,0,0,1,0,0
37,371219,1,1,0,0,0,1,1,119,870,26,11,2016,7,3,30,1,2,1,1,1,I-85,,0,35.266,-80.874,0,26,0,0,1,1,0,3,3,1,0,1,0,0,99,99,99,99,88,88,0,0,0,1,0,1
37,371223,1,1,0,0,0,1,1,155,0,24,11,2016,5,2,20,0,1,3,98,3,SR-20,,0,34.894,-79.079,0,42,0,0,1,1,0,4,2,1,0,1,0,0,2,20,2,31,99,99,0,0,0,1,1,2
37,371224,2,2,0,0,0,2,2,157,0,2,11,2016,4,16,56,1,1,3,1,2,US-158,,0,36.379,-79.669,0,12,8,0,1,1,0,1,1,1,0,1,0,0,16,21,16,29,17,26,0,0,0,1,0,0
37,371229,4,4,0,0,0,4,4,1,0,10,12,2016,7,10,51,0,1,3,98,3,SR-87,SR-2223,0,36.021,-79.394,0,12,6,0,2,3,0,1,1,1,0,1,0,0,99,99,99,99,99,99,0,0,0,1,0,1
37,371232,1,1,0,0,0,4,4,15,0,22,12,2016,5,6,2,0,1,3,98,2,US-13,,0,36.013,-76.954,0,42,0,0,1,1,0,4,4,1,0,1,0,0,5,49,5,51,99,99,0,0,0,2,0,0
37,371234,1,1,0,1,1,1,1,21,490,30,12,2016,6,19,26,1,2,3,1,2,US-70,,0,35.606,-82.356,0,8,0,0,1,1,0,1,3,1,0,1,0,0,19,26,19,31,19,53,0,0,0,1,0,0
37,371236,2,2,0,0,0,2,2,23,0,20,12,2016,3,15,42,1,1,3,1,2,US-64,SR-1503,0,35.738,-81.694,0,12,6,0,2,3,0,1,1,1,0,1,0,0,15,42,15,51,16,29,0,0,0,1,0,0
37,371238,3,3,0,0,0,3,3,25,0,19,12,2016,2,7,1,0,1,3,98,3,SR-24,,0,35.255,-80.482,0,12,7,0,1,1,0,1,4,2,10,2,0,0,7,0,7,10,8,14,0,0,0,1,0,2
37,371242,2,2,0,0,0,6,6,35,0,6,12,2016,3,18,22,1,1,3,1,2,US-70,SR-2375,0,35.659,-81.23,0,12,6,0,2,2,0,1,2,1,0,1,0,0,18,24,18,27,18,45,0,0,0,1,1,0
37,371243,1,1,0,1,1,1,1,35,2150,7,12,2016,4,10,27,1,2,3,1,2,US-70,,0,35.718,-81.343,0,8,0,0,1,1,0,1,1,1,0,1,0,0,10,29,10,35,10,46,0,0,0,1,0,0
37,371245,1,1,0,1,1,3,3,45,0,18,12,2016,1,12,57,0,1,3,98,3,SR-180,,0,35.264,-81.499,0,8,0,0,1,1,0,1,1,10,0,10,0,0,99,99,99,99,88,88,0,0,0,1,0,1
37,371246,2,2,0,0,0,2,2,45,0,24,12,2016,7,18,2,1,1,3,1,2,US-74,,0,35.294,-81.582,0,12,1,0,1,1,0,1,2,1,0,1,0,0,99,99,99,99,99,99,0,0,0,1,0,0
37,371248,2,2,0,0,0,5,5,47,0,5,12,2016,2,8,0,1,2,3,1,2,US-701,,0,34.474,-78.668,0,12,6,0,1,1,0,1,1,10,0,10,0,0,8,1,8,10,99,99,0,0,0,1,1,1
37,371249,2,2,0,0,0,8,8,49,0,17,12,2016,7,18,34,1,1,3,1,2,US-70,SR-1113,0,35.009,-76.992,0,12,6,0,2,2,0,1,1,1,0,1,0,0,99,99,99,99,99,99,0,0,0,1,0,0
37,371250,2,2,0,0,0,3,3,49,2078,24,12,2016,7,19,47,1,2,3,1,2,US-70,,0,34.857,-76.896,0,12,6,0,1,1,0,1,2,1,0,1,0,0,19,47,19,53,20,20,0,0,0,1,0,0
37,371251,1,1,0,0,0,1,1,49,0,27,12,2016,3,18,24,1,1,3,1,2,US-17,,0,35.307,-77.157,0,34,0,0,1,1,0,4,2,1,0,1,0,0,18,21,18,30,19,38,0,0,0,1,0,1
37,371261,2,2,0,0,0,4,4,67,0,28,12,2016,4,17,17,0,1,3,98,3,SR-8,,0,36.181,-80.258,0,12,2,0,1,1,0,1,1,1,0,1,0,0,17,17,17,36,99,99,0,0,0,1,0,2
37,371263,2,2,0,0,0,4,4,77,0,30,12,2016,6,18,41,1,1,3,1,2,US-158,I-85 OFF RAMP,0,36.323,-78.597,0,12,6,0,2,2,0,1,2,1,0,1,0,0,99,99,99,99,99,99,0,0,0,1,0,0
37,371265,3,3,0,0,0,3,3,81,0,5,12,2016,2,11,57,1,1,1,1,1,I-85,,0,36.059,-79.662,0,12,1,0,1,1,0,1,1,1,0,1,0,0,11,24,11,30,12,12,23,0,0,1,0,1
37,371266,2,2,0,0,0,2,2,81,0,7,12,2016,4,12,29,1,1,1,1,1,I-85,,0,36.059,-79.661,0,12,1,0,1,1,0,1,1,1,0,1,0,0,12,20,12,31,13,12,23,0,0,1,0,1
37,371268,2,2,0,0,0,5,5,81,1940,18,12,2016,1,4,41,1,2,1,1,1,I-40,,0,36.091,-79.992,0,12,7,0,1,1,0,1,3,10,0,10,0,0,4,42,4,54,99,99,0,0,0,1,0,1
37,371270,1,1,0,0,0,6,6,81,1940,22,12,2016,5,22,28,1,2,1,1,1,I-40,,0,36.084,-79.971,0,1,0,0,1,1,0,4,2,10,0,10,0,0,22,29,22,31,22,56,0,0,0,1,0,1
37,371271,1,1,0,1,1,2,2,83,0,9,12,2016,6,21,8,1,1,3,1,2,US-158,,0,36.434,-77.637,0,8,0,0,1,1,0,1,2,1,0,1,0,0,21,2,21,7,88,88,0,0,0,1,0,0
37,371273,2,2,0,0,0,2,2,83,0,28,12,2016,4,18,17,1,1,1,1,1,I-95,,0,36.433,-77.63,0,12,1,0,1,1,0,4,2,1,0,1,0,0,18,12,18,19,88,88,0,0,0,1,0,1
37,371279,1,1,0,0,0,1,1,91,0,30,12,2016,6,15,12,0,1,3,98,3,SR-11,,0,36.338,-76.998,0,42,0,0,1,1,0,4,1,1,0,1,0,0,15,9,15,19,99,99,0,0,0,1,1,2
37,371281,3,3,0,0,0,5,5,99,0,19,12,2016,2,17,53,0,1,3,98,3,SR-107,SR-281,0,35.27,-83.123,0,12,6,0,2,3,0,1,2,1,0,1,0,0,99,99,99,99,99,99,0,0,0,1,0,2
37,371283,2,2,0,0,0,3,3,101,0,6,12,2016,3,1,32,1,1,1,1,1,I-40,,0,35.393,-78.52,0,12,1,0,1,1,0,1,2,2,0,2,0,0,99,99,99,99,99,99,0,0,0,1,0,1
37,371286,1,1,0,0,0,1,1,101,0,29,12,2016,5,13,31,1,1,1,1,1,I-40,,0,35.392,-78.52,0,38,0,0,1,1,0,4,1,10,0,10,0,0,99,99,99,99,88,88,0,0,0,1,0,1
37,371287,2,2,0,0,0,5,5,107,2450,2,12,2016,6,21,39,1,2,3,1,2,US-70,US-258,0,35.263,-77.642,0,12,6,0,2,2,0,1,3,1,0,1,0,0,21,40,21,45,22,53,0,0,0,1,1,0
37,371289,1,1,0,0,0,1,1,113,0,4,12,2016,1,12,48,1,1,3,1,2,US-23,,0,35.166,-83.388,0,42,0,0,1,1,0,4,1,2,0,2,0,0,12,48,13,1,88,88,0,0,0,1,0,0
37,371292,1,1,0,0,0,1,1,119,870,6,12,2016,3,1,16,1,2,1,1,1,I-77,,0,35.215,-80.873,0,26,0,0,1,1,0,3,3,2,0,2,0,0,99,99,99,99,88,88,0,0,0,1,1,0
37,371294,1,1,0,0,0,3,3,119,870,14,12,2016,4,23,50,1,2,1,1,1,I-85,,0,35.267,-80.873,0,42,0,0,1,1,0,4,3,1,0,1,0,0,99,99,99,99,99,99,20,0,0,1,0,1
37,371297,1,1,0,1,1,2,2,119,870,19,12,2016,2,4,18,1,2,1,1,1,I-85,,0,35.267,-80.874,0,8,0,0,1,1,0,1,3,10,0,10,0,0,99,99,99,99,99,99,19,0,0,1,0,1
37,371298,2,2,0,0,0,3,3,119,870,30,12,2016,6,2,11,1,2,1,1,1,I-85,,0,35.267,-80.873,0,12,2,0,1,1,0,1,3,1,0,1,0,0,99,99,99,99,99,99,0,0,0,2,1,1
37,371299,3,3,0,0,0,3,3,119,870,31,12,2016,7,3,37,1,2,1,1,1,I-85,,0,35.267,-80.873,0,12,2,0,1,1,0,1,3,1,0,1,0,0,99,99,99,99,99,99,0,0,0,1,1,1
37,371301,3,3,0,0,0,3,3,125,0,1,12,2016,5,14,45,0,1,3,98,3,SR-211,,0,35.176,-79.572,0,12,2,0,1,1,0,1,1,1,0,1,0,0,99,99,99,99,88,88,0,0,0,2,0,2
37,371303,1,1,0,1,1,2,2,125,10,12,12,2016,2,18,37,1,2,3,1,2,US-1,MAGNOLIA DRIVE,99999,35.151,-79.418,0,8,0,0,3,3,0,1,2,1,0,1,0,0,99,99,99,99,99,99,0,0,0,1,0,1
37,371305,2,2,0,0,0,3,3,127,0,17,12,2016,7,12,51,0,1,4,98,3,SR-97,CR-1544-HALIFAX RD,99999,35.892,-77.865,0,12,6,0,2,2,0,1,1,1,0,1,0,0,12,45,12,50,13,48,0,0,0,1,0,2
37,371306,1,1,0,0,0,5,5,127,3930,17,12,2016,7,6,14,1,2,1,1,1,I-95,,99999,35.967,-77.882,0,24,0,0,1,1,0,4,2,12,0,12,0,0,6,13,6,39,99,99,0,0,0,2,0,1
37,371307,1,1,0,0,0,1,1,127,0,27,12,2016,3,13,55,1,1,3,98,2,US-264,,99999,35.802,-78.198,0,34,0,0,1,1,0,3,1,10,0,10,0,0,13,54,14,5,88,88,0,0,0,1,0,0
37,371309,1,1,0,0,0,1,1,135,860,13,12,2016,3,13,5,0,2,3,98,3,SR-54,,99999,35.905,-79.015,0,18,0,0,1,1,3,4,1,1,0,1,0,0,12,44,12,52,13,4,0,0,0,1,0,2
37,371310,3,2,1,1,1,2,2,135,0,17,12,2016,7,1,53,1,2,1,1,1,I-40,,99999,35.983,-79.073,0,24,0,0,1,1,0,4,2,12,0,12,0,0,1,50,2,1,88,88,19,0,0,1,1,1
37,371313,1,1,0,0,0,2,2,141,690,1,12,2016,5,10,38,1,2,2,1,2,US-421,,99999,34.648,-78.117,0,52,0,0,1,1,0,4,1,1,0,1,0,0,10,38,10,44,88,88,0,0,0,2,0,0
37,371320,1,1,0,0,0,1,1,155,0,4,12,2016,1,7,5,1,1,1,1,1,I-95,,0,34.622,-79.055,0,24,0,0,1,1,0,4,4,1,0,1,0,0,99,99,99,99,99,99,0,0,0,1,1,1
37,371325,1,1,0,0,0,1,1,157,0,1,12,2016,5,5,30,0,1,3,98,3,SR-150,,0,36.285,-79.592,0,1,0,0,1,1,0,4,2,1,0,1,0,0,5,22,5,36,88,88,0,0,0,1,1,0
37,371327,2,2,0,0,0,2,2,157,0,16,12,2016,6,19,32,1,1,3,1,2,US-29,,0,36.371,-79.677,0,12,1,0,1,1,0,1,2,1,0,1,0,0,19,26,19,38,20,16,0,0,0,1,0,0
37,371333,1,1,0,0,0,1,1,167,0,1,12,2016,5,12,38,1,1,3,1,2,US-52,,0,35.338,-80.2,0,34,0,0,1,1,0,4,1,1,0,1,0,0,12,32,12,36,13,2,0,0,0,1,1,0
37,371337,1,1,0,0,0,2,2,183,0,1,12,2016,5,2,6,1,1,3,1,2,US-401,,0,35.702,-78.668,0,34,0,0,1,1,0,4,2,1,0,1,0,0,2,4,2,13,88,88,0,0,0,1,0,0
37,371342,2,1,1,0,0,1,1,183,0,30,12,2016,6,9,49,1,1,3,98,2,US-1,,0,35.712,-78.877,0,14,0,0,1,1,0,4,1,1,0,1,0,0,9,48,9,59,88,88,19,0,0,1,0,1
37,371344,2,2,0,0,0,2,2,185,0,28,12,2016,4,14,24,0,1,3,98,3,SR-43,,0,36.297,-77.986,0,12,6,0,8,1,0,1,1,1,0,1,0,0,14,10,14,24,88,88,0,0,0,1,1,2
37,371349,2,2,0,0,0,3,3,199,710,22,12,2016,5,16,0,1,2,3,1,2,US-19,SR-197,0,35.918,-82.277,0,12,6,0,7,1,0,1,1,1,0,1,0,0,16,23,16,29,17,4,0,0,0,1,0,0
37,371350,1,1,0,1,1,1,1,35,3300,18,9,2016,1,20,50,0,2,3,1,2,US-321,,99999,35.637,-81.297,9,8,0,0,1,1,0,1,3,1,0,1,0,0,21,21,21,27,22,18,0,0,0,1,0,0
37,371352,1,1,0,1,1,1,1,31,350,16,11,2016,4,18,9,1,1,3,1,2,US-70,LENNOXVILLE RD,99999,34.72,-76.655,0,8,0,0,1,1,0,1,3,1,0,1,0,0,99,99,99,99,99,99,0,0,0,1,0,0
37,371353,2,2,0,0,0,3,3,113,1710,20,11,2016,1,18,23,1,1,1,1,2,US-64,,99999,35.165,-83.432,0,24,0,0,1,1,0,4,2,1,0,1,0,0,18,17,18,22,19,10,0,0,0,1,0,0
37,371355,2,2,0,0,0,2,2,193,5040,7,11,2016,2,22,13,1,2,2,1,2,US-421,,99999,36.144,-81.177,0,12,1,1,17,1,0,1,3,1,0,1,0,0,22,13,22,17,22,52,0,0,0,1,0,0
38,380002,2,2,0,0,0,2,2,53,0,13,1,2016,4,6,33,1,1,3,1,2,US-85,,1170,48.058,-103.66,0,12,6,0,1,1,0,1,4,1,0,1,0,0,6,32,6,47,7,25,0,0,0,1,0,0
38,380005,1,1,0,0,0,1,1,49,0,23,1,2016,7,6,41,1,1,3,1,2,US-2,3RD ST SW (8TH AVE NE),1916,48.336,-100.409,0,1,0,0,3,3,0,3,2,1,0,1,0,0,99,99,99,99,8,2,0,0,0,1,1,0
38,380006,2,2,0,0,0,3,3,53,0,5,2,2016,6,7,51,1,1,3,1,2,US-85,,1796,48.091,-103.697,0,12,6,0,1,1,0,1,4,1,0,1,0,0,8,2,8,15,88,88,0,0,0,1,1,0
38,380007,3,3,0,0,0,4,4,13,0,12,2,2016,6,22,31,1,1,3,1,2,US-52,,214,48.894,-102.256,0,12,1,0,1,1,0,1,2,1,0,1,0,093216L,99,99,99,99,88,88,0,0,0,2,0,0
38,380008,2,2,0,0,0,2,2,73,0,26,2,2016,6,18,56,0,1,4,1,3,SR-46,SR-32,799,46.63,-97.679,0,12,6,0,2,3,0,1,5,1,0,1,0,0,19,0,19,12,99,99,0,0,0,1,1,1
38,380012,1,1,0,0,0,2,2,101,0,12,3,2016,7,19,0,1,1,3,1,2,US-83,,1770,47.897,-101.292,0,35,0,0,1,1,0,3,5,1,0,1,0,0,19,1,19,16,88,88,0,0,0,2,1,0
38,380014,1,1,0,0,0,2,2,59,1990,2,4,2016,7,15,0,1,1,1,1,1,I-94,,1553,46.824,-100.846,0,35,0,0,1,1,0,3,1,1,0,1,0,0,15,0,15,7,15,24,0,0,0,1,1,0
38,380017,1,1,0,0,0,1,1,61,0,22,4,2016,6,3,45,1,1,3,1,2,US-2,,865,48.313,-102.472,0,1,0,0,1,1,0,4,2,1,0,1,0,0,3,54,4,5,88,88,0,0,0,1,1,0
38,380018,2,2,0,0,0,4,4,37,550,22,4,2016,6,13,54,0,1,3,1,3,SR-21,,894,46.414,-101.58,0,12,6,0,1,1,0,1,1,6,0,6,0,0,13,57,14,18,14,46,0,0,0,1,0,2
38,380019,1,1,0,0,0,1,1,71,0,1,5,2016,1,99,99,0,1,4,1,3,SR-20,,1192,48.339,-98.876,0,1,0,0,1,1,0,4,2,1,0,1,0,0,8,39,8,53,88,88,0,0,0,1,0,2
38,380020,1,1,0,0,0,1,1,55,0,5,5,2016,5,17,25,0,1,4,1,3,SR-41,,229,47.459,-100.716,0,34,0,0,1,1,0,4,1,1,0,1,0,0,99,99,99,99,99,99,0,0,0,1,0,1
38,380021,1,1,0,0,0,1,1,57,0,5,5,2016,5,19,19,0,1,3,1,3,SR-200,,1582,47.306,-101.491,0,1,0,0,1,1,0,4,1,1,0,1,0,0,19,22,19,32,19,44,0,0,0,1,1,1