STATE,ST_CASE,VE_TOTAL,VE_FORMS,PVH_INVL,PEDS,PERNOTMVIT,PERMVIT,PERSONS,COUNTY,CITY,DAY,MONTH,YEAR,DAY_WEEK,HOUR,MINUTE,NHS,RUR_URB,FUNC_SYS,RD_OWNER,ROUTE,TWAY_ID,TWAY_ID2,MILEPT,LATITUDE,LONGITUD,SP_JUR,HARM_EV,MAN_COLL,RELJCT1,RELJCT2,TYP_INT,WRK_ZONE,REL_ROAD,LGT_COND,WEATHER1,WEATHER2,WEATHER,SCH_BUS,RAIL,NOT_HOUR,NOT_MIN,ARR_HOUR,ARR_MIN,HOSP_HR,HOSP_MN,CF1,CF2,CF3,FATALS,DRUNK_DR,RANK
38,380022,2,2,0,0,0,2,2,53,0,8,5,2016,1,6,40,1,1,3,1,2,US-85,,1782,48.069,-103.677,0,12,2,0,1,1,0,1,1,1,0,1,0,0,99,99,99,99,8,19,0,0,0,1,1,0
38,380024,2,2,0,0,0,2,2,93,0,11,5,2016,4,14,41,1,1,3,1,2,US-52,,2602,46.975,-98.747,0,12,1,0,1,1,0,1,1,1,0,1,0,0,14,42,14,49,15,28,0,0,0,1,0,0
38,380027,1,1,0,0,0,1,1,21,0,19,5,2016,5,0,8,0,1,4,1,3,SR-1,,79,46.009,-98.094,0,1,0,0,1,1,0,4,2,1,0,1,0,0,99,98,99,98,88,88,0,0,0,1,1,1
38,380030,1,1,0,0,0,2,2,39,0,28,5,2016,7,2,21,0,1,5,1,3,SR-65,,17,47.558,-98.293,0,1,0,0,1,1,0,4,2,10,0,10,0,0,2,45,3,1,3,30,0,0,0,1,1,0
38,380031,1,1,0,7,7,1,1,69,0,28,5,2016,7,16,27,0,1,4,1,3,SR-17,,145,48.501,-99.723,0,49,0,0,1,1,0,1,1,1,0,1,0,0,16,27,16,52,18,12,0,0,0,1,0,2
38,380032,2,2,0,0,0,3,3,77,0,3,6,2016,6,12,40,1,1,1,1,1,I-29,,4,45.941,-96.84,0,12,6,1,5,1,1,1,1,2,0,2,0,0,12,42,12,51,13,38,0,0,0,2,0,0
38,380033,1,1,0,0,0,1,1,55,0,6,6,2016,2,13,40,1,1,3,1,2,US-83,,1170,47.189,-100.879,0,1,0,0,1,1,0,3,1,1,0,1,0,0,13,40,13,47,14,38,0,0,0,1,0,0
38,380035,2,2,0,0,0,2,2,55,0,12,6,2016,1,22,35,1,1,3,1,2,US-83,CR-17TH ST NW,1606,47.661,-101.29,0,12,6,0,2,2,0,1,2,10,0,10,0,0,22,35,22,43,23,11,0,0,0,1,0,0
38,380037,1,1,0,0,0,1,1,59,0,23,6,2016,5,16,15,1,1,1,1,1,I-94,,1028,46.867,-101.94,0,35,0,1,5,1,0,4,1,1,0,1,0,0,99,99,99,99,88,88,20,0,0,1,1,0
38,380038,1,1,0,0,0,1,1,53,0,28,6,2016,3,0,30,0,1,5,1,3,SR-73,,104,47.779,-102.738,3,1,0,0,1,1,0,4,2,1,0,1,0,0,1,25,2,15,88,88,0,0,0,1,1,2
38,380040,1,1,0,0,0,1,1,7,0,29,6,2016,4,15,5,1,1,1,1,1,I-94,,272,46.917,-103.492,0,1,0,1,20,1,0,1,1,1,0,1,0,0,15,9,15,12,88,88,0,0,0,1,0,0
38,380042,1,1,0,0,0,2,2,43,0,2,7,2016,7,5,40,0,1,3,1,3,SR-3,,1018,46.985,-99.94,0,1,0,0,1,1,0,4,4,1,0,1,0,0,5,48,6,5,7,24,0,0,0,1,0,2
38,380043,2,2,0,0,0,5,5,79,0,5,7,2016,3,16,8,1,1,3,1,2,US-281,CR-BIA 13,2462,48.806,-99.898,3,12,1,0,2,2,0,1,1,1,0,1,0,0,16,9,16,17,16,39,0,0,0,2,1,0
38,380044,1,1,0,0,0,1,1,53,3280,9,7,2016,7,19,4,1,1,3,1,2,US-85,SR-23,1409,47.765,-103.293,0,1,0,0,1,1,0,4,1,1,0,1,0,0,19,8,19,13,88,88,0,0,0,1,0,0
38,380048,1,1,0,0,0,1,1,89,0,21,7,2016,5,9,30,1,1,1,1,1,I-94,,693,46.879,-102.631,0,1,0,0,1,1,0,4,1,1,0,1,0,0,9,32,9,44,88,88,0,0,0,1,0,0
38,380049,2,2,0,0,0,3,3,59,0,21,7,2016,5,15,39,1,1,1,1,1,I-94,,1335,46.861,-101.295,0,12,8,0,1,1,0,1,1,1,0,1,0,0,99,98,99,98,88,88,0,0,0,1,0,0
38,380050,1,1,0,0,0,1,1,69,0,22,7,2016,6,11,56,0,1,3,1,3,SR-3,,1923,48.225,-99.999,0,35,0,0,1,1,0,4,1,1,0,1,0,0,99,99,99,99,88,88,0,0,0,1,0,2
38,380053,1,1,0,0,0,1,1,17,0,26,7,2016,3,22,37,1,1,1,1,1,I-29,,534,46.712,-96.83,0,52,0,0,1,1,0,4,2,1,0,1,0,0,22,38,22,55,88,88,20,0,0,1,1,0
38,380057,1,1,0,0,0,1,1,61,0,5,8,2016,6,12,0,0,1,4,1,3,SR-8,,1380,48.062,-102.354,0,32,0,0,1,1,0,4,1,1,0,1,0,0,12,5,12,17,88,88,0,0,0,1,0,2
38,380060,2,2,0,0,0,6,6,101,0,19,8,2016,6,21,30,1,1,3,1,2,US-52,,530,48.566,-101.98,0,11,0,0,1,1,0,1,2,1,0,1,0,0,21,44,22,20,88,88,0,0,0,1,1,0
38,380062,2,2,0,1,1,5,5,23,0,23,8,2016,3,18,25,0,1,3,1,3,SR-5,,377,48.894,-103.246,0,12,1,0,1,1,1,1,1,1,0,1,0,0,18,26,18,30,18,46,15,0,0,3,0,1
38,380063,1,1,0,1,1,1,1,19,1750,27,8,2016,7,20,50,0,1,3,1,3,SR-5,,2795,48.761,-98.353,0,8,0,0,1,1,0,1,5,1,0,1,0,0,20,58,21,5,88,88,0,0,0,1,0,1
38,380064,1,1,0,0,0,2,2,39,0,30,8,2016,3,19,20,0,1,3,1,3,SR-200,,3447,47.443,-98.036,0,1,0,0,1,1,0,4,5,1,0,1,0,0,19,23,19,36,99,99,0,0,0,1,1,1
38,380065,2,2,0,0,0,2,2,3,0,31,8,2016,4,22,55,0,1,3,1,3,SR-1,,565,46.704,-98.082,0,12,2,0,1,1,0,1,2,1,0,1,0,0,23,1,23,19,0,44,0,0,0,1,1,1
38,380070,1,1,0,0,0,1,1,21,0,16,9,2016,6,20,19,0,1,4,1,3,SR-11,,674,46.024,-98.715,0,35,0,0,1,1,0,4,2,1,0,1,0,0,99,99,99,99,88,88,0,0,0,1,1,2
38,380071,2,2,0,0,0,2,2,59,0,23,9,2016,6,17,47,1,1,1,1,1,I-94,,1319,46.861,-101.329,0,12,1,0,1,1,0,1,1,2,0,2,0,0,99,99,99,99,18,37,14,0,0,1,0,0
38,380072,1,1,0,0,0,1,1,15,0,23,9,2016,6,18,2,1,1,3,1,2,US-83,,529,46.65,-100.291,0,1,0,0,1,1,0,4,1,10,0,10,0,0,18,1,18,30,19,40,0,0,0,1,1,0
38,380075,1,1,0,0,0,1,1,17,0,29,9,2016,5,19,8,0,1,4,1,3,SR-18,,715,46.849,-97.221,0,35,0,0,1,1,0,4,5,1,0,1,0,0,19,15,19,21,19,56,0,0,0,1,0,2
38,380076,2,2,0,0,0,2,2,63,2520,2,10,2016,1,15,40,1,1,3,1,2,US-2,,3111,48.009,-98.008,0,59,0,0,1,1,1,4,1,1,0,1,0,0,15,42,15,56,16,54,0,0,0,1,0,0
38,380077,2,2,0,0,0,4,4,3,0,8,10,2016,7,14,24,0,1,4,1,3,SR-32,CR-18 ST SE,921,47.153,-97.791,0,12,6,0,2,2,0,1,1,10,0,10,0,0,14,25,14,51,99,99,0,0,0,1,0,2
38,380079,1,1,0,0,0,1,1,99,0,10,10,2016,2,8,25,1,1,1,1,1,I-29,,1616,48.208,-97.189,0,21,0,1,19,1,0,4,1,1,0,1,0,0,8,33,8,56,88,88,0,0,0,1,0,0
38,380080,1,1,0,1,1,1,1,77,0,13,10,2016,5,23,40,1,1,1,1,1,I-29,,210,46.239,-96.834,0,8,0,0,1,1,0,1,2,1,0,1,0,0,99,98,99,98,88,88,0,0,0,1,0,0
38,380082,2,2,0,0,0,3,3,49,840,17,10,2016,2,17,24,1,1,3,1,2,US-52,,1146,47.92,-100.379,0,12,6,0,8,1,0,1,1,10,0,10,0,0,17,24,17,50,18,22,0,0,0,1,0,0
38,380083,2,2,0,0,0,7,7,61,0,17,10,2016,2,21,35,0,1,3,1,3,SR-23,SR-8,564,47.978,-102.344,3,12,6,0,2,2,0,1,3,10,0,10,0,0,21,31,21,40,99,99,0,0,0,4,1,0
38,380085,2,2,0,0,0,5,5,57,0,22,10,2016,7,12,21,0,1,3,1,3,SR-49,SR-200,1044,47.299,-101.786,0,12,6,0,2,2,0,1,1,1,0,1,0,0,12,7,12,17,13,6,0,0,0,1,0,1
38,380088,1,1,0,1,1,1,1,73,0,4,11,2016,6,5,30,0,1,4,1,3,SR-32,,377,46.459,-97.679,0,8,0,0,1,1,0,1,2,99,0,99,0,0,9,10,9,16,88,88,0,0,0,1,0,2
38,380090,1,1,0,0,0,1,1,99,0,6,11,2016,1,99,99,0,1,6,1,3,SR-32,,1776,48.199,-97.86,0,34,0,0,1,1,0,4,9,1,0,1,0,0,7,29,7,55,88,88,0,0,0,1,1,2
38,380092,1,1,0,0,0,1,1,43,0,12,11,2016,7,20,34,0,1,5,1,3,SR-36,,356,47.14,-100.038,0,1,0,0,1,1,0,4,2,1,0,1,0,0,20,43,99,99,88,88,0,0,0,1,1,1
38,380094,2,2,0,0,0,3,3,89,0,16,11,2016,4,11,22,1,1,1,1,1,I-94,,580,46.891,-102.862,0,12,1,0,1,1,0,1,1,1,0,1,0,0,11,26,11,30,88,88,0,0,0,1,0,0
38,380096,1,1,0,0,0,2,2,55,0,26,11,2016,7,12,34,0,1,4,1,3,SR-37,,533,47.639,-101.476,0,1,0,0,1,1,0,4,1,1,0,1,0,0,12,34,12,40,14,21,0,0,0,1,1,1
38,380098,2,2,0,0,0,4,4,53,0,3,12,2016,7,20,54,0,1,3,1,3,SR-23,,394,47.974,-102.703,3,12,6,0,1,1,0,1,2,4,0,4,0,0,20,58,21,15,22,42,0,0,0,1,0,0
39,390001,1,1,0,0,0,2,2,51,0,1,1,2016,6,6,7,0,1,7,2,4,CR-19,,0,41.555,-84.23,0,32,0,0,1,1,0,4,2,10,0,10,0,0,6,3,6,12,6,53,0,0,0,1,0,2
39,390002,1,1,0,0,0,1,1,49,1800,3,1,2016,1,2,35,1,2,1,1,1,I-70,,52,39.977,-83.149,0,43,0,0,1,1,0,4,3,1,0,1,0,0,88,88,88,88,88,88,0,0,0,1,1,0
39,390004,1,1,0,0,0,1,1,129,0,4,1,2016,2,6,0,1,2,3,1,2,US-23,,224,39.8,-82.997,0,59,0,0,1,1,0,4,2,10,0,10,0,0,6,4,6,8,88,88,0,0,0,1,0,0
39,390005,2,2,0,0,0,3,3,97,0,9,1,2016,7,12,55,1,1,1,1,1,I-70,,123,39.963,-83.309,0,26,0,0,1,1,0,3,1,10,0,10,0,0,12,57,13,14,13,49,0,0,0,1,0,0
39,390007,2,2,0,0,0,5,5,41,0,12,1,2016,3,14,51,0,1,4,1,3,SR-61,SR-656,47,40.311,-82.846,0,12,6,0,2,2,0,1,1,10,0,10,0,0,14,48,15,5,15,44,0,0,0,1,0,2
39,390008,2,2,0,0,0,3,3,165,0,12,1,2016,3,13,24,1,2,1,1,1,I-75,,7,39.447,-84.332,0,12,1,0,1,1,0,1,1,1,0,1,0,0,13,19,13,28,13,54,0,0,0,1,0,2
39,390009,7,4,3,0,0,5,5,41,0,14,1,2016,5,16,52,0,1,4,1,2,US-36,CR-605,260,40.26,-82.788,0,12,6,0,2,2,0,1,1,10,0,10,0,0,16,50,16,55,88,88,0,0,0,1,0,1
39,390010,2,2,0,0,0,3,3,11,0,14,1,2016,5,17,0,1,1,3,1,2,US-33,,255,40.557,-83.993,0,12,2,0,1,1,0,4,1,10,0,10,0,0,99,99,99,99,99,99,0,0,0,1,0,0
39,390018,2,2,0,0,0,2,2,173,6490,26,1,2016,3,1,20,1,2,1,1,1,I-75,,279,41.559,-83.592,0,12,1,0,1,1,0,1,3,2,0,2,0,0,1,22,1,28,1,49,0,0,0,1,0,2
39,390019,2,2,0,0,0,2,2,151,6348,30,1,2016,7,8,29,0,1,4,1,3,SR-183,,71,40.826,-81.1,0,12,6,0,1,1,0,1,1,1,0,1,0,0,8,30,8,33,9,0,0,0,0,1,1,2
39,390023,2,2,0,0,0,2,2,133,0,12,1,2016,3,7,16,1,2,3,1,2,US-224,,15,41.027,-81.358,0,12,6,0,1,1,0,1,2,4,0,4,0,0,7,21,7,29,8,15,0,0,0,1,0,0
39,390026,1,1,0,0,0,1,1,141,0,14,1,2016,5,4,34,0,1,4,1,2,US-50,,294,39.297,-82.898,0,59,0,0,1,1,0,4,2,1,0,1,0,0,4,41,5,7,88,88,0,0,0,1,0,2
39,390030,2,2,0,0,0,2,2,5,0,16,1,2016,7,14,52,0,1,5,1,2,US-42,TR-653,109,40.895,-82.25,0,12,2,0,2,2,0,1,1,10,0,10,0,0,14,58,15,4,15,23,0,0,0,1,0,0
39,390031,2,2,0,0,0,2,2,25,0,19,1,2016,3,13,48,0,2,4,1,3,SR-132,CR-27 CHAPEL RD,84,39.035,-84.197,0,12,6,0,2,2,0,1,1,1,0,1,0,0,13,48,13,50,14,45,0,0,0,1,0,1
39,390032,2,2,0,0,0,3,3,39,2130,19,1,2016,3,14,45,1,2,2,1,2,US-24,SR-66 ON RAMP,66,41.308,-84.356,0,12,2,1,5,1,0,1,1,1,0,1,0,0,14,42,14,46,88,88,0,0,0,1,0,1
39,390036,2,2,0,0,0,2,2,141,0,20,1,2016,4,11,55,0,1,5,1,3,SR-180,,44,39.439,-82.873,0,12,1,0,1,1,0,1,1,4,0,4,0,0,12,15,12,23,12,59,0,0,0,1,0,1
39,390044,2,2,0,0,0,2,2,175,0,27,1,2016,4,18,11,1,1,3,1,2,US-23,TR-44,171,40.876,-83.331,0,12,6,0,7,1,0,1,2,1,0,1,0,0,18,12,18,22,88,88,0,0,0,1,0,0
39,390045,1,1,0,0,0,1,1,55,0,29,1,2016,6,22,6,0,1,5,2,4,CR-12,TR-104,0,41.513,-81.313,0,59,0,0,3,3,0,4,6,1,0,1,0,0,22,9,22,15,99,99,0,0,0,1,0,2
39,390046,1,1,0,0,0,1,1,141,0,29,1,2016,6,1,44,1,1,2,1,2,US-35,,270,39.28,-82.888,0,59,0,0,1,1,0,3,2,1,0,1,0,0,2,0,2,19,88,88,0,0,0,1,1,0
39,390047,2,2,0,0,0,3,3,71,0,29,1,2016,6,13,5,0,1,4,1,2,US-50,,36,39.205,-83.801,0,12,6,0,1,1,0,2,1,1,0,1,0,0,13,2,13,8,13,54,0,0,0,2,1,2
39,390050,1,1,0,0,0,2,2,125,0,31,1,2016,1,2,25,0,1,5,1,3,SR-49,,106,41.144,-84.727,0,42,0,0,1,1,0,4,2,10,0,10,0,0,2,32,2,43,2,55,0,0,0,1,1,1
39,390054,4,2,2,0,1,2,3,85,0,4,2,2016,5,9,49,1,2,1,1,1,I-90,,132,41.66,-81.29,0,12,7,0,1,1,0,1,1,2,0,2,0,0,9,45,9,53,88,88,0,0,0,1,0,0
39,390055,4,4,0,0,0,4,4,79,3720,5,2,2016,6,15,40,1,1,3,1,2,US-35,,8,39.176,-82.748,0,12,7,0,8,1,0,1,1,1,0,1,0,0,15,39,15,52,16,18,0,0,0,1,0,0
39,390056,3,3,0,0,0,6,6,141,0,6,2,2016,7,12,7,1,1,3,1,2,US-23,,49,39.255,-82.985,0,12,2,0,1,1,0,1,1,10,0,10,0,0,12,16,12,38,13,17,0,0,0,2,0,0
39,390057,1,1,0,0,0,1,1,85,9011,8,2,2016,2,0,46,1,2,1,1,1,I-90,,49,41.621,-81.409,0,59,0,0,1,1,0,3,3,10,0,10,0,0,88,88,88,88,88,88,0,0,0,1,1,0
39,390059,1,1,0,1,1,2,2,41,2150,16,2,2016,3,22,53,1,2,3,1,2,US-23,,141,40.327,-83.072,0,8,0,0,1,1,0,1,2,1,0,1,0,0,22,56,23,5,88,88,0,0,0,1,0,0
39,390060,1,1,0,1,1,1,1,13,0,18,2,2016,5,3,17,1,2,2,1,3,SR-7,,138,39.981,-80.74,0,8,0,0,1,1,0,1,2,10,0,10,0,0,99,99,3,29,88,88,0,0,0,1,0,2
39,390064,2,2,0,0,0,6,6,109,0,28,1,2016,5,6,52,0,1,5,1,3,SR-55,,48,39.995,-84.315,0,12,2,0,1,1,0,1,2,10,0,10,1,0,6,55,7,3,99,99,0,0,0,1,1,2
39,390066,1,1,0,0,0,1,1,133,0,29,1,2016,6,10,21,1,2,1,1,1,I-76,,4,41.089,-81.386,0,31,0,0,1,1,0,4,1,4,0,4,0,0,11,12,12,6,88,88,0,0,0,1,0,1
39,390067,2,2,0,0,0,2,2,123,0,16,2,2016,3,11,58,0,1,5,1,3,SR-163,CR-104,173,41.51,-83.087,0,12,7,0,2,3,0,1,1,10,0,10,0,0,12,0,12,9,13,0,0,0,0,1,0,2
39,390072,2,2,0,0,0,2,2,117,0,16,2,2016,3,6,51,0,1,5,1,3,SR-61,,160,40.589,-82.829,0,12,6,0,1,1,0,1,2,10,0,10,0,0,6,38,6,50,7,17,0,0,0,1,0,2
39,390074,1,1,0,0,0,1,1,71,0,20,1,2016,4,9,17,0,1,5,1,3,SR-28,,130,39.355,-83.445,0,42,0,0,1,1,0,4,1,4,0,4,0,0,9,41,10,55,12,48,0,0,0,1,0,2
39,390075,1,1,0,0,0,1,1,35,1680,8,2,2016,2,0,42,1,2,1,1,1,I-90,,208,41.539,-81.637,0,35,0,1,5,1,0,4,3,1,0,1,0,0,0,47,0,54,1,17,0,0,0,1,1,0
39,390079,2,2,0,0,0,2,2,49,1800,2,3,2016,4,11,13,1,2,1,1,1,I-270,,87,39.977,-83.119,0,20,0,0,1,1,4,4,1,10,0,10,0,0,11,14,11,18,12,26,0,0,0,1,0,2
39,390082,3,3,0,0,0,5,5,15,0,11,2,2016,5,15,59,1,1,3,1,3,SR-32,CR-100 KLEIN RD,78,39.026,-83.877,0,12,6,0,2,2,0,1,1,1,0,1,0,0,16,15,16,33,17,12,0,0,0,1,0,2
39,390083,2,2,0,0,0,2,2,67,1210,22,2,2016,2,6,50,0,1,5,1,3,SR-9,,70,40.252,-81.001,0,12,2,0,1,1,0,1,4,1,0,1,0,0,7,2,7,10,99,99,0,0,0,1,1,2
39,390085,1,1,0,0,0,1,1,113,1670,12,2,2016,6,18,0,1,2,3,1,1,I-70,SR-49 OFF RAMP,105,39.854,-84.344,0,1,0,1,5,1,0,4,1,4,0,4,0,0,18,0,18,10,88,88,0,0,0,1,0,0
39,390086,2,2,0,0,0,5,5,113,2090,13,2,2016,7,3,2,1,2,1,1,1,I-75,,130,39.766,-84.199,0,12,2,0,1,1,2,1,3,10,0,10,0,0,88,88,88,88,88,88,0,0,0,5,2,2
39,390088,2,2,0,0,0,2,2,63,0,16,2,2016,3,15,47,0,2,4,1,2,US-224,,196,41.062,-83.541,0,12,2,0,1,1,0,1,1,10,0,10,0,0,15,49,15,55,16,24,0,0,0,1,0,0
39,390090,2,2,0,0,0,2,2,61,1610,17,2,2016,4,3,0,1,2,1,1,1,I-71,,43,39.139,-84.486,0,12,2,0,1,1,2,1,3,10,0,10,0,0,3,2,3,11,3,54,0,0,0,1,1,1
39,390093,2,2,0,0,0,2,2,115,0,16,2,2016,3,16,40,0,1,4,1,3,SR-78,,14,39.512,-82.035,0,12,2,0,1,1,0,1,1,10,0,10,0,0,21,45,21,55,23,15,0,0,0,1,0,1
39,390095,2,2,0,0,0,2,2,35,1680,2,2,2016,3,2,37,1,2,1,1,1,I-71,,121,41.439,-81.791,0,12,2,0,1,1,0,1,3,1,0,1,0,0,2,53,3,1,88,88,0,0,0,2,2,1
39,390098,2,2,0,0,0,4,4,99,2458,27,2,2016,7,23,47,0,1,4,1,2,US-224,,50,41.024,-80.906,0,12,8,0,1,1,0,1,3,10,0,10,0,0,23,43,23,51,0,22,0,0,0,1,1,0
39,390106,4,4,0,0,0,6,6,153,0,2,3,2016,4,15,45,1,2,3,1,3,SR-18,,4,41.136,-81.685,0,24,0,0,1,1,0,4,1,10,0,10,0,0,15,42,15,52,16,30,0,0,0,1,0,2
39,390112,3,3,0,0,0,3,3,49,1800,11,3,2016,6,9,27,1,2,1,1,1,I-70,,132,39.952,-83.012,0,12,7,0,1,1,0,1,1,10,0,10,0,0,9,31,9,32,10,11,0,0,0,1,0,0
39,390113,1,1,0,1,1,4,4,7,0,4,3,2016,6,19,53,1,1,3,1,2,US-20,,13,41.8,-80.978,0,8,0,0,1,1,0,1,3,1,0,1,0,0,19,53,19,57,88,88,0,0,0,1,0,0
39,390115,1,1,0,0,0,1,1,159,0,11,3,2016,6,19,50,0,1,5,1,3,SR-37,,84,40.412,-83.289,0,32,0,0,1,1,0,4,2,1,0,1,0,0,19,58,20,21,20,55,0,0,0,1,0,1
39,390116,2,2,0,0,0,2,2,161,0,7,3,2016,2,11,0,1,2,3,1,2,US-30,LIBERTY UNION RD,104,40.896,-84.63,0,12,6,0,2,2,0,1,1,10,0,10,0,0,11,1,11,7,11,26,0,0,0,1,0,0
39,390118,3,3,0,1,1,8,8,49,0,12,3,2016,7,23,41,1,2,3,1,2,US-62,TR-1139 RANSBURG AVE,111,39.938,-83.042,0,9,0,0,1,1,0,1,2,10,0,10,0,0,23,42,23,50,88,88,0,0,0,1,0,0
39,390120,1,1,0,1,1,1,1,65,3890,10,3,2016,5,19,43,1,2,4,1,3,SR-31,CARROL ST,116,40.649,-83.608,0,8,0,0,3,2,0,1,3,2,0,2,0,0,19,43,19,45,88,88,0,0,0,1,0,2
39,390122,2,2,0,0,0,2,2,133,6830,10,3,2016,5,6,30,1,2,3,1,3,SR-14,,103,41.179,-81.243,0,12,8,0,1,1,0,1,2,2,0,2,0,0,6,47,6,56,7,6,0,0,0,1,0,2
39,390124,3,3,0,0,0,3,3,49,0,16,3,2016,4,6,40,1,2,3,1,3,SR-161,,151,40.081,-82.918,0,12,6,0,7,1,0,1,4,10,0,10,0,0,6,44,6,51,7,13,0,0,0,1,0,1
39,390130,2,2,0,0,0,3,3,155,0,24,2,2016,4,9,58,1,1,3,1,3,SR-82,CR-43 WARNER RD,245,41.23,-80.617,0,12,6,0,2,2,0,1,1,2,0,2,0,0,9,57,10,3,10,30,0,0,0,1,0,2
39,390134,2,2,0,0,0,3,3,65,0,15,3,2016,3,16,9,0,1,5,1,3,SR-117,,42,40.565,-83.843,0,12,2,0,1,1,0,1,3,1,0,1,0,0,16,22,16,33,17,7,0,0,0,1,0,2
39,390149,2,2,0,0,0,2,2,113,2500,10,3,2016,5,13,20,0,2,4,1,2,US-40,,95,39.873,-84.299,0,12,6,0,8,1,0,1,1,2,0,2,0,0,13,21,13,23,13,50,0,0,0,1,0,0
39,390151,2,2,0,0,0,2,2,11,0,14,3,2016,2,1,14,0,1,5,1,3,SR-117,,3,40.641,-83.927,0,12,2,0,1,1,0,1,2,5,0,5,0,0,1,48,2,1,2,30,0,0,0,1,0,2
39,390152,1,1,0,0,0,1,1,25,0,15,3,2016,3,20,57,0,2,4,1,2,US-50,,32,39.163,-84.256,0,59,0,0,1,1,0,4,2,1,0,1,0,0,20,53,20,58,88,88,0,0,0,1,1,2
39,390154,1,1,0,0,0,3,3,137,0,18,3,2016,6,18,15,0,1,5,1,3,SR-65,,212,41.144,-83.938,0,30,0,0,1,1,0,4,1,1,0,1,0,0,18,17,18,28,19,30,0,0,0,1,0,0
39,390158,2,2,0,0,0,2,2,23,7800,21,3,2016,2,19,40,1,2,1,1,1,I-70,,99,39.9,-83.881,0,57,0,0,1,1,0,3,5,1,0,1,0,0,19,46,19,53,88,88,0,0,0,1,0,0
39,390160,1,1,0,0,0,1,1,29,0,20,3,2016,1,8,0,0,1,5,1,3,SR-154,,103,40.794,-80.618,0,52,0,0,1,1,0,4,1,10,0,10,0,0,8,25,8,37,88,88,0,0,0,1,1,2
39,390163,2,2,0,0,0,3,3,85,0,21,3,2016,2,9,35,1,2,3,1,3,SR-44,,18,41.675,-81.258,0,12,1,0,5,1,0,1,1,10,0,10,0,0,9,39,9,46,10,5,0,0,0,1,0,2
39,390164,2,2,0,0,0,2,2,61,1610,20,3,2016,1,21,33,1,2,1,1,1,I-275,,410,39.06,-84.421,0,12,1,0,1,1,0,1,3,1,0,1,0,0,21,34,21,49,22,20,0,0,0,1,1,2
39,390166,2,2,0,0,0,2,2,47,0,22,3,2016,3,13,54,0,1,5,1,3,SR-38,,83,39.698,-83.457,0,12,6,1,5,1,0,1,1,1,0,1,0,0,17,57,18,6,88,88,0,0,0,1,0,2
39,390170,1,1,0,0,0,1,1,139,6630,27,3,2016,1,1,25,0,1,5,1,3,SR-61,,107,40.944,-82.67,0,35,0,0,1,1,0,4,2,1,0,1,0,0,1,39,2,3,2,39,0,0,0,1,0,2
39,390172,2,2,0,0,0,2,2,111,0,30,3,2016,4,20,12,0,1,6,1,3,SR-26,,274,39.826,-81.081,0,12,2,0,1,1,0,1,2,1,0,1,0,0,20,16,20,33,21,50,0,0,0,1,1,1
39,390174,2,2,0,0,0,2,2,49,0,21,3,2016,2,14,6,1,2,3,1,2,US-62,,48,39.865,-83.108,0,12,2,0,1,1,0,1,1,1,0,1,0,0,14,8,14,14,14,38,0,0,0,1,0,0
39,390181,2,1,1,3,3,1,1,41,0,9,4,2016,7,21,40,1,2,1,1,1,I-71,,28,40.176,-82.955,0,8,0,0,1,1,0,3,2,10,0,10,0,0,21,41,21,48,22,22,19,0,0,3,0,1
39,390183,2,1,1,2,2,2,2,49,0,9,4,2016,7,8,32,1,2,3,1,2,US-23,,47,39.874,-83.002,0,23,0,1,5,1,0,4,1,4,0,4,0,0,8,37,8,55,9,14,19,0,0,1,0,0
39,390187,2,2,0,0,0,2,2,25,0,24,3,2016,5,8,32,1,2,3,1,3,SR-32,,53,39.088,-84.214,0,12,2,0,1,1,0,1,1,10,0,10,0,0,8,43,9,3,9,27,0,0,0,1,0,2
39,390188,3,3,0,0,0,4,4,59,0,26,3,2016,7,15,12,0,2,5,1,3,SR-821,CR-345 COUNTRY CLUB RD,41,39.954,-81.557,0,12,2,0,2,4,0,1,1,1,0,1,0,0,15,27,15,43,16,30,0,0,0,2,0,1
39,390189,2,2,0,0,0,2,2,129,3340,25,2,2016,5,12,50,1,2,3,1,2,US-23,SR-762,210,39.774,-82.989,0,12,6,0,2,2,0,1,1,4,0,4,0,0,12,54,12,58,13,40,0,0,0,1,0,0
39,390191,1,1,0,0,0,2,2,93,0,3,4,2016,1,0,31,1,1,3,1,3,SR-18,,120,41.168,-82.109,0,35,0,0,1,1,0,4,2,1,0,1,0,0,88,88,88,88,88,88,0,0,0,2,1,2
39,390194,1,1,0,0,0,2,2,95,6213,28,3,2016,2,0,17,1,2,1,1,1,I-280,,4,41.625,-83.477,0,52,0,0,1,1,0,4,3,2,0,2,0,0,0,20,0,27,0,46,0,0,0,1,1,1
39,390196,2,2,0,0,0,4,4,99,9230,12,1,2016,3,0,7,1,2,3,1,3,SR-7,,163,41.075,-80.657,0,12,6,0,8,1,0,1,3,4,0,4,0,0,5,9,5,15,5,30,0,0,0,1,2,2
39,390198,1,1,0,0,0,1,1,31,0,30,3,2016,4,18,2,0,1,6,2,4,CR-20,,0,40.416,-82.114,0,35,0,0,1,1,0,4,1,1,0,1,0,0,18,6,18,34,19,24,0,0,0,1,1,2
39,390199,2,2,0,0,0,2,2,5,0,1,4,2016,6,9,57,0,1,5,1,3,SR-89,CR-1302,99,40.871,-82.212,0,12,6,0,2,2,0,1,1,10,0,10,0,0,10,0,10,7,10,53,0,0,0,1,0,1
39,390202,2,2,0,0,0,2,2,141,0,5,4,2016,3,5,55,0,1,4,1,2,US-50,,128,39.297,-83.143,0,12,2,0,1,1,0,1,2,1,0,1,0,0,5,59,6,10,7,2,0,0,0,1,0,2