STATE,ST_CASE,VE_TOTAL,VE_FORMS,PVH_INVL,PEDS,PERNOTMVIT,PERMVIT,PERSONS,COUNTY,CITY,DAY,MONTH,YEAR,DAY_WEEK,HOUR,MINUTE,NHS,RUR_URB,FUNC_SYS,RD_OWNER,ROUTE,TWAY_ID,TWAY_ID2,MILEPT,LATITUDE,LONGITUD,SP_JUR,HARM_EV,MAN_COLL,RELJCT1,RELJCT2,TYP_INT,WRK_ZONE,REL_ROAD,LGT_COND,WEATHER1,WEATHER2,WEATHER,SCH_BUS,RAIL,NOT_HOUR,NOT_MIN,ARR_HOUR,ARR_MIN,HOSP_HR,HOSP_MN,CF1,CF2,CF3,FATALS,DRUNK_DR,RANK
39,390203,2,2,0,0,0,2,2,143,0,6,4,2016,4,6,25,1,1,3,1,2,US-6,,120,41.342,-83.185,0,12,2,0,1,1,0,1,2,10,0,10,0,0,6,35,6,47,7,12,0,0,0,1,0,0
39,390206,2,2,0,0,0,2,2,49,1800,8,4,2016,6,1,34,1,2,1,1,1,I-270,,103,39.994,-83.118,0,12,2,1,18,1,0,1,3,10,0,10,0,0,1,38,1,47,88,88,0,0,0,1,2,2
39,390212,1,1,0,0,0,2,2,73,0,13,4,2016,4,0,24,1,1,2,1,2,US-33,,156,39.487,-82.321,0,31,0,0,1,1,0,4,2,1,0,1,0,0,0,25,0,35,1,15,0,0,0,1,0,0
39,390214,3,3,0,0,0,5,5,9,0,15,4,2016,6,21,8,1,1,3,1,2,US-33,,215,39.253,-82.081,0,12,2,0,1,1,0,1,2,1,0,1,0,0,21,16,21,38,22,28,0,0,0,3,0,0
39,390215,2,2,0,0,0,5,5,101,0,16,4,2016,7,13,12,1,2,3,1,2,US-23,CR-195,152,40.652,-83.105,0,12,6,0,2,2,0,1,1,1,0,1,0,0,13,26,13,50,14,25,0,0,0,1,0,0
39,390220,2,2,0,0,0,2,2,125,0,22,4,2016,6,16,4,0,1,5,1,3,SR-114,,179,41.019,-84.461,0,12,2,0,1,1,0,1,1,2,0,2,0,0,16,2,16,9,16,43,0,0,0,1,1,2
39,390221,1,1,0,1,1,1,1,61,0,31,1,2016,1,15,54,1,2,3,1,2,US-52,,379,39.041,-84.355,0,9,0,0,1,1,0,2,1,10,0,10,0,0,15,54,16,1,16,22,0,0,0,1,0,0
39,390224,1,1,0,0,0,1,1,121,0,9,4,2016,7,19,7,0,1,4,1,3,SR-78,,56,39.739,-81.556,0,24,0,0,1,1,0,4,1,4,0,4,0,0,19,7,19,12,88,88,0,0,0,1,0,1
39,390225,1,1,0,0,0,1,1,113,6990,10,4,2016,1,16,13,1,2,3,1,3,SR-4,,73,39.798,-84.11,0,42,0,0,1,1,0,4,1,10,0,10,0,0,16,13,16,17,88,88,0,0,0,1,0,2
39,390229,1,1,0,3,3,1,1,161,0,17,4,2016,1,20,35,0,1,5,1,3,SR-49,,149,40.889,-84.707,0,9,0,0,1,1,0,1,5,1,0,1,0,0,99,99,22,3,88,88,0,0,0,1,0,1
39,390230,1,1,0,0,0,2,2,71,0,25,4,2016,2,7,1,0,1,4,1,3,SR-73,,55,39.236,-83.638,0,52,0,0,1,1,0,4,1,1,0,1,0,0,6,59,7,6,7,31,0,0,0,1,0,2
39,390231,2,2,0,0,0,2,2,31,0,30,4,2016,7,13,23,0,1,5,1,3,SR-83,,52,40.211,-81.836,0,12,6,0,1,1,0,1,1,10,0,10,0,0,13,23,13,28,13,50,0,0,0,1,0,2
39,390232,1,1,0,0,0,3,3,51,0,4,5,2016,4,13,55,1,1,1,31,1,I-80,,149,41.591,-84.1,0,59,0,0,1,1,0,3,1,10,0,10,0,0,13,50,14,1,14,43,0,0,0,2,0,0
39,390238,2,2,0,0,0,3,3,129,0,28,4,2016,5,13,41,1,2,3,1,2,US-23,CIRCLE LN,73,39.579,-82.953,0,12,6,0,2,2,0,1,1,10,0,10,0,0,13,49,13,55,14,19,0,0,0,1,0,0
39,390240,2,2,0,1,1,4,4,113,5275,28,4,2016,5,0,48,1,2,1,1,1,I-75,SR-741 N SPRINGBORO PIKE,100,39.724,-84.211,0,8,0,1,18,1,0,1,2,2,0,2,0,0,0,43,0,53,88,88,0,0,0,1,0,2
39,390241,1,1,0,0,0,1,1,41,0,30,4,2016,7,7,0,1,1,3,1,2,US-23,,160,40.354,-83.074,0,21,0,0,1,1,0,4,1,10,0,10,0,0,7,2,7,6,88,88,0,0,0,1,0,0
39,390246,2,2,0,0,0,2,2,41,0,3,5,2016,3,9,55,1,2,3,1,2,US-23,CR-72 CHESHIRE RD,76,40.242,-83.051,0,12,6,0,2,3,0,1,1,1,0,1,0,0,9,55,10,2,10,32,0,0,0,1,0,0
39,390248,2,2,0,0,0,6,6,89,0,10,5,2016,3,22,49,1,1,2,1,3,SR-161,,28,40.08,-82.691,0,12,2,0,1,1,0,1,2,1,0,1,0,0,22,53,23,4,23,43,0,0,0,1,0,1
39,390253,1,1,0,0,0,1,1,55,0,1,5,2016,1,21,55,1,1,3,1,3,SR-44,,88,41.469,-81.194,0,11,0,0,1,1,0,1,2,1,0,1,0,0,21,57,22,8,22,32,0,0,0,1,1,2
39,390254,2,2,0,0,0,2,2,49,0,11,5,2016,4,2,47,1,1,1,1,1,I-71,,13,39.82,-83.172,0,1,0,0,1,1,0,1,2,1,0,1,0,0,2,50,3,5,3,35,19,0,0,1,0,1
39,390256,1,1,0,0,0,7,7,41,0,6,5,2016,6,17,0,1,1,1,1,1,I-71,,151,40.333,-82.887,0,1,0,0,1,1,0,4,1,1,0,1,0,0,18,3,18,29,19,6,0,0,0,1,0,1
39,390264,1,1,0,0,0,1,1,139,0,13,5,2016,6,14,22,0,2,5,1,3,SR-97,,19,40.68,-82.59,0,42,0,0,1,1,0,4,1,1,0,1,0,0,14,6,14,8,14,44,0,0,0,1,0,2
39,390271,1,1,0,0,0,1,1,79,0,15,5,2016,1,18,40,0,1,7,2,4,CR-19,,0,38.932,-82.675,0,35,0,0,1,1,0,4,1,1,0,1,0,0,18,44,18,54,88,88,0,0,0,1,1,2
39,390275,1,1,0,0,0,1,1,151,6348,3,5,2016,3,3,35,1,1,3,1,2,US-30,,298,40.736,-81.135,0,52,0,0,1,1,0,4,2,10,0,10,0,0,3,45,3,47,88,88,0,0,0,1,1,0
39,390277,1,1,0,0,0,1,1,139,0,12,5,2016,5,19,41,0,2,5,1,3,SR-61,,48,40.863,-82.663,0,21,0,0,1,1,0,4,1,10,0,10,0,0,19,41,19,46,88,88,0,0,0,1,1,2
39,390278,2,2,0,0,0,3,3,39,0,14,5,2016,7,18,30,0,1,5,1,3,SR-15,CR-17 WATSON RD,187,41.238,-84.342,0,12,6,0,2,2,0,1,1,1,0,1,0,0,18,30,18,36,19,2,0,0,0,1,0,0
39,390280,2,2,0,0,0,4,4,127,0,15,5,2016,1,16,17,0,1,4,1,3,SR-13,,353,39.857,-82.395,0,12,7,0,1,1,0,1,1,1,0,1,0,0,16,17,16,25,17,31,0,0,0,1,0,2
39,390283,1,1,0,0,0,2,2,47,0,11,5,2016,4,19,47,0,1,5,1,3,SR-41,,47,39.437,-83.42,0,34,0,0,1,1,0,4,1,1,0,1,0,0,19,49,19,58,20,30,0,0,0,1,0,1
39,390284,1,1,0,1,1,2,2,7,3770,14,5,2016,7,22,20,0,1,5,1,3,SR-46,,153,41.717,-80.786,0,8,0,0,1,1,0,1,2,2,0,2,0,0,22,35,22,38,88,88,0,0,0,1,0,1
39,390287,3,3,0,0,0,3,3,141,0,24,5,2016,3,12,35,0,1,4,1,2,US-50,,168,39.333,-83.095,0,12,2,0,1,1,0,1,1,1,0,1,0,0,12,48,13,19,13,40,0,0,0,1,0,2
39,390294,1,1,0,0,0,1,1,23,5273,20,5,2016,6,19,25,1,1,3,1,3,SR-4,,247,40.019,-83.674,0,42,0,0,1,1,0,4,1,2,0,2,0,0,19,20,19,31,88,88,0,0,0,1,0,2
39,390298,2,2,0,0,0,6,6,155,0,13,4,2016,4,20,24,1,2,3,1,3,SR-46,HIGHLAND TERRACE BLVD,61,41.216,-80.74,0,12,8,0,2,2,0,1,3,1,0,1,0,0,20,23,20,31,20,40,0,0,0,1,0,1
39,390301,2,2,0,0,0,2,2,95,4840,25,3,2016,6,15,7,1,2,2,1,2,US-24,,140,41.554,-83.685,0,12,1,1,18,1,0,1,1,1,0,1,0,0,15,9,15,18,15,53,0,0,0,1,0,1
39,390304,3,3,0,0,0,4,4,61,2523,8,4,2016,6,3,32,1,2,1,1,1,I-75,,132,39.24,-84.451,0,12,2,0,1,1,0,1,3,10,0,10,0,0,3,35,3,46,4,25,0,0,0,3,1,2
39,390305,2,2,0,0,0,2,2,23,1710,24,5,2016,3,13,13,0,1,5,1,3,SR-72,HIGH ST,1,39.799,-83.824,0,12,6,0,2,3,0,1,1,1,0,1,0,0,13,13,13,22,13,55,0,0,0,1,1,2
39,390306,1,1,0,0,0,1,1,129,0,26,5,2016,5,17,25,0,1,5,1,3,SR-138,,37,39.551,-83.111,0,38,0,0,1,1,0,4,1,10,0,10,0,0,17,27,17,39,88,88,0,0,0,1,0,1
39,390307,4,4,0,0,0,4,4,143,0,16,5,2016,2,15,2,0,1,4,1,3,SR-53,,174,41.454,-83.054,0,12,8,0,1,1,0,1,1,1,0,1,0,0,14,59,15,14,88,88,0,0,0,1,0,2
39,390308,2,2,0,0,0,5,5,163,0,18,5,2016,4,13,45,0,1,5,1,3,SR-56,SR-93,32,39.379,-82.462,0,12,6,0,2,2,0,1,1,10,0,10,0,0,13,47,13,55,88,88,0,0,0,4,0,2
39,390309,2,2,0,0,0,2,2,49,0,19,5,2016,5,13,47,1,2,1,1,1,I-270,SR-161,306,40.082,-82.909,0,12,7,1,20,1,0,1,1,1,0,1,0,0,13,49,13,49,88,88,0,0,0,1,0,2
39,390310,3,3,0,0,0,4,4,49,1800,20,5,2016,6,22,57,1,2,1,1,1,I-71,,171,39.958,-82.983,0,12,2,0,1,1,0,1,3,2,0,2,0,0,23,0,23,7,23,21,0,0,0,1,1,1
39,390312,2,2,0,0,0,4,4,27,0,26,5,2016,5,13,33,1,1,1,1,1,I-71,,57,39.502,-83.895,0,12,6,0,1,1,0,1,1,1,0,1,0,0,13,34,14,7,14,30,0,0,0,1,0,1
39,390315,1,1,0,0,0,2,2,167,0,23,5,2016,2,17,43,0,1,5,1,3,SR-821,,112,39.563,-81.412,0,35,0,0,1,1,0,4,1,1,0,1,0,0,17,54,18,13,18,46,0,0,0,1,0,1
39,390316,1,1,0,0,0,2,2,43,0,25,5,2016,4,17,4,1,2,2,1,3,SR-2,,212,41.367,-82.514,0,34,0,0,1,1,0,4,1,1,0,1,0,0,17,14,17,18,17,40,0,0,0,1,0,2
39,390324,1,1,0,0,0,1,1,73,0,2,6,2016,5,14,41,0,1,5,1,3,SR-56,,85,39.414,-82.618,0,34,0,0,1,1,0,4,1,10,0,10,0,0,14,44,14,54,15,43,0,0,0,1,0,2
39,390325,3,3,0,0,0,4,4,171,0,27,5,2016,6,15,40,1,1,3,1,2,US-20,LAKESHORE DR,148,41.666,-84.543,0,12,1,0,2,3,0,1,1,1,0,1,0,0,15,48,16,8,16,42,0,0,0,1,0,0
39,390327,1,1,0,0,0,2,2,129,0,28,5,2016,7,22,31,0,1,7,2,4,CR-3,,0,39.785,-83.232,0,32,0,0,1,1,0,4,2,1,0,1,0,0,22,32,22,43,88,88,0,0,0,2,1,2
39,390328,6,4,2,1,2,8,9,35,1680,2,6,2016,5,21,50,1,2,1,1,1,I-90,,218,41.544,-81.618,0,14,0,0,1,1,0,1,3,1,0,1,0,0,21,57,22,2,22,30,15,19,0,1,0,0
39,390329,2,2,0,0,0,3,3,21,0,24,4,2016,1,20,13,0,1,5,1,3,SR-29,TR-34 CHURCH RD,113,40.191,-83.839,0,12,6,0,2,2,0,1,1,1,0,1,0,0,20,13,20,26,21,8,0,0,0,1,1,2
39,390337,2,2,0,0,0,3,3,47,0,23,5,2016,2,15,59,0,1,4,1,2,US-22,,142,39.547,-83.326,0,12,2,0,1,1,0,1,1,10,0,10,0,0,16,2,16,18,16,42,0,0,0,2,0,0
39,390338,1,1,0,0,0,1,1,135,0,29,5,2016,1,14,47,0,1,5,1,2,US-40,,62,39.842,-84.697,0,35,0,0,1,1,0,4,1,1,0,1,0,0,18,48,19,0,88,88,0,0,0,1,0,0
39,390339,2,2,0,0,0,2,2,83,0,3,6,2016,6,18,30,0,2,4,1,3,SR-3,TR-267,217,40.44,-82.446,0,12,6,0,2,3,0,1,1,1,0,1,0,0,18,33,18,41,18,55,0,0,0,1,1,2
39,390340,1,1,0,0,0,2,2,93,0,28,5,2016,7,14,4,1,2,2,1,3,SR-10,,23,41.352,-82.028,0,5,0,1,18,1,0,1,1,1,0,1,0,0,14,6,14,25,14,48,0,0,0,1,0,2
39,390341,1,1,0,0,0,2,2,43,0,29,5,2016,1,14,44,0,1,4,1,3,SR-4,,21,41.317,-82.77,0,5,0,0,1,1,0,4,1,1,0,1,0,0,14,39,14,50,15,13,0,0,0,1,0,2
39,390342,2,2,0,0,0,7,7,57,0,2,6,2016,5,15,47,1,2,3,1,3,SR-4,TR-7 BATH RD,15,39.818,-84.074,0,12,6,0,2,3,0,1,1,10,0,10,0,0,15,38,15,46,16,14,0,0,0,1,1,2
39,390346,2,2,0,0,0,3,3,25,0,22,5,2016,1,18,20,1,1,3,1,3,SR-125,SUGARTREE RD,119,38.988,-84.126,0,12,6,0,2,2,0,1,1,1,0,1,0,0,18,25,18,32,19,30,0,0,0,1,0,2
39,390347,3,3,0,0,0,8,8,101,4740,5,6,2016,1,18,59,0,1,4,1,3,SR-309,CR-162,140,40.605,-83.17,0,12,6,0,2,2,0,1,1,1,0,1,0,0,19,3,19,4,19,21,0,0,0,1,0,1
39,390351,2,2,0,0,0,2,2,89,3100,11,6,2016,7,16,49,0,1,5,1,3,SR-37,SR-16,173,40.063,-82.524,0,12,1,0,3,2,0,1,1,1,0,1,0,0,16,52,16,54,88,88,0,0,0,1,0,1
39,390354,1,1,0,1,1,2,2,25,0,30,5,2016,2,22,0,0,1,5,1,3,SR-133,,63,38.865,-84.094,0,8,0,0,1,1,0,1,2,1,0,1,0,0,22,14,22,31,22,54,0,0,0,1,0,2
39,390356,1,1,0,0,0,1,1,97,0,12,6,2016,1,4,28,0,2,5,1,3,SR-38,,153,39.91,-83.454,0,1,0,0,1,1,0,4,2,1,0,1,0,0,4,35,4,59,5,30,0,0,0,1,1,2
39,390362,1,1,0,0,0,1,1,95,7980,10,6,2016,6,2,35,1,2,3,1,2,US-20,,108,41.672,-83.668,0,33,0,0,1,1,0,4,2,1,0,1,0,0,2,40,2,48,88,88,0,0,0,1,1,0
39,390365,2,2,0,0,0,2,2,165,0,25,5,2016,4,15,58,0,2,5,1,2,US-22,ZOAR RD,71,39.351,-84.191,0,12,6,0,2,2,0,1,1,10,0,10,0,0,16,6,16,24,16,57,0,0,0,1,0,0
39,390368,2,2,0,0,0,6,6,89,0,15,6,2016,4,17,0,0,2,4,1,3,SR-13,,74,40.027,-82.403,0,12,2,0,1,1,0,1,1,1,0,1,0,0,17,11,17,18,17,51,0,0,0,1,0,2
39,390371,2,2,0,0,0,4,4,79,0,11,6,2016,7,18,36,1,1,3,1,2,US-35,CR-41 DIXON RUN RD,205,38.976,-82.521,0,12,6,0,2,2,0,1,1,1,0,1,0,0,18,35,18,35,19,20,0,0,0,1,1,0
39,390373,2,2,0,0,0,2,2,25,0,2,6,2016,5,15,9,1,2,3,1,3,SR-125,ROHLING OAKS DR,25,39.06,-84.27,0,12,6,0,2,3,0,1,1,1,0,1,0,0,15,9,15,11,15,26,0,0,0,1,0,2
39,390376,2,2,0,0,0,3,3,45,0,11,6,2016,7,11,35,1,2,4,1,3,SR-37,,110,39.773,-82.574,0,12,2,0,1,1,0,1,1,1,0,1,0,0,11,40,11,45,12,16,0,0,0,1,0,1
39,390378,1,1,0,0,0,1,1,61,0,31,1,2016,1,17,50,1,2,1,1,1,I-275,,1,39.146,-84.819,0,31,0,0,1,1,0,3,1,1,0,1,0,0,17,51,18,4,99,99,0,0,0,1,0,1
39,390382,2,1,1,0,1,1,2,153,70,27,3,2016,1,2,15,1,2,1,1,1,I-76,,122,41.063,-81.489,0,14,0,9,99,1,0,2,3,10,0,10,0,0,2,19,2,26,2,45,23,0,0,1,1,1
39,390389,1,1,0,0,0,1,1,163,0,24,6,2016,6,17,55,0,1,4,1,2,US-50,CR-30 OLD STATE RD,253,39.241,-82.367,0,59,0,0,3,3,0,4,1,1,0,1,0,0,17,56,18,5,88,88,0,0,0,1,1,2
39,390397,2,2,0,0,0,3,3,169,1840,11,6,2016,7,12,5,0,1,5,1,2,US-42,CR-111,33,40.989,-82.086,0,12,6,0,2,2,0,1,1,1,0,1,0,0,12,7,12,14,14,20,0,0,0,1,0,0
39,390398,2,2,0,0,0,4,4,127,0,16,6,2016,5,17,6,0,1,4,1,3,SR-13,,339,39.839,-82.396,0,12,2,0,1,1,0,1,1,10,0,10,0,0,17,8,17,14,18,15,0,0,0,1,0,2
39,390402,1,1,0,0,0,1,1,107,1430,21,6,2016,3,12,28,1,2,3,1,3,SR-29,,148,40.56,-84.532,0,32,0,0,1,1,0,4,1,99,0,99,0,0,12,29,12,32,88,88,0,0,0,1,0,2
39,390403,2,2,0,0,0,2,2,73,0,21,6,2016,3,6,0,0,1,5,1,3,SR-93,,156,39.573,-82.382,0,12,2,0,1,1,0,1,4,1,0,1,0,0,6,4,6,12,6,35,0,0,0,1,0,0
39,390404,2,2,0,0,0,4,4,151,0,15,6,2016,4,17,20,1,2,3,1,3,SR-21,TR-364 ARCADIA ST,191,40.885,-81.615,0,12,6,0,2,2,0,1,1,1,0,1,0,0,17,25,17,33,18,11,0,0,0,1,0,2
39,390405,2,2,0,0,0,2,2,49,1800,22,6,2016,4,10,54,1,2,1,1,1,I-70,,162,39.954,-82.963,0,1,0,0,1,1,0,1,1,10,0,10,0,0,10,57,11,9,88,88,0,0,0,1,0,0
39,390407,2,2,0,0,0,4,4,133,0,16,6,2016,5,9,45,1,2,3,1,3,SR-5,SR-59,47,41.156,-81.205,0,12,2,0,2,2,4,1,1,1,0,1,0,0,9,56,10,4,10,39,0,0,0,1,1,1
39,390408,2,2,0,0,0,3,3,113,0,29,6,2016,4,6,31,1,2,3,1,2,US-35,,64,39.746,-84.361,0,12,2,0,1,1,0,1,1,1,0,1,0,0,6,37,6,48,7,8,0,0,0,2,0,0
39,390409,1,1,0,1,1,1,1,151,1320,30,6,2016,5,1,27,1,2,3,1,3,SR-43,30TH ST,152,40.831,-81.366,0,8,0,0,2,2,0,1,3,1,0,1,0,0,1,33,1,39,1,52,0,0,0,1,0,2
39,390415,1,1,0,0,0,1,1,35,1680,1,6,2016,4,0,45,1,2,1,1,1,I-71,,188,41.474,-81.692,0,24,0,1,5,1,0,4,3,1,0,1,0,0,0,48,0,52,88,88,0,0,0,1,1,1
39,390421,2,2,0,0,0,4,4,95,8120,7,5,2016,7,18,54,1,2,1,1,1,I-280,,56,41.689,-83.515,0,1,0,1,5,1,0,3,1,1,0,1,0,0,18,57,19,3,19,29,14,0,0,1,0,1
39,390426,1,1,0,0,0,1,1,159,3798,23,6,2016,5,21,38,0,1,5,1,3,SR-161,,108,40.114,-83.301,0,43,0,0,1,1,0,4,2,10,0,10,0,0,21,37,21,39,22,6,0,0,0,1,1,1
39,390430,2,2,0,0,0,3,3,113,8360,6,7,2016,4,5,20,1,2,1,1,1,I-75,,206,39.897,-84.188,0,12,1,0,1,1,0,1,3,1,0,1,0,0,5,22,5,25,88,88,0,0,0,1,0,2
39,390436,2,2,0,0,0,2,2,171,0,24,6,2016,6,22,51,1,1,3,1,2,US-6,SR-576,102,41.441,-84.612,0,12,6,0,2,2,0,1,2,10,0,10,0,0,23,1,23,20,0,17,0,0,0,1,1,0
39,390438,1,1,0,0,0,2,2,51,0,25,6,2016,7,0,10,0,1,5,1,3,SR-120,,92,41.709,-84.004,0,34,0,0,1,1,0,4,2,1,0,1,0,0,0,29,0,45,1,14,0,0,0,1,0,1
39,390442,1,1,0,0,0,4,4,149,0,27,6,2016,2,13,17,1,1,1,1,1,I-75,,127,40.37,-84.161,0,1,0,0,1,1,0,3,1,1,0,1,0,0,13,31,13,57,14,27,0,0,0,1,0,2
39,390443,2,2,0,0,0,3,3,99,865,30,6,2016,5,22,18,1,2,3,1,2,US-224,TIFFANY BLVD,196,41.024,-80.63,0,12,1,0,3,2,0,1,3,1,0,1,0,0,22,19,22,23,22,45,20,0,0,1,1,0
39,390445,2,2,0,0,0,2,2,37,3180,29,6,2016,4,7,22,0,2,4,1,3,SR-121,US-127 ENTRANCE RAMP,188,40.127,-84.605,0,12,6,1,2,3,0,1,1,1,0,1,0,0,7,24,7,29,88,88,0,0,0,1,0,2
39,390446,1,1,0,0,0,2,2,155,8440,6,7,2016,4,20,51,1,1,3,1,3,SR-82,,237,41.242,-80.642,0,35,0,0,1,1,0,4,5,2,0,2,0,0,20,47,20,59,21,15,0,0,0,1,0,2
39,390452,1,1,0,0,0,4,4,173,0,11,6,2016,7,4,36,1,1,1,1,1,I-75,,208,41.478,-83.622,0,25,0,0,1,1,4,3,2,1,0,1,0,0,4,35,4,41,5,22,0,0,0,1,1,2
39,390453,4,4,0,0,0,6,6,51,0,23,6,2016,5,20,14,1,1,1,1,1,I-80,,98,41.591,-84.198,0,12,1,0,1,1,0,1,1,1,0,1,0,0,20,51,20,56,21,29,3,27,0,1,0,0
39,390455,3,3,0,0,0,5,5,93,170,2,7,2016,7,7,9,0,1,4,1,3,SR-113,SR-58,75,41.367,-82.21,0,12,1,0,3,2,0,1,1,10,0,10,0,0,7,9,7,28,7,53,0,0,0,2,0,1
39,390456,3,3,0,0,0,4,4,99,0,7,7,2016,5,14,55,0,1,5,1,3,SR-165,SR-626,218,40.945,-80.968,0,12,6,0,2,2,0,1,1,10,0,10,0,0,15,7,15,19,15,57,0,0,0,1,0,2
39,390459,3,3,0,0,0,5,5,151,0,25,6,2016,7,9,16,1,2,2,1,2,US-30,,119,40.779,-81.418,0,12,6,0,7,1,0,3,1,1,0,1,0,0,9,25,9,29,9,46,14,0,0,1,0,0
39,390462,1,1,0,0,0,5,5,67,0,2,7,2016,7,16,25,1,1,3,1,2,US-250,,69,40.335,-81.182,0,34,0,0,1,1,0,4,1,1,0,1,0,0,16,25,16,38,17,15,0,0,0,1,1,0
39,390463,1,1,0,0,0,1,1,31,0,6,6,2016,2,18,33,0,1,5,1,3,SR-60,,90,40.275,-82.046,0,30,0,0,1,1,0,4,1,2,0,2,0,0,18,34,18,40,88,88,0,0,0,1,1,2
39,390465,1,1,0,0,0,1,1,43,0,28,6,2016,3,18,24,1,1,1,1,1,I-80,,21,41.347,-82.801,0,25,0,0,1,1,0,3,1,1,0,1,0,0,18,27,18,48,18,55,0,0,0,1,0,0
39,390466,2,2,0,0,0,2,2,25,0,29,6,2016,4,18,40,0,2,4,1,2,US-50,,53,39.136,-84.235,0,12,1,0,1,1,0,1,1,1,0,1,0,0,18,45,18,52,88,88,0,0,0,1,1,2
39,390468,1,1,0,0,0,1,1,49,1800,16,7,2016,7,1,43,1,2,1,1,1,I-70,,165,39.951,-82.944,0,25,0,0,1,1,0,3,3,1,0,1,0,0,1,45,1,52,88,88,0,0,0,1,1,0
39,390470,2,1,1,0,1,2,3,59,0,1,7,2016,6,2,21,1,2,1,1,1,I-70,,72,40.007,-81.602,0,14,0,0,1,1,0,4,2,1,0,1,0,0,2,22,2,35,2,52,0,0,0,1,1,0
39,390471,1,1,0,0,0,2,2,117,0,3,7,2016,1,23,6,0,1,5,1,3,SR-61,,78,40.468,-82.821,0,59,0,0,1,1,0,4,2,10,0,10,0,0,23,3,23,11,0,11,0,0,0,1,0,2
39,390478,2,2,0,0,0,3,3,123,0,9,7,2016,7,15,18,0,1,5,1,3,SR-19,CR-24,92,41.592,-83.145,0,12,6,0,2,2,0,1,1,1,0,1,0,0,15,21,15,45,16,18,0,0,0,1,0,2
39,390479,2,2,0,0,0,6,6,63,0,28,6,2016,3,7,37,0,1,6,2,4,CR-4,CR-157,0,40.905,-83.515,0,12,6,0,2,2,0,1,1,1,0,1,0,0,7,41,7,54,8,44,0,0,0,1,0,2
39,390481,1,1,0,0,0,1,1,69,0,24,6,2016,6,23,15,0,1,6,27,3,SR-18,,37,41.253,-84.155,0,43,0,0,1,1,0,4,2,1,0,1,0,142331E,23,16,23,23,0,55,0,0,0,1,1,2
39,390485,1,1,0,0,0,1,1,7,3770,14,7,2016,5,15,27,0,1,7,2,4,CR-16,,0,41.789,-80.726,0,34,0,0,1,1,0,4,1,1,0,1,0,0,15,28,15,33,15,52,0,0,0,1,1,2
39,390490,4,4,0,0,0,6,6,133,0,8,7,2016,6,13,3,1,2,3,1,3,SR-59,,59,41.159,-81.281,0,12,2,0,8,1,0,1,1,1,0,1,0,0,13,6,13,8,99,99,0,0,0,1,0,2
39,390492,1,1,0,0,0,1,1,95,8120,9,7,2016,7,22,0,1,2,1,1,1,I-75,,91,41.696,-83.501,0,25,0,0,1,1,0,4,3,1,0,1,0,0,22,2,22,15,22,32,0,0,0,1,1,2
39,390495,2,2,0,0,0,2,2,147,0,11,7,2016,2,17,0,1,1,3,1,3,SR-18,,69,41.133,-83.31,0,12,2,0,1,1,0,1,1,1,0,1,0,0,17,4,17,21,88,88,0,0,0,1,0,2
39,390498,1,1,0,0,0,2,2,103,0,16,7,2016,7,2,48,1,2,1,1,1,I-76,,22,41.033,-81.862,0,59,0,1,5,1,0,8,2,1,0,1,0,0,2,43,2,53,3,40,0,0,0,1,1,1
39,390499,1,1,0,0,0,3,3,145,0,16,7,2016,7,18,47,0,1,5,1,3,SR-104,,114,38.872,-83.024,0,30,0,0,1,1,0,4,1,1,0,1,0,0,19,6,19,9,20,6,0,0,0,2,0,2
39,390502,1,1,0,0,0,1,1,31,0,23,7,2016,7,18,1,0,1,5,1,3,SR-79,,125,40.346,-82.065,0,21,0,0,1,1,0,1,1,1,0,1,0,0,18,4,18,13,88,88,0,0,0,1,1,1
39,390507,1,1,0,1,1,1,1,165,0,16,7,2016,7,22,40,0,1,5,1,3,SR-28,,6,39.262,-84.086,0,8,0,0,1,1,0,1,2,1,0,1,0,0,22,42,22,48,0,30,0,0,0,1,0,2
39,390509,1,1,0,0,0,1,1,35,7040,14,7,2016,5,22,40,1,2,1,1,1,I-90,,55,41.475,-81.863,0,24,0,0,1,1,0,4,3,1,0,1,0,0,23,48,23,53,0,5,0,0,0,1,1,0
39,390513,1,1,0,0,0,1,1,133,0,22,7,2016,6,0,15,0,1,5,1,3,SR-88,SR-303,70,41.236,-81.147,0,34,0,0,3,4,0,4,2,1,0,1,0,0,0,22,0,29,88,88,0,0,0,1,1,1
39,390514,2,2,0,0,0,2,2,65,0,17,6,2016,6,1,32,0,1,5,1,3,SR-117,TR 39 HIGH ST,39,40.559,-83.835,0,12,6,0,2,2,0,1,2,1,0,1,0,0,1,36,1,46,2,27,0,0,0,1,1,2
39,390515,5,5,0,0,0,5,5,95,8120,21,6,2016,3,18,12,1,2,1,1,1,I-75,,57,41.688,-83.559,0,12,1,0,1,1,1,1,1,1,0,1,0,0,18,15,18,22,88,88,14,0,0,1,0,2
39,390523,2,2,0,0,0,2,2,25,8990,17,7,2016,1,14,8,0,1,5,1,3,SR-133,TWIN BRIDGES RD,193,39.036,-84.043,0,12,6,0,2,3,0,1,1,1,0,1,0,0,14,7,14,13,88,88,0,0,0,1,0,2
39,390527,2,2,0,0,0,3,3,49,1800,29,7,2016,6,21,51,1,2,2,1,2,US-33,,219,39.928,-82.925,0,12,2,0,1,1,0,1,3,1,0,1,0,0,21,54,21,58,22,10,0,0,0,1,1,0
39,390529,2,2,0,0,0,2,2,5,7928,22,7,2016,6,17,25,1,1,3,1,2,US-224,,91,41.028,-82.241,0,12,8,0,1,1,0,1,1,1,0,1,0,0,17,35,17,58,19,8,0,0,0,1,0,0