STATE,ST_CASE,VE_TOTAL,VE_FORMS,PVH_INVL,PEDS,PERNOTMVIT,PERMVIT,PERSONS,COUNTY,CITY,DAY,MONTH,YEAR,DAY_WEEK,HOUR,MINUTE,NHS,RUR_URB,FUNC_SYS,RD_OWNER,ROUTE,TWAY_ID,TWAY_ID2,MILEPT,LATITUDE,LONGITUD,SP_JUR,HARM_EV,MAN_COLL,RELJCT1,RELJCT2,TYP_INT,WRK_ZONE,REL_ROAD,LGT_COND,WEATHER1,WEATHER2,WEATHER,SCH_BUS,RAIL,NOT_HOUR,NOT_MIN,ARR_HOUR,ARR_MIN,HOSP_HR,HOSP_MN,CF1,CF2,CF3,FATALS,DRUNK_DR,RANK
39,390541,1,1,0,0,0,2,2,73,0,20,7,2016,4,19,4,0,1,5,1,3,SR-180,,154,39.552,-82.507,0,11,0,0,1,1,0,1,1,10,0,10,0,0,19,8,19,15,19,33,0,0,0,1,0,1
39,390542,2,2,0,0,0,2,2,159,0,21,7,2016,5,19,4,1,1,3,1,2,US-42,,59,40.178,-83.215,0,12,8,0,1,1,0,1,1,10,0,10,0,0,19,2,19,6,19,39,0,0,0,1,1,0
39,390545,2,2,0,0,0,5,5,41,7950,25,7,2016,2,14,38,1,1,3,1,3,SR-3,SUNBURY MEADOWS DR,79,40.237,-82.874,0,12,6,0,2,3,0,1,1,1,0,1,0,0,14,37,14,38,15,12,0,0,0,1,0,2
39,390552,2,2,0,0,0,5,5,171,0,26,7,2016,3,18,14,1,1,3,1,3,SR-15,,121,41.531,-84.556,0,12,6,0,1,1,0,1,1,1,0,1,0,0,18,17,18,20,18,47,0,0,0,1,0,0
39,390554,1,1,0,0,0,1,1,129,0,27,7,2016,4,18,9,0,1,5,1,3,SR-56,,336,39.469,-82.736,0,35,0,0,1,1,0,4,1,1,0,1,0,0,18,13,18,25,88,88,0,0,0,1,1,2
39,390556,2,2,0,0,0,2,2,133,372,1,8,2016,2,13,6,0,1,4,1,2,US-224,,143,41.024,-81.13,0,12,2,0,1,1,0,1,1,1,0,1,0,0,13,28,13,50,15,4,0,0,0,1,0,0
39,390557,1,1,0,0,0,1,1,7,330,1,8,2016,2,10,26,0,2,4,1,3,SR-84,,156,41.868,-80.75,0,42,0,0,1,1,0,4,1,1,0,1,0,0,10,26,10,31,88,88,0,0,0,1,0,2
39,390559,1,1,0,0,0,1,1,51,0,29,7,2016,6,7,54,0,1,5,1,3,SR-64,,0,41.688,-83.913,0,31,0,0,1,1,0,4,1,1,0,1,0,0,7,54,7,57,88,88,0,0,0,1,1,2
39,390561,2,2,0,0,0,2,2,123,0,5,8,2016,6,17,28,1,2,3,1,3,SR-51,TR-65 HELLWIG RD,79,41.545,-83.379,0,12,6,0,2,2,0,1,1,1,0,1,0,0,17,28,17,33,88,88,0,0,0,1,0,2
39,390564,1,1,0,0,0,1,1,7,7325,7,8,2016,1,0,45,0,1,4,1,3,SR-84,,91,41.83,-80.856,0,35,0,0,1,1,0,4,2,1,0,1,0,0,0,49,0,57,88,88,0,0,0,1,1,2
39,390565,1,1,0,1,1,1,1,169,9140,3,6,2016,6,2,8,1,2,4,1,3,SR-3,,96,40.762,-81.986,0,8,0,0,1,1,0,1,2,1,0,1,0,0,2,6,2,15,88,88,0,0,0,1,0,2
39,390567,2,2,0,0,0,2,2,89,5570,5,7,2016,3,5,8,1,2,2,1,3,SR-16,,207,40.062,-82.402,0,12,7,0,5,1,0,1,3,10,0,10,0,0,5,9,5,20,5,33,0,0,0,1,0,2
39,390568,1,1,0,0,0,1,1,151,0,8,7,2016,6,0,40,1,2,3,1,3,SR-43,,207,40.909,-81.357,0,53,0,0,1,1,0,4,2,10,0,10,0,0,0,46,0,57,1,31,0,0,0,1,1,2
39,390572,1,1,0,0,0,1,1,119,0,25,7,2016,2,6,35,1,2,1,1,1,I-70,,132,39.957,-81.991,0,35,0,0,1,1,0,3,1,1,0,1,0,0,6,38,6,41,7,0,0,0,0,1,0,0
39,390573,1,1,0,0,0,2,2,1,0,30,7,2016,7,22,31,0,1,5,1,3,SR-247,,192,38.97,-83.572,0,1,0,0,1,1,0,1,2,1,0,1,0,0,22,34,22,54,23,53,0,0,0,1,0,1
39,390575,2,2,0,0,0,6,6,37,3180,2,8,2016,3,17,13,1,2,2,1,2,US-127,KRUCKEBERG RD,146,40.121,-84.606,0,12,6,1,2,2,0,1,1,1,0,1,0,0,17,18,17,39,18,36,0,0,0,1,0,0
39,390577,1,1,0,0,0,1,1,159,0,5,8,2016,6,12,42,1,1,2,1,2,US-33,,168,40.208,-83.286,0,1,0,0,1,1,0,4,1,1,0,1,0,0,12,37,12,45,13,35,0,0,0,1,0,0
39,390587,1,1,0,0,0,2,2,43,0,16,7,2016,7,22,0,0,1,5,1,3,SR-60,,35,41.323,-82.364,0,18,0,0,1,1,0,1,2,1,0,1,0,0,22,23,22,40,23,20,0,0,0,1,0,2
39,390588,1,1,0,0,0,1,1,5,0,31,7,2016,1,19,48,0,1,5,1,3,SR-39,,68,40.654,-82.265,0,1,0,0,1,1,0,4,1,1,0,1,0,0,19,43,19,47,88,88,0,0,0,1,1,2
39,390590,1,1,0,0,0,1,1,133,0,7,8,2016,1,13,30,1,1,1,1,1,I-80,,81,41.256,-81.239,0,25,0,1,5,1,0,3,1,1,0,1,0,0,13,39,13,54,14,44,0,0,0,1,1,0
39,390595,1,1,0,0,0,1,1,95,6213,25,6,2016,7,0,16,1,2,1,1,1,I-280,,7,41.629,-83.478,0,24,0,0,1,1,0,4,3,1,0,1,0,0,0,18,0,30,88,88,0,0,0,1,1,1
39,390600,2,2,0,0,0,3,3,51,0,4,8,2016,5,9,19,1,1,3,1,2,US-20,,122,41.67,-84.188,0,12,2,0,1,1,0,1,1,1,0,1,0,0,9,27,10,5,10,54,0,0,0,1,0,0
39,390603,2,2,0,0,0,9,9,51,0,10,8,2016,4,14,27,1,1,3,1,3,SR-108,CR-J,87,41.604,-84.159,0,12,6,0,2,2,0,1,1,10,0,10,0,0,14,33,14,49,15,11,0,0,0,1,0,1
39,390604,1,1,0,0,0,4,4,105,7170,14,8,2016,1,18,50,0,1,6,2,4,CR-4,,0,39.092,-82.163,0,34,0,0,1,1,0,4,1,2,0,2,0,0,18,50,19,15,88,88,0,0,0,1,1,2
39,390605,2,2,0,0,0,4,4,71,0,13,8,2016,7,15,1,0,1,5,1,3,SR-136,,56,39.099,-83.665,0,12,6,0,8,1,0,1,1,10,0,10,0,0,15,2,15,16,15,38,0,0,0,1,0,2
39,390607,1,1,0,0,0,1,1,49,2270,7,8,2016,1,14,29,1,2,3,1,2,US-33,,44,40.099,-83.109,0,43,0,0,1,1,0,4,1,1,0,1,0,0,14,31,14,35,88,88,0,0,0,1,0,0
39,390608,1,1,0,0,0,1,1,49,0,12,8,2016,6,11,24,1,2,1,1,1,I-270,US-23,527,39.876,-83.007,0,42,0,1,5,1,0,8,1,1,0,1,0,0,11,27,11,38,11,55,0,0,0,1,0,2
39,390610,2,2,0,0,0,3,3,49,0,14,8,2016,1,23,51,1,2,1,1,1,I-270,,528,39.875,-83.001,0,24,0,1,19,1,0,3,3,10,0,10,0,0,23,55,0,2,0,28,0,0,0,2,1,2
39,390619,10,10,0,0,0,24,24,43,0,14,8,2016,1,14,0,1,1,1,1,1,I-80,,38,41.342,-82.772,0,12,1,0,1,1,1,1,1,10,0,10,0,0,14,10,14,26,15,54,3,0,0,1,0,0
39,390628,2,2,0,0,0,2,2,5,0,18,8,2016,5,3,39,1,1,3,1,2,US-250,,100,40.926,-82.348,0,12,2,0,1,1,0,1,2,10,0,10,0,0,3,41,3,53,4,22,0,0,0,1,1,0
39,390631,1,1,0,0,0,1,1,143,0,16,7,2016,7,16,10,1,2,2,1,2,US-6,,176,41.367,-83.108,0,1,0,0,1,1,0,1,1,1,0,1,0,0,16,18,16,22,17,1,0,0,0,1,0,0
39,390633,1,1,0,1,1,1,1,77,630,18,8,2016,5,17,10,1,2,3,1,2,US-20,ORCHARD ST,6,41.272,-82.828,0,9,0,0,2,3,0,1,1,1,0,1,0,0,17,11,17,14,17,49,0,0,0,1,0,0
39,390635,1,1,0,0,0,1,1,97,0,22,8,2016,2,1,0,0,1,3,1,2,US-42,,187,40.015,-83.31,0,52,0,0,1,1,0,4,2,10,0,10,0,0,0,24,0,32,88,88,0,0,0,1,0,0
39,390643,1,1,0,0,0,1,1,153,6909,29,4,2016,6,22,48,1,2,1,31,1,I-80,,6,41.27,-81.63,0,24,0,1,5,1,0,4,1,1,0,1,0,0,22,54,22,59,23,27,0,0,0,1,1,0
39,390644,2,2,0,3,3,1,1,25,0,28,5,2016,7,4,2,1,2,3,1,3,SR-32,,4,39.089,-84.229,0,8,0,0,1,1,0,1,2,1,0,1,0,0,4,23,4,40,5,7,19,0,0,1,0,2
39,390647,2,2,0,0,0,3,3,63,0,15,7,2016,6,14,44,0,1,4,1,2,US-224,,200,41.064,-83.528,0,12,6,0,8,1,0,1,1,1,0,1,0,0,14,46,14,51,15,16,0,0,0,1,0,0
39,390648,1,1,0,0,0,1,1,31,0,30,7,2016,7,11,58,0,1,4,1,3,SR-83,,137,40.298,-81.872,0,24,0,0,1,1,0,4,1,1,0,1,0,0,11,58,12,0,12,17,0,0,0,1,0,2
39,390649,1,1,0,0,0,1,1,19,0,31,7,2016,1,17,37,0,1,4,1,3,SR-43,,19,40.49,-80.95,0,34,0,0,1,1,0,4,1,1,0,1,0,0,88,88,88,88,88,88,0,0,0,1,0,2
39,390651,2,2,0,0,0,4,4,95,0,19,8,2016,6,15,49,1,2,3,1,3,SR-2,,294,41.642,-83.344,0,12,2,0,1,1,0,1,1,1,0,1,0,0,15,50,15,54,17,27,0,0,0,1,0,2
39,390654,1,1,0,0,0,1,1,47,0,29,8,2016,2,16,22,0,1,4,1,2,US-62,,259,39.686,-83.296,0,34,0,0,1,1,0,4,1,1,0,1,0,0,16,24,16,36,88,88,0,0,0,1,0,0
39,390656,1,1,0,0,0,1,1,137,0,26,8,2016,6,20,46,0,1,4,1,3,SR-108,,44,41.1,-84.131,0,1,0,0,1,1,0,4,3,1,0,1,0,0,20,56,21,5,88,88,0,0,0,1,1,1
39,390667,2,2,0,0,0,2,2,35,8770,1,9,2016,5,9,5,1,2,3,1,2,US-20,,2,41.42,-81.967,0,12,1,0,8,1,0,1,1,1,0,1,0,0,9,10,9,15,9,39,0,0,0,1,0,0
39,390669,2,2,0,0,0,3,3,137,0,26,8,2016,6,11,45,0,1,5,1,3,SR-15,,9,41.155,-84.298,0,12,6,0,8,1,0,1,1,1,0,1,0,0,11,56,12,5,12,51,0,0,0,1,0,0
39,390670,3,3,0,0,0,6,6,41,0,27,8,2016,7,16,37,1,1,3,1,2,US-23,TR-196 PENRY RD,169,40.364,-83.074,0,12,6,0,7,1,0,4,1,1,0,1,0,0,16,39,16,52,16,59,0,0,0,1,0,0
39,390672,2,2,0,0,0,2,2,17,0,6,8,2016,7,17,23,0,1,5,1,3,SR-126,,66,39.332,-84.73,0,12,6,0,8,1,0,1,1,1,0,1,0,0,17,32,17,51,18,17,0,0,0,1,0,2
39,390673,1,1,0,0,0,1,1,113,0,30,8,2016,3,5,3,1,2,1,1,1,I-70,,163,39.865,-84.187,0,25,0,1,5,1,0,4,3,1,0,1,0,0,5,5,5,14,88,88,0,0,0,1,0,0
39,390674,1,1,0,0,0,3,3,59,0,28,8,2016,1,9,8,1,1,1,1,1,I-70,,108,40.003,-81.54,0,35,0,0,1,1,0,4,1,10,0,10,0,0,9,10,9,16,9,38,0,0,0,1,0,0
39,390677,1,1,0,0,0,4,4,153,0,15,6,2016,4,1,40,1,2,1,1,1,I-77,,88,41.018,-81.496,0,35,0,0,8,1,0,4,2,10,0,10,0,0,1,57,2,10,2,28,0,0,0,1,0,0
39,390678,2,2,0,0,0,4,4,161,0,1,9,2016,5,15,0,0,2,4,1,2,US-224,CR-77 LIBERTY UNION RD,92,40.855,-84.629,0,12,2,0,2,2,0,1,1,10,0,10,0,0,15,24,15,52,16,52,0,0,0,1,0,0
39,390679,1,1,0,0,0,1,1,17,0,6,8,2016,7,0,45,1,2,3,1,3,SR-4,,184,39.484,-84.415,0,1,0,0,1,1,0,1,2,1,0,1,0,0,88,88,88,88,88,88,0,0,0,1,1,2
39,390681,5,5,0,0,0,5,5,113,5275,27,7,2016,4,14,59,1,2,1,1,1,I-75,,96,39.722,-84.212,0,12,1,1,18,1,0,1,1,1,0,1,0,0,15,0,15,8,15,26,0,0,0,1,0,2
39,390687,1,1,0,0,0,2,2,171,0,4,9,2016,1,12,10,0,1,5,1,3,SR-34,,275,41.463,-84.348,0,31,0,0,8,1,0,4,1,1,0,1,0,0,12,12,12,25,13,45,0,0,0,1,0,2
39,390689,1,1,0,1,1,2,2,41,0,10,9,2016,7,21,38,1,2,1,1,1,I-71,,28,40.174,-82.957,0,8,0,0,1,1,0,1,2,2,0,2,0,0,21,42,21,50,88,88,0,0,0,1,0,1
39,390691,1,1,0,0,0,4,4,153,6909,24,6,2016,6,23,58,1,2,1,1,1,I-77,,289,41.212,-81.626,0,42,0,0,1,1,0,4,2,1,0,1,0,0,0,1,0,12,88,88,0,0,0,1,1,0
39,390693,3,3,0,0,0,10,10,91,0,4,9,2016,1,16,10,1,1,2,1,2,US-33,CR-37,113,40.429,-83.801,0,12,6,1,2,2,0,1,1,1,0,1,0,0,16,8,16,25,16,59,0,0,0,1,0,0
39,390694,1,1,0,0,0,2,2,93,0,20,8,2016,7,2,35,0,2,3,1,3,SR-57,SR-10 ON RAMP,128,41.331,-82.066,0,33,0,1,5,1,0,8,3,1,0,1,0,0,2,37,2,43,3,8,20,0,0,1,1,2
39,390698,1,1,0,1,1,2,2,77,0,7,9,2016,4,21,33,0,2,4,1,3,SR-61,,22,41.023,-82.679,0,8,0,0,1,1,0,1,2,1,0,1,0,0,21,35,21,43,22,8,0,0,0,1,0,2
39,390711,2,2,0,0,0,2,2,25,0,19,8,2016,6,23,11,0,2,4,1,3,SR-28,BUCKWHEAT RD,37,39.2,-84.226,0,12,6,0,2,3,0,1,2,1,0,1,0,0,23,11,23,16,23,52,0,0,0,1,1,2
39,390712,1,1,0,0,0,1,1,21,0,4,9,2016,1,19,15,0,1,5,1,2,US-36,,251,40.135,-83.569,0,1,0,0,1,1,0,4,1,1,0,1,0,0,99,99,99,99,99,99,0,0,0,1,1,1
39,390713,1,1,0,0,0,1,1,151,6348,6,9,2016,3,19,17,0,1,4,1,3,SR-183,,89,40.781,-81.091,0,34,0,0,1,1,0,4,1,1,0,1,0,0,19,18,19,20,88,88,0,0,0,1,0,2
39,390715,2,2,0,0,0,2,2,153,0,29,7,2016,6,23,7,1,2,1,1,1,I-77,,89,41.017,-81.496,0,12,2,0,1,1,2,1,3,10,0,10,0,0,23,9,23,19,23,49,3,0,0,1,1,0
39,390719,2,1,1,1,1,1,1,93,0,8,9,2016,5,14,14,1,1,1,1,1,I-80,CR-34 GORE ORPHANAGE RD OVRPAS,6,41.345,-82.332,0,8,0,0,1,1,0,4,1,2,0,2,0,0,14,19,14,37,88,88,0,0,0,1,0,0
39,390721,2,2,0,0,0,2,2,175,0,22,9,2016,5,6,4,1,2,3,1,2,US-23,CH-50,128,40.853,-83.264,0,12,1,0,2,2,0,1,2,1,0,1,0,0,7,22,7,40,8,46,0,0,0,1,0,0
39,390723,2,1,1,1,1,1,1,35,1680,15,9,2016,5,12,41,1,2,1,1,1,I-90,,88,41.47,-81.802,0,8,0,1,19,1,0,2,1,1,0,1,0,0,12,47,12,48,13,12,14,0,0,1,0,0
39,390724,5,5,0,0,0,13,13,49,0,16,9,2016,6,15,46,1,2,1,1,1,I-270,,541,39.887,-83.029,0,12,1,0,1,1,0,1,1,1,0,1,0,0,15,47,15,58,16,18,14,0,0,2,0,2
39,390727,2,2,0,0,0,2,2,119,3602,15,9,2016,5,18,34,0,1,5,1,2,US-40,N HOPEWELL RD,31,39.956,-82.171,0,12,6,0,2,2,0,1,1,1,0,1,0,0,18,36,18,38,19,12,0,0,0,1,1,0
39,390731,2,2,0,0,0,2,2,69,0,8,8,2016,2,14,14,0,1,5,1,3,SR-65,SR-281,80,41.284,-83.941,0,12,6,0,2,2,0,1,1,1,0,1,0,0,14,20,14,32,15,25,0,0,0,1,0,0
39,390732,1,1,0,0,0,1,1,115,0,20,8,2016,7,16,17,0,1,4,1,3,SR-60,,25,39.604,-81.717,0,1,0,0,1,1,0,1,1,10,0,10,0,0,16,20,16,30,88,88,0,0,0,1,0,2
39,390733,2,2,0,0,0,7,7,69,0,12,8,2016,6,10,10,0,1,5,1,3,SR-65,SR-281,80,41.284,-83.941,0,12,6,0,2,2,0,1,1,1,0,1,0,0,10,16,10,36,11,1,0,0,0,1,0,0
39,390736,2,2,0,0,0,6,6,157,0,17,9,2016,7,14,10,1,1,3,1,2,US-36,SR-258,15,40.281,-81.591,0,12,6,0,2,3,0,1,1,10,0,10,0,0,14,12,14,16,15,30,0,0,0,1,0,1
39,390737,1,1,0,0,0,1,1,35,6180,19,9,2016,2,10,10,1,2,1,31,1,I-80,,39,41.357,-81.899,0,24,0,0,1,1,0,4,1,1,0,1,0,0,10,14,10,26,88,88,0,0,0,1,0,0
39,390738,1,1,0,0,0,1,1,17,7099,26,9,2016,2,14,0,0,1,5,1,3,SR-128,,47,39.349,-84.601,0,59,0,0,1,1,0,4,1,1,0,1,0,0,14,8,14,13,88,88,0,0,0,1,1,1
39,390739,3,3,0,0,0,8,8,133,0,10,9,2016,7,18,0,1,1,3,1,3,SR-14,CR-154 LAKE ROCKWELL RD,68,41.202,-81.298,0,12,8,0,2,2,0,1,1,2,0,2,0,0,18,28,18,40,19,7,0,0,0,2,0,2
39,390740,2,2,0,0,0,4,4,131,0,16,9,2016,6,22,38,1,2,3,1,3,SR-32,US-23 ON RAMP,151,39.048,-83.025,0,12,6,1,2,2,0,1,3,10,0,10,0,0,22,48,23,9,0,3,0,0,0,1,0,2
39,390741,1,1,0,1,1,1,1,99,2458,20,9,2016,3,8,58,0,1,4,1,3,SR-45,,82,41.049,-80.857,0,8,0,0,1,1,0,1,1,1,0,1,0,0,9,2,9,14,9,47,0,0,0,1,0,0
39,390744,1,1,0,1,1,3,3,113,0,27,9,2016,3,7,9,1,2,3,1,2,US-35,,68,39.746,-84.354,0,8,0,0,1,1,4,4,4,1,0,1,0,0,7,11,7,18,7,47,0,0,0,1,0,0
39,390745,2,2,0,0,0,3,3,63,0,21,9,2016,4,9,35,1,1,3,1,3,SR-15,CR-180,195,40.986,-83.613,0,12,6,0,2,2,0,1,1,1,0,1,0,0,9,40,9,46,10,13,0,0,0,1,0,0
39,390748,2,2,0,0,0,4,4,143,0,22,9,2016,5,19,21,0,1,5,1,3,SR-19,CR-197 LIMERICK RD,22,41.289,-83.052,0,12,6,0,2,2,0,1,5,1,0,1,0,0,19,23,19,29,20,28,0,0,0,1,1,2
39,390750,2,2,0,0,0,3,3,151,6348,12,8,2016,6,16,20,1,1,3,1,2,US-30,,272,40.763,-81.186,0,12,6,0,1,1,0,1,1,10,0,10,0,0,16,20,16,28,16,55,0,0,0,1,0,0
39,390751,1,1,0,1,1,1,1,113,0,25,9,2016,1,4,42,1,2,1,1,1,I-75,CR-218 WAGNER FORD RD OVERPASS,158,39.798,-84.19,0,8,0,1,18,1,0,1,3,1,0,1,0,0,88,88,88,88,88,88,0,0,0,1,0,2
39,390757,1,1,0,0,0,2,2,59,1260,24,9,2016,7,2,20,1,2,3,1,2,US-22,,108,40.052,-81.557,0,30,0,0,1,1,0,4,2,1,0,1,0,0,2,24,2,27,3,0,0,0,0,1,1,0
39,390758,1,1,0,0,0,1,1,113,2090,3,10,2016,2,15,1,1,2,2,1,3,SR-4,,198,39.784,-84.15,0,24,0,0,1,1,0,4,1,1,0,1,0,0,15,1,15,8,15,40,0,0,0,1,0,2
39,390765,2,2,0,0,0,4,4,147,0,1,10,2016,7,12,53,0,1,5,1,3,SR-19,CR-34,192,41.242,-83.054,0,12,6,0,2,2,0,1,1,10,0,10,0,0,13,2,13,16,14,11,0,0,0,1,0,2
39,390771,2,2,0,0,0,2,2,173,0,2,10,2016,1,14,38,1,1,3,1,2,US-6,,149,41.352,-83.607,0,12,6,0,1,1,0,1,1,10,0,10,0,0,14,44,14,51,15,47,0,0,0,1,0,0
39,390774,2,2,0,0,0,3,3,99,0,17,8,2016,4,17,30,0,2,5,1,3,SR-62,12TH ST,38,40.9,-81.012,0,12,11,0,2,3,0,1,1,1,0,1,0,0,17,29,17,36,18,17,0,0,0,1,0,0
39,390775,2,2,0,0,0,4,4,35,1680,15,9,2016,5,15,23,1,2,1,1,1,I-71,143RD STREET OVERPASS,122,41.439,-81.794,0,12,1,0,1,1,0,1,1,1,0,1,0,0,15,29,15,38,16,11,0,0,0,1,0,1
39,390777,3,3,0,0,0,3,3,95,8120,20,9,2016,3,1,30,1,2,1,1,1,I-75,,48,41.678,-83.574,0,12,2,1,18,1,2,1,3,1,0,1,0,0,1,32,1,46,2,26,0,0,0,1,1,2
39,390779,2,2,0,0,0,3,3,113,3622,17,9,2016,7,15,21,1,2,3,1,3,SR-4,NEW CARLISLE PIKE,242,39.852,-84.058,0,12,6,0,2,2,0,1,1,1,0,1,0,0,15,21,15,28,88,88,0,0,0,2,0,2
39,390786,1,1,0,0,0,4,4,117,0,7,10,2016,6,14,9,1,1,1,1,1,I-71,,189,40.561,-82.639,0,34,0,0,1,1,0,4,1,1,0,1,0,0,14,24,14,45,15,19,0,0,0,1,0,1
39,390790,1,1,0,0,0,1,1,35,6360,8,10,2016,7,17,23,0,2,4,1,3,SR-94,,94,41.41,-81.71,0,1,0,0,1,1,0,1,1,1,0,1,0,0,17,24,17,27,17,44,0,0,0,1,1,2
39,390796,2,1,1,2,2,2,2,63,0,8,10,2016,7,8,47,1,2,1,1,1,I-75,,215,41.114,-83.66,0,8,0,0,1,1,1,1,1,1,0,1,0,0,8,48,8,58,9,26,23,14,0,1,0,2
39,390800,1,1,0,1,1,1,1,49,0,13,10,2016,5,6,21,1,2,3,1,2,US-40,,71,39.954,-83.103,0,8,0,0,1,1,0,1,2,10,0,10,0,0,6,24,6,28,88,88,0,0,0,1,0,0
39,390801,2,2,0,0,0,2,2,21,0,13,7,2016,4,5,20,0,1,5,1,2,US-36,,195,40.107,-83.668,0,11,0,0,1,1,0,1,2,1,0,1,0,0,5,31,5,40,6,6,0,0,0,1,0,1
39,390802,2,2,0,0,0,5,5,75,0,13,10,2016,5,13,13,0,1,4,1,3,SR-39,TR-162,296,40.523,-81.714,0,12,6,0,2,3,0,1,1,1,0,1,0,0,13,27,13,44,14,23,0,0,0,1,0,2
39,390806,1,1,0,0,0,3,3,61,0,7,8,2016,1,21,10,0,2,4,1,2,US-50,,9,39.157,-84.806,0,30,0,0,1,1,0,4,3,1,0,1,0,0,21,16,21,28,22,14,0,0,0,1,1,2
39,390807,2,2,0,0,0,2,2,69,5470,13,9,2016,3,19,19,0,1,3,1,2,US-24,CR-17D,4,41.36,-84.221,0,12,6,0,2,2,0,1,1,1,0,1,0,0,19,26,19,38,20,5,0,0,0,1,0,1
39,390809,1,1,0,0,0,1,1,13,0,17,10,2016,2,19,34,1,1,1,1,1,I-70,,134,40.066,-80.98,0,24,0,0,1,1,0,4,1,1,0,1,0,0,19,35,19,40,88,88,0,0,0,1,1,0
39,390811,1,1,0,0,0,2,2,61,1610,24,9,2016,7,17,55,1,2,1,1,1,I-75,,88,39.187,-84.482,0,31,0,0,1,1,0,4,1,1,0,1,0,0,17,55,18,0,18,30,0,0,0,1,0,2
39,390812,2,2,0,0,0,2,2,117,0,18,10,2016,3,13,27,0,1,4,1,3,SR-95,,22,40.587,-82.916,0,12,2,0,1,1,0,1,1,1,0,1,0,0,13,27,13,37,88,88,0,0,0,1,0,1
39,390817,1,1,0,0,0,1,1,49,0,19,10,2016,4,13,51,1,2,1,1,1,I-270,,352,39.904,-83.08,0,52,0,1,5,1,0,4,1,1,0,1,0,0,13,52,13,57,88,88,0,0,0,1,1,2
39,390819,2,2,0,0,0,3,3,145,0,4,10,2016,3,16,44,0,1,5,1,3,SR-140,,115,38.818,-82.723,0,12,6,0,8,1,0,1,1,1,0,1,0,0,16,36,16,38,17,20,0,0,0,2,0,1
39,390820,1,1,0,0,0,1,1,65,0,4,10,2016,3,18,39,0,1,4,1,3,SR-309,,101,40.683,-83.702,0,42,0,0,1,1,0,4,1,1,0,1,0,0,88,88,88,88,88,88,0,0,0,1,1,1
39,390821,1,1,0,1,1,1,1,151,6565,4,10,2016,3,21,57,1,2,3,1,2,US-62,MIDDLEBRANCH AVE NE,250,40.832,-81.347,0,8,0,0,3,2,0,1,2,1,0,1,0,0,23,5,23,10,88,88,0,0,0,1,0,0
39,390822,1,1,0,0,0,2,2,55,1170,5,10,2016,4,19,10,0,1,5,1,3,SR-87,,116,41.471,-81.177,0,11,0,0,1,1,0,1,5,1,0,1,0,0,19,17,19,21,19,30,0,0,0,1,1,1
39,390824,1,1,0,0,0,1,1,31,0,8,10,2016,7,1,35,0,2,5,2,4,CR-16,,0,40.272,-81.809,0,24,0,0,1,1,0,4,2,1,0,1,0,0,1,41,1,46,88,88,0,0,0,1,1,2
39,390825,2,2,0,0,0,6,6,63,0,9,10,2016,1,12,54,0,1,5,1,3,SR-12,CR-16,0,40.97,-83.881,0,12,6,0,2,2,0,1,1,1,0,1,0,0,12,48,13,6,13,42,0,0,0,2,0,2
39,390826,2,2,0,0,0,2,2,109,0,18,10,2016,3,2,58,1,2,1,1,1,I-75,,111,40.074,-84.233,0,12,1,0,1,1,4,1,2,10,0,10,0,0,2,58,3,7,88,88,3,0,0,1,0,2
39,390827,1,1,0,0,0,2,2,49,5550,9,10,2016,1,17,12,1,2,2,1,3,SR-161,,229,40.08,-82.779,0,59,0,0,1,1,0,4,1,1,0,1,0,0,17,14,17,18,17,45,0,0,0,1,0,1
39,390828,1,1,0,0,0,1,1,93,6025,9,10,2016,1,19,1,1,2,1,31,1,I-80,,164,41.38,-82.022,0,18,0,0,1,1,4,1,5,1,0,1,0,0,19,4,19,17,88,88,0,0,0,1,1,0
39,390829,2,2,0,0,0,9,9,55,3648,10,10,2016,2,17,40,0,1,5,1,3,SR-528,CR-13,134,41.563,-81.052,0,12,6,0,2,2,0,1,1,1,0,1,0,0,17,51,18,1,18,21,0,0,0,1,0,1
39,390831,2,2,0,0,0,2,2,119,3602,11,10,2016,3,6,2,1,1,1,1,1,I-70,,60,39.954,-82.122,0,1,0,0,1,1,0,1,2,1,0,1,0,0,6,2,6,13,88,88,14,0,0,1,0,0
39,390832,2,2,0,0,0,2,2,169,0,12,10,2016,4,6,44,1,1,3,1,2,US-250,CR-157,61,40.808,-82.023,0,12,6,0,2,2,0,1,2,1,0,1,0,0,6,47,6,55,7,22,0,0,0,1,0,0
39,390836,2,2,0,0,0,4,4,167,680,18,9,2016,1,20,50,1,1,3,1,2,US-50,CR-26,17,39.261,-81.703,0,12,6,0,2,2,0,1,2,10,0,10,0,0,20,57,21,2,21,55,0,0,0,2,0,2
39,390837,2,2,0,2,2,1,1,15,0,12,10,2016,4,19,49,1,1,3,1,3,SR-32,TR-205,184,38.957,-83.702,0,12,6,0,2,2,0,1,2,1,0,1,0,0,19,52,20,0,88,88,0,0,0,2,0,2
39,390838,1,1,0,0,0,1,1,1,0,16,10,2016,1,15,45,0,1,4,1,3,SR-247,,0,38.74,-83.519,0,32,0,0,1,1,0,4,1,1,0,1,0,0,15,47,16,7,17,13,0,0,0,1,0,1
39,390840,2,2,0,0,0,4,4,107,0,13,10,2016,5,9,52,0,1,5,1,3,SR-118,CR-170 FRAHM PIKE,179,40.597,-84.647,0,12,6,0,2,2,0,1,1,1,0,1,0,0,9,52,10,0,10,20,0,0,0,1,0,2