STATE,ST_CASE,VE_TOTAL,VE_FORMS,PVH_INVL,PEDS,PERNOTMVIT,PERMVIT,PERSONS,COUNTY,CITY,DAY,MONTH,YEAR,DAY_WEEK,HOUR,MINUTE,NHS,RUR_URB,FUNC_SYS,RD_OWNER,ROUTE,TWAY_ID,TWAY_ID2,MILEPT,LATITUDE,LONGITUD,SP_JUR,HARM_EV,MAN_COLL,RELJCT1,RELJCT2,TYP_INT,WRK_ZONE,REL_ROAD,LGT_COND,WEATHER1,WEATHER2,WEATHER,SCH_BUS,RAIL,NOT_HOUR,NOT_MIN,ARR_HOUR,ARR_MIN,HOSP_HR,HOSP_MN,CF1,CF2,CF3,FATALS,DRUNK_DR,RANK
39,390843,1,1,0,0,0,2,2,113,2500,21,10,2016,6,3,10,1,2,1,1,1,I-70,,82,39.855,-84.336,0,34,0,0,1,1,0,4,2,2,0,2,0,0,3,14,3,23,4,6,0,0,0,1,0,0
39,390845,1,1,0,0,0,2,2,111,0,16,10,2016,1,16,46,0,1,5,1,3,SR-145,,256,39.858,-81.033,0,34,0,0,1,1,0,4,1,10,0,10,0,0,16,41,16,57,17,48,0,0,0,1,0,1
39,390847,2,2,0,0,0,5,5,49,3200,17,10,2016,2,9,25,1,2,1,1,1,I-71,,60,39.84,-83.091,0,20,0,1,5,1,4,8,1,1,0,1,0,0,9,23,9,32,10,12,0,0,0,1,0,1
39,390849,2,2,0,0,0,2,2,149,0,19,10,2016,4,22,26,0,1,5,1,3,SR-47,,91,40.289,-84.263,0,12,6,0,1,1,0,1,2,2,0,2,0,0,88,88,88,88,88,88,0,0,0,1,1,2
39,390850,1,1,0,0,0,1,1,29,0,23,10,2016,1,3,40,0,1,5,1,3,SR-14,,144,40.879,-80.601,0,34,0,0,1,1,0,4,2,10,0,10,0,0,3,40,3,46,88,88,0,0,0,1,1,2
39,390855,1,1,0,0,0,1,1,99,0,6,10,2016,5,17,38,1,1,1,1,1,I-76,,9,41.1,-80.985,0,23,0,0,1,1,0,4,1,1,0,1,0,0,17,43,17,46,18,22,0,0,0,1,0,1
39,390856,2,2,0,0,0,3,3,95,0,24,9,2016,7,19,11,0,1,5,1,3,SR-295,NEOWASH RD,51,41.474,-83.826,0,12,6,0,2,2,0,1,1,1,0,1,0,0,19,24,19,41,20,20,0,0,0,1,0,1
39,390857,2,2,0,0,0,2,2,167,680,2,10,2016,1,16,10,1,2,3,1,3,SR-7,TR-97 DRAG STRIP RD,63,39.283,-81.632,0,12,6,0,2,2,0,1,1,10,0,10,0,0,16,12,16,22,16,30,0,0,0,1,0,2
39,390859,1,1,0,0,0,1,1,131,0,22,10,2016,7,7,35,0,1,5,2,4,CR-3,,0,39.12,-83.199,0,32,0,0,1,1,0,4,4,10,0,10,0,0,88,88,88,88,88,88,0,0,0,1,0,2
39,390862,1,1,0,0,0,1,1,53,0,24,10,2016,2,5,54,1,1,2,1,2,US-35,,44,38.893,-82.379,0,24,0,0,1,1,0,4,3,1,0,1,0,0,6,7,6,59,88,88,0,0,0,1,0,0
39,390863,2,2,0,0,0,2,2,145,0,26,10,2016,4,15,26,0,1,5,1,3,SR-104,,99,38.846,-83.017,0,12,2,0,1,1,0,1,1,1,0,1,0,0,15,25,15,30,15,51,0,0,0,1,0,2
39,390864,2,2,0,0,0,4,4,9,0,1,11,2016,3,12,45,1,1,3,1,2,US-50,,365,39.236,-81.771,0,12,1,0,1,1,0,1,1,10,0,10,0,0,12,42,12,49,14,2,0,0,0,1,0,2
39,390865,2,2,0,0,0,2,2,39,0,23,10,2016,1,21,51,1,1,3,1,2,US-24,,127,41.344,-84.258,0,12,1,0,1,1,0,1,2,1,0,1,0,0,21,51,22,0,88,88,0,0,0,1,0,1
39,390867,2,2,0,0,0,4,4,45,0,25,10,2016,3,6,40,0,1,5,1,3,SR-204,,169,39.893,-82.487,0,12,2,0,1,1,0,1,2,1,0,1,0,0,6,40,6,55,7,25,0,0,0,2,0,2
39,390868,1,1,0,0,0,2,2,41,735,28,10,2016,6,20,42,1,1,1,1,1,I-71,,86,40.249,-82.929,0,34,0,0,1,1,0,4,2,1,0,1,0,0,20,44,20,51,21,24,0,0,0,1,0,1
39,390869,2,2,0,0,0,2,2,165,0,29,10,2016,7,15,14,0,1,5,1,2,US-22,MIDDLEBORO RD,144,39.369,-84.064,0,12,6,0,2,2,0,1,1,1,0,1,0,0,15,8,15,14,88,88,0,0,0,1,0,0
39,390870,3,3,0,0,0,8,8,63,0,4,11,2016,6,16,18,1,1,1,1,1,I-75,,14,40.898,-83.859,0,12,1,0,1,1,0,1,1,10,0,10,0,0,16,18,16,29,17,23,0,0,0,1,0,2
39,390871,2,2,0,0,0,2,2,83,0,5,11,2016,7,19,2,1,1,3,1,3,SR-13,,189,40.492,-82.558,0,12,2,0,1,1,0,1,2,1,0,1,0,0,18,58,19,2,88,88,0,0,0,2,0,2
39,390875,2,2,0,0,0,3,3,109,0,6,8,2016,7,13,0,0,2,4,1,2,US-40,FIFTH ST,38,39.902,-84.095,0,12,6,0,2,2,0,1,1,1,0,1,0,0,13,3,13,6,13,44,0,0,0,1,1,0
39,390877,2,1,1,1,1,2,2,171,0,5,11,2016,7,2,5,1,1,1,1,1,I-80,,34,41.628,-84.721,0,14,0,0,1,1,0,1,2,1,0,1,0,0,2,6,2,20,88,88,19,0,0,1,0,0
39,390878,3,3,0,0,0,6,6,61,5260,6,8,2016,7,7,50,1,2,1,1,1,I-71,,177,39.273,-84.348,0,23,0,1,5,1,0,4,1,10,0,10,0,0,8,3,8,20,8,41,14,0,0,2,1,1
39,390884,2,2,0,0,0,2,2,67,0,1,11,2016,3,6,55,1,1,3,1,2,US-22,CR-13,205,40.312,-80.956,0,12,7,0,2,2,0,1,2,1,0,1,0,0,6,53,7,5,88,88,0,0,0,1,0,0
39,390885,1,1,0,0,0,2,2,21,8300,8,11,2016,3,0,45,1,1,3,1,2,US-68,,30,40.06,-83.778,0,34,0,0,1,1,0,4,2,1,0,1,0,0,0,57,1,11,1,43,0,0,0,2,0,0
39,390888,3,3,0,0,0,5,5,165,0,25,9,2016,1,16,57,0,1,4,1,3,SR-48,,0,39.303,-84.213,0,12,6,0,1,1,0,1,1,1,0,1,0,0,17,0,17,8,17,52,0,0,0,1,0,1
39,390891,2,2,0,0,0,8,8,61,5260,5,10,2016,4,21,45,1,2,1,1,1,I-275,,310,39.269,-84.348,0,12,1,0,1,1,0,1,3,10,0,10,0,0,21,45,21,53,88,88,0,0,0,1,1,2
39,390896,2,1,1,0,0,1,1,165,2710,4,11,2016,6,9,27,0,2,5,1,3,SR-123,,259,39.527,-84.275,0,34,0,0,1,1,0,4,1,10,0,10,0,0,9,27,9,33,9,57,0,0,0,1,0,2
39,390898,2,2,0,0,0,5,5,99,0,29,10,2016,7,13,8,0,1,4,1,2,US-62,,47,40.987,-80.806,0,12,6,0,8,1,0,1,1,10,0,10,0,0,12,57,13,3,13,36,0,0,0,1,0,0
39,390906,1,1,0,1,1,1,1,113,3622,1,11,2016,3,16,25,0,2,4,1,3,SR-201,TR118 KITRIDGE RD,49,39.826,-84.122,0,8,0,0,3,2,0,1,1,1,0,1,0,0,16,25,16,26,17,13,0,0,0,1,0,2
39,390913,1,1,0,0,0,1,1,173,0,9,11,2016,4,5,40,1,1,1,1,1,I-75,SR-582 OVERPASS,204,41.458,-83.622,0,24,0,1,19,1,0,4,2,1,0,1,0,0,5,41,5,51,88,88,0,0,0,1,0,2
39,390916,1,1,0,0,0,1,1,55,3648,29,10,2016,7,21,33,0,1,5,1,3,SR-528,,134,41.563,-81.052,0,53,0,0,1,1,0,4,3,1,0,1,0,0,21,36,21,43,88,88,0,0,0,1,0,1
39,390918,1,1,0,0,0,2,2,111,0,5,11,2016,7,17,41,1,1,3,1,3,SR-7,,44,39.59,-80.98,0,52,0,0,1,1,0,4,1,1,0,1,0,0,17,45,18,4,19,52,0,0,0,1,0,2
39,390920,1,1,0,0,0,2,2,3,0,10,11,2016,5,5,0,0,1,5,1,3,SR-115,STATE RD,18,40.817,-84.13,0,59,0,0,1,1,0,4,2,1,0,1,0,0,5,28,5,33,6,1,0,0,0,1,1,2
39,390921,1,1,0,0,0,1,1,61,7450,2,9,2016,6,21,41,1,2,1,1,1,I-275,US-42 OFF RAMP,284,39.29,-84.392,0,34,0,1,5,1,0,4,3,1,0,1,0,0,21,41,21,54,88,88,0,0,0,1,0,1
39,390926,1,1,0,0,0,1,1,51,0,9,11,2016,4,7,48,0,1,5,1,3,SR-120,,45,41.709,-84.098,0,30,0,0,1,1,0,4,1,1,0,1,0,0,7,50,7,50,8,44,0,0,0,1,0,1
39,390928,1,1,0,0,0,1,1,119,0,13,11,2016,1,2,0,1,2,4,1,2,US-22,,40,39.871,-82.105,0,34,0,0,1,1,0,4,2,1,0,1,0,0,2,0,2,6,88,88,0,0,0,1,1,0
39,390932,1,1,0,0,0,1,1,131,0,12,11,2016,7,14,29,0,1,7,2,4,CR-9,,0,39.081,-83.259,0,42,0,0,1,1,0,4,1,1,0,1,0,0,14,27,14,44,88,88,0,0,0,1,1,2
39,390934,3,3,0,0,0,4,4,89,0,14,11,2016,2,12,40,0,1,5,1,2,US-62,,135,40.224,-82.546,0,12,8,0,1,1,0,1,1,1,0,1,0,0,12,49,13,16,13,50,0,0,0,1,0,0
39,390936,2,2,0,0,0,2,2,55,5272,18,11,2016,6,16,31,0,1,5,1,2,US-6,,137,41.607,-81.037,0,12,2,0,1,1,0,1,1,1,0,1,0,0,16,32,16,39,17,35,0,0,0,1,0,0
39,390939,1,1,0,0,0,3,3,89,0,11,11,2016,6,19,57,0,2,5,1,2,US-40,,149,39.958,-82.52,0,35,0,0,1,1,0,4,2,1,0,1,0,0,19,51,19,57,20,33,0,0,0,2,0,0
39,390942,2,2,0,0,0,6,6,151,0,30,10,2016,1,20,4,1,2,3,1,2,US-62,BROADWAY AVE,278,40.845,-81.298,0,12,6,0,2,2,0,1,3,10,0,10,0,0,20,9,20,15,20,40,0,0,0,1,0,0
39,390949,3,3,0,0,0,3,3,83,0,18,11,2016,6,8,40,1,1,3,1,3,SR-13,CR-29,11,40.261,-82.451,0,12,1,0,2,3,0,1,1,1,0,1,0,0,8,46,8,58,9,26,0,0,0,1,0,2
39,390951,3,1,2,3,3,1,1,77,0,17,11,2016,5,10,58,0,1,4,1,3,SR-13,,59,41.078,-82.487,0,45,0,0,1,1,4,4,1,1,0,1,0,0,11,34,11,46,12,15,0,0,0,1,0,2
39,390952,1,1,0,0,0,1,1,165,0,19,11,2016,7,2,47,0,1,4,1,2,US-42,,141,39.469,-84.166,0,30,0,0,1,1,0,4,2,2,0,2,0,0,2,45,2,54,88,88,0,0,0,1,0,0
39,390956,2,2,0,0,0,4,4,21,0,6,8,2016,7,19,25,0,1,5,1,2,US-36,SR-559,273,40.142,-83.53,0,12,6,0,2,2,0,1,1,1,0,1,0,0,19,46,19,58,20,27,0,0,0,1,1,1
39,390957,2,2,0,0,0,2,2,63,0,7,10,2016,6,13,46,0,1,4,1,2,US-224,,97,41.059,-83.703,0,12,2,0,1,1,0,1,1,1,0,1,0,0,13,57,14,16,15,7,0,0,0,2,0,0
39,390958,2,2,0,0,0,3,3,15,0,8,11,2016,3,12,21,1,1,3,1,3,SR-32,CR-101,17,39.056,-83.983,0,12,6,0,2,2,0,1,1,10,0,10,0,0,12,29,12,38,88,88,0,0,0,2,0,2
39,390961,2,2,0,0,0,3,3,99,0,20,11,2016,1,17,51,0,1,4,1,3,SR-14,,77,40.9,-80.722,0,12,6,0,1,1,0,1,2,4,0,4,0,0,17,51,17,57,18,32,0,0,0,1,0,2
39,390962,2,2,0,0,0,3,3,153,2030,28,10,2016,6,22,23,1,2,2,1,3,SR-8,,63,41.147,-81.475,0,12,1,1,18,1,0,1,3,10,0,10,0,0,23,27,23,34,23,45,0,0,0,1,1,2
39,390963,1,1,0,1,1,1,1,3,0,24,11,2016,5,18,38,0,1,5,1,3,SR-81,,85,40.752,-84.252,0,8,0,0,1,1,0,1,2,1,0,1,0,0,18,41,19,0,88,88,0,0,0,1,0,2
39,390966,1,1,0,0,0,1,1,99,0,28,11,2016,2,14,4,1,1,1,31,1,I-80,,0,41.134,-80.874,0,35,0,0,1,1,0,4,1,1,0,1,0,0,14,12,14,20,88,88,0,0,0,1,0,0
39,390967,2,2,0,0,0,2,2,5,7928,28,11,2016,2,5,15,0,1,4,1,3,SR-58,,74,41.012,-82.222,0,12,7,0,1,1,0,1,2,10,0,10,0,0,5,16,5,26,5,54,0,0,0,1,0,1
39,390968,2,2,0,0,0,2,2,105,0,30,11,2016,4,13,15,1,2,3,1,3,SR-7,,82,39.063,-82.023,0,12,2,0,1,1,0,1,1,10,0,10,0,0,13,19,13,26,88,88,0,0,0,1,0,2
39,390971,2,2,0,0,0,3,3,89,0,6,12,2016,3,7,29,0,1,5,1,2,US-62,,70,40.173,-82.644,0,12,2,0,1,1,0,1,1,2,0,2,0,0,7,29,7,33,8,34,0,0,0,1,0,0
39,390977,1,1,0,0,0,2,2,37,0,19,11,2016,7,15,37,0,1,4,1,2,US-36,,210,40.111,-84.462,0,38,0,0,1,1,0,4,1,10,0,10,0,0,15,44,16,13,16,40,0,0,0,1,0,1
39,390978,2,2,0,0,0,5,5,129,0,21,11,2016,2,18,42,0,1,5,1,3,SR-56,,291,39.515,-82.8,0,12,2,0,1,1,0,1,2,1,0,1,0,0,20,46,21,6,21,41,0,0,0,1,0,2
39,390979,2,2,0,0,0,2,2,41,0,22,11,2016,3,0,59,1,1,3,1,2,US-36,CR-56 WILSON RD,182,40.266,-82.922,0,12,1,0,3,2,0,1,2,1,0,1,0,0,1,1,1,7,1,37,0,0,0,1,1,1
39,390980,1,1,0,1,1,1,1,35,1680,17,11,2016,5,16,45,1,2,1,1,1,I-90,,102,41.466,-81.778,0,8,0,0,1,1,0,1,1,1,0,1,0,0,16,52,16,55,88,88,0,0,0,1,0,0
39,390983,2,2,0,0,0,4,4,41,0,7,12,2016,4,18,38,0,2,4,1,3,SR-257,,39,40.192,-83.135,0,12,2,0,1,1,0,1,2,10,0,10,0,0,18,42,18,52,19,8,0,0,0,2,0,2
39,390986,1,1,0,1,1,1,1,93,0,28,11,2016,2,17,25,1,1,3,1,3,SR-18,,28,41.17,-82.287,0,8,0,0,1,1,0,1,2,10,0,10,0,0,17,23,17,35,88,88,0,0,0,1,0,2
39,390988,3,3,0,0,0,3,3,159,0,30,11,2016,4,14,43,1,1,2,1,2,US-33,,215,40.151,-83.219,0,12,2,0,1,1,0,1,1,10,0,10,0,0,14,43,14,49,88,88,0,0,0,1,1,0
39,390998,1,1,0,0,0,1,1,47,0,5,12,2016,2,11,22,0,1,5,1,3,SR-41,,280,39.701,-83.611,0,34,0,0,1,1,0,4,1,1,0,1,0,0,11,23,11,32,88,88,0,0,0,1,1,1
39,390999,1,1,0,0,0,4,4,63,0,2,12,2016,6,14,17,1,1,1,1,1,I-75,,67,40.94,-83.78,0,34,0,0,1,1,0,4,1,10,0,10,0,0,14,23,14,34,15,22,0,0,0,1,0,2
39,391001,2,2,0,0,0,5,5,43,0,9,12,2016,6,8,5,1,1,1,31,1,I-80,,129,41.324,-82.597,0,12,7,0,1,1,0,1,1,10,0,10,0,0,8,36,9,11,10,20,0,0,0,1,0,0
39,391012,2,2,0,0,0,2,2,173,0,10,12,2016,7,6,35,1,1,3,1,2,US-6,CR-15 PEMBERVILLE RD,233,41.349,-83.456,0,12,6,0,2,2,0,1,2,10,0,10,0,0,6,51,7,20,7,50,0,0,0,1,0,0
39,391014,2,1,1,1,1,1,1,49,0,17,12,2016,7,0,9,1,2,1,1,1,I-270,,2,39.895,-83.045,0,14,0,0,1,1,0,4,3,2,0,2,0,0,0,34,0,44,1,13,0,0,0,1,0,2
39,391019,1,1,0,0,0,3,3,41,0,14,12,2016,4,2,32,0,2,4,1,2,US-42,,110,40.318,-83.04,0,34,0,0,1,1,0,4,2,10,0,10,0,0,2,30,2,38,2,52,0,0,0,1,1,0
39,391020,1,1,0,1,1,1,1,27,0,15,12,2016,5,6,50,1,2,2,1,3,SR-73,,107,39.466,-83.805,0,8,0,0,1,1,0,1,2,1,0,1,0,0,6,56,7,2,88,88,0,0,0,1,0,2
39,391022,1,1,0,0,0,1,1,97,0,16,12,2016,6,23,51,0,1,5,1,3,SR-38,,198,39.977,-83.434,0,30,0,0,1,1,0,4,2,3,0,3,0,0,23,53,0,6,88,88,0,0,0,1,0,2
39,391023,2,2,0,0,0,2,2,173,0,21,12,2016,4,7,13,0,1,5,1,3,SR-199,,48,41.227,-83.468,0,12,2,0,1,1,0,1,4,10,0,10,0,0,88,88,88,88,88,88,0,0,0,1,0,2
39,391024,1,1,0,0,0,3,3,41,0,13,12,2016,3,11,27,0,1,4,1,3,SR-37,,58,40.32,-83.134,0,42,0,0,1,1,0,4,1,4,0,4,0,0,11,28,11,33,12,2,0,0,0,1,0,1
39,391028,2,1,1,2,2,1,1,9,0,15,12,2016,5,13,40,0,1,3,1,2,US-50,,195,39.324,-81.995,0,14,0,0,1,1,0,4,1,1,0,1,0,0,13,42,13,54,88,88,15,0,0,1,0,2
39,391029,1,1,0,0,0,5,5,59,1260,17,12,2016,7,1,45,1,1,1,1,1,I-70,,63,40.008,-81.618,0,35,0,0,1,1,0,3,2,3,0,3,0,0,1,51,1,54,2,55,0,0,0,2,0,1
39,391030,2,2,0,0,0,4,4,49,0,24,12,2016,7,15,40,1,2,1,1,1,I-270,,19,39.903,-83.071,0,12,6,0,1,1,0,1,1,1,0,1,0,0,15,43,15,48,16,6,0,0,0,4,1,2
39,391032,2,2,0,0,0,6,6,41,2150,15,12,2016,5,20,42,0,2,4,1,2,US-42,,100,40.313,-83.048,0,12,6,0,4,1,0,1,2,10,0,10,0,0,20,45,21,14,22,4,0,0,0,1,1,0
39,391046,5,5,0,0,0,7,7,139,4680,4,10,2016,3,17,19,1,2,2,1,2,US-30,,99,40.774,-82.549,0,12,1,1,18,1,0,1,1,10,0,10,0,0,17,19,17,25,17,38,0,0,0,1,0,0
39,391052,3,3,0,0,0,5,5,129,1620,1,12,2016,5,15,39,0,2,3,1,2,US-23,,93,39.611,-82.949,1,12,6,0,1,1,0,1,1,10,0,10,0,0,15,50,16,0,16,53,0,0,0,1,0,0
39,391055,1,1,0,1,1,2,2,157,0,21,12,2016,4,19,6,1,1,1,1,1,I-71,,161,40.437,-81.523,0,8,0,0,1,1,0,1,2,10,0,10,0,0,19,6,19,26,88,88,0,0,0,1,0,1
39,391056,1,1,0,1,1,1,1,41,735,22,12,2016,5,21,33,1,2,1,1,1,I-71,,68,40.225,-82.929,0,8,0,0,1,1,0,4,2,1,0,1,0,0,21,48,21,58,88,88,0,0,0,1,0,1
39,391061,2,2,0,0,0,3,3,61,0,11,12,2016,1,2,1,1,1,1,1,1,I-275,,41,39.192,-84.771,0,12,6,0,1,1,0,1,2,10,0,10,0,0,2,9,2,20,2,53,0,0,0,1,1,2
39,391062,1,1,0,0,0,1,1,17,0,23,12,2016,6,19,22,0,1,5,1,3,SR-177,,63,39.48,-84.643,0,34,0,0,1,1,0,4,2,2,0,2,0,0,88,88,88,88,88,88,0,0,0,1,1,2
39,391063,1,1,0,0,0,1,1,1,0,29,12,2016,5,14,52,0,1,4,1,3,SR-41,,179,38.852,-83.48,0,59,0,0,1,1,0,4,1,10,0,10,0,0,14,56,15,3,16,30,0,0,0,1,0,1
39,391070,2,2,0,0,0,4,4,151,6348,25,12,2016,1,19,39,0,1,4,1,3,SR-183,,87,40.781,-81.096,0,12,6,0,1,1,0,1,2,10,0,10,0,0,19,45,19,51,20,42,0,0,0,1,0,2
39,391078,1,1,0,1,1,1,1,151,0,10,12,2016,7,22,40,1,2,3,1,2,US-62,TR-1728 ROWLAND AVE,244,40.831,-81.359,0,8,0,0,99,99,0,1,2,1,0,1,0,0,22,45,22,45,22,57,0,0,0,1,0,0
39,391079,1,1,0,0,0,1,1,61,0,18,10,2016,3,16,4,1,2,1,1,1,I-275,,12,39.162,-84.811,0,21,0,1,19,1,0,4,1,10,0,10,0,0,16,38,16,59,17,8,0,0,0,1,0,1
39,391083,1,1,0,0,0,1,1,69,0,25,12,2016,1,4,52,0,1,5,1,3,SR-18,,0,41.225,-83.997,0,35,0,0,1,1,0,4,2,98,0,98,0,0,4,54,5,4,88,88,0,0,0,1,0,2
39,391088,2,2,0,0,0,2,2,61,0,29,10,2016,7,3,0,1,2,1,1,1,I-74,,71,39.21,-84.718,0,12,1,0,1,1,0,1,2,1,0,1,0,0,3,11,3,22,88,88,0,0,0,1,1,0
39,391090,2,1,1,0,0,1,1,13,4780,22,10,2016,7,11,2,1,2,3,4,3,SR-7,,243,40.128,-80.711,0,14,0,0,1,1,0,4,1,10,0,10,0,0,11,8,11,15,11,55,0,0,0,1,0,2
39,391096,2,2,0,0,0,4,4,113,6990,21,3,2016,2,12,21,1,2,2,1,2,US-35,,206,39.743,-84.11,0,12,1,0,1,1,0,1,1,1,0,1,0,0,12,23,12,28,12,46,0,0,0,1,0,0
39,391097,2,2,0,0,0,2,2,35,6360,28,11,2016,2,17,42,1,2,3,1,3,SR-3,RIDGEFIELD RD,92,41.407,-81.735,0,12,1,0,3,3,0,1,3,10,0,10,0,0,17,45,17,49,88,88,0,0,0,1,0,2
40,400001,1,1,0,1,1,1,1,109,3170,1,1,2016,6,0,45,0,2,3,1,2,US-62,,57,35.493,-97.364,0,9,0,0,1,1,0,1,3,1,0,1,0,0,99,99,99,99,99,99,0,0,0,1,0,0
40,400003,1,1,0,0,0,1,1,49,0,2,1,2016,7,9,14,0,1,5,1,3,SR-29,,49,34.651,-97.087,0,38,0,0,1,1,0,4,1,1,0,1,0,0,99,99,99,99,88,88,0,0,0,1,0,2
40,400004,2,2,0,0,0,2,2,147,0,3,1,2016,1,13,5,1,1,3,1,2,US-75,,126,36.604,-95.935,0,12,1,0,8,1,0,1,1,1,0,1,0,0,99,99,99,99,99,99,0,0,0,1,0,0
40,400005,2,2,0,0,0,4,4,115,0,3,1,2016,1,16,21,0,1,5,1,3,SR-10,,2,36.671,-94.707,0,12,2,0,1,1,0,1,1,1,0,1,0,0,16,19,16,30,17,8,0,0,0,2,1,2
40,400007,1,1,0,0,0,1,1,97,0,4,1,2016,2,7,45,0,1,5,1,3,SR-82,,56,36.275,-95.143,0,17,0,0,1,1,0,4,1,1,0,1,0,0,88,88,88,88,88,88,0,0,0,1,0,2
40,400008,2,2,0,0,0,4,4,51,0,4,1,2016,2,8,0,1,1,3,1,2,US-81,CS-2830,117,34.846,-97.956,0,12,6,0,2,3,0,1,1,1,0,1,0,0,8,5,8,29,9,3,0,0,0,2,0,0
40,400010,1,1,0,0,0,1,1,85,0,5,1,2016,3,6,33,1,1,1,1,1,I-35,,0,33.984,-97.136,0,42,0,0,1,1,0,3,2,1,0,1,0,0,6,30,6,40,88,88,0,0,0,1,0,1
40,400011,2,2,0,0,0,3,3,31,0,6,1,2016,4,7,48,1,1,3,1,2,US-62,,74,34.633,-98.696,0,12,1,0,1,1,0,1,1,1,0,1,0,0,99,99,99,99,99,99,0,0,0,1,0,0
40,400012,3,3,0,0,0,3,3,109,3550,6,1,2016,4,16,16,1,2,3,1,3,SR-3,N INDEPENDENCE AVE,0,35.53,-97.575,0,12,1,0,3,2,0,1,1,10,0,10,0,0,16,17,16,27,16,56,0,0,0,1,0,2
40,400013,1,1,0,0,0,4,4,15,0,8,1,2016,6,7,46,1,1,1,1,1,I-44,,0,34.891,-98.093,0,24,0,0,1,1,0,4,1,10,0,10,0,0,8,0,8,23,9,14,0,0,0,1,0,1
40,400015,2,2,0,0,0,8,8,97,0,8,1,2016,6,23,37,1,1,3,1,2,US-69,,73,36.114,-95.36,0,12,6,0,1,1,0,1,2,2,0,2,0,0,23,38,0,0,1,3,0,0,0,6,0,1
40,400017,1,1,0,0,0,2,2,51,0,10,1,2016,1,3,58,1,1,1,1,1,I-44,,0,35.203,-97.737,0,52,0,0,1,1,0,4,2,10,0,10,0,0,3,56,4,11,5,18,0,0,0,1,1,1
40,400019,1,1,0,0,0,1,1,73,0,12,1,2016,3,13,46,1,1,3,1,2,US-81,,54,35.932,-97.916,0,24,0,0,1,1,0,4,1,1,0,1,0,0,13,46,13,52,88,88,20,0,0,1,0,0
40,400021,2,2,0,0,0,4,4,35,0,15,1,2016,6,2,38,1,1,3,1,2,US-60,SR-82,105,36.627,-95.062,0,12,6,0,3,4,0,1,2,10,0,10,0,0,99,99,99,99,99,99,0,0,0,1,0,0
40,400022,2,1,1,0,0,1,1,111,0,16,1,2016,7,4,29,1,1,3,1,2,US-75,,99,35.571,-95.956,0,45,0,0,1,1,4,5,2,10,0,10,0,0,4,31,4,38,88,88,3,0,0,1,1,0
40,400023,1,1,0,0,0,1,1,37,0,20,1,2016,4,13,30,0,1,5,1,3,SR-16,,41,35.928,-96.582,0,34,0,0,1,1,0,4,1,10,0,10,0,0,13,31,13,45,14,37,0,0,0,1,0,2
40,400024,1,1,0,0,0,1,1,53,0,21,1,2016,5,0,35,0,1,4,1,2,US-60,,88,36.68,-97.651,0,1,0,0,1,1,0,4,2,5,0,5,0,0,0,34,0,43,88,88,0,0,0,1,1,0
40,400027,1,1,0,0,0,2,2,95,0,3,1,2016,1,7,20,0,1,5,1,3,SR-199,,61,34.085,-96.662,0,32,0,0,1,1,0,4,1,1,0,1,0,0,7,13,7,25,8,28,0,0,0,1,1,2
40,400028,2,2,0,0,0,3,3,87,3378,17,1,2016,1,14,12,1,1,1,1,1,I-44,,0,35.27,-97.623,0,12,6,0,1,1,0,1,1,1,0,1,0,0,14,13,14,20,14,51,0,0,0,2,1,1
40,400029,1,1,0,0,0,2,2,85,0,24,1,2016,1,14,1,1,1,1,1,1,I-35,,0,34.039,-97.15,0,52,0,0,1,1,0,3,1,1,0,1,0,0,13,59,14,12,15,25,0,0,0,2,0,1
40,400031,2,2,0,0,0,3,3,79,3798,26,1,2016,3,12,29,0,1,5,1,3,SR-112,BEATY ST,0,35.303,-94.443,0,12,6,0,2,2,0,1,1,1,0,1,0,0,12,43,12,53,13,39,0,0,0,1,0,2
40,400032,3,3,0,0,0,4,4,23,0,29,1,2016,6,19,19,1,1,3,1,2,US-271,CR-2000,50,34.114,-95.626,0,12,7,0,3,2,0,1,2,1,0,1,0,0,19,35,19,42,20,44,0,0,0,2,0,0
40,400033,1,1,0,0,0,3,3,99,0,1,2,2016,2,6,54,0,1,4,1,2,US-177,,92,34.465,-96.951,0,59,0,0,1,1,0,4,2,1,0,1,0,0,6,56,7,34,8,35,0,0,0,1,1,0
40,400034,1,1,0,0,0,1,1,49,0,30,1,2016,7,12,55,0,1,4,1,3,SR-29,CR-NS3190,150,34.652,-97.318,0,1,0,0,2,2,0,1,1,1,0,1,0,0,99,99,99,99,88,88,0,0,0,1,0,2
40,400035,2,2,0,0,0,2,2,109,3550,3,2,2016,4,1,27,1,2,1,1,1,I-240,,0,35.392,-97.44,0,12,1,0,1,1,0,1,2,1,0,1,0,0,1,34,1,41,88,88,0,0,0,1,1,2
40,400039,3,3,0,0,0,4,4,135,4080,3,2,2016,4,17,15,0,2,5,1,2,US-64,CR- PAW PAW RD,0,35.405,-94.531,0,12,1,0,3,2,0,1,1,1,0,1,0,0,17,45,18,6,18,31,0,0,0,1,0,0
40,400040,1,1,0,0,0,1,1,101,3310,16,1,2016,7,5,10,1,2,3,1,2,US-64,,0,35.755,-95.431,0,59,0,0,1,1,0,4,2,1,0,1,0,0,5,12,5,18,88,88,0,0,0,1,0,0
40,400043,1,1,0,0,0,3,3,23,0,12,2,2016,6,14,5,1,1,3,1,2,US-70,,19,33.998,-95.443,0,32,0,0,1,1,0,4,1,10,0,10,0,0,14,13,14,32,14,51,0,0,0,1,0,0
40,400044,1,1,0,0,0,1,1,19,0,2,2,2016,3,21,57,0,1,5,1,3,SR-53,,182,34.333,-97.189,0,1,0,0,1,1,0,4,2,1,0,1,0,0,21,56,22,11,88,88,0,0,0,1,0,2