STATE,ST_CASE,VE_TOTAL,VE_FORMS,PVH_INVL,PEDS,PERNOTMVIT,PERMVIT,PERSONS,COUNTY,CITY,DAY,MONTH,YEAR,DAY_WEEK,HOUR,MINUTE,NHS,RUR_URB,FUNC_SYS,RD_OWNER,ROUTE,TWAY_ID,TWAY_ID2,MILEPT,LATITUDE,LONGITUD,SP_JUR,HARM_EV,MAN_COLL,RELJCT1,RELJCT2,TYP_INT,WRK_ZONE,REL_ROAD,LGT_COND,WEATHER1,WEATHER2,WEATHER,SCH_BUS,RAIL,NOT_HOUR,NOT_MIN,ARR_HOUR,ARR_MIN,HOSP_HR,HOSP_MN,CF1,CF2,CF3,FATALS,DRUNK_DR,RANK
40,400049,1,1,0,0,0,1,1,13,1050,17,2,2016,4,99,99,1,1,3,1,2,US-69,,0,33.878,-96.5,0,52,0,0,1,1,0,4,1,1,0,1,0,0,7,51,7,55,88,88,0,0,0,1,0,0
40,400050,2,2,0,0,0,2,2,47,1550,21,1,2016,5,13,35,1,2,3,1,2,US-412,S 42ND ST,0,36.397,-97.819,0,12,6,0,2,2,0,1,1,10,0,10,0,0,13,40,13,50,14,12,0,0,0,1,0,0
40,400051,3,3,0,0,0,4,4,19,0,8,2,2016,2,16,45,1,1,3,1,2,US-70,SR-26,1,34.173,-97.475,0,12,6,0,2,2,0,1,1,10,0,10,0,0,16,42,16,47,17,10,0,0,0,1,0,0
40,400053,1,1,0,1,1,1,1,17,0,19,2,2016,6,6,13,1,1,3,1,2,US-81,,44,35.597,-97.959,0,8,0,0,1,1,0,1,2,1,0,1,0,0,99,99,99,99,88,88,0,0,0,1,0,0
40,400054,1,1,0,0,0,2,2,137,0,21,2,2016,1,0,19,1,1,3,1,3,SR-7,,191,34.447,-97.655,0,1,0,0,1,1,0,4,2,1,0,1,0,0,99,99,99,99,88,88,0,0,0,1,0,2
40,400055,1,1,0,0,0,1,1,125,0,23,2,2016,3,9,27,0,1,4,1,3,SR-39,,53,35,-97.057,0,42,0,0,1,1,0,5,1,2,0,2,0,0,88,88,88,88,88,88,0,0,0,1,0,2
40,400056,1,1,0,0,0,2,2,107,0,23,2,2016,3,19,49,0,1,4,1,2,US-75,,24,35.319,-96.15,0,59,0,0,1,1,0,4,1,2,0,2,0,0,16,32,17,22,18,51,0,0,0,1,0,0
40,400057,1,1,0,0,0,1,1,109,3550,27,2,2016,7,0,56,1,2,1,1,1,I-35,,0,35.416,-97.49,0,33,0,0,1,1,0,8,3,1,0,1,0,0,0,58,1,6,1,20,0,0,0,1,1,1
40,400059,1,1,0,0,0,1,1,83,0,19,2,2016,6,2,2,1,2,1,1,1,I-35,,109,35.878,-97.394,0,1,0,0,1,1,0,4,2,8,0,8,0,0,2,5,2,15,88,88,0,0,0,1,0,1
40,400061,2,2,0,0,0,4,4,87,0,20,2,2016,7,5,4,0,1,4,1,3,SR-39,,25,35.005,-97.452,0,12,2,0,1,1,0,1,2,10,0,10,0,0,5,7,5,10,99,99,0,0,0,1,0,2
40,400062,2,2,0,0,0,3,3,97,0,22,2,2016,2,13,34,1,1,3,1,2,US-412,,2,36.17,-95.437,0,12,1,0,1,1,0,1,1,10,0,10,0,0,13,33,13,51,14,45,0,0,0,1,0,0
40,400063,1,1,0,0,0,1,1,13,0,23,1,2016,7,99,99,1,1,3,1,2,US-70,,21,33.998,-96.337,0,59,0,0,1,1,0,4,2,10,0,10,0,0,1,37,1,48,88,88,0,0,0,1,0,0
40,400066,1,1,0,1,1,1,1,13,0,16,2,2016,3,19,21,1,1,3,1,2,US-70,,17,33.998,-96.343,0,8,0,0,1,1,0,1,2,1,0,1,0,0,19,24,19,30,19,58,0,0,0,1,0,0
40,400067,1,1,0,1,1,1,1,109,3550,23,2,2016,3,19,51,1,2,1,1,1,I-40,,0,35.448,-97.428,0,8,0,0,1,1,0,1,3,10,0,10,0,0,19,59,19,59,20,14,19,0,0,1,0,1
40,400068,8,2,6,0,0,4,4,109,3550,14,2,2016,1,8,46,0,2,2,1,3,SR-152,,0,35.423,-97.613,0,12,6,0,1,1,0,1,1,10,0,10,0,0,8,47,8,53,9,25,14,0,0,1,0,1
40,400071,2,2,0,0,0,4,4,153,5220,3,2,2016,4,0,2,1,2,3,1,3,SR-15,,0,36.434,-99.433,0,12,1,0,1,1,0,1,3,1,0,1,0,0,0,2,0,8,0,58,0,0,0,1,1,0
40,400072,2,2,0,0,0,4,4,93,0,15,2,2016,2,23,20,0,1,3,1,2,US-60,,35,36.391,-98.378,0,12,2,0,1,1,0,1,2,1,0,1,0,0,23,22,23,35,0,33,0,0,0,1,0,0
40,400073,2,2,0,0,0,2,2,103,3740,26,2,2016,6,8,5,0,2,4,1,2,US-77,,0,36.275,-97.33,0,12,6,0,8,1,0,1,1,1,0,1,0,0,8,7,8,10,88,88,0,0,0,1,0,0
40,400074,1,1,0,1,1,1,1,117,0,27,2,2016,7,0,29,1,1,3,1,2,US-412,,155,36.217,-96.36,0,8,0,0,1,1,4,1,2,1,0,1,0,0,88,88,88,88,88,88,0,0,0,1,0,0
40,400076,2,2,0,0,0,2,2,109,3550,6,3,2016,1,19,42,1,2,1,1,1,I-40,,0,35.408,-97.302,0,12,1,0,1,1,0,1,2,1,0,1,0,0,88,88,88,88,88,88,0,0,0,1,0,1
40,400078,1,1,0,0,0,1,1,113,0,12,3,2016,7,18,6,0,1,4,1,3,SR-99,,17,36.346,-96.429,0,1,0,0,1,1,0,4,1,10,0,10,0,0,99,99,99,99,99,99,0,0,0,1,1,2
40,400079,1,1,0,0,0,2,2,31,2750,13,3,2016,1,1,30,1,2,3,1,3,SR-7,SE 40TH ST,0,34.594,-98.341,0,34,0,0,3,3,0,4,3,10,0,10,0,0,1,32,1,40,88,88,0,0,0,1,1,2
40,400080,2,2,0,0,0,8,8,67,0,11,3,2016,6,21,18,1,1,3,1,2,US-81,,90,34.282,-97.965,0,12,6,0,1,1,0,1,2,2,0,2,0,0,21,26,21,50,2,50,0,0,0,4,0,0
40,400081,2,2,0,0,0,2,2,19,0,1,3,2016,3,21,9,1,1,1,1,1,I-35,,33,34.119,-97.155,0,12,6,0,1,1,0,1,2,10,0,10,0,0,21,12,21,37,23,9,0,0,0,1,0,1
40,400083,3,3,0,0,0,5,5,143,4780,9,3,2016,4,17,35,1,2,1,1,1,I-44,,0,36.09,-95.995,0,12,1,0,1,1,0,1,1,1,0,1,0,0,17,33,17,45,18,27,0,0,0,1,0,1
40,400084,1,1,0,0,0,1,1,79,0,7,3,2016,2,14,59,0,1,5,1,3,SR-1,,84,34.687,-94.561,0,42,0,0,1,1,0,4,1,10,0,10,0,0,14,56,15,35,88,88,0,0,0,1,1,1
40,400087,2,2,0,0,0,2,2,103,0,10,3,2016,5,16,15,0,1,4,1,2,US-64,,67,36.29,-97.165,0,12,6,0,1,1,0,1,1,10,0,10,0,0,16,13,16,22,88,88,0,0,0,1,0,0
40,400090,2,2,0,0,0,2,2,79,0,23,3,2016,4,22,31,0,1,3,1,2,US-59,,162,34.812,-94.645,0,12,2,0,1,1,0,1,2,2,0,2,0,0,22,30,22,50,88,88,0,0,0,1,0,0
40,400091,1,1,0,0,0,1,1,15,0,4,3,2016,6,16,20,0,1,5,1,2,US-277,,90,34.929,-98.133,0,34,0,0,1,1,0,4,1,1,0,1,0,0,99,99,99,99,88,88,0,0,0,1,1,0
40,400092,1,1,0,0,0,2,2,119,0,5,3,2016,7,12,1,1,1,1,1,1,I-35,,0,35.989,-97.353,0,52,0,0,1,1,0,3,1,1,0,1,0,0,12,12,12,17,13,5,0,0,0,1,0,1
40,400093,1,1,0,0,0,1,1,49,0,8,3,2016,3,11,24,0,1,4,1,3,SR-29,,4,34.63,-97.556,0,42,0,0,1,1,0,4,1,2,0,2,0,0,12,0,12,24,13,36,0,0,0,1,0,2
40,400102,2,2,0,0,0,2,2,125,2950,14,3,2016,2,10,23,1,1,1,1,1,I-40,,0,35.384,-97.131,0,12,1,0,1,1,4,1,1,10,0,10,0,0,10,26,10,43,11,35,0,0,0,1,0,1
40,400103,1,1,0,0,0,1,1,109,3550,15,3,2016,3,1,37,1,2,1,1,1,I-44,,0,35.528,-97.527,0,57,0,0,1,1,0,3,2,1,0,1,0,0,99,99,99,99,88,88,0,0,0,1,1,1
40,400104,1,1,0,0,0,1,1,79,0,2,3,2016,4,17,8,0,1,5,1,2,US-271,,69,35.257,-94.553,0,1,0,0,1,1,0,1,1,1,0,1,0,0,17,8,17,11,88,88,0,0,0,1,0,0
40,400106,1,1,0,1,1,1,1,143,4780,23,3,2016,4,4,42,1,2,1,1,1,I-44,,0,36.09,-95.948,0,8,0,0,1,1,0,1,2,1,0,1,0,0,4,42,4,53,88,88,0,0,0,1,0,1
40,400107,2,2,0,0,0,2,2,87,5060,29,3,2016,3,13,56,0,1,5,1,3,SR-59,,0,34.913,-97.255,0,12,2,0,1,1,0,4,1,1,0,1,0,0,13,57,14,2,88,88,0,0,0,1,0,2
40,400108,1,1,0,0,0,1,1,109,3550,28,2,2016,1,18,58,1,2,1,1,1,I-44,,0,35.432,-97.571,0,1,0,0,1,1,0,2,3,1,0,1,0,0,18,59,19,2,19,27,0,0,0,1,0,1
40,400110,2,2,0,0,0,3,3,21,0,1,4,2016,6,15,54,0,1,4,1,2,US-62,,48,35.926,-94.879,0,1,0,0,1,1,0,1,1,1,0,1,0,0,15,56,16,1,88,88,14,0,0,1,0,0
40,400111,1,1,0,1,1,1,1,109,3550,19,1,2016,3,18,40,0,2,3,1,3,SR-152,,0,35.413,-97.643,0,8,0,0,1,1,0,1,2,1,0,1,0,0,18,40,18,51,88,88,0,0,0,1,0,1
40,400113,2,2,0,0,0,4,4,125,0,25,3,2016,6,23,24,0,1,4,1,2,US-177,CR-1070,0,35.464,-97.001,0,12,6,0,2,2,0,1,2,1,0,1,0,0,23,24,23,35,0,26,0,0,0,1,0,0
40,400114,2,2,0,0,0,2,2,35,0,10,3,2016,5,14,57,1,1,3,1,2,US-60,,112,36.627,-95.05,0,12,6,0,1,1,0,1,1,10,0,10,0,0,99,99,99,99,99,99,0,0,0,1,0,0
40,400116,2,2,0,0,0,3,3,109,3550,24,3,2016,5,14,48,1,2,1,1,1,I-44,,0,35.613,-97.354,0,12,1,0,1,1,0,1,1,1,0,1,0,0,14,51,14,58,88,88,0,0,0,1,0,1
40,400119,1,1,0,2,2,1,1,41,340,4,3,2016,6,18,54,0,1,5,1,3,SR-125,,0,36.634,-94.873,0,8,0,0,1,1,0,1,2,1,0,1,0,0,18,56,19,10,88,88,0,0,0,2,0,2
40,400120,3,3,0,0,0,3,3,131,870,16,3,2016,4,14,0,0,2,3,1,3,SR-167,E PINE ST,0,36.177,-95.761,0,12,1,0,3,2,0,1,1,1,0,1,0,0,13,59,14,2,14,45,0,0,0,1,0,2
40,400123,1,1,0,0,0,1,1,27,3420,24,3,2016,5,22,35,0,2,3,1,2,US-77,ELM ST,0,35.145,-97.395,0,42,0,0,3,2,0,4,3,1,0,1,0,0,22,27,22,30,88,88,0,0,0,1,1,0
40,400127,1,1,0,0,0,1,1,147,0,9,4,2016,7,11,19,1,1,3,1,2,US-75,,148,36.637,-95.936,0,42,0,0,1,1,0,3,9,99,0,99,0,0,11,29,11,29,88,88,0,0,0,1,1,0
40,400128,1,1,0,1,1,1,1,5,260,3,3,2016,5,18,54,1,1,3,1,3,SR-3,S DICKERSON AVE,0,34.375,-96.119,0,8,0,0,2,2,0,1,3,1,0,1,0,0,18,54,18,55,19,7,0,0,0,1,0,2
40,400131,2,2,0,0,0,4,4,109,3550,4,4,2016,2,9,35,1,2,1,1,1,I-44,,0,35.606,-97.392,0,12,1,0,1,1,0,1,1,1,0,1,0,0,9,40,10,6,10,39,27,0,0,1,0,1
40,400132,2,2,0,0,0,6,6,9,0,28,3,2016,2,17,13,0,1,5,1,3,SR-152,,31,35.291,-99.586,0,12,7,0,1,1,0,1,1,10,0,10,0,0,17,18,17,41,18,46,0,0,0,1,0,1
40,400134,2,2,0,0,0,2,2,107,0,11,4,2016,2,14,22,0,1,4,1,2,US-75,,76,35.379,-96.123,0,12,6,0,1,1,0,1,1,1,0,1,0,0,99,99,99,99,99,99,0,0,0,1,1,0
40,400135,1,1,0,0,0,1,1,103,0,16,4,2016,7,7,58,1,1,1,1,1,I-35,,0,36.358,-97.327,0,57,0,0,1,1,0,3,1,10,0,10,0,0,7,58,8,6,88,88,0,0,0,1,0,1
40,400136,3,3,0,0,0,4,4,133,0,17,4,2016,1,9,7,1,1,3,1,2,US-377,,44,35.162,-96.674,0,12,8,0,1,1,0,1,1,2,0,2,0,0,9,5,9,14,10,36,0,0,0,1,0,0
40,400137,2,2,0,0,0,2,2,79,0,21,4,2016,5,4,10,0,1,5,1,3,SR-63,,175,34.673,-94.772,0,12,2,0,1,1,0,1,2,10,0,10,0,0,4,9,4,36,5,21,0,0,0,1,1,2
40,400139,2,2,0,0,0,2,2,121,0,18,4,2016,2,10,3,0,1,4,1,3,SR-1,,16,34.832,-95.514,0,12,6,0,1,1,0,1,1,2,0,2,0,0,99,99,99,99,99,99,0,0,0,1,0,1
40,400140,2,2,0,0,0,2,2,109,3550,21,4,2016,5,3,51,1,2,1,1,1,I-44,,0,35.615,-97.344,0,12,2,0,1,1,0,1,2,1,0,1,0,0,4,20,4,25,4,59,0,0,0,1,1,1
40,400141,2,2,0,0,0,3,3,111,0,15,4,2016,6,12,30,1,1,1,1,1,I-40,,18,35.429,-96.055,0,12,1,0,1,1,4,1,1,5,0,5,0,0,12,37,12,42,13,13,26,0,0,1,0,1
40,400142,1,1,0,0,0,1,1,21,0,19,4,2016,3,15,16,0,1,5,1,3,SR-10,,25,35.954,-94.91,0,57,0,0,1,1,0,4,1,10,0,10,0,0,15,13,15,25,15,46,0,0,0,1,0,2
40,400143,2,2,0,0,0,2,2,89,0,21,4,2016,5,6,45,1,1,3,1,2,US-259,,59,33.772,-94.739,0,12,2,0,1,1,0,1,4,5,0,5,0,0,6,52,7,5,88,88,0,0,0,1,0,0
40,400145,2,2,0,0,0,2,2,95,0,14,3,2016,2,10,4,0,1,4,1,3,SR-99,CR-W GRANTHAM,35,34.086,-96.707,0,12,6,0,2,3,0,1,1,1,0,1,0,0,10,0,99,97,99,97,0,0,0,1,0,2
40,400146,2,2,0,0,0,5,5,49,0,18,4,2016,2,16,55,1,1,1,1,1,I-35,,0,34.54,-97.189,0,12,11,0,1,1,0,1,1,10,0,10,0,0,16,55,17,2,18,10,0,0,0,1,0,1
40,400147,1,1,0,0,0,2,2,131,0,19,4,2016,3,10,18,1,1,1,1,1,I-44,,0,36.258,-95.646,0,25,0,0,1,1,0,3,1,2,0,2,0,0,10,22,10,32,11,12,0,0,0,1,0,1
40,400148,2,2,0,0,0,2,2,31,2750,15,4,2016,6,17,1,1,2,2,1,2,US-62,NW 67TH ST,0,34.638,-98.475,0,12,6,1,2,3,0,1,1,1,0,1,0,0,17,3,17,12,88,88,0,0,0,1,0,0
40,400154,3,3,0,0,0,6,6,109,1480,17,4,2016,1,13,8,1,2,1,1,1,I-35,,0,35.684,-97.416,0,57,0,0,1,1,0,3,1,2,0,2,0,0,13,10,13,16,13,46,0,0,0,2,0,1
40,400155,2,2,0,0,0,2,2,109,3550,18,4,2016,2,11,7,1,2,2,1,2,US-77,,0,35.594,-97.508,0,12,6,0,1,1,0,1,1,10,0,10,0,0,12,3,12,5,12,31,0,0,0,1,0,0
40,400157,2,2,0,0,0,4,4,15,0,21,4,2016,5,18,36,0,1,4,1,2,US-62,,39,35.038,-98.293,0,12,6,0,1,1,0,1,1,1,0,1,0,0,18,42,19,9,19,40,0,0,0,1,0,0
40,400158,2,2,0,0,0,2,2,15,0,23,4,2016,7,22,30,0,1,4,1,2,US-62,,38,35.038,-98.296,0,12,2,0,1,1,0,1,2,1,0,1,0,0,22,35,23,0,23,33,0,0,0,1,1,0
40,400159,2,2,0,0,0,3,3,51,0,27,4,2016,4,5,10,1,1,3,1,2,US-81,,122,35.234,-97.954,0,12,6,0,1,1,0,1,2,5,0,5,0,0,5,20,5,36,6,23,0,0,0,2,0,0
40,400161,2,2,0,0,0,3,3,109,3550,30,4,2016,7,2,33,1,2,1,1,1,I-35,,0,35.461,-97.495,0,12,6,0,1,1,0,1,3,1,0,1,0,0,2,44,2,47,3,27,0,0,0,1,1,1
40,400162,2,2,0,0,0,3,3,89,0,6,5,2016,6,15,26,1,1,3,1,2,US-70,,160,34.043,-94.602,0,12,6,0,1,1,0,2,1,1,0,1,0,0,15,30,16,11,16,51,0,0,0,1,0,0
40,400164,1,1,0,0,0,1,1,109,3550,4,5,2016,4,22,39,1,2,1,1,1,I-44,,0,35.528,-97.527,0,57,0,0,1,1,0,3,3,10,0,10,0,0,22,44,22,50,23,0,20,0,0,1,0,1
40,400166,1,1,0,0,0,1,1,69,0,7,4,2016,5,9,12,0,1,5,1,3,SR-7,,78,34.365,-96.501,0,1,0,0,1,1,0,1,1,1,0,1,0,0,9,10,9,32,88,88,0,0,0,1,0,2
40,400170,2,2,0,0,0,2,2,81,4999,11,5,2016,4,8,37,0,1,4,1,2,US-177,,0,35.684,-97.017,0,12,2,0,1,1,0,1,1,10,0,10,0,0,8,38,8,43,10,2,0,0,0,1,1,0
40,400171,3,3,0,0,0,3,3,111,0,18,4,2016,2,17,24,1,1,3,1,2,US-75,CR-CONIFER,43,35.492,-95.956,0,12,6,0,2,3,0,1,1,10,0,10,0,0,17,27,17,33,18,0,0,0,0,1,0,0
40,400173,1,1,0,0,0,1,1,41,0,24,4,2016,1,16,37,1,1,3,1,2,US-412,,1,36.203,-94.751,0,1,0,0,1,1,0,4,1,1,0,1,0,0,16,36,16,48,88,88,0,0,0,1,1,0
40,400175,1,1,0,0,0,1,1,63,0,10,5,2016,3,2,49,0,1,4,1,2,US-75,,59,34.85,-96.25,0,59,0,0,1,1,0,4,2,10,0,10,0,0,2,50,3,5,88,88,0,0,0,1,1,0
40,400179,2,2,0,0,0,2,2,119,0,25,4,2016,2,17,49,0,1,4,1,3,SR-51,SR-86,1,36.116,-97.283,0,12,6,0,2,2,0,1,1,1,0,1,0,0,17,55,18,12,19,9,0,0,0,1,0,2
40,400180,2,2,0,0,0,2,2,109,3550,6,5,2016,6,3,12,1,2,1,1,1,I-240,,0,35.392,-97.522,0,12,2,0,1,1,0,1,3,1,0,1,0,0,3,15,3,19,3,54,0,0,0,1,1,2
40,400182,2,2,0,0,0,3,3,17,3550,20,4,2016,4,14,21,0,2,4,3,3,SR-92,,0,35.463,-97.76,0,12,6,0,8,1,0,1,1,1,0,1,0,0,14,22,14,26,14,58,0,0,0,1,0,2
40,400183,3,3,0,0,0,4,4,109,3550,7,5,2016,7,13,25,0,2,3,1,2,US-62,,0,35.493,-97.35,0,12,1,0,1,1,0,1,1,1,0,1,0,0,13,29,13,41,13,46,0,0,0,1,0,0
40,400186,1,1,0,0,0,1,1,105,0,15,5,2016,1,14,36,0,1,5,1,3,SR-10,,10,36.911,-95.81,0,34,0,0,1,1,0,4,1,10,0,10,0,0,14,32,14,51,88,88,0,0,0,1,0,2
40,400187,1,1,0,0,0,2,2,125,2950,17,5,2016,3,17,9,1,1,1,1,1,I-40,,0,35.384,-97.076,0,42,0,0,1,1,0,3,1,10,0,10,0,0,17,8,17,19,17,39,0,0,0,1,0,1
40,400190,1,1,0,0,0,2,2,33,0,16,4,2016,7,6,15,0,1,5,1,2,US-277,,214,34.441,-98.4,0,35,0,0,1,1,0,4,2,1,0,1,0,0,99,99,99,99,99,99,0,0,0,1,1,0
40,400191,2,2,0,0,0,4,4,117,0,8,5,2016,1,8,30,0,1,5,1,2,US-64,,27,36.286,-96.517,0,12,6,0,1,1,0,1,1,10,0,10,0,0,9,0,9,23,9,40,0,0,0,1,0,0
40,400192,1,1,0,1,1,5,5,13,1430,15,5,2016,1,0,13,1,2,2,1,2,US-69,,0,33.997,-96.405,0,8,0,0,1,1,0,1,2,1,0,1,0,0,0,16,0,21,88,88,0,0,0,1,0,0
40,400194,2,2,0,0,0,4,4,49,0,4,5,2016,4,7,29,0,1,5,1,3,SR-19,CR-3100,113,34.819,-97.475,0,12,6,0,2,2,0,1,1,1,0,1,0,0,99,99,99,99,88,88,0,0,0,1,0,2
40,400197,2,2,0,0,0,3,3,81,0,25,5,2016,4,11,18,1,1,1,1,1,I-44,,271,35.754,-96.677,0,12,1,0,1,1,0,1,1,10,0,10,0,0,99,99,99,99,88,88,0,0,0,1,0,1
40,400200,1,1,0,0,0,4,4,9,0,14,4,2016,5,19,25,0,1,5,1,3,SR-152,,28,35.29,-99.59,0,35,0,0,1,1,0,4,1,1,0,1,0,0,19,33,20,8,21,25,0,0,0,1,0,1
40,400205,3,3,0,0,0,7,7,143,3630,15,5,2016,1,14,32,1,2,2,1,2,US-169,,0,36.266,-95.848,0,12,1,0,1,1,1,1,1,10,0,10,0,0,99,99,99,99,99,99,0,0,0,1,0,0
40,400209,1,1,0,0,0,2,2,59,0,28,5,2016,7,14,7,0,1,4,1,2,US-64,,15,36.812,-99.823,0,1,0,0,1,1,0,1,1,1,0,1,0,0,99,99,99,99,99,99,0,0,0,2,0,0
40,400211,3,3,0,0,0,5,5,51,4800,17,5,2016,3,12,38,0,1,5,1,3,SR-37,,0,35.291,-97.692,0,12,2,0,1,1,0,1,1,10,0,10,0,0,99,99,99,99,88,88,0,0,0,1,0,1
40,400212,3,3,0,0,0,3,3,79,0,9,5,2016,2,10,3,0,1,5,1,3,SR-31,,67,35.181,-94.815,0,12,2,0,1,1,0,1,1,2,0,2,0,0,10,5,10,18,11,31,0,0,0,1,0,2
40,400213,2,2,0,0,0,5,5,87,3870,3,6,2016,6,14,22,1,2,1,1,1,I-35,,0,35.039,-97.376,0,12,6,0,1,1,0,1,1,2,0,2,0,0,14,30,14,32,15,11,0,0,0,1,0,1
40,400214,2,2,0,0,0,2,2,131,0,3,5,2016,3,6,39,1,1,3,1,2,US-412,SR-412P,53,36.164,-95.637,0,12,6,0,2,2,0,1,1,5,0,5,0,0,6,43,6,57,88,88,0,0,0,1,0,0
40,400217,4,4,0,0,0,4,4,101,3310,7,5,2016,7,16,52,1,2,3,1,2,US-69,ARLINE ST,0,35.747,-95.403,0,12,6,0,2,2,0,1,1,1,0,1,0,0,16,54,16,57,88,88,0,0,0,1,0,0
40,400221,2,2,0,0,0,2,2,133,0,2,6,2016,5,17,28,1,1,3,1,2,US-377,,113,35.062,-96.679,0,12,6,0,1,1,0,1,1,2,0,2,0,0,17,32,17,55,18,26,0,0,0,1,0,0
40,400228,1,1,0,0,0,1,1,129,0,1,6,2016,4,19,33,0,1,5,1,3,SR-33,,130,35.664,-99.455,0,42,0,0,1,1,0,4,1,10,0,10,0,0,19,35,19,44,88,88,0,0,0,1,0,1
40,400232,3,2,1,1,1,2,2,41,0,18,5,2016,4,9,32,0,1,4,1,3,SR-20,,14,36.42,-94.984,0,12,7,0,1,1,4,1,1,1,0,1,0,0,9,25,9,39,10,8,0,0,0,1,0,2
40,400234,2,2,0,0,0,2,2,137,0,3,6,2016,6,8,2,0,1,4,1,3,SR-29,CR-CASON RD,48,34.638,-97.879,0,12,6,0,2,2,0,1,1,2,0,2,0,0,8,1,8,9,8,43,0,0,0,1,0,2
40,400236,2,2,0,0,0,3,3,35,0,19,5,2016,5,11,11,0,1,4,1,2,US-60,SR-82,0,36.627,-95.062,0,12,2,0,2,4,0,1,1,10,0,10,0,0,11,35,11,51,12,33,0,0,0,2,0,0
40,400237,1,1,0,0,0,1,1,37,0,27,5,2016,6,3,22,1,2,1,1,1,I-44,,16,36.012,-96.099,0,25,0,0,1,1,0,3,3,10,0,10,0,0,99,99,99,99,88,88,0,0,0,1,0,1
40,400241,1,1,0,0,0,1,1,47,0,9,5,2016,2,4,45,1,1,3,1,2,US-64,,45,36.398,-97.756,0,59,0,0,6,1,0,1,2,1,0,1,0,011717R,4,54,5,3,88,88,0,0,0,1,0,0
40,400243,2,2,0,0,0,5,5,21,0,30,5,2016,2,16,17,0,1,5,1,3,SR-82,,25,35.68,-94.922,0,12,6,0,1,1,0,1,1,10,0,10,0,0,16,18,16,34,17,26,0,0,0,3,0,2
40,400244,1,1,0,0,0,2,2,37,0,1,6,2016,4,16,9,0,1,4,1,3,SR-33,,151,35.996,-96.359,0,38,0,0,1,1,0,4,1,10,0,10,0,0,16,12,16,31,17,19,0,0,0,1,0,1
40,400247,2,2,0,0,0,3,3,151,0,2,4,2016,7,14,57,0,1,4,1,2,US-281,,27,36.545,-98.874,0,12,6,0,1,1,0,1,1,1,0,1,0,0,14,54,15,30,16,44,0,0,0,1,0,0
40,400252,2,2,0,0,0,3,3,97,0,1,6,2016,4,19,0,0,1,5,1,3,SR-82,,87,36.359,-95.068,0,1,0,0,1,1,0,1,1,1,0,1,0,0,19,23,19,51,20,22,0,0,0,1,0,2
40,400253,1,1,0,1,1,1,1,33,0,2,6,2016,5,4,5,0,1,5,1,2,US-70,,0,34.174,-98.454,0,8,0,0,1,1,0,1,2,99,0,99,0,0,88,88,88,88,88,88,0,0,0,1,0,0
40,400257,1,1,0,0,0,1,1,51,0,15,6,2016,4,5,40,1,1,3,1,2,US-81,,50,34.755,-97.958,0,11,0,0,1,1,0,1,2,1,0,1,0,0,99,99,99,99,88,88,0,0,0,1,0,0
40,400258,2,2,0,0,0,2,2,125,0,21,6,2016,3,14,28,0,1,4,1,2,US-177,,158,35.196,-96.932,0,12,2,0,1,1,0,1,1,10,0,10,0,0,99,99,99,99,88,88,0,0,0,2,0,0
40,400259,2,2,0,0,0,2,2,13,1050,21,6,2016,3,16,45,1,1,3,1,2,US-69,,0,33.838,-96.52,0,12,6,0,1,1,0,1,1,1,0,1,0,0,88,88,88,88,88,88,26,0,0,1,0,0
40,400260,2,2,0,0,0,5,5,83,0,22,6,2016,4,15,10,0,1,3,1,3,SR-74,,62,35.816,-97.585,0,12,6,0,1,1,0,1,1,1,0,1,0,0,15,25,15,58,16,25,0,0,0,3,0,2
40,400261,1,1,0,0,0,1,1,79,0,23,6,2016,5,0,0,0,1,5,1,3,SR-82,,5,34.785,-95.055,0,42,0,0,1,1,0,4,2,1,0,1,0,0,4,31,4,38,88,88,0,0,0,1,1,2
40,400262,1,1,0,1,1,1,1,109,3550,23,6,2016,5,0,13,1,2,1,1,1,I-44,,0,35.524,-97.541,0,8,0,0,1,1,0,1,3,1,0,1,0,0,0,14,0,20,88,88,0,0,0,1,0,1
40,400265,2,2,0,0,0,2,2,83,2000,26,6,2016,1,16,5,0,1,5,1,3,SR-74,WATERLOO RD,0,35.726,-97.585,0,12,6,0,2,2,0,1,1,1,0,1,0,0,99,99,99,99,99,99,0,0,0,1,1,2
40,400266,2,2,0,0,0,4,4,17,3550,27,6,2016,2,17,43,1,1,1,1,1,I-40,,0,35.47,-97.728,0,12,1,0,1,1,0,1,1,1,0,1,0,0,17,47,17,52,18,32,0,0,0,1,0,1
40,400267,1,1,0,0,0,1,1,133,0,30,6,2016,5,19,39,1,1,1,1,1,I-40,,94,35.384,-96.672,0,21,0,0,1,1,0,4,1,1,0,1,0,0,99,99,99,99,88,88,0,0,0,1,1,1
40,400271,2,2,0,0,0,4,4,107,0,3,7,2016,1,4,57,1,1,1,1,1,I-40,,167,35.428,-96.161,0,12,2,0,1,1,0,1,2,2,0,2,0,0,99,99,99,99,88,88,0,0,0,2,1,1
40,400274,1,1,0,1,1,1,1,81,5130,24,3,2016,5,20,57,0,1,5,1,3,SR-66,,0,35.681,-97.075,0,8,0,0,1,1,0,1,2,1,0,1,0,0,22,15,22,31,88,88,0,0,0,1,0,0
40,400276,2,2,0,0,0,4,4,69,0,5,6,2016,1,15,48,0,1,5,1,3,SR-1,,108,34.38,-96.808,0,12,2,0,1,1,0,1,1,10,0,10,0,0,15,43,16,4,17,20,0,0,0,1,0,1