STATE,ST_CASE,VE_TOTAL,VE_FORMS,PVH_INVL,PEDS,PERNOTMVIT,PERMVIT,PERSONS,COUNTY,CITY,DAY,MONTH,YEAR,DAY_WEEK,HOUR,MINUTE,NHS,RUR_URB,FUNC_SYS,RD_OWNER,ROUTE,TWAY_ID,TWAY_ID2,MILEPT,LATITUDE,LONGITUD,SP_JUR,HARM_EV,MAN_COLL,RELJCT1,RELJCT2,TYP_INT,WRK_ZONE,REL_ROAD,LGT_COND,WEATHER1,WEATHER2,WEATHER,SCH_BUS,RAIL,NOT_HOUR,NOT_MIN,ARR_HOUR,ARR_MIN,HOSP_HR,HOSP_MN,CF1,CF2,CF3,FATALS,DRUNK_DR,RANK
40,400277,2,2,0,0,0,2,2,17,1540,16,6,2016,5,21,8,1,2,1,1,1,I-40,,0,35.501,-97.925,0,12,1,0,1,1,1,1,5,1,0,1,0,0,99,99,99,99,88,88,0,0,0,1,0,1
40,400278,1,1,0,1,1,2,2,121,0,12,7,2016,3,23,33,0,1,3,1,2,US-69,,0,34.976,-95.757,0,8,0,0,1,1,0,1,2,1,0,1,0,0,23,33,23,39,88,88,0,0,0,1,0,0
40,400279,2,2,0,0,0,3,3,41,0,25,6,2016,7,13,56,0,1,5,1,3,SR-28,,25,36.472,-94.967,0,12,6,0,8,1,0,1,1,1,0,1,0,0,13,52,14,10,14,55,0,0,0,1,0,2
40,400280,1,1,0,0,0,1,1,41,0,7,7,2016,5,99,99,0,1,5,1,3,SR-28,,17,36.471,-94.981,0,30,0,0,1,1,0,4,9,1,0,1,0,0,11,10,11,30,88,88,0,0,0,1,0,2
40,400281,1,1,0,0,0,1,1,97,0,10,7,2016,1,0,35,0,1,5,1,3,SR-82,,15,36.426,-95.056,0,1,0,0,1,1,0,4,2,1,0,1,0,0,0,28,0,38,88,88,0,0,0,1,1,2
40,400282,2,2,0,0,0,2,2,97,3855,16,6,2016,5,14,10,1,2,3,1,3,SR-69,SE 49TH,0,36.265,-95.333,0,12,1,0,3,2,0,1,1,10,0,10,0,0,14,9,14,15,16,12,0,0,0,1,0,2
40,400285,2,2,0,0,0,2,2,29,0,7,7,2016,5,17,5,0,1,3,1,2,US-75,,69,34.675,-96.267,0,12,2,0,1,1,4,1,1,1,0,1,0,0,17,7,17,20,88,88,0,0,0,1,0,0
40,400287,1,1,0,1,1,1,1,147,1340,11,7,2016,2,22,19,1,1,3,1,2,US-75,,0,36.78,-95.935,0,9,0,0,1,1,0,1,2,1,0,1,0,0,22,22,22,25,22,48,0,0,0,1,0,0
40,400288,2,2,0,0,0,3,3,5,260,4,6,2016,7,10,37,1,1,3,1,2,US-69,,0,34.367,-96.14,0,12,6,0,8,1,0,1,1,1,0,1,0,0,10,38,10,43,11,8,0,0,0,1,0,0
40,400289,3,3,0,0,0,5,5,147,300,28,6,2016,3,18,54,1,2,3,1,2,US-60,HARNED RD,0,36.728,-95.922,0,12,2,0,2,2,0,1,1,10,0,10,0,0,18,50,18,55,88,88,20,14,0,1,0,0
40,400291,1,1,0,0,0,2,2,89,0,17,7,2016,1,12,30,0,1,3,1,3,SR-3,,127,33.824,-94.652,0,35,0,0,1,1,0,4,1,10,0,10,0,0,12,14,12,28,13,58,0,0,0,1,1,2
40,400295,1,1,0,0,0,4,4,79,0,14,7,2016,5,10,35,0,1,5,1,3,SR-63,,358,34.644,-94.462,0,34,0,0,1,1,0,4,1,1,0,1,0,0,11,3,11,42,12,39,0,0,0,1,0,2
40,400296,1,1,0,0,0,1,1,17,1540,17,7,2016,1,6,15,1,2,1,1,1,I-40,,0,35.515,-98,0,24,0,0,1,1,0,4,4,1,0,1,0,0,99,99,99,99,88,88,0,0,0,1,0,1
40,400297,3,2,1,1,3,5,7,123,0,25,6,2016,7,10,14,0,2,2,1,3,SR-1,,10,34.777,-96.702,0,8,0,0,1,1,0,1,1,10,0,10,0,0,10,15,10,20,88,88,0,0,0,1,0,1
40,400298,2,2,0,0,0,4,4,115,0,12,6,2016,1,15,44,1,1,1,1,1,I-44,,0,36.911,-94.787,0,12,7,0,1,1,0,1,1,2,0,2,0,0,99,99,99,99,99,99,26,0,0,1,0,1
40,400300,3,3,0,0,0,5,5,89,600,21,6,2016,3,9,40,1,1,3,1,2,US-259,,0,34.112,-94.739,0,12,6,0,1,1,0,4,1,1,0,1,0,0,9,40,9,49,10,15,0,0,0,1,0,0
40,400301,2,2,0,0,0,3,3,111,0,1,7,2016,6,16,51,1,1,3,1,2,US-75,CR-241ST ST S,150,35.813,-96.015,0,12,11,0,2,2,0,1,1,1,0,1,0,0,16,46,16,45,88,88,0,0,0,2,0,0
40,400302,1,1,0,0,0,1,1,87,0,1,7,2016,6,23,28,1,1,1,1,1,I-35,,48,34.92,-97.357,0,24,0,0,1,1,0,3,2,10,0,10,0,0,23,33,23,37,0,28,0,0,0,1,1,1
40,400305,1,1,0,0,0,1,1,133,0,23,7,2016,7,20,47,0,1,5,1,3,SR-59,,54,35.188,-96.73,0,43,0,0,1,1,0,4,5,1,0,1,0,0,20,50,20,59,88,88,0,0,0,1,1,2
40,400312,2,2,0,0,0,2,2,113,3680,25,7,2016,2,15,55,0,1,4,1,3,SR-11,,0,36.657,-96.314,0,12,6,0,1,1,0,1,1,10,0,10,0,0,99,99,99,99,88,88,0,0,0,1,0,2
40,400316,2,2,0,0,0,3,3,109,2080,8,1,2016,6,18,15,0,2,3,1,2,US-62,,0,35.493,-97.186,0,12,2,0,1,1,0,1,3,2,0,2,0,0,18,16,18,22,19,20,0,0,0,1,0,0
40,400317,2,2,0,0,0,3,3,125,4300,21,7,2016,5,15,38,0,2,4,1,2,US-177,SR-270,0,35.391,-97,0,12,6,0,2,2,0,1,1,1,0,1,0,0,15,37,15,45,16,14,0,0,0,1,0,0
40,400318,2,2,0,0,0,3,3,101,0,25,7,2016,2,20,1,0,1,4,1,2,US-62,CR-2 MILE RD,75,35.797,-95.216,0,12,2,0,2,2,0,1,1,1,0,1,0,0,19,58,20,7,20,51,0,0,0,1,0,0
40,400322,3,3,0,0,0,10,10,153,0,24,7,2016,1,0,30,1,2,3,1,3,SR-15,CR-NS198,80,36.434,-99.48,0,12,6,0,2,2,0,1,2,1,0,1,0,0,0,29,0,40,1,8,0,0,0,2,0,0
40,400323,1,1,0,0,0,1,1,73,0,28,7,2016,5,99,99,0,1,5,1,3,SR-51,,59,36.116,-97.792,0,35,0,0,1,1,0,4,2,1,0,1,0,0,2,13,2,28,88,88,0,0,0,1,0,2
40,400326,2,2,0,0,0,2,2,147,0,2,8,2016,3,15,46,1,1,3,1,2,US-75,CR-EW1100,90,36.859,-95.935,0,12,6,0,2,2,0,1,1,1,0,1,0,0,15,42,15,54,16,18,0,0,0,1,0,0
40,400327,2,2,0,0,0,3,3,77,0,9,8,2016,3,7,4,0,1,4,1,3,SR-2,,43,34.73,-95.282,0,12,6,0,1,1,0,1,1,1,0,1,0,0,7,40,8,10,9,5,0,0,0,2,0,2
40,400328,2,2,0,0,0,2,2,17,3550,9,8,2016,3,8,56,0,2,4,1,3,SR-4,,0,35.58,-97.745,0,12,2,0,1,1,0,1,1,10,0,10,0,0,8,56,9,10,10,14,0,0,0,1,0,2
40,400329,1,1,0,0,0,4,4,87,3870,11,8,2016,5,10,5,0,2,3,1,2,US-77,CR-170TH ST,0,34.957,-97.352,0,35,0,0,3,2,0,4,1,1,0,1,0,0,9,39,9,43,11,5,0,0,0,2,0,0
40,400330,3,3,0,0,0,5,5,27,3430,21,3,2016,2,23,19,0,1,4,1,3,SR-9,,0,35.222,-97.214,0,12,2,0,1,1,0,1,2,1,0,1,0,0,23,19,23,36,88,88,14,0,0,4,0,2
40,400331,4,4,0,0,0,6,6,49,0,13,8,2016,7,17,43,0,1,4,1,2,US-177,,57,34.72,-96.968,0,12,6,0,1,1,0,1,1,1,0,1,0,0,17,47,18,5,19,4,0,0,0,2,0,0
40,400332,2,2,0,0,0,2,2,97,0,14,8,2016,1,19,46,0,1,5,1,3,SR-28,,43,36.438,-95.358,0,12,1,0,8,1,0,1,1,10,0,10,0,0,19,50,20,3,20,41,0,0,0,1,0,2
40,400335,1,1,0,0,0,1,1,23,0,11,6,2016,7,16,44,1,1,3,1,2,US-70,,21,33.995,-95.485,0,1,0,0,1,1,0,3,1,10,0,10,0,0,16,45,16,45,17,0,0,0,0,1,0,0
40,400338,1,1,0,0,0,2,2,145,0,14,8,2016,1,5,54,0,1,5,1,2,US-64,,26,35.88,-95.732,0,1,0,0,1,1,0,4,4,1,0,1,0,0,5,31,5,52,6,55,0,0,0,1,0,0
40,400339,1,1,0,1,1,1,1,125,4300,15,8,2016,2,0,25,0,2,4,1,2,US-177,,0,35.354,-96.96,0,9,0,0,1,1,0,2,2,1,0,1,0,0,0,13,0,19,0,46,0,0,0,1,0,0
40,400340,1,1,0,1,1,1,1,145,0,20,8,2016,7,0,0,0,1,4,1,3,SR-51,,120,35.959,-95.439,0,8,0,0,1,1,0,1,2,2,0,2,0,0,3,23,3,25,88,88,0,0,0,1,0,2
40,400341,1,1,0,0,0,2,2,41,2757,5,7,2016,3,13,18,1,1,3,1,2,US-412,CR-N540,0,36.409,-94.823,0,58,0,0,3,2,0,1,1,1,0,1,0,0,13,14,13,27,13,55,0,0,0,1,0,0
40,400343,2,2,0,0,0,2,2,125,0,10,8,2016,4,21,21,0,1,4,1,2,US-177,,51,35.04,-96.931,0,12,6,0,1,1,0,1,2,1,0,1,0,0,21,26,21,37,22,36,0,0,0,1,1,0
40,400344,2,2,0,0,0,2,2,131,0,21,7,2016,5,6,41,1,1,3,1,2,US-169,,130,36.542,-95.699,0,12,6,0,1,1,0,1,1,1,0,1,0,0,6,37,6,50,7,38,0,0,0,1,0,0
40,400345,2,1,1,0,0,1,1,131,0,3,8,2016,4,12,49,0,1,5,1,3,SR-88,,13,36.186,-95.529,0,53,0,0,1,1,0,4,1,1,0,1,0,0,13,0,13,20,13,45,14,0,0,1,0,1
40,400346,1,1,0,0,0,1,1,81,0,9,8,2016,3,16,30,0,1,5,1,3,SR-18,,20,35.532,-96.894,0,31,0,0,1,1,0,4,1,1,0,1,0,0,99,99,99,99,88,88,0,0,0,1,1,2
40,400347,2,2,0,0,0,2,2,47,0,10,8,2016,4,6,10,1,1,3,1,2,US-64,78TH ST,40,36.398,-97.765,0,12,6,0,2,2,0,1,4,1,0,1,0,0,6,6,6,18,88,88,0,0,0,1,0,0
40,400348,2,2,0,0,0,2,2,53,0,18,8,2016,5,15,7,0,1,4,1,2,US-81,,17,36.605,-97.876,0,12,6,0,1,1,0,2,1,10,0,10,0,0,15,14,15,51,16,52,0,0,0,1,0,0
40,400349,1,1,0,0,0,1,1,79,0,21,8,2016,1,12,12,0,1,5,1,3,SR-1,,201,34.713,-94.656,0,42,0,0,1,1,0,4,1,1,0,1,0,0,99,99,99,99,88,88,0,0,0,1,0,1
40,400351,2,2,0,0,0,3,3,143,4780,7,7,2016,5,11,10,1,2,2,1,2,US-64,,0,36.156,-96.021,0,12,7,0,1,1,0,1,1,10,0,10,0,0,11,12,11,24,11,37,0,0,0,1,0,0
40,400352,2,2,0,0,0,2,2,37,4190,17,8,2016,4,11,32,0,2,4,1,3,SR-117,,0,35.988,-96.089,0,12,2,0,1,1,0,1,1,1,0,1,0,0,11,32,11,35,12,42,0,0,0,1,0,2
40,400354,2,2,0,0,0,3,3,17,3550,26,8,2016,6,6,22,0,1,5,1,3,SR-4,W BRITTON RD,0,35.566,-97.727,0,12,6,0,2,2,0,1,4,1,0,1,0,0,6,22,6,37,7,34,0,0,0,1,0,2
40,400356,2,2,0,0,0,2,2,51,0,22,8,2016,2,6,1,1,1,3,1,2,US-81,,153,35.28,-97.954,0,12,2,0,1,1,0,1,2,10,0,10,0,0,99,99,99,99,88,88,0,0,0,1,0,0
40,400357,1,1,0,0,0,1,1,15,0,23,8,2016,3,17,38,0,1,5,1,3,SR-152,,55,35.338,-98.189,0,1,0,0,1,1,0,4,1,10,0,10,0,0,99,99,99,99,99,99,0,0,0,1,0,1
40,400358,1,1,0,4,4,1,1,17,3550,26,8,2016,6,19,25,1,2,1,1,1,I-40,,0,35.498,-97.784,0,35,0,0,1,1,0,4,1,2,0,2,0,0,19,24,19,35,20,38,19,0,0,2,0,1
40,400361,2,2,0,0,0,3,3,5,260,12,7,2016,3,13,55,1,1,3,1,2,US-75,GREATHOUSE DR,0,34.394,-96.145,0,12,6,0,2,2,1,1,1,1,0,1,0,0,14,1,14,34,15,30,0,0,0,1,0,0
40,400362,1,1,0,1,1,2,2,35,0,7,8,2016,1,21,58,1,1,1,1,1,I-44,,0,36.657,-95.099,0,8,0,0,1,1,0,1,2,10,0,10,0,0,99,99,99,99,88,88,19,0,0,1,0,1
40,400363,2,2,0,0,0,2,2,21,0,21,8,2016,1,17,55,0,1,5,1,3,SR-80,,27,35.846,-95.232,0,1,0,0,1,1,0,1,1,1,0,1,0,0,17,50,18,2,88,88,0,0,0,1,2,2
40,400365,3,3,0,0,0,6,6,31,3123,5,5,2016,5,15,0,0,1,5,1,3,SR-58,,0,34.736,-98.472,0,12,2,0,1,1,0,1,1,1,0,1,0,0,99,99,99,99,88,88,0,0,0,2,0,1
40,400370,1,1,0,0,0,1,1,143,4780,6,8,2016,7,3,32,1,2,2,1,2,US-64,,0,36.15,-96.069,0,1,0,0,1,1,0,1,3,2,0,2,0,0,3,32,3,41,4,28,0,0,0,1,1,0
40,400371,1,1,0,1,1,1,1,143,4780,12,8,2016,6,4,19,1,2,1,1,1,I-44,,0,36.157,-95.835,0,8,0,0,1,1,0,1,2,1,0,1,0,0,4,24,4,29,88,88,0,0,0,1,0,1
40,400372,2,2,0,0,0,2,2,51,0,12,8,2016,6,5,11,0,1,5,1,3,SR-19,CR-2910,91,34.926,-97.812,0,12,6,0,2,2,4,1,2,10,0,10,0,0,5,15,5,24,88,88,0,0,0,1,1,2
40,400373,2,2,0,0,0,3,3,93,0,21,8,2016,1,16,0,0,1,4,1,2,US-60,,56,36.391,-98.339,0,12,2,0,1,1,0,2,1,1,0,1,0,0,16,11,16,15,17,51,0,0,0,1,0,0
40,400376,1,1,0,0,0,1,1,109,3550,20,8,2016,7,4,17,1,2,1,1,1,I-44,,0,35.502,-97.578,0,24,0,0,1,1,0,4,3,2,0,2,0,0,4,21,4,28,5,16,0,0,0,1,0,1
40,400379,1,1,0,0,0,1,1,87,5000,6,9,2016,3,7,21,0,1,5,1,3,SR-74,,0,35.092,-97.477,0,1,0,0,1,1,0,4,2,10,0,10,0,0,7,16,10,22,88,88,0,0,0,1,0,2
40,400381,1,1,0,0,0,3,3,143,4780,2,8,2016,3,16,10,0,2,5,1,3,SR-11,,0,36.199,-95.957,0,25,0,0,1,1,0,4,1,1,0,1,0,0,16,10,16,17,17,17,0,0,0,1,0,2
40,400382,1,1,0,0,0,3,3,59,0,13,8,2016,7,12,50,0,1,4,1,3,SR-34,,121,36.642,-99.365,0,1,0,0,1,1,0,4,1,1,0,1,0,0,12,55,13,14,88,88,0,0,0,2,0,2
40,400383,2,2,0,0,0,5,5,111,0,2,9,2016,6,18,1,1,1,1,1,1,I-40,,0,35.431,-96.045,0,12,1,0,1,1,0,1,1,1,0,1,0,0,99,99,99,99,99,99,26,0,0,1,0,1
40,400384,2,2,0,0,0,3,3,135,0,4,9,2016,1,13,53,0,1,4,1,2,US-64,,199,35.405,-94.462,0,12,6,0,1,1,0,1,1,1,0,1,0,0,13,56,14,5,88,88,0,0,0,1,0,0
40,400390,1,1,0,0,0,1,1,125,4650,9,9,2016,6,7,7,0,2,4,1,2,US-177,,0,35.224,-96.924,0,35,0,0,1,1,0,4,1,10,0,10,0,0,99,99,99,99,88,88,0,0,0,1,0,0
40,400391,1,1,0,1,1,1,1,111,0,31,7,2016,1,5,20,0,1,4,1,3,SR-16,,165,35.741,-96.179,0,8,0,0,1,1,0,1,2,1,0,1,0,0,99,99,99,99,88,88,0,0,0,1,0,2
40,400392,1,1,0,0,0,1,1,99,0,28,8,2016,1,8,6,0,1,5,1,2,US-77,,130,34.378,-97.136,0,43,0,0,1,1,0,4,9,1,0,1,0,0,88,88,88,88,88,88,0,0,0,1,1,0
40,400393,1,1,0,0,0,1,1,47,0,3,9,2016,7,8,31,0,1,5,1,3,SR-74,CR- E BUFFALO RD,20,36.564,-97.587,0,1,0,0,2,2,0,1,1,10,0,10,0,0,99,99,99,99,88,88,0,0,0,1,0,2
40,400394,1,1,0,0,0,1,1,119,0,11,9,2016,1,2,42,0,1,3,1,2,US-177,,65,36.197,-97.07,0,33,0,0,1,1,0,3,2,10,0,10,0,0,99,99,99,99,88,88,0,0,0,1,1,0
40,400395,1,1,0,0,0,2,2,81,4530,7,7,2016,5,8,18,0,1,5,1,3,SR-66,,0,35.754,-96.635,0,32,0,0,1,1,0,5,1,1,0,1,0,0,8,27,8,59,9,32,0,0,0,2,0,0
40,400397,1,1,0,0,0,1,1,9,0,6,9,2016,3,10,38,0,1,4,1,3,SR-6,,47,35.361,-99.4,0,23,0,0,1,1,0,4,1,10,0,10,0,0,10,26,10,33,88,88,0,0,0,1,0,2
40,400398,1,1,0,0,0,1,1,87,0,11,9,2016,1,7,59,0,1,5,1,3,SR-59,CR-3270,94,34.89,-97.177,0,42,0,0,3,4,0,4,1,1,0,1,0,0,7,59,8,21,88,88,0,0,0,1,0,2
40,400399,1,1,0,0,0,1,1,109,3550,15,9,2016,5,15,39,1,2,1,1,1,I-44,,0,35.516,-97.545,0,25,0,0,1,1,0,3,1,2,0,2,0,0,15,40,15,48,88,88,0,0,0,1,0,1
40,400402,1,1,0,0,0,1,1,49,0,1,9,2016,5,19,17,0,1,5,1,3,SR-19,,13,34.755,-97.204,0,34,0,0,1,1,0,4,1,10,0,10,0,0,99,99,99,99,99,99,0,0,0,1,1,2
40,400405,2,2,0,0,0,2,2,13,700,24,8,2016,4,15,57,1,1,3,1,2,US-69,,0,34.133,-96.274,0,21,0,0,1,1,0,4,1,1,0,1,0,0,88,88,88,88,88,88,14,0,0,1,0,0
40,400406,1,1,0,1,1,2,2,143,4780,20,8,2016,7,4,24,1,2,1,1,1,I-44,,0,36.097,-95.92,0,8,0,0,1,1,0,99,3,10,0,10,0,0,4,22,4,29,5,4,0,0,0,1,1,1
40,400407,2,2,0,0,0,8,8,97,0,4,9,2016,1,11,27,0,1,5,1,3,SR-28,,86,36.455,-95.125,0,12,2,0,1,1,0,1,1,1,0,1,0,0,11,25,11,37,13,44,0,0,0,1,0,2
40,400408,2,2,0,0,0,6,6,43,0,5,9,2016,2,18,41,1,1,3,1,2,US-183,US-60,0,36.144,-98.956,0,12,6,0,2,2,0,1,1,10,0,10,0,0,18,45,19,20,20,31,0,0,0,2,0,0
40,400409,1,1,0,0,0,1,1,125,4300,19,9,2016,2,19,6,0,2,4,1,2,US-177,,0,35.362,-96.971,0,7,0,0,1,1,0,1,1,1,0,1,0,0,19,6,19,10,19,47,0,0,0,1,0,0
40,400410,2,2,0,0,0,3,3,89,0,19,9,2016,2,9,40,1,1,3,1,2,US-70,SR-98,73,33.991,-95.035,0,12,6,0,2,2,0,1,1,10,0,10,0,0,9,46,10,29,12,7,0,0,0,1,0,0
40,400411,1,1,0,1,1,1,1,19,0,31,8,2016,4,20,26,1,1,1,1,1,I-35,,13,34.218,-97.164,0,8,0,0,1,1,0,1,2,10,0,10,0,0,20,27,20,31,88,88,0,0,0,1,1,1
40,400412,1,1,0,0,0,2,2,33,0,23,9,2016,6,22,18,0,1,5,1,2,US-277,,25,34.21,-98.453,0,5,0,0,1,1,0,1,2,1,0,1,0,0,22,24,22,54,23,26,0,0,0,1,0,0
40,400414,1,1,0,1,1,2,2,51,3416,17,5,2016,3,0,12,1,1,3,1,2,US-81,,0,34.944,-97.952,0,8,0,0,1,1,0,1,3,10,0,10,0,0,0,9,0,15,88,88,0,0,0,1,0,0
40,400415,1,1,0,1,1,1,1,87,1350,8,5,2016,1,0,30,0,1,5,1,3,SR-76,,0,34.997,-97.653,0,8,0,0,1,1,0,1,2,1,0,1,0,0,1,9,1,25,2,25,0,0,0,1,1,2
40,400416,2,2,0,0,0,3,3,21,0,26,9,2016,2,7,51,0,1,4,1,2,US-62,CR-S470,43,35.819,-95.056,0,12,6,0,2,2,0,1,1,1,0,1,0,0,7,42,7,49,88,88,0,0,0,1,0,0
40,400420,1,1,0,0,0,2,2,99,1270,17,9,2016,7,13,18,1,1,3,1,3,SR-7,,0,34.506,-97.095,0,1,0,0,1,1,0,1,1,10,0,10,0,0,13,20,13,26,13,53,0,0,0,1,0,2
40,400421,2,2,0,0,0,2,2,89,0,30,9,2016,6,16,20,1,1,3,1,2,US-70,,41,33.975,-94.749,0,12,7,0,7,1,0,1,1,1,0,1,0,0,16,20,16,26,16,48,0,0,0,1,0,0
40,400423,2,2,0,0,0,2,2,37,1410,6,7,2016,4,16,50,0,1,5,1,3,SR-99,SR-33 BYPASS,0,35.989,-96.615,0,12,6,0,2,2,0,1,1,1,0,1,0,0,99,99,99,99,88,88,0,0,0,1,1,2
40,400424,1,1,0,0,0,1,1,131,0,25,9,2016,1,2,47,0,1,5,1,3,SR-88,,88,36.279,-95.585,0,1,0,0,1,1,0,4,2,1,0,1,0,0,99,99,99,99,88,88,0,0,0,1,1,1
40,400425,2,2,0,0,0,2,2,139,0,18,9,2016,1,19,52,1,1,3,1,2,US-54,,92,36.761,-101.356,0,12,8,0,1,1,0,1,1,1,0,1,0,0,99,99,99,99,88,88,0,0,0,1,0,0
40,400427,1,1,0,0,0,2,2,97,0,5,9,2016,2,17,6,1,1,3,1,2,US-412,,0,36.184,-95.188,0,34,0,0,1,1,0,4,1,1,0,1,0,0,16,58,17,5,99,99,0,0,0,1,0,0
40,400428,1,1,0,0,0,1,1,113,0,23,9,2016,6,99,99,0,1,5,1,3,SR-11,,265,36.475,-96.036,0,1,0,0,1,1,0,4,1,1,0,1,0,0,2,49,3,10,88,88,18,0,0,1,0,2
40,400429,3,2,1,1,2,2,3,111,0,28,9,2016,4,17,26,1,1,3,1,2,US-75,,64,35.696,-95.981,0,12,7,0,1,1,0,1,1,1,0,1,0,0,99,99,99,99,99,99,0,0,0,1,0,0
40,400430,2,2,0,0,0,4,4,117,0,6,10,2016,5,12,44,0,1,4,1,3,SR-18,,47,36.228,-96.784,0,12,6,0,8,1,0,1,1,10,0,10,0,0,12,44,12,57,13,48,0,0,0,1,0,2
40,400431,1,1,0,0,0,3,3,89,0,8,10,2016,7,21,18,1,1,3,1,3,SR-3,,21,34.059,-94.817,0,42,0,0,1,1,0,4,2,1,0,1,0,0,99,99,99,99,99,99,0,0,0,1,1,2
40,400433,2,2,0,0,0,2,2,123,0,12,9,2016,2,8,55,0,1,4,1,3,SR-19,CR-3525,31,34.786,-96.731,0,12,1,0,3,3,0,1,1,1,0,1,0,0,8,59,9,3,9,33,0,0,0,1,0,2
40,400434,2,2,0,0,0,2,2,97,3855,14,9,2016,4,5,50,0,1,4,1,3,SR-20,CR-435,0,36.3,-95.256,0,12,6,0,2,2,0,1,2,1,0,1,0,0,99,99,99,99,99,99,0,0,0,1,0,2
40,400436,1,1,0,0,0,1,1,123,0,30,9,2016,6,8,12,0,1,4,1,3,SR-1,,26,34.644,-96.804,0,1,0,0,1,1,0,4,1,1,0,1,0,0,8,16,8,28,88,88,0,0,0,1,0,1
40,400438,2,2,0,0,0,2,2,147,0,8,10,2016,7,11,40,1,1,3,1,2,US-75,,125,36.604,-95.935,0,12,1,0,8,1,0,1,1,1,0,1,0,0,11,40,11,49,12,35,0,0,0,1,0,0
40,400439,2,2,0,0,0,2,2,143,4780,8,9,2016,5,12,27,1,2,3,1,2,US-169,,0,36.222,-95.852,0,12,1,0,1,1,0,1,1,10,0,10,0,0,99,99,99,99,99,99,28,0,0,1,1,0
40,400442,2,2,0,0,0,2,2,13,1430,12,10,2016,4,18,2,1,2,2,1,2,US-75,,0,34,-96.403,0,12,1,0,1,1,4,1,1,10,0,10,0,0,18,5,18,17,88,88,26,0,0,1,0,0
40,400443,2,2,0,0,0,3,3,143,4780,16,10,2016,1,21,10,1,2,3,1,2,US-169,,0,36.133,-95.86,0,1,0,0,1,1,0,1,3,10,0,10,0,0,21,15,21,17,21,34,0,0,0,1,0,0
40,400444,2,2,0,0,0,2,2,89,0,17,10,2016,2,14,49,1,1,3,1,2,US-70,CR-CRAIG RD,142,34.041,-94.635,0,12,6,0,3,2,4,1,1,1,0,1,0,0,14,43,15,5,88,88,0,0,0,2,1,0
40,400445,2,2,0,0,0,2,2,5,260,16,9,2016,6,22,56,1,1,3,1,2,US-69,,0,34.42,-96.097,0,12,2,0,1,1,0,1,2,1,0,1,0,0,99,99,99,99,88,88,0,0,0,1,0,0
40,400448,1,1,0,0,0,2,2,125,0,14,10,2016,6,0,0,0,1,4,1,2,US-177,SR-59,0,35.073,-96.931,0,59,0,0,3,3,0,4,2,10,0,10,0,0,7,30,7,41,9,52,0,0,0,1,1,0
40,400449,1,1,0,0,0,1,1,21,0,14,10,2016,6,99,99,0,1,5,1,3,SR-82,,47,35.688,-94.911,0,58,0,0,1,1,0,4,9,2,0,2,0,0,0,16,0,35,88,88,0,0,0,1,0,2
40,400454,1,1,0,0,0,1,1,89,0,21,10,2016,6,16,52,0,1,3,1,2,US-259,,74,34.133,-94.745,0,58,0,0,1,1,0,4,1,1,0,1,0,0,16,48,16,51,88,88,0,0,0,1,1,0
40,400455,1,1,0,1,1,1,1,143,4780,30,8,2016,3,22,16,0,2,5,1,3,SR-11,,0,36.173,-95.885,0,8,0,0,1,1,0,1,3,1,0,1,0,0,22,15,22,26,22,43,0,0,0,1,0,2
40,400458,1,1,0,0,0,2,2,103,0,15,10,2016,7,18,34,1,1,1,1,1,I-35,,0,36.488,-97.328,0,35,0,0,1,1,0,4,1,10,0,10,0,0,99,99,99,99,88,88,0,0,0,1,0,1
40,400459,2,2,0,0,0,5,5,61,0,25,10,2016,3,22,36,0,1,4,1,3,SR-9,,214,35.261,-94.873,0,12,6,0,1,1,0,1,2,1,0,1,0,0,22,37,22,55,23,11,0,0,0,1,0,2
40,400460,1,1,0,1,1,4,4,109,3550,23,10,2016,1,21,43,1,2,1,1,1,I-44,,0,35.525,-97.531,0,8,0,0,1,1,0,1,3,1,0,1,0,0,21,43,21,50,22,4,0,0,0,1,0,1
40,400462,1,1,0,0,0,4,4,99,0,13,10,2016,5,22,22,0,1,5,1,3,SR-7,,129,34.509,-96.899,0,1,0,0,1,1,0,4,2,2,0,2,0,0,21,52,22,15,22,35,0,0,0,1,1,2
40,400464,1,1,0,0,0,5,5,143,4780,14,10,2016,6,0,3,1,2,3,1,2,US-169,,0,36.149,-95.86,0,25,0,0,1,1,0,3,2,5,0,5,0,0,0,7,0,19,0,35,20,0,0,2,0,0
40,400465,2,2,0,0,0,3,3,131,0,15,10,2016,7,10,57,0,1,5,1,3,SR-88,,24,36.351,-95.632,0,12,6,0,1,1,0,1,1,10,0,10,0,0,11,1,11,12,12,5,0,0,0,1,0,1
40,400467,1,1,0,1,1,1,1,125,0,27,9,2016,3,13,48,0,1,4,1,3,SR-9,,0,35.258,-96.783,0,8,0,0,1,1,0,1,1,1,0,1,0,0,99,99,99,99,88,88,0,0,0,1,0,2
40,400468,1,1,0,0,0,1,1,69,4970,6,10,2016,5,5,22,0,1,5,1,3,SR-7,,0,34.375,-96.436,0,11,0,0,1,1,0,1,2,10,0,10,0,0,5,24,5,49,88,88,0,0,0,1,0,2
40,400469,1,1,0,0,0,1,1,17,1820,13,10,2016,5,20,40,1,1,1,1,1,I-40,,0,35.538,-98.262,0,42,0,0,1,1,0,3,2,10,0,10,0,0,99,99,99,99,88,88,0,0,0,1,0,1
40,400471,2,2,0,0,0,2,2,83,2000,21,10,2016,6,7,58,0,2,3,1,3,SR-33,MIDWEST BLVD,0,35.879,-97.39,0,12,6,0,2,2,0,1,1,1,0,1,0,0,99,99,99,99,88,88,0,0,0,1,0,1
40,400473,1,1,0,0,0,1,1,81,0,3,11,2016,5,8,10,0,1,5,1,3,SR-66,,58,35.71,-96.794,0,42,0,0,1,1,0,4,4,10,0,10,0,0,88,88,88,88,88,88,0,0,0,1,0,0