STATE,ST_CASE,VE_TOTAL,VE_FORMS,PVH_INVL,PEDS,PERNOTMVIT,PERMVIT,PERSONS,COUNTY,CITY,DAY,MONTH,YEAR,DAY_WEEK,HOUR,MINUTE,NHS,RUR_URB,FUNC_SYS,RD_OWNER,ROUTE,TWAY_ID,TWAY_ID2,MILEPT,LATITUDE,LONGITUD,SP_JUR,HARM_EV,MAN_COLL,RELJCT1,RELJCT2,TYP_INT,WRK_ZONE,REL_ROAD,LGT_COND,WEATHER1,WEATHER2,WEATHER,SCH_BUS,RAIL,NOT_HOUR,NOT_MIN,ARR_HOUR,ARR_MIN,HOSP_HR,HOSP_MN,CF1,CF2,CF3,FATALS,DRUNK_DR,RANK
40,400474,1,1,0,0,0,2,2,83,2000,21,10,2016,6,15,3,0,2,3,1,3,SR-33,,0,35.906,-97.337,0,38,0,0,1,1,0,4,1,1,0,1,0,0,99,99,99,99,99,99,0,0,0,1,0,1
40,400478,2,2,0,0,0,4,4,93,0,29,10,2016,7,11,22,1,1,3,1,2,US-412,US-281,149,36.421,-98.889,0,12,6,0,2,2,0,1,1,10,0,10,0,0,99,99,99,99,99,99,0,0,0,1,0,0
40,400480,1,1,0,0,0,1,1,121,0,7,9,2016,4,23,45,0,1,5,1,3,SR-31,,143,35.058,-95.569,0,1,0,0,1,1,0,1,2,1,0,1,0,0,99,99,99,99,99,99,0,0,0,1,1,2
40,400481,1,1,0,1,1,1,1,109,3550,9,9,2016,6,12,30,1,2,1,1,1,I-40,,0,35.46,-97.607,0,8,0,0,1,1,0,1,1,1,0,1,0,0,12,28,12,36,12,50,0,0,0,1,0,1
40,400482,2,2,0,0,0,3,3,93,4040,23,10,2016,1,12,26,0,1,6,1,2,US-60,SR-58,0,36.391,-98.248,0,12,6,0,2,2,0,1,1,1,0,1,0,0,12,26,12,33,13,7,0,0,0,1,0,0
40,400483,2,1,1,1,1,1,1,19,0,24,10,2016,2,20,0,1,1,1,1,1,I-35,,0,34.084,-97.151,0,14,0,0,1,1,0,4,2,1,0,1,0,0,20,19,20,30,88,88,23,0,0,1,0,1
40,400487,2,2,0,0,0,2,2,89,0,7,11,2016,2,4,45,1,1,3,1,2,US-70,,227,34.056,-94.489,0,12,2,0,1,1,0,1,2,10,0,10,0,0,4,41,5,1,99,99,0,0,0,1,0,0
40,400488,3,3,0,0,0,7,7,31,0,7,11,2016,2,7,46,0,1,5,1,2,US-277,,78,34.803,-98.259,0,12,6,0,1,1,0,1,1,2,0,2,0,0,8,14,8,35,9,11,0,0,0,1,0,0
40,400490,2,2,0,0,0,3,3,13,1430,13,5,2016,6,23,30,0,2,5,1,3,SR-78,,0,33.954,-96.373,0,12,1,0,1,1,0,1,3,1,0,1,0,0,23,44,23,49,0,15,0,0,0,1,0,1
40,400491,2,2,0,0,0,2,2,43,0,20,10,2016,5,13,0,1,1,3,1,2,US-183,CR-EW81,19,35.841,-98.969,0,12,6,0,2,2,0,1,1,1,0,1,0,0,99,99,99,99,88,88,0,0,0,1,0,0
40,400492,2,2,0,0,0,3,3,143,0,23,10,2016,1,3,18,1,1,3,1,2,US-75,,18,36.267,-95.924,0,12,2,0,1,1,0,1,2,1,0,1,0,0,99,99,99,99,99,99,0,0,0,1,2,0
40,400494,2,2,0,0,0,5,5,9,1510,19,8,2016,6,16,43,0,2,4,1,3,SR-66,,0,35.412,-99.43,0,12,6,0,1,1,0,1,1,2,0,2,0,0,88,88,88,88,88,88,19,23,0,1,0,0
40,400495,2,2,0,0,0,3,3,51,0,28,10,2016,6,20,26,0,1,5,1,3,SR-19,CR-2960,150,34.881,-97.724,0,12,6,0,2,2,0,1,2,1,0,1,0,0,20,23,20,31,21,10,0,0,0,1,0,2
40,400499,2,2,0,0,0,5,5,47,0,4,11,2016,6,18,14,0,2,4,1,2,US-60,SR-45,78,36.463,-97.873,0,12,6,0,2,2,0,1,1,1,0,1,0,0,18,16,18,25,18,53,0,0,0,2,0,0
40,400503,2,2,0,0,0,3,3,133,0,14,11,2016,2,8,40,1,1,3,1,2,US-377,,67,35.128,-96.679,0,12,2,0,1,1,0,1,1,1,0,1,0,0,8,46,9,16,9,58,0,0,0,1,0,0
40,400506,2,2,0,0,0,4,4,13,1430,14,11,2016,2,18,55,1,2,3,1,2,US-70,,0,33.998,-96.426,0,12,1,0,1,1,0,1,3,1,0,1,0,0,18,56,19,0,88,88,0,0,0,1,1,0
40,400507,1,1,0,0,0,1,1,105,0,20,11,2016,1,4,17,0,1,5,1,3,SR-28,,15,36.767,-95.603,0,52,0,0,1,1,0,4,2,1,0,1,0,0,4,5,99,97,99,97,0,0,0,1,1,2
40,400508,1,1,0,0,0,1,1,109,3550,21,11,2016,2,12,15,1,2,1,1,1,I-44,,0,35.605,-97.397,0,1,0,0,1,1,0,4,1,1,0,1,0,0,12,27,12,39,88,88,0,0,0,1,0,1
40,400511,2,2,0,0,0,2,2,87,440,16,11,2016,4,16,6,0,1,5,1,3,SR-76,S TYLER AVE,0,35.113,-97.653,0,12,6,0,2,4,4,1,1,1,0,1,0,0,16,5,16,21,16,44,0,0,0,1,0,2
40,400513,1,1,0,1,1,1,1,49,3670,17,11,2016,5,18,35,0,2,3,1,3,SR-19,,0,34.739,-97.259,0,8,0,0,1,1,0,1,3,1,0,1,0,0,99,99,99,99,88,88,0,0,0,1,0,2
40,400514,1,1,0,0,0,1,1,115,0,22,11,2016,3,23,27,0,1,5,1,3,SR-10,,54,36.871,-94.712,0,42,0,0,1,1,0,4,2,99,0,99,0,0,99,99,99,99,99,99,0,0,0,1,0,2
40,400516,2,2,0,0,0,5,5,141,0,25,11,2016,6,23,0,0,1,4,1,2,US-183,CR-EW183,84,34.363,-99.028,0,12,6,0,2,2,0,1,2,1,0,1,0,0,23,1,23,35,0,18,0,0,0,1,0,0
40,400517,1,1,0,0,0,1,1,143,4780,26,11,2016,7,2,15,1,2,2,1,2,US-64,,0,36.141,-95.954,0,24,0,0,1,1,0,4,2,1,0,1,0,0,99,99,99,99,88,88,0,0,0,1,1,0
40,400518,3,3,0,0,0,6,6,143,3630,12,11,2016,7,22,49,1,2,3,1,2,US-169,,0,36.276,-95.848,0,12,1,0,1,1,0,1,2,1,0,1,0,0,99,99,99,99,88,88,14,0,0,1,0,0
40,400520,2,2,0,0,0,2,2,37,0,25,10,2016,3,9,7,0,1,4,1,3,SR-33,,130,36.003,-96.394,0,12,6,0,1,1,0,1,1,1,0,1,0,0,99,99,99,99,88,88,0,0,0,1,0,1
40,400521,1,1,0,1,1,1,1,123,1648,29,10,2016,7,19,24,0,1,4,1,3,SR-99,,0,34.611,-96.634,0,8,0,0,1,1,0,1,2,1,0,1,0,0,19,27,19,40,20,21,0,0,0,1,0,2
40,400522,2,2,0,0,0,2,2,73,0,6,11,2016,1,18,30,1,1,3,1,3,SR-33,,9,35.841,-98.191,0,12,2,0,1,1,0,1,2,2,0,2,0,0,18,50,19,2,19,51,0,0,0,1,0,1
40,400523,2,2,0,0,0,3,3,109,1480,13,11,2016,1,17,15,0,2,3,1,2,US-77,S COLTRANE RD,0,35.653,-97.443,0,12,6,0,2,2,0,1,3,1,0,1,0,0,17,17,17,24,17,45,0,0,0,1,0,0
40,400524,3,3,0,0,0,3,3,13,1430,14,11,2016,2,2,35,1,2,2,1,2,US-69,,0,33.995,-96.406,0,12,1,0,1,1,0,1,2,1,0,1,0,0,2,41,2,44,88,88,27,0,0,1,0,0
40,400525,2,2,0,0,0,3,3,87,0,17,11,2016,5,5,0,1,1,1,1,1,I-35,,202,35.121,-97.447,0,12,1,0,1,1,0,1,2,1,0,1,0,0,99,99,99,99,88,88,0,0,0,1,0,1
40,400528,3,3,0,0,0,4,4,51,0,21,11,2016,2,18,38,1,1,1,1,1,I-44,,0,34.909,-98.062,0,12,6,0,1,1,0,1,2,1,0,1,0,0,18,42,18,55,20,5,23,19,0,1,0,1
40,400531,2,2,0,0,0,2,2,13,0,22,11,2016,3,16,22,1,1,3,1,2,US-70,,34,33.998,-96.575,0,12,2,0,1,1,0,1,1,10,0,10,0,0,16,19,16,28,17,15,0,0,0,1,1,0
40,400532,1,1,0,1,1,3,3,131,870,25,11,2016,6,18,18,1,2,1,1,1,I-44,,0,36.163,-95.77,0,8,0,0,1,1,0,1,3,1,0,1,0,0,18,18,18,20,88,88,0,0,0,1,0,1
40,400533,1,1,0,1,1,1,1,109,3550,26,11,2016,7,23,16,1,2,3,1,3,SR-3,N PENNSYLVANIA AVE,0,35.523,-97.548,0,8,0,0,2,2,0,1,3,10,0,10,0,0,23,17,23,21,23,43,0,0,0,1,0,2
40,400535,2,2,0,0,0,2,2,81,0,29,11,2016,3,1,48,1,1,1,1,1,I-44,,0,35.697,-96.99,0,12,1,0,1,1,0,1,2,1,0,1,0,0,99,99,99,99,88,88,0,0,0,1,1,1
40,400536,1,1,0,0,0,1,1,61,0,8,12,2016,5,2,28,0,1,4,1,3,SR-2,,53,35.185,-95.241,0,42,0,0,1,1,0,4,2,1,0,1,0,0,2,26,2,44,88,88,0,0,0,1,0,2
40,400540,1,1,0,0,0,2,2,81,0,12,12,2016,2,3,43,1,1,1,1,1,I-44,,99,35.7,-96.974,0,24,0,0,1,1,0,4,2,1,0,1,0,0,99,99,99,99,99,99,0,0,0,1,1,1
40,400541,2,2,0,0,0,2,2,143,4780,4,10,2016,3,1,56,1,2,2,1,2,US-75,,0,36.1,-96.007,0,12,1,0,1,1,0,1,2,1,0,1,0,0,1,56,2,1,2,21,0,0,0,1,1,0
40,400542,2,2,0,0,0,2,2,143,0,14,11,2016,2,6,3,0,1,4,1,3,SR-151,,16,36.15,-96.253,0,12,2,0,1,1,0,1,4,1,0,1,0,0,5,59,6,15,99,99,0,0,0,1,0,2
40,400544,2,2,0,0,0,2,2,115,0,29,9,2016,5,18,10,1,1,1,1,1,I-44,,0,36.745,-94.906,0,12,7,0,1,1,0,1,1,1,0,1,0,0,99,99,99,99,99,99,0,0,0,1,1,1
40,400545,4,4,0,1,1,4,4,109,3550,28,9,2016,4,20,15,1,2,1,1,1,I-35,,0,35.595,-97.433,0,8,0,0,1,1,0,1,3,10,0,10,0,0,20,16,20,26,88,88,0,0,0,1,0,1
40,400551,3,3,0,0,0,4,4,87,3870,14,12,2016,4,12,25,1,2,1,1,1,I-35,,0,35.073,-97.402,0,12,1,0,1,1,0,1,1,10,0,10,0,0,12,27,12,42,13,38,27,0,0,2,0,1
40,400552,1,1,0,0,0,2,2,23,2340,30,10,2016,1,23,48,1,2,3,1,2,US-70,,0,33.997,-95.473,0,59,0,0,1,1,0,4,3,1,0,1,0,0,23,51,0,20,1,54,20,0,0,1,0,0
40,400554,1,1,0,0,0,1,1,133,0,16,12,2016,6,15,16,1,1,1,1,1,I-40,,90,35.385,-96.601,0,34,0,0,1,1,0,4,1,1,0,1,0,0,99,99,99,99,99,99,0,0,0,1,0,1
40,400555,1,1,0,1,1,1,1,123,0,28,11,2016,2,6,24,0,1,4,1,3,SR-3,,95,34.869,-96.839,0,8,0,0,1,1,0,1,2,10,0,10,0,0,99,99,99,99,88,88,0,0,0,1,0,2
40,400556,1,1,0,0,0,1,1,143,4780,9,12,2016,6,4,0,1,2,3,1,2,US-75,,0,36.116,-96.01,0,52,0,0,1,1,0,3,2,1,0,1,0,0,4,9,4,17,88,88,0,0,0,1,0,0
40,400557,2,2,0,0,0,3,3,23,0,13,12,2016,3,23,10,1,2,3,1,2,US-271,CR-2120,52,33.939,-95.523,0,12,6,0,3,2,0,1,2,1,0,1,0,0,23,21,23,30,0,1,0,0,0,1,1,0
40,400558,4,4,0,0,0,5,5,109,3550,15,12,2016,5,18,10,1,2,1,1,1,I-240,,0,35.391,-97.549,0,12,6,0,1,1,0,1,3,12,0,12,0,0,99,99,99,99,99,99,19,23,0,1,0,2
40,400559,1,1,0,0,0,2,2,17,5290,15,12,2016,5,20,6,1,2,1,1,1,I-40,,0,35.487,-97.76,0,57,0,0,1,1,0,3,3,12,0,12,0,0,99,99,99,99,88,88,0,0,0,1,0,1
40,400560,2,2,0,0,0,1,1,81,0,19,11,2016,7,6,22,1,1,1,1,1,I-44,,142,35.715,-96.902,0,12,1,0,1,1,0,1,2,1,0,1,0,0,99,99,99,99,88,88,19,23,0,1,0,1
40,400561,1,1,0,0,0,2,2,17,0,6,12,2016,3,21,2,1,1,1,1,1,I-40,,0,35.529,-98.214,0,1,0,0,1,1,0,3,2,1,0,1,0,0,99,99,99,99,99,99,0,0,0,1,0,1
40,400562,1,1,0,0,0,1,1,109,3550,7,12,2016,4,22,35,1,2,1,1,1,I-35,,0,35.513,-97.459,0,23,0,0,1,1,0,4,3,10,0,10,0,0,99,99,99,99,88,88,0,0,0,1,0,1
40,400563,1,1,0,0,0,10,10,91,0,2,12,2016,6,3,59,1,1,1,1,1,I-40,,32,35.435,-95.819,0,1,0,0,1,1,4,3,2,1,0,1,0,0,99,99,99,99,99,99,0,0,0,1,0,1
40,400567,1,1,0,0,0,1,1,63,0,18,12,2016,1,13,48,0,1,5,1,3,SR-48,,49,35.167,-96.405,0,1,0,0,1,1,0,4,1,1,0,1,0,0,13,37,13,52,88,88,0,0,0,1,0,1
40,400568,2,2,0,0,0,2,2,97,0,20,12,2016,3,18,31,0,1,5,1,3,SR-82,,23,36.316,-95.125,0,12,6,0,1,1,0,1,2,1,0,1,0,0,18,29,18,37,19,9,0,0,0,1,1,2
40,400570,1,1,0,1,1,1,1,143,4780,18,4,2016,2,3,30,0,2,5,1,3,SR-11,,0,36.176,-95.885,0,8,0,0,1,1,0,1,2,2,0,2,0,0,3,29,3,37,3,57,0,0,0,1,0,2
40,400571,2,2,0,0,0,3,3,145,1150,10,12,2016,7,14,54,1,2,3,1,3,SR-51,111TH ST S,0,36.003,-95.681,0,12,6,0,8,1,0,1,1,10,0,10,0,0,14,55,15,3,15,31,0,0,0,1,0,2
40,400572,1,1,0,0,0,2,2,111,0,25,10,2016,3,17,40,0,1,5,1,3,SR-52,,14,35.529,-95.858,0,35,0,0,1,1,0,4,5,10,0,10,0,0,99,99,99,99,99,99,0,0,0,1,0,0
40,400573,1,1,0,0,0,1,1,109,3550,15,12,2016,5,20,49,1,2,1,1,1,I-35,,0,35.58,-97.442,0,25,0,0,1,1,0,3,3,98,0,98,0,0,99,99,99,99,88,88,0,0,0,1,1,1
40,400575,2,2,0,0,0,2,2,55,0,2,12,2016,6,15,53,0,1,5,1,3,SR-34,,175,34.926,-99.502,0,12,2,0,1,1,0,1,1,10,0,10,0,0,15,51,16,34,18,0,0,0,0,1,0,2
40,400576,2,2,0,0,0,2,2,53,0,2,12,2016,6,22,16,0,1,4,1,3,SR-11,,163,36.811,-97.814,0,12,6,0,1,1,0,1,2,1,0,1,0,0,22,13,22,21,23,20,0,0,0,1,0,2
40,400580,1,1,0,0,0,3,3,143,4780,21,12,2016,4,1,5,1,2,3,1,2,US-412,,0,36.156,-96.011,0,57,0,0,1,1,0,3,2,1,0,1,0,0,1,5,1,14,1,27,20,0,0,1,0,0
40,400581,1,1,0,1,1,4,4,145,0,21,12,2016,4,18,20,1,1,3,1,2,US-69,,13,35.832,-95.403,0,8,0,0,1,1,0,1,2,1,0,1,0,0,18,16,18,30,88,88,19,23,0,1,0,0
40,400582,2,2,0,0,0,3,3,37,0,21,12,2016,4,23,10,1,1,1,1,1,I-44,,261,35.963,-96.228,0,12,7,0,1,1,0,1,2,1,0,1,0,0,23,13,23,25,0,10,0,0,0,1,1,1
40,400584,1,1,0,0,0,1,1,125,0,30,12,2016,6,20,11,0,1,5,1,3,SR-39,,36,34.986,-96.866,0,42,0,0,1,1,0,4,2,1,0,1,0,0,20,8,20,34,88,88,0,0,0,1,0,2
40,400588,1,1,0,0,0,2,2,117,0,10,8,2016,4,10,34,0,1,5,1,2,US-64,,38,36.296,-96.501,0,34,0,0,1,1,0,4,1,1,0,1,0,0,99,99,99,99,99,99,0,0,0,1,0,0
40,400589,2,2,0,0,0,2,2,125,0,11,10,2016,3,8,20,0,1,4,1,2,US-177,SR-59B,69,35.145,-96.932,0,12,6,0,2,2,0,1,1,1,0,1,0,0,8,27,8,40,9,46,0,0,0,1,0,0
40,400591,3,3,0,1,1,2,2,51,0,15,11,2016,3,6,4,1,1,1,1,1,I-44,,0,34.936,-98.031,0,12,1,0,1,1,0,1,2,1,0,1,0,0,99,99,99,99,99,99,23,0,0,1,0,1
40,400592,1,1,0,0,0,1,1,119,0,19,11,2016,7,13,12,0,1,4,1,3,SR-33,,73,35.985,-96.638,0,19,0,0,1,1,0,5,1,1,0,1,0,0,13,15,13,23,14,28,0,0,0,1,0,1
40,400593,2,2,0,0,0,3,3,129,0,2,12,2016,6,16,10,0,1,5,1,3,SR-30,CR-E0950,51,35.639,-99.926,0,12,6,0,2,2,0,1,1,10,0,10,0,0,16,7,16,54,18,29,0,0,0,1,1,1
40,400594,3,2,1,0,0,5,5,15,0,14,12,2016,4,9,20,0,1,4,1,3,SR-8,CR-1350,119,35.058,-98.234,0,12,7,0,3,2,0,1,1,1,0,1,0,0,9,15,9,20,9,44,0,0,0,1,0,2
40,400595,1,1,0,0,0,1,1,131,0,17,12,2016,7,15,47,0,1,5,1,3,SR-66,,117,36.453,-95.503,0,34,0,0,1,1,0,4,1,98,0,98,0,0,99,99,99,99,99,99,0,0,0,1,0,0
40,400596,2,2,0,0,0,3,3,3,0,27,12,2016,3,23,10,0,1,5,1,3,SR-45,CR-NS2710,49,36.536,-98.176,0,12,6,0,2,2,0,1,2,1,0,1,0,0,99,99,99,99,99,99,0,0,0,1,1,1
40,400600,2,2,0,0,0,2,2,111,0,23,12,2016,6,18,8,1,1,3,1,2,US-75,CR-261ST ST S,129,35.784,-96.016,0,12,6,0,2,3,0,1,2,10,0,10,0,0,99,99,99,99,88,88,0,0,0,1,0,0
40,400603,2,2,0,0,0,3,3,41,1990,30,12,2016,6,15,43,0,2,3,1,2,US-59,,0,36.616,-94.809,0,12,6,0,8,1,0,1,1,1,0,1,0,0,15,40,15,46,16,42,0,0,0,1,0,0
40,400605,1,1,0,1,1,1,1,51,0,1,12,2016,5,23,0,1,1,1,1,1,I-44,,0,35.079,-97.891,0,8,0,0,1,1,0,1,2,1,0,1,0,0,99,99,99,99,88,88,23,0,0,1,0,1
40,400606,2,2,0,0,0,3,3,93,0,22,12,2016,5,12,2,0,1,4,1,2,US-281,,161,36.437,-98.88,0,12,6,0,1,1,0,1,1,10,0,10,0,0,11,58,12,33,13,48,0,0,0,1,0,0
40,400612,1,1,0,0,0,1,1,37,3010,24,9,2016,7,6,0,0,1,4,1,3,SR-51,,0,36.131,-96.38,0,35,0,0,1,1,0,4,9,1,0,1,0,0,99,99,99,99,88,88,0,0,0,1,1,2
40,400614,2,2,0,0,0,2,2,79,4420,1,10,2016,7,99,99,1,1,3,1,2,US-271,,0,35.241,-94.595,0,12,1,0,1,1,0,1,1,1,0,1,0,0,9,55,10,3,10,46,0,0,0,1,0,0
40,400615,1,1,0,0,0,1,1,31,3123,9,7,2016,7,19,10,0,1,5,1,3,SR-49,,0,34.724,-98.459,0,1,0,0,1,1,0,4,1,1,0,1,0,0,99,99,99,99,88,88,0,0,0,1,1,1
40,400616,3,3,0,1,1,2,2,131,0,17,12,2016,7,23,2,1,1,1,1,1,I-44,,0,36.203,-95.708,0,12,1,0,1,1,0,1,2,4,0,4,0,0,99,99,99,99,88,88,19,23,0,1,0,1
40,400618,2,2,0,0,0,2,2,109,1480,9,12,2016,6,14,52,0,2,3,1,2,US-77,S COLTRANE RD,0,35.653,-97.443,0,12,6,0,3,2,0,1,1,10,0,10,0,0,99,99,99,99,88,88,0,0,0,1,0,0
40,400619,2,2,0,0,0,2,2,19,210,12,11,2016,7,12,38,1,2,3,1,2,US-70,CARTER RD SE,0,34.138,-97.125,0,12,6,0,2,2,0,1,1,1,0,1,0,0,12,39,12,48,13,18,0,0,0,1,0,0
40,400622,2,2,0,0,0,3,3,143,400,7,12,2016,4,16,43,1,2,3,1,2,US-64,S MINGO RD,0,36.101,-95.869,0,12,6,0,2,2,0,1,1,10,0,10,0,0,16,2,16,10,16,55,0,0,0,1,0,0
40,400623,1,1,0,0,0,1,1,111,3560,11,11,2016,6,22,57,0,2,4,1,3,SR-56,,0,35.623,-95.963,0,43,0,0,1,1,0,4,3,1,0,1,0,671847H,99,99,99,99,88,88,0,0,0,1,1,2
40,400625,1,1,0,1,1,1,1,101,0,9,12,2016,6,10,51,0,1,4,1,2,US-62,,1,35.74,-95.64,0,8,0,0,1,1,0,2,1,1,0,1,0,0,10,46,10,56,11,31,23,0,0,1,0,0
40,400626,2,2,0,0,0,2,2,21,2343,12,12,2016,2,9,42,0,1,4,1,3,SR-51,,0,35.937,-95.167,0,12,2,0,1,1,0,1,1,10,0,10,0,0,99,99,99,99,99,99,0,0,0,1,0,2
40,400627,2,2,0,0,0,6,6,19,5200,3,5,2016,3,17,11,0,1,4,1,2,US-70,MULBERRY,0,34.173,-97.413,0,12,6,0,2,3,0,1,1,1,0,1,0,0,99,99,99,99,99,99,0,0,0,1,0,0
41,410008,1,1,0,1,1,1,1,39,0,8,1,2016,6,20,33,1,1,1,1,1,I-5,,1892,44.005,-123.019,0,8,0,0,1,1,0,1,2,5,0,5,0,0,8,35,8,46,99,99,0,0,0,1,0,1
41,410013,1,1,0,1,1,2,2,51,1650,17,1,2016,1,17,47,1,2,1,1,1,I-5,,2990,45.501,-122.674,0,8,0,0,1,1,0,1,3,10,0,10,0,0,99,99,99,99,88,88,0,0,0,1,0,1
41,410022,1,1,0,1,1,1,1,61,0,31,1,2016,1,8,33,1,1,1,1,1,I-84,,2810,45.094,-117.952,0,8,0,0,1,1,0,4,4,5,0,5,0,0,8,34,8,45,88,88,23,0,0,1,0,1
41,410041,2,1,1,0,0,3,3,43,0,24,2,2016,4,15,51,1,1,1,1,1,I-5,,2060,44.236,-123.061,0,14,0,0,1,1,0,4,1,1,0,1,0,0,15,52,16,1,99,99,0,0,0,2,1,1
41,410051,1,1,0,1,1,1,1,47,1168,11,3,2016,6,19,3,1,2,3,4,6,RIVER RD,,0,44.984,-123.027,0,8,0,0,1,1,0,1,2,2,0,2,0,0,19,3,19,7,99,99,0,0,0,1,0,0
41,410053,2,2,0,0,0,2,2,1,0,15,3,2016,3,11,53,1,1,1,1,1,I-84,,3480,44.344,-117.287,0,12,1,0,1,1,0,1,1,1,0,1,0,0,11,50,12,3,99,99,19,0,0,1,0,1
41,410055,1,1,0,0,0,1,1,7,0,19,3,2016,7,19,56,1,1,3,1,2,US-101 (ODOT 9),,277,45.913,-123.947,0,1,0,0,1,1,0,4,2,1,0,1,0,0,19,58,20,2,88,88,0,0,0,1,0,0
41,410063,1,1,0,0,0,1,1,49,0,28,3,2016,2,5,48,1,1,1,1,1,I-84,,1670,45.839,-119.652,0,1,0,0,1,1,0,4,2,1,0,1,0,0,5,45,5,55,8,5,0,0,0,1,0,1
41,410071,2,2,0,0,0,5,5,29,0,1,4,2016,6,22,10,1,1,1,1,1,I-5,,380,42.416,-123.003,0,12,1,0,1,1,0,1,2,1,0,1,0,0,22,15,22,26,99,99,0,0,0,1,0,1
41,410074,2,2,0,0,0,3,3,59,0,3,4,2016,1,1,30,1,1,1,1,1,I-84,,2140,45.656,-118.717,0,12,2,0,1,1,0,1,2,1,0,1,0,0,1,31,1,45,2,7,0,0,0,2,1,1
41,410088,1,1,0,0,0,3,3,1,0,4,4,2016,2,5,30,1,1,1,1,1,I-84,,3060,44.744,-117.801,0,1,0,0,1,1,0,1,2,10,0,10,0,0,5,30,5,39,6,10,0,0,0,2,0,1
41,410093,1,1,0,0,0,3,3,61,0,11,4,2016,2,17,49,1,1,1,1,1,I-84,,2560,45.346,-118.158,0,1,0,0,1,1,0,4,1,1,0,1,0,0,17,51,18,23,18,51,0,0,0,1,0,1
41,410095,1,1,0,0,0,1,1,29,0,12,4,2016,3,14,38,1,2,1,1,1,I-5,,185,42.226,-122.737,0,24,0,0,1,1,0,4,1,10,0,10,0,0,14,38,14,40,88,88,0,0,0,1,0,1
41,410102,1,1,0,0,0,1,1,59,0,19,4,2016,3,15,30,1,1,1,1,1,I-84,,2190,45.577,-118.63,0,24,0,0,1,1,0,4,1,1,0,1,0,0,15,44,16,10,16,46,0,0,0,1,0,1
41,410109,2,2,0,0,0,4,4,7,0,23,4,2016,7,15,9,1,1,3,1,2,US-101 (ODOT 9),,280,45.911,-123.949,0,12,2,0,1,1,0,1,1,2,0,2,0,0,15,9,15,15,99,99,0,0,0,2,0,0
41,410113,1,1,0,0,0,1,1,19,0,25,4,2016,2,3,20,1,1,1,1,1,I-5,,990,42.938,-123.286,0,42,0,0,1,1,0,3,2,1,0,1,0,0,3,21,3,47,88,88,0,0,0,1,0,1
41,410119,1,1,0,0,0,2,2,21,0,1,5,2016,1,4,15,1,1,1,1,1,I-84,,1320,45.698,-120.364,0,24,0,0,1,1,0,4,2,1,0,1,0,0,4,32,4,45,99,99,0,0,0,1,0,1
41,410142,2,2,0,0,0,2,2,67,0,23,5,2016,2,6,44,1,1,3,1,2,US-26,,489,45.652,-123.146,0,12,2,0,1,1,0,1,4,1,0,1,0,0,6,44,6,59,99,99,0,0,0,1,0,0
41,410147,1,1,0,0,0,1,1,29,0,29,5,2016,1,23,8,1,1,1,1,1,I-5,,430,42.425,-123.115,0,57,0,0,1,1,0,3,2,1,0,1,0,0,23,11,23,14,88,88,0,0,0,1,1,1
41,410148,3,3,0,0,0,6,6,57,0,29,5,2016,1,16,30,1,1,3,1,2,US-101 (ODOT 9),,400,45.747,-123.962,0,12,2,0,1,1,0,1,1,1,0,1,0,0,16,36,17,21,17,56,0,0,0,1,0,0
41,410154,4,4,0,0,0,6,6,51,1650,5,6,2016,1,16,29,1,2,1,1,1,I-5,,3070,45.606,-122.682,0,12,1,0,1,1,0,1,1,1,0,1,0,0,16,33,16,59,17,30,0,0,0,1,0,1
41,410166,1,1,0,0,0,1,1,33,0,17,6,2016,6,15,50,1,1,1,1,1,I-5,,620,42.476,-123.349,0,35,0,0,1,1,0,4,1,2,0,2,0,0,15,54,16,0,99,99,0,0,0,1,0,1
41,410167,1,1,0,0,0,1,1,41,0,17,6,2016,6,12,15,1,1,3,1,2,US-101 (ODOT 9),,1030,45.057,-123.954,0,35,0,0,1,1,0,4,1,1,0,1,0,0,12,20,12,31,99,99,0,0,0,1,0,0
41,410169,2,2,0,0,0,2,2,47,0,18,6,2016,7,6,9,1,1,1,1,1,I-5,,2680,45.101,-122.932,0,12,1,0,1,1,0,1,1,10,0,10,0,0,6,10,6,21,88,88,0,0,0,1,1,1
41,410173,1,1,0,0,0,1,1,41,1500,21,6,2016,3,23,31,1,2,3,1,2,US-101 (ODOT 9),,1367,44.689,-124.064,0,42,0,0,1,1,0,4,3,1,0,1,0,0,23,39,23,43,88,88,0,0,0,1,0,0
41,410203,2,2,0,0,0,2,2,67,0,13,7,2016,4,15,22,0,1,5,1,3,SR-47,,690,45.778,-123.216,0,12,2,0,1,1,0,1,1,1,0,1,0,0,15,22,15,32,88,88,0,0,0,2,1,2
41,410208,2,2,0,0,0,4,4,11,140,15,7,2016,6,10,51,1,1,3,1,2,US-101 (ODOT 9),9TH ST SW,2744,43.115,-124.415,0,12,1,0,3,2,0,1,1,1,0,1,0,0,10,51,10,53,88,88,0,0,0,1,0,0
41,410237,2,2,0,0,0,2,2,39,0,7,8,2016,1,8,47,1,1,3,1,2,US-101 (ODOT 9),,1740,44.188,-124.114,0,12,2,0,1,1,1,1,1,10,0,10,0,0,8,46,9,8,10,12,0,0,0,1,0,0