STATE,ST_CASE,VE_TOTAL,VE_FORMS,PVH_INVL,PEDS,PERNOTMVIT,PERMVIT,PERSONS,COUNTY,CITY,DAY,MONTH,YEAR,DAY_WEEK,HOUR,MINUTE,NHS,RUR_URB,FUNC_SYS,RD_OWNER,ROUTE,TWAY_ID,TWAY_ID2,MILEPT,LATITUDE,LONGITUD,SP_JUR,HARM_EV,MAN_COLL,RELJCT1,RELJCT2,TYP_INT,WRK_ZONE,REL_ROAD,LGT_COND,WEATHER1,WEATHER2,WEATHER,SCH_BUS,RAIL,NOT_HOUR,NOT_MIN,ARR_HOUR,ARR_MIN,HOSP_HR,HOSP_MN,CF1,CF2,CF3,FATALS,DRUNK_DR,RANK
41,410253,1,1,0,0,0,1,1,41,0,4,1,2016,2,21,30,1,1,3,1,2,US-101 (ODOT 9),,1260,44.83,-124.057,0,42,0,0,1,1,0,4,2,1,0,1,0,0,12,30,12,35,88,88,0,0,0,1,0,0
41,410257,3,3,0,0,0,5,5,33,0,26,8,2016,6,10,34,1,1,1,1,1,I-5,,660,42.576,-123.374,0,12,6,0,1,1,0,1,1,1,0,1,0,0,10,34,10,36,88,88,0,0,0,1,0,1
41,410282,1,1,0,0,0,1,1,7,1870,8,9,2016,5,17,4,1,2,3,1,2,US-101 (ODOT 9),,222,45.978,-123.927,0,30,0,0,1,1,0,4,1,1,0,1,0,0,17,4,17,5,99,99,0,0,0,1,0,0
41,410309,2,2,0,0,0,2,2,5,0,26,9,2016,2,6,30,1,1,1,1,1,I-5,,2800,45.271,-122.777,0,12,6,0,1,1,0,1,4,1,0,1,0,0,6,35,6,45,88,88,0,0,0,1,0,1
41,410319,1,1,0,0,0,2,2,59,0,23,9,2016,6,16,35,1,1,1,1,1,I-82,,30,45.845,-119.371,0,1,0,0,1,1,0,3,1,1,0,1,0,0,16,35,16,42,99,99,0,0,0,1,1,1
41,410337,1,1,0,0,0,2,2,19,0,29,9,2016,5,11,0,1,1,3,1,2,US-101 (ODOT 9),,2060,43.772,-124.143,0,24,0,0,1,1,0,4,1,1,0,1,0,0,11,17,11,28,99,99,0,0,0,1,0,0
41,410349,1,1,0,0,0,1,1,33,0,12,12,2016,2,13,15,1,1,1,1,1,I-5,,800,42.739,-123.37,0,42,0,0,1,1,0,4,1,10,0,10,0,0,13,17,13,22,88,88,0,0,0,1,0,1
41,410354,2,2,0,0,0,5,5,47,2260,17,12,2016,7,11,30,1,2,1,1,1,I-5,I-5 RAMP,2718,45.151,-122.881,0,12,6,1,3,3,0,1,1,10,0,10,0,0,11,38,11,42,99,99,0,0,0,2,0,1
41,410365,2,2,0,0,0,2,2,49,0,24,10,2016,2,19,39,1,1,1,1,1,I-84,,1670,45.838,-119.648,0,12,2,0,1,1,0,1,2,2,0,2,0,0,19,38,19,52,88,88,0,0,0,2,0,1
41,410368,2,2,0,0,0,3,3,57,2070,5,10,2016,4,9,12,1,2,3,1,2,US-101 (ODOT 9),WILSON RIVER LP,646,45.473,-123.844,0,12,6,0,2,2,0,1,1,2,0,2,0,0,99,99,99,99,99,99,0,0,0,1,0,0
41,410372,1,1,0,0,0,4,4,19,0,12,10,2016,4,1,45,1,1,1,1,1,I-5,,1170,43.111,-123.355,0,24,0,0,1,1,0,4,2,1,0,1,0,0,1,57,2,8,2,46,0,0,0,1,0,1
41,410383,2,2,0,0,0,2,2,39,0,26,10,2016,4,13,55,1,1,3,1,2,US-101 (ODOT 9),SUTTON LAKE RD,1850,44.051,-124.098,0,12,6,0,2,3,0,1,1,2,0,2,0,0,99,99,99,99,88,88,0,0,0,1,0,0
41,410390,1,1,0,1,1,4,4,1,0,6,11,2016,1,22,3,1,1,1,1,1,I-84,,2885,44.988,-117.896,0,8,0,0,1,1,0,1,3,1,0,1,0,0,22,3,22,25,88,88,0,0,0,1,0,1
41,410400,2,2,0,0,0,3,3,67,2100,18,11,2016,6,1,45,1,2,1,1,1,I-5,,2890,45.375,-122.755,0,12,6,0,1,1,0,1,3,10,0,10,0,0,99,99,99,99,88,88,0,0,0,2,0,1
41,410401,1,1,0,1,1,2,2,47,0,18,11,2016,6,20,20,1,1,1,1,1,I-5,,2810,45.27,-122.778,0,8,0,0,1,1,0,1,2,10,0,10,0,0,20,34,20,47,21,15,19,23,0,1,0,1
41,410402,2,1,1,0,0,1,1,19,2020,19,11,2016,7,19,50,1,2,1,1,1,I-5,,1360,43.379,-123.338,0,38,0,0,1,1,0,4,2,1,0,1,0,0,19,53,19,57,99,99,0,0,0,1,0,1
41,410405,1,1,0,0,0,1,1,33,0,21,11,2016,2,23,40,1,1,1,1,1,I-5,,525,42.427,-123.235,0,1,0,0,1,1,0,3,2,10,0,10,0,0,23,42,23,52,0,37,0,0,0,1,0,1
41,410409,1,1,0,1,1,1,1,39,660,22,11,2016,3,18,21,1,2,3,4,6,RIVER RD,,0,44.071,-123.118,0,8,0,0,1,1,0,1,3,2,0,2,0,0,18,21,18,25,88,88,0,0,0,1,0,0
41,410410,2,2,0,0,0,2,2,39,660,22,11,2016,3,19,53,1,2,3,1,6,RIVER RD,DIVISION AVE,0,44.099,-123.129,0,12,2,0,2,2,0,1,3,2,0,2,0,0,19,53,19,57,20,13,0,0,0,1,0,0
41,410430,2,2,0,1,1,4,4,41,1225,2,12,2016,6,21,5,1,2,3,1,2,US-101 (ODOT 9),NW 26TH ST,1136,44.984,-124.007,0,8,0,0,3,3,0,1,3,10,0,10,0,0,21,5,99,99,88,88,0,0,0,1,0,0
41,410438,1,1,0,0,0,1,1,27,0,8,12,2016,5,14,5,1,1,1,1,1,I-84,,425,45.666,-121.891,0,25,0,0,1,1,0,4,1,4,0,4,0,0,14,7,14,30,88,88,0,0,0,1,0,1
41,410441,1,1,0,1,1,1,1,41,0,20,12,2016,3,19,40,1,1,3,1,2,US-101 (ODOT 9),,1640,44.318,-124.104,0,8,0,0,1,1,0,1,2,1,0,1,0,0,19,41,19,45,88,88,0,0,0,1,0,0
41,410444,1,1,0,1,1,1,1,47,0,8,11,2016,3,4,0,1,1,1,1,1,I-5,,2690,45.124,-122.908,0,8,0,0,1,1,0,1,2,98,0,98,0,0,10,32,99,99,88,88,0,0,0,1,0,1
42,420051,2,2,0,0,0,2,2,65,0,21,1,2016,5,12,44,0,1,4,1,3,SR-28,,126,41.197,-79.003,0,12,8,0,1,1,0,1,1,1,0,1,0,0,99,99,99,99,88,88,0,0,0,1,0,2
42,420052,2,2,0,0,0,4,4,41,0,21,1,2016,5,20,49,1,1,1,1,1,I-81 AMERICAN LEGION MEM HWY,,263,40.033,-77.502,0,12,6,0,1,1,0,1,2,1,0,1,0,0,99,99,99,99,88,88,0,0,0,2,0,0
42,420060,2,2,0,0,0,2,2,9,0,24,2,2016,4,20,10,0,1,4,99,2,US-30 LINCOLN HWY,SR-1044 MAIN ST,259,40.02,-78.351,0,12,6,0,2,3,0,1,2,5,0,5,0,0,20,9,20,18,88,88,0,0,0,1,0,0
42,420076,2,2,0,0,0,4,4,95,8140,13,2,2016,7,21,30,1,2,3,1,3,SR-33,,87,40.754,-75.267,0,12,6,1,18,1,0,1,3,1,0,1,0,0,99,99,99,99,99,99,0,0,0,2,0,1
42,420078,2,2,0,0,0,2,2,83,0,18,2,2016,5,7,34,0,1,5,1,3,SR-155,,53,41.765,-78.258,0,12,2,0,1,1,0,1,1,1,0,1,0,0,99,99,99,99,99,99,0,0,0,1,0,1
42,420087,2,2,0,0,0,3,3,79,2015,24,1,2016,1,5,38,1,1,1,1,1,I-81 AMERICAN LEGION MEM HWY,,1560,41.109,-75.96,0,12,6,0,1,1,0,1,2,1,0,1,0,0,5,41,6,7,6,32,19,0,0,1,0,0
42,420099,1,1,0,1,1,2,2,41,0,4,2,2016,5,22,20,1,2,1,1,1,I-81 AMERICAN LEGION MEM HWY,,527,40.242,-77.112,0,8,0,0,1,1,0,1,2,1,0,1,0,0,99,99,99,99,88,88,0,0,0,1,0,0
42,420110,3,3,0,0,0,3,3,41,0,24,2,2016,4,14,35,1,2,1,1,1,I-81 AMERICAN LEGION MEM HWY,,641,40.313,-76.934,0,12,6,0,1,1,0,1,1,2,0,2,0,0,14,36,14,44,99,99,0,0,0,1,0,0
42,420115,1,1,0,0,0,1,1,5,0,22,2,2016,2,23,33,0,1,4,1,3,SR-56,,88,40.603,-79.463,0,35,0,0,1,1,0,4,2,1,0,1,0,0,23,30,23,40,0,45,0,0,0,1,0,2
42,420142,3,3,0,0,0,5,5,77,0,27,3,2016,1,12,36,1,2,3,1,3,SR-309,,99,40.632,-75.583,0,12,8,0,1,1,0,1,1,1,0,1,0,0,99,99,99,99,88,88,0,0,0,1,0,1
42,420146,1,1,0,1,1,1,1,39,0,27,3,2016,1,15,20,0,1,4,1,3,SR-77,,226,41.792,-79.753,0,49,0,0,1,1,0,1,1,1,0,1,0,0,99,99,99,99,99,99,0,0,0,1,1,1
42,420152,1,1,0,0,0,1,1,115,0,27,3,2016,1,18,50,0,1,5,1,3,SR-267,,80,41.752,-76.049,0,24,0,0,1,1,0,4,5,1,0,1,0,0,18,50,19,13,19,56,0,0,0,1,1,2
42,420156,3,3,0,0,0,3,3,125,0,17,3,2016,5,21,19,1,2,1,1,1,I-70,,333,40.131,-79.989,0,12,1,0,1,1,0,1,2,1,0,1,0,0,21,23,21,33,22,26,0,0,0,1,0,0
42,420173,2,2,0,0,0,3,3,95,0,9,2,2016,3,6,7,1,2,3,1,3,SR-33,,135,40.817,-75.299,0,12,6,0,1,1,0,1,6,4,0,4,0,0,88,88,88,88,88,88,0,0,0,1,0,1
42,420182,1,1,0,0,0,1,1,121,0,14,3,2016,2,18,40,0,1,4,1,3,SR-27,,50,41.614,-79.76,0,53,0,0,1,1,0,4,1,1,0,1,0,0,18,40,18,47,19,12,0,0,0,1,1,2
42,420186,1,1,0,0,0,6,6,109,0,15,2,2016,2,6,41,0,1,4,1,3,SR-104,,58,40.723,-77.005,0,24,0,0,1,1,0,4,2,4,0,4,0,0,99,99,99,99,99,99,0,0,0,1,0,2
42,420196,1,1,0,0,0,1,1,41,1991,3,4,2016,1,4,34,1,1,1,1,1,I-81 AMERICAN LEGION MEM HWY,,400,40.16,-77.292,0,1,0,0,1,1,0,3,2,1,0,1,0,0,88,88,88,88,88,88,0,0,0,1,1,0
42,420206,2,2,0,0,0,5,5,89,0,17,3,2016,5,1,40,0,2,4,1,3,SR-115,,39,40.96,-75.443,0,12,2,0,1,1,0,1,2,5,0,5,0,0,99,99,99,99,99,99,0,0,0,3,1,2
42,420229,2,2,0,0,0,3,3,77,0,4,4,2016,2,12,57,1,2,3,1,3,SR-309,SR-2028 WEST PASSER RD,15,40.523,-75.388,0,12,6,0,2,2,0,1,1,2,0,2,0,0,99,99,99,99,99,99,0,0,0,1,0,1
42,420230,2,2,0,0,0,2,2,97,0,12,4,2016,3,13,30,0,1,4,1,3,SR-54,SR-1001 MUSSER LN,21,41.137,-76.851,0,12,6,0,2,2,0,1,1,1,0,1,0,0,99,99,99,99,99,99,0,0,0,1,0,2
42,420261,1,1,0,0,0,1,1,29,0,7,5,2016,7,17,55,1,1,3,60,2,US-202,,196,40.075,-75.421,0,7,0,0,1,1,0,1,1,1,0,1,0,0,88,88,88,88,88,88,0,0,0,1,0,0
42,420280,2,2,0,0,0,3,3,97,0,19,5,2016,5,15,5,0,1,4,1,3,SR-225,,20,40.662,-76.829,0,12,2,0,1,1,0,1,1,1,0,1,0,0,15,10,15,13,17,1,0,0,0,1,0,2
42,420289,1,1,0,0,0,1,1,41,0,7,4,2016,5,20,18,1,1,1,1,1,I-81 AMERICAN LEGION MEM HWY,,540,40.245,-77.087,0,23,0,0,1,1,0,3,2,1,0,1,0,0,99,99,99,99,99,99,0,0,0,1,0,0
42,420311,2,2,0,0,0,3,3,81,0,13,5,2016,6,12,54,0,1,4,99,2,US-220,,167,41.248,-76.764,0,12,2,0,1,1,0,1,1,1,0,1,0,0,12,53,13,1,99,99,0,0,0,1,0,0
42,420317,1,1,0,0,0,1,1,115,0,24,5,2016,3,19,15,0,1,4,1,3,SR-29,,89,41.767,-75.898,0,11,0,0,1,1,0,1,1,1,0,1,0,0,19,18,19,25,19,38,0,0,0,1,0,2
42,420334,1,1,0,1,1,1,1,101,6540,12,5,2016,5,23,20,1,2,3,99,2,US-1 ROOSEVELT BLVD,C ST,84,40.026,-75.117,0,8,0,0,3,2,0,1,3,1,0,1,0,0,23,20,23,24,23,46,0,0,0,1,0,2
42,420340,2,2,0,0,0,2,2,101,6540,28,5,2016,7,0,38,1,2,3,99,2,US-1 ROOSEVELT BLVD,C ST,15,40.026,-75.117,0,1,0,0,2,2,0,1,3,1,0,1,0,0,0,37,0,46,1,8,0,0,0,1,0,2
42,420342,1,1,0,0,0,2,2,79,0,13,5,2016,6,17,44,1,1,1,1,1,I-80,,2652,41.06,-75.912,0,52,0,0,1,1,0,3,1,1,0,1,0,0,17,40,17,55,18,17,0,0,0,1,0,0
42,420348,1,1,0,0,0,1,1,53,0,17,5,2016,3,17,43,0,1,4,1,3,SR-66,,84,41.498,-79.085,0,42,0,0,1,1,0,4,1,1,0,1,0,0,17,45,17,54,88,88,0,0,0,1,0,0
42,420353,1,1,0,0,0,2,2,3,3950,27,6,2016,2,7,9,1,1,2,1,3,SR-51,,68,40.28,-79.906,0,25,0,0,1,1,0,3,1,1,0,1,0,0,7,12,7,18,7,45,0,0,0,2,0,2
42,420393,2,2,0,1,1,1,1,43,0,27,6,2016,2,2,14,1,1,1,1,1,I-81 AMERICAN LEGION MEM HWY,,690,40.308,-76.836,0,12,6,0,1,1,0,1,2,1,0,1,0,0,88,88,88,88,88,88,0,0,0,1,0,0
42,420398,2,2,0,0,0,2,2,131,0,27,5,2016,6,8,35,1,1,3,99,2,US-6,,60,41.608,-76.082,0,12,6,0,1,1,0,1,1,1,0,1,0,0,8,37,8,45,9,49,0,0,0,1,0,0
42,420419,2,2,0,0,0,2,2,69,0,12,5,2016,5,15,45,1,2,1,1,1,I-81 AMERICAN LEGION MEM HWY,,1933,41.477,-75.682,0,12,1,0,1,1,1,1,1,1,0,1,0,0,15,48,15,55,16,20,0,0,0,1,0,0
42,420425,2,2,0,1,1,2,2,101,6540,30,6,2016,5,11,15,1,2,3,60,2,US-1 ROOSEVELT BLVD,SOUTHAMPTON RD,184,40.114,-74.988,0,12,6,0,2,2,0,1,1,1,0,1,0,0,11,17,11,28,11,48,0,0,0,1,1,2
42,420451,2,2,0,0,0,2,2,123,0,17,7,2016,1,9,54,1,1,3,99,2,US-62,SR-3022 NATIONAL FORGE RD,195,41.841,-79.255,0,12,6,0,2,2,0,1,1,1,0,1,0,0,88,88,88,88,88,88,0,0,0,1,0,0
42,420460,1,1,0,1,1,2,2,87,0,10,7,2016,1,23,40,1,1,3,99,2,US-522,,56,40.649,-77.482,0,8,0,0,1,1,0,1,2,1,0,1,0,0,23,50,0,0,88,88,0,0,0,1,0,0
42,420479,2,1,1,1,3,1,3,125,0,16,7,2016,7,9,5,1,1,1,1,1,I-70,,360,40.117,-79.947,0,8,0,0,1,1,0,1,1,1,0,1,0,0,9,4,9,10,88,88,0,0,0,1,0,0
42,420488,2,2,0,0,0,2,2,79,0,1,6,2016,4,17,46,1,2,1,1,1,I-81 AMERICAN LEGION MEM HWY,,1757,41.312,-75.757,0,20,0,1,19,1,1,3,1,1,0,1,0,0,17,43,17,53,18,19,0,0,0,1,0,0
42,420514,2,2,0,0,0,2,2,79,0,19,7,2016,3,9,35,1,2,3,99,2,US-11,,219,41.232,-75.968,0,12,2,0,1,1,0,1,1,1,0,1,0,0,99,99,99,99,99,99,0,0,0,1,0,0
42,420518,1,1,0,0,0,1,1,59,0,7,6,2016,3,0,44,1,1,1,1,1,I-79,,82,39.824,-80.103,0,1,0,0,1,1,0,3,2,2,0,2,0,0,0,40,0,51,1,20,0,0,0,1,0,0
42,420521,1,1,0,0,0,1,1,41,0,9,7,2016,7,14,48,1,2,1,1,1,I-81 AMERICAN LEGION MEM HWY,,599,40.276,-76.988,0,24,0,0,1,1,0,4,1,1,0,1,0,0,14,45,14,54,88,88,0,0,0,1,0,0
42,420538,1,1,0,0,0,1,1,115,0,27,7,2016,4,12,4,0,1,4,1,3,SR-29,,69,41.739,-75.898,0,30,0,0,1,1,0,4,1,1,0,1,0,0,99,99,99,99,88,88,0,0,0,1,0,2
42,420574,2,2,0,0,0,3,3,43,3500,26,8,2016,6,14,46,1,2,1,1,1,I-81 AMERICAN LEGION MEM HWY,,666,40.308,-76.889,0,12,6,0,1,1,0,1,1,1,0,1,0,0,99,99,99,99,88,88,0,0,0,1,0,0
42,420583,1,1,0,0,0,1,1,79,0,11,8,2016,5,23,50,0,1,4,99,2,US-11,,136,41.183,-76.101,0,43,0,0,1,1,0,4,2,99,0,99,0,0,99,99,99,99,88,88,0,0,0,1,0,0
42,420588,4,4,0,1,1,1,1,69,0,5,8,2016,6,5,30,1,2,1,1,1,I-81 AMERICAN LEGION MEM HWY,,1945,41.494,-75.681,0,12,6,0,1,1,0,1,4,1,0,1,0,0,5,34,5,37,5,52,19,14,0,1,0,0
42,420604,1,1,0,0,0,1,1,117,0,19,3,2016,7,18,14,0,1,4,1,3,SR-49,,154,41.984,-77.339,0,53,0,0,1,1,0,4,1,1,0,1,0,0,18,12,18,15,88,88,0,0,0,1,1,1
42,420607,1,1,0,0,0,1,1,67,0,29,5,2016,1,21,31,0,1,4,1,3,SR-75,,280,40.545,-77.368,0,1,0,0,1,1,0,2,2,1,0,1,0,0,21,31,21,35,88,88,0,0,0,1,1,1
42,420610,3,3,0,0,0,3,3,67,0,11,7,2016,2,17,28,0,1,4,1,3,SR-35,,386,40.667,-77.188,0,12,2,0,1,1,0,1,1,1,0,1,0,0,99,99,99,99,99,99,0,0,0,1,0,1
42,420613,1,1,0,0,0,1,1,95,0,28,7,2016,5,10,23,1,1,3,1,3,SR-33,,161,40.855,-75.3,0,33,0,0,1,1,0,4,1,1,0,1,0,0,99,99,99,99,99,99,0,0,0,1,0,1
42,420617,2,2,0,0,0,3,3,55,0,11,7,2016,2,13,34,1,2,1,1,1,I-81 AMERICAN LEGION MEM HWY,,177,39.948,-77.611,0,12,6,0,1,1,0,1,1,1,0,1,0,0,13,29,13,39,14,13,0,0,0,1,0,0
42,420622,2,2,0,0,0,3,3,3,2290,27,8,2016,7,3,15,1,2,3,99,2,US-30 LINCOLN HWY,,110,40.394,-79.838,0,24,0,0,1,1,0,4,3,1,0,1,0,0,3,19,3,25,3,54,0,0,0,1,1,0
42,420636,2,2,0,3,3,3,3,81,0,12,9,2016,2,16,33,1,2,3,99,2,US-220,,93,41.232,-77.129,0,8,0,0,1,1,0,1,1,1,0,1,0,0,16,32,16,42,88,88,23,0,0,2,0,0
42,420637,2,2,0,0,0,3,3,101,6540,25,9,2016,1,16,5,1,2,3,99,2,US-1 ROOSEVELT BLVD,C ST,85,40.027,-75.117,0,12,6,0,2,2,0,1,1,1,0,1,0,0,99,99,99,99,99,99,0,0,0,1,0,2
42,420640,1,1,0,0,0,2,2,101,6540,27,9,2016,3,22,38,1,2,3,99,2,US-1 ROOSEVELT BLVD,,99,40.028,-75.092,0,33,0,0,1,1,0,3,3,1,0,1,0,0,99,99,99,99,99,99,0,0,0,1,0,2
42,420644,3,3,0,0,0,6,6,95,0,14,9,2016,4,0,56,1,1,1,1,1,I-78,,707,40.63,-75.279,0,24,0,0,1,1,0,4,2,1,0,1,0,0,99,99,99,99,99,99,0,0,0,2,1,1
42,420677,2,2,0,0,0,2,2,115,0,13,9,2016,3,2,25,0,1,6,1,3,SR-92,,15,41.663,-75.718,0,12,2,0,1,1,0,1,2,1,0,1,0,0,2,41,3,16,88,88,0,0,0,1,0,2
42,420679,1,1,0,0,0,1,1,83,0,5,3,2016,7,23,49,0,1,4,1,3,SR-59,,79,41.856,-78.767,0,42,0,0,1,1,0,4,2,1,0,1,0,0,99,99,99,99,88,88,0,0,0,1,1,2
42,420683,1,1,0,1,1,4,4,107,0,4,6,2016,7,22,59,1,1,1,1,1,I-81 AMERICAN LEGION MEM HWY,,1337,40.834,-76.064,0,8,0,1,18,1,0,1,2,5,0,5,0,0,88,88,88,88,88,88,23,0,0,1,0,0
42,420696,4,4,0,0,0,5,5,71,0,7,10,2016,6,10,17,1,2,3,99,2,US-30 LINCOLN HWY,,305,39.99,-76.001,0,12,2,0,1,1,0,1,1,1,0,1,0,0,10,4,10,25,11,26,0,0,0,2,0,0
42,420698,1,1,0,0,0,1,1,95,0,26,6,2016,1,15,52,0,1,3,1,3,SR-33,,103,40.776,-75.281,0,24,0,0,1,1,0,4,1,1,0,1,0,0,88,88,88,88,88,88,0,0,0,1,0,1
42,420712,3,3,0,0,0,4,4,95,0,5,9,2016,2,1,51,1,2,3,1,3,SR-33,,132,40.814,-75.3,0,11,0,0,1,1,0,1,2,1,0,1,0,0,99,99,99,99,88,88,14,0,0,2,2,1
42,420717,2,2,0,0,0,3,3,11,0,11,9,2016,1,14,26,1,1,3,1,3,SR-61,,163,40.556,-75.997,0,12,1,0,1,1,0,1,1,1,0,1,0,0,99,99,99,99,99,99,0,0,0,1,0,2
42,420732,2,2,0,0,0,3,3,113,0,30,6,2016,5,13,6,0,1,4,99,2,US-220,,221,41.543,-76.401,0,12,6,0,8,1,0,1,1,1,0,1,0,0,13,0,13,10,99,99,0,0,0,1,0,0
42,420752,4,4,0,0,0,4,4,107,0,18,8,2016,5,4,50,1,1,1,1,1,I-81 AMERICAN LEGION MEM HWY,,1260,40.78,-76.181,0,12,1,0,1,1,0,1,2,2,0,2,0,0,88,88,88,88,88,88,0,0,0,1,0,0
42,420759,2,2,0,0,0,3,3,101,6540,5,9,2016,2,8,55,1,2,3,99,2,US-1 ROOSEVELT BLVD,,87,40.085,-75.024,0,12,11,0,8,1,0,1,1,1,0,1,0,0,9,2,9,6,9,56,0,0,0,1,0,2
42,420764,2,2,0,0,0,3,3,53,0,1,9,2016,5,11,37,1,1,3,1,3,SR-62,,106,41.577,-79.402,0,12,6,0,1,1,0,1,1,1,0,1,0,0,99,99,12,45,99,99,0,0,0,2,0,0
42,420768,2,2,0,0,0,2,2,11,0,18,10,2016,3,19,22,1,1,3,1,3,SR-61,SR-8014,21,40.559,-76,0,12,6,1,2,3,0,1,6,99,0,99,0,0,99,99,99,99,99,99,0,0,0,1,0,2
42,420782,1,1,0,0,0,2,2,81,0,13,9,2016,3,15,9,1,2,3,99,2,US-220,SR-3007 PINE RUN RD,64,41.216,-77.181,0,33,0,0,3,2,0,4,1,1,0,1,0,0,15,5,15,14,99,99,0,0,0,1,0,0
42,420791,1,1,0,0,0,1,1,97,0,5,11,2016,7,2,21,0,2,4,1,3,SR-225,,129,40.769,-76.739,0,35,0,0,1,1,0,4,2,1,0,1,0,0,2,18,2,34,88,88,0,0,0,1,1,2
42,420801,2,2,0,0,0,6,6,115,3472,22,10,2016,7,3,5,1,1,1,1,1,I-81 AMERICAN LEGION MEM HWY,,213,41.734,-75.676,0,12,1,0,1,1,0,1,2,2,0,2,0,0,3,26,3,45,4,44,0,0,0,3,0,0
42,420804,3,3,0,0,0,3,3,71,0,25,10,2016,3,6,10,1,1,3,99,2,US-30 LINCOLN HWY,,203,40.021,-76.188,0,12,2,0,1,1,0,1,2,1,0,1,0,0,6,12,6,21,7,12,0,0,0,1,0,0
42,420808,2,2,0,0,0,3,3,129,0,16,10,2016,1,14,54,1,1,1,1,1,I-70,SR-8028 INNERLOOP B-2 RD,513,40.189,-79.701,0,12,7,1,5,1,0,1,1,1,0,1,0,0,14,52,15,0,15,46,0,0,0,1,0,0
42,420826,1,1,0,0,0,2,2,65,0,16,10,2016,1,15,47,0,1,4,1,3,SR-28,,152,41.212,-78.958,0,30,0,0,1,1,0,4,1,1,0,1,0,0,99,99,99,99,99,99,0,0,0,1,0,2
42,420837,2,2,0,0,0,2,2,95,0,17,11,2016,5,11,23,1,1,2,1,3,SR-33,RAMP D RD,36,40.688,-75.289,0,7,0,1,5,1,0,1,1,1,0,1,0,0,99,99,99,99,99,99,0,0,0,1,0,1
42,420842,1,1,0,1,1,1,1,17,0,16,11,2016,4,5,36,1,2,3,1,3,SR-309,SR-4049 TOLLGATE RD,109,40.417,-75.344,0,8,0,0,3,2,0,1,2,1,0,1,0,0,5,37,5,42,6,4,0,0,0,1,0,1
42,420844,1,1,0,1,1,4,4,101,6540,29,10,2016,7,19,43,1,2,3,99,2,US-1 ROOSEVELT BLVD,,128,40.05,-75.051,0,8,0,0,1,1,0,1,3,1,0,1,0,0,19,43,19,49,88,88,0,0,0,1,1,2
42,420861,2,2,0,0,0,2,2,19,0,3,11,2016,5,6,59,0,1,4,1,3,SR-68,,286,40.94,-79.773,0,12,2,0,1,1,0,1,2,2,0,2,0,0,6,53,7,1,88,88,0,0,0,1,0,2
42,420893,1,1,0,0,0,1,1,125,0,6,11,2016,1,10,11,1,2,1,1,1,I-70,,133,40.147,-80.301,0,24,0,0,1,1,0,3,1,1,0,1,0,0,10,6,10,17,88,88,0,0,0,1,0,0
42,420903,1,1,0,0,0,1,1,89,0,24,9,2016,7,0,14,1,2,2,1,3,SR-33,,19,40.88,-75.311,0,35,0,0,1,1,0,4,2,1,0,1,0,0,99,99,99,99,88,88,0,0,0,1,1,1
42,420905,1,1,0,1,1,1,1,101,6540,10,10,2016,2,6,27,1,2,3,99,2,US-1 ROOSEVELT BLVD,,82,40.079,-75.03,0,8,0,0,1,1,0,1,3,1,0,1,0,0,6,27,6,34,6,51,0,0,0,1,0,2
42,420971,3,3,0,0,0,5,5,3,6115,2,11,2016,4,14,50,1,1,2,1,2,US-30 LINCOLN HWY,,149,40.365,-79.775,0,12,1,0,1,1,0,1,1,1,0,1,0,0,14,53,99,97,99,97,0,0,0,1,0,0
42,420973,2,2,0,0,0,3,3,101,6540,18,12,2016,1,20,56,1,2,3,99,2,US-1 ROOSEVELT BLVD,WOODWARD ST,75,40.071,-75.038,0,12,1,0,3,2,0,1,3,1,0,1,1,0,20,57,21,3,88,88,0,0,0,2,0,2
42,420993,1,1,0,0,0,2,2,3,2520,2,12,2016,6,22,18,1,2,3,1,3,SR-51,,59,40.274,-79.894,0,24,0,0,1,1,0,4,3,1,0,1,0,0,22,27,22,30,23,18,0,0,0,1,0,2
42,421032,1,1,0,0,0,4,4,41,0,4,12,2016,1,14,22,1,2,1,1,1,I-81 AMERICAN LEGION MEM HWY,,597,40.276,-76.992,0,24,0,0,1,1,0,3,1,1,0,1,0,0,14,24,14,30,99,99,0,0,0,1,0,0
42,421034,2,2,0,0,0,3,3,41,0,14,12,2016,4,20,18,1,2,1,1,1,I-81 AMERICAN LEGION MEM HWY,,634,40.309,-76.946,0,12,1,0,1,1,0,1,2,1,0,1,0,0,99,99,99,99,99,99,0,0,0,1,0,0
42,421043,3,3,0,0,0,4,4,83,0,18,10,2016,3,8,52,0,1,5,1,3,SR-155,,102,41.844,-78.305,0,12,1,0,8,1,0,1,1,1,0,1,0,0,99,99,99,99,99,99,0,0,0,1,0,1
42,421048,3,3,0,0,0,3,3,41,1100,28,12,2016,4,14,44,1,2,1,1,1,I-81 AMERICAN LEGION MEM HWY,,460,40.188,-77.201,0,12,6,0,1,1,0,1,1,1,0,1,0,0,99,99,99,99,99,99,0,0,0,3,0,0
42,421054,1,1,0,0,0,1,1,5,0,23,12,2016,6,6,20,0,1,4,1,3,SR-210,SR-56,0,40.64,-79.353,0,58,0,0,3,3,0,4,2,1,0,1,0,0,6,20,6,33,88,88,0,0,0,1,0,2
42,421059,4,2,2,0,0,2,2,17,0,20,12,2016,3,19,48,0,1,7,3,5,RIVER RD,CEDAR AVE,0,40.081,-74.901,0,12,6,0,2,3,0,1,3,1,0,1,0,0,19,49,19,55,20,18,14,0,0,1,1,0