STATE,ST_CASE,VE_TOTAL,VE_FORMS,PVH_INVL,PEDS,PERNOTMVIT,PERMVIT,PERSONS,COUNTY,CITY,DAY,MONTH,YEAR,DAY_WEEK,HOUR,MINUTE,NHS,RUR_URB,FUNC_SYS,RD_OWNER,ROUTE,TWAY_ID,TWAY_ID2,MILEPT,LATITUDE,LONGITUD,SP_JUR,HARM_EV,MAN_COLL,RELJCT1,RELJCT2,TYP_INT,WRK_ZONE,REL_ROAD,LGT_COND,WEATHER1,WEATHER2,WEATHER,SCH_BUS,RAIL,NOT_HOUR,NOT_MIN,ARR_HOUR,ARR_MIN,HOSP_HR,HOSP_MN,CF1,CF2,CF3,FATALS,DRUNK_DR,RANK
42,421066,2,2,0,0,0,2,2,55,0,24,11,2016,5,18,2,1,2,1,1,1,I-81 AMERICAN LEGION MEM HWY,,189,39.952,-77.585,0,54,11,0,1,1,0,1,2,1,0,1,0,0,99,99,99,99,88,88,14,0,0,1,0,0
42,421067,1,1,0,0,0,2,2,55,0,18,10,2016,3,14,40,1,2,1,1,1,I-81 AMERICAN LEGION MEM HWY,,28,39.76,-77.725,0,59,0,1,19,1,0,4,1,1,0,1,0,0,14,38,14,42,15,8,0,0,0,1,0,0
42,421072,3,3,0,0,0,8,8,3,0,24,11,2016,5,14,23,1,2,3,99,2,US-30 LINCOLN HWY,SR-48 MOSSIDE BLVD,146,40.368,-79.78,0,12,6,0,2,2,0,1,1,1,0,1,0,0,14,30,14,36,15,9,0,0,0,3,0,0
42,421078,2,2,0,0,0,5,5,111,0,11,8,2016,5,18,50,1,1,3,99,2,US-30 LINCOLN HWY,,152,40.087,-78.902,0,12,6,0,1,1,0,1,1,2,0,2,0,0,18,51,18,56,99,99,0,0,0,2,0,0
42,421088,2,2,0,0,0,8,8,57,0,1,10,2016,7,14,10,1,1,3,99,2,US-30 LINCOLN HWY,,42,40.017,-78.129,0,12,6,0,1,1,0,1,1,5,0,5,0,0,14,9,14,27,99,99,0,0,0,1,0,0
44,440031,2,2,0,0,0,4,4,9,45,29,8,2016,2,16,11,1,1,2,1,2,US-1,OYSTER DRIVE,0,41.368,-71.677,0,33,0,0,1,1,0,4,1,1,0,1,0,0,16,11,16,16,88,88,0,0,0,1,1,1
45,450001,3,3,0,0,0,5,5,87,0,1,1,2016,6,20,45,0,2,4,1,3,SR-49,,0,34.705,-81.645,0,12,1,0,1,1,0,1,2,1,0,1,0,0,99,99,99,99,99,99,0,0,0,2,0,1
45,450002,2,2,0,0,0,3,3,55,0,2,1,2016,7,18,15,0,1,4,1,3,SR-21,,67,34.249,-80.82,0,12,2,0,1,1,0,1,2,1,0,1,0,0,99,99,99,99,99,99,0,0,0,1,1,2
45,450003,1,1,0,0,0,1,1,15,0,2,1,2016,7,4,21,0,1,4,1,3,SR-16,,73,33.148,-80.147,0,34,0,0,1,1,0,4,6,1,0,1,0,0,88,88,88,88,88,88,0,0,0,1,1,2
45,450004,2,2,0,0,0,2,2,63,0,2,1,2016,7,4,45,1,2,1,1,1,I-26,,1151,33.935,-81.08,0,12,1,0,1,1,0,1,2,10,0,10,0,0,99,99,99,99,99,99,0,0,0,1,1,1
45,450005,1,1,0,1,1,1,1,83,0,3,1,2016,1,17,45,0,2,4,1,3,SR-9,,0,34.986,-81.946,0,9,0,0,1,1,0,1,6,1,0,1,0,0,99,99,99,99,99,99,0,0,0,1,0,2
45,450007,2,2,0,0,0,4,4,39,0,4,1,2016,2,10,15,0,1,3,1,2,US-21,,0,34.429,-80.947,0,12,2,0,1,1,0,1,1,1,0,1,0,0,99,99,99,99,99,99,0,0,0,1,0,0
45,450009,3,3,0,0,0,3,3,85,0,6,1,2016,4,7,13,1,2,3,1,2,US-76,SR-40,110,33.965,-80.444,0,12,6,0,2,2,0,1,1,1,0,1,0,0,99,99,99,99,99,99,0,0,0,1,0,0
45,450011,2,2,0,0,0,2,2,63,2790,7,1,2016,5,13,17,0,2,7,1,3,SR-313,SR-398,8,33.984,-81.079,0,12,6,0,2,2,0,1,1,1,0,1,0,0,99,99,99,99,99,99,0,0,0,1,0,1
45,450012,2,2,0,0,0,3,3,5,860,8,1,2016,6,12,40,0,1,3,1,2,US-278,SR-286,121,32.949,-81.223,0,12,6,0,2,2,0,1,1,10,0,10,0,0,99,99,99,99,99,99,0,0,0,1,0,0
45,450014,1,1,0,0,0,1,1,23,0,8,1,2016,6,1,0,0,1,3,1,2,US-321,,76,34.656,-81.196,0,32,0,0,1,1,0,5,2,1,0,1,0,0,88,88,88,88,88,88,0,0,0,1,1,0
45,450015,2,2,0,0,0,2,2,15,0,10,1,2016,1,9,35,0,2,4,1,3,SR-62,SR-1263,51,32.996,-80.097,0,12,6,0,2,3,0,1,1,1,0,1,0,0,99,99,99,99,99,99,0,0,0,1,0,0
45,450016,2,2,0,0,0,2,2,23,0,10,1,2016,1,6,15,0,1,3,1,3,SR-97,,234,34.62,-81.108,0,12,2,0,1,1,0,1,2,1,0,1,0,0,99,99,99,99,99,99,0,0,0,1,1,2
45,450017,1,1,0,0,0,1,1,55,0,11,1,2016,2,13,30,0,1,3,1,2,US-301,,0,34.096,-80.692,0,35,0,0,1,1,0,4,1,1,0,1,0,0,99,99,99,99,99,99,0,0,0,1,0,0
45,450018,2,2,0,0,0,3,3,45,0,13,1,2016,4,13,0,0,1,3,1,3,SR-8,SR-52,27,34.64,-82.437,0,12,6,0,2,2,0,1,1,1,0,1,0,0,99,99,99,99,99,99,0,0,0,1,0,2
45,450019,2,2,0,0,0,3,3,41,0,14,1,2016,5,11,20,0,1,3,1,2,US-301,,0,34.172,-79.703,0,12,6,0,1,1,0,1,1,1,0,1,0,0,99,99,99,99,99,99,0,0,0,1,0,0
45,450020,1,1,0,1,1,2,2,19,410,14,1,2016,5,19,32,1,2,1,1,1,I-26,,2085,32.934,-80.047,0,8,0,0,1,1,0,1,2,1,0,1,0,0,99,99,99,99,99,99,0,0,0,1,0,1
45,450022,2,2,0,0,0,4,4,57,0,15,1,2016,6,19,20,0,2,3,1,3,SR-200,,73,34.664,-80.814,0,12,2,0,1,1,0,1,6,2,0,2,0,0,99,99,99,99,99,99,0,0,0,1,0,1
45,450026,2,2,0,0,0,2,2,73,0,16,1,2016,7,8,10,0,1,3,1,3,SR-11,SR-67,91,34.61,-83.046,0,12,6,0,2,4,0,1,1,1,0,1,0,0,99,99,99,99,99,99,0,0,0,1,0,2
45,450027,2,2,0,0,0,2,2,53,0,16,1,2016,7,16,9,1,1,1,1,1,I-95,,51,32.625,-80.886,0,12,1,0,1,1,0,1,1,1,0,1,0,0,99,99,99,99,99,99,0,0,0,1,0,1
45,450028,1,1,0,0,0,1,1,63,0,17,1,2016,1,3,8,0,1,3,1,3,SR-302,,1,33.696,-81.268,0,31,0,0,1,1,0,5,2,1,0,1,0,0,88,88,88,88,88,88,0,0,0,1,1,2
45,450029,2,2,0,0,0,6,6,75,0,17,1,2016,1,3,15,0,1,4,1,3,SR-3,,0,33.47,-81.272,0,12,2,0,1,1,0,1,2,1,0,1,0,0,99,99,99,99,99,99,0,0,0,1,1,2
45,450033,2,2,0,0,0,3,3,73,0,18,1,2016,2,6,20,1,1,1,1,1,I-85,,0,34.503,-82.98,0,26,0,0,1,1,0,4,4,1,0,1,0,0,99,99,99,99,99,99,0,0,0,1,0,1
45,450034,1,1,0,1,1,2,2,67,0,18,1,2016,2,18,5,0,1,4,1,3,SR-60,,34,34.229,-79.201,0,9,0,0,1,1,0,1,2,1,0,1,0,0,88,88,88,88,88,88,0,0,0,1,0,2
45,450035,3,3,0,0,0,4,4,51,0,18,1,2016,2,18,11,0,2,3,1,2,US-501,CR-WEST PERRY RD,0,33.758,-78.967,0,12,6,0,2,3,0,1,2,1,0,1,0,0,99,99,99,99,99,99,0,0,0,1,0,0
45,450038,2,2,0,0,0,2,2,19,1805,20,1,2016,4,18,29,1,2,3,1,2,US-78,CR-KOA DRIVE,0,32.985,-80.093,0,12,6,0,2,3,0,1,2,1,0,1,0,0,99,99,99,99,99,99,0,0,0,1,0,0
45,450039,1,1,0,1,1,3,3,63,370,21,1,2016,5,6,46,0,2,4,1,3,SR-35,,4,33.939,-81.043,0,9,0,0,1,1,0,1,1,1,0,1,0,0,99,99,99,99,99,99,0,0,0,1,0,1
45,450040,2,2,0,0,0,3,3,63,0,21,1,2016,5,3,10,1,2,3,1,3,SR-302,SR-378,208,33.945,-81.103,0,12,1,0,2,4,0,1,2,1,0,1,0,0,99,99,99,99,99,99,0,0,0,1,1,2
45,450042,1,1,0,0,0,2,2,7,0,21,1,2016,5,21,38,0,2,4,1,3,SR-53,,29,34.689,-82.481,0,38,0,0,1,1,0,4,2,2,0,2,0,0,99,99,99,99,99,99,0,0,0,1,0,2
45,450043,1,1,0,0,0,1,1,53,0,22,1,2016,6,15,15,0,1,5,1,3,SR-17,,18,32.678,-81.093,0,34,0,0,1,1,0,4,1,10,0,10,0,0,99,99,99,99,99,99,0,0,0,1,1,2
45,450045,1,1,0,0,0,1,1,87,0,23,1,2016,7,12,23,0,1,4,1,3,SR-9,,93,34.815,-81.621,0,34,0,0,1,1,0,4,1,10,0,10,0,0,99,99,99,99,99,99,0,0,0,1,1,2
45,450046,1,1,0,1,1,1,1,45,0,23,1,2016,7,13,35,0,2,4,1,3,SR-14,,0,34.84,-82.246,0,8,0,0,1,1,0,4,1,1,0,1,0,0,99,99,99,99,99,99,0,0,0,1,0,2
45,450047,2,2,0,0,0,2,2,19,410,24,1,2016,1,18,53,0,2,4,1,3,SR-94,,39,32.731,-79.928,0,12,2,0,1,1,0,1,2,1,0,1,0,0,99,99,99,99,99,99,0,0,0,1,1,2
45,450048,2,2,0,0,0,2,2,73,0,24,1,2016,1,18,25,0,2,4,1,3,SR-37,SR-65,11,34.653,-82.857,0,12,2,0,8,1,0,1,5,1,0,1,0,0,99,99,99,99,99,99,0,0,0,1,1,1
45,450049,2,2,0,0,0,2,2,15,0,24,1,2016,1,23,40,0,1,4,1,3,SR-99,,0,32.996,-79.837,0,12,8,0,1,1,0,1,6,1,0,1,0,0,99,99,99,99,99,99,0,0,0,1,1,2
45,450050,2,2,0,0,0,3,3,23,0,26,1,2016,3,7,0,0,1,3,1,3,SR-9,SR-136,276,34.749,-81.047,0,12,6,0,2,2,0,1,1,1,0,1,0,0,99,99,99,99,99,99,0,0,0,1,0,2
45,450051,2,2,0,1,1,2,2,51,0,27,1,2016,4,22,17,1,2,3,1,2,US-501,,303,33.731,-78.943,0,8,0,0,1,1,0,1,2,10,0,10,0,0,88,88,88,88,88,88,0,0,0,1,0,0
45,450052,1,1,0,1,1,1,1,33,0,28,1,2016,5,5,0,0,1,3,1,3,SR-38,,95,34.378,-79.575,0,8,0,0,1,1,0,1,2,2,0,2,0,0,99,99,99,99,99,99,0,0,0,1,0,2
45,450053,2,2,0,0,0,3,3,45,0,29,1,2016,6,2,0,1,2,3,1,2,US-25,SR-253,285,34.852,-82.452,0,12,6,0,2,2,0,1,2,1,0,1,0,0,99,99,99,99,99,99,0,0,0,1,1,0
45,450054,1,1,0,0,0,1,1,61,0,29,1,2016,6,7,50,0,1,7,1,3,SR-26,,26,34.291,-80.173,0,42,0,0,1,1,0,4,1,1,0,1,0,0,88,88,88,88,88,88,0,0,0,1,0,1
45,450056,1,1,0,1,1,1,1,51,0,29,1,2016,6,19,55,1,1,3,1,3,SR-9,SR-420,218,34.05,-78.837,0,8,0,0,2,2,0,1,2,1,0,1,0,0,99,99,99,99,99,99,0,0,0,1,0,2
45,450058,2,2,0,0,0,3,3,91,0,30,1,2016,7,20,20,0,1,3,1,3,SR-49,,220,35.03,-81.179,0,12,2,0,1,1,0,1,2,1,0,1,0,0,99,99,99,99,99,99,0,0,0,1,0,1
45,450059,3,3,0,0,0,3,3,77,0,1,2,2016,2,6,20,0,1,3,1,3,SR-183,SR-55,174,34.88,-82.631,0,12,7,0,2,3,0,1,2,10,0,10,0,0,88,88,88,88,88,88,0,0,0,1,0,2
45,450060,1,1,0,0,0,1,1,45,0,2,2,2016,3,16,20,0,1,4,1,3,SR-50,,47,34.601,-82.348,0,24,0,0,1,1,0,4,1,1,0,1,0,0,88,88,88,88,88,88,0,0,0,1,0,0
45,450062,1,1,0,1,1,1,1,7,40,2,2,2016,3,10,57,0,2,3,1,2,US-76,CR- W. BELTLINE BLVD,0,34.549,-82.674,0,8,0,0,1,1,0,1,1,1,0,1,0,0,99,99,99,99,99,99,0,0,0,1,0,0
45,450063,2,2,0,0,0,2,2,17,0,3,2,2016,4,11,48,0,1,3,1,2,US-21,,0,33.65,-80.901,0,12,6,0,1,1,0,1,1,10,0,10,0,0,99,99,99,99,99,99,0,0,0,1,0,0
45,450064,1,1,0,0,0,1,1,53,0,3,2,2016,4,5,34,1,1,1,1,1,I-95,,166,32.415,-81.012,0,42,0,0,1,1,0,3,2,1,0,1,0,0,88,88,88,88,88,88,0,0,0,1,0,1
45,450065,2,2,0,0,0,2,2,69,0,3,2,2016,4,11,10,0,1,3,1,2,US-15,SR-912,0,34.583,-79.761,0,12,6,0,2,4,0,1,1,1,0,1,0,0,99,99,99,99,99,99,0,0,0,1,0,0
45,450067,1,1,0,0,0,2,2,31,0,4,2,2016,5,15,10,0,1,3,1,2,US-401,SR-19,137,34.251,-79.952,0,34,0,0,3,5,0,4,1,2,0,2,0,0,99,99,99,99,99,99,0,0,0,1,0,0
45,450069,1,1,0,1,1,1,1,75,0,4,2,2016,5,19,44,0,1,4,1,3,SR-45,,27,33.385,-80.432,0,8,0,0,1,1,0,1,2,1,0,1,0,0,88,88,88,88,88,88,0,0,0,1,0,0
45,450070,2,2,0,0,0,2,2,63,0,5,2,2016,6,4,39,1,2,2,1,2,US-21,,158,33.919,-81.075,0,12,2,0,1,1,0,1,2,1,0,1,0,0,99,99,99,99,99,99,0,0,0,1,1,0
45,450071,1,1,0,0,0,4,4,91,0,5,2,2016,6,12,40,0,1,4,1,3,SR-211,,0,34.968,-81.451,0,38,0,0,1,1,0,5,1,1,0,1,0,0,99,99,99,99,99,99,0,0,0,2,0,2
45,450074,1,1,0,0,0,1,1,15,0,7,2,2016,1,4,3,0,1,4,1,3,SR-9,CR-WAPPAOOLAH RD,0,33.082,-79.997,0,38,0,0,3,3,0,4,3,2,0,2,0,0,88,88,88,88,88,88,0,0,0,1,1,2
45,450075,1,1,0,0,0,1,1,1,0,8,2,2016,2,0,50,0,1,4,1,3,SR-20,,27,34.21,-82.388,0,42,0,0,1,1,0,4,2,1,0,1,0,0,88,88,88,88,88,88,0,0,0,1,1,2
45,450077,2,2,0,0,0,3,3,23,0,8,2,2016,2,3,0,1,1,1,1,1,I-77,,599,34.669,-81.029,0,12,1,0,1,1,0,1,2,1,0,1,0,0,99,99,99,99,99,99,0,0,0,1,1,0
45,450078,2,2,0,0,0,2,2,91,0,9,2,2016,3,21,10,0,1,4,1,3,SR-75,,34,34.992,-81.311,0,12,7,0,1,1,0,1,2,1,0,1,0,0,88,88,88,88,88,88,0,0,0,1,1,1
45,450079,1,1,0,1,1,1,1,75,0,10,2,2016,4,19,20,1,2,3,1,2,US-301,SR-713,129,33.481,-80.897,0,8,0,0,2,3,0,1,2,1,0,1,0,0,88,88,88,88,88,88,0,0,0,1,0,0
45,450082,2,2,0,0,0,2,2,29,0,12,2,2016,6,5,42,0,1,3,1,2,US-17,,0,32.934,-80.565,0,12,2,0,1,1,0,1,2,10,0,10,0,0,99,99,99,99,99,99,0,0,0,1,0,1
45,450083,2,2,0,0,0,3,3,51,0,12,2,2016,6,23,10,0,1,4,1,3,SR-24,CR-GUMTREE RD,194,33.932,-79.221,0,12,6,0,2,3,0,1,2,1,0,1,0,0,99,99,99,99,99,99,0,0,0,2,0,2
45,450086,2,2,0,0,0,2,2,21,0,13,2,2016,7,13,40,0,1,4,1,3,SR-198,,34,35.17,-81.515,0,12,7,0,1,1,0,1,1,1,0,1,0,0,88,88,88,88,88,88,0,0,0,1,1,1
45,450087,2,2,0,1,1,2,2,27,0,17,1,2016,1,20,36,1,1,1,1,1,I-95,,0,33.502,-80.457,0,12,1,0,1,1,0,1,2,1,0,1,0,0,99,99,99,99,99,99,23,0,0,1,0,1
45,450088,1,1,0,0,0,3,3,31,0,14,2,2016,1,3,25,0,1,4,1,3,SR-133,,116,34.486,-79.853,0,42,0,0,1,1,0,4,2,1,0,1,0,0,99,99,99,99,99,99,0,0,0,1,1,2
45,450089,1,1,0,0,0,1,1,3,0,14,2,2016,1,14,5,0,1,4,1,3,SR-113,,0,33.433,-81.504,0,1,0,0,1,1,0,1,1,1,0,1,0,0,88,88,88,88,88,88,0,0,0,1,0,1
45,450093,1,1,0,0,0,1,1,73,0,16,2,2016,3,5,50,0,1,4,1,3,SR-11,,0,34.839,-83.038,0,24,0,0,1,1,0,4,2,1,0,1,0,0,99,99,99,99,99,99,0,0,0,1,0,2
45,450094,1,1,0,0,0,1,1,13,0,17,2,2016,4,12,10,0,2,4,1,3,SR-170,,234,32.422,-80.735,0,33,0,0,1,1,0,4,1,1,0,1,0,0,88,88,88,88,88,88,0,0,0,1,0,2
45,450095,2,2,0,0,0,2,2,7,0,18,2,2016,5,4,30,0,2,5,1,3,SR-81,SR-153,435,34.789,-82.482,0,12,6,0,2,2,0,1,3,1,0,1,0,0,99,99,99,99,99,99,20,0,0,1,0,2
45,450096,1,1,0,0,0,1,1,83,430,18,2,2016,5,23,50,0,2,4,1,3,SR-190,,0,35.082,-81.892,0,30,0,0,1,1,0,4,6,1,0,1,0,0,99,99,99,99,99,99,20,0,0,1,1,0
45,450098,1,1,0,1,1,1,1,61,0,19,2,2016,6,3,13,1,1,1,1,1,I-20,,1226,34.197,-80.113,0,8,0,0,1,1,0,1,2,1,0,1,0,0,99,99,99,99,99,99,0,0,0,1,0,1
45,450099,1,1,0,0,0,1,1,45,0,19,2,2016,6,2,14,0,2,4,1,3,SR-63,,0,34.851,-82.483,0,34,0,0,1,1,0,4,6,1,0,1,0,0,88,88,88,88,88,88,0,0,0,1,1,2
45,450100,1,1,0,0,0,1,1,41,0,19,2,2016,6,22,40,0,1,7,1,3,SR-106,,84,34.084,-79.939,0,1,0,0,1,1,0,5,2,1,0,1,0,0,88,88,88,88,88,88,0,0,0,1,0,2
45,450102,3,3,0,0,0,4,4,69,0,24,2,2016,4,12,10,0,1,5,1,3,SR-30,SR-55,51,34.709,-79.763,0,12,6,0,2,2,0,1,1,1,0,1,1,0,99,99,99,99,99,99,0,0,0,1,0,1
45,450103,1,1,0,0,0,1,1,79,0,25,2,2016,5,5,30,0,1,3,1,3,SR-48,,229,33.842,-80.734,0,35,0,0,1,1,4,4,6,99,0,99,0,0,88,88,88,88,88,88,0,0,0,1,1,1
45,450104,1,1,0,0,0,1,1,1,0,25,2,2016,5,10,45,0,1,4,1,3,SR-71,,96,34.195,-82.475,0,35,0,0,1,1,0,4,1,1,0,1,0,0,88,88,88,88,88,88,0,0,0,1,0,2
45,450105,1,1,0,0,0,1,1,57,0,27,2,2016,7,13,45,0,1,4,1,3,SR-46,,10,34.813,-80.695,0,42,0,0,1,1,0,4,1,1,0,1,0,0,99,99,99,99,99,99,0,0,0,1,1,1
45,450106,1,1,0,0,0,4,4,75,0,27,2,2016,7,17,20,0,1,5,1,3,SR-74,,18,33.52,-80.953,0,42,0,0,1,1,0,5,1,1,0,1,0,0,99,99,99,99,99,99,0,0,0,2,1,2
45,450107,1,1,0,0,0,2,2,79,0,28,2,2016,1,4,30,1,2,2,1,2,US-76,CR-REVERE RD,318,33.948,-80.865,0,34,0,0,1,1,0,4,2,1,0,1,0,0,99,99,99,99,99,99,0,0,0,1,1,0
45,450108,1,1,0,0,0,1,1,1,0,29,2,2016,2,8,53,0,1,3,1,3,SR-20,,39,34.226,-82.389,0,35,0,0,1,1,0,4,1,1,0,1,0,0,88,88,88,88,88,88,0,0,0,1,0,2
45,450109,2,2,0,0,0,3,3,29,2720,4,1,2016,2,13,25,0,2,4,1,3,SR-64,,0,32.92,-80.677,0,12,6,0,8,1,0,1,1,1,0,1,0,0,99,99,99,99,99,99,0,0,0,1,0,2
45,450111,1,1,0,1,1,1,1,15,0,29,2,2016,2,21,47,0,1,3,1,2,US-52,,0,33.371,-79.935,0,8,0,0,1,1,0,1,2,1,0,1,0,0,88,88,88,88,88,88,0,0,0,1,0,0
45,450112,1,1,0,1,1,1,1,91,0,1,3,2016,3,18,45,0,2,3,1,2,US-21,,0,34.914,-80.985,0,8,0,0,1,1,0,1,2,1,0,1,0,0,99,99,99,99,99,99,0,0,0,1,0,0
45,450114,2,2,0,0,0,5,5,73,0,1,3,2016,3,14,10,0,2,3,1,2,US-76,SR-320,327,34.693,-82.872,0,12,6,0,8,1,0,1,1,1,0,1,0,0,99,99,99,99,99,99,0,0,0,1,0,0
45,450115,3,3,0,0,0,5,5,51,1730,2,3,2016,4,22,45,1,2,3,1,2,US-501,SR-1315,323,33.702,-78.904,0,12,6,0,2,2,0,1,3,1,0,1,0,0,99,99,99,99,99,99,0,0,0,1,1,0
45,450116,2,2,0,0,0,2,2,7,0,13,1,2016,4,14,40,0,1,4,1,3,SR-49,,0,34.333,-82.6,0,12,6,0,8,1,0,1,1,1,0,1,0,0,99,99,99,99,99,99,0,0,0,1,0,1
45,450117,2,2,0,0,0,3,3,51,0,2,3,2016,4,15,0,0,2,4,1,3,SR-90,,0,33.853,-78.692,0,12,6,0,1,1,0,1,1,1,0,1,0,0,99,99,99,99,99,99,0,0,0,2,1,2
45,450118,1,1,0,1,1,5,5,83,0,2,3,2016,4,22,5,1,2,2,1,2,US-176,,210,34.996,-81.976,0,8,0,0,1,1,0,1,2,1,0,1,0,0,88,88,88,88,88,88,0,0,0,1,0,0
45,450119,1,1,0,0,0,1,1,53,0,3,3,2016,5,1,30,1,1,2,1,2,US-278,,274,32.311,-80.982,0,24,0,0,1,1,0,4,2,1,0,1,0,0,99,99,99,99,99,99,0,0,0,1,1,0
45,450120,1,1,0,0,0,1,1,83,0,4,3,2016,6,14,20,1,1,1,1,1,I-26,,9,35.168,-82.135,0,24,0,0,1,1,0,4,1,1,0,1,0,0,88,88,88,88,88,88,0,0,0,1,0,1
45,450121,2,2,0,0,0,2,2,65,0,4,3,2016,6,17,12,1,1,3,1,2,US-221,,0,33.932,-82.266,0,12,2,0,1,1,0,1,1,1,0,1,0,0,99,99,99,99,99,99,0,0,0,1,0,0
45,450122,2,2,0,0,0,2,2,75,0,4,3,2016,6,17,33,0,1,3,1,2,US-301,SR-196,241,33.459,-80.715,0,12,6,0,2,4,0,1,1,1,0,1,0,0,99,99,99,99,99,99,0,0,0,1,0,0
45,450125,2,2,0,0,0,2,2,29,1490,18,2,2016,5,18,5,0,1,3,1,3,SR-64,,86,32.994,-80.883,0,12,2,0,8,1,0,1,5,1,0,1,0,0,99,99,99,99,99,99,0,0,0,1,0,2
45,450126,4,4,0,0,0,6,6,19,410,19,2,2016,6,17,54,1,1,3,1,2,US-17,SR-1024,196,32.797,-80.081,0,12,1,0,2,4,0,1,1,1,0,1,0,0,99,99,99,99,99,99,0,0,0,1,0,1
45,450128,2,2,0,0,0,2,2,91,0,5,3,2016,7,9,35,0,1,3,1,3,SR-161,,34,35.111,-81.302,0,12,2,0,1,1,0,1,1,10,0,10,0,0,99,99,99,99,99,99,0,0,0,1,1,1
45,450129,1,1,0,1,1,3,3,51,0,5,3,2016,7,13,35,1,2,3,1,2,US-501,,309,33.711,-78.918,0,9,0,0,1,1,0,1,1,1,0,1,0,0,99,99,99,99,99,99,0,0,0,1,0,0
45,450130,1,1,0,1,1,1,1,7,0,6,3,2016,1,1,45,1,2,1,1,1,I-85,,389,34.752,-82.478,0,8,0,0,1,1,0,1,2,1,0,1,0,0,88,88,88,88,88,88,0,0,0,1,0,1
45,450131,1,1,0,0,0,1,1,83,0,6,3,2016,1,3,0,1,2,1,1,1,I-85,,703,34.976,-82.016,0,1,0,0,1,1,0,4,6,1,0,1,0,0,88,88,88,88,88,88,0,0,0,1,1,1
45,450133,2,2,0,0,0,2,2,77,0,6,3,2016,1,17,50,0,2,6,1,3,SR-28,,35,34.817,-82.509,0,12,6,0,8,1,0,1,1,1,0,1,0,0,88,88,88,88,88,88,0,0,0,1,0,2
45,450134,3,3,0,0,0,3,3,27,0,6,3,2016,1,19,10,0,1,3,1,2,US-301,,0,33.62,-80.32,0,12,8,0,1,1,0,1,3,1,0,1,0,0,99,99,99,99,99,99,0,0,0,1,1,0
45,450135,2,2,0,0,0,2,2,15,985,13,2,2016,7,10,50,1,2,3,1,3,SR-29,,52,32.974,-80.024,0,12,6,0,8,1,0,1,1,1,0,1,0,0,99,99,99,99,99,99,0,0,0,1,0,2
45,450137,2,2,0,0,0,3,3,79,880,4,3,2016,6,15,0,0,2,4,1,3,SR-151,,11,34.056,-80.948,0,12,2,0,1,1,0,1,1,1,0,1,0,0,99,99,99,99,99,99,0,0,0,1,0,2
45,450138,2,2,0,0,0,2,2,23,0,7,3,2016,2,8,0,0,1,4,1,3,SR-9,,0,34.749,-81.358,0,12,2,0,1,1,0,1,1,1,0,1,0,0,88,88,88,88,88,88,0,0,0,2,0,2
45,450139,2,2,0,0,0,2,2,19,1805,7,3,2016,2,22,25,1,2,3,1,3,SR-7,,49,32.837,-79.985,0,12,1,0,1,1,0,1,3,1,0,1,0,0,99,99,99,99,99,99,0,0,0,1,1,2
45,450140,2,2,0,0,0,3,3,75,0,9,3,2016,4,7,20,0,1,4,1,3,SR-267,SR-82,19,33.465,-80.525,0,12,6,0,2,2,0,1,1,1,0,1,0,0,99,99,99,99,99,99,0,0,0,1,0,2
45,450141,2,2,0,0,0,2,2,91,2970,9,3,2016,4,14,55,0,2,3,1,2,US-21,,0,34.917,-81.009,0,12,6,0,8,1,0,1,1,1,0,1,0,0,99,99,99,99,99,99,0,0,0,1,0,0
45,450142,2,2,0,0,0,6,6,59,0,9,3,2016,4,15,56,0,1,4,1,3,SR-29,,0,34.343,-82.066,0,12,2,0,1,1,0,1,1,1,0,1,1,0,99,99,99,99,99,99,0,0,0,1,1,2
45,450143,1,1,0,0,0,1,1,85,0,20,2,2016,7,16,48,0,1,4,1,3,SR-28,CR-PRESIDO DRIVE,0,33.98,-80.525,0,34,0,0,3,3,0,4,1,1,0,1,0,0,88,88,88,88,88,88,0,0,0,1,1,2
45,450147,1,1,0,0,0,1,1,59,0,10,3,2016,5,22,30,0,1,7,1,3,SR-95,,14,34.679,-82.132,0,35,0,0,1,1,0,4,2,1,0,1,0,0,88,88,88,88,88,88,0,0,0,1,1,1
45,450148,2,2,0,0,0,2,2,19,410,11,3,2016,6,11,43,1,1,3,1,2,US-17,CR-NORTH BASKET LANE,0,33.049,-79.561,0,12,6,0,2,2,0,1,1,1,0,1,0,0,99,99,99,99,99,99,0,0,0,1,0,1
45,450150,2,2,0,0,0,2,2,27,0,11,3,2016,6,22,7,1,1,1,1,1,I-95,,1018,33.52,-80.433,0,12,1,0,1,1,0,1,2,1,0,1,0,0,88,88,88,88,88,88,0,0,0,1,1,1
45,450151,1,1,0,1,1,1,1,53,0,12,3,2016,7,3,50,0,1,3,1,2,US-17,,0,32.151,-81.054,0,8,0,0,1,1,0,1,7,5,0,5,0,0,88,88,88,88,88,88,0,0,0,1,0,1
45,450152,1,1,0,0,0,4,4,27,0,12,3,2016,7,6,15,1,1,1,1,1,I-95,,1115,33.619,-80.306,0,42,0,0,1,1,0,3,2,1,0,1,0,0,99,99,99,99,99,99,0,0,0,1,0,1
45,450153,2,2,0,0,0,3,3,83,0,12,3,2016,7,19,5,0,2,4,1,3,SR-42,CR-CHANDLER DOWNS TRAIL,0,35.094,-81.981,0,12,6,0,8,1,0,1,5,1,0,1,0,0,99,99,99,99,99,99,0,0,0,1,0,1
45,450154,2,2,0,0,0,7,7,63,0,13,3,2016,1,13,35,0,1,4,1,3,SR-6,SR-65,296,33.819,-81.197,0,12,6,0,2,2,0,1,1,1,0,1,0,0,88,88,88,88,88,88,0,0,0,2,1,2
45,450155,2,2,0,0,0,2,2,25,450,29,1,2016,6,9,59,0,1,3,1,3,SR-151,SR-96,28,34.764,-80.39,0,12,6,0,2,2,0,1,1,1,0,1,0,0,99,99,99,99,99,99,0,0,0,1,0,2