STATE,ST_CASE,VE_TOTAL,VE_FORMS,PVH_INVL,PEDS,PERNOTMVIT,PERMVIT,PERSONS,COUNTY,CITY,DAY,MONTH,YEAR,DAY_WEEK,HOUR,MINUTE,NHS,RUR_URB,FUNC_SYS,RD_OWNER,ROUTE,TWAY_ID,TWAY_ID2,MILEPT,LATITUDE,LONGITUD,SP_JUR,HARM_EV,MAN_COLL,RELJCT1,RELJCT2,TYP_INT,WRK_ZONE,REL_ROAD,LGT_COND,WEATHER1,WEATHER2,WEATHER,SCH_BUS,RAIL,NOT_HOUR,NOT_MIN,ARR_HOUR,ARR_MIN,HOSP_HR,HOSP_MN,CF1,CF2,CF3,FATALS,DRUNK_DR,RANK
45,450158,3,1,2,0,0,1,1,39,0,15,3,2016,3,16,0,0,2,7,2,3,SR-199,,0,34.354,-81.079,0,1,0,0,1,1,0,1,1,1,0,1,0,0,88,88,88,88,88,88,0,0,0,1,0,2
45,450159,1,1,0,0,0,1,1,31,0,15,3,2016,3,21,35,0,1,4,1,3,SR-23,,46,34.38,-80.211,0,34,0,0,1,1,0,4,2,1,0,1,0,0,88,88,88,88,88,88,0,0,0,1,1,0
45,450160,1,1,0,0,0,3,3,7,0,15,3,2016,3,2,47,0,2,4,1,3,SR-74,,46,34.781,-82.51,0,38,0,0,1,1,0,4,2,1,0,1,0,0,99,99,99,99,99,99,0,0,0,1,0,2
45,450162,1,1,0,0,0,1,1,3,0,17,3,2016,5,12,35,0,1,4,1,3,SR-65,,67,33.426,-81.845,0,32,0,0,8,1,0,4,1,1,0,1,0,0,88,88,88,88,88,88,0,0,0,1,1,0
45,450163,2,2,0,0,0,5,5,11,0,17,3,2016,5,19,35,0,1,3,1,2,US-278,,187,33.163,-81.355,0,12,2,0,1,1,0,1,2,1,0,1,0,0,99,99,99,99,99,99,0,0,0,1,1,0
45,450164,1,1,0,1,1,1,1,45,1040,17,3,2016,5,20,23,0,2,4,1,3,SR-94,,81,34.869,-82.354,0,8,0,0,1,1,0,1,2,1,0,1,0,0,99,99,99,99,99,99,0,0,0,1,0,2
45,450165,1,1,0,1,1,1,1,51,0,17,3,2016,5,23,50,0,2,4,1,3,SR-9,CR-CHARTER DRIVE,0,33.891,-78.692,0,8,0,0,2,2,0,1,2,1,0,1,0,0,88,88,88,88,88,88,0,0,0,1,0,2
45,450166,1,1,0,0,0,1,1,31,0,19,3,2016,7,0,45,0,1,6,1,3,SR-20,,43,34.412,-80.08,0,35,0,0,1,1,0,4,2,1,0,1,0,0,99,99,99,99,99,99,0,0,0,1,1,2
45,450167,2,2,0,0,0,2,2,41,0,19,3,2016,7,3,40,0,1,3,1,2,US-76,SR-53,12,34.085,-80.028,0,12,6,0,2,2,0,1,2,1,0,1,0,0,88,88,88,88,88,88,0,0,0,1,1,0
45,450170,2,2,0,1,1,2,2,51,1730,20,3,2016,1,0,38,1,2,3,1,2,US-17,SR-241,0,33.717,-78.892,0,8,0,0,2,2,0,1,3,1,0,1,0,0,99,99,99,99,99,99,0,0,0,1,0,1
45,450171,2,2,0,0,0,3,3,13,1145,21,3,2016,2,16,38,0,2,3,1,2,US-278,SR-624,0,32.213,-80.696,0,12,6,0,2,3,0,1,1,1,0,1,0,0,99,99,99,99,99,99,0,0,0,1,0,0
45,450173,1,1,0,0,0,1,1,63,0,21,3,2016,2,23,35,0,2,4,1,3,SR-73,,0,33.859,-81.135,0,42,0,0,1,1,0,4,3,1,0,1,0,0,88,88,88,88,88,88,0,0,0,1,0,2
45,450175,1,1,0,0,0,4,4,31,0,21,3,2016,2,17,25,0,1,7,1,3,SR-51,,16,34.457,-80.076,0,32,0,0,1,1,0,4,1,1,0,1,0,0,99,99,99,99,99,99,20,0,0,1,0,2
45,450176,1,1,0,1,1,2,2,31,0,21,3,2016,2,19,3,0,1,7,2,3,SR-24,,33,34.374,-80.02,0,9,0,0,1,1,0,1,2,1,0,1,0,0,99,99,99,99,99,99,0,0,0,1,0,2
45,450177,1,1,0,0,0,1,1,15,0,23,3,2016,4,0,35,1,2,1,1,1,I-26,,2009,33.025,-80.134,0,34,0,0,1,1,0,4,2,1,0,1,0,0,88,88,88,88,88,88,0,0,0,1,1,1
45,450178,1,1,0,0,0,1,1,45,0,23,3,2016,4,13,0,0,1,3,1,3,SR-247,,26,34.583,-82.4,0,32,0,0,1,1,0,5,1,1,0,1,0,0,88,88,88,88,88,88,0,0,0,1,0,1
45,450180,1,1,0,1,1,1,1,3,0,26,3,2016,7,19,30,0,2,4,1,3,SR-81,,8,33.546,-81.807,0,8,0,0,1,1,0,1,1,2,0,2,0,0,99,99,99,99,99,99,0,0,0,1,0,2
45,450182,3,2,1,0,1,3,4,33,0,27,3,2016,1,19,42,0,2,3,1,2,US-301,SR-198,139,34.456,-79.337,0,12,6,0,2,2,0,1,1,10,0,10,0,0,99,99,99,99,99,99,0,0,0,1,0,0
45,450183,1,1,0,0,0,1,1,53,0,27,3,2016,1,17,20,0,1,3,1,3,SR-119,,10,32.575,-81.254,0,42,0,0,1,1,0,5,1,2,0,2,0,0,88,88,88,88,88,88,0,0,0,1,1,2
45,450184,1,1,0,0,0,2,2,79,520,27,3,2016,1,9,15,1,2,1,1,1,I-77,,52,33.951,-80.985,0,24,0,0,1,1,0,3,1,1,0,1,0,0,99,99,99,99,99,99,0,0,0,1,0,0
45,450185,2,2,0,0,0,2,2,3,0,28,3,2016,2,11,32,0,1,3,1,2,US-278,,295,33.386,-81.516,0,12,6,0,1,1,0,1,1,1,0,1,0,0,88,88,88,88,88,88,0,0,0,1,1,0
45,450186,1,1,0,1,1,1,1,45,0,28,3,2016,2,0,54,0,2,6,1,3,SR-83,,4,34.781,-82.414,0,8,0,0,1,1,0,1,2,2,0,2,0,0,88,88,88,88,88,88,0,0,0,1,0,2
45,450187,1,1,0,0,0,1,1,45,0,29,3,2016,3,9,40,0,2,4,1,3,SR-20,SR-27,0,34.744,-82.435,0,59,0,0,3,7,0,4,1,1,0,1,0,0,88,88,88,88,88,88,0,0,0,1,0,2
45,450188,1,1,0,0,0,1,1,53,0,30,3,2016,4,17,7,1,1,1,1,1,I-77,,51,32.542,-80.953,0,34,0,0,1,1,0,4,1,1,0,1,0,0,88,88,88,88,88,88,0,0,0,1,0,0
45,450189,2,2,0,0,0,2,2,83,0,28,3,2016,2,7,40,0,2,4,1,3,SR-40,CR-NEW CUT CIRCLE,57,34.992,-82.024,0,12,6,0,2,3,0,1,1,1,0,1,0,0,99,99,99,99,99,99,0,0,0,1,0,0
45,450190,2,2,0,0,0,3,3,79,0,31,3,2016,5,16,44,1,1,3,1,2,US-601,SR-1174,116,33.914,-80.68,0,12,6,0,2,2,0,1,1,10,0,10,0,0,88,88,88,88,88,88,0,0,0,2,1,0
45,450191,3,3,0,0,0,5,5,15,0,1,4,2016,6,22,30,0,2,3,1,2,US-17,SR-987,0,33.042,-80.129,0,12,6,0,2,2,0,1,3,2,0,2,0,0,99,99,99,99,99,99,0,0,0,1,1,1
45,450192,1,1,0,0,0,1,1,3,20,3,4,2016,1,2,21,0,2,4,1,3,SR-3,,25,33.56,-81.725,0,30,0,0,1,1,0,4,3,1,0,1,0,0,99,99,99,99,99,99,0,0,0,1,1,2
45,450194,1,1,0,1,1,1,1,55,0,4,4,2016,2,11,30,0,1,3,1,2,US-1,,197,34.302,-80.546,0,8,0,0,1,1,0,1,1,1,0,1,0,0,88,88,88,88,88,88,0,0,0,1,0,1
45,450196,2,2,0,0,0,3,3,3,20,1,4,2016,6,10,5,0,2,3,1,3,SR-19,,82,33.502,-81.706,0,12,6,0,8,1,0,1,1,2,0,2,0,0,99,99,99,99,99,99,0,0,0,1,0,2
45,450197,1,1,0,0,0,1,1,47,0,7,4,2016,5,0,11,0,2,4,1,3,SR-39,,68,34.267,-82.141,0,35,0,0,1,1,0,4,2,10,0,10,0,0,99,99,99,99,99,99,0,0,0,1,1,2
45,450199,2,2,0,0,0,3,3,45,0,5,4,2016,3,18,35,1,2,3,1,2,US-25,SR-149,276,34.842,-82.444,0,12,6,0,2,4,0,1,1,1,0,1,0,0,99,99,99,99,99,99,0,0,0,2,0,0
45,450200,2,2,0,0,0,5,5,83,0,7,4,2016,5,16,55,0,2,3,1,2,US-176,SR-314,304,34.926,-81.846,0,12,6,0,8,1,0,1,1,1,0,1,0,0,99,99,99,99,99,99,0,0,0,2,0,0
45,450205,1,1,0,0,0,2,2,29,0,19,2,2016,6,17,40,1,1,1,1,1,I-95,,504,32.821,-80.754,0,1,0,0,1,1,0,3,5,1,0,1,0,0,99,99,99,99,99,99,0,0,0,1,0,1
45,450206,2,2,0,0,0,2,2,7,0,28,3,2016,2,22,10,1,2,3,1,2,US-29,SR-263,154,34.485,-82.635,0,12,6,0,2,2,0,1,1,1,0,1,0,0,99,99,99,99,99,99,0,0,0,1,0,0
45,450207,2,2,0,0,0,2,2,45,0,9,4,2016,7,16,54,0,2,4,1,3,SR-55,,0,34.699,-82.255,0,12,2,0,1,1,0,1,1,1,0,1,0,0,99,99,99,99,99,99,0,0,0,1,0,2
45,450208,2,2,0,0,0,3,3,13,0,9,4,2016,7,17,30,0,1,3,1,3,SR-170,SR-790,0,32.364,-80.869,0,12,6,0,2,2,0,1,1,1,0,1,0,0,99,99,99,99,99,99,0,0,0,1,0,2
45,450209,1,1,0,1,1,1,1,45,0,12,4,2016,3,6,0,0,2,4,1,3,SR-20,,0,34.728,-82.451,0,8,0,0,1,1,0,1,2,10,0,10,0,0,88,88,88,88,88,88,0,0,0,1,0,2
45,450210,2,2,0,0,0,2,2,7,0,12,4,2016,3,17,10,0,2,4,1,3,SR-71,,0,34.55,-82.768,0,12,6,0,1,1,0,1,1,10,0,10,0,0,88,88,88,88,88,88,0,0,0,1,1,2
45,450213,1,1,0,1,1,1,1,3,0,16,4,2016,7,20,25,0,2,3,1,2,US-25,,59,33.551,-81.938,0,9,0,0,8,1,0,1,2,1,0,1,0,0,88,88,88,88,88,88,0,0,0,1,0,0
45,450216,2,2,0,1,1,5,5,79,520,15,1,2016,6,17,51,1,2,3,1,2,US-76,,262,33.973,-80.954,0,8,0,0,1,1,0,1,6,1,0,1,0,0,88,88,88,88,88,88,0,0,0,1,0,0
45,450218,1,1,0,1,1,1,1,79,520,24,3,2016,5,8,42,1,2,3,1,2,US-21,SR-48,25,34.013,-81.039,0,8,0,0,2,2,0,1,1,1,0,1,0,0,99,99,99,99,99,99,0,0,0,1,0,0
45,450219,1,1,0,0,0,2,2,3,0,18,4,2016,2,0,30,0,2,6,1,3,SR-33,,44,33.567,-81.865,0,42,0,0,1,1,0,5,2,1,0,1,0,0,99,99,99,99,99,99,0,0,0,1,0,1
45,450220,1,1,0,0,0,1,1,31,600,18,4,2016,2,3,35,0,1,3,1,3,SR-34,,149,34.303,-79.871,0,59,0,0,1,1,0,4,3,1,0,1,0,0,88,88,88,88,88,88,0,0,0,1,0,2
45,450221,3,3,0,0,0,3,3,79,0,19,4,2016,3,8,5,1,2,1,1,1,I-77,,52,33.935,-81.013,0,12,7,0,1,1,0,1,1,1,0,1,0,0,99,99,99,99,99,99,0,0,0,1,1,0
45,450223,2,2,0,0,0,3,3,13,0,20,4,2016,4,8,0,0,2,4,1,3,SR-46,,0,32.232,-80.907,0,12,2,0,1,1,0,1,1,1,0,1,0,0,99,99,99,99,99,99,0,0,0,1,0,1
45,450224,2,2,0,0,0,3,3,31,0,21,4,2016,5,11,5,0,1,4,1,3,SR-14,SR-580,83,34.32,-79.927,0,12,6,0,2,2,0,1,1,1,0,1,0,0,99,99,99,99,99,99,0,0,0,1,0,2
45,450225,1,1,0,0,0,2,2,75,0,23,4,2016,7,2,30,0,1,4,1,3,SR-202,,0,33.409,-80.468,0,42,0,0,1,1,0,5,2,1,0,1,0,0,99,99,99,99,99,99,0,0,0,1,1,2
45,450227,1,1,0,0,0,2,2,67,0,23,4,2016,7,21,54,0,1,4,1,3,SR-9,,0,34.117,-79.385,0,34,0,0,1,1,0,4,2,1,0,1,0,0,99,99,99,99,99,99,0,0,0,1,0,2
45,450231,1,1,0,0,0,1,1,85,0,3,4,2016,1,17,45,0,1,4,1,3,SR-53,,97,33.992,-79.99,0,34,0,0,1,1,0,4,1,1,0,1,0,0,99,99,99,99,99,99,0,0,0,1,1,2
45,450232,1,1,0,1,1,3,3,85,0,6,4,2016,4,20,45,0,1,6,1,3,SR-81,,84,33.97,-80.319,0,8,0,0,1,1,0,1,2,1,0,1,0,0,99,99,99,99,99,99,0,0,0,1,0,2
45,450234,1,1,0,1,1,1,1,91,2970,13,4,2016,4,8,10,0,2,4,1,3,SR-64,,0,35.004,-81.236,0,8,0,0,1,1,0,1,1,1,0,1,1,0,99,99,99,99,99,99,0,0,0,1,0,2
45,450236,2,2,0,0,0,2,2,55,0,25,4,2016,2,22,37,0,2,3,1,3,SR-34,,81,34.226,-80.707,0,12,1,0,1,1,0,1,2,1,0,1,0,0,88,88,88,88,88,88,0,0,0,1,1,2
45,450240,2,2,0,0,0,3,3,83,0,26,4,2016,3,17,30,0,1,3,1,3,SR-14,,225,35.146,-82.215,0,12,1,0,1,1,0,1,1,1,0,1,0,0,99,99,99,99,99,99,0,0,0,2,1,2
45,450241,2,2,0,0,0,2,2,45,0,26,4,2016,3,20,42,1,2,1,1,1,I-85,,537,34.856,-82.267,0,72,0,0,5,1,0,1,2,1,0,1,0,0,99,99,99,99,99,99,0,0,0,1,0,1
45,450242,1,1,0,0,0,1,1,89,0,26,4,2016,3,1,0,1,1,2,1,2,US-52,,136,33.657,-79.875,0,42,0,0,1,1,0,4,2,1,0,1,0,0,88,88,88,88,88,88,0,0,0,1,1,0
45,450243,3,3,0,0,0,6,6,57,0,27,4,2016,4,12,30,1,1,3,1,3,SR-5,,25,34.838,-80.829,0,12,2,0,8,1,0,1,1,1,0,1,0,0,99,99,99,99,99,99,0,0,0,1,0,1
45,450244,2,2,0,0,0,2,2,45,0,29,4,2016,6,10,25,1,2,3,1,2,US-29,SR-166,109,34.9,-82.337,0,12,2,0,2,2,0,1,1,1,0,1,0,0,99,99,99,99,99,99,0,0,0,1,0,0
45,450245,1,1,0,1,1,2,2,51,0,29,4,2016,6,9,37,1,1,3,1,3,SR-9,,166,34.069,-78.914,0,8,0,0,1,1,0,1,1,10,0,10,0,0,99,99,99,99,99,99,0,0,0,1,0,2
45,450247,4,2,2,0,0,3,3,45,0,30,4,2016,7,0,47,1,2,3,1,2,US-25,CR-GORDON STREET,166,34.838,-82.445,0,12,6,0,2,2,0,1,3,1,0,1,0,0,99,99,99,99,99,99,14,0,0,1,1,0
45,450248,2,2,0,0,0,3,3,35,0,21,2,2016,1,2,45,1,1,1,1,1,I-95,,790,33.216,-80.598,0,12,1,0,1,1,0,1,2,1,0,1,0,0,99,99,99,99,99,99,0,0,0,1,1,1
45,450249,4,4,0,0,0,6,6,35,2530,5,3,2016,7,17,53,0,2,3,1,2,US-17,SR-22,0,32.99,-80.223,0,12,6,0,2,2,0,1,1,1,0,1,0,0,99,99,99,99,99,99,20,0,0,1,1,1
45,450250,1,1,0,0,0,1,1,37,750,25,4,2016,2,0,46,0,2,4,1,3,SR-28,SR-121,16,33.857,-81.808,0,34,0,0,3,4,0,3,2,1,0,1,0,0,99,99,99,99,99,99,20,0,0,1,0,2
45,450253,1,1,0,0,0,2,2,91,2200,29,1,2016,6,23,30,0,2,4,1,3,SR-101,,0,34.913,-81.053,0,30,0,0,1,1,0,4,2,1,0,1,0,0,99,99,99,99,99,99,0,0,0,1,1,2
45,450256,2,2,0,0,0,4,4,91,0,23,2,2016,3,16,35,0,1,4,1,3,SR-177,,8,35.139,-81.069,0,34,0,0,1,1,0,4,1,1,0,1,0,0,99,99,99,99,99,99,0,0,0,1,0,2
45,450257,3,3,0,0,0,4,4,29,0,3,4,2016,1,18,44,0,1,3,1,3,SR-63,,154,32.877,-80.746,0,12,7,0,1,1,0,1,1,1,0,1,0,0,99,99,99,99,99,99,0,0,0,1,0,2
45,450258,1,1,0,0,0,3,3,53,0,13,3,2016,1,18,10,0,1,3,1,2,US-321,,40,32.341,-81.092,0,1,0,0,1,1,0,5,1,10,0,10,0,0,99,99,99,99,99,99,0,0,0,1,0,0
45,450260,1,1,0,1,1,1,1,41,0,30,4,2016,7,23,19,1,2,3,1,2,US-76,,221,34.197,-79.706,0,8,0,0,1,1,0,1,3,1,0,1,0,0,99,99,99,99,99,99,0,0,0,1,0,0
45,450261,2,2,0,0,0,2,2,13,0,26,3,2016,7,2,20,0,1,3,1,3,SR-170,CR- VILLAGE CIRCLE,137,32.362,-80.871,0,12,6,0,2,3,0,1,2,10,0,10,0,0,99,99,99,99,99,99,0,0,0,1,0,2
45,450262,2,2,0,0,0,3,3,45,2380,29,1,2016,6,18,30,0,2,4,1,3,SR-14,,0,34.727,-82.254,0,12,1,0,1,1,0,1,3,1,0,1,0,0,99,99,99,99,99,99,0,0,0,1,1,2
45,450263,1,1,0,1,1,3,3,19,1805,23,2,2016,3,16,41,0,2,3,1,2,US-52,,0,32.869,-79.992,0,9,0,0,1,1,0,1,1,1,0,1,0,0,99,99,99,99,99,99,0,0,0,1,0,0
45,450264,2,2,0,0,0,3,3,51,540,12,3,2016,7,15,50,0,2,3,1,2,US-501,CR- PERSIMMON RD,164,33.863,-79.095,0,12,6,0,8,1,0,1,1,1,0,1,0,0,99,99,99,99,99,99,0,0,0,1,0,0
45,450266,1,1,0,0,0,1,1,87,0,30,4,2016,7,15,38,1,1,3,1,3,SR-72,,33,34.548,-81.533,0,42,0,0,1,1,0,4,1,1,0,1,0,0,88,88,88,88,88,88,0,0,0,1,0,2
45,450267,1,1,0,0,0,1,1,75,0,2,5,2016,2,1,30,1,1,1,1,1,I-95,,928,33.456,-80.479,0,25,0,0,1,1,4,4,2,1,0,1,0,0,99,99,99,99,99,99,0,0,0,1,0,1
45,450268,1,1,0,0,0,1,1,79,0,3,5,2016,3,2,15,1,1,2,1,2,US-76,,354,33.952,-80.828,0,1,0,0,1,1,0,4,2,2,0,2,0,0,88,88,88,88,88,88,0,0,0,1,1,0
45,450269,2,2,0,0,0,2,2,45,0,3,5,2016,3,12,46,0,2,3,1,2,US-29,,0,34.932,-82.286,0,12,6,0,1,1,0,3,1,1,0,1,0,0,99,99,99,99,99,99,0,0,0,1,0,0
45,450270,2,2,0,0,0,2,2,67,0,3,5,2016,3,11,27,0,1,4,1,3,SR-41,SR-917,246,34.2,-79.253,0,12,6,0,2,2,0,1,1,1,0,1,0,0,99,99,99,99,99,99,0,0,0,1,0,1
45,450271,2,2,0,0,0,5,5,83,0,4,5,2016,4,11,10,0,2,4,1,3,SR-31,,0,34.982,-81.891,0,12,6,0,8,1,0,1,1,1,0,1,0,0,99,99,99,99,99,99,0,0,0,1,0,2
45,450272,2,2,0,0,0,3,3,7,0,4,5,2016,4,9,10,0,2,4,1,3,SR-28,,0,34.514,-82.69,0,12,2,0,1,1,0,1,1,1,0,1,0,0,99,99,99,99,99,99,0,0,0,1,0,2
45,450273,1,1,0,0,0,2,2,45,1040,10,3,2016,5,2,52,0,2,4,1,3,SR-146,,28,34.829,-82.304,0,43,0,0,1,1,0,4,2,1,0,1,0,0,88,88,88,88,88,88,0,0,0,2,1,2
45,450275,3,3,0,0,0,7,7,53,2150,2,5,2016,2,15,53,1,1,1,1,1,I-95,,182,32.419,-81.009,0,12,1,0,1,1,0,1,1,2,0,2,0,0,99,99,99,99,99,99,0,0,0,2,0,1
45,450278,3,3,0,0,0,4,4,45,0,6,5,2016,6,21,0,1,2,3,1,2,US-29,CR-CHEROKEE DRIVE,108,34.898,-82.34,0,30,0,0,3,2,0,4,3,1,0,1,0,0,99,99,99,99,99,99,0,0,0,1,0,0
45,450280,1,1,0,0,0,1,1,71,0,8,5,2016,1,6,45,0,1,5,1,3,SR-44,,71,34.368,-81.527,0,1,0,0,1,1,0,4,1,1,0,1,0,0,88,88,88,88,88,88,0,0,0,1,1,2
45,450281,2,2,0,0,0,6,6,77,0,8,5,2016,1,13,57,0,1,3,1,3,SR-11,,130,35.014,-82.715,0,12,2,0,1,1,0,1,1,1,0,1,0,0,99,99,99,99,99,99,0,0,0,3,0,2
45,450282,2,2,0,0,0,7,7,51,0,8,5,2016,1,21,5,0,1,4,1,3,SR-24,SR-97,185,33.912,-79.222,0,12,6,0,2,2,0,1,2,1,0,1,0,0,99,99,99,99,99,99,0,0,0,1,0,2
45,450283,1,1,0,0,0,2,2,15,0,18,2,2016,5,2,27,0,1,3,1,2,US-17,,0,33.288,-79.829,0,42,0,0,1,1,0,4,2,1,0,1,0,0,99,99,99,99,99,99,0,0,0,1,0,1
45,450284,1,1,0,1,1,1,1,13,0,9,3,2016,4,3,1,0,1,4,1,3,SR-71,,0,32.507,-80.72,0,8,0,0,1,1,0,1,2,1,0,1,0,0,99,99,99,99,99,99,0,0,0,1,0,2
45,450286,1,1,0,1,1,4,4,89,0,12,4,2016,3,17,15,1,2,3,1,2,US-52,,180,33.684,-79.823,0,15,0,0,8,1,0,1,1,10,0,10,0,0,99,99,99,99,99,99,0,0,0,1,0,0
45,450287,1,1,0,0,0,1,1,47,0,9,5,2016,2,19,0,0,2,3,1,2,US-25,,0,34.205,-82.138,0,1,0,0,1,1,0,1,1,1,0,1,0,0,99,99,99,99,99,99,0,0,0,1,0,0
45,450288,2,2,0,0,0,2,2,7,0,9,5,2016,2,17,39,0,1,4,1,3,SR-81,SR-291,295,34.646,-82.592,0,12,6,0,2,3,0,1,1,1,0,1,0,0,99,99,99,99,99,99,0,0,0,1,0,2
45,450289,1,1,0,0,0,1,1,35,0,9,5,2016,2,11,20,1,1,1,1,1,I-26,,1783,33.165,-80.359,0,1,0,0,1,1,0,3,1,1,0,1,0,0,88,88,88,88,88,88,0,0,0,1,0,1
45,450290,1,1,0,0,0,1,1,75,0,8,5,2016,1,4,0,0,1,4,1,3,SR-4,,0,33.511,-81.181,0,42,0,0,1,1,0,5,2,1,0,1,0,0,88,88,88,88,88,88,0,0,0,1,1,2
45,450291,2,2,0,0,0,4,4,51,0,9,5,2016,2,21,50,0,2,2,1,3,SR-31,,196,33.752,-78.862,0,12,1,0,1,1,0,1,2,1,0,1,0,0,99,99,99,99,99,99,0,0,0,1,0,2
45,450292,2,2,0,0,0,2,2,33,0,10,5,2016,3,15,20,0,2,3,1,2,US-301,SR-175,81,34.385,-79.389,0,12,6,0,2,2,0,1,1,1,0,1,0,0,99,99,99,99,99,99,0,0,0,1,0,0
45,450293,2,2,0,0,0,2,2,43,0,10,5,2016,3,6,50,0,1,3,1,2,US-701,SR-896,66,33.477,-79.278,0,12,2,0,3,3,0,1,1,1,0,1,0,0,99,99,99,99,99,99,0,0,0,1,0,1
45,450294,1,1,0,0,0,1,1,75,0,11,5,2016,4,2,46,1,1,1,1,1,I-26,,1615,33.407,-80.658,0,24,0,0,1,1,0,4,2,1,0,1,0,0,99,99,99,99,99,99,0,0,0,1,0,1
45,450295,2,2,0,0,0,3,3,79,0,11,5,2016,4,20,50,0,2,3,1,2,US-1,,173,34.139,-80.837,0,12,2,0,1,1,0,1,6,1,0,1,0,0,99,99,99,99,99,99,0,0,0,1,1,1
45,450296,1,1,0,0,0,1,1,61,0,11,5,2016,4,20,41,0,1,4,1,3,SR-154,,48,34.069,-80.22,0,53,0,0,1,1,0,4,2,1,0,1,0,0,99,99,99,99,99,99,0,0,0,1,1,2
45,450297,1,1,0,1,1,1,1,45,0,11,5,2016,4,4,25,0,2,4,1,3,SR-81,,20,34.814,-82.443,0,8,0,0,1,1,0,1,2,1,0,1,0,0,88,88,88,88,88,88,0,0,0,1,0,2
45,450298,2,2,0,0,0,4,4,19,1805,12,5,2016,5,20,54,0,2,3,1,2,US-52,SR-65,116,32.935,-80.039,0,1,0,0,2,2,0,1,2,1,0,1,0,0,99,99,99,99,99,99,0,0,0,1,1,0
45,450299,1,1,0,1,1,1,1,27,0,13,5,2016,6,0,10,0,1,3,1,2,US-301,,348,33.849,-80.053,0,8,0,0,1,1,0,1,2,2,0,2,0,0,99,99,99,99,99,99,0,0,0,1,0,0
45,450300,2,2,0,0,0,3,3,77,0,15,5,2016,1,11,30,0,1,7,1,3,SR-64,,31,34.767,-82.675,0,12,2,0,1,1,0,1,1,1,0,1,0,0,99,99,99,99,99,99,0,0,0,1,0,2
45,450301,1,1,0,0,0,2,2,35,0,15,5,2016,1,1,45,0,1,7,1,3,SR-163,,81,32.892,-80.33,0,34,0,0,1,1,0,4,6,1,0,1,0,0,99,99,99,99,99,99,0,0,0,1,1,2
45,450304,1,1,0,1,1,1,1,61,0,18,5,2016,4,4,30,0,1,3,1,2,US-401,,91,34.118,-80.146,0,8,0,0,1,1,0,1,2,10,0,10,0,0,88,88,88,88,88,88,0,0,0,1,0,0
45,450305,1,1,0,0,0,2,2,27,0,18,5,2016,4,10,0,0,1,7,1,3,SR-56,,0,33.584,-80.341,0,35,0,0,1,1,0,4,1,10,0,10,0,0,99,99,99,99,99,99,0,0,0,1,0,2
45,450306,1,1,0,0,0,1,1,75,0,19,5,2016,5,15,28,1,1,1,1,1,I-95,,928,33.402,-80.509,0,1,0,0,1,1,0,1,1,2,0,2,0,0,88,88,88,88,88,88,0,0,0,1,0,1
45,450307,1,1,0,0,0,1,1,63,0,11,5,2016,4,6,0,1,2,1,1,1,I-26,,0,34.039,-81.113,0,25,0,0,1,1,0,3,1,1,0,1,0,0,99,99,99,99,99,99,0,0,0,1,0,1
45,450308,3,3,0,0,0,4,4,63,0,20,5,2016,6,7,26,0,2,6,1,3,SR-77,,192,33.968,-81.264,0,12,2,0,1,1,0,1,1,1,0,1,0,0,99,99,99,99,99,99,0,0,0,1,0,1
45,450309,1,1,0,0,0,1,1,21,0,21,5,2016,7,2,41,0,1,4,1,2,US-29,,51,35.034,-81.702,0,42,0,0,1,1,0,5,2,2,0,2,0,0,88,88,88,88,88,88,0,0,0,1,1,0
45,450310,1,1,0,0,0,1,1,25,0,21,5,2016,7,3,15,0,1,4,1,3,SR-80,,90,34.5,-79.888,0,1,0,0,1,1,0,5,2,2,0,2,0,0,88,88,88,88,88,88,0,0,0,1,1,2
45,450311,1,1,0,0,0,1,1,79,0,21,5,2016,7,6,26,1,2,1,1,1,I-77,,101,33.992,-80.955,0,34,0,0,1,1,0,4,2,10,0,10,0,0,99,99,99,99,99,99,0,0,0,1,1,0
45,450313,2,2,0,0,0,4,4,83,0,22,5,2016,1,13,26,0,1,3,1,3,SR-23,SR-995,6,34.979,-81.979,0,12,2,0,2,4,0,1,1,1,0,1,0,0,99,99,99,99,99,99,0,0,0,1,0,0
45,450315,1,1,0,0,0,1,1,83,0,22,5,2016,1,17,46,0,2,4,1,3,SR-211,CR-WILKINS HILLS LANE,0,35.123,-82.062,0,35,0,0,3,3,0,4,1,1,0,1,0,0,99,99,99,99,99,99,0,0,0,1,1,2
45,450317,1,1,0,0,0,2,2,31,0,22,5,2016,1,17,45,0,1,5,1,3,SR-65,SR-102,35,34.326,-80.105,0,19,0,0,3,4,0,5,1,1,0,1,0,0,99,99,99,99,99,99,0,0,0,1,1,0
45,450318,1,1,0,0,0,1,1,31,0,23,5,2016,2,4,50,0,2,7,1,3,SR-10,,66,34.388,-80.029,0,42,0,0,1,1,0,4,2,1,0,1,0,0,99,99,99,99,99,99,0,0,0,1,0,2
45,450319,3,3,0,0,0,6,6,63,0,24,5,2016,3,11,12,1,2,1,1,1,I-26,,1043,34.062,-81.136,0,12,1,0,1,1,0,1,1,1,0,1,0,0,99,99,99,99,99,99,0,0,0,1,0,1
45,450320,1,1,0,0,0,1,1,91,0,25,5,2016,4,19,50,0,2,6,1,3,SR-251,,12,35.019,-80.989,0,34,0,0,1,1,0,4,1,1,0,1,0,0,99,99,99,99,99,99,0,0,0,1,1,2
45,450321,1,1,0,0,0,2,2,47,0,25,5,2016,4,2,10,0,1,3,1,2,US-221,,29,34.046,-82.248,0,34,0,0,1,1,0,4,2,1,0,1,0,0,99,99,99,99,99,99,0,0,0,1,0,0