STATE,ST_CASE,VE_TOTAL,VE_FORMS,PVH_INVL,PEDS,PERNOTMVIT,PERMVIT,PERSONS,COUNTY,CITY,DAY,MONTH,YEAR,DAY_WEEK,HOUR,MINUTE,NHS,RUR_URB,FUNC_SYS,RD_OWNER,ROUTE,TWAY_ID,TWAY_ID2,MILEPT,LATITUDE,LONGITUD,SP_JUR,HARM_EV,MAN_COLL,RELJCT1,RELJCT2,TYP_INT,WRK_ZONE,REL_ROAD,LGT_COND,WEATHER1,WEATHER2,WEATHER,SCH_BUS,RAIL,NOT_HOUR,NOT_MIN,ARR_HOUR,ARR_MIN,HOSP_HR,HOSP_MN,CF1,CF2,CF3,FATALS,DRUNK_DR,RANK
45,450322,2,2,0,0,0,2,2,73,0,26,5,2016,5,11,25,0,1,4,1,3,SR-24,SR-46,11,34.79,-83.002,0,12,6,0,2,4,0,1,1,1,0,1,0,0,99,99,99,99,99,99,0,0,0,1,1,2
45,450323,1,1,0,0,0,2,2,3,0,26,5,2016,5,5,40,1,1,1,1,1,I-20,,294,33.727,-81.562,0,11,0,0,1,1,0,1,2,1,0,1,0,0,99,99,99,99,99,99,0,0,0,1,0,1
45,450324,3,3,0,0,0,4,4,23,0,26,5,2016,5,16,39,0,1,3,1,3,SR-97,,219,34.637,-81.139,0,12,8,0,1,1,0,1,1,1,0,1,0,0,99,99,99,99,99,99,0,0,0,1,0,2
45,450325,1,1,0,0,0,2,2,27,0,26,5,2016,5,9,55,0,1,7,1,3,SR-34,,30,33.859,-80.009,0,42,0,0,1,1,0,4,1,1,0,1,0,0,99,99,99,99,99,99,0,0,0,1,0,2
45,450327,1,1,0,0,0,1,1,39,0,26,5,2016,5,21,0,0,1,4,1,3,SR-62,,0,34.317,-81.123,0,1,0,0,1,1,0,5,2,1,0,1,0,0,99,99,99,99,99,99,0,0,0,1,0,0
45,450329,2,2,0,0,0,2,2,7,0,27,5,2016,6,23,38,0,2,3,1,2,US-76,,0,34.563,-82.703,0,12,6,0,1,1,0,1,2,1,0,1,0,0,99,99,99,99,99,99,0,0,0,1,1,0
45,450330,2,2,0,0,0,2,2,89,0,28,5,2016,7,1,20,1,1,3,1,2,US-52,,214,33.731,-79.808,0,12,1,0,8,1,0,1,2,1,0,1,0,0,99,99,99,99,99,99,0,0,0,1,0,0
45,450332,1,1,0,0,0,1,1,79,520,29,5,2016,1,3,28,0,2,3,1,2,US-1,,48,34.038,-81.002,0,33,0,0,1,1,0,4,3,2,0,2,0,0,88,88,88,88,88,88,20,0,0,1,1,1
45,450333,1,1,0,0,0,1,1,35,0,29,5,2016,1,23,6,0,2,3,1,3,SR-35,,48,32.996,-80.238,0,34,0,0,1,1,0,4,2,10,0,10,0,0,88,88,88,88,88,88,0,0,0,1,1,1
45,450336,3,3,0,0,0,4,4,19,1805,10,5,2016,3,6,4,0,2,3,1,2,US-78,,0,32.986,-80.094,0,12,1,0,8,1,0,1,4,1,0,1,0,0,99,99,99,99,99,99,0,0,0,1,0,0
45,450337,1,1,0,0,0,2,2,19,410,23,5,2016,2,19,13,1,2,3,1,3,SR-171,,29,32.703,-79.966,0,18,0,0,1,1,0,4,1,1,0,1,0,0,99,99,99,99,99,99,0,0,0,1,0,1
45,450338,1,1,0,0,0,2,2,11,0,31,5,2016,3,23,0,0,1,4,1,3,SR-14,,55,33.204,-81.265,0,1,0,0,1,1,0,4,2,2,0,2,0,0,99,99,99,99,99,99,0,0,0,1,1,2
45,450340,2,2,0,0,0,2,2,43,0,1,6,2016,4,12,41,0,1,7,1,3,SR-38,SR-50,16,33.491,-79.501,0,12,6,0,2,3,0,1,1,1,0,1,0,0,99,99,99,99,99,99,0,0,0,1,0,2
45,450342,2,2,0,0,0,2,2,41,870,13,2,2016,7,3,5,1,2,3,1,2,US-52,,214,34.136,-79.771,0,12,1,0,1,1,0,1,2,1,0,1,0,0,88,88,88,88,88,88,0,0,0,1,1,0
45,450343,1,1,0,0,0,4,4,53,2150,1,6,2016,4,21,23,1,1,1,1,1,I-95,,51,32.503,-80.971,0,59,0,1,5,1,0,3,2,1,0,1,0,0,99,99,99,99,99,99,0,0,0,3,0,1
45,450344,1,1,0,0,0,1,1,7,0,2,6,2016,5,1,0,1,2,1,1,1,I-85,,389,34.741,-82.484,0,35,0,0,1,1,0,4,2,1,0,1,0,0,88,88,88,88,88,88,0,0,0,1,1,1
45,450346,2,2,0,0,0,2,2,3,0,4,6,2016,7,2,58,0,1,4,1,3,SR-39,SR-246,134,33.678,-81.438,0,12,6,0,2,2,0,1,2,1,0,1,0,0,99,99,99,99,99,99,0,0,0,1,0,2
45,450347,1,1,0,0,0,1,1,75,0,4,6,2016,7,4,0,0,1,4,1,3,SR-63,,67,33.323,-80.931,0,42,0,0,1,1,0,4,2,1,0,1,0,0,88,88,88,88,88,88,0,0,0,1,1,2
45,450349,1,1,0,0,0,1,1,13,0,5,6,2016,1,22,57,0,1,4,1,2,US-21,,5,32.386,-80.441,0,42,0,0,1,1,0,4,2,1,0,1,0,0,99,99,99,99,99,99,0,0,0,1,0,0
45,450350,1,1,0,1,1,1,1,45,0,4,6,2016,7,23,59,1,2,3,1,2,US-25,,249,34.806,-82.433,0,8,0,0,1,1,0,1,2,1,0,1,0,0,99,99,99,99,99,99,0,0,0,1,0,0
45,450351,1,1,0,0,0,1,1,17,0,5,6,2016,1,3,15,0,1,7,1,3,SR-43,,30,33.652,-80.695,0,34,0,0,1,1,0,4,2,1,0,1,0,0,88,88,88,88,88,88,0,0,0,1,1,2
45,450352,1,1,0,0,0,2,2,55,0,5,6,2016,1,8,57,1,1,1,1,1,I-20,,917,34.19,-80.684,0,1,0,1,5,1,0,4,1,10,0,10,0,0,88,88,88,88,88,88,0,0,0,1,0,1
45,450353,2,2,0,0,0,2,2,43,0,6,6,2016,2,14,30,1,2,3,1,2,US-17,SR-752,350,33.536,-79.058,0,12,6,0,2,2,0,1,1,2,0,2,0,0,99,99,99,99,99,99,0,0,0,1,0,1
45,450354,1,1,0,0,0,1,1,77,0,6,6,2016,2,2,50,0,2,4,1,3,SR-135,,0,34.844,-82.554,0,34,0,0,1,1,0,4,6,2,0,2,0,0,88,88,88,88,88,88,0,0,0,1,0,1
45,450355,2,2,0,0,0,2,2,7,0,6,6,2016,2,5,25,0,1,3,1,2,US-76,,377,34.48,-82.35,0,11,0,0,1,1,0,1,2,1,0,1,0,0,88,88,88,88,88,88,0,0,0,1,0,0
45,450356,2,2,0,0,0,7,7,55,0,6,6,2016,2,14,30,0,1,3,1,3,SR-97,SR-57,67,34.42,-80.757,0,12,2,0,2,2,0,1,1,2,0,2,0,0,99,99,99,99,99,99,0,0,0,1,0,2
45,450358,1,1,0,0,0,1,1,75,0,8,6,2016,4,17,50,1,1,3,1,2,US-321,CR-CRIM RD,196,33.672,-81.113,0,1,0,0,3,3,0,4,1,1,0,1,0,0,88,88,88,88,88,88,0,0,0,1,1,0
45,450359,3,3,0,0,0,5,5,3,20,9,6,2016,5,15,50,0,2,4,1,3,SR-302,SR-81,97,33.495,-81.751,0,12,6,0,2,2,0,1,1,1,0,1,0,0,99,99,99,99,99,99,0,0,0,1,0,2
45,450360,2,2,0,0,0,2,2,13,0,26,5,2016,5,18,0,1,2,3,1,2,US-21,SR-116,241,32.458,-80.734,0,12,6,0,2,2,0,1,1,1,0,1,0,0,99,99,99,99,99,99,0,0,0,1,1,0
45,450361,2,2,0,0,0,2,2,79,520,1,6,2016,4,17,28,1,2,1,1,1,I-77,,85,33.972,-80.954,0,12,1,0,1,1,0,1,1,1,0,1,0,0,99,99,99,99,99,99,0,0,0,1,1,0
45,450362,2,2,0,0,0,3,3,91,0,9,6,2016,5,19,35,1,2,1,1,1,I-77,,788,34.94,-80.972,0,12,1,0,1,1,0,1,1,1,0,1,0,0,99,99,99,99,99,99,0,0,0,1,1,0
45,450364,2,2,0,0,0,2,2,41,870,9,3,2016,4,19,3,0,2,4,1,3,SR-29,US-76,34,34.189,-79.804,0,12,6,0,2,3,0,1,3,1,0,1,0,0,99,99,99,99,99,99,0,0,0,1,1,2
45,450365,1,1,0,0,0,1,1,79,520,20,4,2016,4,15,6,1,2,1,1,1,I-26,,0,34.023,-81.097,0,25,0,0,1,1,0,10,1,1,0,1,0,0,99,99,99,99,99,99,0,0,0,1,1,1
45,450366,2,2,0,0,0,2,2,19,410,19,4,2016,3,23,38,1,1,3,1,3,SR-61,,121,32.781,-79.973,0,12,2,0,1,1,0,1,2,1,0,1,0,0,99,99,99,99,99,99,0,0,0,1,1,2
45,450367,1,1,0,0,0,1,1,19,410,7,5,2016,7,10,35,1,2,3,1,2,US-17,,312,32.795,-79.946,0,25,0,0,1,1,0,4,1,1,0,1,0,0,99,99,99,99,99,99,0,0,0,1,0,1
45,450368,2,2,0,1,1,2,2,13,0,13,5,2016,6,23,0,0,1,4,1,3,SR-170,,0,32.335,-80.928,0,9,0,0,1,1,0,1,2,1,0,1,0,0,88,88,88,88,88,88,0,0,0,1,0,2
45,450369,2,2,0,0,0,4,4,91,0,6,6,2016,2,16,59,0,1,4,1,3,SR-161,,0,34.998,-81.171,0,12,2,0,1,1,0,1,1,1,0,1,0,0,99,99,99,99,99,99,0,0,0,1,0,1
45,450370,2,2,0,0,0,4,4,41,0,9,6,2016,5,23,0,1,1,2,1,2,US-52,,174,34.078,-79.761,0,12,6,0,1,1,0,1,2,1,0,1,0,0,99,99,99,99,99,99,0,0,0,1,0,0
45,450372,1,1,0,0,0,2,2,35,0,8,5,2016,1,5,15,0,1,3,1,2,US-17,,0,32.952,-80.306,0,1,0,0,1,1,0,4,2,1,0,1,0,0,88,88,88,88,88,88,0,0,0,2,0,1
45,450373,2,2,0,0,0,2,2,55,330,6,6,2016,2,7,5,0,2,3,1,2,US-1,CR-SPRINGDALE DRIVE,0,34.25,-80.646,0,1,0,0,2,3,0,1,1,10,0,10,0,0,99,99,99,99,99,99,0,0,0,1,0,1
45,450374,2,2,0,0,0,6,6,79,520,10,6,2016,6,12,31,0,2,3,1,2,US-76,CR-GILL CREEK PKWY,0,33.988,-80.976,0,12,6,0,2,3,0,1,1,1,0,1,0,0,99,99,99,99,99,99,0,0,0,1,1,0
45,450375,2,2,0,0,0,2,2,41,0,10,6,2016,6,19,14,0,2,4,1,3,SR-107,CR-BUCKSHOT RD,0,34.146,-79.851,0,12,6,0,2,3,0,1,1,1,0,1,0,0,88,88,88,88,88,88,0,0,0,1,0,2
45,450376,3,3,0,0,0,3,3,77,0,11,6,2016,7,16,41,0,2,4,1,3,SR-133,,15,34.712,-82.832,0,12,7,0,1,1,0,1,1,1,0,1,0,0,88,88,88,88,88,88,0,0,0,1,0,2
45,450377,2,2,0,0,0,4,4,51,0,11,6,2016,7,22,15,1,2,3,1,2,US-501,,303,33.716,-78.924,0,12,1,0,1,1,0,1,2,1,0,1,0,0,88,88,88,88,88,88,0,0,0,1,0,0
45,450380,2,2,0,0,0,2,2,57,0,13,6,2016,2,18,20,0,2,4,1,3,SR-528,CR-GREENWAY DRIVE,0,34.668,-80.777,0,12,6,0,4,1,0,1,1,1,0,1,0,0,99,99,99,99,99,99,0,0,0,1,0,1
45,450381,2,2,0,0,0,2,2,45,0,13,6,2016,2,10,0,0,1,4,1,3,SR-247,,0,34.602,-82.394,0,12,2,0,1,1,0,1,1,1,0,1,0,0,88,88,88,88,88,88,0,0,0,1,0,1
45,450382,2,2,0,0,0,2,2,45,1040,13,6,2016,2,6,21,1,2,1,1,1,I-85,,481,34.813,-82.337,0,12,7,0,1,1,0,1,1,1,0,1,0,0,99,99,99,99,99,99,0,0,0,1,0,1
45,450383,1,1,0,0,0,1,1,63,0,18,6,2016,7,3,10,0,1,4,1,3,SR-302,,0,33.739,-81.262,0,38,0,0,1,1,0,5,2,1,0,1,0,0,88,88,88,88,88,88,0,0,0,1,1,2
45,450384,2,2,0,0,0,3,3,53,1080,12,6,2016,1,11,15,1,2,1,1,1,I-95,,81,32.312,-81.06,0,12,1,0,1,1,0,1,1,1,0,1,0,0,99,99,99,99,99,99,0,0,0,1,0,1
45,450387,1,1,0,0,0,1,1,25,0,18,6,2016,7,22,0,0,1,3,1,2,US-1,,0,34.561,-80.063,0,34,0,0,1,1,0,4,6,1,0,1,0,0,88,88,88,88,88,88,0,0,0,1,1,1
45,450389,2,2,0,0,0,4,4,47,0,21,6,2016,3,16,0,1,2,3,1,2,US-25,SR-236,199,34.202,-82.135,0,12,6,0,2,4,0,1,1,1,0,1,0,0,99,99,99,99,99,99,0,0,0,1,0,0
45,450390,3,3,0,0,0,4,4,39,0,21,6,2016,3,13,4,0,1,3,1,2,US-321,SR-254,1,34.232,-81.072,0,12,7,0,2,3,0,1,1,1,0,1,0,0,99,99,99,99,99,99,0,0,0,1,0,0
45,450391,2,2,0,0,0,2,2,9,0,21,6,2016,3,7,30,0,1,4,1,3,SR-12,SR-32,2,33.264,-81.104,0,12,6,0,2,2,0,1,1,1,0,1,0,0,99,99,99,99,99,99,0,0,0,1,0,2
45,450392,2,2,0,0,0,2,2,91,0,22,6,2016,4,10,56,1,1,1,1,1,I-77,,726,34.853,-81.012,0,12,1,0,1,1,0,1,1,1,0,1,0,0,99,99,99,99,99,99,0,0,0,1,1,0
45,450394,2,2,0,0,0,3,3,41,0,20,3,2016,1,7,58,0,2,4,1,3,SR-107,SR-1719,1,34.139,-79.789,0,12,2,0,2,3,0,1,1,1,0,1,0,0,99,99,99,99,99,99,0,0,0,1,0,2
45,450395,2,2,0,0,0,6,6,15,0,10,4,2016,1,19,35,0,1,3,1,3,SR-41,SR-99,67,33.012,-79.812,0,12,6,0,2,2,0,1,3,1,0,1,0,0,99,99,99,99,99,99,0,0,0,1,0,1
45,450396,1,1,0,0,0,1,1,7,0,5,5,2016,5,1,45,0,1,3,1,3,SR-81,,92,34.384,-82.694,0,33,0,0,1,1,0,4,2,1,0,1,0,0,88,88,88,88,88,88,20,0,0,1,1,2
45,450397,2,2,0,0,0,4,4,17,0,7,5,2016,7,17,38,1,1,1,1,1,I-26,,1341,33.699,-80.915,0,12,1,0,1,1,0,1,1,1,0,1,0,0,99,99,99,99,99,99,0,0,0,1,0,1
45,450398,3,3,0,0,0,3,3,15,0,23,5,2016,2,5,55,1,1,1,1,1,I-26,,1873,33.129,-80.292,0,12,1,0,1,1,0,1,4,1,0,1,0,0,99,99,99,99,99,99,0,0,0,1,0,1
45,450401,2,2,0,0,0,2,2,63,0,15,6,2016,4,9,40,1,1,1,1,1,I-20,,387,33.826,-81.44,0,12,6,0,1,1,0,1,1,1,0,1,0,0,99,99,99,99,99,99,0,0,0,1,0,1
45,450402,1,1,0,1,1,1,1,51,1730,16,6,2016,5,20,32,1,2,2,1,2,US-17,,0,33.705,-78.925,0,8,0,0,1,1,0,1,5,1,0,1,0,0,88,88,88,88,88,88,0,0,0,1,0,1
45,450404,1,1,0,2,2,2,2,29,0,18,6,2016,7,21,50,0,1,3,1,2,US-15,,0,32.967,-80.641,0,8,0,0,1,1,0,1,2,1,0,1,0,0,99,99,99,99,99,99,0,0,0,2,0,0
45,450406,1,1,0,1,1,1,1,19,1805,22,6,2016,4,12,54,1,2,3,1,3,SR-7,SR-2011,59,32.855,-79.977,0,8,0,0,2,4,0,1,1,1,0,1,0,0,99,99,99,99,99,99,0,0,0,1,0,2
45,450407,2,2,0,0,0,3,3,63,1430,22,6,2016,4,15,11,0,2,3,1,2,US-1,SR-12,286,33.984,-81.096,0,12,2,0,2,4,0,1,1,1,0,1,0,0,88,88,88,88,88,88,0,0,0,1,1,1
45,450408,1,1,0,0,0,1,1,27,0,23,6,2016,5,4,24,1,1,1,1,1,I-95,,1018,33.551,-80.407,0,1,0,0,1,1,0,3,2,1,0,1,0,0,88,88,88,88,88,88,0,0,0,1,0,1
45,450410,1,1,0,0,0,1,1,59,0,24,6,2016,6,10,0,1,1,2,1,2,US-25,,14,34.41,-82.227,0,24,0,0,1,1,0,4,1,1,0,1,0,0,88,88,88,88,88,88,0,0,0,1,1,0
45,450411,1,1,0,0,0,1,1,7,0,24,6,2016,6,13,50,0,1,4,1,3,SR-71,,0,34.566,-82.791,0,42,0,0,1,1,0,4,1,1,0,1,0,0,99,99,99,99,99,99,0,0,0,1,0,2
45,450412,2,2,0,0,0,2,2,51,0,25,6,2016,7,12,10,0,1,3,1,2,US-17,CR-SEABREEZE DRIVE,0,33.594,-79.001,0,12,6,0,2,3,0,1,1,1,0,1,0,0,99,99,99,99,99,99,0,0,0,1,0,1
45,450415,1,1,0,1,1,1,1,75,0,26,6,2016,1,2,15,0,1,4,1,2,US-176,,28,33.436,-80.608,0,8,0,0,1,1,0,1,2,1,0,1,0,0,88,88,88,88,88,88,0,0,0,1,0,0
45,450416,1,1,0,1,1,2,2,15,0,26,6,2016,1,3,34,0,1,3,1,2,US-17,,0,33.286,-79.705,0,8,0,0,1,1,0,1,6,1,0,1,0,0,88,88,88,88,88,88,0,0,0,1,0,1
45,450420,1,1,0,0,0,1,1,63,0,29,6,2016,4,23,50,0,1,5,1,3,SR-73,,36,33.805,-81.193,0,32,0,0,1,1,0,4,2,1,0,1,0,0,99,99,99,99,99,99,0,0,0,1,1,2
45,450421,2,2,0,0,0,2,2,59,0,30,6,2016,5,15,45,0,1,4,1,3,SR-14,,113,34.63,-82.132,0,12,6,0,8,1,0,1,1,1,0,1,0,0,99,99,99,99,99,99,0,0,0,1,0,2
45,450423,1,1,0,1,1,1,1,19,1805,16,6,2016,5,0,53,0,2,4,1,3,SR-32,CR-GRAYSON STREET,0,32.857,-79.97,0,8,0,0,1,1,0,1,3,1,0,1,0,0,88,88,88,88,88,88,0,0,0,1,0,2
45,450424,1,1,0,2,2,1,1,19,1170,25,6,2016,7,21,20,0,2,4,1,3,SR-162,,85,32.746,-80.2,0,15,0,0,1,1,0,1,2,1,0,1,0,0,88,88,88,88,88,88,0,0,0,2,0,2
45,450425,2,2,0,0,0,5,5,51,0,1,7,2016,6,21,54,0,1,4,1,3,SR-31,,75,33.948,-78.839,0,12,2,0,1,1,0,1,2,1,0,1,0,0,99,99,99,99,99,99,0,0,0,3,1,2
45,450427,1,1,0,1,1,1,1,15,0,2,7,2016,7,2,46,1,2,3,1,3,SR-29,,44,32.97,-80.011,0,8,0,0,1,1,0,1,3,1,0,1,0,0,88,88,88,88,88,88,0,0,0,1,0,2
45,450428,1,1,0,1,1,5,5,79,0,2,7,2016,7,9,5,0,2,4,1,3,SR-83,,74,34.115,-80.942,0,8,0,0,1,1,0,1,1,1,0,1,0,0,99,99,99,99,99,99,0,0,0,1,0,2
45,450430,2,2,0,0,0,4,4,91,2970,2,7,2016,7,12,7,1,2,3,1,3,SR-5,SR-64,121,35.018,-81.226,0,12,6,0,2,2,0,1,1,1,0,1,0,0,88,88,88,88,88,88,0,0,0,1,1,1
45,450432,2,2,0,0,0,3,3,7,0,3,7,2016,1,2,51,1,2,3,1,3,SR-28,,152,34.501,-82.651,0,12,1,0,1,1,0,1,3,1,0,1,0,0,88,88,88,88,88,88,0,0,0,2,2,2
45,450433,1,1,0,0,0,1,1,45,0,4,7,2016,2,17,14,0,1,3,1,2,US-25,,0,34.731,-82.39,0,31,0,0,1,1,0,4,1,1,0,1,0,0,99,99,99,99,99,99,0,0,0,1,1,0
45,450434,1,1,0,1,1,1,1,65,1610,4,7,2016,2,7,30,0,2,7,2,3,SR-97,,6,33.914,-82.304,0,8,0,0,8,1,0,4,1,1,0,1,0,0,88,88,88,88,88,88,0,0,0,1,1,2
45,450435,2,2,0,0,0,7,7,31,0,4,7,2016,2,16,40,0,1,2,1,3,SR-34,,126,34.3,-79.932,0,12,2,0,1,1,0,1,1,1,0,1,0,0,99,99,99,99,99,99,0,0,0,2,1,2
45,450436,1,1,0,0,0,1,1,35,0,5,7,2016,3,2,8,0,1,4,1,3,SR-13,,0,33.017,-80.226,0,42,0,0,1,1,0,4,2,1,0,1,0,0,88,88,88,88,88,88,0,0,0,1,1,2
45,450437,1,1,0,1,1,1,1,19,410,5,7,2016,3,14,55,0,2,4,2,3,SR-121,CR-FRANCIS STREET,0,32.803,-79.952,0,8,0,0,3,2,0,1,1,1,0,1,0,0,88,88,88,88,88,88,0,0,0,1,0,2
45,450438,2,2,0,0,0,2,2,45,1040,6,7,2016,4,19,32,1,2,3,1,3,SR-291,SR-484,87,34.88,-82.364,0,12,2,0,2,3,0,1,1,1,0,1,0,0,99,99,99,99,99,99,0,0,0,1,0,2
45,450440,2,2,0,0,0,6,6,35,0,16,5,2016,2,13,51,0,1,4,1,3,SR-27,,0,33.058,-80.316,0,18,0,0,1,1,0,1,1,1,0,1,0,0,99,99,99,99,99,99,0,0,0,2,0,2
45,450441,1,1,0,0,0,9,9,51,0,7,7,2016,5,18,0,0,1,3,1,2,US-501,,106,33.935,-79.164,0,42,0,0,1,1,0,5,1,1,0,1,0,0,99,99,99,99,99,99,0,0,0,2,0,0
45,450443,1,1,0,1,1,1,1,55,0,8,7,2016,6,17,10,0,1,7,1,3,SR-101,,40,34.192,-80.798,0,8,0,0,1,1,0,4,1,1,0,1,0,0,99,99,99,99,99,99,0,0,0,1,1,2
45,450444,2,2,0,0,0,7,7,79,0,8,7,2016,6,21,50,1,1,2,1,2,US-76,,0,33.949,-80.859,0,12,2,0,1,1,0,1,2,1,0,1,0,0,99,99,99,99,99,99,0,0,0,1,1,0
45,450446,2,2,0,0,0,4,4,33,0,9,7,2016,7,17,55,0,1,4,1,3,SR-45,SR-941,0,34.342,-79.316,0,12,6,0,2,3,0,1,1,1,0,1,0,0,99,99,99,99,99,99,0,0,0,1,0,0
45,450447,1,1,0,0,0,1,1,83,0,10,7,2016,1,14,46,0,1,4,1,3,SR-295,,0,34.911,-81.838,0,59,0,0,1,1,0,4,1,1,0,1,0,0,99,99,99,99,99,99,0,0,0,1,0,1
45,450448,2,2,0,0,0,2,2,87,2660,12,7,2016,3,17,15,1,1,3,1,3,SR-72,,105,34.595,-81.45,0,12,1,0,1,1,4,1,1,1,0,1,0,0,99,99,99,99,99,99,0,0,0,1,1,2
45,450449,1,1,0,0,0,1,1,35,0,13,7,2016,4,6,11,0,1,4,1,3,SR-165,,0,32.891,-80.264,0,34,0,0,1,1,0,4,4,1,0,1,0,0,88,88,88,88,88,88,0,0,0,1,0,2
45,450451,1,1,0,0,0,2,2,35,0,15,7,2016,6,14,55,0,1,3,1,3,SR-61,,2,32.97,-80.304,0,34,0,0,1,1,0,4,1,1,0,1,0,0,99,99,99,99,99,99,0,0,0,1,0,2
45,450452,1,1,0,2,2,5,5,7,0,16,7,2016,7,3,10,1,1,2,1,2,US-76,,207,34.483,-82.565,0,8,0,0,1,1,0,1,2,10,0,10,0,0,99,99,99,99,99,99,0,0,0,1,0,0
45,450454,1,1,0,0,0,1,1,75,0,17,7,2016,1,2,45,0,1,3,1,3,SR-6,CR-HI RIDGE RD,242,33.393,-80.274,0,32,0,0,3,3,0,4,2,2,0,2,0,0,88,88,88,88,88,88,0,0,0,1,1,2
45,450456,2,2,0,0,0,2,2,41,0,18,7,2016,2,16,43,0,1,4,1,3,SR-136,,2,34.057,-79.803,0,12,2,0,8,1,0,1,1,1,0,1,0,0,88,88,88,88,88,88,0,0,0,1,0,2
45,450458,2,2,0,2,2,2,2,69,0,19,7,2016,3,4,50,0,1,3,1,3,SR-9,,194,34.594,-79.617,0,12,8,0,1,1,0,1,2,1,0,1,0,0,99,99,99,99,99,99,0,0,0,2,0,2
45,450459,2,2,0,0,0,3,3,79,0,20,7,2016,4,7,45,0,2,3,1,2,US-321,SR-130,78,34.083,-81.024,0,12,2,0,2,2,0,1,1,1,0,1,0,0,99,99,99,99,99,99,0,0,0,1,0,0
45,450460,1,1,0,0,0,1,1,45,1040,31,3,2016,5,13,42,0,2,4,1,3,SR-273,,0,34.836,-82.346,0,33,0,0,1,1,0,4,1,1,0,1,0,0,99,99,99,99,88,88,0,0,0,1,0,2
45,450461,1,1,0,1,1,1,1,45,1040,27,6,2016,2,2,40,0,2,4,1,3,SR-3,,0,34.865,-82.393,0,8,0,0,1,1,0,1,3,1,0,1,0,0,88,88,88,88,88,88,0,0,0,1,0,2
45,450462,2,2,0,0,0,2,2,45,0,20,7,2016,4,20,5,0,2,4,1,3,SR-81,,20,34.813,-82.44,0,12,6,0,8,1,0,1,1,1,0,1,0,0,99,99,99,99,99,99,0,0,0,1,0,2
45,450463,2,2,0,0,0,2,2,45,0,20,7,2016,4,8,37,0,1,4,1,3,SR-14,,0,35.03,-82.266,0,12,2,0,1,1,0,1,1,1,0,1,0,0,99,99,99,99,99,99,0,0,0,1,1,2
45,450464,1,1,0,0,0,1,1,79,1220,20,7,2016,4,20,58,0,2,4,2,3,SR-27,SR-1962,7,34.098,-81.188,0,25,0,0,3,2,0,3,2,1,0,1,0,0,99,99,99,99,99,99,0,0,0,1,1,2
45,450466,2,2,0,0,0,3,3,79,520,25,5,2016,4,21,30,1,2,1,1,1,I-26,,0,34.024,-81.097,0,12,7,0,1,1,0,1,6,1,0,1,0,0,99,99,99,99,99,99,0,0,0,1,0,1
45,450467,1,1,0,1,1,3,3,51,1825,3,6,2016,6,22,35,1,2,3,1,2,US-17,SR-37,259,33.81,-78.709,0,8,0,0,1,1,0,1,3,1,0,1,0,0,99,99,99,99,99,99,0,0,0,1,0,1
45,450468,6,6,0,0,0,7,7,35,2530,7,6,2016,3,13,58,0,2,6,1,3,SR-13,,24,33.016,-80.2,0,12,1,0,1,1,0,1,1,1,0,1,0,0,99,99,99,99,99,99,0,0,0,1,0,2
45,450472,2,2,0,0,0,2,2,85,2550,23,4,2016,7,19,30,1,2,3,1,2,US-76,,147,33.957,-80.386,0,12,6,0,8,1,0,1,1,1,0,1,0,0,99,99,99,99,99,99,0,0,0,1,0,0
45,450473,2,2,0,0,0,2,2,27,0,6,5,2016,6,14,0,0,1,4,1,3,SR-41,,61,33.634,-80.401,0,12,1,0,1,1,0,1,1,1,0,1,0,0,99,99,99,99,99,99,0,0,0,1,0,1
45,450474,1,1,0,1,1,1,1,51,1825,12,5,2016,5,22,45,0,2,2,1,3,SR-31,,19,33.847,-78.703,0,8,0,0,1,1,0,1,2,1,0,1,0,0,99,99,99,99,99,99,0,0,0,1,0,2
45,450475,2,2,0,0,0,2,2,5,0,12,7,2016,3,13,20,0,1,4,1,3,SR-125,SR-3,109,33.07,-81.424,0,12,6,0,2,2,0,1,1,1,0,1,0,0,99,99,99,99,99,99,0,0,0,1,0,2
45,450476,3,3,0,0,0,3,3,79,520,14,7,2016,5,18,11,0,2,4,1,2,US-21,SR-219,73,34.067,-81.006,0,12,7,0,2,3,0,1,1,1,0,1,0,0,99,99,99,99,99,99,0,0,0,1,0,0
45,450477,1,1,0,0,0,1,1,41,870,21,7,2016,5,0,57,0,2,3,1,2,US-52,,0,34.153,-79.769,0,53,0,0,1,1,0,5,2,1,0,1,0,0,99,99,99,99,99,99,0,0,0,1,1,0
45,450480,2,2,0,0,0,2,2,83,0,22,7,2016,6,7,57,0,2,4,1,3,SR-56,,235,34.912,-81.886,0,12,2,0,1,1,0,1,1,1,0,1,0,0,99,99,99,99,99,99,0,0,0,1,0,2
45,450482,1,1,0,0,0,1,1,27,0,23,7,2016,7,16,51,1,1,1,1,1,I-95,,1059,33.529,-80.424,0,42,0,0,1,1,0,3,1,1,0,1,0,0,88,88,88,88,88,88,0,0,0,1,0,1
45,450483,1,1,0,0,0,1,1,91,0,23,7,2016,7,10,5,0,1,5,1,3,SR-23,,59,35.041,-81.314,0,42,0,0,1,1,0,5,1,1,0,1,0,0,99,99,99,99,99,99,0,0,0,1,1,0
45,450484,1,1,0,0,0,3,3,59,0,23,7,2016,7,13,15,0,1,4,1,3,SR-54,,218,34.59,-82.223,0,34,0,0,1,1,0,4,1,1,0,1,0,0,99,99,99,99,99,99,0,0,0,1,0,2
45,450485,1,1,0,1,1,1,1,45,0,23,7,2016,7,2,51,0,1,3,1,2,US-25,,0,34.854,-82.454,0,8,0,0,1,1,0,1,3,1,0,1,0,0,88,88,88,88,88,88,0,0,0,1,0,0