STATE,ST_CASE,VE_TOTAL,VE_FORMS,PVH_INVL,PEDS,PERNOTMVIT,PERMVIT,PERSONS,COUNTY,CITY,DAY,MONTH,YEAR,DAY_WEEK,HOUR,MINUTE,NHS,RUR_URB,FUNC_SYS,RD_OWNER,ROUTE,TWAY_ID,TWAY_ID2,MILEPT,LATITUDE,LONGITUD,SP_JUR,HARM_EV,MAN_COLL,RELJCT1,RELJCT2,TYP_INT,WRK_ZONE,REL_ROAD,LGT_COND,WEATHER1,WEATHER2,WEATHER,SCH_BUS,RAIL,NOT_HOUR,NOT_MIN,ARR_HOUR,ARR_MIN,HOSP_HR,HOSP_MN,CF1,CF2,CF3,FATALS,DRUNK_DR,RANK
45,450487,1,1,0,0,0,1,1,85,0,24,7,2016,1,2,35,0,2,5,1,3,SR-53,,15,33.968,-80.363,0,42,0,0,1,1,0,4,2,1,0,1,0,0,88,88,88,88,88,88,0,0,0,1,1,2
45,450488,1,1,0,0,0,2,2,77,0,23,7,2016,7,23,10,0,1,4,1,3,SR-133,,205,34.918,-82.874,0,35,0,0,1,1,0,4,2,1,0,1,0,0,99,99,99,99,99,99,0,0,0,1,0,2
45,450489,1,1,0,0,0,1,1,23,0,25,7,2016,2,18,0,0,1,4,1,3,SR-49,,59,34.693,-81.408,0,42,0,0,1,1,0,4,1,1,0,1,0,0,88,88,88,88,88,88,0,0,0,1,1,1
45,450490,2,2,0,1,1,6,6,75,0,26,7,2016,3,22,0,0,1,7,1,3,SR-202,,18,33.401,-80.482,0,8,0,0,1,1,0,1,2,1,0,1,0,0,99,99,99,99,99,99,0,0,0,1,0,2
45,450491,1,1,0,0,0,1,1,55,0,26,7,2016,3,10,50,0,1,4,1,3,SR-97,,0,34.322,-80.648,0,34,0,0,1,1,0,4,1,1,0,1,0,0,88,88,88,88,88,88,0,0,0,1,0,2
45,450493,2,2,0,0,0,2,2,9,0,27,7,2016,4,22,29,1,1,3,1,2,US-78,,122,33.292,-81.019,0,12,2,0,1,1,0,1,3,1,0,1,0,0,99,99,99,99,99,99,0,0,0,2,1,0
45,450496,1,1,0,0,0,1,1,31,0,28,7,2016,5,23,52,0,2,6,1,3,SR-20,,43,34.414,-80.081,0,31,0,0,8,1,0,4,2,1,0,1,0,0,88,88,88,88,88,88,0,0,0,1,0,2
45,450498,1,1,0,0,0,1,1,45,0,28,7,2016,5,1,30,0,1,4,1,3,SR-52,,5,34.737,-82.441,0,1,0,0,1,1,0,1,2,1,0,1,0,0,88,88,88,88,88,88,0,0,0,1,1,0
45,450499,2,2,0,0,0,3,3,79,0,29,7,2016,6,22,20,0,2,3,1,2,US-176,SR-311,181,34.057,-81.111,0,12,6,0,2,3,0,1,3,1,0,1,0,0,99,99,99,99,99,99,0,0,0,1,1,0
45,450503,1,1,0,0,0,2,2,59,0,30,7,2016,7,11,0,0,1,4,1,3,SR-308,,28,34.568,-81.956,0,34,0,0,1,1,0,4,1,1,0,1,0,0,99,99,99,99,99,99,0,0,0,1,0,2
45,450504,1,1,0,0,0,1,1,9,0,30,7,2016,7,11,30,0,1,4,1,3,SR-49,SR-555,72,33.375,-81.114,0,59,0,0,3,3,0,4,1,1,0,1,0,0,88,88,88,88,88,88,0,0,0,1,1,1
45,450505,2,2,0,0,0,3,3,45,0,31,7,2016,1,13,0,0,1,3,1,3,SR-11,,205,35.124,-82.308,0,12,2,0,1,1,0,1,1,1,0,1,0,0,99,99,99,99,99,99,0,0,0,1,0,2
45,450507,2,2,0,0,0,3,3,7,0,31,7,2016,1,17,20,0,2,3,1,3,SR-28,,118,34.467,-82.646,0,12,2,0,1,1,0,1,1,1,0,1,0,0,99,99,99,99,99,99,0,0,0,1,0,2
45,450508,1,1,0,0,0,1,1,7,40,24,6,2016,6,12,38,0,2,4,1,3,SR-71,,0,34.51,-82.66,0,18,0,0,1,1,0,1,1,1,0,1,0,0,99,99,99,99,99,99,0,0,0,1,0,2
45,450509,3,3,0,0,0,7,7,15,985,16,7,2016,7,19,28,0,2,3,1,2,US-17,,0,33.06,-80.096,0,12,7,0,1,1,0,1,1,1,0,1,0,0,99,99,99,99,99,99,0,0,0,1,1,1
45,450510,2,2,0,0,0,2,2,19,410,28,7,2016,5,8,40,0,2,3,1,2,US-78,,0,32.982,-80.089,0,12,1,0,1,1,0,1,1,1,0,1,0,0,88,88,88,88,88,88,0,0,0,1,0,0
45,450511,2,2,0,0,0,3,3,13,0,10,7,2016,1,0,38,1,1,2,1,2,US-21,,295,32.534,-80.747,0,12,2,0,1,1,0,1,6,1,0,1,0,0,99,99,99,99,99,99,0,0,0,1,1,0
45,450512,1,1,0,0,0,1,1,41,0,1,8,2016,2,4,30,0,1,4,1,3,SR-72,,0,33.95,-79.695,0,53,0,0,1,1,0,5,2,1,0,1,0,0,88,88,88,88,88,88,0,0,0,1,1,2
45,450513,1,1,0,1,1,1,1,75,0,1,8,2016,2,21,27,1,1,1,1,1,I-26,,1589,33.418,-80.674,0,8,0,0,1,1,0,1,2,1,0,1,0,0,88,88,88,88,88,88,0,0,0,1,0,1
45,450514,1,1,0,0,0,1,1,67,0,2,8,2016,3,11,5,0,1,3,1,2,US-501,,0,34.063,-79.259,0,1,0,0,1,1,0,1,1,1,0,1,0,0,99,99,99,99,99,99,0,0,0,1,0,0
45,450515,2,2,0,0,0,2,2,83,0,2,8,2016,3,20,43,0,1,4,1,3,SR-101,,0,34.714,-82.046,0,12,2,0,1,1,0,1,2,1,0,1,0,0,99,99,99,99,99,99,0,0,0,1,1,2
45,450516,1,1,0,1,1,2,2,7,0,2,8,2016,3,0,25,0,1,4,1,3,SR-24,SR-93,0,34.511,-82.761,0,8,0,0,3,2,0,1,3,1,0,1,0,0,88,88,88,88,88,88,0,0,0,1,0,2
45,450517,1,1,0,1,1,1,1,51,0,2,8,2016,3,16,40,0,1,3,1,2,US-701,,0,33.731,-79.083,0,8,0,0,8,1,0,4,1,1,0,1,0,0,88,88,88,88,88,88,0,0,0,1,0,1
45,450518,1,1,0,0,0,1,1,79,0,2,8,2016,3,20,25,0,1,4,1,3,SR-32,,15,34.219,-81.325,0,34,0,0,1,1,0,4,1,1,0,1,0,0,88,88,88,88,88,88,0,0,0,1,1,2
45,450519,1,1,0,2,2,3,3,83,2780,2,8,2016,3,23,30,0,2,3,1,2,US-29,,82,34.942,-82.083,0,8,0,0,1,1,0,1,6,1,0,1,0,0,88,88,88,88,88,88,0,0,0,2,0,0
45,450521,1,1,0,1,1,1,1,15,0,5,8,2016,6,21,15,0,1,3,1,2,US-17,,0,33.091,-80.08,0,8,0,0,8,1,0,1,3,1,0,1,0,0,88,88,88,88,88,88,0,0,0,1,0,1
45,450522,2,2,0,0,0,3,3,63,0,6,8,2016,7,3,26,1,1,1,1,1,I-20,,612,34.019,-81.136,0,12,2,0,1,1,0,1,2,1,0,1,0,0,99,99,99,99,99,99,0,0,0,2,1,1
45,450523,2,2,0,0,0,2,2,79,0,6,8,2016,7,10,28,1,2,1,1,1,I-20,,673,34.053,-81.063,0,12,7,0,1,1,0,1,1,1,0,1,0,0,99,99,99,99,99,99,0,0,0,1,1,1
45,450524,2,2,0,0,0,2,2,3,0,6,8,2016,7,12,40,0,1,4,1,3,SR-138,,0,33.634,-81.385,0,12,6,0,8,1,0,1,1,1,0,1,0,0,99,99,99,99,99,99,0,0,0,1,0,1
45,450525,1,1,0,0,0,1,1,33,0,6,8,2016,7,15,10,0,1,4,1,3,SR-30,,0,34.409,-79.319,0,42,0,0,1,1,0,4,1,1,0,1,0,0,88,88,88,88,88,88,0,0,0,1,1,1
45,450526,2,2,0,0,0,2,2,3,0,6,8,2016,7,16,30,1,2,3,1,2,US-1,,57,33.51,-81.873,0,1,0,0,1,1,0,1,1,1,0,1,0,0,99,99,99,99,99,99,0,0,0,1,0,1
45,450527,1,1,0,1,1,1,1,63,0,6,8,2016,7,22,38,0,1,5,1,3,SR-100,,117,33.805,-81.124,0,8,0,0,1,1,0,1,2,1,0,1,0,0,88,88,88,88,88,88,0,0,0,1,0,1
45,450528,1,1,0,0,0,1,1,73,0,7,8,2016,1,21,50,0,1,4,1,3,SR-28,,0,34.865,-83.153,0,18,0,0,1,1,0,1,2,2,0,2,0,0,99,99,99,99,99,99,0,0,0,1,0,2
45,450529,2,2,0,0,0,2,2,25,0,8,8,2016,2,5,45,0,1,3,1,2,US-601,SR-682,105,34.802,-80.41,0,12,6,0,2,3,0,1,4,5,0,5,0,0,88,88,88,88,88,88,0,0,0,1,0,0
45,450530,1,1,0,0,0,1,1,77,0,8,8,2016,2,19,0,0,1,7,1,3,SR-157,,17,34.831,-82.862,0,32,0,0,8,1,0,4,1,10,0,10,0,0,88,88,88,88,88,88,0,0,0,1,1,2
45,450532,2,2,0,0,0,5,5,35,0,18,5,2016,4,10,25,0,1,3,1,2,US-78,,0,33.066,-80.247,0,12,8,0,1,1,0,1,1,1,0,1,0,0,99,99,99,99,99,99,0,0,0,1,0,0
45,450533,1,1,0,1,1,1,1,79,0,9,8,2016,3,7,58,0,2,3,1,2,US-1,,100,34.087,-80.934,0,9,0,0,1,1,0,1,1,1,0,1,0,0,99,99,99,99,99,99,0,0,0,1,0,1
45,450534,2,2,0,0,0,2,2,45,0,9,8,2016,3,20,27,1,2,3,1,2,US-25,SR-263,253,34.811,-82.438,0,12,6,0,2,3,0,1,1,1,0,1,0,0,88,88,88,88,88,88,0,0,0,1,0,0
45,450535,1,1,0,0,0,1,1,33,0,9,8,2016,3,20,50,1,1,1,1,1,I-95,,1815,34.336,-79.552,0,42,0,0,1,1,0,3,2,1,0,1,0,0,88,88,88,88,88,88,0,0,0,1,1,1
45,450536,1,1,0,0,0,1,1,79,0,10,8,2016,4,12,7,0,1,3,1,3,SR-48,,102,33.911,-80.939,0,34,0,0,1,1,0,4,1,10,0,10,0,0,88,88,88,88,88,88,0,0,0,1,0,1
45,450537,2,2,0,0,0,4,4,31,0,10,8,2016,4,5,20,0,1,3,1,2,US-401,SR-27,12,34.14,-80.114,0,12,6,0,2,2,0,1,2,1,0,1,0,0,99,99,99,99,99,99,0,0,0,2,0,0
45,450538,3,3,0,0,0,4,4,39,0,10,8,2016,4,2,48,1,1,1,1,1,I-77,,321,34.277,-80.997,0,12,2,0,1,1,0,1,2,1,0,1,0,0,99,99,99,99,99,99,0,0,0,2,1,1
45,450539,2,2,0,0,0,4,4,3,1235,11,8,2016,5,15,10,0,2,3,1,3,SR-125,SR-422,168,33.331,-81.783,0,12,6,0,2,2,0,1,1,10,0,10,0,0,99,99,99,99,99,99,0,0,0,2,0,2
45,450541,1,1,0,0,0,1,1,33,0,11,8,2016,5,15,1,0,1,5,1,3,SR-34,,9,34.379,-79.295,0,53,0,0,8,1,0,4,1,1,0,1,0,0,88,88,88,88,88,88,0,0,0,1,0,2
45,450542,1,1,0,0,0,2,2,85,0,13,8,2016,7,18,45,0,1,4,1,3,SR-82,,0,33.916,-80.327,0,42,0,0,1,1,0,4,1,1,0,1,0,0,99,99,99,99,99,99,0,0,0,1,1,2
45,450544,1,1,0,0,0,1,1,79,0,14,8,2016,1,0,46,0,1,4,1,3,SR-126,,0,34.037,-81.06,0,42,0,0,1,1,0,5,6,1,0,1,0,0,88,88,88,88,88,88,0,0,0,1,0,2
45,450545,1,1,0,1,1,1,1,3,0,14,8,2016,1,4,56,0,1,3,1,2,US-1,,335,33.8,-81.64,0,8,0,0,1,1,0,1,2,1,0,1,0,0,88,88,88,88,88,88,0,0,0,1,0,1
45,450546,2,2,0,0,0,2,2,53,0,14,8,2016,1,5,50,0,1,3,1,2,US-17,,0,32.144,-81.052,0,12,6,0,1,1,0,1,2,1,0,1,0,0,99,99,99,99,99,99,0,0,0,1,1,1
45,450547,3,3,0,0,0,3,3,51,1730,14,8,2016,1,21,35,0,2,3,1,2,US-17,CR-39TH AVE NORTH,0,33.716,-78.855,0,12,6,0,2,3,0,1,3,1,0,1,0,0,99,99,99,99,99,99,0,0,0,1,0,1
45,450548,2,2,0,0,0,3,3,7,0,16,8,2016,3,14,30,0,1,4,1,2,US-29,CR-ROGERS RD,0,34.68,-82.508,0,12,6,0,2,2,0,1,1,1,0,1,0,0,99,99,99,99,99,99,0,0,0,1,0,0
45,450549,1,1,0,0,0,2,2,29,0,14,8,2016,1,18,50,0,1,3,1,3,SR-63,,57,32.901,-80.9,0,34,0,0,8,1,0,4,1,1,0,1,0,0,99,99,99,99,99,99,0,0,0,1,0,2
45,450551,1,1,0,0,0,1,1,25,0,17,8,2016,4,9,25,0,1,4,1,3,SR-39,,0,34.68,-80.438,0,1,0,0,1,1,0,4,1,1,0,1,0,0,99,99,99,99,99,99,0,0,0,1,0,2
45,450554,2,2,0,0,0,3,3,77,0,18,8,2016,5,11,40,0,2,5,1,3,SR-54,SR-391,7,34.834,-82.646,0,12,6,0,2,2,0,1,1,1,0,1,0,0,99,99,99,99,99,99,0,0,0,1,0,2
45,450555,2,2,0,0,0,2,2,75,0,19,8,2016,6,3,0,0,1,4,1,3,SR-4,SR-1855,0,33.523,-81.083,0,51,0,0,2,2,0,1,2,1,0,1,0,0,88,88,88,88,88,88,0,0,0,1,0,2
45,450556,1,1,0,0,0,3,3,81,0,19,8,2016,6,19,44,0,1,4,1,3,SR-39,,0,33.848,-81.608,0,42,0,0,8,1,0,5,5,2,0,2,0,0,99,99,99,99,99,99,0,0,0,1,1,2
45,450560,1,1,0,0,0,2,2,15,1072,7,8,2016,1,5,57,0,2,4,1,3,SR-136,SR-24,55,32.92,-79.99,0,1,0,0,3,2,0,2,2,1,0,1,0,0,99,99,99,99,99,99,20,0,0,1,1,2
45,450561,1,1,0,1,1,2,2,33,0,20,8,2016,7,3,20,0,2,4,1,3,SR-9,,55,34.404,-79.322,0,8,0,0,1,1,0,1,2,1,0,1,0,0,88,88,88,88,88,88,0,0,0,1,1,2
45,450562,2,2,0,0,0,3,3,23,0,21,8,2016,1,19,10,0,1,4,1,2,US-21,,189,34.803,-80.927,0,12,2,0,1,1,0,1,1,1,0,1,0,0,99,99,99,99,99,99,0,0,0,1,1,0
45,450563,1,1,0,1,1,1,1,13,0,22,8,2016,2,22,16,0,1,3,1,3,SR-170,,137,32.363,-80.869,0,8,0,0,1,1,0,1,2,1,0,1,0,0,99,99,99,99,99,99,0,0,0,1,0,2
45,450564,1,1,0,0,0,1,1,71,0,23,8,2016,3,2,47,0,1,4,1,3,SR-28,,21,34.253,-81.341,0,35,0,0,1,1,0,4,2,1,0,1,0,0,99,99,99,99,99,99,0,0,0,1,1,2
45,450568,1,1,0,0,0,1,1,89,0,25,8,2016,5,21,55,0,1,5,1,3,SR-34,,18,33.764,-79.43,0,34,0,0,1,1,0,4,2,1,0,1,0,0,88,88,88,88,88,88,0,0,0,1,1,2
45,450570,1,1,0,0,0,1,1,83,0,26,8,2016,6,4,6,1,1,2,1,2,US-176,,0,34.929,-81.876,0,34,0,0,1,1,0,4,2,1,0,1,0,0,88,88,88,88,88,88,0,0,0,1,0,0
45,450571,1,1,0,0,0,2,2,3,0,26,8,2016,6,0,5,0,2,4,1,2,US-78,,181,33.546,-81.683,0,1,0,0,8,1,0,1,2,1,0,1,0,0,88,88,88,88,88,88,0,0,0,2,1,0
45,450572,2,2,0,0,0,2,2,7,0,27,8,2016,7,9,10,0,2,4,1,3,SR-81,,181,34.495,-82.373,0,12,1,0,1,1,0,1,1,1,0,1,0,0,99,99,99,99,99,99,0,0,0,1,0,2
45,450574,1,1,0,0,0,2,2,15,0,29,8,2016,2,22,10,0,1,4,1,3,SR-45,,0,33.441,-80.07,0,34,0,0,1,1,0,4,2,1,0,1,0,0,88,88,88,88,88,88,0,0,0,2,1,1
45,450575,3,3,0,0,0,3,3,31,0,30,8,2016,3,10,10,1,1,3,1,2,US-52,SR-60,53,34.291,-79.888,0,12,6,0,2,2,0,1,1,1,0,1,0,0,99,99,99,99,99,99,0,0,0,1,0,0
45,450576,1,1,0,1,1,2,2,47,0,30,8,2016,3,19,0,1,1,2,1,2,US-25,,148,34.137,-82.13,0,8,0,0,1,1,0,1,1,1,0,1,0,0,99,99,99,99,99,99,0,0,0,1,0,0
45,450579,1,1,0,1,1,1,1,83,0,31,8,2016,4,18,45,0,1,3,1,3,SR-101,,69,34.772,-82.076,0,9,0,0,1,1,0,1,1,1,0,1,0,0,99,99,99,99,99,99,0,0,0,1,0,2
45,450580,2,2,0,0,0,3,3,51,1730,9,8,2016,3,21,10,0,2,3,1,2,US-17,SR-537,0,33.747,-78.836,0,12,6,0,2,3,0,1,2,1,0,1,0,0,99,99,99,99,99,99,0,0,0,1,0,1
45,450581,2,2,0,0,0,4,4,63,0,31,8,2016,4,21,40,0,2,4,1,3,SR-273,SR-1551,9,34.032,-81.123,0,12,6,0,2,3,0,1,3,1,0,1,0,0,99,99,99,99,99,99,0,0,0,1,1,2
45,450582,1,1,0,2,2,4,4,63,0,31,8,2016,4,20,25,0,1,3,1,2,US-1,,102,33.96,-81.402,0,8,0,0,1,1,0,1,2,1,0,1,0,0,88,88,88,88,88,88,0,0,0,2,0,1
45,450583,2,2,0,0,0,2,2,15,985,18,6,2016,7,13,10,0,2,3,1,2,US-17,CR-OKATEE DRIVE,0,33.043,-80.074,0,12,6,0,3,3,0,1,1,1,0,1,0,0,99,99,99,99,99,99,0,0,0,1,0,1
45,450584,1,1,0,0,0,1,1,19,1650,1,8,2016,2,20,47,0,2,4,1,3,SR-128,,0,32.698,-80.26,0,32,0,0,1,1,0,4,3,10,0,10,0,0,99,99,99,99,99,99,0,0,0,1,1,1
45,450585,3,3,0,0,0,5,5,19,1710,3,8,2016,4,15,30,0,2,3,1,2,US-17,,0,32.871,-79.778,0,12,1,0,1,1,0,1,1,1,0,1,0,0,99,99,99,99,99,99,0,0,0,1,0,1
45,450591,1,1,0,0,0,1,1,3,0,17,3,2016,5,0,45,0,1,4,1,3,SR-19,,0,33.697,-81.789,0,34,0,0,8,1,0,4,2,1,0,1,0,0,99,99,99,99,99,99,0,0,0,1,1,2
45,450592,2,2,0,0,0,2,2,51,0,30,3,2016,4,10,48,0,2,3,1,2,US-17,CR-10TH SOUTH,0,33.605,-78.989,0,12,6,0,2,2,0,1,1,1,0,1,0,0,99,99,99,99,99,99,0,0,0,1,0,1
45,450594,2,2,0,0,0,4,4,91,2200,5,6,2016,1,13,26,0,1,4,1,3,SR-101,SR-102,69,34.897,-81.077,0,12,6,0,2,4,0,1,1,1,0,1,0,0,99,99,99,99,99,99,0,0,0,1,0,2
45,450595,1,1,0,1,1,2,2,35,2530,10,6,2016,6,21,6,0,2,3,1,2,US-17,S-122,0,33.018,-80.177,0,8,0,0,2,4,0,1,2,1,0,1,0,0,99,99,99,99,99,99,0,0,0,1,0,1
45,450596,2,2,0,0,0,2,2,13,240,25,6,2016,7,13,8,0,2,3,1,3,SR-170,SR-34,33,32.256,-80.968,0,12,6,0,2,2,0,1,1,1,0,1,0,0,99,99,99,99,99,99,0,0,0,1,0,2
45,450597,1,1,0,0,0,1,1,45,1040,15,8,2016,2,14,15,0,2,4,1,3,SR-107,,63,34.779,-82.349,0,33,0,0,1,1,0,4,1,1,0,1,0,0,88,88,88,88,88,88,0,0,0,1,0,2
45,450598,2,2,0,0,0,2,2,83,2460,19,8,2016,6,23,20,0,2,3,1,2,US-176,SR-696,0,34.967,-81.934,0,12,6,0,2,2,0,1,3,1,0,1,0,0,99,99,99,99,99,99,0,0,0,1,0,0
45,450599,1,1,0,1,1,1,1,79,520,20,8,2016,7,21,32,1,2,3,1,2,US-76,,223,34.005,-81.007,0,8,0,0,1,1,0,1,3,1,0,1,0,0,88,88,88,88,88,88,0,0,0,1,0,0
45,450600,1,1,0,1,1,1,1,41,870,20,8,2016,7,1,20,0,2,4,1,3,SR-12,,23,34.19,-79.762,0,8,0,0,1,1,0,1,2,1,0,1,0,0,99,99,99,99,99,99,0,0,0,1,0,2
45,450604,1,1,0,0,0,1,1,3,0,10,7,2016,1,12,35,1,1,1,1,1,I-20,,112,33.606,-81.843,0,1,0,0,1,1,0,1,1,1,0,1,0,0,99,99,99,99,99,99,0,0,0,1,0,1
45,450605,1,1,0,0,0,1,1,15,0,25,8,2016,5,4,19,0,1,4,1,2,US-176,,110,33.196,-80.24,0,42,0,0,1,1,0,4,2,1,0,1,0,0,99,99,99,99,99,99,0,0,0,1,0,0
45,450606,2,2,0,0,0,2,2,75,0,1,9,2016,5,7,42,1,1,3,1,2,US-301,SR-1606,105,33.463,-80.935,0,12,6,0,2,3,0,1,1,1,0,1,0,0,99,99,99,99,99,99,0,0,0,1,0,0
45,450607,3,3,0,0,0,3,3,67,0,1,9,2016,5,20,39,0,1,4,1,3,SR-41,,0,34.042,-79.329,0,12,8,0,1,1,0,1,2,10,0,10,0,0,99,99,99,99,99,99,0,0,0,1,1,1
45,450608,1,1,0,0,0,1,1,35,0,2,9,2016,6,12,32,1,1,1,1,1,I-26,,1759,33.24,-80.46,0,1,0,0,1,1,0,3,1,2,0,2,0,0,88,88,88,88,88,88,0,0,0,1,0,1
45,450609,1,1,0,1,1,2,2,29,0,2,9,2016,6,20,17,0,1,3,1,2,US-17,,0,32.925,-80.444,0,8,0,0,1,1,0,1,2,2,0,2,0,0,99,99,99,99,99,99,0,0,0,1,0,1
45,450611,2,2,0,0,0,2,2,41,0,3,9,2016,7,17,42,0,1,4,1,3,SR-111,,0,33.812,-79.468,0,12,8,0,1,1,0,1,1,1,0,1,0,0,99,99,99,99,99,99,0,0,0,1,1,1
45,450612,3,3,0,0,0,3,3,63,0,4,9,2016,1,3,45,0,1,3,1,3,SR-302,,144,33.877,-81.18,0,12,2,0,1,1,0,1,6,1,0,1,0,0,99,99,99,99,99,99,0,0,0,1,1,2
45,450613,1,1,0,0,0,1,1,47,0,5,9,2016,2,2,45,1,1,2,1,2,US-25,,324,34.342,-82.221,0,33,0,0,1,1,0,4,2,1,0,1,0,0,88,88,88,88,88,88,0,0,0,1,1,0
45,450615,1,1,0,0,0,1,1,45,0,5,9,2016,2,14,35,0,2,6,1,3,SR-27,,26,34.741,-82.415,0,34,0,0,1,1,0,4,1,1,0,1,0,0,88,88,88,88,88,88,0,0,0,1,0,2
45,450616,3,3,0,0,0,5,5,19,410,5,9,2016,2,18,28,1,1,3,1,2,US-17,SR-20,206,32.803,-80.109,0,12,6,0,2,2,0,1,3,1,0,1,0,0,99,99,99,99,99,99,0,0,0,1,0,1
45,450617,1,1,0,0,0,1,1,19,410,6,9,2016,3,22,10,1,1,2,1,2,US-17,,206,32.798,-80.089,0,34,0,0,1,1,0,4,2,1,0,1,0,0,88,88,88,88,88,88,0,0,0,1,1,1
45,450619,1,1,0,1,1,1,1,41,0,6,9,2016,3,20,0,0,1,7,1,3,SR-46,,17,34.081,-79.598,0,8,0,0,1,1,0,1,2,1,0,1,0,0,88,88,88,88,88,88,0,0,0,1,1,1
45,450621,3,3,0,0,0,4,4,69,0,7,9,2016,4,16,25,0,1,5,1,3,SR-17,,32,34.669,-79.625,0,12,8,0,1,1,0,1,1,1,0,1,0,0,99,99,99,99,99,99,0,0,0,1,0,2
45,450623,2,2,0,1,1,2,2,79,520,7,9,2016,4,21,17,0,2,4,1,3,SR-48,,23,33.983,-81.026,0,8,0,0,1,1,0,1,3,1,0,1,0,0,99,99,99,99,99,99,0,0,0,1,0,1
45,450624,1,1,0,0,0,2,2,85,0,8,9,2016,5,22,18,0,2,3,1,2,US-15,CR-BOWEN DRIVE,58,33.853,-80.368,0,42,0,0,3,3,0,4,3,1,0,1,0,0,99,99,99,99,99,99,0,0,0,1,1,0
45,450625,1,1,0,0,0,1,1,29,0,8,9,2016,5,21,10,0,1,4,1,3,SR-35,SR-46,60,32.964,-80.446,0,34,0,0,3,3,0,4,2,1,0,1,0,0,88,88,88,88,88,88,0,0,0,1,1,1
45,450627,2,2,0,0,0,6,6,27,0,8,9,2016,5,10,34,0,1,5,1,3,SR-18,SR-37,25,33.853,-79.908,0,12,6,0,2,2,0,1,1,1,0,1,0,0,99,99,99,99,99,99,0,0,0,1,0,2
45,450628,6,6,0,0,0,13,13,23,0,1,9,2016,5,15,24,1,1,1,1,1,I-77,,664,34.769,-81.037,0,12,1,0,1,1,0,1,1,1,0,1,0,0,99,99,99,99,99,99,0,0,0,2,0,1
45,450629,2,2,0,0,0,2,2,35,0,9,9,2016,6,5,40,0,1,4,1,3,SR-61,CR-MATEEBA GARDENS RD,0,32.923,-80.163,0,12,1,0,2,3,0,1,4,1,0,1,0,0,88,88,88,88,88,88,0,0,0,1,0,2
45,450630,1,1,0,1,1,1,1,91,0,9,9,2016,6,7,48,0,1,4,1,3,SR-49,CR-MARKET STREET,0,35.025,-80.974,0,8,0,0,2,2,0,1,1,1,0,1,0,0,99,99,99,99,99,99,0,0,0,1,0,1
45,450631,1,1,0,0,0,1,1,83,0,10,9,2016,7,12,10,0,1,4,1,3,SR-92,,31,34.639,-81.909,0,1,0,0,1,1,0,1,1,1,0,1,0,0,88,88,88,88,88,88,0,0,0,1,0,2
45,450632,1,1,0,1,1,1,1,53,0,10,9,2016,7,5,20,0,1,3,1,2,US-17,,0,32.106,-81.085,0,8,0,0,1,1,0,1,2,1,0,1,0,0,99,99,99,99,99,99,0,0,0,1,0,1
45,450635,2,2,0,0,0,3,3,29,0,11,9,2016,1,2,5,0,2,4,1,2,US-15,,13,32.925,-80.665,0,12,2,0,1,1,0,1,6,1,0,1,0,0,99,99,99,99,99,99,0,0,0,2,2,0
45,450636,2,2,0,0,0,3,3,79,520,11,9,2016,1,3,49,1,2,1,1,1,I-20,,782,34.087,-80.875,0,12,1,0,1,1,0,1,2,1,0,1,0,0,88,88,88,88,88,88,0,0,0,1,1,1
45,450637,1,1,0,0,0,2,2,79,0,11,9,2016,1,17,15,1,2,1,1,1,I-20,,816,34.122,-80.788,0,1,0,0,1,1,0,4,1,1,0,1,0,0,99,99,99,99,99,99,0,0,0,1,0,1
45,450638,2,2,0,0,0,2,2,45,0,6,9,2016,3,7,45,0,2,4,1,3,SR-21,CR-BEVERLY RD,35,34.895,-82.369,0,33,0,0,3,3,0,4,1,1,0,1,0,0,99,99,99,99,99,99,0,0,0,1,0,2
45,450639,3,3,0,0,0,3,3,57,0,14,9,2016,4,10,20,0,1,3,1,3,SR-9,,190,34.753,-80.55,0,12,2,0,1,1,0,1,1,1,0,1,0,0,99,99,99,99,99,99,0,0,0,1,1,2
45,450641,1,1,0,1,1,1,1,13,1145,17,9,2016,7,2,45,0,2,4,2,2,US-278,,0,32.168,-80.74,0,9,0,0,1,1,0,1,2,1,0,1,0,0,88,88,88,88,88,88,0,0,0,1,0,0
45,450642,1,1,0,0,0,1,1,53,0,17,9,2016,7,5,40,0,1,4,1,3,SR-119,,0,32.465,-81.122,0,34,0,0,1,1,0,4,2,1,0,1,0,0,88,88,88,88,88,88,0,0,0,1,0,2
45,450643,2,2,0,0,0,2,2,7,0,17,9,2016,7,8,55,0,1,3,1,2,US-29,S-96,272,34.621,-82.535,0,12,6,0,2,2,0,1,1,1,0,1,0,0,99,99,99,99,99,99,0,0,0,1,0,0
45,450645,2,2,0,0,0,2,2,35,2530,16,8,2016,3,9,0,0,2,3,1,2,US-17,I-26,0,33.038,-80.148,0,12,6,1,3,3,0,1,1,1,0,1,0,0,88,88,88,88,88,88,0,0,0,1,0,1
45,450646,2,1,1,0,0,2,2,27,0,19,8,2016,6,5,38,1,1,1,1,1,I-95,,1188,33.707,-80.242,0,14,0,0,1,1,0,5,2,1,0,1,0,0,99,99,99,99,99,99,0,0,0,1,0,1
45,450649,1,1,0,1,1,1,1,19,410,20,9,2016,3,4,0,1,2,1,1,1,I-26,,2135,32.866,-80,0,9,0,0,1,1,0,1,2,1,0,1,0,0,88,88,88,88,88,88,0,0,0,1,0,1
45,450650,2,2,0,0,0,3,3,25,0,20,9,2016,3,18,10,0,1,3,1,2,US-52,,0,34.726,-79.921,0,12,6,0,8,1,0,1,1,2,0,2,0,0,99,99,99,99,99,99,0,0,0,1,0,0