STATE,ST_CASE,VE_TOTAL,VE_FORMS,PVH_INVL,PEDS,PERNOTMVIT,PERMVIT,PERSONS,COUNTY,CITY,DAY,MONTH,YEAR,DAY_WEEK,HOUR,MINUTE,NHS,RUR_URB,FUNC_SYS,RD_OWNER,ROUTE,TWAY_ID,TWAY_ID2,MILEPT,LATITUDE,LONGITUD,SP_JUR,HARM_EV,MAN_COLL,RELJCT1,RELJCT2,TYP_INT,WRK_ZONE,REL_ROAD,LGT_COND,WEATHER1,WEATHER2,WEATHER,SCH_BUS,RAIL,NOT_HOUR,NOT_MIN,ARR_HOUR,ARR_MIN,HOSP_HR,HOSP_MN,CF1,CF2,CF3,FATALS,DRUNK_DR,RANK
45,450651,1,1,0,0,0,1,1,29,0,22,9,2016,5,19,1,1,1,1,1,1,I-95,,625,33.034,-80.668,0,52,0,0,1,1,0,3,1,1,0,1,0,0,88,88,88,88,88,88,0,0,0,1,1,1
45,450653,2,2,0,0,0,3,3,63,0,23,9,2016,6,19,18,0,1,3,1,2,US-1,,157,33.979,-81.308,0,12,6,0,1,1,0,1,5,1,0,1,0,0,99,99,99,99,99,99,0,0,0,1,0,1
45,450655,2,2,0,0,0,2,2,11,120,24,9,2016,7,12,20,0,2,4,1,3,SR-64,SR-20,42,33.24,-81.399,0,12,6,0,2,4,0,1,1,1,0,1,0,0,99,99,99,99,99,99,0,0,0,1,0,2
45,450657,1,1,0,0,0,2,2,25,0,11,9,2016,1,0,30,0,1,7,1,3,SR-108,,3,34.812,-80.38,0,34,0,0,1,1,0,4,2,1,0,1,0,0,99,99,99,99,99,99,0,0,0,1,0,1
45,450658,1,1,0,1,1,1,1,71,0,24,9,2016,7,4,0,0,1,3,1,3,SR-34,SR-500,329,34.362,-81.465,0,8,0,0,1,1,0,1,2,1,0,1,0,0,99,99,99,99,99,99,0,0,0,1,0,2
45,450659,1,1,0,0,0,1,1,7,0,24,9,2016,7,15,30,0,1,4,1,3,SR-20,,0,34.563,-82.489,0,42,0,0,1,1,0,4,1,1,0,1,0,0,99,99,99,99,99,99,0,0,0,1,0,2
45,450660,1,1,0,0,0,1,1,33,0,25,9,2016,1,1,0,0,1,5,1,3,SR-61,,20,34.52,-79.378,0,42,0,0,1,1,0,5,2,1,0,1,0,0,88,88,88,88,88,88,0,0,0,1,1,2
45,450661,2,2,0,0,0,3,3,51,1500,25,9,2016,1,7,12,0,2,4,2,3,SR-9,,0,34.059,-78.896,0,12,2,0,1,1,0,1,1,1,0,1,0,0,99,99,99,99,99,99,0,0,0,1,0,2
45,450663,1,1,0,1,1,1,1,59,0,26,9,2016,2,6,22,0,1,4,1,3,SR-95,,0,34.645,-82.124,0,8,0,0,1,1,0,1,2,1,0,1,0,0,88,88,88,88,88,88,0,0,0,1,0,1
45,450664,1,1,0,0,0,1,1,27,0,26,9,2016,2,11,45,0,1,7,1,3,SR-127,SR-102,20,33.565,-80.357,0,30,0,0,3,3,0,4,1,1,0,1,0,0,88,88,88,88,88,88,0,0,0,1,0,2
45,450665,1,1,0,1,1,1,1,7,0,27,9,2016,3,7,48,0,1,4,1,3,SR-17,,0,34.703,-82.514,0,8,0,0,1,1,0,1,1,1,0,1,0,0,88,88,88,88,88,88,0,0,0,1,0,2
45,450668,1,1,0,1,1,1,1,7,0,28,9,2016,4,22,12,1,2,1,1,1,I-85,,194,34.573,-82.714,0,8,0,0,1,1,0,1,2,1,0,1,0,0,88,88,88,88,88,88,0,0,0,1,0,1
45,450669,1,1,0,1,1,1,1,51,0,28,9,2016,4,21,15,0,1,3,1,2,US-501,,0,33.752,-78.962,0,8,0,0,1,1,0,1,6,1,0,1,0,0,88,88,88,88,88,88,0,0,0,1,0,0
45,450671,1,1,0,0,0,1,1,19,410,28,9,2016,4,1,48,0,2,3,1,2,US-17,SR-171,0,32.779,-79.971,0,21,0,0,3,4,0,4,3,1,0,1,0,0,99,99,99,99,99,99,0,0,0,1,0,1
45,450672,2,2,0,0,0,2,2,7,0,29,9,2016,5,20,28,0,2,3,1,2,US-29,CR-WILLIAMS RD,191,34.519,-82.595,0,12,1,0,2,3,0,1,2,1,0,1,0,0,99,99,99,99,99,99,0,0,0,1,0,0
45,450673,2,2,0,0,0,3,3,29,0,29,9,2016,5,9,32,1,1,1,1,1,I-95,,423,32.741,-80.839,0,12,7,0,1,1,0,1,1,1,0,1,0,0,99,99,99,99,99,99,0,0,0,1,0,1
45,450675,1,1,0,1,1,1,1,91,2970,30,9,2016,6,19,35,0,2,4,1,3,SR-122,,26,34.937,-80.999,0,8,0,0,1,1,0,1,3,1,0,1,0,0,99,99,99,99,99,99,0,0,0,1,0,2
45,450676,2,2,0,0,0,3,3,15,0,5,5,2016,5,16,30,0,1,4,1,3,SR-42,,0,33.308,-79.972,0,12,2,0,1,1,0,1,1,1,0,1,0,0,99,99,99,99,99,99,0,0,0,1,0,1
45,450678,1,1,0,1,1,1,1,19,1805,16,8,2016,3,23,11,0,2,4,1,3,SR-60,CR-SUMNER AVE,0,32.898,-79.986,0,8,0,0,1,1,0,1,3,1,0,1,0,0,88,88,88,88,88,88,0,0,0,1,0,2
45,450679,1,1,0,1,1,1,1,13,1145,18,8,2016,5,17,35,1,2,3,1,2,US-278,,179,32.206,-80.697,0,9,0,0,1,1,0,6,1,1,0,1,0,0,88,88,88,88,88,88,0,0,0,1,1,0
45,450682,2,2,0,0,0,5,5,15,0,7,8,2016,1,22,30,1,1,1,1,1,I-26,,1873,33.119,-80.274,0,12,1,0,1,1,0,1,2,1,0,1,0,0,99,99,99,99,99,99,0,0,0,1,1,1
45,450683,2,2,0,0,0,2,2,13,140,5,9,2016,2,5,28,1,1,2,1,2,US-21,,287,32.52,-80.751,0,12,1,0,1,1,0,1,2,1,0,1,0,0,99,99,99,99,99,99,0,0,0,1,1,0
45,450684,2,2,0,0,0,2,2,53,0,8,9,2016,5,17,30,0,1,4,1,3,SR-46,,0,32.236,-81.013,0,12,2,0,1,1,0,1,1,1,0,1,0,0,99,99,99,99,99,99,0,0,0,1,1,1
45,450685,1,1,0,0,0,1,1,21,930,22,5,2016,1,22,21,0,2,4,1,3,SR-150,,0,35.09,-81.651,0,1,0,0,1,1,0,1,6,1,0,1,0,0,99,99,99,99,99,99,0,0,0,1,0,0
45,450686,3,3,0,0,0,8,8,53,0,13,9,2016,3,15,30,0,1,3,1,2,US-17,,0,32.148,-81.053,0,12,1,0,1,1,0,1,1,2,0,2,0,0,99,99,99,99,99,99,0,0,0,1,0,1
45,450687,1,1,0,0,0,1,1,13,0,16,9,2016,6,16,25,0,1,4,1,3,SR-21,,0,32.631,-80.796,0,32,0,0,1,1,0,5,1,1,0,1,0,0,88,88,88,88,88,88,0,0,0,1,1,2
45,450690,1,1,0,0,0,1,1,17,0,1,10,2016,7,1,41,0,1,4,1,3,SR-15,SR-27,14,33.525,-80.627,0,35,0,0,3,3,0,4,3,1,0,1,0,0,88,88,88,88,88,88,0,0,0,1,1,0
45,450691,1,1,0,1,1,1,1,45,0,1,10,2016,7,11,25,1,1,2,1,2,US-25,,526,35.174,-82.453,0,9,0,0,1,1,0,1,1,1,0,1,0,0,99,99,99,99,99,99,0,0,0,1,0,0
45,450694,1,1,0,1,1,1,1,73,0,2,10,2016,1,17,15,0,1,4,1,3,SR-183,,0,34.735,-83.072,0,8,0,0,1,1,0,1,1,1,0,1,0,0,99,99,99,99,99,99,0,0,0,1,0,2
45,450695,2,2,0,0,0,2,2,27,0,3,10,2016,2,2,4,1,2,1,1,1,I-95,,1086,33.594,-80.342,0,12,2,0,1,1,0,1,2,1,0,1,0,0,99,99,99,99,99,99,0,0,0,2,1,1
45,450696,2,2,0,0,0,2,2,45,1040,3,10,2016,2,7,52,0,1,4,1,3,SR-273,CR-HALTON RD,0,34.837,-82.345,0,1,0,0,8,1,0,1,1,10,0,10,0,0,88,88,88,88,88,88,0,0,0,1,0,2
45,450697,1,1,0,1,1,1,1,15,0,4,10,2016,3,0,30,1,1,3,1,2,US-52,,345,33.433,-79.97,0,8,0,0,1,1,0,1,2,1,0,1,0,0,88,88,88,88,88,88,0,0,0,1,0,0
45,450700,1,1,0,1,1,1,1,51,0,6,10,2016,5,20,0,0,1,4,1,3,SR-50,,0,33.882,-78.618,0,8,0,0,1,1,0,1,2,1,0,1,0,0,88,88,88,88,88,88,0,0,0,1,0,0
45,450702,2,2,0,0,0,4,4,63,0,8,10,2016,7,19,0,0,2,4,1,3,SR-36,SR-1791,3,34.045,-81.122,0,12,6,0,2,3,0,1,1,10,0,10,0,0,99,99,99,99,99,99,0,0,0,2,1,1
45,450703,2,2,0,0,0,3,3,41,870,9,10,2016,1,10,10,0,2,6,1,3,SR-24,SR-401,4,34.204,-79.76,0,12,2,0,2,3,0,1,1,1,0,1,0,0,99,99,99,99,99,99,0,0,0,1,0,2
45,450704,1,1,0,0,0,1,1,29,0,9,10,2016,1,17,25,0,1,3,1,3,SR-61,,150,33.047,-80.573,0,1,0,0,1,1,0,1,2,1,0,1,0,0,99,99,99,99,99,99,0,0,0,1,0,2
45,450705,2,2,0,0,0,4,4,69,0,11,10,2016,3,17,25,0,1,3,1,2,US-15,,3,34.532,-79.821,0,12,2,0,1,1,0,2,1,1,0,1,0,0,99,99,99,99,99,99,0,0,0,2,0,0
45,450707,2,2,0,0,0,14,14,7,0,26,9,2016,2,9,53,1,1,1,1,1,I-85,,111,34.518,-82.871,0,12,1,0,1,1,0,1,1,1,0,1,0,0,99,99,99,99,99,99,0,0,0,1,0,1
45,450708,3,3,0,0,0,3,3,79,0,12,10,2016,4,14,45,0,1,4,1,2,US-21,,199,34.23,-80.968,0,12,1,0,8,1,0,1,1,1,0,1,0,0,99,99,99,99,99,99,0,0,0,1,1,0
45,450709,1,1,0,1,1,1,1,47,0,13,10,2016,5,5,10,0,1,4,1,3,SR-10,,0,34.133,-82.237,0,8,0,0,8,1,0,1,2,1,0,1,0,0,88,88,88,88,88,88,0,0,0,1,0,2
45,450710,2,2,0,0,0,4,4,7,0,13,10,2016,5,17,30,0,1,4,1,3,SR-108,SR-243,29,34.4,-82.638,0,12,6,0,2,3,0,1,1,1,0,1,0,0,99,99,99,99,99,99,0,0,0,1,1,1
45,450712,3,3,0,0,0,7,7,79,0,13,10,2016,5,17,35,1,1,1,1,1,I-77,,222,34.143,-80.965,0,12,6,0,1,1,0,1,1,1,0,1,0,0,99,99,99,99,99,99,0,0,0,4,0,1
45,450713,1,1,0,0,0,1,1,89,0,30,5,2016,2,18,28,0,1,4,1,3,SR-35,,24,33.71,-79.954,0,34,0,0,1,1,0,4,1,10,0,10,0,0,99,99,99,99,99,99,0,0,0,1,1,1
45,450714,1,1,0,0,0,1,1,17,0,13,10,2016,5,20,15,1,1,1,1,1,I-26,,1380,33.649,-80.883,0,42,0,0,1,1,0,3,2,1,0,1,0,0,88,88,88,88,88,88,0,0,0,1,0,1
45,450715,1,1,0,0,0,1,1,89,0,14,10,2016,6,2,34,0,1,4,1,3,SR-24,,23,33.705,-79.644,0,42,0,0,1,1,0,4,6,1,0,1,0,0,88,88,88,88,88,88,20,0,0,1,0,2
45,450716,1,1,0,0,0,2,2,51,0,14,10,2016,6,22,20,0,1,3,1,2,US-701,,214,33.933,-79.034,0,53,0,0,1,1,0,4,2,1,0,1,0,0,99,99,99,99,99,99,0,0,0,1,0,1
45,450718,1,1,0,0,0,10,10,35,0,26,7,2016,3,17,54,1,1,1,1,1,I-26,,1715,33.268,-80.485,0,42,0,0,1,1,0,4,1,1,0,1,0,0,99,99,99,99,99,99,0,0,0,2,0,1
45,450720,2,2,0,0,0,4,4,7,0,16,10,2016,1,15,6,1,1,3,1,3,SR-24,I-85,111,34.526,-82.842,0,1,0,0,2,2,0,1,1,1,0,1,0,0,99,99,99,99,99,99,0,0,0,2,0,2
45,450721,1,1,0,0,0,1,1,45,1060,17,10,2016,2,10,33,1,2,3,1,2,US-29,,165,34.942,-82.26,0,33,0,0,1,1,0,4,1,1,0,1,0,0,88,88,88,88,88,88,0,0,0,1,0,0
45,450722,1,1,0,0,0,1,1,77,0,18,10,2016,3,17,50,0,1,3,1,3,SR-11,CR-ROCKCREST RD,163,35.039,-82.668,0,42,0,0,3,7,0,4,5,1,0,1,0,0,88,88,88,88,88,88,0,0,0,1,0,2
45,450725,1,1,0,0,0,1,1,29,0,19,10,2016,4,22,37,0,1,4,1,3,SR-34,,68,33.003,-80.682,0,31,0,0,1,1,0,4,2,1,0,1,0,0,88,88,88,88,88,88,0,0,0,1,1,2
45,450726,2,2,0,0,0,6,6,51,0,20,10,2016,5,17,35,0,1,3,1,2,US-17,CR-DEERFIELD LINKS DRIVE,0,33.637,-78.992,0,12,6,0,2,2,0,1,1,1,0,1,0,0,99,99,99,99,99,99,0,0,0,1,0,1
45,450728,1,1,0,0,0,1,1,17,0,20,10,2016,5,7,0,0,1,4,1,3,SR-31,,51,33.801,-81.041,0,35,0,0,1,1,0,4,4,1,0,1,0,0,88,88,88,88,88,88,0,0,0,1,1,2
45,450730,2,2,0,0,0,6,6,75,0,25,9,2016,1,9,28,1,1,1,1,1,I-95,,1685,33.331,-80.54,0,12,7,0,1,1,0,1,1,1,0,1,0,0,99,99,99,99,99,99,0,0,0,1,0,1
45,450731,3,3,0,0,0,4,4,63,0,21,10,2016,6,5,58,1,1,1,1,1,I-20,,465,33.9,-81.344,0,1,0,0,1,1,0,1,2,1,0,1,0,0,88,88,88,88,88,88,0,0,0,1,0,1
45,450732,1,1,0,0,0,1,1,13,0,22,10,2016,7,11,20,0,1,5,1,3,SR-33,,85,32.674,-80.804,0,7,0,0,1,1,0,1,1,1,0,1,0,0,99,99,99,99,99,99,0,0,0,1,0,1
45,450733,1,1,0,0,0,2,2,35,0,22,10,2016,7,4,35,1,1,1,1,1,I-26,,1715,33.29,-80.52,0,42,0,0,1,1,0,3,2,1,0,1,0,0,99,99,99,99,99,99,0,0,0,1,0,1
45,450734,1,1,0,0,0,1,1,85,0,22,10,2016,7,3,0,0,1,3,1,2,US-76,,0,33.953,-80.575,0,42,0,0,1,1,0,3,2,1,0,1,0,0,88,88,88,88,88,88,0,0,0,1,1,0
45,450735,1,1,0,0,0,2,2,85,0,22,10,2016,7,17,15,1,1,1,1,1,I-95,,1352,33.92,-80.079,0,1,0,0,1,1,0,1,1,1,0,1,0,0,99,99,99,99,99,99,0,0,0,1,0,1
45,450736,1,1,0,0,0,1,1,59,0,22,10,2016,7,21,38,1,1,3,1,2,US-221,CR-RIDGEWOOD COVE,3,34.286,-82.055,0,33,0,0,3,3,0,4,2,1,0,1,0,0,99,99,99,99,99,99,0,0,0,1,1,0
45,450737,1,1,0,0,0,2,2,41,0,22,10,2016,7,13,30,0,1,5,1,3,SR-56,,40,33.912,-79.762,0,34,0,0,1,1,0,4,1,1,0,1,0,0,99,99,99,99,99,99,0,0,0,1,0,2
45,450738,2,2,0,0,0,5,5,51,0,23,10,2016,1,20,10,0,2,3,1,2,US-17,SR-264,0,33.707,-78.921,0,12,6,0,2,2,0,1,3,1,0,1,0,0,99,99,99,99,99,99,0,0,0,1,1,1
45,450739,2,2,0,0,0,4,4,23,0,23,10,2016,1,0,30,0,1,3,1,3,SR-72,,195,34.737,-81.173,0,12,2,0,1,1,0,1,2,1,0,1,0,0,99,99,99,99,99,99,0,0,0,3,1,2
45,450741,1,1,0,0,0,1,1,19,1805,23,10,2016,1,18,22,1,2,1,1,1,I-26,,2163,32.842,-79.969,0,23,0,0,1,1,0,4,1,1,0,1,0,0,88,88,88,88,88,88,0,0,0,1,1,1
45,450742,2,2,0,0,0,2,2,23,0,24,10,2016,2,15,25,0,1,4,1,3,SR-16,SR-171,39,34.655,-81.238,0,12,6,0,2,3,0,1,1,1,0,1,1,0,88,88,88,88,88,88,0,0,0,1,0,2
45,450743,2,2,0,0,0,3,3,71,0,24,10,2016,2,21,37,0,1,3,1,2,US-76,CR-HUNTING CREEK,157,34.25,-81.573,0,12,6,0,2,2,0,1,3,1,0,1,0,0,88,88,88,88,88,88,0,0,0,1,0,0
45,450745,1,1,0,0,0,2,2,45,0,25,10,2016,3,4,25,0,1,4,1,3,SR-14,,0,34.979,-82.244,0,52,0,0,1,1,0,4,3,1,0,1,0,0,88,88,88,88,88,88,0,0,0,2,1,2
45,450747,2,2,0,0,0,2,2,55,0,26,10,2016,4,0,0,0,1,3,1,2,US-1,,247,34.354,-80.484,0,12,2,0,1,1,0,1,2,1,0,1,0,0,88,88,88,88,88,88,0,0,0,2,1,1
45,450748,2,2,0,0,0,3,3,31,0,28,10,2016,6,6,15,0,1,4,2,3,SR-46,SR-711,32,34.138,-79.985,0,12,6,0,2,2,0,1,2,5,0,5,0,0,99,99,99,99,99,99,0,0,0,1,0,1
45,450749,2,2,0,0,0,2,2,83,0,28,10,2016,6,22,59,0,1,3,1,2,US-29,,19,34.951,-82.189,0,12,1,0,1,1,0,1,3,1,0,1,0,0,88,88,88,88,88,88,0,0,0,1,1,0
45,450750,2,2,0,0,0,3,3,83,0,1,10,2016,7,15,45,0,1,4,1,3,SR-44,CR-MILLIKEN STREET,0,34.97,-81.909,0,12,1,0,2,3,0,1,1,1,0,1,0,0,99,99,99,99,99,99,0,0,0,1,0,2
45,450753,1,1,0,0,0,2,2,37,0,29,10,2016,7,2,35,0,1,4,1,3,SR-121,,0,33.769,-81.837,0,35,0,0,1,1,0,4,2,1,0,1,0,0,99,99,99,99,99,99,0,0,0,1,1,2
45,450754,1,1,0,0,0,1,1,75,0,29,10,2016,7,11,12,0,1,4,1,3,SR-39,,8,33.365,-80.855,0,42,0,0,1,1,0,4,1,1,0,1,0,0,99,99,99,99,99,99,0,0,0,1,0,2
45,450755,2,2,0,0,0,3,3,91,0,29,10,2016,7,14,35,0,1,4,1,3,SR-49,,0,35.057,-81.125,0,12,2,0,1,1,0,1,1,1,0,1,0,0,99,99,99,99,99,99,0,0,0,1,0,1
45,450759,1,1,0,0,0,1,1,43,0,30,10,2016,1,22,55,0,1,4,1,3,SR-4,,136,33.598,-79.333,0,34,0,0,1,1,0,4,2,1,0,1,0,0,88,88,88,88,88,88,0,0,0,1,0,2
45,450760,1,1,0,0,0,1,1,7,0,30,10,2016,1,23,6,0,2,3,1,3,SR-28,,104,34.454,-82.624,0,42,0,0,1,1,0,5,2,1,0,1,0,0,88,88,88,88,88,88,0,0,0,1,0,2
45,450761,1,1,0,0,0,1,1,3,0,31,10,2016,2,5,30,1,1,1,1,1,I-20,,0,33.764,-81.511,0,1,0,0,1,1,0,3,2,1,0,1,0,0,88,88,88,88,88,88,0,0,0,1,0,1
45,450762,1,1,0,1,1,1,1,35,2530,20,10,2016,5,20,15,0,1,4,1,3,SR-199,CR-TIMBER LANE,22,32.964,-80.166,0,8,0,0,8,1,0,1,6,1,0,1,0,0,88,88,88,88,88,88,0,0,0,1,0,2
45,450763,1,1,0,1,1,1,1,13,1145,1,11,2016,3,14,30,0,2,3,2,2,US-278,,0,32.181,-80.723,0,9,0,0,1,1,0,1,1,10,0,10,0,0,99,99,99,99,99,99,0,0,0,1,0,0
45,450764,1,1,0,0,0,1,1,91,0,1,11,2016,3,16,25,0,1,4,1,3,SR-101,,27,34.864,-81.13,0,34,0,0,1,1,0,4,1,1,0,1,0,0,88,88,88,88,88,88,0,0,0,1,1,2
45,450765,1,1,0,0,0,1,1,75,0,2,11,2016,4,17,30,0,1,4,1,2,US-176,,212,33.291,-80.367,0,42,0,0,1,1,0,5,1,1,0,1,0,0,88,88,88,88,88,88,0,0,0,1,1,0
45,450766,2,2,0,0,0,2,2,45,0,2,11,2016,4,15,2,0,2,4,1,3,SR-21,,30,34.896,-82.367,0,12,6,0,8,1,0,1,1,1,0,1,0,0,88,88,88,88,88,88,0,0,0,1,0,2
45,450767,1,1,0,0,0,1,1,35,0,2,11,2016,4,11,48,0,1,3,1,2,US-17,,0,32.948,-80.313,0,34,0,0,1,1,0,4,1,1,0,1,0,0,88,88,88,88,88,88,0,0,0,1,0,1
45,450768,2,2,0,0,0,4,4,91,0,3,11,2016,5,19,52,0,1,4,1,3,SR-31,,33,34.92,-80.918,0,7,0,0,1,1,0,1,2,1,0,1,0,0,99,99,99,99,99,99,0,0,0,1,0,2
45,450770,1,1,0,0,0,1,1,37,0,4,11,2016,6,11,45,0,1,4,1,3,SR-140,,0,33.953,-81.968,0,23,0,0,1,1,0,4,1,1,0,1,0,0,88,88,88,88,88,88,0,0,0,1,0,1
45,450771,2,2,0,0,0,6,6,75,1870,4,11,2016,6,22,42,0,2,3,1,2,US-601,SR-78,0,33.476,-80.853,0,12,6,0,2,3,0,1,3,1,0,1,0,0,99,99,99,99,99,99,20,0,0,1,1,0
45,450772,2,2,0,0,0,2,2,15,0,5,11,2016,7,6,10,0,1,4,1,2,US-176,,110,33.174,-80.208,0,12,1,0,8,1,0,1,4,1,0,1,0,0,99,99,99,99,99,99,0,0,0,1,0,0
45,450773,1,1,0,0,0,1,1,3,0,5,11,2016,7,18,4,0,2,5,1,3,SR-67,,27,33.521,-81.892,0,1,0,0,1,1,0,4,1,1,0,1,0,0,99,99,99,99,99,99,0,0,0,1,1,2
45,450774,2,2,0,0,0,3,3,7,0,5,11,2016,7,6,30,1,1,1,1,1,I-85,,352,34.735,-82.487,0,12,1,0,1,1,0,1,2,1,0,1,0,0,88,88,88,88,88,88,0,0,0,1,1,1
45,450775,1,1,0,0,0,4,4,19,410,6,11,2016,1,5,40,0,2,4,1,3,SR-7,CR-DURHAM PLACE,0,32.827,-79.99,0,42,0,0,3,4,0,4,3,1,0,1,0,0,99,99,99,99,99,99,0,0,0,2,0,2
45,450776,1,1,0,1,1,1,1,11,0,10,9,2016,7,23,55,0,2,4,1,3,SR-64,,41,33.24,-81.401,0,9,0,0,1,1,0,1,2,1,0,1,0,0,99,99,99,99,99,99,0,0,0,1,1,2
45,450778,2,1,1,0,0,1,1,19,410,6,11,2016,1,23,18,1,2,3,1,2,US-17,,273,32.784,-79.998,0,42,0,0,1,1,0,4,3,1,0,1,0,0,88,88,88,88,88,88,0,0,0,1,1,1
45,450779,1,1,0,1,1,2,2,59,1010,6,11,2016,1,0,45,0,1,4,1,3,SR-14,,98,34.61,-82.116,0,8,0,0,1,1,0,1,2,1,0,1,0,0,88,88,88,88,88,88,0,0,0,1,0,2
45,450780,2,2,0,0,0,3,3,41,0,6,11,2016,1,20,10,0,1,4,1,3,SR-107,CR-DARDEN DRIVE,0,34.149,-79.841,0,12,6,0,2,3,0,1,2,1,0,1,0,0,99,99,99,99,99,99,0,0,0,1,0,2
45,450781,1,1,0,0,0,1,1,15,0,7,11,2016,2,23,15,0,1,4,1,2,US-176,,145,33.142,-80.161,0,43,0,0,1,1,0,5,6,1,0,1,0,0,99,99,99,99,99,99,0,0,0,1,0,0
45,450782,1,1,0,2,2,1,1,59,0,7,11,2016,2,19,30,1,1,2,1,2,US-221,,3,34.28,-82.058,0,8,0,0,1,1,0,1,3,1,0,1,0,0,99,99,99,99,99,99,0,0,0,1,0,0
45,450784,1,1,0,0,0,1,1,1,0,7,11,2016,2,11,5,0,1,7,1,3,SR-75,,22,34.219,-82.338,0,32,0,0,1,1,0,4,1,1,0,1,0,0,88,88,88,88,88,88,0,0,0,1,0,1
45,450785,1,1,0,0,0,1,1,75,0,7,11,2016,2,14,42,1,1,1,1,1,I-26,,1685,33.319,-80.548,0,21,0,0,1,1,0,3,1,1,0,1,0,0,99,99,99,99,99,99,0,0,0,1,0,1
45,450786,1,1,0,0,0,2,2,51,0,8,11,2016,3,1,48,0,1,4,1,3,SR-165,,0,33.87,-79.086,0,34,0,0,1,1,0,4,2,1,0,1,0,0,99,99,99,99,99,99,0,0,0,1,1,2
45,450787,2,2,0,0,0,2,2,69,0,8,11,2016,3,14,25,0,1,5,1,3,SR-17,,45,34.674,-79.617,0,12,2,0,1,1,0,1,1,1,0,1,0,0,99,99,99,99,99,99,0,0,0,1,0,2
45,450788,1,1,0,0,0,1,1,79,0,8,11,2016,3,17,0,1,1,2,1,2,US-76,,377,33.942,-80.779,0,42,0,0,1,1,0,4,1,1,0,1,0,0,99,99,99,99,99,99,0,0,0,1,1,0
45,450789,3,3,0,0,0,3,3,41,0,8,11,2016,3,18,24,0,1,3,1,2,US-76,SR-53,12,34.085,-80.028,0,12,6,0,2,2,0,1,2,1,0,1,0,0,88,88,88,88,88,88,0,0,0,1,0,0
45,450791,3,3,0,0,0,4,4,83,0,10,11,2016,5,15,7,1,2,1,1,1,I-26,,189,34.964,-82.005,0,26,0,0,1,1,0,3,1,1,0,1,0,0,99,99,99,99,99,99,0,0,0,1,1,1
45,450792,2,2,0,0,0,2,2,47,1050,10,11,2016,5,18,23,0,2,3,1,3,SR-72,,41,34.211,-82.18,0,12,1,0,1,1,0,1,3,1,0,1,0,0,99,99,99,99,99,99,0,0,0,1,0,2
45,450793,2,2,0,0,0,2,2,29,0,10,11,2016,5,16,20,0,1,4,1,2,US-17,SR-136,0,32.943,-80.49,0,12,1,0,2,3,0,1,1,1,0,1,0,0,99,99,99,99,99,99,0,0,0,1,0,1
45,450794,2,2,0,0,0,4,4,21,0,12,11,2016,7,7,6,0,1,4,1,3,SR-5,,0,35.109,-81.473,0,12,2,0,1,1,0,1,1,1,0,1,0,0,99,99,99,99,99,99,0,0,0,1,0,1
45,450795,2,2,0,0,0,2,2,75,0,12,11,2016,7,12,50,0,1,3,1,3,SR-70,SR-1343,69,33.426,-80.989,0,12,6,0,2,2,0,1,1,1,0,1,0,0,99,99,99,99,99,99,0,0,0,1,0,1
45,450796,1,1,0,0,0,1,1,83,0,12,11,2016,7,15,54,0,1,4,1,3,SR-40,,0,35.011,-82.075,0,53,0,0,1,1,0,4,1,1,0,1,0,0,99,99,99,99,99,99,0,0,0,1,0,0
45,450797,1,1,0,0,0,1,1,39,0,12,11,2016,7,15,55,0,1,5,1,3,SR-63,,21,34.276,-81.11,0,35,0,0,1,1,0,4,1,1,0,1,0,0,88,88,88,88,88,88,0,0,0,1,1,2
45,450800,1,1,0,0,0,1,1,79,0,13,11,2016,1,5,0,1,2,1,1,1,I-26,,979,34.124,-81.201,0,42,0,0,1,1,0,3,2,2,0,2,0,0,88,88,88,88,88,88,0,0,0,1,1,1
45,450801,1,1,0,0,0,1,1,87,0,13,11,2016,1,16,30,0,1,4,1,3,SR-4,,23,34.778,-81.608,0,42,0,0,1,1,0,4,1,1,0,1,0,0,88,88,88,88,88,88,0,0,0,1,0,2
45,450802,1,1,0,0,0,1,1,83,0,13,11,2016,1,16,42,0,1,4,1,3,SR-43,,0,35.062,-81.983,0,11,0,0,1,1,0,1,1,1,0,1,0,0,99,99,99,99,99,99,0,0,0,1,0,2
45,450804,3,3,0,0,0,3,3,47,0,15,11,2016,3,20,5,1,1,2,1,2,US-221,,231,34.263,-82.084,0,12,1,0,1,1,0,1,2,1,0,1,0,0,99,99,99,99,99,99,0,0,0,1,0,0
45,450806,1,1,0,1,1,1,1,45,0,17,11,2016,5,0,50,0,1,4,1,3,SR-291,DR-E GNATT STREET,0,34.773,-82.383,0,15,0,0,1,1,0,1,2,1,0,1,0,0,88,88,88,88,88,88,0,0,0,1,0,2
45,450809,2,2,0,1,1,2,2,63,0,18,11,2016,6,20,4,1,1,1,1,1,I-26,,912,34.175,-81.317,0,8,0,0,1,1,0,1,2,1,0,1,0,0,88,88,88,88,88,88,0,0,0,1,0,1
45,450811,2,2,0,0,0,2,2,7,0,19,11,2016,7,9,45,0,2,3,1,2,US-29,SR-355,135,34.488,-82.657,0,12,6,0,2,2,0,1,1,1,0,1,0,0,88,88,88,88,88,88,0,0,0,1,0,0
45,450813,1,1,0,0,0,1,1,55,0,20,11,2016,1,0,45,0,1,4,1,3,SR-5,,0,34.313,-80.761,0,34,0,0,1,1,0,4,2,1,0,1,0,0,88,88,88,88,88,88,0,0,0,1,1,1
45,450814,2,2,0,0,0,3,3,45,0,20,11,2016,1,3,40,0,1,3,1,2,US-25,,0,34.755,-82.392,0,12,2,0,1,1,0,3,6,1,0,1,0,0,99,99,99,99,99,99,0,0,0,1,1,0