STATE,ST_CASE,VE_TOTAL,VE_FORMS,PVH_INVL,PEDS,PERNOTMVIT,PERMVIT,PERSONS,COUNTY,CITY,DAY,MONTH,YEAR,DAY_WEEK,HOUR,MINUTE,NHS,RUR_URB,FUNC_SYS,RD_OWNER,ROUTE,TWAY_ID,TWAY_ID2,MILEPT,LATITUDE,LONGITUD,SP_JUR,HARM_EV,MAN_COLL,RELJCT1,RELJCT2,TYP_INT,WRK_ZONE,REL_ROAD,LGT_COND,WEATHER1,WEATHER2,WEATHER,SCH_BUS,RAIL,NOT_HOUR,NOT_MIN,ARR_HOUR,ARR_MIN,HOSP_HR,HOSP_MN,CF1,CF2,CF3,FATALS,DRUNK_DR,RANK
45,450815,2,2,0,0,0,5,5,53,0,20,11,2016,1,3,59,0,1,3,1,2,US-17,,0,32.106,-81.085,0,12,2,0,1,1,0,1,2,1,0,1,0,0,99,99,99,99,99,99,0,0,0,1,2,1
45,450816,13,3,10,0,0,3,3,45,0,16,11,2016,4,16,38,0,1,3,1,2,US-25,,0,34.839,-82.445,0,12,6,0,1,1,0,1,1,1,0,1,0,0,99,99,99,99,99,99,14,0,0,1,0,0
45,450817,1,1,0,1,1,1,1,13,0,21,11,2016,2,6,30,0,1,3,1,2,US-278,,0,32.25,-80.837,0,9,0,0,1,1,0,4,4,1,0,1,0,0,99,99,99,99,99,99,0,0,0,1,0,0
45,450818,1,1,0,0,0,2,2,77,0,22,11,2016,3,23,50,0,1,4,1,3,SR-133,,0,34.738,-82.83,0,32,0,0,1,1,0,5,2,1,0,1,0,0,99,99,99,99,99,99,0,0,0,1,0,2
45,450819,1,1,0,1,1,1,1,45,0,22,11,2016,3,18,40,0,1,3,1,2,US-25,,0,34.807,-82.435,0,8,0,0,1,1,0,1,6,1,0,1,0,0,88,88,88,88,88,88,0,0,0,1,0,0
45,450820,2,2,0,0,0,3,3,83,2460,23,11,2016,4,9,40,0,2,3,1,2,US-176,SR-126,0,34.968,-81.934,0,12,6,0,2,2,0,1,1,1,0,1,0,0,99,99,99,99,99,99,0,0,0,1,0,0
45,450821,1,1,0,1,1,1,1,75,0,23,11,2016,4,18,0,0,1,4,1,3,SR-210,,0,33.333,-80.709,0,8,0,0,1,1,0,1,2,1,0,1,0,0,99,99,99,99,99,99,0,0,0,1,1,2
45,450822,2,2,0,0,0,2,2,13,0,23,11,2016,4,19,12,0,1,4,1,3,SR-116,SR-86,14,32.454,-80.766,0,12,6,0,2,3,0,1,2,1,0,1,0,0,88,88,88,88,88,88,0,0,0,1,0,1
45,450823,1,1,0,0,0,3,3,23,0,23,11,2016,4,20,0,0,1,5,1,3,SR-42,,4,34.696,-81.349,0,1,0,0,1,1,0,4,2,1,0,1,0,0,99,99,99,99,99,99,0,0,0,1,0,1
45,450825,1,1,0,0,0,2,2,67,1630,26,11,2016,7,0,35,1,1,3,1,2,US-76,,125,34.185,-79.351,0,42,0,0,1,1,0,4,2,1,0,1,0,0,99,99,99,99,99,99,0,0,0,1,0,0
45,450826,1,1,0,0,0,3,3,39,0,25,11,2016,6,2,0,0,1,3,1,3,SR-34,,7,34.398,-81.377,0,30,0,0,1,1,0,4,2,1,0,1,0,0,99,99,99,99,99,99,0,0,0,1,1,2
45,450829,1,1,0,1,1,1,1,7,0,26,11,2016,7,18,7,0,2,6,1,3,SR-81,,437,34.794,-82.477,0,9,0,0,1,1,0,1,2,1,0,1,0,0,99,99,99,99,99,99,0,0,0,1,0,2
45,450830,1,1,0,0,0,2,2,7,0,27,11,2016,1,1,20,0,1,3,1,3,SR-8,,111,34.766,-82.573,0,24,0,0,1,1,0,4,3,1,0,1,0,0,99,99,99,99,99,99,0,0,0,1,1,2
45,450831,1,1,0,0,0,4,4,45,0,27,11,2016,1,14,15,0,1,4,1,3,SR-295,,0,34.959,-82.242,0,35,0,0,1,1,0,4,1,1,0,1,0,0,99,99,99,99,99,99,0,0,0,1,0,1
45,450833,1,1,0,1,1,2,2,45,0,27,11,2016,1,0,5,1,2,3,1,2,US-25,,295,34.862,-82.463,0,8,0,0,1,1,0,1,2,1,0,1,0,0,88,88,88,88,88,88,0,0,0,1,0,0
45,450834,2,2,0,0,0,2,2,51,0,29,11,2016,3,9,7,0,1,3,1,3,SR-9,,0,33.916,-78.721,0,12,1,0,1,1,0,1,1,1,0,1,0,0,88,88,88,88,88,88,0,0,0,1,0,2
45,450836,1,1,0,0,0,1,1,35,0,29,11,2016,3,7,2,1,1,1,1,1,I-26,,0,33.311,-80.54,0,42,0,0,1,1,0,4,1,1,0,1,0,0,88,88,88,88,88,88,0,0,0,1,0,1
45,450839,1,1,0,1,1,1,1,13,0,30,11,2016,4,19,15,0,1,3,1,2,US-21,,0,32.496,-80.743,0,8,0,0,1,1,0,1,2,1,0,1,0,0,99,99,99,99,99,99,0,0,0,1,0,0
45,450841,2,2,0,1,1,2,2,13,0,30,11,2016,4,23,20,0,1,3,1,3,SR-170,CR-BELLINGER BLUFF RD,0,32.37,-80.856,0,9,0,0,2,2,0,1,2,2,0,2,0,0,99,99,99,99,99,99,0,0,0,1,0,2
45,450842,2,2,0,0,0,5,5,63,1430,30,11,2016,4,14,56,1,2,1,1,1,I-26,I-77,1156,33.929,-81.072,0,12,7,0,1,1,0,1,1,1,0,1,0,0,99,99,99,99,99,99,0,0,0,1,0,1
45,450843,1,1,0,1,1,1,1,25,420,23,4,2016,7,13,15,0,2,4,1,3,SR-9,,0,77.778,777.778,0,9,0,0,1,1,0,1,1,1,0,1,0,0,88,88,88,88,88,88,0,0,0,1,0,2
45,450845,2,2,0,0,0,7,7,29,0,11,11,2016,6,3,50,1,1,1,1,1,I-95,,455,32.774,-80.8,0,12,1,0,1,1,0,1,2,1,0,1,0,0,99,99,99,99,99,99,0,0,0,4,0,1
45,450847,2,2,0,0,0,5,5,15,0,1,12,2016,5,18,30,0,1,4,1,2,US-176,SR-135,73,33.208,-80.257,0,12,6,0,2,2,0,1,3,1,0,1,0,0,99,99,99,99,99,99,0,0,0,1,0,0
45,450848,1,1,0,1,1,1,1,51,0,2,12,2016,6,4,10,0,1,4,1,3,SR-57,,0,33.882,-78.692,0,8,0,0,1,1,0,1,2,1,0,1,0,0,88,88,88,88,88,88,0,0,0,1,0,2
45,450850,2,2,0,0,0,3,3,31,0,2,12,2016,6,13,45,0,1,4,1,3,SR-21,SR-244,13,34.391,-80.082,0,12,6,0,2,3,0,1,1,1,0,1,0,0,99,99,99,99,99,99,0,0,0,1,0,2
45,450852,2,1,1,2,2,1,1,79,0,4,12,2016,1,1,20,0,1,3,1,3,SR-48,,102,33.903,-80.927,0,8,0,0,1,1,0,1,6,2,0,2,0,0,99,99,99,99,99,99,14,15,0,1,0,1
45,450853,2,2,0,0,0,2,2,45,0,4,12,2016,1,18,44,0,1,4,1,3,SR-183,,0,34.891,-82.494,0,12,2,0,1,1,0,1,6,2,0,2,0,0,99,99,99,99,99,99,0,0,0,1,1,2
45,450855,2,2,0,0,0,2,2,45,0,6,12,2016,3,6,30,0,1,4,1,3,SR-20,,0,34.679,-82.452,0,12,2,0,1,1,0,1,2,2,0,2,0,0,99,99,99,99,99,99,0,0,0,1,0,2
45,450859,1,1,0,0,0,2,2,83,0,10,12,2016,7,23,41,1,2,1,1,1,I-85,,705,34.978,-82.011,0,24,0,1,5,1,0,4,2,1,0,1,0,0,99,99,99,99,99,99,0,0,0,1,1,1
45,450862,2,2,0,0,0,2,2,13,0,12,12,2016,2,9,42,0,1,4,1,3,SR-170,CR- TIDE WATCH DRIVE,0,32.311,-80.935,0,12,6,0,2,4,0,1,1,10,0,10,0,0,88,88,88,88,88,88,0,0,0,1,0,2
45,450867,1,1,0,1,1,1,1,51,0,16,12,2016,6,21,28,1,1,2,1,2,US-17,,0,33.742,-78.825,0,8,0,0,1,1,0,1,2,2,0,2,0,0,88,88,88,88,88,88,0,0,0,1,0,1
45,450868,1,1,0,0,0,1,1,79,0,17,12,2016,7,5,50,1,2,1,1,1,I-77,,199,34.114,-80.962,0,42,0,0,1,1,4,5,4,10,0,10,0,0,88,88,88,88,88,88,0,0,0,1,1,0
45,450871,1,1,0,0,0,1,1,3,0,18,12,2016,1,7,22,0,2,4,1,3,SR-33,,6,33.569,-81.815,0,59,0,0,8,1,0,4,4,10,0,10,0,0,88,88,88,88,88,88,0,0,0,1,1,1
45,450872,2,2,0,0,0,3,3,79,0,18,12,2016,1,23,29,0,1,3,1,2,US-1,,180,34.148,-80.828,0,12,2,0,1,1,0,1,3,2,0,2,0,0,99,99,99,99,99,99,0,0,0,2,2,1
45,450873,2,2,0,1,1,2,2,35,0,20,12,2016,3,18,22,0,2,4,1,3,SR-62,SR-401,9,32.922,-80.095,0,8,0,0,2,3,0,1,5,1,0,1,0,0,88,88,88,88,88,88,0,0,0,1,0,0
45,450876,1,1,0,1,1,2,2,89,0,20,12,2016,3,18,2,0,1,4,1,3,SR-30,,35,33.589,-79.708,0,8,0,0,1,1,0,1,2,1,0,1,0,0,88,88,88,88,88,88,0,0,0,1,0,1
45,450877,2,2,0,0,0,2,2,53,0,20,12,2016,3,17,49,0,1,3,1,2,US-17,,0,32.175,-81.074,0,12,8,0,1,1,0,1,1,1,0,1,0,0,88,88,88,88,88,88,0,0,0,1,0,1
45,450879,1,1,0,0,0,1,1,59,0,21,12,2016,4,23,32,0,1,4,1,3,SR-110,CR-LUCILLE DRIVE,0,34.58,-82.107,0,35,0,0,3,3,0,4,2,1,0,1,0,0,88,88,88,88,88,88,0,0,0,1,0,2
45,450884,2,2,0,0,0,4,4,83,0,24,12,2016,7,23,19,0,1,4,1,3,SR-9,,0,35.032,-81.969,0,12,2,0,1,1,0,1,6,1,0,1,0,0,99,99,99,99,99,99,0,0,0,2,1,2
45,450887,1,1,0,0,0,1,1,79,0,26,12,2016,2,0,15,1,2,1,1,1,I-26,,965,34.114,-81.191,0,52,0,0,1,1,0,3,2,1,0,1,0,0,99,99,99,99,99,99,0,0,0,1,1,1
45,450888,1,1,0,0,0,1,1,31,0,26,12,2016,2,22,0,0,1,3,1,2,US-401,,0,34.226,-79.998,0,32,0,0,1,1,0,4,2,10,0,10,0,0,88,88,88,88,88,88,0,0,0,1,1,0
45,450889,1,1,0,0,0,1,1,59,0,27,12,2016,3,17,57,0,1,4,1,3,SR-14,,85,34.592,-82.103,0,35,0,0,1,1,0,4,2,1,0,1,0,0,88,88,88,88,88,88,0,0,0,1,0,2
45,450890,1,1,0,0,0,1,1,3,0,28,12,2016,4,18,50,1,1,1,1,1,I-20,,127,33.627,-81.809,0,35,0,0,1,1,0,3,2,1,0,1,0,0,88,88,88,88,88,88,0,0,0,1,1,1
45,450891,1,1,0,1,1,1,1,45,1040,29,12,2016,5,2,45,0,2,4,2,3,SR-200,,0,34.861,-82.405,0,8,0,0,1,1,0,1,3,2,0,2,0,0,88,88,88,88,88,88,0,0,0,1,0,1
45,450892,1,1,0,1,1,3,3,35,0,10,12,2016,7,20,6,0,2,5,1,3,SR-13,,49,33.011,-80.24,0,8,0,0,1,1,0,1,2,1,0,1,0,0,88,88,88,88,88,88,0,0,0,1,0,2
45,450894,2,2,0,0,0,3,3,79,520,29,12,2016,5,7,50,0,2,4,1,3,SR-48,,0,33.962,-80.981,0,12,6,0,1,1,0,1,1,2,0,2,0,0,99,99,99,99,99,99,0,0,0,1,0,1
45,450895,4,2,2,1,1,2,2,73,0,30,12,2016,6,13,40,0,2,4,1,3,SR-130,,14,34.697,-82.94,0,12,1,0,1,1,0,1,1,1,0,1,0,0,99,99,99,99,99,99,0,0,0,1,0,2
45,450896,1,1,0,1,1,1,1,45,0,30,12,2016,6,22,49,0,2,4,1,3,SR-81,,28,34.824,-82.431,0,8,0,0,8,1,0,1,2,1,0,1,0,0,88,88,88,88,88,88,0,0,0,1,0,2
45,450897,1,1,0,0,0,1,1,35,0,31,12,2016,7,2,15,1,1,1,1,1,I-26,,1770,33.227,-80.433,0,42,0,0,1,1,0,3,2,1,0,1,0,0,88,88,88,88,88,88,0,0,0,1,1,1
45,450900,1,1,0,1,1,1,1,67,0,23,9,2016,6,20,25,0,1,4,1,3,SR-41,,25,34.208,-79.239,0,8,0,0,1,1,0,1,2,1,0,1,0,0,99,99,99,99,99,99,0,0,0,1,0,1
45,450901,3,1,2,0,0,1,1,63,370,26,9,2016,2,6,40,1,2,3,1,3,SR-302,,214,33.953,-81.097,0,33,0,0,1,1,0,4,1,1,0,1,0,0,88,88,88,88,88,88,0,0,0,1,0,2
45,450902,2,2,0,0,0,3,3,83,2460,30,9,2016,6,8,30,0,2,5,1,3,SR-44,CR-CLINCHFIELD STREET,14,34.965,-81.925,0,12,6,0,2,2,0,1,1,1,0,1,0,0,99,99,99,99,99,99,0,0,0,1,0,2
45,450904,2,2,0,0,0,2,2,83,2460,20,10,2016,5,20,30,0,2,4,1,3,SR-56,SR-1259,258,34.94,-81.909,0,12,6,0,2,3,0,1,3,1,0,1,0,0,88,88,88,88,88,88,0,0,0,1,1,2
45,450905,2,2,0,0,0,2,2,51,1825,20,10,2016,5,18,35,0,2,3,1,2,US-17,,0,33.84,-78.666,0,12,7,0,1,1,0,1,5,1,0,1,0,0,88,88,88,88,88,88,0,0,0,1,0,1
45,450906,2,2,0,0,0,2,2,15,985,21,10,2016,6,20,49,0,2,7,1,3,SR-313,SR-393,2,32.995,-80.045,0,12,2,0,2,3,0,1,3,1,0,1,0,0,99,99,99,99,99,99,0,0,0,1,0,1
45,450907,2,2,0,0,0,2,2,23,440,23,10,2016,1,17,30,0,2,4,2,3,SR-9,,0,34.704,-81.229,0,12,6,0,8,1,0,1,1,1,0,1,0,0,99,99,99,99,99,99,0,0,0,1,1,2
45,450908,2,2,0,0,0,4,4,41,870,28,10,2016,6,18,45,0,2,4,1,3,SR-57,,4,34.138,-79.739,0,12,2,0,1,1,0,1,5,1,0,1,0,0,99,99,99,99,99,99,0,0,0,1,0,2
45,450909,1,1,0,0,0,4,4,67,0,30,10,2016,1,16,5,0,1,3,1,2,US-501,,200,34.072,-79.284,0,1,0,0,1,1,0,3,1,1,0,1,0,0,99,99,99,99,99,99,0,0,0,1,1,0
45,450910,1,1,0,1,1,1,1,79,520,2,11,2016,4,19,11,0,2,3,1,2,US-1,,0,33.997,-81.047,0,8,0,0,1,1,0,1,3,1,0,1,0,0,99,99,99,99,99,99,0,0,0,1,0,1
45,450912,1,1,0,1,1,2,2,29,2720,18,11,2016,6,18,40,0,1,3,1,2,US-64,SR-24,213,32.928,-80.687,0,8,0,0,3,3,0,1,3,1,0,1,0,0,99,99,99,99,99,99,0,0,0,1,0,0
45,450913,1,1,0,0,0,1,1,19,410,20,11,2016,1,5,27,0,2,3,1,2,US-17,,0,32.849,-79.809,0,42,0,0,1,1,0,4,4,1,0,1,0,0,88,88,88,88,88,88,0,0,0,1,0,1
45,450914,2,2,0,0,0,2,2,13,240,21,11,2016,2,17,35,0,1,3,1,3,SR-170,,19,32.244,-80.98,0,12,2,0,1,1,0,1,2,1,0,1,0,0,99,99,99,99,99,99,0,0,0,1,0,2
45,450918,2,2,0,0,0,2,2,85,2550,25,11,2016,6,19,19,1,2,3,1,2,US-76,SR-673,134,33.965,-80.407,0,12,6,0,2,2,0,1,6,1,0,1,0,0,99,99,99,99,99,99,0,0,0,1,0,0
45,450919,3,3,0,0,0,3,3,41,870,27,11,2016,1,14,0,0,1,4,1,3,SR-51,SR-57,0,34.145,-79.728,0,12,6,0,2,2,0,1,1,1,0,1,0,0,99,99,99,99,99,99,0,0,0,1,0,2
45,450920,2,2,0,0,0,2,2,19,1710,18,11,2016,6,22,34,1,2,2,1,2,US-17,,340,32.803,-79.914,0,12,1,0,1,1,0,1,3,1,0,1,0,0,88,88,88,88,88,88,0,0,0,1,0,1
45,450922,2,2,0,0,0,2,2,19,0,4,12,2016,1,21,45,0,2,3,1,2,US-78,,0,33.02,-80.158,0,12,6,0,1,1,0,1,2,10,0,10,0,0,99,99,99,99,99,99,0,0,0,1,1,0
45,450923,1,1,0,0,0,2,2,41,870,7,12,2016,4,0,19,0,1,5,1,3,SR-24,,10,34.214,-79.75,0,30,0,0,1,1,0,4,3,1,0,1,0,0,99,99,99,99,99,99,20,0,0,1,1,2
45,450928,1,1,0,0,0,3,3,85,2550,18,12,2016,1,6,31,0,2,3,1,2,US-15,,0,33.919,-80.359,0,33,0,0,1,1,0,4,4,1,0,1,0,0,99,99,99,99,99,99,0,0,0,2,1,0
45,450930,1,1,0,1,1,2,2,53,1080,21,12,2016,4,18,40,0,1,3,1,2,US-17,,133,32.28,-81.081,0,8,0,0,1,1,0,1,3,1,0,1,0,0,99,99,99,99,99,99,0,0,0,1,0,1
45,450932,1,1,0,1,1,1,1,19,410,28,5,2016,7,4,58,0,2,4,1,3,SR-32,,0,77.778,777.778,0,8,0,0,1,1,0,1,6,98,0,98,0,0,99,99,99,99,99,99,0,0,0,1,0,2
45,450933,1,1,0,1,1,2,2,29,2720,18,10,2016,3,20,18,0,1,3,1,3,SR-63,,173,32.88,-80.709,0,8,0,0,1,1,0,1,3,1,0,1,0,0,99,99,99,99,99,99,0,0,0,1,0,2
45,450934,2,2,0,0,0,2,2,35,0,24,12,2016,7,15,12,0,2,4,1,3,SR-165,SR-360,106,32.971,-80.199,0,12,6,0,2,2,0,1,1,1,0,1,0,0,88,88,88,88,88,88,0,0,0,1,0,2
45,450935,1,1,0,0,0,3,3,17,0,31,12,2016,7,19,0,0,1,7,1,3,SR-119,,12,33.691,-80.877,0,35,0,0,1,1,0,4,2,1,0,1,0,0,99,99,99,99,99,99,0,0,0,2,0,2
45,450936,1,1,0,1,1,1,1,19,410,19,12,2016,2,19,27,1,2,3,1,2,US-17,SR-553,309,32.795,-79.945,0,8,0,0,2,2,0,1,3,10,0,10,0,0,99,99,99,99,99,99,0,0,0,1,0,1
45,450937,6,6,0,0,0,10,10,19,410,22,10,2016,7,17,52,1,2,1,1,1,I-26,,2163,32.844,-79.983,0,99,98,0,20,1,0,1,6,98,0,98,0,0,99,99,99,99,99,99,0,0,0,1,1,1
46,460001,2,2,0,0,0,3,3,103,0,1,1,2016,6,14,52,1,2,3,1,3,SR-44,RESERVOIR RD,492,44.048,-103.131,0,12,6,0,2,2,0,1,1,1,0,1,0,0,14,55,15,5,88,88,0,0,0,1,1,2
46,460003,2,2,0,0,0,2,2,115,0,13,1,2016,4,11,40,1,1,3,1,2,US-212,398TH AVE,3104,44.879,-98.443,0,12,6,0,2,2,0,1,1,1,0,1,0,0,11,55,12,3,12,31,0,0,0,1,1,0
46,460005,2,2,0,0,0,2,2,83,0,7,2,2016,1,10,35,0,1,4,1,3,SR-11,,645,43.434,-96.649,0,12,2,0,1,1,0,1,1,11,10,11,0,0,10,45,11,10,99,99,0,0,0,1,0,2
46,460016,1,1,0,0,0,1,1,75,0,30,3,2016,4,3,0,1,1,3,1,2,US-83,,580,43.747,-100.683,0,1,0,0,1,1,0,4,2,1,0,1,0,0,88,88,88,88,88,88,0,0,0,1,1,0
46,460017,1,1,0,0,0,2,2,71,0,3,4,2016,1,0,55,1,1,1,1,1,I-90 E,,1371,43.836,-101.784,0,1,0,0,1,1,0,3,2,1,0,1,0,0,1,2,1,53,2,46,0,0,0,1,0,0
46,460018,2,2,0,0,0,2,2,113,0,20,2,2016,7,23,12,1,1,3,1,2,US-18,,1083,43.038,-102.464,0,12,2,0,1,1,0,1,2,1,0,1,0,0,99,99,99,99,88,88,0,0,0,2,2,1
46,460019,1,1,0,0,0,2,2,85,0,4,4,2016,2,18,27,1,1,1,1,1,I-90 W,,2542,43.846,-99.502,0,1,0,0,1,1,0,4,1,1,0,1,0,0,18,29,18,38,19,5,0,0,0,1,0,0
46,460022,2,2,0,0,0,4,4,9,0,14,4,2016,5,15,43,1,1,3,1,3,SR-50,,3360,42.949,-97.674,0,12,2,0,1,1,0,1,1,1,0,1,0,0,15,53,16,8,16,28,0,0,0,3,0,0
46,460023,2,2,0,0,0,4,4,99,0,15,4,2016,6,20,33,0,1,4,1,3,SR-42,,3538,43.543,-96.974,0,12,2,0,1,1,0,1,5,10,0,10,0,0,20,35,20,41,21,15,0,0,0,1,0,1
46,460025,1,1,0,0,0,2,2,23,0,26,4,2016,3,19,52,1,1,3,1,3,SR-50,,3265,43.101,-98.346,0,1,0,0,1,1,0,4,1,10,0,10,0,0,20,1,20,10,20,21,0,0,0,1,1,0
46,460031,2,2,0,0,0,4,4,109,0,3,6,2016,6,17,58,0,1,4,1,3,SR-127,468TH AVE,2361,45.863,-96.834,3,12,6,0,2,2,0,1,1,1,0,1,0,0,17,58,18,4,18,30,0,0,0,1,1,2
46,460035,1,1,0,0,0,3,3,81,0,22,6,2016,4,19,15,1,1,1,1,1,I-90 E,,261,44.447,-103.594,0,1,0,0,1,1,0,4,1,1,0,1,0,0,99,99,99,99,99,99,0,0,0,1,0,0
46,460039,1,1,0,0,0,1,1,129,0,30,6,2016,5,14,53,0,1,4,1,3,SR-47,,2131,45.384,-99.791,0,1,0,0,1,1,0,4,1,1,0,1,0,0,88,88,88,88,88,88,0,0,0,1,0,2
46,460042,2,2,0,0,0,2,2,21,0,18,7,2016,2,8,14,1,1,3,1,2,US-83,,2187,45.626,-100.066,0,12,2,0,1,1,0,1,1,1,0,1,0,0,8,22,8,52,9,14,0,0,0,1,0,0
46,460046,2,2,0,0,0,2,2,107,0,24,7,2016,1,21,50,1,1,3,1,2,US-212,316TH AVE,2319,45.055,-99.838,0,12,6,0,2,2,0,1,2,1,0,1,0,0,21,50,22,0,22,20,0,0,0,1,0,0
46,460048,1,1,0,0,0,1,1,93,0,29,7,2016,6,17,39,1,1,3,1,2,US-212,,682,44.96,-102.946,0,1,0,0,1,1,0,4,1,1,0,1,0,0,17,38,99,97,99,97,0,0,0,1,0,0
46,460049,1,1,0,0,0,2,2,71,0,2,8,2016,3,12,35,0,1,5,1,3,SR-63,,740,43.812,-101.263,0,1,0,0,1,1,0,4,1,1,0,1,0,0,12,42,13,10,88,88,0,0,0,2,1,2
46,460056,1,1,0,0,0,2,2,3,0,11,8,2016,5,14,55,1,1,1,1,1,I-90 W,,2955,43.72,-98.737,0,1,0,0,1,1,0,4,1,1,0,1,0,0,99,99,99,99,99,99,0,0,0,2,0,0
46,460057,2,2,0,0,0,4,4,19,0,12,8,2016,6,11,37,1,1,3,1,3,SR-79,,1285,44.655,-103.427,0,11,0,0,1,1,0,1,1,1,0,1,0,0,11,37,11,45,13,13,0,0,0,1,0,1
46,460058,2,2,0,0,0,2,2,85,0,14,8,2016,1,11,41,1,1,1,1,1,I-90 E,,2190,43.912,-100.189,0,12,1,0,1,1,0,1,1,1,0,1,0,0,11,45,12,14,99,99,0,0,0,1,0,0
46,460062,2,2,0,0,0,2,2,29,0,10,8,2016,4,5,48,0,2,4,1,3,SR-20,AIRPORT DR W,3970,44.928,-97.153,0,12,6,0,2,2,0,1,2,10,0,10,0,0,5,51,5,59,6,23,0,0,0,1,0,2
46,460064,2,2,0,0,0,6,6,43,0,24,8,2016,4,15,27,0,1,4,1,3,SR-44,CR-376TH AVE,3148,43.385,-98.665,0,12,6,0,2,2,0,1,1,10,0,10,0,0,15,30,15,38,16,0,0,0,0,1,0,2
46,460065,2,2,0,0,0,7,7,113,0,21,7,2016,5,15,22,1,1,3,1,2,US-18,,1022,43.043,-102.566,3,12,2,0,1,1,0,1,1,1,0,1,0,0,99,99,99,99,99,99,0,0,0,2,1,1
46,460066,2,2,0,0,0,2,2,99,0,30,8,2016,3,12,35,0,1,4,1,3,SR-42,,3773,43.509,-96.52,0,12,1,0,1,1,0,1,1,1,0,1,0,0,12,36,12,48,13,8,0,0,0,1,0,1
46,460067,2,2,0,0,0,5,5,11,0,2,9,2016,6,17,23,1,1,3,1,2,US-14,,4080,44.326,-97.029,0,12,2,0,1,1,0,1,1,1,0,1,0,0,17,26,17,36,17,56,0,0,0,2,0,0
46,460069,2,2,0,0,0,2,2,33,0,7,9,2016,4,14,39,0,1,4,1,3,SR-87,,499,43.676,-103.471,0,1,0,0,1,1,0,4,1,1,0,1,0,0,14,39,15,2,15,39,0,0,0,1,0,1
46,460070,1,1,0,0,0,1,1,31,0,8,9,2016,5,20,20,1,1,3,1,2,US-12,,1071,45.932,-101.845,3,58,0,0,1,1,0,4,2,1,0,1,0,0,20,24,20,42,88,88,0,0,0,1,0,0
46,460073,2,1,1,0,0,1,1,113,0,8,9,2016,5,18,48,1,1,3,1,2,US-18,,1188,43.047,-102.267,3,1,0,0,1,1,1,4,5,1,0,1,0,0,99,99,99,99,99,99,0,0,0,1,0,1
46,460080,1,1,0,0,0,1,1,49,0,15,10,2016,7,10,35,1,1,3,1,2,US-212,,2573,45.042,-99.322,0,1,0,0,1,1,0,4,1,1,0,1,0,0,10,55,10,59,11,5,0,0,0,1,0,0
46,460081,1,1,0,0,0,1,1,45,0,2,10,2016,1,19,39,1,1,3,1,2,US-12,,2729,45.447,-98.827,0,1,0,0,1,1,0,1,2,1,0,1,0,0,19,44,19,50,20,44,0,0,0,1,0,0
46,460083,2,2,0,0,0,2,2,27,0,19,10,2016,4,19,41,1,1,2,1,3,SR-50,SR-19,4087,42.794,-96.949,0,12,6,0,2,2,0,1,2,2,0,2,0,0,19,41,19,50,20,8,0,0,0,1,1,0
46,460084,1,1,0,0,0,2,2,35,0,1,10,2016,7,16,39,1,1,1,1,1,I-90 E,,3245,43.695,-98.163,0,35,0,0,1,1,0,3,1,1,0,1,0,0,16,41,16,49,17,16,0,0,0,1,0,0
46,460087,2,2,0,0,0,2,2,19,0,26,10,2016,4,18,20,1,1,3,1,2,US-212,,321,44.677,-103.513,0,12,1,0,1,1,0,1,5,1,0,1,0,0,18,23,18,26,99,99,0,0,0,1,1,0
46,460090,1,1,0,0,0,4,4,103,0,31,10,2016,2,7,23,1,1,1,1,1,I-90 E,,740,44.11,-102.912,0,1,0,0,1,1,0,4,1,1,0,1,0,0,7,25,7,37,99,99,0,0,0,1,0,0
46,460093,1,1,0,0,0,1,1,121,0,12,11,2016,7,18,17,1,1,3,1,2,US-83,,69,43.095,-100.6,3,1,0,0,1,1,0,4,2,1,0,1,0,0,17,55,18,16,88,88,0,0,0,1,1,0
46,460095,1,1,0,0,0,2,2,69,0,26,11,2016,7,9,53,0,1,4,1,3,SR-47,,1200,44.279,-99.442,0,1,0,0,1,1,0,1,1,1,0,1,0,0,88,88,88,88,88,88,0,0,0,2,1,2
46,460099,2,2,0,0,0,3,3,125,0,30,11,2016,4,18,0,1,1,3,1,2,US-18,,4270,43.258,-96.955,0,12,1,0,1,1,0,1,2,10,0,10,0,0,99,99,99,99,99,99,0,0,0,1,0,1
47,470001,3,3,0,0,0,3,3,11,0,2,1,2016,7,18,29,1,2,1,1,1,I-75,,81,35.185,-84.907,0,12,1,0,1,1,0,1,2,1,0,1,0,0,99,99,99,99,88,88,0,0,0,1,0,2
47,470004,2,2,0,0,0,2,2,43,0,14,1,2016,5,7,5,1,1,1,1,1,I-40,,64,36.01,-87.383,0,12,1,0,1,1,0,1,1,1,0,1,0,0,99,99,99,99,99,99,0,0,0,1,0,1
47,470017,2,2,0,0,0,2,2,189,0,15,1,2016,6,15,10,1,2,3,1,3,SR-109,,148,36.336,-86.436,0,12,2,0,1,1,0,1,1,2,0,2,0,0,99,99,99,99,99,99,0,0,0,1,1,2
47,470021,2,1,1,0,0,1,1,157,1620,1,1,2016,6,15,30,1,2,1,1,1,I-240,,164,35.114,-89.87,0,25,0,0,1,1,0,4,1,1,0,1,0,0,99,99,99,99,88,88,0,0,0,1,1,2
47,470025,1,1,0,1,1,2,2,157,1620,3,1,2016,1,2,25,1,2,1,1,1,I-40,,139,35.154,-89.887,0,8,0,1,18,1,1,1,2,1,0,1,0,0,99,99,99,99,99,99,23,0,0,1,0,1