STATE,ST_CASE,VE_TOTAL,VE_FORMS,PVH_INVL,PEDS,PERNOTMVIT,PERMVIT,PERSONS,COUNTY,CITY,DAY,MONTH,YEAR,DAY_WEEK,HOUR,MINUTE,NHS,RUR_URB,FUNC_SYS,RD_OWNER,ROUTE,TWAY_ID,TWAY_ID2,MILEPT,LATITUDE,LONGITUD,SP_JUR,HARM_EV,MAN_COLL,RELJCT1,RELJCT2,TYP_INT,WRK_ZONE,REL_ROAD,LGT_COND,WEATHER1,WEATHER2,WEATHER,SCH_BUS,RAIL,NOT_HOUR,NOT_MIN,ARR_HOUR,ARR_MIN,HOSP_HR,HOSP_MN,CF1,CF2,CF3,FATALS,DRUNK_DR,RANK
47,470028,3,3,0,0,0,3,3,45,710,4,1,2016,2,6,30,0,2,4,1,3,SR-211,SAMARIA BEND RD,5,36.012,-89.396,0,12,2,0,3,3,0,1,3,10,0,10,0,0,99,99,99,99,99,99,0,0,0,1,0,2
47,470032,1,1,0,0,0,1,1,65,400,24,1,2016,1,7,16,1,2,3,1,3,SR-58,,95,35.114,-85.13,0,35,0,0,1,1,0,4,1,1,0,1,0,0,99,99,99,99,88,88,0,0,0,1,0,1
47,470043,4,4,0,0,0,6,6,43,0,20,1,2016,4,20,52,1,1,1,1,1,I-40,,177,36.024,-87.19,0,12,7,0,1,1,0,1,2,10,0,10,0,0,99,99,99,99,99,99,0,0,0,1,0,1
47,470046,2,2,0,0,0,2,2,113,0,29,1,2016,6,14,10,1,1,1,1,1,I-40,,235,35.702,-88.681,0,12,6,0,1,1,0,1,1,1,0,1,0,0,99,99,99,99,88,88,0,0,0,1,0,1
47,470048,1,1,0,0,0,1,1,11,420,4,2,2016,5,99,99,1,2,1,1,1,I-75,,126,35.23,-84.854,0,42,0,0,1,1,0,4,1,1,0,1,0,0,99,99,99,99,99,99,0,0,0,1,0,2
47,470050,1,1,0,0,0,5,5,93,1300,7,2,2016,1,23,11,1,1,1,1,1,I-40,,327,35.997,-83.71,0,1,0,0,1,1,0,4,2,1,0,1,0,0,99,99,99,99,99,99,0,0,0,1,1,1
47,470064,2,2,0,0,0,2,2,147,0,3,2,2016,4,5,26,0,1,5,1,3,SR-76,,98,36.481,-86.787,0,12,6,0,1,1,0,1,2,1,0,1,0,0,99,99,99,99,99,99,0,0,0,1,0,2
47,470066,2,2,0,0,0,3,3,165,1970,8,2,2016,2,8,21,1,2,3,1,3,SR-52,,13,36.583,-86.571,0,12,6,0,1,1,0,1,1,1,0,1,0,0,99,99,99,99,99,99,0,0,0,1,0,0
47,470071,1,1,0,0,0,1,1,43,0,11,2,2016,5,8,21,0,2,4,1,3,SR-46,,13,35.988,-87.318,0,39,0,0,1,1,0,4,1,1,0,1,0,0,99,99,99,99,99,99,0,0,0,1,0,1
47,470075,2,2,0,0,0,3,3,141,50,9,2,2016,3,17,3,1,2,3,1,3,SR-111,MIRANDY RD,100,36.207,-85.444,0,12,6,0,2,3,0,1,1,4,0,4,0,0,99,99,99,99,99,99,0,0,0,2,0,1
47,470080,2,2,0,0,0,3,3,141,0,14,2,2016,1,2,45,1,2,1,1,1,I-40,,224,36.136,-85.458,0,12,6,0,1,1,0,1,2,1,0,1,0,0,99,99,99,99,99,99,0,0,0,2,1,1
47,470081,1,1,0,0,0,1,1,97,0,14,2,2016,1,10,0,0,1,5,1,3,SR-19,,100,35.773,-89.705,0,1,0,0,1,1,0,1,1,3,0,3,0,0,99,99,99,99,99,99,0,0,0,1,0,2
47,470090,3,3,0,0,0,4,4,43,390,14,2,2016,1,12,38,0,1,4,1,3,SR-47,SR-48,198,36.171,-87.347,0,12,6,0,2,3,0,1,1,2,0,2,0,0,99,99,99,99,99,99,0,0,0,1,0,2
47,470101,1,1,0,0,0,1,1,183,0,14,2,2016,1,9,38,0,1,5,1,3,SR-124,,21,36.158,-88.765,0,23,0,0,1,1,0,4,1,3,0,3,0,0,99,99,99,99,88,88,0,0,0,1,0,1
47,470112,2,2,0,0,0,3,3,165,1648,23,2,2016,3,6,7,1,2,1,1,1,I-65,,46,36.397,-86.717,0,12,98,0,1,1,0,1,4,1,0,1,0,0,99,99,99,99,88,88,0,0,0,3,0,1
47,470123,1,1,0,0,0,1,1,149,1750,5,3,2016,7,6,46,1,2,1,1,1,I-24,,164,35.829,-86.416,0,1,0,1,5,1,0,1,1,1,0,1,0,0,99,99,99,99,99,99,0,0,0,1,0,1
47,470128,2,2,0,0,0,4,4,157,1620,5,3,2016,7,16,0,1,2,1,1,1,I-55,,70,35.076,-90.044,0,12,1,0,1,1,0,1,1,1,0,1,0,0,99,99,99,99,88,88,0,0,0,1,0,1
47,470129,4,4,0,0,0,12,12,157,1620,6,3,2016,1,3,52,1,2,1,1,1,I-40,,76,35.192,-89.977,0,12,2,0,1,1,0,1,3,1,0,1,0,0,99,99,99,99,99,99,0,0,0,1,1,1
47,470131,2,2,0,0,0,2,2,21,0,29,2,2016,2,7,57,1,1,1,1,1,I-24,,7,36.365,-86.961,0,12,1,0,1,1,0,1,1,1,0,1,0,0,99,99,99,99,99,99,0,0,0,1,0,1
47,470132,1,1,0,0,0,1,1,147,499,1,3,2016,3,5,40,0,1,4,1,3,SR-49,,12,36.411,-87.011,0,32,0,0,1,1,0,4,4,1,0,1,0,0,99,99,99,99,88,88,0,0,0,1,0,1
47,470143,2,2,0,0,0,4,4,47,0,10,3,2016,5,15,10,1,1,1,1,1,I-40,,31,35.303,-89.594,0,12,1,0,1,1,0,2,1,2,0,2,0,0,99,99,99,99,99,99,0,0,0,2,0,1
47,470145,2,2,0,0,0,5,5,59,0,12,3,2016,7,9,38,1,1,1,1,1,I-81,,57,36.226,-83.036,0,12,1,0,1,1,0,1,1,1,0,1,0,0,99,99,99,99,99,99,26,0,0,1,0,0
47,470147,1,1,0,0,0,1,1,37,1760,16,3,2016,4,21,41,1,2,1,1,1,I-24,,229,36.057,-86.676,0,1,0,0,1,1,0,3,2,1,0,1,0,0,99,99,99,99,99,99,0,0,0,1,1,1
47,470164,1,1,0,1,1,1,1,189,1360,19,3,2016,7,99,99,1,2,1,1,1,I-40,,91,36.185,-86.408,0,8,0,1,18,1,0,1,2,99,0,99,0,0,99,99,99,99,88,88,0,0,0,1,0,1
47,470173,1,1,0,0,0,1,1,71,0,26,3,2016,7,22,25,0,1,4,1,3,SR-57,,105,35.025,-88.237,0,43,0,0,1,1,0,4,2,1,0,1,0,0,99,99,99,99,99,99,0,0,0,1,1,2
47,470190,1,1,0,1,1,1,1,157,1620,24,3,2016,5,5,57,1,2,1,1,1,I-240,,125,35.079,-89.906,0,8,0,0,1,1,0,1,2,1,0,1,0,0,99,99,99,99,88,88,0,0,0,1,0,2
47,470203,2,2,0,0,0,2,2,157,1620,24,3,2016,5,1,48,1,2,1,1,1,I-40,,163,35.169,-89.852,0,12,1,0,1,1,0,1,3,1,0,1,0,0,99,99,99,99,99,99,0,0,0,1,0,1
47,470207,1,1,0,0,0,4,4,125,0,10,4,2016,1,18,1,1,1,1,1,1,I-24,,140,36.496,-87.174,0,1,0,0,1,1,0,4,1,1,0,1,0,0,99,99,99,99,99,99,0,0,0,1,0,1
47,470211,1,1,0,0,0,1,1,25,0,11,4,2016,2,23,30,0,1,4,1,3,SR-33,,70,36.414,-83.659,0,24,0,0,1,1,0,4,2,10,0,10,0,0,99,99,99,99,99,99,20,0,0,1,0,1
47,470215,1,1,0,0,0,1,1,147,0,6,4,2016,4,10,31,0,1,5,1,3,SR-49,,203,36.589,-86.764,0,1,0,0,1,1,0,4,1,6,0,6,0,0,99,99,99,99,99,99,0,0,0,1,0,1
47,470230,1,1,0,0,0,1,1,125,410,14,4,2016,5,11,40,1,2,1,1,1,I-24,,68,36.572,-87.258,0,35,0,0,1,1,0,4,1,1,0,1,0,0,99,99,99,99,99,99,0,0,0,1,0,1
47,470231,1,1,0,0,0,2,2,77,0,16,4,2016,7,20,30,0,1,5,1,3,SR-104,,330,35.467,-88.305,0,32,0,0,1,1,0,4,2,1,0,1,0,0,99,99,99,99,99,99,0,0,0,1,1,2
47,470247,1,1,0,0,0,7,7,189,1360,9,4,2016,7,22,23,1,2,1,1,1,I-40,,156,36.183,-86.292,0,1,0,0,1,1,0,1,2,1,0,1,0,0,99,99,99,99,99,99,0,0,0,2,1,1
47,470250,2,2,0,0,0,3,3,123,0,20,4,2016,4,7,0,0,1,4,1,3,SR-68,,281,35.33,-84.295,0,12,2,0,1,1,0,1,1,1,0,1,0,0,7,1,7,11,7,34,0,0,0,2,0,2
47,470254,1,1,0,0,0,2,2,13,1240,19,4,2016,3,3,15,1,1,1,1,1,I-75,,308,36.58,-84.111,0,31,0,0,1,1,0,8,2,1,0,1,0,0,99,99,99,99,99,99,0,0,0,1,0,2
47,470259,1,1,0,0,0,1,1,11,0,25,4,2016,2,17,6,1,2,1,1,1,I-75,,178,35.298,-84.811,0,42,0,0,1,1,0,4,1,1,0,1,0,0,99,99,99,99,88,88,0,0,0,1,0,2
47,470266,2,2,0,0,0,3,3,65,0,24,4,2016,1,6,33,1,2,1,1,1,I-75,,0,35.127,-85.026,0,12,1,0,1,1,0,1,1,1,0,1,0,0,99,99,99,99,99,99,0,0,0,1,0,2
47,470267,3,3,0,1,1,4,4,81,0,28,4,2016,5,9,21,1,1,1,1,1,I-40,,77,35.926,-87.594,0,12,7,0,1,1,0,2,1,10,0,10,0,0,99,99,99,99,99,99,0,0,0,1,0,1
47,470276,1,1,0,1,1,1,1,157,1620,4,5,2016,4,19,30,1,2,1,1,1,I-40,,17,35.151,-90.036,0,8,0,0,1,1,0,1,5,1,0,1,0,0,99,99,99,99,88,88,0,0,0,1,0,1
47,470290,2,2,0,1,1,6,6,11,0,1,5,2016,1,23,25,1,2,1,1,1,I-75,,147,35.258,-84.836,0,8,0,0,1,1,0,1,2,10,0,10,0,0,99,99,99,99,99,99,0,0,0,1,0,2
47,470293,1,1,0,0,0,3,3,37,1760,26,4,2016,3,5,14,1,2,1,1,1,I-65,,71,36.132,-86.774,0,1,0,0,1,1,0,4,3,1,0,1,0,0,99,99,99,99,99,99,0,0,0,1,0,1
47,470294,3,3,0,0,0,5,5,121,0,6,5,2016,6,14,30,0,1,4,1,3,SR-58,,161,35.491,-84.807,0,54,11,0,1,1,0,1,1,1,0,1,0,0,99,99,99,99,88,88,14,0,0,4,0,1
47,470295,2,1,1,0,1,2,3,93,829,13,5,2016,6,8,59,1,2,1,1,1,I-40,,35,35.896,-84.184,0,14,0,0,1,1,0,2,1,1,0,1,0,0,99,99,99,99,99,99,0,0,0,2,0,1
47,470297,1,1,0,0,0,1,1,163,290,14,5,2016,7,7,6,1,2,1,1,1,I-81,,210,36.589,-82.258,0,24,0,1,5,1,0,4,1,1,0,1,0,0,99,99,99,99,99,99,0,0,0,1,0,0
47,470301,5,5,0,0,0,11,11,189,0,8,5,2016,1,15,20,1,1,3,1,3,SR-109,CR-BURTON RD,107,36.278,-86.443,0,12,1,0,3,3,0,1,1,1,0,1,0,0,99,99,99,99,99,99,0,0,0,1,0,2
47,470311,5,5,0,0,0,4,4,157,1620,7,5,2016,7,4,48,1,2,1,1,1,I-40,,150,35.16,-89.874,0,12,1,1,18,1,1,1,3,1,0,1,0,0,99,99,99,99,88,88,14,0,0,1,0,1
47,470318,2,2,0,0,0,5,5,107,0,16,5,2016,2,12,20,0,1,4,1,3,SR-68,CR-296,46,35.615,-84.58,0,1,0,0,3,3,0,1,1,1,0,1,0,0,99,99,99,99,99,99,0,0,0,1,0,2
47,470335,1,1,0,0,0,3,3,1,0,21,5,2016,7,21,1,0,1,5,1,3,SR-116,,96,36.126,-84.232,0,5,0,0,1,1,0,1,2,1,0,1,0,0,99,99,99,99,99,99,0,0,0,1,0,1
47,470337,1,1,0,0,0,1,1,37,1760,22,5,2016,1,18,17,1,2,2,1,3,SR-155,,259,36.171,-86.869,0,25,0,1,19,1,0,4,1,1,0,1,0,0,99,99,99,99,99,99,0,0,0,1,1,1
47,470344,2,2,0,0,0,2,2,107,0,28,5,2016,7,22,58,0,1,4,1,3,SR-30,,35,35.484,-84.699,0,12,11,0,1,1,0,1,2,1,0,1,0,0,99,99,99,99,99,99,19,0,0,1,0,1
47,470348,3,3,0,0,0,4,4,115,0,23,4,2016,7,15,13,1,1,1,1,1,I-24,,260,35.022,-85.552,0,12,9,0,1,1,0,1,1,1,0,1,0,0,99,99,99,99,99,99,0,0,0,1,1,1
47,470355,1,1,0,0,0,4,4,149,0,28,5,2016,7,5,23,1,2,1,1,1,I-24,,38,35.968,-86.567,0,59,0,0,1,1,0,4,2,1,0,1,0,0,99,99,99,99,88,88,0,0,0,4,0,1
47,470365,3,3,0,0,0,3,3,157,1620,4,6,2016,7,23,14,1,2,1,1,1,I-240,,62,35.072,-90.016,0,12,1,0,1,1,0,1,3,1,0,1,0,0,23,15,23,24,23,41,0,0,0,1,1,2
47,470370,1,1,0,0,0,1,1,105,0,30,5,2016,2,2,26,1,2,1,1,1,I-40,,49,35.871,-84.252,0,1,0,1,5,1,0,8,2,5,0,5,0,0,99,99,99,99,99,99,0,0,0,1,1,1
47,470371,1,1,0,0,0,3,3,85,0,30,5,2016,2,16,9,1,1,1,1,1,I-40,,50,35.875,-87.856,0,35,0,0,1,1,0,4,1,1,0,1,0,0,99,99,99,99,99,99,0,0,0,1,0,1
47,470399,2,2,0,1,1,2,2,31,1550,11,6,2016,7,1,0,1,2,1,1,1,I-24,,147,35.486,-86.071,0,8,0,0,1,1,0,1,2,1,0,1,0,0,1,0,1,9,88,88,0,0,0,1,0,1
47,470403,2,2,0,0,0,3,3,141,0,27,5,2016,6,12,50,1,2,1,1,1,I-40,,238,36.14,-85.433,0,12,1,0,1,1,0,1,1,1,0,1,0,0,99,99,99,99,88,88,0,0,0,2,0,1
47,470404,2,2,0,0,0,2,2,145,0,14,6,2016,3,16,40,0,1,4,1,3,SR-58,,85,35.82,-84.549,0,12,2,0,1,1,0,1,1,2,0,2,0,0,99,99,99,99,88,88,0,0,0,1,0,1
47,470406,1,1,0,0,0,1,1,39,0,30,5,2016,2,14,44,1,1,1,1,1,I-40,,15,35.819,-88.152,0,35,0,0,1,1,0,4,1,1,0,1,0,0,14,43,15,1,99,99,0,0,0,1,0,1
47,470411,2,2,0,0,0,3,3,37,1760,12,6,2016,1,20,20,1,2,1,1,1,I-40,,160,36.171,-86.804,0,12,7,1,20,1,0,1,5,1,0,1,0,0,99,99,99,99,99,99,0,0,0,1,1,1
47,470413,6,6,0,0,0,7,7,43,640,17,6,2016,6,15,51,1,2,1,1,1,I-40,,94,36.02,-87.332,0,12,1,0,1,1,0,2,1,1,0,1,0,0,99,99,99,99,99,99,0,0,0,1,0,1
47,470431,1,1,0,0,0,1,1,29,0,26,6,2016,1,3,28,1,2,1,1,1,I-40,,36,35.968,-83.226,0,24,0,0,1,1,0,4,2,1,0,1,0,0,3,33,3,37,88,88,20,0,0,1,0,1
47,470437,2,2,0,0,0,6,6,43,0,19,6,2016,1,7,55,1,2,1,1,1,I-40,,106,36.023,-87.311,0,12,1,0,1,1,0,2,1,1,0,1,0,0,99,99,99,99,99,99,0,0,0,2,0,1
47,470444,1,1,0,0,0,1,1,83,0,25,6,2016,7,99,99,0,1,5,1,3,SR-46,,10,36.228,-87.546,0,34,0,0,1,1,0,4,2,1,0,1,0,0,20,20,20,26,88,88,0,0,0,1,1,1
47,470454,1,1,0,0,0,3,3,35,0,29,6,2016,4,1,6,1,1,1,1,1,I-40,,115,36.016,-85.072,0,52,0,0,1,1,0,3,2,1,0,1,0,0,1,8,1,18,1,42,0,0,0,2,1,1
47,470455,1,1,0,0,0,1,1,119,0,28,6,2016,3,14,46,1,1,1,1,1,I-65,,37,35.539,-86.905,0,1,0,0,1,1,0,3,1,1,0,1,0,0,99,99,99,99,88,88,0,0,0,1,0,1
47,470469,3,2,1,2,2,3,3,119,0,30,6,2016,5,14,15,1,1,1,1,1,I-65,,20,35.515,-86.897,0,12,7,0,1,1,0,1,1,1,0,1,0,0,14,12,14,22,15,30,23,0,0,1,0,1
47,470470,1,1,0,0,0,1,1,37,1760,31,5,2016,3,19,41,1,2,1,1,1,I-24,,230,36.053,-86.672,0,52,0,0,1,1,0,4,1,1,0,1,0,0,99,99,99,99,88,88,0,0,0,1,0,1
47,470484,3,3,0,0,0,3,3,147,0,30,6,2016,5,7,31,0,1,4,1,3,SR-76,,139,36.475,-86.715,0,12,2,0,1,1,0,1,1,1,0,1,0,0,99,99,99,99,88,88,14,0,0,1,0,2
47,470489,1,1,0,0,0,1,1,157,1620,15,7,2016,6,3,55,1,2,1,1,1,I-240,,68,35.074,-90.006,0,38,0,1,19,1,0,4,3,1,0,1,0,0,99,99,99,99,88,88,0,0,0,1,0,2
47,470496,1,1,0,0,0,4,4,105,1370,12,7,2016,3,11,33,1,2,1,1,1,I-75,,130,35.809,-84.305,0,1,0,0,1,1,0,3,1,1,0,1,0,0,11,30,11,35,12,10,0,0,0,1,0,2
47,470497,2,2,0,0,0,2,2,93,1300,20,7,2016,4,1,3,1,2,1,1,1,I-40,,186,35.966,-83.932,0,12,2,0,1,1,0,1,3,1,0,1,0,0,1,4,1,6,88,88,0,0,0,2,0,1
47,470498,1,1,0,1,1,1,1,1,0,20,7,2016,4,1,4,0,1,5,1,3,SR-116,,4,36.126,-84.42,0,8,0,0,1,1,0,1,2,5,0,5,0,0,1,7,1,34,88,88,0,0,0,1,0,1
47,470509,2,2,0,0,0,3,3,105,0,19,7,2016,3,3,28,1,1,1,1,1,I-75,,36,35.71,-84.418,0,1,0,0,1,1,0,4,2,1,0,1,0,0,3,22,3,46,4,11,0,0,0,1,0,2
47,470511,2,2,0,0,0,2,2,189,1360,27,7,2016,4,18,53,1,2,1,1,1,I-40,,101,36.185,-86.389,0,12,1,0,1,1,0,1,1,10,0,10,0,0,17,51,18,4,88,88,28,0,0,1,0,1
47,470516,2,2,0,0,0,3,3,37,0,6,5,2016,6,20,32,1,2,1,1,1,I-24,,264,36.021,-86.628,0,12,6,0,1,1,0,1,2,1,0,1,0,0,99,99,99,99,99,99,0,0,0,1,1,1
47,470518,2,2,0,0,0,6,6,149,0,21,7,2016,5,15,30,1,2,1,1,1,I-24,,125,35.874,-86.465,0,12,7,0,1,1,0,1,1,1,0,1,0,0,99,99,99,99,99,99,0,0,0,1,0,1
47,470520,1,1,0,0,0,1,1,37,960,14,7,2016,5,3,17,1,2,1,1,1,I-65,,218,36.329,-86.707,0,1,0,0,1,1,0,4,2,1,0,1,0,0,3,19,3,28,3,51,0,0,0,1,1,1
47,470521,2,2,0,0,0,2,2,121,0,25,7,2016,2,12,53,0,1,4,1,3,SR-68,CR-PEAKLAND RD,24,35.622,-84.74,0,12,2,0,2,3,0,1,1,1,0,1,0,0,12,55,13,9,14,8,0,0,0,1,0,2
47,470523,1,1,0,0,0,1,1,119,2350,28,7,2016,5,12,55,1,1,1,1,1,I-65,,158,35.713,-86.88,0,1,0,0,1,1,0,4,1,10,0,10,0,0,13,5,13,36,88,88,0,0,0,1,0,1
47,470538,1,1,0,0,0,2,2,125,0,30,7,2016,7,2,55,1,2,1,1,1,I-24,,10,36.634,-87.325,0,42,0,0,1,1,0,4,2,10,0,10,0,0,2,54,2,58,88,88,0,0,0,2,0,1
47,470539,1,1,0,0,0,1,1,29,0,5,8,2016,6,99,99,1,2,1,1,1,I-40,,11,35.973,-83.269,0,57,0,0,1,1,0,4,2,1,0,1,0,0,8,20,8,37,88,88,0,0,0,1,1,1
47,470541,2,2,0,0,0,2,2,157,1620,6,8,2016,7,11,38,1,2,1,1,1,I-240,,137,35.084,-89.886,0,12,1,0,1,1,0,2,1,1,0,1,0,0,99,99,99,99,99,99,0,0,0,1,0,2
47,470546,3,3,0,0,0,3,3,189,1360,24,7,2016,1,8,12,1,2,1,1,1,I-40,,146,36.182,-86.309,0,12,1,0,1,1,3,1,1,1,0,1,0,0,8,7,8,24,8,38,26,0,0,1,0,1
47,470547,2,2,0,0,0,3,3,161,545,4,8,2016,5,17,18,0,1,4,1,3,SR-149,,1,36.368,-87.645,0,12,2,0,1,1,0,1,1,1,0,1,0,0,17,6,17,18,17,50,0,0,0,1,0,2
47,470553,3,3,0,0,0,3,3,169,0,10,8,2016,4,13,11,0,1,4,1,3,SR-10,,172,36.41,-86.102,0,12,6,0,1,1,0,1,1,1,0,1,0,0,13,6,13,17,13,50,0,0,0,1,0,2
47,470554,1,1,0,1,1,1,1,109,842,11,8,2016,5,20,7,0,1,5,1,3,SR-199,,18,35.358,-88.609,0,8,0,0,1,1,0,1,2,1,0,1,0,0,20,7,20,23,21,1,0,0,0,1,0,2
47,470560,2,2,0,0,0,2,2,105,1460,14,8,2016,1,5,12,0,2,4,1,3,SR-72,I-75 RAMP,109,35.733,-84.397,0,1,0,1,2,2,0,1,2,1,0,1,0,0,99,99,99,99,99,99,0,0,0,1,0,2
47,470565,1,1,0,0,0,1,1,163,1280,11,6,2016,7,13,29,1,2,1,1,1,I-81,,75,36.492,-82.465,0,35,0,0,1,1,0,4,1,1,0,1,0,0,99,99,99,99,99,99,0,0,0,1,0,0
47,470588,2,2,0,0,0,2,2,115,0,19,8,2016,6,13,46,1,1,1,1,1,I-24,,288,35.003,-85.512,0,57,0,0,1,1,0,3,1,10,0,10,0,0,14,51,15,8,88,88,0,0,0,1,0,1
47,470590,1,1,0,0,0,1,1,35,0,24,8,2016,4,21,50,0,1,4,1,3,SR-68,,82,35.828,-84.909,0,24,0,0,1,1,0,4,2,1,0,1,0,0,99,99,99,99,99,99,0,0,0,1,0,2
47,470591,1,1,0,1,1,1,1,93,1300,20,8,2016,7,21,45,1,2,1,1,1,I-40,,53,35.904,-84.154,0,8,0,0,1,1,0,1,2,10,0,10,0,0,99,99,99,99,88,88,0,0,0,1,0,1
47,470592,1,1,0,0,0,1,1,105,0,11,8,2016,5,1,51,1,2,1,1,1,I-75,,179,35.867,-84.259,0,1,0,0,1,1,0,1,2,99,0,99,0,0,18,27,19,14,88,88,0,0,0,1,0,2
47,470606,1,1,0,1,1,2,2,37,1760,27,8,2016,7,22,35,1,2,1,1,1,I-40,,153,36.167,-86.816,0,8,0,1,18,1,0,1,2,1,0,1,0,0,22,35,22,42,88,88,0,0,0,1,0,1
47,470612,2,2,0,0,0,2,2,43,0,27,8,2016,7,8,45,0,2,4,1,3,SR-96,,73,36.036,-87.237,0,12,8,0,1,1,0,1,1,1,0,1,0,0,8,40,8,46,99,99,0,0,0,1,0,2
47,470619,1,1,0,0,0,1,1,141,1680,2,9,2016,6,23,1,1,1,1,1,1,I-40,,332,36.139,-85.283,0,57,0,1,19,1,0,3,2,1,0,1,0,0,23,2,23,9,88,88,0,0,0,1,1,1
47,470630,4,4,0,0,0,7,7,165,1648,3,9,2016,7,21,39,1,2,1,1,1,I-65,,46,36.396,-86.717,0,12,11,0,1,1,0,1,2,1,0,1,0,0,21,40,21,52,23,21,0,0,0,1,0,1
47,470633,1,1,0,0,0,1,1,37,1760,3,8,2016,4,4,30,1,2,1,1,1,I-40,,121,36.151,-86.865,0,1,0,0,1,1,0,1,3,1,0,1,0,0,4,28,4,42,4,52,0,0,0,1,1,1
47,470634,1,1,0,0,0,1,1,37,1760,4,8,2016,5,19,5,1,2,1,1,1,I-65,,132,36.228,-86.772,0,34,0,1,19,1,0,3,3,1,0,1,0,0,99,99,99,99,88,88,0,0,0,1,1,1
47,470641,2,2,0,0,0,2,2,99,1350,1,9,2016,5,13,56,0,1,4,1,3,SR-20,CR-SHADY ST,15,35.436,-87.306,0,12,6,0,2,3,0,1,1,1,0,1,0,0,13,51,14,8,99,99,0,0,0,1,0,2
47,470646,1,1,0,0,0,1,1,133,0,12,9,2016,2,20,5,0,1,5,1,3,SR-136,,39,36.344,-85.423,0,35,0,0,1,1,0,4,2,1,0,1,0,0,20,13,20,24,88,88,0,0,0,1,1,2
47,470652,1,1,0,0,0,2,2,63,0,10,9,2016,7,15,0,1,1,1,1,1,I-81,,27,36.152,-83.244,0,1,0,0,1,1,0,1,1,1,0,1,0,0,15,7,15,9,16,17,0,0,0,1,0,0
47,470653,1,1,0,0,0,2,2,65,0,28,8,2016,1,13,14,1,2,1,1,1,I-24,,4,34.984,-85.409,0,57,0,0,1,1,0,4,1,1,0,1,0,0,99,99,99,99,99,99,0,0,0,1,0,1
47,470657,1,1,0,0,0,1,1,183,0,3,7,2016,1,12,3,0,1,5,1,3,SR-54,,25,36.182,-88.772,0,34,0,0,1,1,0,4,1,1,0,1,0,0,11,53,11,59,99,99,0,0,0,1,0,2
47,470664,1,1,0,1,1,1,1,37,1760,19,9,2016,2,0,8,1,2,1,1,1,I-40,,161,36.171,-86.805,0,8,0,0,1,1,0,1,3,1,0,1,0,0,0,8,0,14,88,88,0,0,0,1,0,1
47,470685,1,1,0,0,0,1,1,37,1760,27,9,2016,3,2,21,1,1,1,1,1,I-24,,75,36.29,-86.81,0,1,0,0,1,1,0,3,3,1,0,1,0,0,2,20,2,29,88,88,0,0,0,1,1,1
47,470688,2,2,0,0,0,2,2,157,1620,25,9,2016,1,2,32,1,2,1,1,1,I-40,,156,35.164,-89.865,0,12,1,1,18,1,1,1,3,1,0,1,0,0,2,23,2,41,3,5,0,0,0,1,0,1
47,470695,3,3,0,0,0,3,3,31,0,14,9,2016,4,23,44,1,2,1,1,1,I-24,,192,35.431,-86.03,0,12,6,0,1,1,0,1,3,1,0,1,0,0,23,39,23,51,88,88,19,27,0,1,1,1
47,470699,2,2,0,0,0,2,2,157,1620,25,9,2016,1,3,30,1,2,1,1,1,I-40,,161,35.167,-89.858,0,12,1,0,1,1,0,1,3,1,0,1,0,0,3,14,3,30,88,88,0,0,0,1,1,1
47,470702,2,2,0,0,0,2,2,157,1620,3,10,2016,2,11,7,1,2,1,1,1,I-240,,134,35.084,-89.892,0,12,1,0,1,1,0,1,1,1,0,1,0,0,99,99,99,99,88,88,0,0,0,1,0,2
47,470707,2,2,0,0,0,3,3,43,0,1,10,2016,7,19,45,1,2,1,1,1,I-40,,136,36.02,-87.259,0,12,2,0,1,1,0,1,2,1,0,1,0,0,19,49,19,59,20,43,0,0,0,1,0,1
47,470708,3,3,0,0,0,3,3,147,0,22,9,2016,5,11,4,1,1,1,1,1,I-24,,31,36.441,-87.084,0,12,1,0,1,1,0,1,1,1,0,1,0,0,99,99,99,99,99,99,19,27,0,1,0,1
47,470711,1,1,0,0,0,1,1,79,0,20,9,2016,3,17,55,0,1,4,1,3,SR-51,,44,36.29,-88.444,0,1,0,0,1,1,0,1,1,1,0,1,0,0,17,54,18,4,19,3,0,0,0,1,1,2
47,470714,1,1,0,0,0,5,5,75,0,2,10,2016,1,12,25,0,1,4,1,3,SR-19,,51,35.659,-89.365,0,32,0,0,1,1,0,4,1,1,0,1,0,0,12,20,12,31,13,30,0,0,0,1,0,2
47,470725,2,2,0,0,0,3,3,93,1300,10,10,2016,2,3,37,1,2,1,1,1,I-40,,114,35.927,-84.049,0,12,1,0,1,1,0,1,3,1,0,1,0,0,99,99,99,99,88,88,0,0,0,2,0,1
47,470727,1,1,0,0,0,1,1,97,0,10,10,2016,2,10,40,0,1,5,1,3,SR-88,,130,35.899,-89.442,0,1,0,0,1,1,0,1,1,1,0,1,0,0,10,40,10,52,88,88,0,0,0,1,0,1
47,470728,2,2,0,0,0,4,4,157,1620,15,10,2016,7,3,5,1,2,1,1,1,I-55,,19,35.022,-90.002,0,12,1,0,1,1,0,1,2,1,0,1,0,0,99,99,99,99,99,99,0,0,0,2,0,1
47,470735,1,1,0,0,0,1,1,125,410,23,9,2016,6,11,14,1,2,1,1,1,I-24,,87,36.547,-87.242,0,35,0,0,1,1,0,4,1,1,0,1,0,0,11,11,11,18,11,54,0,0,0,1,0,1
47,470738,2,2,0,0,0,4,4,125,0,11,10,2016,3,9,28,0,1,4,1,3,SR-76,,208,36.54,-87.174,0,12,6,0,1,1,0,1,1,10,0,10,0,0,9,22,9,30,99,99,0,0,0,1,0,2