STATE,ST_CASE,VE_TOTAL,VE_FORMS,PVH_INVL,PEDS,PERNOTMVIT,PERMVIT,PERSONS,COUNTY,CITY,DAY,MONTH,YEAR,DAY_WEEK,HOUR,MINUTE,NHS,RUR_URB,FUNC_SYS,RD_OWNER,ROUTE,TWAY_ID,TWAY_ID2,MILEPT,LATITUDE,LONGITUD,SP_JUR,HARM_EV,MAN_COLL,RELJCT1,RELJCT2,TYP_INT,WRK_ZONE,REL_ROAD,LGT_COND,WEATHER1,WEATHER2,WEATHER,SCH_BUS,RAIL,NOT_HOUR,NOT_MIN,ARR_HOUR,ARR_MIN,HOSP_HR,HOSP_MN,CF1,CF2,CF3,FATALS,DRUNK_DR,RANK
47,470742,1,1,0,0,0,1,1,115,2590,12,10,2016,4,2,18,1,1,3,1,3,SR-28,,121,35.193,-85.52,0,30,0,0,1,1,0,4,2,1,0,1,0,0,3,12,3,15,3,46,0,0,0,1,0,2
47,470746,2,2,0,0,0,2,2,107,0,15,10,2016,7,12,35,1,1,1,1,1,I-75,,117,35.442,-84.673,0,12,1,0,1,1,0,2,1,1,0,1,0,0,99,99,99,99,99,99,0,0,0,1,0,2
47,470749,1,1,0,0,0,1,1,37,1760,16,10,2016,1,4,21,1,2,1,1,1,I-65,,14,36.054,-86.776,0,1,0,0,1,1,0,4,2,1,0,1,0,0,4,21,4,31,5,11,0,0,0,1,1,1
47,470751,1,1,0,0,0,4,4,69,0,9,10,2016,1,5,32,0,1,5,1,3,SR-138,,92,35.424,-89.018,0,52,0,0,1,1,0,4,1,1,0,1,0,0,5,22,5,41,99,99,0,0,0,1,1,1
47,470752,1,1,0,0,0,1,1,35,0,14,10,2016,6,16,0,1,1,1,1,1,I-40,,307,35.9,-84.794,0,57,0,0,1,1,0,3,1,1,0,1,0,0,15,5,15,21,88,88,0,0,0,1,0,1
47,470764,2,2,0,0,0,6,6,47,0,8,10,2016,7,16,6,0,1,4,1,3,SR-57,,117,35.053,-89.441,0,12,1,0,1,1,0,1,1,1,0,1,0,0,16,3,16,25,99,99,0,0,0,1,0,2
47,470766,2,2,0,0,0,5,5,31,0,22,10,2016,7,19,58,1,1,1,1,1,I-24,,236,35.381,-85.98,0,12,7,0,1,1,0,1,2,1,0,1,0,0,19,55,20,16,99,99,0,0,0,1,1,1
47,470773,1,1,0,1,1,1,1,157,1620,31,10,2016,2,6,53,1,2,1,1,1,I-40,,78,35.192,-89.971,0,8,0,0,1,1,0,1,4,1,0,1,0,0,99,99,99,99,88,88,0,0,0,1,0,1
47,470775,1,1,0,0,0,2,2,147,2565,19,10,2016,4,17,9,1,2,1,1,1,I-65,,49,36.477,-86.679,0,1,0,0,1,1,0,4,1,1,0,1,0,0,99,99,99,99,88,88,0,0,0,1,0,1
47,470779,1,1,0,0,0,2,2,125,410,8,9,2016,5,10,47,1,2,1,1,1,I-24,,84,36.55,-87.245,0,1,0,0,1,1,0,4,1,1,0,1,0,0,10,49,10,53,11,18,0,0,0,1,0,1
47,470790,1,1,0,0,0,2,2,107,0,1,11,2016,3,5,44,1,1,1,1,1,I-75,,211,35.547,-84.566,0,52,0,1,19,1,0,3,2,1,0,1,0,0,99,99,99,99,88,88,0,0,0,1,0,2
47,470803,1,1,0,0,0,1,1,115,0,4,11,2016,6,1,0,1,1,1,1,1,I-24,,280,35.006,-85.524,0,42,0,0,1,1,0,4,2,1,0,1,0,0,2,17,2,29,88,88,0,0,0,1,0,1
47,470817,1,1,0,0,0,2,2,77,0,10,11,2016,5,6,30,1,1,1,1,1,I-40,,220,35.817,-88.236,0,35,0,0,1,1,0,3,4,1,0,1,0,0,6,32,7,10,8,10,0,0,0,1,0,1
47,470821,2,2,0,0,0,3,3,165,1648,26,10,2016,4,4,48,1,2,1,1,1,I-65,,32,36.377,-86.713,0,12,1,0,1,1,0,1,2,1,0,1,0,0,4,31,4,45,88,88,0,0,0,1,0,1
47,470824,1,1,0,0,0,1,1,35,533,3,11,2016,5,15,30,1,1,1,1,1,I-40,,226,35.923,-84.912,0,42,0,0,1,1,0,4,1,1,0,1,0,0,15,34,15,43,99,99,0,0,0,1,0,1
47,470828,2,2,0,0,0,3,3,77,1911,5,11,2016,7,3,29,1,1,1,1,1,I-40,,128,35.788,-88.396,0,12,2,0,1,1,0,1,3,1,0,1,0,0,3,27,3,47,4,28,0,0,0,1,0,1
47,470836,2,2,0,0,0,3,3,187,0,15,11,2016,3,17,42,1,2,1,1,1,I-65,,66,35.828,-86.835,0,12,2,0,1,1,0,1,2,1,0,1,0,0,17,42,18,5,18,41,0,0,0,1,0,1
47,470846,1,1,0,0,0,1,1,143,0,9,11,2016,4,7,32,0,2,4,1,3,SR-30,,128,35.505,-84.951,0,35,0,0,1,1,0,4,1,1,0,1,0,0,7,34,7,38,7,52,0,0,0,1,0,1
47,470855,1,1,0,0,0,2,2,47,0,12,11,2016,7,22,30,1,1,1,1,1,I-40,,121,35.374,-89.462,0,1,0,0,1,1,0,4,2,1,0,1,0,0,22,48,23,4,0,11,0,0,0,1,1,1
47,470857,1,1,0,1,1,1,1,37,1760,21,11,2016,2,13,50,1,2,1,1,1,I-40,,228,36.143,-86.707,0,8,0,0,1,1,0,1,1,1,0,1,0,0,13,50,13,57,88,88,0,0,0,1,0,1
47,470858,1,1,0,0,0,2,2,55,0,22,11,2016,3,3,10,1,1,1,1,1,I-65,,137,35.188,-86.873,0,42,0,0,1,1,0,4,2,1,0,1,0,0,3,14,3,24,4,55,0,0,0,1,0,1
47,470859,2,2,0,0,0,8,8,115,1777,13,8,2016,7,16,30,0,1,5,1,3,SR-156,TVA POWERHOUSE RD,198,34.996,-85.625,0,12,6,0,2,2,0,1,1,1,0,1,0,0,17,47,17,52,18,50,0,0,0,1,0,2
47,470861,4,4,0,0,0,4,4,71,0,18,11,2016,6,18,12,0,1,4,1,3,SR-69,,146,35.126,-88.186,0,1,0,0,1,1,0,1,2,10,0,10,0,0,18,15,18,21,99,99,0,0,0,1,0,2
47,470863,2,2,0,0,0,2,2,43,640,21,11,2016,2,22,29,1,2,1,1,1,I-40,,94,36.02,-87.333,0,12,2,0,1,1,0,1,3,1,0,1,0,0,22,28,22,38,88,88,0,0,0,1,1,1
47,470866,1,1,0,0,0,2,2,97,0,20,11,2016,1,23,30,0,1,5,1,3,SR-19,,55,35.764,-89.778,0,1,0,0,1,1,0,4,2,1,0,1,0,0,23,20,23,39,0,18,0,0,0,1,0,2
47,470868,1,1,0,0,0,1,1,71,0,24,11,2016,5,18,50,0,2,4,1,3,SR-128,,65,35.143,-88.25,0,42,0,0,1,1,0,4,2,1,0,1,0,0,18,42,18,53,19,20,0,0,0,1,0,1
47,470870,1,1,0,0,0,4,4,31,0,26,11,2016,7,12,25,1,1,1,1,1,I-24,,101,35.524,-86.137,0,42,0,0,1,1,0,4,1,1,0,1,0,0,12,19,12,29,88,88,0,0,0,4,1,1
47,470879,4,4,0,0,0,6,6,35,540,11,11,2016,6,13,47,1,2,1,1,1,I-40,,156,35.981,-85.011,0,12,2,0,1,1,0,1,1,1,0,1,0,0,13,48,13,56,15,54,14,0,0,3,0,1
47,470881,2,2,0,0,0,3,3,147,0,3,12,2016,7,23,35,1,1,1,1,1,I-24,,52,36.42,-87.055,0,12,2,0,1,1,0,1,2,2,0,2,0,0,23,34,23,55,88,88,0,0,0,1,1,1
47,470888,2,2,0,0,0,3,3,31,0,10,12,2016,7,1,20,1,1,1,1,1,I-24,,24,35.591,-86.238,0,12,7,0,1,1,0,1,2,1,0,1,0,0,1,13,1,39,99,99,0,0,0,1,1,1
47,470889,3,3,0,0,0,5,5,175,2320,7,12,2016,4,19,24,1,1,3,1,3,SR-111,,158,35.77,-85.464,0,12,8,0,1,1,0,1,2,1,0,1,0,0,18,28,18,30,99,99,0,0,0,1,0,1
47,470894,3,3,0,0,0,3,3,189,0,24,11,2016,5,18,25,1,1,1,1,1,I-40,,242,36.177,-86.143,0,12,6,0,1,1,0,1,2,1,0,1,0,0,18,25,18,36,19,26,0,0,0,2,0,1
47,470896,2,2,0,0,0,3,3,43,0,17,11,2016,5,13,55,0,1,4,1,3,SR-48,SLAYTON RD,217,36.241,-87.345,0,12,2,0,2,2,0,1,1,1,0,1,0,0,13,50,14,9,99,99,0,0,0,1,0,1
47,470898,1,1,0,0,0,2,2,157,1620,20,10,2016,5,20,56,1,2,1,1,1,I-40,,134,35.127,-89.764,0,5,0,0,1,1,1,1,3,1,0,1,0,0,99,99,99,99,99,99,0,0,0,1,0,1
47,470913,1,1,0,0,0,1,1,61,1033,26,11,2016,7,3,58,0,1,4,1,3,SR-108,,112,35.374,-85.688,0,42,0,0,1,1,0,4,2,1,0,1,0,0,3,49,3,52,88,88,0,0,0,1,0,1
47,470936,3,3,0,0,0,3,3,121,0,16,12,2016,6,17,50,0,1,4,1,3,SR-68,SR-304 RIVER RD,11,35.624,-84.764,0,12,1,0,3,2,0,1,5,1,0,1,0,0,17,41,17,56,18,58,0,0,0,1,0,2
47,470951,1,1,0,0,0,1,1,55,0,20,12,2016,3,7,30,1,1,1,1,1,I-65,,142,35.196,-86.87,0,24,0,1,19,1,0,4,1,5,0,5,0,0,99,99,99,99,99,99,0,0,0,1,0,1
47,470956,1,1,0,1,1,1,1,149,1750,22,12,2016,5,23,38,1,2,1,1,1,I-24,,152,35.845,-86.433,0,8,0,0,1,1,0,1,2,1,0,1,0,0,23,41,23,49,88,88,0,0,0,1,0,1
47,470958,2,2,0,0,0,6,6,147,537,16,12,2016,6,20,42,1,1,1,1,1,I-65,,89,36.528,-86.643,0,12,6,0,1,1,0,1,2,10,0,10,0,0,20,40,20,47,21,40,0,0,0,2,0,1
47,470959,2,2,0,0,0,2,2,147,0,24,12,2016,7,8,4,0,1,3,1,3,SR-65,,158,36.641,-86.855,0,12,1,0,1,1,0,1,1,2,0,2,0,0,8,4,8,14,8,57,0,0,0,1,0,0
47,470960,2,1,1,1,3,1,3,37,1760,24,12,2016,7,19,0,1,2,1,1,1,I-40,,158,36.17,-86.591,0,8,0,0,1,1,0,2,2,2,0,2,0,0,19,6,19,18,19,41,23,0,0,1,0,1
47,470970,1,1,0,0,0,1,1,163,0,23,12,2016,6,17,25,1,2,1,1,1,I-81,,14,36.442,-82.553,0,1,0,0,1,1,0,3,5,1,0,1,0,0,17,30,17,37,17,55,0,0,0,1,1,0
47,470974,1,1,0,0,0,2,2,21,0,27,12,2016,3,0,14,1,1,1,1,1,I-24,,30,36.346,-86.927,0,1,0,0,1,1,0,4,3,2,0,2,0,0,0,11,0,25,0,55,0,0,0,1,0,1
48,480002,1,1,0,0,0,2,2,159,0,1,1,2016,6,6,45,1,1,1,1,1,I-30,,78,33.163,-95.162,0,24,0,1,19,1,0,3,2,10,0,10,0,0,99,98,99,98,88,88,0,0,0,2,0,1
48,480004,2,2,0,0,0,3,3,205,0,1,1,2016,6,4,8,0,1,4,98,2,US-385,,207,35.806,-102.351,0,12,2,0,1,1,0,1,2,1,0,1,0,0,99,98,99,98,88,88,0,0,0,1,1,0
48,480008,1,1,0,0,0,3,3,29,6090,2,1,2016,7,18,51,1,2,1,1,1,I-37,,120,29.435,-98.478,0,24,0,0,1,1,0,4,3,2,0,2,0,0,99,99,99,99,99,99,0,0,0,1,1,1
48,480009,1,1,0,0,0,4,4,91,0,2,1,2016,7,10,16,1,1,1,1,1,I-35,,187,29.798,-98.018,0,25,0,0,1,1,0,3,1,2,0,2,0,0,10,32,10,39,11,17,0,0,0,1,0,1
48,480010,1,1,0,0,0,1,1,113,1190,2,1,2016,7,15,28,1,2,1,1,1,I-35,,319,32.961,-96.915,0,1,0,0,1,1,1,1,1,10,0,10,0,0,15,29,15,37,15,57,0,0,0,1,0,1
48,480011,1,1,0,1,1,1,1,113,3420,2,1,2016,7,23,35,1,2,2,98,3,SR-12,,180,32.816,-96.922,0,8,0,0,1,1,0,1,3,1,0,1,0,0,23,36,23,40,0,1,19,0,0,1,0,2
48,480013,1,1,0,1,1,1,1,201,3280,2,1,2016,7,21,0,1,2,1,1,7,I-10,CALLES ST,26,29.774,-95.318,0,8,0,1,3,3,0,1,3,2,0,2,0,0,21,1,21,6,21,26,0,0,0,1,0,1
48,480020,2,2,0,0,0,2,2,299,0,3,1,2016,1,3,0,0,1,4,98,3,SR-29,,95,30.749,-98.528,0,12,2,0,1,1,0,1,2,10,0,10,0,0,3,22,3,45,4,26,0,0,0,1,0,2
48,480028,1,1,0,1,1,1,1,441,30,4,1,2016,2,2,11,1,2,1,1,1,I-20,,106,32.481,-99.777,0,8,0,0,1,1,0,1,3,1,0,1,0,0,99,98,99,98,88,88,0,0,0,1,0,1
48,480031,1,1,0,1,1,1,1,65,0,5,1,2016,3,22,30,1,1,1,1,7,I-40,,38,35.22,-101.561,0,8,0,0,1,1,0,1,2,5,0,5,0,0,99,98,99,98,88,88,0,0,0,1,0,1
48,480034,3,3,0,0,0,8,8,365,0,5,1,2016,3,17,7,1,1,3,98,2,US-79,,21,32.37,-94.06,0,12,1,0,8,1,0,1,1,1,0,1,0,0,17,16,17,30,18,7,0,0,0,1,0,0
48,480040,1,1,0,0,0,1,1,385,0,6,1,2016,4,9,30,0,1,4,98,2,US-83,,51,29.657,-99.755,0,32,0,0,1,1,0,4,1,2,0,2,0,0,99,99,99,99,88,88,0,0,0,1,0,0
48,480044,1,1,0,0,0,2,2,37,0,7,1,2016,5,19,35,1,1,3,98,2,US-82,,33,33.504,-94.58,0,1,0,0,1,1,1,4,3,5,0,5,0,0,99,99,99,99,99,99,0,0,0,1,0,0
48,480047,3,3,0,0,0,4,4,209,3760,7,1,2016,5,19,50,1,2,1,1,7,I-35,,170,30.004,-97.866,0,12,6,0,1,1,0,1,3,1,0,1,0,0,19,58,20,8,20,46,0,0,0,1,0,1
48,480052,2,2,0,0,0,2,2,25,0,8,1,2016,6,20,48,0,1,5,98,3,SR-202,,207,28.39,-97.413,0,12,6,0,1,1,0,1,2,5,0,5,0,0,20,50,21,2,21,37,19,0,0,1,1,2
48,480055,2,2,0,0,0,2,2,145,0,8,1,2016,6,17,7,0,1,4,98,3,SR-7,,171,31.32,-96.797,0,12,2,0,1,1,0,4,1,1,0,1,0,0,99,98,99,98,88,88,0,0,0,1,0,2
48,480056,2,2,0,0,0,3,3,157,0,8,1,2016,6,18,18,1,1,3,98,3,SR-36,SP 10/GERKEN RD,68,29.474,-95.814,0,12,6,0,2,2,0,1,3,2,0,2,0,0,18,15,18,23,19,5,0,0,0,1,2,1
48,480058,2,2,0,0,0,2,2,29,6090,9,1,2016,7,3,55,1,2,1,1,1,I-35,,268,29.44,-98.442,0,12,2,0,1,1,0,1,3,1,0,1,0,0,3,52,4,2,4,23,0,0,0,1,1,1
48,480062,1,1,0,0,0,1,1,201,0,9,1,2016,7,13,7,1,2,1,1,7,I-10,,398,29.771,-95.168,0,19,0,0,1,1,0,5,1,1,0,1,0,0,99,99,99,99,99,99,0,0,0,1,0,1
48,480073,1,1,0,1,1,1,1,201,3280,11,1,2016,2,12,25,1,2,1,1,1,I-45 NORTH FWY,,359,29.926,-95.412,0,8,0,1,18,1,0,1,1,1,0,1,0,0,99,99,99,99,99,99,0,0,0,1,0,0
48,480074,2,2,0,0,0,3,3,5,0,12,1,2016,3,7,59,1,1,3,98,2,US-69,,359,31.304,-94.671,0,12,2,0,1,1,0,1,1,1,0,1,0,0,7,58,8,2,8,29,0,0,0,2,0,0
48,480076,3,3,0,0,0,3,3,29,0,12,1,2016,3,5,54,1,1,3,98,2,US-281,TRINITY PARK,25,29.699,-98.451,0,12,6,0,2,3,0,1,2,1,0,1,0,0,6,11,6,22,6,57,14,0,0,1,0,0
48,480077,1,1,0,1,1,1,1,113,2800,12,1,2016,3,23,31,1,2,2,98,7,SR-161,,240,32.714,-97.024,0,8,0,1,18,1,0,1,2,1,0,1,0,0,99,98,99,98,88,88,0,0,0,1,0,1
48,480079,1,1,0,1,1,2,2,245,490,12,1,2016,3,20,26,1,2,1,1,1,I-10,,194,30.059,-94.136,0,8,0,0,1,1,0,1,3,1,0,1,0,0,99,98,99,98,88,88,0,0,0,1,0,1
48,480081,1,1,0,1,1,1,1,407,0,13,1,2016,4,17,54,0,1,4,98,3,SR-156,,128,30.604,-95.15,0,8,0,0,1,1,0,1,5,1,0,1,0,0,99,98,99,98,88,88,0,0,0,1,0,2
48,480082,3,3,0,0,0,3,3,1,0,14,1,2016,5,15,0,0,1,4,98,3,SR-19,,100,31.917,-95.737,0,12,1,0,1,1,1,1,1,1,0,1,0,0,99,98,99,98,88,88,0,0,0,1,1,2
48,480087,1,1,0,0,0,1,1,347,0,15,1,2016,6,11,55,1,1,3,98,2,US-59,,276,31.521,-94.696,0,30,0,0,1,1,0,4,1,1,0,1,0,0,11,57,12,15,12,43,0,0,0,1,0,0
48,480090,1,1,0,0,0,1,1,183,0,17,1,2016,1,23,50,1,1,1,1,1,I-20,,131,32.432,-94.764,0,1,0,0,1,1,0,4,2,1,0,1,0,0,23,53,23,58,0,50,0,0,0,1,1,1
48,480094,1,1,0,1,1,1,1,29,0,21,1,2016,5,3,46,1,1,1,1,1,I-10,,5,29.728,-98.676,0,8,0,0,1,1,0,1,2,5,0,5,0,0,99,99,99,99,88,88,23,0,0,1,0,1
48,480095,1,1,0,1,1,1,1,29,6090,1,1,2016,6,4,10,1,2,1,1,1,I-10,,4,29.433,-98.502,0,8,0,0,1,1,0,1,3,2,0,2,0,0,4,15,4,20,4,41,19,0,0,1,0,1
48,480096,2,2,0,0,0,3,3,453,0,1,1,2016,6,18,27,1,1,3,98,3,SR-71,,73,30.347,-98.051,0,12,2,0,1,1,0,1,2,1,0,1,0,0,18,23,18,45,19,8,0,0,0,2,0,2
48,480098,2,2,0,0,0,3,3,291,0,2,1,2016,7,11,42,1,1,3,98,2,US-59,,89,30.286,-95.126,0,12,1,0,8,1,0,1,1,1,0,1,0,0,99,99,99,99,99,99,0,0,0,1,0,0
48,480101,1,1,0,0,0,1,1,29,6090,5,1,2016,3,2,56,1,2,1,1,1,I-10,,34,29.605,-98.602,0,20,0,1,19,1,0,8,3,1,0,1,0,0,99,98,99,98,88,88,0,0,0,1,0,1
48,480103,2,2,0,0,0,2,2,139,4570,8,1,2016,6,13,20,1,2,3,98,2,US-287,,361,32.446,-96.926,0,12,2,0,1,1,0,1,1,1,0,1,0,0,99,98,99,98,88,88,20,0,0,2,0,0
48,480104,2,2,0,0,0,4,4,389,0,8,1,2016,6,7,10,1,1,3,98,2,US-285,,726,31.184,-103.304,0,12,8,0,1,1,0,1,2,1,0,1,0,0,99,99,99,99,99,99,0,0,0,2,0,0
48,480105,1,1,0,0,0,6,6,197,0,9,1,2016,7,12,36,1,1,3,98,2,US-287,CR-NIPPERT RD,17,34.363,-99.987,0,1,0,0,1,1,0,1,1,10,0,10,0,0,12,42,12,52,13,47,0,0,0,2,0,0
48,480106,2,2,0,0,0,2,2,289,0,9,1,2016,7,14,48,1,1,3,98,2,US-79,,30,31.574,-95.882,0,12,2,0,1,1,0,1,1,10,0,10,0,0,14,57,15,17,16,1,0,0,0,1,0,0
48,480108,1,1,0,0,0,5,5,37,0,10,1,2016,1,3,45,0,1,5,98,2,US-259,CR-4255,158,33.466,-94.639,0,58,0,0,3,3,0,4,2,1,0,1,0,0,4,12,4,29,5,36,0,0,0,1,1,0
48,480111,1,1,0,1,1,1,1,475,0,10,1,2016,1,2,56,1,1,1,1,1,I-20,,143,31.516,-103.178,0,8,0,0,1,1,0,1,2,1,0,1,0,0,99,98,99,98,88,88,0,0,0,1,0,1
48,480113,2,2,0,0,0,2,2,301,0,12,1,2016,3,6,1,0,1,5,98,3,SR-302,,101,31.753,-103.495,0,12,6,0,1,1,0,1,2,1,0,1,0,0,99,98,99,98,88,88,0,0,0,1,0,2
48,480115,3,3,0,0,0,3,3,203,0,13,1,2016,4,8,50,1,2,1,1,1,I-20,,14,32.458,-94.678,0,12,8,0,1,1,0,1,1,1,0,1,0,0,99,98,99,98,88,88,0,0,0,1,0,1
48,480117,2,2,0,0,0,4,4,373,0,14,1,2016,5,17,30,0,1,4,98,2,US-190,,35,30.709,-94.895,0,12,6,0,8,1,0,1,5,1,0,1,0,0,99,99,99,99,99,99,0,0,0,1,0,0
48,480119,2,1,1,0,2,3,5,201,3280,15,1,2016,6,19,58,1,2,1,1,1,I-45 NORTH FWY,,287,29.826,-95.38,0,14,0,0,1,1,0,2,3,1,0,1,0,0,20,4,20,10,20,38,23,0,0,2,1,0
48,480123,1,1,0,0,0,3,3,313,0,16,1,2016,7,10,12,1,1,3,98,2,US-190,,142,30.916,-95.976,0,42,0,0,1,1,0,4,1,10,0,10,0,0,99,99,99,99,99,99,0,0,0,1,0,0
48,480127,2,2,0,1,1,2,2,257,0,17,1,2016,1,16,3,1,2,3,98,2,US-80,,62,32.738,-96.328,0,12,11,0,1,1,0,1,1,1,0,1,0,0,16,11,16,20,17,30,23,0,0,1,0,1
48,480131,1,1,0,0,0,1,1,75,0,19,1,2016,3,15,27,0,1,4,98,2,US-62,,39,34.347,-100.282,0,1,0,0,1,1,0,4,1,1,0,1,0,0,99,98,99,98,88,88,0,0,0,1,0,0
48,480132,1,1,0,1,1,1,1,85,0,19,1,2016,3,19,30,1,2,3,98,2,US-380,,133,33.199,-96.577,0,8,0,0,1,1,0,1,2,1,0,1,0,0,99,98,99,98,88,88,0,0,0,1,0,0
48,480139,2,2,0,0,0,4,4,149,0,20,1,2016,4,13,30,1,1,3,98,3,SR-71,SL-220,198,29.928,-96.964,0,12,6,0,2,3,0,1,1,1,0,1,0,0,13,33,13,49,14,21,0,0,0,2,0,2
48,480141,6,1,5,0,0,1,1,113,5730,21,1,2016,5,18,6,1,2,2,98,7,US-75 CENTRAL EXPY,,26,32.954,-96.732,0,59,0,1,19,1,0,10,3,10,0,10,0,0,18,7,18,15,18,29,14,0,0,1,0,1
48,480142,2,2,0,0,0,2,2,131,0,21,1,2016,5,15,40,1,1,3,98,2,US-59,,104,27.967,-98.515,0,12,1,0,1,1,1,1,1,1,0,1,0,0,99,98,99,98,88,88,0,0,0,1,0,0
48,480144,2,1,1,0,1,1,2,339,1510,21,1,2016,5,23,24,1,1,1,1,1,I-45,,201,30.396,-95.486,0,14,0,0,1,1,0,2,2,1,0,1,0,0,99,98,99,98,88,88,0,0,0,1,0,1
48,480145,1,1,0,1,1,1,1,451,6080,21,1,2016,5,6,38,1,1,3,98,2,US-67,,105,31.501,-100.371,0,8,0,0,1,1,0,1,2,1,0,1,0,0,6,41,6,46,7,2,0,0,0,1,0,0
48,480150,1,1,0,0,0,1,1,141,2190,23,1,2016,7,0,8,1,2,1,1,1,I-10,,184,31.768,-106.509,0,52,0,1,19,1,0,10,3,1,0,1,0,0,99,98,99,98,88,88,0,0,0,1,1,1
48,480152,1,1,0,0,0,1,1,337,0,23,1,2016,7,5,40,1,1,3,98,2,US-82,,255,33.722,-97.563,0,42,0,0,1,1,0,4,2,1,0,1,0,0,99,98,99,98,88,88,0,0,0,1,0,0
48,480155,3,1,2,2,2,1,1,245,490,24,1,2016,1,22,3,1,2,1,1,1,I-10,,13,30.085,-94.136,0,14,0,0,1,1,0,2,3,1,0,1,0,0,99,99,99,99,99,99,15,23,14,1,1,1
48,480157,2,2,0,0,0,2,2,29,0,26,1,2016,3,22,24,1,1,1,1,1,I-35,,76,29.265,-98.701,0,12,2,0,1,1,0,1,2,1,0,1,0,0,22,49,23,9,23,35,0,0,0,1,0,1
48,480162,1,1,0,0,0,1,1,37,0,10,1,2016,1,3,38,1,1,1,1,1,I-30,,297,33.467,-94.218,0,52,0,1,19,1,0,8,2,10,0,10,0,0,99,98,99,98,88,88,0,0,0,1,0,1
48,480165,1,1,0,1,1,1,1,409,5450,12,1,2016,3,13,49,1,2,2,98,2,US-181,,262,27.915,-97.288,0,8,0,0,1,1,2,3,1,1,0,1,0,0,99,98,99,98,88,88,0,0,0,1,0,0
48,480167,2,2,0,0,0,2,2,227,0,13,1,2016,4,17,52,1,1,3,98,2,US-87,CR-34,151,32.356,-101.519,0,12,6,0,2,2,0,1,1,1,0,1,0,0,17,55,18,1,18,22,0,0,0,1,0,1
48,480168,1,1,0,0,0,1,1,471,0,13,1,2016,4,4,15,0,1,5,98,3,SR-75,,53,30.816,-95.723,0,42,0,0,1,1,0,4,2,1,0,1,0,0,99,98,99,98,88,88,0,0,0,1,0,1
48,480190,2,2,0,0,0,3,3,123,0,26,1,2016,3,6,47,0,1,5,98,3,SR-72,,57,29.025,-97.439,0,12,2,0,1,1,0,1,1,10,0,10,0,0,7,0,7,6,8,14,0,0,0,1,0,2
48,480192,3,3,0,0,0,7,7,231,0,26,1,2016,3,16,38,0,1,4,98,3,SR-34,,35,32.94,-96.111,0,12,8,0,1,1,0,1,1,10,0,10,0,0,16,40,16,59,17,38,0,0,0,1,0,2
48,480200,2,2,0,0,0,2,2,5,0,29,1,2016,6,6,10,1,1,3,98,2,US-69,,22,31.128,-94.429,0,12,2,0,1,1,0,1,2,1,0,1,0,0,99,98,99,98,88,88,0,0,0,2,0,0
48,480203,1,1,0,0,0,1,1,157,4655,29,1,2016,6,17,57,1,2,3,98,3,SR-6,,76,29.548,-95.55,0,42,0,0,1,1,0,4,1,1,0,1,0,0,18,1,18,6,18,33,0,0,0,1,0,2
48,480204,1,1,0,1,1,1,1,201,3280,29,1,2016,6,3,50,1,2,1,1,7,I-45,,305,29.849,-95.395,0,8,0,0,1,1,0,1,3,1,0,1,0,0,99,98,99,98,88,88,0,0,0,1,0,1
48,480207,2,2,0,0,0,3,3,439,2800,29,1,2016,6,8,53,1,2,1,1,1,I-20,,128,32.677,-97.048,0,12,6,1,18,1,0,1,1,1,0,1,0,0,99,98,99,98,88,88,0,0,0,1,0,1
48,480215,2,2,0,0,0,2,2,143,0,30,1,2016,7,10,20,1,1,3,98,2,US-67,CR-195,73,32.163,-98.284,0,12,6,0,2,2,0,1,1,1,0,1,0,0,99,99,99,99,99,99,0,0,0,1,0,0
48,480222,2,2,0,0,0,3,3,39,0,31,1,2016,1,2,48,1,1,3,98,3,SR-36,,242,29.021,-95.556,0,12,6,0,8,1,0,1,2,1,0,1,0,0,2,46,3,8,4,6,0,0,0,1,1,1
48,480223,1,1,0,0,0,1,1,425,0,31,1,2016,1,14,11,1,1,3,98,2,US-67,,79,32.187,-97.869,0,1,0,0,1,1,0,1,1,1,0,1,0,0,99,98,99,98,88,88,0,0,0,1,0,0
48,480228,2,2,0,0,0,3,3,453,330,24,1,2016,1,6,51,1,2,1,1,1,I-35,,209,30.307,-97.712,0,12,1,0,1,1,0,1,3,1,0,1,0,0,6,54,7,2,7,15,0,0,0,1,0,1
48,480231,2,2,0,0,0,2,2,183,7445,26,1,2016,3,23,22,1,2,3,98,2,US-80,,78,32.512,-94.83,0,12,2,0,1,1,0,1,3,1,0,1,0,0,23,30,23,37,0,39,0,0,0,1,1,1
48,480232,2,2,0,0,0,7,7,113,4530,27,1,2016,4,11,26,1,2,1,1,1,I-20,,33,32.704,-96.571,0,12,6,0,1,1,0,1,1,1,0,1,0,0,99,99,99,99,99,99,0,0,0,1,0,1
48,480236,1,1,0,0,0,1,1,219,0,30,1,2016,7,12,27,0,1,4,98,3,SR-114,,198,33.593,-102.281,0,1,0,0,1,1,0,3,1,1,0,1,0,0,12,24,12,32,13,11,0,0,0,1,0,2
48,480237,1,1,0,1,1,1,1,257,9997,30,1,2016,7,1,4,1,2,1,1,1,I-20,,16,32.697,-96.481,0,8,0,0,1,1,0,1,2,1,0,1,0,0,99,99,99,99,88,88,0,0,0,1,0,1