STATE,ST_CASE,VE_TOTAL,VE_FORMS,PVH_INVL,PEDS,PERNOTMVIT,PERMVIT,PERSONS,COUNTY,CITY,DAY,MONTH,YEAR,DAY_WEEK,HOUR,MINUTE,NHS,RUR_URB,FUNC_SYS,RD_OWNER,ROUTE,TWAY_ID,TWAY_ID2,MILEPT,LATITUDE,LONGITUD,SP_JUR,HARM_EV,MAN_COLL,RELJCT1,RELJCT2,TYP_INT,WRK_ZONE,REL_ROAD,LGT_COND,WEATHER1,WEATHER2,WEATHER,SCH_BUS,RAIL,NOT_HOUR,NOT_MIN,ARR_HOUR,ARR_MIN,HOSP_HR,HOSP_MN,CF1,CF2,CF3,FATALS,DRUNK_DR,RANK
48,480239,1,1,0,0,0,1,1,321,0,31,1,2016,1,6,55,0,1,4,98,3,SR-71,,42,28.97,-96.208,0,58,0,0,1,1,0,4,2,10,0,10,0,0,99,98,99,98,88,88,0,0,0,1,1,2
48,480240,2,2,0,0,0,3,3,363,0,31,1,2016,1,14,0,0,1,4,98,2,US-281,PARK RD,95,32.869,-98.094,0,12,6,0,3,2,0,1,1,1,0,1,0,0,14,5,14,11,14,43,0,0,0,1,0,0
48,480243,3,3,0,0,0,5,5,471,0,31,1,2016,1,21,49,1,1,1,1,1,I-45,,72,30.616,-95.507,0,12,2,0,1,1,0,1,2,1,0,1,0,0,21,56,22,6,22,46,0,0,0,1,1,1
48,480245,2,2,0,0,0,2,2,203,0,1,2,2016,2,19,34,1,1,3,98,2,US-59,FM2625,196,32.433,-94.347,0,12,6,0,2,2,0,1,2,1,0,1,0,0,99,98,99,98,88,88,0,0,0,1,1,0
48,480246,3,3,0,0,0,4,4,339,0,1,2,2016,2,11,30,1,1,3,98,3,SR-249,CR-HARDIN STORE RD,355,30.135,-95.654,0,12,6,0,2,2,0,1,1,1,0,1,0,0,99,99,99,99,99,99,0,0,0,1,0,2
48,480255,1,1,0,0,0,2,2,167,6860,3,2,2016,4,19,38,1,2,2,98,3,SR-146,,43,29.492,-94.991,0,38,0,0,1,1,0,5,2,1,0,1,0,0,19,38,19,49,99,99,0,0,0,1,0,2
48,480258,1,1,0,0,0,1,1,113,3420,4,2,2016,5,19,34,1,2,1,1,7,I-635 LBJ FWY,,58,32.922,-96.988,0,1,0,0,5,1,0,10,2,1,0,1,0,0,99,98,99,98,88,88,0,0,0,1,1,1
48,480264,1,1,0,0,0,1,1,29,6090,5,2,2016,6,1,43,1,2,2,98,2,US-90,,68,29.404,-98.549,0,20,0,0,5,1,0,4,3,1,0,1,0,0,99,99,99,99,99,99,0,0,0,1,1,0
48,480269,1,1,0,0,0,1,1,303,0,5,2,2016,6,23,50,1,2,3,98,2,US-87,SL493,77,33.456,-101.844,0,1,0,0,1,1,0,1,2,1,0,1,0,0,99,98,99,98,88,88,0,0,0,1,1,1
48,480270,2,2,0,0,0,3,3,347,0,5,2,2016,6,19,50,0,1,4,98,3,SR-21,,246,31.573,-94.565,0,12,2,0,1,1,0,1,2,1,0,1,0,0,19,52,20,4,20,31,0,0,0,1,1,2
48,480272,1,1,0,0,0,2,2,91,4870,6,2,2016,7,23,26,1,2,1,1,7,I-35,,85,29.696,-98.1,0,33,0,0,1,1,0,4,3,1,0,1,0,0,23,38,23,57,0,21,0,0,0,1,0,1
48,480274,1,1,0,0,0,1,1,201,0,6,2,2016,7,2,20,1,2,2,98,7,US-90,,85,29.83,-95.182,0,1,0,0,1,1,0,10,2,1,0,1,0,0,99,98,99,98,88,88,0,0,0,1,1,0
48,480275,1,1,0,0,0,1,1,201,480,6,2,2016,7,5,59,1,2,1,1,1,I-10,,489,29.8,-95.025,0,1,0,0,1,1,0,10,3,2,0,2,0,0,99,98,99,98,88,88,0,0,0,1,0,1
48,480278,2,2,0,0,0,2,2,321,0,6,2,2016,7,3,55,0,1,4,98,3,SR-71,,49,28.961,-96.208,0,12,2,0,1,1,0,1,2,10,0,10,0,0,99,99,99,99,99,99,0,0,0,1,0,2
48,480290,2,2,0,0,0,3,3,55,0,8,2,2016,2,15,40,1,1,3,98,3,SR-21,,145,30.011,-97.726,0,12,6,0,1,1,0,1,1,1,0,1,0,0,99,99,99,99,99,99,0,0,0,1,1,2
48,480297,2,2,0,0,0,7,7,107,0,9,2,2016,3,9,23,1,1,3,98,2,US-82,,122,33.674,-101.369,0,12,1,0,8,1,0,1,1,1,0,1,0,0,99,99,99,99,99,99,0,0,0,3,0,0
48,480302,1,1,0,0,0,1,1,439,4965,9,2,2016,3,21,8,1,2,1,1,7,I-820,IRON HORSE BLVD,217,32.841,-97.251,0,23,0,1,19,1,0,4,3,1,0,1,0,0,99,99,99,99,99,99,0,0,0,1,0,1
48,480306,3,3,0,0,0,5,5,141,2190,10,2,2016,4,10,15,1,2,1,1,1,I-10,,62,31.915,-106.583,0,12,1,0,1,1,0,1,1,1,0,1,0,0,10,19,10,31,11,0,28,0,0,2,0,1
48,480309,2,2,0,0,0,2,2,485,0,10,2,2016,4,17,56,1,1,3,98,2,US-287,,222,33.962,-98.639,0,12,1,0,1,1,0,1,1,1,0,1,0,0,99,98,99,98,88,88,0,0,0,1,0,0
48,480319,1,1,0,0,0,1,1,363,0,12,2,2016,6,5,45,0,1,4,98,2,US-180,,92,32.713,-98.444,0,1,0,0,1,1,0,4,2,1,0,1,0,0,99,98,99,98,88,88,0,0,0,1,0,0
48,480320,2,2,0,0,0,2,2,29,6090,13,2,2016,7,3,40,1,2,2,98,2,US-281,,217,29.492,-98.484,0,12,1,0,1,1,0,1,3,1,0,1,0,0,99,98,99,98,88,88,0,0,0,1,1,0
48,480322,2,2,0,0,0,2,2,459,0,13,2,2016,7,5,35,1,1,3,98,2,US-271,,83,32.796,-94.952,0,12,6,0,8,1,0,1,2,1,0,1,0,0,99,98,99,98,88,88,0,0,0,1,0,0
48,480335,3,3,0,0,0,3,3,259,0,28,1,2016,5,15,34,0,1,4,98,3,SR-46,,39,29.797,-98.669,0,1,0,0,8,1,0,1,1,1,0,1,0,0,99,98,99,98,88,88,0,0,0,1,0,1
48,480336,2,2,0,0,0,3,3,123,1670,31,1,2016,1,14,28,1,1,3,98,2,US-183,,144,29.122,-97.279,0,31,0,0,1,1,0,4,1,1,0,1,0,0,14,30,14,32,14,50,0,0,0,1,0,0
48,480340,1,1,0,0,0,1,1,283,0,4,2,2016,5,21,23,1,1,1,1,7,I-35,,201,28.417,-99.251,0,34,0,1,19,1,0,10,2,1,0,1,0,0,99,99,99,99,99,99,0,0,0,1,1,1
48,480341,2,1,1,0,1,1,2,27,0,5,2,2016,6,3,14,1,1,1,1,1,I-35,,8,30.869,-97.584,0,14,0,0,1,1,0,2,2,1,0,1,0,0,99,98,99,98,88,88,0,0,0,1,1,1
48,480347,3,3,0,0,0,3,3,85,92,10,2,2016,4,5,32,1,2,5,98,2,US-75 CENTRAL EXPY,,21,33.155,-96.647,0,12,1,1,18,1,1,1,3,1,0,1,0,0,99,98,99,98,88,88,26,0,0,1,1,1
48,480348,2,2,0,0,0,2,2,365,0,10,2,2016,4,17,30,1,1,3,98,2,US-79,FM31,99,32.304,-94.167,0,12,6,0,2,2,0,1,1,1,0,1,0,0,99,98,99,98,88,88,0,0,0,1,0,0
48,480350,2,2,0,0,0,2,2,369,2325,12,2,2016,6,12,10,1,1,3,98,2,US-60,COUNTRY CLUB,7,34.396,-103.034,0,12,6,0,2,3,0,1,1,1,0,1,0,0,99,99,99,99,99,99,0,0,0,1,0,0
48,480351,2,2,0,0,0,3,3,21,0,13,2,2016,7,15,52,1,1,3,98,2,US-290,,91,30.297,-97.276,1,12,2,0,1,1,0,1,1,1,0,1,0,0,99,98,99,98,88,88,0,0,0,3,0,1
48,480353,2,2,0,0,0,3,3,29,6090,13,2,2016,7,17,35,1,2,2,98,2,US-90,,69,29.404,-98.549,0,12,1,0,1,1,0,1,1,1,0,1,0,0,99,99,99,99,99,99,0,0,0,1,1,0
48,480368,3,3,0,0,0,4,4,491,2620,17,2,2016,4,11,7,1,2,4,98,3,SR-195,SHELL RD,201,30.726,-97.672,0,12,11,0,2,2,0,1,1,1,0,1,0,0,99,99,99,99,99,99,0,0,0,1,0,1
48,480377,1,1,0,0,0,1,1,139,0,19,2,2016,6,18,44,0,1,4,98,2,US-77,,376,32.234,-96.87,0,42,0,0,1,1,0,4,2,1,0,1,0,0,99,98,99,98,88,88,0,0,0,1,1,0
48,480382,2,2,0,0,0,6,6,323,0,20,2,2016,7,9,30,1,1,3,98,2,US-277,SL 480,335,28.706,-100.432,0,12,6,1,2,2,0,1,1,1,0,1,0,0,99,99,99,99,99,99,0,0,0,1,0,0
48,480385,2,2,0,0,0,2,2,121,1840,22,2,2016,2,14,5,1,1,1,1,1,I-35,,34,33.313,-97.179,0,12,1,0,1,1,2,1,1,1,0,1,0,0,99,98,99,98,88,88,0,0,0,1,0,1
48,480386,1,1,0,0,0,3,3,403,0,21,2,2016,1,4,20,1,1,3,98,3,SR-103,,51,31.41,-94.029,0,32,0,0,1,1,0,4,2,1,0,1,0,0,4,40,4,54,6,7,0,0,0,1,0,2
48,480387,2,2,0,0,0,2,2,493,0,22,2,2016,2,5,15,1,1,4,98,3,SR-123,,43,29.315,-97.963,0,12,2,0,1,1,0,1,2,10,0,10,0,0,99,99,99,99,99,99,0,0,0,1,0,2
48,480401,2,2,0,0,0,2,2,53,0,12,2,2016,6,18,17,1,1,3,98,2,US-281,,260,30.671,-98.255,0,12,1,0,1,1,0,1,1,1,0,1,0,0,18,28,18,44,19,17,0,0,0,1,0,0
48,480402,2,2,0,0,0,5,5,467,0,12,2,2016,6,16,55,0,1,4,98,3,SR-64,FM314,318,32.406,-95.595,0,12,6,0,2,2,1,1,1,1,0,1,0,0,17,0,17,8,99,99,0,0,0,1,0,2
48,480405,1,1,0,0,0,1,1,289,3939,13,2,2016,7,13,43,1,1,1,1,1,I-45,,46,31.152,-95.984,0,34,0,0,1,1,0,4,1,1,0,1,0,0,13,50,14,11,15,2,0,0,0,1,0,1
48,480406,1,1,0,0,0,2,2,423,0,13,2,2016,7,0,5,0,1,4,98,3,SR-31,,228,32.369,-95.073,0,1,0,0,1,1,0,4,2,1,0,1,0,0,0,6,0,20,0,50,0,0,0,1,1,2
48,480413,1,1,0,0,0,1,1,59,0,18,2,2016,5,15,26,0,1,4,98,3,SR-36,,179,32.224,-99.382,0,1,0,0,1,1,0,1,1,1,0,1,0,0,99,98,99,98,88,88,0,0,0,1,0,1
48,480415,1,1,0,0,0,2,2,201,3280,18,2,2016,5,1,47,1,2,2,98,3,SR-288,,32,29.712,-95.378,0,39,0,0,1,1,0,3,3,1,0,1,0,0,1,48,2,1,2,35,0,0,0,1,0,1
48,480418,2,2,0,0,0,2,2,199,0,19,2,2016,6,12,5,1,1,3,98,2,US-69,CR-TROTTY HORSE,31,30.357,-94.128,0,12,6,0,2,2,0,1,1,1,0,1,0,0,99,98,99,98,88,88,0,0,0,1,0,0
48,480419,2,2,0,0,0,2,2,251,1370,19,2,2016,6,22,27,1,1,3,98,2,US-67,PR-21,155,32.313,-97.478,0,12,6,0,2,3,0,1,3,1,0,1,0,0,22,33,22,55,23,23,0,0,0,1,0,0
48,480423,2,2,0,0,0,4,4,455,0,20,2,2016,7,12,40,0,1,4,98,3,SR-19,,118,30.911,-95.375,0,12,1,0,1,1,0,1,1,10,0,10,0,0,99,99,99,99,99,99,0,0,0,1,1,2
48,480430,3,2,1,0,0,2,2,267,0,21,2,2016,1,19,26,1,1,1,1,1,I-10,,133,30.403,-99.647,0,12,11,0,1,1,0,1,2,2,0,2,0,0,19,29,19,59,20,22,19,0,0,1,0,1
48,480431,2,2,0,0,0,3,3,229,0,21,1,2016,5,13,55,1,1,1,1,1,I-10,,568,31.122,-105.178,0,12,8,0,1,1,0,1,1,1,0,1,0,0,99,99,99,99,99,99,20,0,0,1,0,1
48,480432,1,1,0,0,0,4,4,229,0,23,1,2016,7,1,30,1,1,1,1,1,I-10,,379,31.213,-105.471,0,1,0,0,1,1,0,4,2,1,0,1,0,0,1,28,1,59,4,5,0,0,0,1,0,1
48,480433,1,1,0,0,0,1,1,113,4530,1,2,2016,2,6,5,1,2,1,1,1,I-30,,242,32.821,-96.634,0,57,0,0,1,1,0,10,3,1,0,1,0,0,6,5,6,10,6,34,0,0,0,1,0,1
48,480439,3,3,0,0,0,3,3,93,0,11,2,2016,5,10,54,1,1,3,98,2,US-87,,124,31.916,-98.547,0,12,11,0,1,1,0,1,1,10,0,10,0,0,99,99,99,99,99,99,14,0,0,1,0,1
48,480441,2,2,0,0,0,2,2,211,0,11,2,2016,5,8,35,1,1,3,98,2,US-60,,36,35.763,-100.484,0,72,0,0,1,1,0,1,1,1,0,1,0,0,8,34,8,45,9,8,0,0,0,1,0,0
48,480445,2,1,1,0,1,1,2,245,0,13,2,2016,7,5,52,1,1,1,1,1,I-10,,23,29.879,-94.333,0,14,0,0,1,1,0,2,4,1,0,1,0,0,99,98,99,98,88,88,0,0,0,1,1,1
48,480446,2,2,0,0,0,3,3,453,0,13,2,2016,7,10,31,1,2,3,98,2,US-183,CR-MCKENZIE,323,30.144,-97.697,0,12,6,0,2,3,0,1,1,1,0,1,0,0,10,30,10,38,11,8,0,0,0,1,0,0
48,480449,2,2,0,0,0,3,3,487,0,15,2,2016,2,19,50,1,1,3,98,2,US-287,,307,34.071,-99.009,0,12,1,0,1,1,0,1,9,1,0,1,0,0,20,3,20,34,21,3,0,0,0,1,0,0
48,480453,1,1,0,0,0,1,1,93,0,18,2,2016,5,9,1,1,1,3,98,2,US-67,,126,31.916,-98.548,0,42,0,0,1,1,0,4,2,1,0,1,0,0,99,98,99,98,88,88,0,0,0,1,0,0
48,480454,1,1,0,0,0,1,1,145,0,18,2,2016,5,19,41,0,1,4,98,2,US-77,,148,31.184,-97.028,0,11,0,0,1,1,0,1,2,1,0,1,0,0,99,98,99,98,88,88,0,0,0,1,0,0
48,480456,2,2,0,0,0,2,2,289,3939,18,2,2016,5,14,12,1,1,1,1,7,I-45,FM 977,41,31.149,-95.985,0,12,6,1,2,2,0,1,1,1,0,1,0,0,14,17,14,25,15,24,0,0,0,1,0,1
48,480457,3,3,0,0,0,35,35,93,0,19,2,2016,6,7,50,0,1,4,98,3,SR-36,FM 1702,155,31.845,-98.338,0,12,6,0,2,2,0,1,1,1,0,1,0,0,8,12,8,54,9,49,14,0,0,1,0,1
48,480458,3,3,0,0,0,8,8,209,3760,19,2,2016,6,1,10,1,2,1,1,1,I-35,,173,30.003,-97.866,0,12,2,0,1,1,0,1,3,1,0,1,0,0,1,20,1,22,2,7,0,0,0,4,1,1
48,480459,1,1,0,0,0,1,1,481,2130,19,2,2016,6,16,55,1,2,3,98,2,US-59,,239,29.19,-96.246,0,1,0,0,1,1,0,4,1,1,0,1,0,0,17,8,17,39,18,16,0,0,0,1,0,0
48,480462,2,1,1,1,3,1,3,113,2590,20,2,2016,7,23,20,1,2,1,1,1,I-635 LBJ FWY,,102,32.845,-96.635,0,14,0,0,1,1,0,2,3,1,0,1,0,0,99,99,99,99,88,88,23,0,0,1,1,1
48,480463,1,1,0,0,0,2,2,131,0,20,2,2016,7,1,55,1,1,3,98,3,SR-44,,224,27.769,-98.256,0,1,0,0,1,1,0,4,2,1,0,1,0,0,99,98,99,98,88,88,0,0,0,1,0,2
48,480466,1,1,0,0,0,2,2,201,3320,21,2,2016,1,19,15,1,2,1,1,1,I-69,,86,29.983,-95.277,0,25,0,1,19,1,0,3,3,1,0,1,0,0,19,15,19,24,20,23,0,0,0,1,0,0
48,480471,3,3,0,0,0,5,5,367,0,21,2,2016,1,17,25,1,1,3,98,3,SR-199,,39,32.979,-97.788,0,12,6,0,1,1,0,1,1,2,0,2,0,0,17,13,17,23,18,27,0,0,0,2,0,2
48,480472,2,2,0,0,0,3,3,449,0,21,2,2016,1,10,37,1,1,3,98,2,US-271,,43,33.328,-95.095,0,12,8,0,1,1,0,1,1,10,0,10,0,0,99,98,99,98,88,88,0,0,0,1,0,0
48,480473,1,1,0,0,0,1,1,407,0,21,2,2016,1,7,15,1,1,3,98,2,US-59,,95,30.45,-95.027,0,32,0,0,1,1,1,4,1,1,0,1,0,0,7,34,7,59,8,40,0,0,0,1,0,0
48,480477,2,2,0,0,0,2,2,27,7031,23,2,2016,3,2,40,1,1,1,1,1,I-35,,311,31.209,-97.302,0,25,0,0,1,1,1,3,2,2,0,2,0,0,2,42,3,3,4,0,0,0,0,1,0,1
48,480478,1,1,0,1,1,1,1,361,5100,23,2,2016,3,0,2,1,1,1,1,7,I-10,,213,30.121,-93.767,0,9,0,1,18,1,0,1,2,1,0,1,0,0,99,99,99,99,99,99,0,0,0,1,0,1
48,480479,1,1,0,0,0,1,1,371,0,23,2,2016,3,8,0,1,1,3,98,2,US-285,,61,31.061,-103.168,0,1,0,0,1,1,0,1,1,10,0,10,0,0,99,98,99,98,88,88,0,0,0,1,0,0
48,480483,1,1,0,0,0,2,2,85,4230,25,2,2016,5,21,18,1,2,2,98,7,US-75 CENTRAL EXPY,,129,33.226,-96.633,0,33,0,0,1,1,1,4,3,1,0,1,0,0,99,99,99,99,99,99,0,0,0,1,1,1
48,480487,1,1,0,0,0,2,2,25,0,26,2,2016,6,12,34,1,1,3,98,2,US-181,,389,28.17,-97.599,0,1,0,0,1,1,0,4,1,1,0,1,0,0,99,99,99,99,99,99,0,0,0,1,0,0
48,480497,2,2,0,1,1,3,3,379,5419,27,2,2016,7,16,13,1,1,3,98,2,US-69,,51,32.925,-95.865,0,9,0,0,1,1,0,1,1,1,0,1,0,0,99,98,99,98,88,88,0,0,0,1,0,0
48,480498,2,2,0,0,0,5,5,29,6090,28,2,2016,1,21,48,1,2,1,1,7,I-35,FM1976 WALZEM RD,326,29.51,-98.397,0,12,2,1,2,2,0,1,3,1,0,1,0,0,99,99,99,99,99,99,0,0,0,2,1,1
48,480502,1,1,0,0,0,4,4,161,0,29,2,2016,2,14,43,1,1,1,1,1,I-45,,95,31.605,-96.156,0,1,0,0,1,1,0,1,1,1,0,1,0,0,14,40,14,52,15,14,0,0,0,1,0,1
48,480505,2,2,0,1,1,3,3,135,0,14,2,2016,1,2,33,1,2,3,98,2,US-385,,47,31.777,-102.369,0,12,1,0,1,1,0,1,2,1,0,1,0,0,99,98,99,98,88,88,23,0,0,1,0,0
48,480510,1,1,0,0,0,1,1,343,0,25,2,2016,5,1,26,0,1,4,98,2,US-259,,62,33.217,-94.745,0,42,0,0,1,1,0,4,2,1,0,1,0,0,99,98,99,98,88,88,0,0,0,1,0,0
48,480511,2,2,0,0,0,2,2,439,502,25,2,2016,5,23,18,1,2,2,98,3,SR-183,,168,32.839,-97.151,0,12,6,0,1,1,0,1,3,1,0,1,0,0,23,19,23,21,0,18,0,0,0,1,0,2
48,480515,2,2,0,0,0,5,5,135,0,27,2,2016,7,20,38,1,2,3,98,2,US-385,CR-100TH ST,146,31.955,-102.408,0,12,6,0,2,2,0,1,2,1,0,1,0,0,20,34,20,42,20,57,0,0,0,1,1,0
48,480518,2,2,0,0,0,3,3,367,0,29,2,2016,2,12,5,0,2,4,98,3,SR-171,,44,32.712,-97.779,0,12,2,0,1,1,0,1,1,1,0,1,0,0,99,98,99,98,88,88,0,0,0,2,0,1
48,480519,4,4,0,0,0,4,4,15,0,1,3,2016,3,12,48,1,1,1,1,1,I-10,,2,29.771,-96.037,0,12,6,0,1,1,0,1,1,1,0,1,0,0,12,48,12,55,13,42,0,0,0,1,0,1
48,480526,2,2,0,0,0,2,2,89,0,2,3,2016,4,12,24,1,1,1,1,1,I-10,,127,29.692,-96.64,0,57,0,0,1,1,0,3,1,1,0,1,0,0,99,99,99,99,99,99,0,0,0,1,0,1
48,480527,1,1,0,1,1,1,1,141,2190,2,3,2016,4,3,25,1,2,2,98,2,US-54,,116,31.859,-106.441,0,8,0,0,1,1,0,1,3,1,0,1,0,0,99,98,99,98,88,88,19,0,0,1,0,0
48,480530,2,2,0,0,0,2,2,225,0,2,3,2016,4,7,34,1,1,3,98,3,SR-7,,49,31.323,-95.377,0,12,1,0,8,1,0,1,1,1,0,1,0,0,99,98,99,98,88,88,0,0,0,1,0,2
48,480533,1,1,0,1,1,1,1,473,3580,2,3,2016,4,4,33,1,1,1,1,1,I-10,,95,29.777,-95.885,0,8,0,0,1,1,0,1,2,1,0,1,0,0,99,98,99,98,88,88,0,0,0,1,0,1
48,480534,1,1,0,1,1,1,1,113,1240,3,3,2016,5,22,10,1,2,2,98,2,US-67,,158,32.585,-96.951,0,8,0,0,1,1,0,1,2,1,0,1,0,0,99,98,99,98,88,88,23,0,0,1,0,0
48,480539,3,3,0,0,0,7,7,21,0,4,3,2016,6,14,1,1,1,3,98,2,US-290,FM 2336,117,30.279,-97.242,0,12,2,0,2,2,0,1,1,1,0,1,0,0,99,99,99,99,99,99,0,0,0,4,0,1
48,480540,1,1,0,0,0,1,1,29,0,4,3,2016,6,22,56,1,1,3,98,2,US-181,,151,29.274,-98.321,0,30,0,0,1,1,0,4,2,1,0,1,0,0,23,8,23,29,23,47,0,0,0,1,0,0
48,480542,2,2,0,0,0,2,2,93,0,4,3,2016,6,9,35,1,1,3,98,3,SR-6,,155,32.092,-98.444,0,12,6,0,1,1,0,1,1,1,0,1,0,0,9,44,10,18,11,21,0,0,0,1,0,2
48,480551,1,1,0,0,0,1,1,149,0,5,3,2016,7,13,23,0,1,4,98,2,US-77,,179,29.849,-96.907,0,42,0,0,1,1,0,4,1,1,0,1,0,0,99,99,99,99,88,88,0,0,0,1,0,0
48,480560,1,1,0,0,0,1,1,201,3280,6,3,2016,1,20,30,1,2,1,1,7,I-45,,385,29.963,-95.419,0,33,0,0,1,1,0,10,2,1,0,1,0,0,99,98,99,98,88,88,0,0,0,1,0,1
48,480561,1,1,0,0,0,1,1,309,0,6,3,2016,1,20,10,1,1,1,1,1,I-35,,96,31.828,-97.095,0,59,0,0,1,1,0,4,3,1,0,1,0,0,99,99,99,99,99,99,0,0,0,1,1,1
48,480564,2,2,0,0,0,2,2,113,3420,7,3,2016,2,6,17,1,2,2,98,7,SR-161,WALNUT HILL LN,128,32.866,-97.004,0,12,2,1,2,2,0,1,3,1,0,1,0,0,6,18,6,24,6,50,0,0,0,1,0,1
48,480573,2,2,0,0,0,2,2,339,1510,9,3,2016,4,5,8,1,2,1,1,1,I-45,,123,30.286,-95.461,0,12,6,0,1,1,0,1,3,2,0,2,0,0,99,98,99,98,88,88,0,0,0,1,0,1
48,480574,2,2,0,0,0,2,2,375,0,9,3,2016,4,5,40,1,2,3,98,2,US-60,,194,35.246,-101.672,0,12,1,0,1,1,0,1,2,10,0,10,0,0,5,49,6,2,6,34,0,0,0,1,0,0
48,480576,2,2,0,0,0,2,2,183,0,10,3,2016,5,6,49,0,1,4,98,3,SR-149,,0,32.389,-94.665,0,12,6,0,1,1,0,1,1,2,0,2,0,0,99,99,99,99,99,99,0,0,0,1,0,2
48,480578,2,2,0,0,0,3,3,231,0,10,3,2016,5,11,54,0,1,4,98,3,SR-34,,97,32.993,-96.108,0,12,2,0,1,1,0,1,1,10,0,10,0,0,99,99,99,99,99,99,0,0,0,2,1,2
48,480579,2,2,0,0,0,3,3,241,0,10,3,2016,5,8,36,0,1,4,98,3,SR-63,,55,31.026,-94.168,0,12,6,0,1,1,0,1,1,2,0,2,0,0,99,99,99,99,99,99,0,0,0,2,0,2
48,480582,1,1,0,1,1,1,1,453,330,11,3,2016,6,5,12,1,2,1,1,7,I-35,,180,30.271,-97.732,0,8,0,1,18,1,0,1,2,2,0,2,0,0,99,98,99,98,88,88,0,0,0,1,0,1
48,480586,1,1,0,0,0,2,2,201,3280,12,3,2016,7,5,58,1,2,1,1,7,I-10,,95,29.785,-95.658,0,30,0,0,1,1,0,10,4,10,0,10,0,0,5,58,6,16,6,49,0,0,0,1,1,1
48,480587,1,1,0,0,0,2,2,441,30,12,3,2016,7,19,25,1,2,1,1,1,I-20,,102,32.481,-99.775,0,52,0,1,19,1,0,3,3,1,0,1,0,0,99,99,99,99,99,99,0,0,0,1,0,1
48,480589,1,1,0,0,0,2,2,15,0,14,3,2016,2,11,31,1,1,1,1,1,I-10,,140,29.774,-96.073,0,24,0,0,1,1,0,4,1,1,0,1,0,0,11,31,11,40,12,30,0,0,0,1,0,1
48,480595,1,1,0,0,0,1,1,479,3899,31,1,2016,1,3,33,1,2,1,1,1,I-35,,53,27.571,-99.503,0,1,0,1,20,1,0,1,3,1,0,1,0,0,99,98,99,98,88,88,0,0,0,1,1,1
48,480601,4,4,0,0,0,6,6,367,0,2,3,2016,4,7,50,0,1,5,98,3,SR-171,,123,32.632,-97.697,0,12,8,0,1,1,0,1,1,1,0,1,0,0,99,99,99,99,99,99,0,0,0,1,0,1
48,480604,2,2,0,0,0,3,3,257,0,5,3,2016,7,1,34,1,2,2,98,2,US-80,,16,32.772,-96.492,0,12,2,0,1,1,0,1,2,1,0,1,0,0,1,49,1,49,2,8,0,0,0,3,2,1
48,480605,1,1,0,1,1,3,3,201,3280,6,3,2016,1,20,45,1,2,1,1,1,I-45 NORTH FWY,,300,29.843,-95.391,0,8,0,0,1,1,0,1,3,1,0,1,0,0,99,98,99,98,88,88,0,0,0,1,0,0
48,480606,2,2,0,0,0,3,3,229,0,7,3,2016,2,21,29,1,1,1,1,1,I-10,,545,31.131,-105.209,0,12,1,0,1,1,0,1,2,1,0,1,0,0,99,98,99,98,88,88,0,0,0,1,0,1
48,480609,1,1,0,0,0,1,1,201,0,10,3,2016,5,1,55,1,2,1,1,7,I-45 NORTH FWY,,470,30.085,-95.437,0,59,0,1,19,1,0,10,3,2,0,2,0,0,99,98,99,98,88,88,0,0,0,1,1,0
48,480613,1,1,0,0,0,1,1,237,0,11,3,2016,6,20,15,0,1,4,98,2,US-380,,34,33.166,-98.37,0,42,0,0,1,1,0,4,2,5,0,5,0,0,99,98,99,98,88,88,0,0,0,1,0,0
48,480614,1,1,0,0,0,2,2,111,0,12,3,2016,7,6,50,1,1,3,98,2,US-54,,64,36.188,-102.317,0,1,0,0,1,1,0,4,1,1,0,1,0,0,99,98,99,98,88,88,0,0,0,1,0,0
48,480615,2,2,0,0,0,3,3,135,0,12,3,2016,7,19,27,0,1,4,98,3,SR-302,FM866,105,31.899,-102.586,0,12,6,0,2,2,0,1,2,1,0,1,0,0,19,28,19,40,19,58,0,0,0,1,1,2
48,480620,2,2,0,0,0,2,2,183,0,14,3,2016,2,10,1,1,2,3,98,2,US-259,,105,32.572,-94.735,0,12,6,0,8,1,0,1,1,1,0,1,0,0,99,98,99,98,88,88,0,0,0,1,0,0
48,480628,1,1,0,1,1,1,1,347,0,18,3,2016,6,0,55,0,1,4,98,3,SR-7,CR-612,98,31.576,-94.699,0,8,0,0,1,1,0,1,2,1,0,1,0,0,99,99,99,99,99,99,0,0,0,1,0,2
48,480635,3,3,0,0,0,5,5,99,0,28,2,2016,1,2,1,1,2,2,98,2,US-190,,49,31.121,-97.862,0,12,6,0,1,1,0,2,3,1,0,1,0,0,2,13,2,15,2,49,0,0,0,2,2,0
48,480639,2,1,1,0,1,3,4,491,2620,6,3,2016,1,2,20,1,1,1,1,1,I-35,,170,30.713,-97.647,0,14,0,1,19,1,0,2,3,1,0,1,0,0,2,20,2,28,2,57,0,0,0,1,1,1
48,480640,3,3,0,0,0,4,4,475,0,9,3,2016,4,9,57,1,1,1,1,1,I-20,,222,31.541,-103.063,0,12,6,0,1,1,0,1,1,2,0,2,0,0,10,1,10,15,11,2,0,0,0,2,0,1
48,480642,3,3,0,0,0,4,4,453,0,11,3,2016,6,17,13,1,1,3,98,3,SR-71,CR-BEE CREEK RD,93,30.331,-98.025,0,12,6,0,2,3,0,1,1,10,0,10,0,0,17,26,17,36,18,22,0,0,0,1,0,2