STATE,ST_CASE,VE_TOTAL,VE_FORMS,PVH_INVL,PEDS,PERNOTMVIT,PERMVIT,PERSONS,COUNTY,CITY,DAY,MONTH,YEAR,DAY_WEEK,HOUR,MINUTE,NHS,RUR_URB,FUNC_SYS,RD_OWNER,ROUTE,TWAY_ID,TWAY_ID2,MILEPT,LATITUDE,LONGITUD,SP_JUR,HARM_EV,MAN_COLL,RELJCT1,RELJCT2,TYP_INT,WRK_ZONE,REL_ROAD,LGT_COND,WEATHER1,WEATHER2,WEATHER,SCH_BUS,RAIL,NOT_HOUR,NOT_MIN,ARR_HOUR,ARR_MIN,HOSP_HR,HOSP_MN,CF1,CF2,CF3,FATALS,DRUNK_DR,RANK
48,480648,1,1,0,0,0,4,4,219,0,15,3,2016,3,13,48,1,1,3,98,2,US-62,,31,33.426,-102.147,0,1,0,0,1,1,0,4,1,1,0,1,0,0,13,48,13,48,14,26,0,0,0,3,0,0
48,480650,1,1,0,0,0,1,1,85,4230,16,3,2016,4,15,47,1,2,2,98,2,US-75,,118,33.241,-96.629,0,25,0,0,1,1,0,3,1,1,0,1,0,0,99,98,99,98,88,88,0,0,0,1,1,0
48,480653,1,1,0,0,0,2,2,261,0,17,3,2016,5,1,15,1,1,3,98,2,US-77,,73,27.183,-97.793,0,1,0,0,1,1,0,4,2,1,0,1,0,0,99,99,99,99,99,99,0,0,0,1,0,0
48,480655,2,2,0,0,0,4,4,21,0,18,3,2016,6,5,22,0,1,4,98,3,SR-95,,45,29.947,-97.18,0,12,2,0,1,1,0,1,2,10,0,10,0,0,99,99,99,99,99,99,0,0,0,1,1,1
48,480658,1,1,0,0,0,2,2,113,5730,18,3,2016,6,4,40,1,2,2,98,2,US-75 CENTRAL EXPY,,39,32.939,-96.746,0,25,0,1,19,1,0,3,6,10,0,10,0,0,99,99,99,99,99,99,0,0,0,1,1,1
48,480663,2,2,0,0,0,2,2,291,1770,18,3,2016,6,12,32,0,1,4,98,2,US-90,FM 1413,27,29.988,-94.966,0,12,6,0,2,2,0,1,1,10,0,10,0,0,12,51,13,13,13,50,0,0,0,1,0,0
48,480664,1,1,0,1,1,1,1,453,330,18,3,2016,6,21,12,1,2,1,1,1,I-35,RIVERSIDE DR,165,30.248,-97.735,0,8,0,1,18,1,0,1,3,2,0,2,0,0,99,98,99,98,88,88,0,0,0,1,0,1
48,480668,1,1,0,1,1,1,1,201,480,19,3,2016,7,3,22,1,2,2,98,3,SR-146,,108,29.755,-94.94,0,8,0,0,1,1,0,1,3,1,0,1,0,0,99,98,99,98,88,88,19,0,0,1,1,2
48,480670,2,2,0,0,0,7,7,297,0,19,3,2016,7,5,20,1,1,1,1,1,I-37,,225,28.41,-98.075,0,12,1,0,1,1,0,1,2,1,0,1,0,0,5,36,5,44,6,30,0,0,0,1,0,1
48,480671,3,3,0,0,0,7,7,407,0,19,3,2016,7,21,50,0,1,4,98,3,SR-150,,187,30.566,-95.102,0,12,1,0,8,1,0,1,2,1,0,1,0,0,23,22,0,8,1,7,0,0,0,1,0,0
48,480673,1,1,0,0,0,1,1,329,9997,20,3,2016,1,0,9,1,2,1,1,7,I-20,,5,31.876,-102.283,0,1,0,0,1,1,0,10,2,1,0,1,0,0,99,98,99,98,88,88,0,0,0,1,1,1
48,480675,2,2,0,0,0,2,2,407,0,28,3,2016,2,17,48,0,1,4,98,3,SR-150,,23,30.524,-95.335,0,12,7,0,1,1,0,1,1,10,0,10,0,0,99,98,99,98,88,88,0,0,0,1,1,0
48,480685,3,3,0,0,0,3,3,281,0,23,3,2016,4,14,20,1,1,3,98,2,US-183,,121,31.191,-98.378,0,12,6,0,1,1,0,1,1,10,0,10,0,0,14,34,15,2,15,49,0,0,0,1,0,0
48,480690,1,1,0,0,0,1,1,439,3347,24,3,2016,5,0,8,1,2,1,1,1,I-820,,261,32.805,-97.212,0,23,0,1,5,1,0,4,2,10,0,10,0,0,99,98,99,98,88,88,0,0,0,1,0,1
48,480696,3,3,0,0,0,2,2,29,6090,26,3,2016,7,1,55,1,2,1,1,1,I-35,MEADOW MOUNTAIN DR,351,29.541,-98.377,0,12,1,1,18,1,0,1,3,1,0,1,0,0,99,98,99,98,88,88,19,0,0,1,1,1
48,480703,1,1,0,0,0,3,3,29,6090,27,3,2016,1,23,46,1,2,1,1,7,I-35,,179,29.362,-98.522,0,42,0,0,1,1,0,4,3,1,0,1,0,0,99,99,99,99,99,99,0,0,0,2,1,1
48,480705,1,1,0,0,0,1,1,339,0,27,3,2016,1,6,50,1,1,3,98,3,SR-105,,297,30.333,-95.346,0,42,0,0,1,1,0,4,2,1,0,1,0,0,99,98,99,98,88,88,0,0,0,1,0,2
48,480708,1,1,0,0,0,1,1,407,0,28,3,2016,2,10,48,1,1,3,98,2,US-59,,84,30.465,-95.018,0,1,0,0,1,1,0,3,1,1,0,1,0,0,99,98,99,98,88,88,0,0,0,1,0,0
48,480710,2,2,0,0,0,2,2,21,0,30,3,2016,4,14,35,0,1,4,98,3,SR-71,,302,29.977,-97.109,0,12,2,0,1,1,0,1,1,10,0,10,0,0,99,99,99,99,99,99,0,0,0,1,0,2
48,480713,1,1,0,0,0,4,4,135,0,2,3,2016,4,23,34,0,1,4,98,3,SR-302,,74,31.921,-102.634,0,38,0,0,1,1,0,5,2,1,0,1,0,0,23,29,23,43,0,10,0,0,0,1,0,2
48,480714,2,2,0,0,0,7,7,147,0,6,3,2016,1,20,41,0,1,4,98,3,SR-56,,133,33.577,-95.954,0,12,8,0,1,1,0,1,2,10,0,10,0,0,20,51,21,6,21,15,0,0,0,2,0,2
48,480716,1,1,0,0,0,2,2,309,0,8,3,2016,3,9,53,1,1,3,98,3,SR-6,,397,31.516,-96.957,0,23,0,1,19,1,0,4,1,2,0,2,0,0,99,99,99,99,99,99,0,0,0,1,0,2
48,480720,1,1,0,1,1,3,3,167,3220,16,3,2016,4,16,19,1,2,3,98,3,SR-6,,111,29.351,-95.025,0,9,0,0,1,1,0,2,1,1,0,1,0,0,16,31,16,56,17,14,0,0,0,1,0,2
48,480728,2,2,0,0,0,2,2,31,0,19,3,2016,7,21,42,1,1,3,98,2,US-281,,232,30.162,-98.385,0,12,2,0,1,1,0,1,2,1,0,1,0,0,99,98,99,98,88,88,0,0,0,1,1,0
48,480730,2,2,0,0,0,5,5,355,5850,20,3,2016,1,14,3,1,1,3,98,2,US-77,,32,27.759,-97.685,0,12,6,0,1,1,0,1,1,1,0,1,0,0,14,8,14,28,14,52,0,0,0,3,0,0
48,480731,3,3,0,1,1,6,6,423,0,20,3,2016,1,4,25,1,1,1,1,1,I-20,,52,32.482,-95.507,0,8,0,0,1,1,0,1,2,1,0,1,0,0,99,98,99,98,88,88,19,0,0,1,0,1
48,480732,2,2,0,0,0,2,2,21,6430,21,3,2016,2,15,15,1,1,3,98,3,SR-71,,285,29.996,-97.128,0,12,1,1,18,1,0,1,1,1,0,1,0,0,99,99,99,99,99,99,19,0,0,1,0,2
48,480748,1,1,0,1,1,1,1,179,0,27,3,2016,1,0,38,1,1,1,1,1,I-40,,73,35.213,-100.718,0,8,0,0,1,1,0,2,2,3,0,3,0,0,99,98,99,98,88,88,0,0,0,1,0,1
48,480749,1,1,0,1,1,1,1,201,0,27,3,2016,1,2,35,1,2,3,98,3,SR-6,,19,29.909,-95.629,0,8,0,0,1,1,0,1,2,1,0,1,0,0,99,98,99,98,88,88,0,0,0,1,0,2
48,480754,3,3,0,0,0,5,5,245,0,28,3,2016,2,14,17,1,1,1,1,1,I-10,,92,29.949,-94.248,0,57,0,0,1,1,0,3,1,1,0,1,0,0,99,99,99,99,99,99,14,0,0,1,0,1
48,480755,2,2,0,0,0,2,2,67,0,30,3,2016,4,14,12,1,1,3,98,2,US-59,,207,33.06,-94.28,0,12,6,0,1,1,0,1,1,2,0,2,0,0,14,8,14,13,14,44,0,0,0,1,0,0
48,480757,1,1,0,0,0,1,1,221,0,30,3,2016,4,18,45,0,1,5,98,3,SR-171,,23,32.546,-97.647,0,1,0,0,1,1,0,4,1,10,0,10,0,0,99,98,99,98,88,88,0,0,0,1,0,1
48,480758,1,1,0,0,0,1,1,335,4090,30,3,2016,4,16,37,1,1,1,1,1,I-20,,296,32.413,-100.728,0,57,0,1,19,1,0,3,1,1,0,1,0,0,99,98,99,98,88,88,0,0,0,1,0,1
48,480765,2,2,0,0,0,3,3,313,0,31,3,2016,5,15,21,1,1,1,1,7,I-45,SR-75,128,31.012,-95.922,0,12,6,0,2,2,0,1,1,1,0,1,0,0,15,25,15,29,16,4,0,0,0,1,0,1
48,480767,2,2,0,0,0,3,3,205,0,30,3,2016,4,6,55,1,1,3,98,2,US-54,,45,35.879,-102.75,0,12,2,0,1,1,0,1,2,1,0,1,0,0,99,98,99,98,88,88,0,0,0,1,0,0
48,480769,2,2,0,0,0,6,6,85,0,31,3,2016,5,14,15,0,1,4,98,3,SR-78,,304,33.022,-96.467,0,12,2,0,1,1,1,1,1,1,0,1,0,0,14,16,14,28,15,26,0,0,0,3,0,1
48,480771,1,1,0,0,0,1,1,367,7280,3,2,2016,4,1,32,1,2,1,1,7,I-20,,236,32.749,-97.727,0,53,0,0,1,1,0,4,2,1,0,1,0,0,99,99,99,99,99,99,0,0,0,1,1,1
48,480772,1,1,0,1,1,1,1,325,1890,11,2,2016,5,2,0,1,1,1,1,1,I-35,,56,29.133,-98.892,0,8,0,0,1,1,0,1,2,1,0,1,0,0,99,98,99,98,88,88,0,0,0,1,0,1
48,480773,1,1,0,0,0,3,3,423,3990,14,2,2016,1,12,40,1,1,1,1,1,I-20,,121,32.469,-95.394,0,1,0,0,1,1,0,1,1,10,0,10,0,0,99,99,99,99,99,99,0,0,0,1,0,1
48,480775,1,1,0,0,0,6,6,229,0,8,3,2016,3,13,14,1,1,1,1,1,I-10,,347,31.193,-105.53,0,57,0,0,1,1,0,3,1,1,0,1,0,0,13,27,13,47,14,56,0,0,0,1,0,1
48,480777,2,2,0,0,0,3,3,487,0,20,3,2016,1,20,45,1,1,3,98,2,US-287,,306,34.071,-99.009,0,12,6,0,8,1,0,1,3,1,0,1,0,0,99,98,99,98,88,88,0,0,0,1,0,0
48,480779,1,1,0,1,1,1,1,501,0,23,3,2016,4,9,21,0,1,4,98,2,US-82,,157,33.183,-102.815,0,8,0,0,1,1,0,1,1,1,0,1,0,0,9,32,9,39,10,10,0,0,0,1,0,0
48,480781,1,1,0,0,0,1,1,151,0,24,3,2016,5,7,45,0,1,5,98,3,SR-92,,85,32.881,-100.324,0,1,0,0,1,1,0,4,2,1,0,1,0,0,99,98,99,98,88,88,0,0,0,1,1,2
48,480783,1,1,0,0,0,2,2,37,0,25,3,2016,6,16,22,1,1,3,98,2,US-82,,50,33.496,-94.55,1,32,0,0,1,1,1,4,1,1,0,1,0,0,16,25,16,31,99,99,0,0,0,1,0,0
48,480789,2,2,0,0,0,2,2,309,545,27,3,2016,1,21,0,1,2,1,1,1,I-35,,189,31.601,-97.108,0,12,6,0,1,1,0,1,2,1,0,1,0,0,21,2,21,5,21,31,0,0,0,1,0,1
48,480791,3,3,0,0,0,5,5,493,0,27,3,2016,1,9,31,1,1,4,98,3,SR-123,CR-427,49,29.307,-97.963,0,12,2,0,2,2,0,1,1,2,0,2,0,0,9,52,10,12,10,36,0,0,0,3,0,2
48,480798,2,2,0,0,0,2,2,201,0,1,4,2016,6,2,29,1,2,2,98,3,SR-249,CR-MOSIELLEE ST,192,29.907,-95.473,0,12,1,0,3,3,0,1,3,1,0,1,0,0,2,30,2,38,3,20,0,0,0,1,2,2
48,480801,2,2,0,0,0,3,3,329,0,1,4,2016,6,12,45,1,1,3,98,3,SR-158,,143,31.952,-101.928,0,12,6,0,1,1,0,1,1,2,0,2,0,0,12,47,12,58,13,24,0,0,0,1,0,2
48,480802,1,1,0,0,0,5,5,353,0,1,4,2016,6,12,6,1,1,3,98,2,US-84,,20,32.457,-100.565,0,1,0,0,1,1,0,4,1,6,0,6,0,0,12,9,12,14,13,17,0,0,0,1,0,0
48,480807,2,2,0,0,0,2,2,187,6293,2,4,2016,7,2,18,1,2,1,1,1,I-35,,4,29.589,-98.299,0,25,0,0,1,1,0,4,3,1,0,1,0,0,2,19,2,26,3,36,0,0,0,1,2,1
48,480809,1,1,0,0,0,2,2,375,150,2,4,2016,7,2,12,1,2,1,1,1,I-40,,152,35.191,-101.896,0,1,0,0,1,1,0,10,2,1,0,1,0,0,2,12,2,17,2,49,0,0,0,1,1,1
48,480812,2,2,0,0,0,6,6,471,3340,2,4,2016,7,20,40,1,2,3,98,3,SR-19,,151,30.691,-95.532,0,12,2,0,1,1,0,1,3,1,0,1,0,0,20,55,21,0,21,23,0,0,0,4,1,2
48,480820,1,1,0,1,1,1,1,361,7200,3,4,2016,1,22,8,1,2,1,1,1,I-10,,61,30.133,-94.013,0,8,0,0,1,1,0,1,2,1,0,1,0,0,99,98,99,98,88,88,0,0,0,1,0,1
48,480828,2,2,0,0,0,5,5,371,0,4,4,2016,2,9,5,1,1,3,98,7,US-285,FM1776,136,31,-103.067,0,12,6,1,2,2,0,1,1,1,0,1,0,0,9,9,9,32,9,54,0,0,0,1,0,0
48,480832,1,1,0,1,1,2,2,493,0,4,4,2016,2,20,25,1,1,4,98,3,SR-123,,197,29.096,-97.939,0,8,0,0,1,1,0,1,2,1,0,1,0,0,99,98,99,98,88,88,0,0,0,1,0,2
48,480835,1,1,0,0,0,1,1,365,0,5,4,2016,3,4,45,0,1,4,98,2,US-79,,128,32.147,-94.537,0,53,0,0,1,1,0,4,2,1,0,1,0,0,99,98,99,98,88,88,0,0,0,1,0,0
48,480840,2,2,0,0,0,2,2,121,1840,7,4,2016,5,16,0,1,2,1,1,1,I-35,,36,33.316,-97.18,0,57,0,1,19,1,0,3,1,10,0,10,0,0,99,98,99,98,88,88,14,0,0,1,0,1
48,480846,1,1,0,1,1,1,1,61,3030,9,4,2016,7,20,47,1,2,1,1,7,I-69,SL 499 NEW HAMPSHIRE RD,121,26.164,-97.688,0,8,0,1,2,2,0,1,3,1,0,1,0,0,99,99,99,99,99,99,0,0,0,1,0,0
48,480847,1,1,0,1,1,1,1,141,2190,9,4,2016,7,19,52,1,2,1,1,1,I-10,,191,31.759,-106.499,0,8,0,0,1,1,0,1,3,1,0,1,0,0,99,99,99,99,99,99,0,0,0,1,0,1
48,480850,2,2,0,0,0,2,2,379,0,9,4,2016,7,8,37,0,1,4,98,3,SR-19,,5,32.974,-95.725,0,12,2,0,1,1,0,1,1,10,0,10,0,0,99,99,99,99,99,99,0,0,0,1,0,2
48,480854,2,2,0,0,0,2,2,21,0,13,4,2016,4,6,30,1,1,3,98,2,US-290,,87,30.297,-97.282,0,12,6,0,1,1,0,1,1,10,0,10,0,0,99,98,99,98,88,88,0,0,0,1,0,1
48,480855,2,2,0,0,0,4,4,71,9997,13,4,2016,4,20,44,1,2,3,98,3,SR-146,,55,29.808,-94.903,0,12,2,0,1,1,0,1,2,1,0,1,0,0,20,44,20,55,21,57,0,0,0,1,0,2
48,480861,1,1,0,0,0,2,2,141,2190,16,1,2016,7,3,10,1,2,2,98,2,US-54,,166,31.929,-106.428,0,33,0,0,5,1,0,10,3,1,0,1,0,0,3,11,3,19,3,47,0,0,0,1,1,0
48,480866,1,1,0,0,0,1,1,485,7490,29,3,2016,3,17,14,1,2,2,98,3,SR-79,,114,33.901,-98.444,0,1,0,1,19,1,0,3,1,1,0,1,0,0,99,98,99,98,88,88,0,0,0,1,0,1
48,480868,3,3,0,0,0,8,8,445,0,1,4,2016,6,21,1,1,1,3,98,2,US-62,,141,33.098,-102.369,0,12,2,0,1,1,0,1,2,10,0,10,0,0,21,2,21,12,22,22,14,0,0,1,1,0
48,480876,1,1,0,0,0,5,5,339,0,6,4,2016,4,21,7,1,1,1,1,1,I-45,,256,30.475,-95.496,0,59,0,1,19,1,0,10,2,1,0,1,0,0,99,99,99,99,99,99,0,0,0,1,0,1
48,480880,3,3,0,0,0,6,6,209,3760,8,4,2016,6,0,2,1,2,1,1,1,I-35,,137,29.966,-97.876,0,12,1,0,1,1,1,1,3,1,0,1,0,0,0,6,0,22,1,13,0,0,0,1,0,1
48,480881,2,2,0,0,0,3,3,355,1550,8,4,2016,6,20,55,1,2,1,1,1,I-37,,35,27.804,-97.453,0,12,1,0,1,1,0,1,3,10,0,10,0,0,20,55,21,0,21,17,0,0,0,1,1,1
48,480887,1,1,0,0,0,1,1,267,0,10,4,2016,1,10,55,0,1,5,98,2,US-377,,60,30.324,-99.91,0,7,0,0,1,1,0,1,1,10,0,10,0,0,99,98,99,98,88,88,0,0,0,1,0,0
48,480888,2,2,0,0,0,2,2,375,0,10,4,2016,1,6,30,1,2,3,98,2,US-287,FM1912,103,35.189,-101.654,0,12,11,0,2,2,0,1,2,1,0,1,0,0,99,98,99,98,88,88,0,0,0,1,0,0
48,480889,2,2,0,0,0,4,4,29,0,11,4,2016,2,9,46,1,1,3,98,2,US-281,CR-BORGFELD RD,17,29.71,-98.449,0,12,6,0,2,3,0,1,1,2,0,2,0,0,99,99,99,99,99,99,0,0,0,1,0,0
48,480897,1,1,0,0,0,1,1,29,6090,16,4,2016,7,2,30,1,2,2,98,2,US-90,,21,29.402,-98.628,0,24,0,1,19,1,0,3,2,1,0,1,0,0,99,98,99,98,88,88,0,0,0,1,1,0
48,480898,1,1,0,0,0,1,1,27,0,16,4,2016,7,13,45,0,1,4,98,3,SR-95,,48,30.907,-97.371,0,35,0,0,1,1,0,4,1,10,0,10,0,0,99,98,99,98,88,88,0,0,0,1,0,1
48,480900,1,1,0,0,0,5,5,307,0,16,4,2016,7,11,56,1,1,3,98,2,US-87,,137,31.172,-99.384,0,32,0,0,1,1,1,4,1,2,0,2,0,0,99,99,99,99,99,99,0,0,0,1,0,1
48,480907,1,1,0,0,0,1,1,13,0,2,2,2016,3,16,3,1,1,1,1,1,I-37,,142,28.782,-98.315,0,57,0,0,1,1,0,3,1,1,0,1,0,0,99,98,99,98,88,88,0,0,0,1,1,1
48,480908,2,2,0,0,0,2,2,75,0,21,3,2016,2,11,0,1,1,3,98,2,US-62,,156,34.504,-100.208,0,12,2,0,1,1,0,1,1,1,0,1,0,0,99,98,99,98,88,88,0,0,0,1,1,0
48,480911,2,2,0,0,0,2,2,297,2630,31,3,2016,5,18,36,1,1,3,98,2,US-281,,254,28.323,-98.114,0,12,2,0,1,1,0,1,1,1,0,1,0,0,18,41,19,3,19,54,0,0,0,1,0,0
48,480916,2,2,0,0,0,2,2,201,3320,8,4,2016,6,2,13,1,2,1,1,7,I-69,FM1960,14,30.005,-95.267,0,12,6,1,2,2,0,1,3,1,0,1,0,0,99,98,99,98,88,88,20,0,0,1,0,0
48,480919,1,1,0,0,0,1,1,113,3420,10,4,2016,1,19,33,1,2,2,98,3,SR-161,,121,32.874,-96.995,0,24,0,0,1,1,0,3,3,10,0,10,0,0,19,34,19,39,20,2,0,0,0,1,1,1
48,480922,1,1,0,0,0,1,1,133,0,12,4,2016,3,5,31,1,1,1,1,1,I-20,,67,32.48,-98.605,0,23,0,0,1,1,0,3,2,1,0,1,0,0,99,98,99,98,88,88,0,0,0,1,0,1
48,480924,2,2,0,0,0,6,6,51,0,13,4,2016,4,7,30,0,1,4,98,3,SR-21,FM 50,200,30.623,-96.545,0,12,6,0,2,3,0,1,1,10,0,10,0,0,7,50,8,7,8,44,0,0,0,1,0,2
48,480927,1,1,0,1,1,1,1,397,6010,13,4,2016,4,1,24,1,1,1,1,7,I-30,,159,32.981,-96.302,0,8,0,0,1,1,0,1,2,2,0,2,0,0,99,99,99,99,99,99,3,0,0,1,1,1
48,480928,1,1,0,0,0,2,2,61,0,14,4,2016,5,18,20,1,2,3,98,3,SR-100,,41,26.074,-97.513,0,32,0,0,1,1,0,4,1,1,0,1,0,0,18,24,18,27,18,51,0,0,0,1,0,1
48,480929,4,4,0,0,0,12,12,139,0,15,4,2016,6,7,35,0,2,4,98,3,SR-34,CR-LONE OAK RD,75,32.364,-96.568,0,12,6,0,2,3,0,1,2,5,0,5,1,0,7,27,7,44,8,14,0,0,0,1,0,2
48,480932,2,2,0,0,0,2,2,385,0,15,4,2016,6,14,48,0,1,4,98,2,US-83,,274,29.736,-99.761,0,12,6,0,1,1,0,1,1,1,0,1,0,0,14,45,14,55,88,88,0,0,0,1,0,0
48,480941,4,4,0,0,0,5,5,141,2190,8,1,2016,6,23,19,1,2,1,1,1,I-10,,306,31.744,-106.332,0,12,1,1,18,1,0,1,3,10,0,10,0,0,23,21,23,29,23,42,19,0,0,1,1,1
48,480942,3,3,0,0,0,3,3,27,0,22,2,2016,2,8,52,1,2,2,98,2,US-190,,33,31.119,-97.767,0,12,1,0,1,1,0,1,1,10,0,10,0,0,99,99,99,99,99,99,0,0,0,1,0,0
48,480944,2,2,0,0,0,2,2,389,0,6,4,2016,4,14,5,1,1,1,1,1,I-20,,348,31.355,-103.706,0,12,1,0,1,1,2,1,1,1,0,1,0,0,15,5,99,99,15,7,0,0,0,1,0,1
48,480946,1,1,0,0,0,1,1,423,0,15,4,2016,6,5,20,1,1,3,98,3,SR-31,,201,32.148,-96.123,0,1,0,0,1,1,0,3,2,10,0,10,0,0,99,99,99,99,99,99,0,0,0,1,0,2
48,480948,3,3,0,0,0,4,4,201,3280,17,4,2016,1,3,45,1,2,3,98,3,SR-6,,87,29.813,-95.645,0,12,1,0,1,1,0,1,3,2,0,2,0,0,3,45,3,53,4,26,0,0,0,1,1,2
48,480949,3,3,0,0,0,4,4,83,0,18,4,2016,2,14,0,1,1,3,98,2,US-84,,59,31.811,-99.396,0,12,6,0,1,1,0,1,1,2,0,2,0,0,99,99,99,99,99,99,0,0,0,2,0,0
48,480955,2,2,0,0,0,2,2,29,6090,20,4,2016,4,20,52,1,2,1,1,1,I-10,,100,29.442,-98.369,0,12,1,0,1,1,0,1,2,1,0,1,0,0,99,99,99,99,99,99,0,0,0,1,0,1
48,480956,1,1,0,0,0,1,1,401,0,20,4,2016,4,7,1,1,1,3,98,2,US-259,,54,32.201,-94.819,0,42,0,0,1,1,0,4,1,2,0,2,0,0,99,98,99,98,88,88,0,0,0,1,0,0
48,480957,2,2,0,0,0,5,5,21,0,21,4,2016,5,22,45,1,1,3,98,3,SR-71,,38,30.153,-97.491,0,12,2,0,1,1,0,1,2,1,0,1,0,0,22,49,23,3,23,28,0,0,0,2,1,2
48,480958,2,2,0,0,0,3,3,201,0,21,4,2016,5,20,55,0,2,2,98,3,SR-99,,60,29.846,-95.756,0,12,1,0,1,1,0,1,2,1,0,1,0,0,20,59,21,10,22,0,0,0,0,1,1,2
48,480959,1,1,0,0,0,4,4,1,0,22,4,2016,6,16,29,0,1,4,98,2,US-287,,134,31.605,-95.524,0,1,0,0,1,1,0,4,1,1,0,1,0,0,99,99,99,99,99,99,0,0,0,1,1,0
48,480960,2,2,0,0,0,4,4,143,0,22,4,2016,6,0,23,0,1,4,98,2,US-281,,252,32.181,-98.163,0,12,2,0,1,1,0,1,2,1,0,1,0,0,99,99,99,99,99,99,0,0,0,1,1,0
48,480972,1,1,0,0,0,1,1,439,4300,25,4,2016,2,14,7,1,2,2,98,2,US-287,,299,32.568,-97.117,0,21,0,1,19,1,0,10,1,1,0,1,0,0,99,98,99,98,88,88,0,0,0,1,1,0
48,480974,1,1,0,0,0,1,1,339,7500,28,4,2016,5,2,44,1,1,1,1,1,I-45,,254,30.472,-95.496,0,34,0,1,5,1,0,10,2,5,0,5,0,0,99,98,99,98,88,88,0,0,0,1,0,1
48,480975,2,2,0,0,0,2,2,439,2850,28,4,2016,5,4,41,1,2,2,98,3,SR-114,,71,32.932,-97.095,0,12,2,1,18,1,0,1,3,1,0,1,0,0,4,42,4,55,5,25,0,0,0,2,1,2
48,480983,3,3,0,0,0,7,7,267,0,9,4,2016,7,0,18,1,1,1,1,1,I-10,,99,30.5,-99.969,0,12,1,0,1,1,0,1,2,10,0,10,0,0,0,23,0,43,1,18,23,0,0,1,0,1
48,480995,5,5,0,0,0,7,7,339,0,22,4,2016,6,10,50,1,1,3,98,3,SR-105,,323,30.331,-95.302,0,12,1,0,1,1,0,1,1,1,0,1,0,0,99,99,99,99,99,99,0,0,0,3,0,2
48,481003,2,2,0,0,0,3,3,439,3347,27,4,2016,4,12,43,1,2,1,1,1,I-820,,252,32.821,-97.206,0,12,6,0,1,1,0,1,1,1,0,1,0,0,12,52,12,57,13,37,0,0,0,1,0,1
48,481006,1,1,0,0,0,2,2,429,0,29,4,2016,6,12,57,0,1,4,98,3,SR-67,,155,32.781,-98.836,0,1,0,0,1,1,0,1,1,1,0,1,0,0,13,12,13,46,14,47,0,0,0,2,0,2
48,481012,1,1,0,0,0,2,2,65,0,19,4,2016,3,9,21,0,1,4,98,3,SR-152,,81,35.567,-101.178,0,1,0,0,1,1,0,4,1,2,0,2,0,0,9,19,9,34,10,4,0,0,0,1,0,1
48,481020,3,3,0,0,0,5,5,423,0,25,1,2016,2,7,30,0,1,4,98,3,SR-110,,116,32.194,-95.207,0,12,2,0,1,1,0,1,1,1,0,1,0,0,7,35,7,44,8,42,0,0,0,1,0,2
48,481026,1,1,0,0,0,2,2,231,0,21,4,2016,5,13,55,0,1,4,98,2,US-69,,45,33.237,-96.167,0,38,0,0,1,1,0,5,1,1,0,1,0,0,14,5,14,26,15,2,0,0,0,1,0,0
48,481031,2,2,0,0,0,4,4,81,0,26,4,2016,3,12,15,1,1,3,98,2,US-87,,51,31.702,-100.781,0,12,1,0,1,1,0,1,1,1,0,1,0,0,99,98,99,98,88,88,0,0,0,2,0,1
48,481033,1,1,0,0,0,2,2,373,6312,28,4,2016,5,20,5,1,1,3,98,2,US-59,,192,30.853,-94.855,0,33,0,0,1,1,0,3,2,1,0,1,0,0,20,19,20,25,21,2,0,0,0,1,0,0
48,481034,1,1,0,1,1,1,1,477,0,28,4,2016,5,22,12,1,1,3,98,2,US-290,CR-WILLIAM B TRAVIS RD,219,30.137,-96.331,0,8,0,0,2,3,0,1,2,1,0,1,0,0,99,98,99,98,88,88,0,0,0,1,0,1
48,481037,1,1,0,0,0,1,1,183,0,30,4,2016,7,19,38,1,1,1,1,1,I-20,,124,32.432,-94.775,0,42,0,0,1,1,0,3,1,1,0,1,0,0,99,98,99,98,88,88,0,0,0,1,0,1
48,481038,1,1,0,1,1,1,1,201,0,30,4,2016,7,4,45,1,2,1,1,7,I-45 NORTH FWY,,456,30.064,-95.434,0,8,0,0,1,1,0,1,3,2,0,2,0,0,99,98,99,98,88,88,0,0,0,1,0,0
48,481043,2,1,1,1,1,3,3,479,0,5,4,2016,3,15,24,1,1,1,1,1,I-35,,156,27.873,-99.4,0,14,0,0,1,1,0,2,1,1,0,1,0,0,99,99,99,99,99,99,23,0,0,1,0,1
48,481045,2,2,0,0,0,2,2,229,0,18,4,2016,2,7,20,1,1,1,1,1,I-10,,166,31.227,-105.775,0,12,1,0,1,1,0,1,1,1,0,1,0,0,99,98,99,98,88,88,0,0,0,1,0,1
48,481046,2,2,0,0,0,2,2,389,0,21,4,2016,5,3,25,1,1,1,1,1,I-20,,236,31.392,-103.597,0,12,2,0,1,1,0,1,2,1,0,1,0,0,99,98,99,98,88,88,0,0,0,1,1,1
48,481047,2,2,0,0,0,4,4,29,6090,23,4,2016,7,0,27,1,2,1,1,1,I-45,,347,29.537,-98.384,0,12,1,0,1,1,0,1,3,1,0,1,0,0,99,99,99,99,99,99,19,0,0,1,0,1