STATE,ST_CASE,VE_TOTAL,VE_FORMS,PVH_INVL,PEDS,PERNOTMVIT,PERMVIT,PERSONS,COUNTY,CITY,DAY,MONTH,YEAR,DAY_WEEK,HOUR,MINUTE,NHS,RUR_URB,FUNC_SYS,RD_OWNER,ROUTE,TWAY_ID,TWAY_ID2,MILEPT,LATITUDE,LONGITUD,SP_JUR,HARM_EV,MAN_COLL,RELJCT1,RELJCT2,TYP_INT,WRK_ZONE,REL_ROAD,LGT_COND,WEATHER1,WEATHER2,WEATHER,SCH_BUS,RAIL,NOT_HOUR,NOT_MIN,ARR_HOUR,ARR_MIN,HOSP_HR,HOSP_MN,CF1,CF2,CF3,FATALS,DRUNK_DR,RANK
48,481055,2,2,0,0,0,2,2,201,0,30,4,2016,7,3,25,1,2,2,98,3,SR-146,,42,29.604,-95.032,0,12,1,1,18,1,0,1,3,10,0,10,0,0,99,99,99,99,99,99,0,0,0,1,0,2
48,481057,2,2,0,0,0,2,2,203,0,30,4,2016,7,8,35,1,1,3,98,2,US-59,,51,32.638,-94.346,0,12,6,0,1,1,0,1,1,10,0,10,0,0,99,98,99,98,88,88,0,0,0,1,1,0
48,481058,2,2,0,0,0,4,4,39,0,1,5,2016,1,14,21,0,1,4,98,3,SR-35,,287,29.223,-95.378,0,12,2,0,1,1,0,1,1,1,0,1,0,0,14,25,14,43,15,8,0,0,0,1,0,1
48,481059,1,1,0,0,0,2,2,59,1400,1,5,2016,1,13,32,1,1,1,1,1,I-20,,77,32.429,-99.585,0,43,0,0,1,1,0,10,1,10,0,10,0,0,13,37,13,40,14,40,0,0,0,1,0,1
48,481062,2,2,0,0,0,5,5,313,0,1,5,2016,1,15,30,1,1,3,98,2,US-190,,135,30.898,-96.145,0,12,2,0,1,1,1,1,1,1,0,1,0,0,15,59,15,59,16,30,0,0,0,1,0,0
48,481063,1,1,0,0,0,1,1,307,0,1,5,2016,1,17,3,0,1,4,98,2,US-190,,53,31.008,-99.519,0,32,0,0,1,1,0,4,1,10,0,10,0,0,99,98,99,98,88,88,0,0,0,1,0,0
48,481064,2,2,0,0,0,3,3,325,0,1,5,2016,1,19,8,0,1,4,98,3,SR-16,,24,29.65,-98.814,0,12,2,0,1,1,0,1,1,1,0,1,0,0,19,13,19,32,20,15,0,0,0,1,0,2
48,481065,1,1,0,1,1,1,1,453,330,1,5,2016,1,3,20,1,2,1,1,1,I-35,,174,30.262,-97.736,0,8,0,0,1,1,0,1,3,1,0,1,0,0,99,98,99,98,88,88,0,0,0,1,0,1
48,481068,2,2,0,0,0,2,2,71,9997,2,5,2016,2,12,58,1,2,3,98,3,SR-146,,62,29.797,-94.906,0,12,1,0,1,1,0,1,1,10,0,10,0,0,12,59,13,5,13,53,3,0,0,1,0,2
48,481070,2,2,0,0,0,2,2,497,0,2,5,2016,2,8,4,1,1,3,98,2,US-380,CR-1110,59,33.231,-97.67,0,12,6,1,2,2,0,1,1,1,0,1,0,0,8,12,8,18,9,15,0,0,0,1,0,0
48,481071,1,1,0,1,1,1,1,5,3330,3,5,2016,3,6,0,1,1,3,98,2,US-69,1ST ST,95,31.279,-94.58,0,8,0,0,2,3,0,1,4,1,0,1,0,0,99,99,99,99,99,99,0,0,0,1,0,0
48,481072,1,1,0,0,0,1,1,201,3280,3,5,2016,3,18,20,1,2,1,1,1,I-45 NORTH FWY,,178,29.781,-95.368,0,18,0,1,5,1,0,10,1,1,0,1,0,0,99,98,99,98,88,88,0,0,0,1,1,0
48,481075,3,3,0,0,0,5,5,161,0,4,5,2016,4,17,17,0,1,4,98,2,US-84,,112,31.647,-96.254,0,12,2,0,1,1,0,2,1,1,0,1,0,0,17,24,17,33,17,54,0,0,0,4,1,0
48,481078,3,3,0,0,0,3,3,25,0,5,5,2016,5,14,33,1,1,3,98,2,US-59,,16,28.508,-97.625,0,12,1,0,1,1,1,1,1,1,0,1,0,0,14,43,15,17,15,49,0,0,0,1,0,0
48,481079,2,2,0,0,0,2,2,113,1730,5,5,2016,5,5,40,1,2,1,1,1,I-635 LBJ FWY,,106,32.926,-96.833,0,12,1,0,1,1,0,1,3,1,0,1,0,0,99,98,99,98,88,88,0,0,0,1,0,1
48,481088,2,2,0,0,0,2,2,457,0,6,5,2016,6,11,10,1,1,3,98,2,US-69,,1,30.669,-94.387,0,12,6,0,8,1,0,1,1,1,0,1,0,0,99,99,99,99,99,99,0,0,0,1,0,0
48,481089,1,1,0,0,0,1,1,459,0,6,5,2016,6,7,40,0,1,4,98,2,US-271,,180,32.646,-94.932,0,42,0,0,1,1,0,4,1,1,0,1,0,0,99,98,99,98,88,88,0,0,0,1,0,0
48,481092,1,1,0,0,0,1,1,201,480,7,5,2016,7,20,8,1,2,2,98,3,SR-146,,136,29.749,-94.986,0,25,0,1,5,1,0,4,2,1,0,1,0,0,20,11,20,19,99,99,0,0,0,1,0,2
48,481096,2,2,0,1,1,2,2,29,6090,8,5,2016,1,23,19,0,1,6,98,3,SR-151,,24,29.455,-98.688,0,8,0,0,1,1,1,1,3,10,0,10,0,0,99,99,99,99,99,99,23,0,0,1,0,2
48,481099,1,1,0,2,2,2,2,85,5730,8,5,2016,1,2,25,1,2,2,98,2,US-75 CENTRAL EXPY,,139,32.995,-96.709,0,8,0,1,18,1,0,1,3,1,0,1,0,0,2,28,2,34,3,1,19,0,0,1,1,1
48,481102,1,1,0,0,0,2,2,21,0,9,5,2016,2,13,37,0,1,4,98,3,SR-95,,54,30.265,-97.327,0,52,0,0,1,1,0,4,1,1,0,1,0,0,99,98,99,98,88,88,0,0,0,2,0,1
48,481103,2,2,0,0,0,2,2,27,3690,9,5,2016,2,19,47,1,2,2,98,2,US-190,,83,31.079,-97.697,0,12,1,0,1,1,1,1,1,1,0,1,0,0,19,50,19,56,20,11,0,0,0,1,0,0
48,481105,1,1,0,0,0,1,1,141,2190,9,5,2016,2,11,14,1,2,1,1,1,I-10,,111,31.841,-106.571,0,57,0,0,1,1,1,3,1,1,0,1,0,0,99,98,99,98,88,88,0,0,0,1,0,1
48,481107,2,2,0,0,0,2,2,361,5100,9,5,2016,2,1,11,1,2,1,1,1,I-10,,204,30.121,-93.782,0,12,6,0,1,1,1,1,3,10,0,10,0,0,99,98,99,98,88,88,0,0,0,1,0,1
48,481113,3,3,0,0,0,4,4,121,5350,17,3,2016,5,7,29,0,1,4,98,2,US-377,,27,33.383,-96.96,0,12,8,0,1,1,0,1,4,10,0,10,0,0,7,33,7,43,8,40,0,0,0,1,0,0
48,481116,2,2,0,0,0,3,3,229,0,12,4,2016,3,8,45,1,2,1,1,1,I-10,,723,31.047,-104.923,0,12,6,0,7,1,0,1,2,1,0,1,0,0,99,99,99,99,99,99,0,0,0,2,0,1
48,481117,1,1,0,0,0,1,1,389,0,19,4,2016,3,16,0,1,1,3,98,2,US-285,,222,31.816,-103.901,0,38,0,0,1,1,0,5,1,1,0,1,0,0,99,98,99,98,88,88,0,0,0,1,0,0
48,481119,1,1,0,0,0,2,2,99,0,25,4,2016,2,13,14,0,1,4,98,3,SR-36,,57,31.557,-97.814,0,32,0,0,1,1,0,4,1,1,0,1,0,0,99,98,99,98,88,88,0,0,0,2,0,1
48,481120,1,1,0,1,1,1,1,261,0,28,4,2016,5,4,40,1,1,3,98,2,US-77,,17,26.904,-97.79,0,8,0,0,7,1,0,1,2,1,0,1,0,0,99,98,99,98,88,88,0,0,0,1,0,0
48,481121,1,1,0,1,1,1,1,355,0,29,4,2016,6,17,35,1,2,3,98,3,SR-44,,81,27.803,-97.711,0,8,0,0,1,1,1,2,1,10,0,10,0,0,99,98,99,98,88,88,4,0,0,1,0,2
48,481124,1,1,0,0,0,2,2,335,0,1,5,2016,1,13,18,1,1,1,1,1,I-20,,307,32.414,-100.708,0,25,0,0,1,1,0,3,1,10,0,10,0,0,99,99,99,99,99,99,0,0,0,1,0,1
48,481129,2,2,0,0,0,5,5,157,0,6,5,2016,6,12,37,1,2,3,98,3,SR-6,,126,29.513,-95.473,0,12,1,0,1,1,0,1,1,1,0,1,0,0,12,26,12,39,13,22,23,0,0,1,0,2
48,481130,2,2,0,0,0,7,7,181,3290,6,5,2016,6,14,47,0,1,4,98,3,SR-5,BLYTHE RD,48,33.465,-96.595,0,12,6,0,2,2,0,1,1,1,0,1,0,0,14,51,15,25,15,56,0,0,0,1,0,1
48,481132,2,2,0,0,0,3,3,281,0,8,5,2016,1,9,45,1,1,3,98,2,US-190,CR-2461,22,31.218,-98.529,0,12,6,0,2,3,0,1,1,10,0,10,0,0,10,10,10,44,11,50,0,0,0,1,1,0
48,481134,1,1,0,0,0,1,1,489,0,9,5,2016,2,17,15,1,1,3,98,2,US-77,,105,26.591,-97.767,0,1,0,0,1,1,0,3,1,1,0,1,0,0,99,98,99,98,88,88,0,0,0,1,0,0
48,481145,2,2,0,0,0,5,5,439,2450,13,5,2016,6,17,45,1,2,1,1,1,I-820,,49,32.741,-97.481,0,12,1,1,18,1,0,1,1,1,0,1,0,0,17,46,17,53,18,31,28,0,0,1,0,1
48,481147,1,1,0,1,1,3,3,471,3340,13,5,2016,6,22,20,0,2,4,98,3,SR-75,DAVID ST,33,30.692,-95.528,0,8,0,0,3,2,0,1,2,1,0,1,0,0,99,99,99,99,99,99,0,0,0,1,0,1
48,481149,1,1,0,1,1,2,2,309,0,14,5,2016,7,22,30,1,1,1,1,1,I-35,,53,31.77,-97.104,0,8,0,0,1,1,0,1,2,1,0,1,0,0,99,99,99,99,99,99,0,0,0,1,0,1
48,481164,3,3,0,0,0,3,3,271,0,9,5,2016,2,4,31,1,1,3,98,2,US-90,,37,29.37,-100.653,0,12,8,0,1,1,1,1,2,1,0,1,0,0,99,99,99,99,99,99,0,0,0,1,0,0
48,481167,2,2,0,0,0,4,4,477,0,14,5,2016,7,17,14,1,1,3,98,2,US-290,,151,30.17,-96.443,0,12,8,0,1,1,0,1,1,2,0,2,0,0,17,9,17,14,17,47,0,0,0,1,0,1
48,481168,1,1,0,1,1,3,3,25,0,18,5,2016,4,0,4,1,1,4,98,2,US-181,,42,28.307,-97.703,0,8,0,0,1,1,0,1,2,10,0,10,0,0,99,98,99,98,88,88,23,0,0,1,0,0
48,481177,1,1,0,0,0,2,2,367,0,30,4,2016,7,20,10,1,1,3,98,3,SR-199,,40,32.979,-97.787,0,1,0,0,1,1,0,4,5,1,0,1,0,0,20,28,20,37,21,31,0,0,0,1,0,2
48,481185,1,1,0,0,0,9,9,37,0,8,5,2016,1,4,5,1,1,1,1,1,I-30,,199,33.476,-94.426,0,1,0,0,1,1,0,1,2,1,0,1,0,0,99,99,99,99,99,99,0,0,0,1,0,1
48,481190,1,1,0,0,0,1,1,175,0,12,5,2016,5,23,32,0,1,4,98,2,US-183,,19,28.77,-97.389,0,32,0,0,1,1,0,4,2,1,0,1,0,0,99,98,99,98,88,88,0,0,0,1,0,0
48,481197,1,1,0,0,0,2,2,55,0,15,5,2016,1,6,23,1,1,3,98,2,US-183,,203,29.748,-97.655,0,42,0,0,1,1,0,4,4,10,0,10,0,0,6,25,6,32,7,2,0,0,0,1,1,0
48,481198,1,1,0,0,0,1,1,289,0,15,5,2016,1,3,9,0,1,4,98,3,SR-7,,40,31.278,-95.915,0,1,0,0,1,1,0,1,2,1,0,1,0,0,99,99,99,99,99,99,0,0,0,1,0,2
48,481200,1,1,0,0,0,1,1,91,4870,16,5,2016,2,3,23,1,2,1,1,1,I-35,,65,29.664,-98.169,0,35,0,0,1,1,0,10,2,2,0,2,0,0,99,99,99,99,99,99,0,0,0,1,0,1
48,481202,2,2,0,0,0,2,2,373,0,17,5,2016,3,10,14,1,1,3,98,2,US-59,,336,30.678,-94.951,0,33,0,0,1,1,0,3,1,10,0,10,0,0,99,99,99,99,88,88,0,0,0,1,0,0
48,481205,1,1,0,0,0,1,1,459,0,18,5,2016,4,2,39,1,1,3,98,2,US-271,,55,32.842,-94.952,0,18,0,0,1,1,0,1,2,1,0,1,0,0,99,98,99,98,88,88,19,0,0,1,0,0
48,481206,1,1,0,0,0,1,1,401,0,19,5,2016,5,15,25,0,1,4,98,2,US-84,,207,31.92,-94.661,0,42,0,0,1,1,0,4,1,2,0,2,0,0,99,98,99,98,88,88,0,0,0,1,0,0
48,481215,1,1,0,0,0,1,1,113,1730,22,5,2016,1,15,20,1,2,1,1,7,I-635 LBJ FWY,,65,32.925,-96.768,0,39,0,0,1,1,0,4,1,10,0,10,0,0,99,99,99,99,99,99,0,0,0,1,0,1
48,481220,1,1,0,0,0,1,1,29,6090,24,5,2016,3,13,25,1,2,2,98,2,US-90,,52,29.378,-98.721,0,32,0,0,1,1,0,4,1,1,0,1,0,0,99,98,99,98,88,88,0,0,0,1,0,0
48,481221,2,2,0,0,0,2,2,439,260,24,5,2016,3,8,7,1,1,1,1,1,I-30,,303,32.759,-97.046,0,24,0,0,1,1,0,4,1,2,0,2,0,0,99,98,99,98,88,88,14,0,0,1,0,1
48,481227,2,1,1,1,2,1,2,201,0,21,5,2016,7,0,1,1,2,1,1,1,I-10,,395,29.771,-95.178,0,18,0,0,1,1,1,2,3,10,0,10,0,0,0,5,0,13,99,99,14,0,0,1,1,1
48,481228,2,1,1,0,0,1,1,297,0,21,5,2016,7,22,41,1,1,3,98,2,US-281,,130,28.485,-98.179,0,14,0,0,1,1,1,5,2,10,0,10,0,0,99,98,99,98,88,88,3,0,0,1,1,0
48,481229,1,1,0,0,0,2,2,361,7200,22,5,2016,1,18,20,1,2,1,1,1,I-10,,67,30.136,-94.004,0,1,0,1,20,1,0,1,1,1,0,1,0,0,99,99,99,99,99,99,0,0,0,1,1,1
48,481233,2,2,0,0,0,3,3,167,1920,25,4,2016,2,16,0,1,2,3,98,3,SR-3,HUGHES RD,71,29.453,-95.04,0,12,6,0,2,2,0,1,1,1,0,1,0,0,16,3,16,9,99,99,0,0,0,1,0,2
48,481235,2,2,0,0,0,4,4,467,0,6,5,2016,6,5,16,0,1,4,98,2,US-80,CR-1913,181,32.678,-95.771,0,12,6,0,2,3,0,1,2,1,0,1,0,0,99,99,99,99,99,99,0,0,0,1,0,1
48,481237,2,2,0,0,0,2,2,187,0,8,5,2016,1,2,40,1,1,4,98,3,SR-123,,6,29.797,-97.945,0,12,8,0,1,1,0,1,2,1,0,1,0,0,99,99,99,99,99,99,0,0,0,1,1,2
48,481238,2,2,0,0,0,7,7,209,0,8,5,2016,1,14,6,1,1,3,98,2,US-290,,105,30.192,-98.072,0,12,11,0,1,1,0,1,1,2,0,2,0,0,14,5,14,11,14,50,0,0,0,5,0,1
48,481243,2,2,0,0,0,3,3,389,0,12,5,2016,5,6,10,1,1,3,98,2,US-285,,395,31.597,-103.613,0,12,2,0,1,1,0,2,2,1,0,1,0,0,99,99,99,99,99,99,0,0,0,1,1,0
48,481248,3,3,0,1,1,2,2,11,0,14,5,2016,7,9,45,1,1,3,98,2,US-287,,88,35.146,-101.466,0,12,1,0,7,1,0,1,1,10,0,10,0,0,9,45,9,57,10,37,0,0,0,1,0,0
48,481249,2,2,0,0,0,3,3,201,3280,14,5,2016,7,1,8,1,2,1,1,7,I-45,TIDWELL RD,302,29.845,-95.392,0,12,6,1,2,2,0,1,3,1,0,1,0,0,1,11,1,21,1,51,20,0,0,1,1,1
48,481250,2,2,0,0,0,3,3,439,260,14,5,2016,7,8,12,1,2,1,1,7,I-30,,271,32.76,-97.102,0,12,1,1,18,1,0,1,1,10,0,10,0,0,99,99,99,99,99,99,0,0,0,1,0,1
48,481252,2,2,0,0,0,2,2,439,2990,16,5,2016,2,10,56,1,2,2,98,3,SR-121,,47,32.79,-97.252,0,12,1,0,1,1,0,1,1,1,0,1,0,0,11,3,11,16,11,32,0,0,0,1,0,2
48,481253,2,2,0,0,0,2,2,471,0,16,5,2016,2,18,20,1,1,1,1,1,I-45,,69,30.608,-95.506,0,57,0,0,1,1,0,3,1,10,0,10,0,0,99,98,99,98,88,88,0,0,0,1,0,1
48,481254,1,1,0,1,1,1,1,167,2570,17,5,2016,3,7,10,1,2,3,98,3,SR-87,,53,29.294,-94.814,0,8,0,0,1,1,0,1,1,1,0,1,0,0,7,10,7,20,7,38,0,0,0,1,0,1
48,481255,1,1,0,1,1,1,1,373,0,17,5,2016,3,21,40,1,2,3,98,2,US-190,,341,30.724,-94.969,0,9,0,0,1,1,0,1,2,1,0,1,0,0,99,99,99,99,99,99,0,0,0,1,0,0
48,481260,2,2,0,0,0,2,2,467,0,19,5,2016,5,11,26,0,1,4,98,3,SR-64,,262,32.439,-95.683,0,12,1,0,1,1,0,2,1,2,0,2,0,0,11,31,11,43,12,30,0,0,0,1,0,2
48,481261,2,2,0,0,0,5,5,29,6090,20,5,2016,6,2,13,1,2,2,98,2,US-281,,62,29.645,-98.452,0,12,7,0,1,1,0,1,3,10,0,10,0,0,99,99,99,99,99,99,0,0,0,1,0,0
48,481262,1,1,0,0,0,1,1,97,2550,20,5,2016,6,15,0,1,1,1,1,1,I-35,,192,33.692,-97.162,0,57,0,0,1,1,0,3,1,1,0,1,0,0,15,7,15,33,16,13,0,0,0,1,0,1
48,481268,2,2,0,0,0,2,2,129,0,21,5,2016,7,9,35,1,1,3,98,2,US-287,,23,34.837,-100.627,0,12,1,0,1,1,0,1,1,5,0,5,0,0,9,37,9,55,11,45,0,0,0,1,0,0
48,481272,2,2,0,0,0,4,4,491,0,21,5,2016,7,5,48,1,2,4,98,3,SR-195,,188,30.736,-97.691,0,12,2,0,1,1,0,1,2,10,0,10,0,0,5,46,5,53,6,26,0,0,0,1,0,1
48,481275,1,1,0,0,0,2,2,233,0,22,5,2016,1,21,14,0,1,4,98,3,SR-152,,26,35.666,-101.353,0,24,0,0,1,1,0,4,2,1,0,1,0,0,21,17,21,23,21,53,0,0,0,2,1,1
48,481277,2,2,0,0,0,4,4,147,0,23,5,2016,2,6,45,0,1,5,98,3,SR-11,,250,33.392,-96.097,0,12,6,0,1,1,0,1,1,2,0,2,0,0,6,57,7,12,8,4,0,0,0,3,0,2
48,481278,5,5,0,0,0,6,6,313,0,23,5,2016,2,13,58,1,1,1,1,1,I-45,,19,30.91,-95.792,0,12,1,0,1,1,0,1,1,1,0,1,0,0,99,99,99,99,99,99,0,0,0,1,0,1
48,481283,1,1,0,1,1,1,1,453,330,25,5,2016,4,23,22,1,2,1,1,1,I-35,,213,30.312,-97.709,0,8,0,0,1,1,0,1,3,10,0,10,0,0,99,98,99,98,88,88,0,0,0,1,0,1
48,481284,2,2,0,0,0,2,2,73,0,26,5,2016,5,13,27,0,1,5,98,3,SR-135,,138,31.99,-95.239,0,12,6,0,1,1,0,1,1,2,0,2,0,0,99,98,99,98,88,88,0,0,0,1,0,1
48,481286,2,1,1,1,1,1,1,161,0,26,5,2016,5,0,56,1,1,1,1,1,I-45,,259,31.813,-96.271,0,8,0,0,1,1,0,1,2,10,0,10,0,0,1,11,1,36,2,45,23,14,0,1,0,1
48,481288,2,2,0,0,0,2,2,329,0,26,5,2016,5,14,48,0,1,4,98,3,SR-349,,175,31.845,-102.034,0,12,2,0,1,1,0,1,1,10,0,10,0,0,14,52,15,2,15,23,0,0,0,1,0,2
48,481290,2,2,0,0,0,5,5,161,0,27,5,2016,6,5,12,1,1,1,1,1,I-45,,69,31.569,-96.142,0,12,2,0,1,1,0,1,2,2,0,2,0,0,5,21,5,40,7,35,0,0,0,2,1,1
48,481292,2,2,0,0,0,3,3,59,0,28,5,2016,7,22,2,1,2,3,98,3,SR-36,,12,32.307,-99.618,0,24,0,0,1,1,1,4,2,10,0,10,0,0,22,10,22,25,23,4,0,0,0,2,2,1
48,481300,2,2,0,0,0,2,2,465,0,18,4,2016,2,23,5,1,1,3,98,2,US-90,,97,29.781,-101.399,0,12,2,0,1,1,0,1,2,2,0,2,0,0,99,98,99,98,88,88,0,0,0,1,0,0
48,481304,2,2,0,0,0,2,2,251,2690,5,5,2016,5,5,48,0,1,5,98,3,SR-171,,47,32.492,-97.581,0,12,2,0,1,1,0,1,2,1,0,1,0,0,99,98,99,98,88,88,0,0,0,1,0,1
48,481305,1,1,0,1,1,1,1,183,0,7,5,2016,7,5,51,0,1,4,98,3,SR-31,,4,32.377,-94.979,0,8,0,0,1,1,0,1,2,1,0,1,0,0,99,98,99,98,88,88,0,0,0,1,0,2
48,481310,1,1,0,1,1,1,1,339,0,15,5,2016,1,1,28,1,2,1,1,1,I-69,,54,30.117,-95.233,0,8,0,0,1,1,0,1,2,1,0,1,0,0,99,99,99,99,99,99,0,0,0,1,0,0
48,481311,2,2,0,0,0,2,2,97,0,20,5,2016,6,15,36,1,1,3,98,2,US-82,,311,33.644,-97.285,0,12,1,0,8,1,0,1,1,1,0,1,0,0,99,98,99,98,88,88,0,0,0,1,0,0
48,481315,1,1,0,0,0,2,2,247,3080,22,5,2016,1,7,25,0,1,4,98,3,SR-16,,14,27.336,-98.676,0,32,0,0,1,1,0,4,1,10,0,10,0,0,99,99,99,99,99,99,0,0,0,1,1,2
48,481316,1,1,0,0,0,10,10,479,0,22,5,2016,1,17,50,1,1,1,1,7,I-35,,257,28.016,-99.363,0,1,0,0,1,1,0,1,1,1,0,1,0,0,18,41,19,13,20,12,20,0,0,1,0,1
48,481318,2,2,0,0,0,2,2,113,2590,23,5,2016,2,22,58,1,2,1,1,1,I-30,,295,32.856,-96.556,0,12,1,1,5,1,0,1,3,1,0,1,0,0,22,59,23,2,23,32,0,0,0,1,0,1
48,481319,2,2,0,0,0,2,2,39,0,25,5,2016,4,15,40,1,2,3,98,3,SR-6,CR-146,97,29.447,-95.297,0,12,6,0,2,2,0,1,1,1,0,1,0,0,15,43,15,50,16,43,0,0,0,1,0,2
48,481320,1,1,0,0,0,1,1,71,0,25,5,2016,4,21,0,0,1,5,98,3,SR-61,,80,29.886,-94.614,0,1,0,0,1,1,0,4,2,10,0,10,0,0,99,98,99,98,88,88,0,0,0,1,0,2
48,481322,1,1,0,0,0,5,5,497,0,26,5,2016,5,9,35,1,1,3,98,2,US-81,,43,33.394,-97.728,0,42,0,0,1,1,0,4,1,2,0,2,0,0,9,36,9,49,10,37,0,0,0,1,0,0
48,481323,2,2,0,0,0,6,6,143,0,27,5,2016,6,14,3,1,1,3,98,2,US-67,FM 219,3,32.096,-98.339,0,12,6,0,2,2,0,1,1,1,0,1,0,0,14,13,14,43,15,31,0,0,0,1,0,0
48,481325,2,2,0,0,0,4,4,321,0,27,5,2016,6,7,27,0,1,4,98,3,SR-35,FM 1728,45,29.063,-95.84,0,12,6,0,2,3,0,1,1,10,0,10,0,0,99,99,99,99,99,99,0,0,0,1,0,1
48,481326,1,1,0,0,0,1,1,471,0,27,5,2016,6,2,25,1,1,3,98,2,US-190,,159,30.737,-95.343,0,42,0,0,1,1,0,4,2,2,0,2,0,0,2,29,2,49,3,43,0,0,0,1,0,0
48,481327,1,1,0,0,0,1,1,15,0,28,5,2016,7,20,45,1,1,3,98,3,SR-36,,159,29.898,-96.219,0,11,0,0,1,1,0,1,2,10,0,10,0,0,99,99,99,99,99,99,0,0,0,1,0,1
48,481328,3,3,0,0,0,3,3,29,6090,28,5,2016,7,0,30,1,2,1,1,1,I-35,,343,29.534,-98.388,0,12,7,1,18,1,0,1,3,10,0,10,0,0,99,99,99,99,88,88,0,0,0,1,1,1
48,481330,2,2,0,0,0,2,2,401,0,28,5,2016,7,2,45,1,1,3,98,2,US-259,,67,32.355,-94.855,0,12,2,0,1,1,0,1,2,1,0,1,0,0,99,99,99,99,99,99,0,0,0,1,0,0
48,481331,2,2,0,1,1,9,9,177,0,29,5,2016,1,22,54,1,1,3,98,2,US-87,,61,29.274,-97.691,0,8,0,0,1,1,0,1,2,1,0,1,0,0,99,98,99,98,88,88,0,0,0,1,0,1
48,481333,2,2,0,0,0,2,2,215,0,29,5,2016,1,12,39,1,2,3,98,3,SR-107,,227,26.294,-98.117,0,12,6,0,1,1,0,1,1,1,0,1,0,0,99,98,99,98,88,88,0,0,0,1,0,2
48,481335,1,1,0,1,1,8,8,257,2430,29,5,2016,1,22,30,1,2,2,98,2,US-80,,22,32.767,-96.486,0,8,0,0,1,1,0,1,2,10,0,10,0,0,99,98,99,98,88,88,0,0,0,1,0,1
48,481337,2,2,0,0,0,8,8,297,0,29,5,2016,1,12,53,1,1,3,98,2,US-59,FM 624,291,28.105,-98.325,0,12,6,0,2,2,0,1,1,10,0,10,0,0,99,99,99,99,99,99,0,0,0,1,0,0
48,481342,3,3,0,0,0,3,3,135,0,31,5,2016,3,12,13,1,2,3,98,2,US-385,SL338,141,31.96,-102.41,0,12,6,0,2,2,0,1,1,1,0,1,0,0,12,21,12,27,12,47,0,0,0,1,0,0
48,481357,2,2,0,0,0,3,3,29,6090,22,4,2016,6,12,59,1,2,2,98,7,US-90,SL1604,64,29.384,-98.701,0,12,2,1,2,2,0,1,1,1,0,1,0,0,99,99,99,99,99,99,0,0,0,1,0,0
48,481358,1,1,0,0,0,1,1,113,2590,20,5,2016,6,1,13,1,2,1,1,1,I-635 LBJ FWY,,124,32.865,-96.663,0,52,0,1,19,1,0,10,2,10,0,10,0,0,99,98,99,98,88,88,0,0,0,1,1,1
48,481359,2,2,0,0,0,4,4,353,0,25,5,2016,4,14,50,0,1,4,98,3,SR-70,,127,32.314,-100.344,0,12,2,0,1,1,0,1,1,1,0,1,0,0,99,99,99,99,99,99,0,0,0,1,0,1
48,481360,1,1,0,0,0,2,2,239,0,28,5,2016,7,1,38,1,1,3,98,2,US-59,,159,28.94,-96.723,0,1,0,0,1,1,0,4,2,10,0,10,0,0,99,99,99,99,99,99,0,0,0,1,1,0
48,481361,4,4,0,0,0,6,6,201,3320,29,5,2016,1,22,24,1,2,1,1,1,I-69,,22,30.016,-95.263,0,12,1,0,1,1,0,1,3,1,0,1,0,0,22,35,22,48,23,22,14,0,0,1,1,0
48,481365,1,1,0,0,0,1,1,113,2590,3,6,2016,6,21,47,1,2,1,1,7,I-30,SR-190/GEORGE BUSH HWY,294,32.857,-96.554,0,25,0,1,3,3,0,4,3,1,0,1,0,0,21,47,21,51,22,17,0,0,0,1,1,1
48,481367,2,2,0,0,0,3,3,339,0,4,6,2016,7,20,20,1,1,3,98,3,SR-105,,100,30.383,-95.655,0,12,6,0,8,1,0,1,2,10,0,10,0,0,99,99,99,99,99,99,0,0,0,2,1,2
48,481369,1,1,0,0,0,4,4,331,0,5,6,2016,1,21,46,1,1,3,98,2,US-79,,30,30.804,-96.696,0,59,0,0,1,1,0,4,2,1,0,1,0,0,99,99,99,99,99,99,0,0,0,1,0,0
48,481373,2,2,0,0,0,4,4,423,0,28,5,2016,7,1,30,1,1,1,1,1,I-20,,12,32.496,-95.572,0,12,1,0,1,1,0,1,2,1,0,1,0,0,99,98,99,98,88,88,0,0,0,2,0,1
48,481376,1,1,0,1,1,3,3,113,2590,7,6,2016,3,22,20,1,2,1,1,1,I-30,,268,32.84,-96.597,0,8,0,1,18,1,0,1,3,1,0,1,0,0,22,20,22,29,88,88,0,0,0,1,0,1
48,481380,1,1,0,0,0,52,52,479,0,14,5,2016,7,11,21,1,1,3,98,2,US-83,,46,28.139,-99.596,0,1,0,0,1,1,0,4,1,2,0,2,0,0,11,58,12,38,13,38,0,0,0,9,0,1
48,481384,2,2,0,0,0,3,3,435,0,26,5,2016,5,14,58,1,1,1,1,1,I-10,,400,30.451,-100.175,0,12,1,0,1,1,0,1,1,1,0,1,0,0,15,8,15,54,16,30,0,0,0,1,0,1
48,481385,3,3,0,0,0,4,4,21,460,27,5,2016,6,11,50,1,2,3,98,3,SR-71,TAHITIAN DR/LOOP 150,162,30.102,-97.284,0,12,6,0,2,3,1,1,1,2,0,2,0,0,99,98,99,98,88,88,0,0,0,1,0,2