STATE,ST_CASE,VE_TOTAL,VE_FORMS,PVH_INVL,PEDS,PERNOTMVIT,PERMVIT,PERSONS,COUNTY,CITY,DAY,MONTH,YEAR,DAY_WEEK,HOUR,MINUTE,NHS,RUR_URB,FUNC_SYS,RD_OWNER,ROUTE,TWAY_ID,TWAY_ID2,MILEPT,LATITUDE,LONGITUD,SP_JUR,HARM_EV,MAN_COLL,RELJCT1,RELJCT2,TYP_INT,WRK_ZONE,REL_ROAD,LGT_COND,WEATHER1,WEATHER2,WEATHER,SCH_BUS,RAIL,NOT_HOUR,NOT_MIN,ARR_HOUR,ARR_MIN,HOSP_HR,HOSP_MN,CF1,CF2,CF3,FATALS,DRUNK_DR,RANK
48,481391,2,2,0,0,0,3,3,231,0,3,6,2016,6,9,19,0,1,4,98,2,US-69,CR-1180,19,33.27,-96.186,0,12,6,0,2,3,0,1,1,10,0,10,0,0,9,15,9,31,9,52,0,0,0,2,0,0
48,481392,2,2,0,0,0,5,5,459,0,3,6,2016,6,23,2,0,1,5,98,3,SR-154,,57,32.746,-95.057,0,12,2,0,1,1,0,1,2,10,0,10,0,0,23,2,23,11,0,10,0,0,0,2,1,2
48,481393,2,2,0,1,1,2,2,453,0,4,6,2016,7,4,29,1,2,1,1,1,I-35,,10,30.449,-97.667,0,8,0,0,1,1,0,1,3,10,0,10,0,0,99,98,99,98,88,88,0,0,0,1,0,1
48,481394,2,2,0,0,0,5,5,223,0,5,6,2016,1,6,37,1,1,3,98,3,SR-19,,55,33.276,-95.585,1,59,0,0,1,1,0,4,1,1,0,1,0,0,6,39,6,49,7,33,0,0,0,1,0,2
48,481395,1,1,0,0,0,3,3,225,0,5,6,2016,1,15,30,0,1,4,98,3,SR-7,,59,31.293,-95.573,0,59,0,0,1,1,0,4,1,1,0,1,0,0,99,99,99,99,99,99,0,0,0,1,0,2
48,481397,2,2,0,0,0,4,4,343,0,6,6,2016,2,14,6,0,1,4,98,2,US-259,CR-4200,155,33.094,-94.707,0,12,6,0,2,3,0,1,1,1,0,1,0,0,99,99,99,99,99,99,0,0,0,1,0,0
48,481398,1,1,0,0,0,2,2,1,1223,7,6,2016,3,1,20,0,1,4,98,2,US-287,,46,31.958,-95.983,0,42,0,0,1,1,0,4,2,10,0,10,0,0,99,99,99,99,99,99,0,0,0,1,0,0
48,481401,4,4,0,0,0,4,4,471,0,8,6,2016,4,19,20,0,1,4,98,3,SR-30,,119,30.696,-95.642,0,12,8,0,1,1,0,1,1,1,0,1,0,0,19,40,20,2,20,53,0,0,0,1,0,1
48,481402,2,2,0,0,0,2,2,15,0,9,6,2016,5,13,52,1,1,1,1,1,I-10,,141,29.773,-96.07,0,12,6,0,1,1,0,1,1,10,0,10,0,0,99,98,99,98,88,88,0,0,0,1,0,1
48,481408,3,3,0,0,0,5,5,347,0,10,6,2016,6,18,5,1,1,3,98,2,US-59,FM2864,132,31.709,-94.634,0,12,6,0,2,3,0,1,1,1,0,1,0,0,18,0,18,7,18,30,0,0,0,1,0,0
48,481412,1,1,0,0,0,1,1,329,4560,11,6,2016,7,22,26,1,2,1,1,7,I-20,,120,31.964,-102.111,0,1,0,0,1,1,0,10,2,1,0,1,0,0,99,98,99,98,88,88,0,0,0,1,1,1
48,481415,1,1,0,0,0,1,1,439,2450,13,6,2016,2,0,56,1,2,1,1,1,I-820,,323,32.72,-97.225,0,24,0,0,1,1,0,4,3,1,0,1,0,0,99,98,99,98,88,88,0,0,0,1,1,1
48,481416,1,1,0,0,0,1,1,459,0,13,6,2016,2,11,35,0,1,4,98,2,US-259,,162,32.684,-94.75,0,42,0,0,1,1,0,4,1,2,0,2,0,0,99,98,99,98,88,88,0,0,0,1,1,0
48,481418,1,1,0,0,0,5,5,453,4290,8,5,2016,1,13,55,1,1,3,98,2,US-290,,152,30.352,-97.464,0,1,0,0,1,1,0,3,1,2,0,2,0,0,13,54,14,8,14,31,0,0,0,2,0,1
48,481421,1,1,0,0,0,1,1,113,3880,22,5,2016,1,8,0,1,2,1,1,1,I-20,,151,32.642,-96.803,0,1,0,1,19,1,0,10,1,10,0,10,0,0,8,1,8,6,8,24,0,0,0,1,0,1
48,481425,2,2,0,0,0,3,3,39,4306,5,6,2016,1,1,50,1,2,2,98,3,SR-288,,59,29.515,-95.387,0,12,2,0,1,1,0,1,3,1,0,1,0,0,1,58,2,9,2,47,0,0,0,2,0,1
48,481428,1,1,0,1,1,1,1,139,7270,7,6,2016,3,21,45,0,2,4,98,2,US-77,,300,32.351,-96.854,0,8,0,0,1,1,0,1,2,1,0,1,0,0,99,98,99,98,88,88,0,0,0,1,0,0
48,481429,3,3,0,0,0,5,5,321,0,7,6,2016,3,14,21,0,1,5,98,3,SR-60,FM 521,236,28.814,-95.933,0,12,1,0,2,3,0,1,1,2,0,2,0,0,99,99,99,99,99,99,0,0,0,1,0,2
48,481432,2,2,0,0,0,2,2,491,0,11,6,2016,7,3,25,1,2,4,98,3,SR-195,,199,30.727,-97.675,0,12,2,0,1,1,0,1,2,1,0,1,0,0,99,98,99,98,88,88,0,0,0,2,1,1
48,481436,1,1,0,0,0,1,1,29,0,16,6,2016,5,2,36,1,1,3,98,2,US-281,,38,29.68,-98.454,0,42,0,0,1,1,0,4,3,1,0,1,0,0,99,98,99,98,88,88,0,0,0,1,0,0
48,481437,1,1,0,0,0,3,3,265,0,10,6,2016,6,13,51,1,1,1,1,1,I-10,,314,29.993,-98.932,0,1,0,0,1,1,0,4,1,10,0,10,0,0,14,22,14,44,15,16,0,0,0,1,0,1
48,481443,2,2,0,0,0,3,3,85,0,5,6,2016,1,21,11,0,1,4,98,3,SR-78,,218,33.101,-96.411,0,12,2,0,1,1,1,1,2,1,0,1,0,0,99,99,99,99,99,99,0,0,0,2,2,1
48,481444,2,2,0,0,0,2,2,423,7070,7,6,2016,3,4,50,1,1,3,98,3,SR-31,,46,32.331,-95.394,0,12,6,0,7,1,0,1,2,1,0,1,0,0,4,54,5,3,5,58,0,0,0,1,0,2
48,481447,2,2,0,0,0,5,5,225,0,13,6,2016,2,5,55,0,1,4,98,2,US-287,,211,31.562,-95.491,0,12,6,0,1,1,0,1,4,2,0,2,0,0,6,5,6,9,99,99,0,0,0,1,0,0
48,481453,2,2,0,0,0,2,2,113,7520,16,4,2016,7,3,16,1,2,1,1,1,I-45,,37,32.598,-96.683,0,25,0,0,1,1,0,3,2,10,0,10,0,0,99,98,99,98,88,88,0,0,0,1,1,1
48,481458,6,6,0,0,0,12,12,113,1730,21,5,2016,7,16,55,1,2,1,1,1,I-635 LBJ FWY,,92,32.926,-96.814,0,12,6,1,18,1,0,1,1,10,0,10,0,0,99,99,99,99,88,88,14,0,0,1,1,1
48,481459,12,12,0,0,0,18,18,141,2190,23,5,2016,2,18,11,1,2,1,1,1,I-10,,140,31.815,-106.549,0,12,6,1,18,1,0,1,1,1,0,1,0,0,18,13,18,20,18,49,0,0,0,2,0,1
48,481463,1,1,0,1,1,1,1,375,150,5,6,2016,1,4,40,1,2,1,1,7,I-40,ALICE ST,149,35.191,-101.9,0,8,0,0,2,3,0,1,2,1,0,1,0,0,99,99,99,99,99,99,0,0,0,1,0,1
48,481464,2,2,0,0,0,6,6,49,0,6,6,2016,2,20,11,1,1,3,98,2,US-84,,235,31.721,-98.894,0,12,2,0,1,1,0,2,5,1,0,1,0,0,99,99,99,99,99,99,0,0,0,2,0,0
48,481467,2,2,0,0,0,2,2,423,0,8,6,2016,4,12,58,1,1,1,1,7,I-20,US-271,275,32.441,-95.133,0,12,6,1,2,2,0,1,1,1,0,1,0,0,12,58,13,7,13,57,0,0,0,1,0,1
48,481469,3,3,0,0,0,4,4,217,0,9,6,2016,5,13,30,0,1,5,98,3,SR-171,,64,31.956,-96.988,0,12,2,0,1,1,0,1,1,1,0,1,0,0,13,37,13,52,14,34,0,0,0,2,0,1
48,481475,2,2,0,0,0,5,5,293,0,11,6,2016,7,13,41,0,1,4,98,2,US-84,CR-300,16,31.644,-96.859,0,12,6,0,2,3,0,1,1,1,0,1,0,0,13,41,14,15,14,47,0,0,0,1,0,0
48,481478,1,1,0,1,1,1,1,201,0,12,6,2016,1,23,55,1,2,3,98,3,SR-6,,12,29.914,-95.621,0,8,0,1,18,1,0,1,2,1,0,1,0,0,0,2,0,6,0,32,0,0,0,1,0,2
48,481479,2,2,0,0,0,3,3,387,0,12,6,2016,1,14,26,1,1,3,98,2,US-82,,122,33.614,-95.12,0,12,6,0,1,1,0,1,1,2,0,2,0,0,99,99,99,99,99,99,0,0,0,2,0,0
48,481488,1,1,0,1,1,1,1,213,2938,15,6,2016,4,22,53,0,2,5,98,3,SR-198,,23,32.311,-96.112,0,8,0,0,1,1,0,1,2,1,0,1,0,0,99,98,99,98,88,88,0,0,0,1,0,1
48,481491,2,2,0,0,0,2,2,121,9997,16,6,2016,5,15,11,0,1,4,98,2,US-377,,99,33.282,-96.986,0,12,6,0,8,1,0,1,1,1,0,1,0,0,15,13,15,20,16,3,0,0,0,1,0,0
48,481494,2,2,0,0,0,2,2,291,0,16,6,2016,5,6,27,0,1,4,98,2,US-90,FM1413,27,29.988,-94.966,0,12,6,0,2,2,0,1,1,1,0,1,0,0,6,38,6,55,7,20,0,0,0,1,0,0
48,481495,1,1,0,1,1,1,1,423,0,16,6,2016,5,3,20,1,1,1,1,1,I-20,,301,32.439,-95.091,0,8,0,0,1,1,0,1,2,10,0,10,0,0,99,98,99,98,88,88,0,0,0,1,0,1
48,481498,3,3,0,0,0,8,8,37,6850,18,6,2016,7,14,26,1,2,1,1,1,I-30,,371,33.455,-94.134,0,12,1,0,1,1,0,1,1,1,0,1,0,0,14,28,14,33,14,53,19,0,0,2,0,1
48,481499,1,1,0,0,0,2,2,201,3280,18,6,2016,7,2,46,1,2,1,1,7,I-20,,118,29.784,-95.627,0,25,0,0,1,1,0,10,3,1,0,1,0,0,2,46,2,50,3,7,0,0,0,1,1,1
48,481501,2,2,0,0,0,2,2,41,970,20,6,2016,2,18,20,1,2,3,98,3,SR-47,,63,30.594,-96.391,0,12,1,1,18,1,0,1,1,10,0,10,0,0,18,22,18,29,18,48,0,0,0,1,0,2
48,481504,1,1,0,0,0,1,1,201,9997,6,5,2016,6,2,53,1,2,2,98,3,SR-288,,112,29.596,-95.386,0,30,0,0,1,1,0,4,3,1,0,1,0,0,99,98,99,98,88,88,0,0,0,1,0,1
48,481506,3,2,1,0,0,4,4,201,0,8,6,2016,4,23,49,1,2,1,1,1,I-45,SR-99,476,30.093,-95.436,0,46,0,1,3,2,1,4,3,1,0,1,0,0,23,50,0,1,0,20,0,0,0,1,1,1
48,481508,1,1,0,0,0,1,1,343,0,12,6,2016,1,12,25,0,1,4,98,2,US-259,,139,33.116,-94.698,0,1,0,1,19,1,0,4,1,10,0,10,0,0,99,99,99,99,99,99,0,0,0,1,0,0
48,481509,5,5,0,1,1,7,7,141,2190,16,6,2016,5,22,12,1,2,1,1,1,I-10,,194,31.759,-106.499,0,8,0,0,1,1,0,1,3,1,0,1,0,0,99,98,99,98,88,88,0,0,0,1,0,1
48,481510,2,1,1,1,1,1,1,113,1730,19,6,2016,1,3,25,1,2,2,98,2,US-75 CENTRAL EXPY,,131,32.815,-96.79,0,14,0,0,1,1,0,2,3,10,0,10,0,0,99,98,99,98,88,88,23,0,0,1,1,1
48,481514,1,1,0,1,1,1,1,439,2450,19,6,2016,1,1,41,1,2,1,1,1,I-20,,102,32.669,-97.313,0,8,0,0,1,1,0,1,3,1,0,1,0,0,1,39,2,27,88,88,19,0,0,1,0,1
48,481519,2,2,0,0,0,4,4,147,7010,22,1,2016,6,17,30,1,1,3,98,3,SR-121,,142,33.444,-96.313,0,12,6,0,8,1,0,1,1,1,0,1,0,0,17,32,17,44,18,40,0,0,0,2,0,2
48,481521,1,1,0,0,0,1,1,201,3280,5,3,2016,7,10,0,1,2,1,1,1,I-45 NORTH FWY,,289,29.829,-95.381,0,1,0,0,1,1,0,1,1,1,0,1,0,0,10,10,10,20,11,4,0,0,0,1,0,0
48,481524,1,1,0,0,0,3,3,155,0,22,5,2016,1,4,25,0,1,6,98,3,SR-6,,88,33.865,-99.774,0,1,0,0,1,1,0,4,2,1,0,1,0,0,4,40,4,51,5,46,0,0,0,1,0,2
48,481525,4,4,0,0,0,6,6,209,3760,22,5,2016,1,0,49,1,2,1,1,7,I-35,,192,30.032,-97.847,0,1,0,0,1,1,0,10,3,1,0,1,0,0,0,56,1,2,1,42,0,0,0,1,1,1
48,481526,1,1,0,1,1,1,1,215,0,30,5,2016,2,21,41,1,2,3,98,3,SR-107,,233,26.293,-98.107,0,8,0,0,1,1,0,1,3,1,0,1,0,0,99,98,99,98,88,88,0,0,0,1,0,2
48,481531,2,2,0,0,0,5,5,299,0,8,6,2016,4,5,10,0,1,4,98,3,SR-29,SR-71,149,30.769,-98.721,0,12,6,0,2,3,0,1,3,1,0,1,0,0,5,24,5,54,6,45,0,0,0,2,0,2
48,481533,2,2,0,0,0,3,3,323,0,8,6,2016,4,15,10,1,1,3,98,2,US-277,SR-131,173,28.864,-100.546,0,12,6,0,2,3,0,1,1,1,0,1,0,0,99,99,99,99,99,99,0,0,0,1,0,0
48,481534,2,2,0,0,0,3,3,361,0,8,6,2016,4,8,25,0,1,4,98,3,SR-62,NORTHRIDGE DRIVE,32,30.232,-93.888,0,12,1,0,3,3,0,1,1,1,0,1,0,0,99,98,99,98,88,88,0,0,0,1,0,0
48,481536,2,2,0,0,0,3,3,325,0,10,6,2016,6,14,15,0,1,4,98,3,SR-173,,143,29.441,-99.117,0,12,6,0,1,1,0,1,1,1,0,1,0,0,14,21,14,32,16,19,0,0,0,1,0,2
48,481538,1,1,0,0,0,1,1,353,6720,11,6,2016,7,0,7,1,1,1,1,1,I-20,,125,32.453,-100.464,0,52,0,1,19,1,0,3,3,1,0,1,0,0,99,98,99,98,88,88,0,0,0,1,1,1
48,481540,3,3,0,0,0,7,7,427,2246,12,6,2016,1,17,58,1,1,3,98,2,US-83,,203,26.41,-98.96,0,12,2,0,1,1,0,1,1,1,0,1,0,0,18,7,18,32,19,14,0,0,0,2,1,0
48,481542,2,2,0,0,0,2,2,39,0,14,6,2016,3,12,30,1,2,3,98,3,SR-6,CR-146,97,29.447,-95.297,0,12,1,0,2,2,0,1,1,1,0,1,0,0,12,33,12,39,13,20,0,0,0,1,0,2
48,481543,4,4,0,0,0,6,6,65,0,15,6,2016,4,20,45,1,1,1,1,1,I-40,,136,35.219,-101.389,0,12,1,0,1,1,0,1,1,7,0,7,0,0,20,45,21,5,22,15,19,23,0,1,0,1
48,481545,3,3,0,0,0,6,6,291,0,17,6,2016,6,7,22,1,1,3,98,3,SR-105,,182,30.247,-94.734,0,12,8,0,1,1,0,1,1,1,0,1,0,0,8,19,8,38,9,14,0,0,0,2,0,2
48,481554,1,1,0,0,0,2,2,423,0,20,6,2016,2,2,5,0,1,4,98,3,SR-31,,160,32.359,-95.19,0,1,0,0,1,1,0,4,2,10,0,10,0,0,2,8,2,15,3,23,0,0,0,1,0,2
48,481556,2,1,1,0,4,1,5,71,0,21,6,2016,3,1,20,1,1,1,1,1,I-20,,99,29.831,-94.489,0,14,0,0,1,1,0,2,2,1,0,1,0,0,1,26,1,39,2,39,23,0,0,2,0,1
48,481557,2,2,0,0,0,2,2,223,0,21,6,2016,3,9,36,0,1,4,98,3,SR-11,,168,33.075,-95.529,0,12,1,0,8,1,0,1,1,10,0,10,0,0,99,98,99,98,88,88,0,0,0,1,0,2
48,481562,3,3,0,0,0,4,4,205,0,22,6,2016,4,8,12,0,1,4,98,2,US-385,,22,35.666,-102.336,0,12,1,0,1,1,1,1,1,1,0,1,0,0,99,99,99,99,99,99,26,0,0,1,0,0
48,481563,2,2,0,0,0,3,3,347,0,22,6,2016,4,13,25,1,1,3,98,2,US-259,,91,31.713,-94.678,0,12,2,0,1,1,0,1,1,1,0,1,0,0,99,99,99,99,99,99,0,0,0,1,0,0
48,481570,2,2,0,0,0,3,3,21,0,26,6,2016,1,1,45,0,1,4,98,3,SR-95,,45,30.275,-97.2,0,12,1,0,1,1,2,1,2,1,0,1,0,0,99,99,99,99,88,88,0,0,0,2,1,1
48,481573,1,1,0,0,0,1,1,203,0,26,6,2016,1,15,4,0,1,5,98,3,SR-154,,152,32.607,-94.493,0,42,0,0,1,1,0,4,1,1,0,1,0,0,99,98,99,98,88,88,0,0,0,1,0,2
48,481586,2,2,0,0,0,2,2,29,6090,29,6,2016,4,19,46,1,2,1,1,7,I-10,COLONIAL SQUARE,165,29.532,-98.564,0,12,6,0,2,3,0,1,1,1,0,1,0,0,99,98,99,98,88,88,0,0,0,1,0,1
48,481588,2,1,1,1,1,1,1,29,6090,18,6,2016,7,17,29,1,2,1,1,1,I-35,,206,29.407,-98.51,0,8,0,0,1,1,0,3,1,1,0,1,0,0,99,98,99,98,88,88,23,0,0,1,0,1
48,481590,1,1,0,1,1,2,2,479,3899,17,2,2016,4,19,40,1,2,3,98,2,US-83,NAPOLEON ST,24,27.485,-99.472,0,8,0,0,3,3,0,1,3,1,0,1,0,0,99,98,99,98,88,88,0,0,0,1,0,0
48,481593,1,1,0,0,0,1,1,477,0,26,5,2016,5,17,30,1,1,3,98,3,SR-105,,202,30.22,-96.303,0,3,0,0,1,1,0,1,1,2,0,2,0,0,99,98,99,98,88,88,5,0,0,1,0,2
48,481603,1,1,0,0,0,1,1,119,0,14,6,2016,3,17,35,1,1,3,98,3,SR-24,,167,33.32,-95.804,0,1,0,0,1,1,1,1,1,1,0,1,0,0,17,55,18,18,19,5,3,0,0,1,0,2
48,481606,1,1,0,0,0,1,1,1,0,17,6,2016,6,14,18,0,1,4,98,3,SR-155,,169,31.848,-95.585,0,1,0,0,1,1,0,4,1,1,0,1,0,0,99,99,99,99,99,99,0,0,0,1,0,1
48,481607,2,2,0,0,0,5,5,203,0,18,6,2016,7,16,6,0,1,4,98,3,SR-43,,277,32.402,-94.44,0,12,6,0,1,1,0,1,1,2,0,2,0,0,16,21,16,30,16,55,0,0,0,3,0,2
48,481609,2,2,0,0,0,7,7,321,0,18,6,2016,7,18,57,0,1,4,98,3,SR-35,CR-323/HARRISON,393,28.757,-96.21,0,12,6,0,2,2,0,1,1,10,0,10,0,0,99,99,99,99,99,99,0,0,0,1,0,1
48,481611,2,2,0,0,0,6,6,187,3698,19,6,2016,1,9,15,0,1,5,98,2,US-90,GANDER SLOUGH RD,191,29.66,-97.715,0,12,6,0,3,3,0,1,1,1,0,1,0,0,99,99,99,99,99,99,0,0,0,3,0,0
48,481613,1,1,0,0,0,4,4,33,0,21,6,2016,3,10,37,0,1,4,98,2,US-180,,264,32.756,-101.243,0,1,0,0,1,1,0,4,1,1,0,1,0,0,99,99,99,99,99,99,0,0,0,1,0,0
48,481619,2,2,0,0,0,2,2,29,6090,24,6,2016,6,3,27,1,2,2,98,2,US-90,,45,29.408,-98.588,0,12,2,0,1,1,0,1,3,1,0,1,0,0,99,99,99,99,99,99,0,0,0,2,0,0
48,481620,2,2,0,0,0,2,2,367,0,24,6,2016,6,14,0,1,1,1,1,1,I-20,,76,32.701,-97.96,0,52,0,0,1,1,0,3,1,1,0,1,0,0,99,98,99,98,88,88,0,0,0,1,0,1
48,481623,2,2,0,0,0,6,6,171,0,25,6,2016,7,20,57,0,1,5,98,3,SR-16,,58,30.221,-98.936,0,12,6,0,1,1,0,1,2,2,0,2,0,0,20,38,20,49,21,40,0,0,0,1,0,2
48,481625,2,2,0,0,0,2,2,143,0,26,6,2016,1,1,45,0,1,4,98,2,US-281,,117,32.367,-98.175,0,12,2,0,1,1,0,2,2,1,0,1,0,0,99,98,99,98,88,88,0,0,0,2,2,0
48,481634,1,1,0,1,1,1,1,471,3340,1,7,2016,6,12,7,1,2,3,98,2,US-190,,211,30.722,-95.534,0,9,0,0,1,1,0,1,1,1,0,1,0,0,99,98,99,98,88,88,0,0,0,1,0,0
48,481641,2,2,0,0,0,2,2,491,330,4,7,2016,2,22,15,1,2,2,98,7,US-183,,292,30.44,-97.779,0,12,98,0,1,1,0,1,3,1,0,1,0,0,99,98,99,98,88,88,0,0,0,1,1,0
48,481642,2,2,0,0,0,4,4,229,0,11,6,2016,7,13,45,1,1,1,1,1,I-10,,583,31.115,-105.155,0,12,1,0,1,1,0,1,1,1,0,1,0,0,99,99,99,99,99,99,0,0,0,1,1,1
48,481645,1,1,0,0,0,1,1,113,2590,25,6,2016,7,1,59,1,2,1,1,1,I-635 LBJ FWY,,130,32.869,-96.67,0,24,0,1,19,1,0,10,3,1,0,1,0,0,2,7,2,17,2,38,0,0,0,1,1,1
48,481647,1,1,0,0,0,1,1,325,0,2,7,2016,7,16,12,1,1,3,98,2,US-90,,6,29.352,-99.003,0,52,0,0,1,1,0,3,1,1,0,1,0,0,99,98,99,98,88,88,0,0,0,1,1,0
48,481648,1,1,0,0,0,1,1,371,0,2,7,2016,7,4,0,1,1,3,98,2,US-67,,151,30.733,-103.188,0,32,0,0,1,1,0,4,2,1,0,1,0,0,99,98,99,98,88,88,0,0,0,1,0,0
48,481651,2,2,0,1,1,2,2,397,9997,1,1,2016,6,5,24,1,2,1,1,1,I-30,,12,32.877,-96.516,0,8,0,0,1,1,0,1,2,1,0,1,0,0,99,99,99,99,99,99,19,0,0,1,0,1
48,481652,1,1,0,0,0,3,3,27,3230,9,4,2016,7,1,14,0,1,4,98,3,SR-95,ANTONE ST,75,30.888,-97.396,0,18,0,0,1,1,0,1,2,1,0,1,0,0,1,22,1,53,3,36,20,0,0,1,1,1
48,481656,2,1,1,0,1,1,2,339,1510,15,6,2016,4,10,50,1,2,1,1,1,I-45,,104,30.259,-95.457,0,14,0,0,1,1,0,2,1,1,0,1,0,0,99,99,99,99,99,99,0,0,0,1,0,1
48,481657,1,1,0,0,0,1,1,157,0,16,6,2016,5,9,51,1,1,3,98,2,US-59,,213,29.487,-95.929,0,25,0,0,1,1,1,10,1,1,0,1,0,0,9,51,10,2,10,59,0,0,0,1,0,0
48,481658,2,2,0,0,0,2,2,205,0,17,6,2016,6,2,59,1,1,3,98,2,US-54,,120,35.765,-102.875,0,12,8,0,1,1,0,1,2,1,0,1,0,0,99,98,99,98,88,88,0,0,0,1,0,0
48,481659,1,1,0,0,0,2,2,299,0,19,6,2016,1,7,9,0,1,4,98,3,SR-29,,40,30.743,-98.897,0,52,0,0,1,1,0,4,1,10,0,10,0,0,7,58,8,10,8,34,0,0,0,1,0,2
48,481661,1,1,0,1,1,1,1,491,3478,21,6,2016,3,2,3,1,1,1,1,1,I-35,,261,30.838,-97.598,0,18,0,0,1,1,0,1,2,1,0,1,0,0,2,20,2,48,3,26,19,0,0,1,0,1
48,481663,2,2,0,0,0,2,2,201,3280,25,6,2016,7,5,46,1,2,2,98,2,US-90,,32,29.78,-95.252,0,12,1,1,18,1,0,1,4,10,0,10,0,0,99,98,99,98,88,88,0,0,0,1,0,0
48,481666,1,1,0,0,0,3,3,105,0,26,6,2016,1,9,30,1,1,1,1,1,I-10,,153,30.731,-101.579,0,1,0,0,1,1,0,4,1,1,0,1,0,0,99,99,99,99,99,99,0,0,0,1,0,1
48,481669,2,2,0,0,0,6,6,3,0,27,6,2016,2,6,16,0,1,4,98,3,SR-115,FM 181,156,32.182,-102.749,0,12,6,0,2,2,0,1,4,2,0,2,0,0,99,99,99,99,99,99,0,0,0,1,0,2
48,481670,2,2,0,0,0,2,2,99,1540,27,6,2016,2,18,37,0,1,5,98,3,SR-9,FM 116,100,31.141,-97.9,0,12,6,0,2,2,0,1,1,10,0,10,0,0,18,36,18,39,19,32,0,0,0,1,0,2
48,481673,2,2,0,0,0,6,6,389,0,29,6,2016,4,1,45,1,1,3,98,2,US-285,,486,31.476,-103.521,0,12,2,0,1,1,0,2,2,1,0,1,0,0,2,41,3,38,5,44,0,0,0,3,0,0
48,481675,2,2,0,0,0,2,2,167,3850,2,7,2016,7,18,38,1,2,3,98,3,SR-3,FM1765,138,29.379,-94.97,0,12,6,0,2,2,0,1,1,1,0,1,0,0,18,40,18,43,18,50,0,0,0,1,1,2
48,481677,1,1,0,0,0,1,1,257,0,2,7,2016,7,17,45,0,1,4,98,2,US-80,,226,32.72,-96.151,0,58,0,0,1,1,0,4,1,1,0,1,0,0,99,98,99,98,88,88,0,0,0,1,1,1
48,481678,2,2,0,0,0,2,2,359,0,2,7,2016,7,13,11,1,1,1,1,1,I-40,,173,35.253,-102.472,0,12,8,0,1,1,0,1,1,1,0,1,0,0,13,33,14,11,99,99,0,0,0,1,0,1
48,481683,2,2,0,0,0,2,2,201,0,4,7,2016,2,21,40,1,2,3,98,3,SR-6,CR-RIDGE PARK DR,36,29.887,-95.644,0,12,6,0,2,2,0,1,2,1,0,1,0,0,99,98,99,98,88,88,0,0,0,1,0,2
48,481685,1,1,0,0,0,1,1,491,0,4,7,2016,2,10,6,1,1,4,98,3,SR-195,,275,30.761,-97.738,0,59,0,0,1,1,0,4,1,1,0,1,0,0,99,98,99,98,88,88,0,0,0,1,0,1
48,481691,3,3,0,0,0,6,6,453,330,6,7,2016,4,15,16,1,2,2,98,7,US-290,DECKER LN,69,30.337,-97.6,0,12,6,0,2,2,0,1,1,1,0,1,0,0,15,19,15,26,15,50,0,0,0,1,0,1
48,481693,2,2,0,0,0,7,7,369,0,7,7,2016,5,7,54,0,1,4,98,3,SR-86,SR-214,85,34.899,-102.224,0,12,6,0,2,2,0,1,1,1,0,1,0,0,99,99,99,99,99,99,0,0,0,1,0,1
48,481698,2,2,0,0,0,3,3,379,0,8,7,2016,6,16,55,1,1,3,98,2,US-69,,73,32.812,-95.664,0,12,2,0,1,1,0,1,1,1,0,1,0,0,99,99,99,99,99,99,0,0,0,1,0,0
48,481703,1,1,0,0,0,3,3,401,0,10,7,2016,1,10,2,1,1,3,98,2,US-259,,75,32.347,-94.864,0,1,0,0,1,1,0,1,1,10,0,10,0,0,99,99,99,99,99,99,0,0,0,2,0,0
48,481705,3,3,0,0,0,5,5,141,0,1,7,2016,6,22,55,1,1,1,1,1,I-10,,568,31.459,-106.046,0,12,6,0,1,1,0,1,2,1,0,1,0,0,23,35,23,46,0,44,23,0,0,1,0,1
48,481706,2,2,0,0,0,2,2,257,0,1,7,2016,6,19,15,0,1,4,98,2,US-80,,181,32.73,-96.232,0,12,1,0,1,1,0,1,5,1,0,1,0,0,19,18,19,27,20,9,0,0,0,1,0,1
48,481707,2,2,0,0,0,4,4,91,4870,5,7,2016,3,11,34,1,2,1,1,1,I-35,,118,29.7,-98.094,0,12,1,0,1,1,0,2,1,1,0,1,0,0,11,35,11,39,12,27,19,0,0,1,0,1
48,481708,1,1,0,0,0,1,1,325,1890,8,7,2016,6,2,0,1,1,1,1,1,I-35,,30,29.118,-98.919,0,24,0,0,1,1,0,4,2,1,0,1,0,0,99,99,99,99,99,99,0,0,0,1,0,1
48,481709,2,1,1,0,1,2,3,257,0,9,7,2016,7,3,46,0,1,4,98,2,US-80,,246,32.716,-96.118,0,14,0,0,1,1,0,2,2,1,0,1,0,0,3,51,4,5,4,57,14,0,0,1,1,1
48,481713,1,1,0,1,1,1,1,361,7200,25,6,2016,7,23,8,1,2,1,1,7,I-10,,86,30.13,-93.973,0,8,0,0,1,1,0,1,2,1,0,1,0,0,99,98,99,98,88,88,0,0,0,1,0,1
48,481714,1,1,0,0,0,1,1,157,0,30,6,2016,5,19,46,1,1,3,98,3,SR-16,,170,29.35,-95.778,0,53,0,0,1,1,0,4,1,1,0,1,0,0,99,99,99,99,99,99,0,0,0,1,0,2