STATE,ST_CASE,VE_TOTAL,VE_FORMS,PVH_INVL,PEDS,PERNOTMVIT,PERMVIT,PERSONS,COUNTY,CITY,DAY,MONTH,YEAR,DAY_WEEK,HOUR,MINUTE,NHS,RUR_URB,FUNC_SYS,RD_OWNER,ROUTE,TWAY_ID,TWAY_ID2,MILEPT,LATITUDE,LONGITUD,SP_JUR,HARM_EV,MAN_COLL,RELJCT1,RELJCT2,TYP_INT,WRK_ZONE,REL_ROAD,LGT_COND,WEATHER1,WEATHER2,WEATHER,SCH_BUS,RAIL,NOT_HOUR,NOT_MIN,ARR_HOUR,ARR_MIN,HOSP_HR,HOSP_MN,CF1,CF2,CF3,FATALS,DRUNK_DR,RANK
48,481715,2,2,0,0,0,2,2,165,0,30,6,2016,5,14,58,0,1,5,98,3,SR-83,SR-214,10,32.944,-102.809,0,12,6,0,2,2,0,1,1,1,0,1,0,0,15,12,15,24,16,29,0,0,0,1,0,2
48,481718,1,1,0,0,0,1,1,187,0,3,7,2016,1,2,23,1,1,1,1,7,I-10,,58,29.533,-98.097,0,1,0,0,1,1,0,1,2,1,0,1,0,0,99,98,99,98,88,88,0,0,0,1,1,1
48,481723,1,1,0,0,0,2,2,37,0,10,7,2016,1,4,23,1,1,3,98,2,US-82,,30,33.539,-94.695,0,1,0,0,1,1,0,4,2,1,0,1,0,0,99,98,99,98,88,88,0,0,0,2,1,0
48,481727,2,2,0,0,0,2,2,259,740,13,7,2016,4,17,42,1,2,3,1,7,I-10,US-87/MAIN ST,266,29.819,-98.752,0,12,6,1,2,2,0,1,1,1,0,1,0,0,17,55,18,7,88,88,0,0,0,1,0,1
48,481734,1,1,0,0,0,2,2,109,0,26,6,2016,1,11,55,1,1,1,1,1,I-10,,166,31.051,-104.64,0,1,0,0,1,1,0,1,1,1,0,1,0,0,99,99,99,99,88,88,0,0,0,1,0,1
48,481735,2,2,0,0,0,2,2,119,1530,28,6,2016,3,18,5,1,1,3,98,3,SR-24,,100,33.371,-95.709,0,12,6,0,1,1,0,1,1,1,0,1,0,0,99,98,99,98,88,88,0,0,0,1,1,2
48,481736,1,1,0,1,1,1,1,229,0,28,6,2016,3,20,39,1,1,1,1,7,I-10,,272,31.217,-105.488,0,9,0,0,1,1,0,1,2,1,0,1,0,0,20,50,20,59,22,26,0,0,0,1,0,1
48,481738,1,1,0,0,0,1,1,19,410,5,7,2016,3,4,5,0,1,4,98,3,SR-16,,139,29.732,-99.08,0,1,0,0,1,1,0,4,3,1,0,1,0,0,99,98,99,98,88,88,0,0,0,1,0,2
48,481739,1,1,0,1,1,2,2,113,1730,5,7,2016,3,19,39,1,2,1,1,1,I-635 LBJ FWY,,54,32.921,-96.75,0,8,0,1,18,1,0,1,1,1,0,1,0,0,99,99,99,99,99,99,0,0,0,1,0,1
48,481740,2,2,0,0,0,6,6,185,0,5,7,2016,3,23,26,0,1,4,98,3,SR-90,,165,30.62,-95.953,0,12,2,0,1,1,0,1,2,10,0,10,0,0,23,24,23,38,0,28,0,0,0,2,1,2
48,481741,2,2,0,0,0,2,2,65,0,6,7,2016,4,17,10,0,1,4,98,3,SR-152,,33,35.612,-101.231,0,12,2,0,1,1,0,1,1,1,0,1,0,0,99,98,99,98,88,88,0,0,0,1,0,1
48,481743,1,1,0,0,0,2,2,467,0,8,7,2016,6,4,0,1,1,1,1,1,I-20,,178,32.555,-95.794,0,1,0,0,1,1,0,10,2,1,0,1,0,0,99,99,99,99,99,99,0,0,0,1,0,1
48,481744,2,2,0,0,0,3,3,181,0,9,7,2016,7,18,0,0,1,4,98,2,US-377,,39,33.597,-96.911,0,12,6,0,1,1,0,4,1,2,0,2,0,0,17,51,17,58,18,46,0,0,0,1,1,0
48,481746,3,3,0,0,0,6,6,161,0,9,7,2016,7,11,46,1,1,3,98,2,US-79,,29,31.575,-95.88,0,12,6,0,1,1,0,1,1,1,0,1,0,0,11,50,12,1,99,99,0,0,0,1,0,0
48,481747,1,1,0,1,1,2,2,91,1012,10,7,2016,1,0,21,1,1,3,98,2,US-281,,141,29.81,-98.418,0,8,0,0,1,1,0,1,2,1,0,1,0,0,99,98,99,98,88,88,0,0,0,1,0,0
48,481748,2,2,0,0,0,4,4,147,0,10,7,2016,1,16,21,1,1,3,98,2,US-82,,108,33.605,-96.196,0,12,2,1,19,1,0,10,1,1,0,1,0,0,16,23,16,26,17,6,0,0,0,2,0,0
48,481749,2,2,0,0,0,3,3,299,0,10,7,2016,1,15,18,0,1,4,98,3,SR-71,,245,30.514,-98.393,0,12,2,0,1,1,0,1,1,10,0,10,0,0,15,30,15,46,16,32,0,0,0,1,0,2
48,481750,2,2,0,0,0,2,2,71,0,13,7,2016,4,12,42,1,1,1,1,1,I-10,,31,29.853,-94.363,0,12,1,0,1,1,0,1,1,1,0,1,0,0,99,98,99,98,88,88,0,0,0,1,0,1
48,481758,1,1,0,1,1,1,1,29,6090,16,7,2016,7,2,58,1,2,1,1,7,I-35,,348,29.539,-98.38,0,8,0,1,18,1,0,1,3,1,0,1,0,0,99,98,99,98,88,88,0,0,0,1,0,1
48,481759,2,2,0,2,2,3,3,29,6090,16,7,2016,7,3,50,1,2,1,1,1,I-10,WEST AVE,211,29.481,-98.526,0,12,1,1,18,1,0,1,3,1,0,1,0,0,99,99,99,99,99,99,0,0,0,1,0,1
48,481762,2,2,0,0,0,2,2,141,0,17,7,2016,1,3,43,1,1,1,1,1,I-10,,519,31.503,-106.117,0,12,6,1,18,1,0,1,3,1,0,1,0,0,99,98,99,98,88,88,0,0,0,1,1,1
48,481764,5,5,0,0,0,6,6,113,4530,24,6,2016,6,23,50,1,2,1,1,1,I-30,,237,32.817,-96.641,0,12,1,0,1,1,0,1,3,1,0,1,0,0,99,99,99,99,99,99,19,27,0,1,1,1
48,481765,3,3,0,0,0,3,3,397,6010,29,6,2016,4,4,53,1,1,1,1,1,I-30,,146,32.974,-96.319,0,18,0,0,1,1,0,1,2,1,0,1,0,0,99,98,99,98,88,88,0,0,0,3,0,1
48,481769,2,2,0,0,0,4,4,407,0,15,7,2016,6,17,14,1,1,3,98,2,US-59,CR-REGENCY DR,107,30.435,-95.036,0,12,6,0,2,2,1,1,1,1,0,1,0,0,18,12,18,32,19,18,99,99,99,1,0,0
48,481772,1,1,0,0,0,4,4,161,2280,18,7,2016,2,9,45,1,1,1,1,1,I-45,,163,31.703,-96.173,0,1,0,0,1,1,0,1,1,1,0,1,0,0,99,99,99,99,99,99,0,0,0,1,0,1
48,481774,1,1,0,1,1,1,1,113,1730,25,6,2016,7,1,30,1,2,1,1,1,I-635 LBJ FWY,,12,32.881,-96.692,0,8,0,0,1,1,0,1,3,1,0,1,0,0,99,98,99,98,88,88,0,0,0,1,0,1
48,481776,1,1,0,0,0,1,1,141,2190,14,2,2016,1,13,27,1,2,1,1,7,I-10,,340,31.71,-106.294,0,26,0,0,1,1,0,10,1,1,0,1,0,0,13,28,13,36,13,58,0,0,0,1,0,1
48,481777,1,1,0,1,1,3,3,21,0,8,7,2016,6,15,9,1,1,3,98,3,SR-71,,226,30.052,-97.197,0,9,0,0,1,1,0,1,1,1,0,1,0,0,99,99,99,99,99,99,0,0,0,1,0,2
48,481779,1,1,0,0,0,2,2,471,0,10,7,2016,1,7,33,0,1,5,98,3,SR-75,,115,30.752,-95.645,0,38,0,0,1,1,0,5,1,1,0,1,0,0,7,39,8,9,9,5,0,0,0,1,0,1
48,481784,1,1,0,0,0,1,1,475,0,6,6,2016,2,21,40,1,1,1,1,1,I-20,,107,31.497,-103.249,0,1,0,0,1,1,0,3,2,1,0,1,0,0,99,98,99,98,88,88,0,0,0,1,0,1
48,481789,2,2,0,0,0,2,2,349,0,15,7,2016,6,14,30,0,1,4,98,2,US-287,,1,31.983,-96.117,0,12,6,0,1,1,0,1,1,1,0,1,0,0,14,30,14,54,15,28,23,0,0,1,0,0
48,481800,1,1,0,0,0,6,6,355,1550,4,7,2016,2,22,56,1,2,1,1,1,I-37,,54,27.805,-97.486,0,1,0,0,1,1,0,4,3,1,0,1,0,0,99,99,99,99,99,99,0,0,0,1,0,1
48,481802,2,2,0,0,0,2,2,175,0,12,7,2016,3,11,44,1,1,3,98,2,US-59,OLD US-59,25,28.703,-97.204,0,12,6,0,2,3,0,1,1,1,0,1,0,0,99,98,99,98,88,88,0,0,0,1,0,0
48,481807,1,1,0,1,1,1,1,201,0,15,7,2016,6,22,45,1,2,3,98,3,SR-6,,64,29.846,-95.646,0,8,0,0,1,1,0,1,2,1,0,1,0,0,99,99,99,99,99,99,0,0,0,1,0,2
48,481810,1,1,0,1,1,1,1,375,0,17,7,2016,1,21,47,1,1,1,1,7,I-40,,65,35.191,-102.071,0,9,0,0,1,1,0,1,2,1,0,1,0,0,99,98,99,98,88,88,0,0,0,1,1,1
48,481811,1,1,0,1,1,2,2,423,0,17,7,2016,1,3,45,1,1,1,1,1,I-20,,308,32.441,-95.062,0,8,0,0,1,1,0,2,2,1,0,1,0,0,99,98,99,98,88,88,19,0,0,1,0,1
48,481812,1,1,0,0,0,5,5,25,0,18,7,2016,2,22,39,0,1,5,98,3,SR-202,,108,28.385,-97.572,0,42,0,0,1,1,1,4,2,1,0,1,0,0,99,99,99,99,99,99,1,3,0,1,0,2
48,481815,1,1,0,0,0,1,1,203,0,18,7,2016,2,22,24,1,2,1,1,7,I-20,,5,32.455,-94.694,0,1,0,0,1,1,0,10,2,1,0,1,0,0,99,98,99,98,88,88,0,0,0,1,1,1
48,481821,2,2,0,0,0,2,2,167,6860,24,7,2016,1,2,12,1,2,2,98,3,SR-146,,48,29.486,-94.988,0,12,1,0,1,1,0,1,2,1,0,1,0,0,99,98,99,98,88,88,0,0,0,1,1,2
48,481823,2,2,0,0,0,2,2,375,150,24,7,2016,1,2,46,1,2,1,1,1,I-40,,249,35.193,-101.726,0,12,6,0,1,1,0,1,3,1,0,1,0,0,2,47,2,50,3,24,0,0,0,1,0,1
48,481834,2,2,0,0,0,5,5,371,0,18,7,2016,2,9,25,0,1,5,98,3,SR-18,FM 1450,129,31.25,-102.891,0,12,6,0,2,2,0,1,1,1,0,1,0,0,9,30,9,58,10,52,0,0,0,2,0,2
48,481836,2,2,0,0,0,4,4,423,0,27,7,2016,4,13,55,1,1,1,1,1,I-20,,151,32.467,-95.341,0,12,1,0,1,1,1,1,1,1,0,1,0,0,15,53,15,53,16,42,0,0,0,2,0,1
48,481837,1,1,0,0,0,1,1,397,5910,26,5,2016,5,14,3,1,2,1,1,1,I-30,,50,32.902,-96.457,0,73,0,0,1,1,0,1,1,10,0,10,0,0,99,99,99,99,99,99,0,0,0,1,0,1
48,481841,2,2,0,0,0,2,2,53,0,8,7,2016,6,10,55,1,1,3,98,2,US-281,FM1855,281,30.641,-98.26,0,12,6,0,2,3,0,1,1,1,0,1,0,0,99,98,99,98,88,88,0,0,0,1,0,0
48,481846,3,3,0,0,0,5,5,21,0,21,7,2016,5,14,0,1,1,3,98,3,SR-21,CR-PINE VALLEY CT,73,30.168,-97.198,0,12,1,0,3,3,0,1,1,1,0,1,0,0,99,99,99,99,99,99,0,0,0,1,0,2
48,481850,2,1,1,0,1,1,2,141,0,25,7,2016,2,11,45,1,2,1,1,1,I-10,,389,31.658,-106.238,0,14,0,0,1,1,0,10,1,1,0,1,0,0,99,98,99,98,88,88,0,0,0,1,0,1
48,481856,1,1,0,1,1,1,1,439,2990,21,7,2016,5,23,45,1,2,1,1,7,I-820,,196,32.84,-97.286,0,9,0,0,1,1,0,1,3,1,0,1,0,0,23,43,23,51,0,31,0,0,0,1,0,1
48,481857,1,1,0,0,0,1,1,493,0,21,7,2016,5,4,25,1,1,3,98,2,US-181,,66,29.196,-98.205,0,1,0,0,1,1,0,3,2,1,0,1,0,0,99,99,99,99,99,99,0,0,0,1,0,0
48,481860,1,1,0,1,1,2,2,29,6090,28,7,2016,5,1,57,1,2,1,1,1,I-35,,206,29.403,-98.512,0,8,0,0,1,1,0,1,2,10,0,10,0,0,99,98,99,98,88,88,0,0,0,1,0,1
48,481861,3,3,0,0,0,7,7,113,1730,4,3,2016,6,21,50,1,2,2,98,2,US-75 CENTRAL EXPY,,63,32.917,-96.767,0,25,0,0,1,1,0,4,3,1,0,1,0,0,99,99,99,99,99,99,0,0,0,1,0,1
48,481863,3,1,2,1,1,1,1,317,0,16,6,2016,5,10,1,1,1,3,98,3,SR-349,,55,32.242,-102.146,0,14,0,0,1,1,0,2,1,1,0,1,0,0,99,99,99,99,99,99,0,0,0,1,0,2
48,481866,2,2,0,0,0,3,3,229,0,10,7,2016,1,21,45,1,1,1,1,1,I-10,,617,31.417,-105.987,0,12,1,0,1,1,0,1,2,1,0,1,0,0,99,98,99,98,88,88,0,0,0,1,0,1
48,481867,2,2,0,0,0,2,2,299,0,14,7,2016,5,23,11,0,1,4,98,3,SR-71,,270,30.517,-98.354,0,12,8,0,1,1,0,1,2,1,0,1,0,0,99,98,99,98,88,88,0,0,0,1,1,2
48,481869,2,1,1,1,2,1,2,355,1550,16,7,2016,7,1,7,1,2,1,1,1,I-37,,90,27.828,-97.536,0,14,0,0,1,1,0,2,3,1,0,1,0,0,99,98,99,98,88,88,0,0,0,1,0,1
48,481870,2,2,0,1,1,2,2,53,4310,19,7,2016,3,5,15,1,1,3,98,2,US-281,,308,30.603,-98.268,0,8,0,0,1,1,0,1,2,1,0,1,0,0,99,98,99,98,88,88,0,0,0,1,0,0
48,481874,1,1,0,0,0,2,2,453,330,20,7,2016,4,17,10,1,2,2,98,3,SR-130,,451,30.2,-97.622,0,1,0,0,1,1,0,3,1,1,0,1,0,0,17,10,17,21,17,55,0,0,0,1,0,2
48,481876,2,2,0,0,0,4,4,39,0,22,7,2016,6,16,44,0,1,4,98,3,SR-35,,417,29.144,-95.553,0,12,6,0,1,1,0,1,1,1,0,1,0,0,17,19,17,43,18,7,0,0,0,1,0,1
48,481878,2,2,0,0,0,2,2,209,6170,22,7,2016,6,2,43,1,2,1,1,1,I-35,,98,29.904,-97.903,0,12,1,0,1,1,0,1,2,1,0,1,0,0,2,43,2,53,3,26,0,0,0,1,0,1
48,481883,1,1,0,0,0,2,2,267,0,24,7,2016,1,13,34,1,1,1,1,1,I-10,,68,30.463,-99.729,0,52,0,0,1,1,0,3,1,1,0,1,0,0,13,37,13,49,14,23,0,0,0,1,0,1
48,481885,1,1,0,0,0,1,1,117,0,25,7,2016,2,16,3,1,1,3,98,2,US-60,,9,34.767,-102.458,0,31,0,0,1,1,0,3,1,1,0,1,0,0,99,98,99,98,88,88,0,0,0,1,0,0
48,481890,2,2,0,0,0,2,2,487,0,27,7,2016,4,7,54,0,1,4,98,2,US-70,,114,34.135,-99.337,0,12,2,0,1,1,0,1,1,1,0,1,0,0,99,99,99,99,99,99,0,0,0,1,0,0
48,481891,2,2,0,0,0,2,2,91,4870,28,7,2016,5,9,43,1,2,1,1,7,I-35,,151,29.73,-98.077,0,12,1,0,8,1,0,1,1,10,0,10,0,0,99,98,99,98,88,88,0,0,0,1,0,1
48,481914,1,1,0,0,0,1,1,143,0,21,7,2016,5,12,27,1,1,3,98,2,US-67,,141,32.193,-98.128,0,52,0,0,1,1,0,4,1,1,0,1,0,0,99,98,99,98,88,88,0,0,0,1,0,0
48,481915,2,2,0,0,0,2,2,401,0,22,7,2016,6,8,45,1,1,3,98,2,US-59,,5,31.849,-94.473,0,12,1,0,1,1,0,1,1,1,0,1,0,0,99,98,99,98,88,88,0,0,0,2,0,0
48,481927,1,1,0,0,0,3,3,361,5100,23,7,2016,7,15,20,1,2,1,1,1,I-10,,199,30.118,-93.79,0,25,0,0,1,1,0,3,1,1,0,1,0,0,99,99,99,99,99,99,0,0,0,1,0,1
48,481929,2,2,0,0,0,2,2,303,0,26,7,2016,3,10,49,1,1,3,98,2,US-62,,244,33.663,-101.694,0,12,1,0,1,1,0,1,1,1,0,1,0,0,10,43,10,43,11,20,0,0,0,1,0,0
48,481930,3,3,0,0,0,3,3,31,0,27,7,2016,4,18,4,1,1,3,98,2,US-281,,242,30.15,-98.394,0,12,8,0,1,1,0,1,1,1,0,1,0,0,99,98,99,98,88,88,0,0,0,1,0,0
48,481931,1,1,0,1,1,1,1,419,0,28,7,2016,5,23,44,0,1,4,98,3,SR-7,,22,31.716,-94.273,0,8,0,0,1,1,0,1,2,10,0,10,0,0,99,98,99,98,88,88,0,0,0,1,0,2
48,481932,2,2,0,0,0,2,2,255,0,29,7,2016,6,7,20,1,1,3,98,2,US-181,,212,28.766,-97.852,0,12,2,0,1,1,0,1,1,1,0,1,0,0,99,99,99,99,99,99,0,0,0,1,0,0
48,481936,1,1,0,0,0,4,4,89,0,17,7,2016,1,9,31,1,1,1,1,1,I-10,,250,29.719,-96.442,0,1,0,0,1,1,0,10,1,10,0,10,0,0,9,55,10,28,11,5,0,0,0,1,0,1
48,481939,2,2,0,0,0,2,2,59,0,21,7,2016,5,0,54,1,1,1,1,1,I-20,,10,32.434,-99.614,0,12,2,0,1,1,0,1,2,1,0,1,0,0,0,58,1,10,2,10,0,0,0,1,1,1
48,481940,1,1,0,0,0,1,1,175,0,24,7,2016,1,23,11,1,1,3,98,2,US-59,,91,28.682,-97.311,0,1,0,0,1,1,1,4,2,1,0,1,0,0,99,98,99,98,88,88,0,0,0,1,1,0
48,481941,1,1,0,0,0,3,3,143,0,25,7,2016,2,13,30,1,1,3,98,2,US-67,,38,32.058,-98.374,0,1,0,0,1,1,0,3,1,1,0,1,0,0,13,45,99,99,99,99,0,0,0,1,0,0
48,481942,2,2,0,0,0,4,4,157,0,25,7,2016,2,18,0,1,1,3,98,3,SR-36,FM1489,31,29.604,-95.978,0,12,6,0,2,2,0,1,1,2,0,2,0,0,18,8,18,23,19,8,0,0,0,1,0,1
48,481946,2,2,0,0,0,2,2,463,0,27,7,2016,4,15,50,1,1,3,98,2,US-90,,29,29.243,-100.082,0,12,2,0,1,1,0,1,1,10,0,10,0,0,99,98,99,98,88,88,0,0,0,1,0,0
48,481948,3,3,0,0,0,7,7,469,0,28,7,2016,5,8,15,1,1,3,98,2,US-59,,88,28.855,-96.885,0,12,2,0,1,1,0,1,1,10,0,10,0,0,99,99,99,99,99,99,0,0,0,1,0,0
48,481950,1,1,0,0,0,1,1,287,0,30,7,2016,7,18,28,1,1,3,98,3,SR-21,,137,30.327,-96.92,0,38,0,0,1,1,0,5,1,1,0,1,0,0,99,98,99,98,88,88,0,0,0,1,0,2
48,481953,1,1,0,0,0,1,1,129,0,31,7,2016,1,3,50,1,1,3,98,2,US-287,,218,34.888,-100.75,0,24,0,0,1,1,0,3,2,1,0,1,0,0,99,98,99,98,88,88,0,0,0,1,1,0
48,481954,1,1,0,1,1,1,1,201,3280,31,7,2016,1,3,54,1,2,1,1,1,I-45 NORTH FWY,,316,29.863,-95.404,0,8,0,0,20,1,0,1,3,1,0,1,0,0,99,98,99,98,88,88,0,0,0,1,0,0
48,481956,2,2,0,0,0,2,2,423,0,31,7,2016,1,11,52,0,1,4,98,3,SR-31,,144,32.359,-95.189,0,12,6,0,8,1,0,1,1,1,0,1,0,0,99,98,99,98,88,88,0,0,0,1,0,2
48,481957,2,1,1,0,0,1,1,85,7620,1,8,2016,2,15,53,0,2,4,98,3,SR-78,,348,33.011,-96.542,0,30,0,0,1,1,0,4,1,1,0,1,0,0,15,54,15,58,16,15,0,0,0,1,0,1
48,481961,1,1,0,0,0,1,1,293,0,2,8,2016,3,14,30,0,1,4,98,2,US-84,,267,31.686,-96.435,0,1,0,0,1,1,0,1,1,1,0,1,0,0,99,98,99,98,88,88,0,0,0,1,0,0
48,481967,2,1,1,0,0,3,3,403,0,3,8,2016,4,9,2,1,1,3,98,3,SR-87,SR-21,57,31.432,-93.846,0,1,0,0,3,2,0,5,1,1,0,1,0,0,9,5,9,11,10,2,0,0,0,1,0,1
48,481970,3,3,0,0,0,6,6,161,0,5,8,2016,6,0,30,1,1,1,1,1,I-45,,81,31.586,-96.151,0,12,1,0,1,1,0,1,2,10,0,10,0,0,2,2,2,30,2,56,0,0,0,1,0,1
48,481971,2,2,0,0,0,2,2,303,0,5,8,2016,6,4,27,1,1,3,98,2,US-62,FM 1585,36,33.49,-102.043,0,12,6,0,2,2,0,1,2,1,0,1,0,0,99,98,99,98,88,88,0,0,0,1,1,0
48,481976,1,1,0,1,1,1,1,407,6344,9,8,2016,3,2,39,1,1,3,98,7,US-59,,61,30.488,-94.994,0,8,0,0,1,1,0,1,3,1,0,1,0,0,99,98,99,98,88,88,0,0,0,1,0,0
48,481977,2,2,0,0,0,2,2,367,0,15,7,2016,6,8,0,0,1,4,98,3,SR-171,,67,32.686,-97.757,0,12,8,0,1,1,0,1,1,10,0,10,0,0,99,98,99,98,88,88,0,0,0,1,0,1
48,481979,3,3,0,0,0,7,7,199,0,29,7,2016,6,6,40,1,1,3,98,3,SR-105,CR-STONE WALL RD,96,30.154,-94.467,0,12,1,0,3,3,0,1,1,1,0,1,0,0,99,99,99,99,99,99,0,0,0,1,0,2
48,481982,1,1,0,1,1,2,2,113,2590,31,7,2016,1,3,23,1,2,1,1,1,I-635 LBJ FWY,,124,32.864,-96.661,0,8,0,0,1,1,0,1,3,1,0,1,0,0,99,98,99,98,88,88,0,0,0,1,0,1
48,481985,2,2,0,0,0,4,4,5,0,6,8,2016,7,15,2,1,1,3,98,2,US-69,CR-CHIMNEY ROCK,217,31.384,-94.772,0,12,6,0,2,3,0,1,1,1,0,1,0,0,99,99,99,99,99,99,0,0,0,1,0,0
48,481986,1,1,0,0,0,1,1,29,6090,6,8,2016,7,2,34,1,2,1,1,7,I-10,,59,29.568,-98.592,0,33,0,0,8,1,0,4,3,1,0,1,0,0,99,99,99,99,99,99,0,0,0,1,1,1
48,481989,2,2,0,0,0,3,3,29,6090,7,8,2016,1,21,15,1,2,1,1,1,I-10,,15,29.396,-98.498,0,12,1,0,1,1,0,1,3,1,0,1,0,0,99,98,99,98,88,88,0,0,0,1,1,1
48,481997,1,1,0,0,0,1,1,291,1770,9,8,2016,3,18,1,0,1,4,98,2,US-90,,235,30,-94.949,0,58,0,0,1,1,0,5,1,1,0,1,0,0,99,98,99,98,88,88,0,0,0,1,1,0
48,482003,2,2,0,0,0,3,3,39,0,15,7,2016,6,12,24,1,2,3,98,3,SR-6,CR-146/SCHROEDER LN,97,29.447,-95.298,0,12,1,0,3,2,0,1,1,1,0,1,0,0,12,24,12,35,13,26,0,0,0,1,0,2
48,482005,3,3,0,0,0,7,7,39,0,19,7,2016,3,14,45,1,2,3,98,3,SR-36,,344,28.95,-95.39,0,12,2,0,1,1,0,1,1,10,0,10,0,0,14,57,15,34,16,7,0,0,0,2,1,1
48,482006,2,2,0,0,0,2,2,135,0,24,7,2016,1,23,4,1,1,3,98,2,US-385,,89,31.723,-102.352,0,12,2,0,1,1,0,1,2,1,0,1,0,0,99,98,99,98,88,88,0,0,0,1,1,0
48,482008,2,2,0,0,0,2,2,497,0,27,7,2016,4,15,22,1,1,3,98,2,US-81,,95,33.34,-97.678,0,12,1,0,1,1,0,1,7,2,8,2,0,0,15,22,15,35,16,22,0,0,0,1,0,0
48,482011,2,2,0,0,0,4,4,113,2590,26,7,2016,3,23,25,1,2,1,1,1,I-30,,268,32.841,-96.593,0,12,1,0,1,1,0,1,2,1,0,1,0,0,23,39,23,44,0,7,0,0,0,1,1,1
48,482013,2,2,0,0,0,2,2,423,0,1,8,2016,2,13,0,1,1,1,1,1,I-20,,243,32.449,-95.184,0,12,1,0,1,1,1,1,1,1,0,1,0,0,13,21,13,32,13,57,0,0,0,1,0,1
48,482014,1,1,0,0,0,2,2,273,0,2,8,2016,3,18,0,1,1,3,98,2,US-77,,97,27.44,-97.856,0,42,0,0,1,1,0,4,1,1,0,1,0,0,99,99,99,99,99,99,0,0,0,1,0,0
48,482017,2,2,0,0,0,2,2,453,0,3,8,2016,4,5,31,1,1,3,98,3,SR-71,,50,30.18,-97.536,0,12,6,0,7,1,0,1,2,1,0,1,0,0,5,32,5,42,5,51,0,0,0,1,0,2
48,482023,2,2,0,0,0,2,2,201,0,6,8,2016,7,3,10,1,2,3,98,2,US-90,CR-LINDSTROM RD,199,29.923,-95.041,0,12,1,0,2,2,0,1,2,1,0,1,0,0,99,98,99,98,88,88,0,0,0,1,1,0
48,482024,1,1,0,1,1,1,1,225,0,6,8,2016,7,20,43,0,1,4,98,3,SR-7,,91,31.306,-95.503,0,49,0,0,1,1,0,1,5,1,0,1,0,0,99,99,99,99,99,99,0,0,0,1,0,2
48,482025,1,1,0,0,0,1,1,401,0,6,8,2016,7,19,15,1,1,3,98,2,US-79,,48,32.023,-94.953,0,1,0,0,1,1,0,4,1,1,0,1,0,0,99,99,99,99,99,99,0,0,0,1,1,0
48,482033,1,1,0,0,0,1,1,29,6090,10,8,2016,4,7,9,1,2,2,98,3,SR-151,,58,29.432,-98.636,0,24,0,0,1,1,1,3,1,1,0,1,0,0,99,99,99,99,99,99,0,0,0,1,0,2
48,482035,3,2,1,1,4,1,4,297,0,10,8,2016,4,5,0,1,1,3,98,2,US-59,,98,28.212,-98.233,0,12,11,0,1,1,0,1,2,10,0,10,0,0,99,98,99,98,88,88,19,14,0,1,0,0
48,482037,2,2,0,0,0,3,3,407,0,11,8,2016,5,8,38,0,1,4,98,3,SR-150,,72,30.554,-95.263,0,12,1,0,1,1,0,1,1,1,0,1,0,0,99,98,99,98,88,88,0,0,0,1,0,0
48,482038,1,1,0,1,1,1,1,423,0,11,8,2016,5,5,50,0,1,4,98,3,SR-110,,181,32.39,-95.366,0,9,0,0,1,1,0,1,2,1,0,1,0,0,99,98,99,98,88,88,0,0,0,1,0,2
48,482042,1,1,0,0,0,1,1,113,3420,12,8,2016,6,5,58,1,2,1,1,1,I-635 LBJ FWY,VALLEY VIEW LN,30,32.913,-96.94,0,33,0,1,3,2,0,4,3,1,0,1,0,0,5,59,6,6,6,27,0,0,0,1,1,1
48,482044,3,3,0,0,0,7,7,29,6090,13,8,2016,7,22,3,1,2,1,1,1,I-35,,286,29.313,-98.613,0,12,1,0,1,1,0,1,2,10,0,10,0,0,99,99,99,99,99,99,0,0,0,1,0,1
48,482045,2,2,0,0,0,2,2,71,7244,13,8,2016,7,16,31,1,1,1,1,1,I-10,,126,29.84,-94.704,0,12,98,0,1,1,0,1,1,1,0,1,0,0,99,98,99,98,88,88,0,0,0,1,0,1
48,482046,1,1,0,0,0,1,1,401,0,13,8,2016,7,5,25,1,1,3,98,2,US-79,,37,32.038,-94.937,0,32,0,0,1,1,0,4,2,10,0,10,0,0,99,98,99,98,88,88,0,0,0,1,1,0
48,482047,1,1,0,1,1,1,1,453,330,13,8,2016,7,2,7,1,2,1,1,1,I-35,,165,30.248,-97.735,0,8,0,1,18,1,0,1,3,1,0,1,0,0,2,8,2,13,2,32,0,0,0,1,0,1
48,482049,2,2,0,0,0,2,2,5,0,15,8,2016,2,1,48,1,1,3,98,3,SR-103,,69,31.345,-94.608,0,12,2,0,1,1,0,1,2,1,0,1,0,0,99,99,99,99,99,99,0,0,0,1,0,2
48,482050,1,1,0,1,1,1,1,29,6090,15,8,2016,2,5,31,1,2,2,98,3,SR-151,,28,29.433,-98.633,0,8,0,1,20,1,0,1,3,10,0,10,0,0,99,98,99,98,88,88,0,0,0,1,0,2
48,482051,2,2,0,0,0,3,3,317,0,29,7,2016,6,16,33,1,1,3,98,3,SR-349,,64,32.445,-102.093,0,12,1,0,1,1,0,1,1,1,0,1,0,0,99,98,99,98,88,88,0,0,0,1,0,2
48,482052,1,1,0,1,1,1,1,215,0,1,8,2016,2,3,7,1,1,3,98,2,US-281,,108,26.648,-98.111,0,8,0,0,1,1,0,1,2,1,0,1,0,0,99,98,99,98,88,88,0,0,0,1,0,0