STATE,ST_CASE,VE_TOTAL,VE_FORMS,PVH_INVL,PEDS,PERNOTMVIT,PERMVIT,PERSONS,COUNTY,CITY,DAY,MONTH,YEAR,DAY_WEEK,HOUR,MINUTE,NHS,RUR_URB,FUNC_SYS,RD_OWNER,ROUTE,TWAY_ID,TWAY_ID2,MILEPT,LATITUDE,LONGITUD,SP_JUR,HARM_EV,MAN_COLL,RELJCT1,RELJCT2,TYP_INT,WRK_ZONE,REL_ROAD,LGT_COND,WEATHER1,WEATHER2,WEATHER,SCH_BUS,RAIL,NOT_HOUR,NOT_MIN,ARR_HOUR,ARR_MIN,HOSP_HR,HOSP_MN,CF1,CF2,CF3,FATALS,DRUNK_DR,RANK
48,482055,2,2,0,0,0,2,2,21,0,9,8,2016,3,6,55,1,1,3,98,2,US-290,FM 696,71,30.311,-97.305,0,12,6,0,2,2,0,1,3,1,0,1,0,0,99,99,99,99,99,99,0,0,0,1,0,1
48,482056,3,3,0,0,0,6,6,5,0,10,8,2016,4,19,0,1,1,3,98,2,US-59,,20,31.423,-94.725,0,12,2,0,1,1,0,2,1,1,0,1,0,0,99,99,99,99,99,99,0,0,0,2,0,0
48,482058,2,2,0,0,0,2,2,493,0,13,8,2016,7,22,5,0,1,5,98,3,SR-97,,16,29.043,-98.308,0,11,0,0,1,1,0,1,2,10,0,10,0,0,99,98,99,98,88,88,0,0,0,1,0,2
48,482060,1,1,0,0,0,2,2,423,0,14,8,2016,1,6,42,1,1,1,1,1,I-20,,44,32.482,-95.509,0,52,0,0,1,1,0,4,2,10,0,10,0,0,99,98,99,98,88,88,0,0,0,2,0,1
48,482063,2,2,0,0,0,5,5,209,0,11,8,2016,5,15,33,1,1,3,98,2,US-290,HOLDER LN,47,30.198,-98.162,0,12,6,0,2,3,0,1,1,1,0,1,0,0,15,40,16,7,16,37,0,0,0,2,0,1
48,482068,4,4,0,0,0,12,12,113,2590,13,4,2016,4,23,4,1,1,1,1,1,I-635 LBJ FWY,LA PRADA DR,110,32.847,-96.638,0,12,1,0,1,1,0,1,2,10,0,10,0,0,23,17,23,24,23,44,0,0,0,2,0,2
48,482075,1,1,0,1,1,4,4,461,5650,2,8,2016,3,21,6,0,1,4,98,2,US-67,,109,31.222,-101.941,0,8,0,0,1,1,0,1,3,1,0,1,0,0,21,12,21,15,21,26,0,0,0,1,0,0
48,482078,1,1,0,0,0,1,1,505,0,5,8,2016,6,22,35,1,1,3,98,2,US-83,,77,27.173,-99.421,0,32,0,0,1,1,0,4,2,1,0,1,0,0,99,98,99,98,88,88,0,0,0,1,1,0
48,482079,1,1,0,0,0,2,2,479,0,6,8,2016,7,6,30,1,1,3,2,2,US-83,,115,27.357,-99.456,0,1,0,0,1,1,0,4,2,1,0,1,0,0,6,50,7,16,7,41,0,0,0,1,1,0
48,482081,1,1,0,0,0,8,8,131,0,7,8,2016,1,15,43,1,1,3,98,3,SR-44,,178,27.784,-98.33,0,1,0,0,1,1,0,1,1,1,0,1,0,0,15,15,15,52,16,48,0,0,0,1,0,2
48,482090,1,1,0,1,1,2,2,167,0,12,8,2016,6,23,0,0,1,4,98,3,SR-87,,73,29.515,-94.482,0,8,0,0,1,1,0,1,2,10,0,10,0,0,99,98,99,98,88,88,0,0,0,1,0,1
48,482093,1,1,0,1,1,5,5,71,0,12,8,2016,6,22,0,1,1,1,1,1,I-10,,100,29.835,-94.549,0,8,0,0,1,1,0,1,2,1,0,1,0,0,99,98,99,98,88,88,0,0,0,1,0,1
48,482095,1,1,0,0,0,11,11,177,0,13,8,2016,7,9,8,1,1,1,1,1,I-10,,71,29.684,-97.266,0,1,0,0,1,1,0,1,1,10,0,10,0,0,99,99,99,99,99,99,0,0,0,3,0,1
48,482098,3,3,0,1,1,4,4,231,2860,13,8,2016,7,16,20,1,2,3,98,3,SR-34,,25,33.096,-96.11,0,8,0,0,1,1,0,1,1,1,0,1,0,0,99,98,99,98,88,88,0,0,0,1,1,2
48,482100,2,2,0,0,0,2,2,483,0,13,8,2016,7,22,20,1,1,1,1,1,I-40,,145,35.227,-100.016,0,12,1,0,1,1,0,1,2,1,0,1,0,0,22,48,23,35,1,24,0,0,0,1,0,1
48,482101,1,1,0,0,0,1,1,485,0,13,8,2016,7,3,50,1,1,3,98,2,US-287,,40,34.039,-98.9,0,1,0,0,1,1,0,3,2,1,0,1,0,0,99,98,99,98,88,88,0,0,0,1,0,0
48,482103,2,2,0,0,0,5,5,209,0,14,8,2016,1,15,24,1,2,1,1,7,I-35,,4,29.806,-98.01,0,12,2,0,1,1,0,1,1,2,0,2,0,0,15,27,15,35,16,49,0,0,0,1,0,1
48,482104,1,1,0,0,0,2,2,397,5910,14,8,2016,1,10,56,1,1,1,1,7,I-30,,73,32.914,-96.442,0,1,0,0,1,1,0,4,1,10,0,10,0,0,11,8,11,24,12,16,0,0,0,1,0,1
48,482105,2,2,0,0,0,3,3,497,0,14,8,2016,1,4,50,1,1,3,98,2,US-81,,95,33.125,-97.489,0,12,2,0,1,1,0,1,2,1,0,1,0,0,99,99,99,99,99,99,0,0,0,2,2,0
48,482111,1,1,0,1,1,1,1,97,2550,17,8,2016,4,20,42,1,2,1,1,1,I-35,,160,33.648,-97.156,0,8,0,0,1,1,0,1,3,1,0,1,0,0,99,98,99,98,88,88,0,0,0,1,0,1
48,482112,1,1,0,0,0,1,1,171,0,18,8,2016,5,18,10,0,1,4,98,2,US-87,,250,30.187,-98.874,0,38,0,0,1,1,0,5,1,2,0,2,0,0,99,98,99,98,88,88,0,0,0,1,0,1
48,482114,1,1,0,0,0,1,1,363,0,18,8,2016,5,9,10,0,1,4,98,3,SR-16,,100,33.004,-98.426,0,59,0,0,1,1,0,4,1,2,0,2,0,0,99,99,99,99,99,99,0,0,0,1,0,2
48,482117,2,2,0,0,0,2,2,491,2620,18,8,2016,5,15,26,1,2,1,1,7,I-35,FM 2338,122,30.65,-97.68,0,12,6,1,2,2,0,1,1,10,0,10,0,0,99,99,99,99,88,88,0,0,0,1,0,1
48,482120,1,1,0,1,1,1,1,201,0,20,8,2016,7,23,19,1,2,2,98,3,SR-249,,175,29.921,-95.495,0,8,0,0,1,1,0,1,2,1,0,1,0,0,99,98,99,98,88,88,0,0,0,1,0,2
48,482121,1,1,0,0,0,2,2,333,0,20,8,2016,7,12,8,1,1,3,98,2,US-84,,41,31.536,-98.618,0,42,0,0,1,1,0,4,1,2,0,2,0,0,12,27,12,36,13,31,0,0,0,1,0,0
48,482123,1,1,0,0,0,2,2,453,330,20,8,2016,7,3,57,1,2,1,1,1,I-35,,6,30.444,-97.668,0,1,0,1,99,1,0,99,3,10,0,10,0,0,3,57,4,5,4,48,0,0,0,1,1,1
48,482125,1,1,0,0,0,2,2,251,1370,21,8,2016,1,0,8,1,1,3,98,2,US-67,,137,32.323,-97.45,0,1,0,0,1,1,0,1,2,10,0,10,0,0,0,13,0,20,1,4,0,0,0,1,0,0
48,482126,2,1,1,0,0,1,1,471,0,21,8,2016,1,9,12,1,1,1,1,1,I-45,,79,30.624,-95.508,0,14,0,0,1,1,0,2,1,2,0,2,0,0,99,98,99,98,88,88,27,0,0,1,0,1
48,482134,2,2,0,0,0,6,6,335,0,13,8,2016,7,15,9,1,1,1,1,1,I-20,,248,32.401,-100.799,0,1,0,0,1,1,0,1,1,1,0,1,0,0,15,7,15,25,15,46,14,0,0,1,0,1
48,482137,1,1,0,0,0,1,1,151,0,18,8,2016,5,10,0,0,1,4,98,3,SR-70,,45,32.935,-100.489,0,34,0,0,1,1,0,4,1,2,0,2,0,0,99,98,99,98,88,88,0,0,0,1,0,1
48,482141,1,1,0,0,0,1,1,409,0,23,8,2016,3,14,30,0,1,3,98,3,SR-35,,106,27.927,-97.268,0,52,0,1,19,1,0,4,1,1,0,1,0,0,99,98,99,98,88,88,0,0,0,1,0,1
48,482150,2,2,0,0,0,4,4,145,0,10,8,2016,4,0,17,0,1,4,98,3,SR-7,,196,31.308,-96.756,0,12,2,0,1,1,0,1,2,1,0,1,0,0,99,98,99,98,88,88,0,0,0,2,0,2
48,482151,1,1,0,0,0,2,2,381,0,10,8,2016,4,13,43,1,1,3,98,2,US-60,,107,34.985,-101.992,0,1,0,0,1,1,0,3,1,1,0,1,0,0,99,98,99,98,88,88,0,0,0,2,0,0
48,482152,3,3,0,0,0,4,4,213,0,18,8,2016,5,13,15,1,1,3,98,3,SR-155,,30,32.105,-95.492,0,12,2,0,1,1,0,1,1,10,0,10,0,0,13,24,13,36,14,36,14,0,0,1,0,1
48,482153,2,1,1,1,2,1,2,135,0,19,8,2016,6,12,14,0,1,4,98,3,SR-302,,72,31.931,-102.698,0,8,0,0,1,1,1,5,1,1,0,1,0,0,99,98,99,98,88,88,3,0,0,1,0,2
48,482157,2,2,0,0,0,3,3,375,150,26,8,2016,6,1,27,1,2,1,1,1,I-40,,245,35.193,-101.696,0,12,2,1,18,1,0,1,2,10,0,10,0,0,99,98,99,98,99,98,0,0,0,3,0,1
48,482159,2,2,0,0,0,5,5,83,0,22,8,2016,2,12,44,1,1,3,98,2,US-84,,105,31.758,-99.349,0,12,6,0,1,1,0,1,1,2,0,2,0,0,99,99,99,99,99,99,0,0,0,1,0,0
48,482164,6,6,0,0,0,6,6,37,0,11,8,2016,5,17,30,1,1,1,1,1,I-30,,225,33.472,-94.382,0,12,1,0,1,1,0,1,1,10,0,10,0,0,17,44,17,53,18,49,0,0,0,1,0,1
48,482171,2,2,0,0,0,2,2,31,670,14,8,2016,1,18,37,1,1,3,98,2,US-281,,299,30.076,-98.413,0,12,6,0,1,1,0,1,1,2,0,2,0,0,99,98,99,98,88,88,0,0,0,1,0,0
48,482173,1,1,0,0,0,1,1,367,0,18,8,2016,5,22,16,1,1,1,1,1,I-20,,344,32.712,-97.56,0,42,0,0,1,1,0,4,2,10,0,10,0,0,99,98,99,98,88,88,0,0,0,1,0,1
48,482174,2,2,0,0,0,2,2,61,0,19,8,2016,6,8,25,1,1,3,98,3,SR-100,,269,26.086,-97.177,0,12,1,0,1,1,0,1,1,1,0,1,0,0,99,98,99,98,88,88,0,0,0,1,0,1
48,482175,1,1,0,0,0,5,5,469,0,20,8,2016,7,21,28,1,1,3,98,2,US-77,,50,28.712,-97.043,0,35,0,0,1,1,0,3,2,10,0,10,0,0,99,98,99,98,88,88,0,0,0,5,0,0
48,482189,2,2,0,0,0,3,3,39,5249,4,6,2016,7,4,0,1,2,2,98,3,SR-288,,22,29.569,-95.386,0,12,2,0,1,1,0,1,3,2,0,2,0,0,4,4,4,14,4,42,0,0,0,1,1,1
48,482191,1,1,0,0,0,1,1,479,3899,11,8,2016,5,19,52,1,2,1,1,1,I-35,,50,27.565,-99.503,0,25,0,0,1,1,0,3,1,1,0,1,0,0,19,55,19,56,20,15,0,0,0,1,1,1
48,482192,5,5,0,0,0,11,11,471,0,15,8,2016,2,14,5,1,2,1,1,1,I-45,,88,30.639,-95.509,0,12,1,0,1,1,0,1,1,2,0,2,0,0,14,24,14,30,14,58,0,0,0,2,0,1
48,482195,1,1,0,0,0,3,3,229,0,21,8,2016,1,3,43,1,1,1,1,1,I-10,,171,31.235,-105.785,0,1,0,0,1,1,0,3,3,1,0,1,0,0,3,53,4,8,5,45,0,0,0,1,0,1
48,482196,2,2,0,1,1,4,4,323,0,22,8,2016,2,1,55,1,1,3,1,2,US-277,,107,28.928,-100.617,0,1,0,0,1,1,0,4,2,10,0,10,0,0,2,5,2,30,3,13,14,15,0,1,0,0
48,482203,2,2,0,0,0,4,4,135,0,26,8,2016,6,9,12,0,2,3,98,3,SR-302,FM 1936,183,31.884,-102.457,0,12,6,0,2,2,0,1,1,10,0,10,0,0,9,20,9,26,9,51,0,0,0,1,0,2
48,482207,2,2,0,0,0,5,5,201,0,27,8,2016,7,7,50,1,2,1,1,1,I-45,,380,29.954,-95.418,0,12,9,0,1,1,0,1,1,10,0,10,0,0,7,45,7,52,8,21,19,0,0,1,0,1
48,482214,1,1,0,1,1,3,3,21,0,30,8,2016,3,1,37,1,1,3,98,3,SR-71,,205,30.069,-97.223,0,8,0,0,1,1,0,1,2,1,0,1,0,0,99,98,99,98,88,88,0,0,0,1,0,2
48,482216,2,2,0,0,0,2,2,181,1830,30,8,2016,3,17,5,1,2,2,98,2,US-75,,70,33.766,-96.585,0,12,1,0,1,1,0,1,1,1,0,1,0,0,99,98,99,98,88,88,0,0,0,1,0,0
48,482217,1,1,0,1,1,1,1,25,0,31,8,2016,4,7,3,1,1,3,98,2,US-181,,0,28.559,-97.794,0,8,0,0,1,1,0,1,2,10,0,10,0,0,99,98,99,98,88,88,0,0,0,1,0,0
48,482220,1,1,0,0,0,1,1,257,6830,1,9,2016,5,17,8,1,1,1,1,1,I-20,,84,32.693,-96.242,0,32,0,0,1,1,0,3,1,2,0,2,0,0,17,11,17,19,18,0,0,0,0,1,0,1
48,482221,2,2,0,0,0,2,2,375,150,1,9,2016,5,14,38,1,2,1,1,7,I-40,WASHINGTON ST,179,35.194,-101.849,0,12,1,1,3,2,0,1,1,10,0,10,0,0,99,98,99,98,88,88,0,0,0,1,0,1
48,482223,1,1,0,1,1,1,1,71,9997,2,9,2016,6,4,10,1,2,3,98,3,SR-146,,47,29.819,-94.9,0,8,0,0,1,1,0,1,2,1,0,1,0,0,4,16,4,33,4,55,0,0,0,1,0,2
48,482224,2,2,0,0,0,2,2,89,0,2,9,2016,6,16,45,1,1,4,98,3,SR-71,,62,29.77,-96.63,0,12,1,0,1,1,0,1,1,10,0,10,0,0,99,98,99,98,88,88,0,0,0,1,0,2
48,482235,1,1,0,0,0,1,1,113,2310,4,9,2016,1,9,5,1,2,1,1,1,I-35,,296,32.93,-96.902,0,31,0,0,1,1,1,4,1,1,0,1,0,0,99,98,99,98,88,88,0,0,0,1,0,1
48,482238,1,1,0,0,0,2,2,503,0,4,9,2016,1,22,15,0,1,4,98,3,SR-251,,73,33.254,-98.741,0,1,0,0,8,1,0,4,2,1,0,1,0,0,22,30,23,8,3,50,0,0,0,1,0,2
48,482251,2,2,0,0,0,4,4,1,0,2,9,2016,6,20,30,0,1,4,98,2,US-287,,135,31.872,-95.862,0,12,2,0,1,1,0,1,2,1,0,1,0,0,21,27,21,56,22,56,0,0,0,1,0,0
48,482256,2,2,0,0,0,2,2,479,3899,23,6,2016,5,18,30,1,2,1,1,1,I-35,,82,27.612,-99.493,0,12,6,1,18,1,0,1,1,1,0,1,0,0,99,98,99,98,88,88,0,0,0,1,0,1
48,482263,2,2,0,0,0,2,2,423,0,29,8,2016,2,9,1,0,1,4,98,3,SR-31,,132,32.351,-95.235,0,12,2,0,1,1,0,1,1,1,0,1,0,0,9,11,9,17,9,39,0,0,0,1,0,2
48,482268,3,3,0,0,0,3,3,121,1645,2,9,2016,6,4,44,1,2,3,98,2,US-380,FM 424,236,33.226,-96.989,0,12,6,0,2,2,0,1,3,1,0,1,0,0,4,45,4,52,5,20,14,0,0,1,0,0
48,482271,3,3,0,0,0,4,4,29,6090,3,9,2016,7,4,26,1,2,1,1,1,I-35,,274,29.445,-98.433,0,12,2,0,1,1,0,1,2,1,0,1,0,0,99,98,99,98,88,88,0,0,0,2,1,1
48,482272,4,4,0,0,0,11,11,53,0,3,9,2016,7,9,23,1,1,3,98,2,US-281,,143,30.835,-98.238,0,12,1,0,1,1,0,1,1,1,0,1,0,0,9,34,9,51,10,29,0,0,0,2,1,0
48,482273,2,2,0,2,2,3,3,21,0,4,9,2016,1,20,56,1,1,3,98,3,SR-71,FM1209,79,30.122,-97.433,0,8,0,1,18,1,0,1,3,1,0,1,0,0,99,98,99,98,88,88,0,0,0,2,0,2
48,482274,1,1,0,0,0,5,5,115,0,4,9,2016,1,11,50,1,1,3,98,3,SR-137,,42,32.905,-102.104,0,1,0,0,1,1,0,4,1,1,0,1,0,0,12,10,12,23,12,53,0,0,0,1,0,1
48,482275,5,5,0,0,0,6,6,201,3280,4,9,2016,1,5,28,1,2,3,98,3,SR-6,WESTHEIMER RD,140,29.735,-95.644,0,12,1,0,3,2,0,1,3,1,0,1,0,0,5,29,5,39,6,11,0,0,0,1,0,2
48,482282,1,1,0,1,1,2,2,201,3280,8,9,2016,5,20,45,1,2,3,98,3,SR-6,,112,29.775,-95.644,0,8,0,0,1,1,0,1,3,1,0,1,0,0,20,45,20,50,21,30,0,0,0,1,0,2
48,482283,1,1,0,0,0,1,1,257,0,8,9,2016,5,12,29,1,1,1,1,1,I-20,,104,32.684,-96.207,0,1,0,0,1,1,0,3,1,1,0,1,0,0,99,99,99,99,99,99,0,0,0,1,0,1
48,482288,2,2,0,0,0,7,7,441,0,10,9,2016,7,8,59,0,1,4,98,2,US-277,,125,32.303,-99.91,0,12,8,0,1,1,0,1,1,2,0,2,0,0,9,3,9,11,10,14,0,0,0,1,0,0
48,482295,1,1,0,0,0,2,2,29,6090,14,9,2016,4,1,51,1,2,2,98,7,US-90,,21,29.402,-98.627,0,31,0,0,1,1,0,10,3,10,0,10,0,0,99,98,99,98,88,88,0,0,0,1,1,0
48,482297,1,1,0,0,0,1,1,181,7130,2,9,2016,6,21,20,1,1,3,98,2,US-75,,282,33.448,-96.603,0,1,0,0,1,1,0,10,2,1,0,1,0,0,99,99,99,99,99,99,0,0,0,1,1,0
48,482299,1,1,0,0,0,1,1,467,0,3,9,2016,7,11,0,1,1,1,1,1,I-20,,15,32.644,-96.051,0,1,0,0,1,1,0,4,1,1,0,1,0,0,99,98,99,98,88,88,0,0,0,1,0,1
48,482303,2,2,0,0,0,4,4,205,0,10,9,2016,7,11,50,0,1,4,98,2,US-385,,217,35.791,-102.342,0,12,6,0,8,1,0,1,1,1,0,1,0,0,99,99,99,99,88,88,0,0,0,1,0,0
48,482305,2,2,0,0,0,2,2,21,0,12,9,2016,2,12,23,0,1,4,98,3,SR-95,PERSHING BLVD,98,30.202,-97.313,0,12,2,0,3,3,0,1,1,1,0,1,0,0,99,99,99,99,99,99,0,0,0,1,0,1
48,482306,3,3,0,0,0,4,4,71,0,13,9,2016,3,0,6,1,1,1,1,1,I-10,,133,29.831,-94.486,0,12,6,0,1,1,0,1,2,1,0,1,0,0,99,98,99,98,88,88,0,0,0,1,0,1
48,482314,2,2,0,0,0,2,2,115,0,29,8,2016,2,8,6,0,1,4,98,2,US-180,,105,32.723,-102.027,0,12,8,0,1,1,0,1,1,2,0,2,0,0,8,8,8,14,88,88,0,0,0,1,0,0
48,482318,2,2,0,0,0,3,3,497,5710,4,9,2016,1,20,24,1,1,3,98,2,US-81,CR-4840/ROBERTSON RD,182,33.026,-97.445,0,12,6,0,2,3,0,1,2,1,0,1,0,0,99,98,99,98,88,88,0,0,0,1,0,0
48,482319,1,1,0,0,0,5,5,325,0,5,9,2016,2,13,45,1,1,3,98,2,US-90,,43,29.316,-99.359,0,1,0,0,1,1,0,1,1,1,0,1,0,0,13,48,13,59,15,25,0,0,0,1,0,0
48,482325,2,2,0,0,0,2,2,171,0,9,9,2016,6,17,52,0,1,4,98,2,US-87,,116,30.357,-98.927,0,12,2,0,1,1,0,1,1,1,0,1,0,0,99,98,99,98,88,88,0,0,0,1,0,1
48,482326,1,1,0,1,1,1,1,249,0,9,9,2016,6,17,4,0,1,3,98,3,SR-44,,70,27.75,-98.128,1,8,0,0,1,1,0,1,1,1,0,1,0,0,99,98,99,98,88,88,0,0,0,1,0,2
48,482329,1,1,0,0,0,1,1,329,0,10,9,2016,7,8,36,1,1,3,98,3,SR-158,,124,31.964,-101.971,0,1,0,0,1,1,0,4,1,2,0,2,0,0,99,98,99,98,88,88,0,0,0,1,0,2
48,482330,3,3,0,0,0,5,5,339,1510,10,9,2016,7,19,21,1,2,1,1,1,I-45,,88,30.236,-95.459,0,12,7,1,18,1,0,1,5,10,0,10,0,0,99,99,99,99,99,99,0,0,0,1,0,1
48,482335,1,1,0,0,0,3,3,367,9997,11,9,2016,1,8,0,1,1,3,98,2,US-377,,29,32.596,-97.578,0,43,0,0,1,1,0,3,2,1,0,1,0,0,99,99,99,99,99,99,0,0,0,1,0,0
48,482336,2,1,1,1,3,1,3,71,0,12,9,2016,2,23,25,1,1,1,1,1,I-10,,124,29.833,-94.515,0,14,0,0,1,1,0,2,2,1,0,1,0,0,99,98,99,98,88,88,0,0,0,1,0,1
48,482337,1,1,0,0,0,1,1,253,0,12,9,2016,2,13,36,1,1,3,98,2,US-83,,386,32.537,-99.765,0,1,0,0,1,1,0,4,1,1,0,1,0,0,99,98,99,98,88,88,0,0,0,1,0,0
48,482338,5,5,0,0,0,14,14,353,0,12,9,2016,2,9,30,1,1,1,1,1,I-20,,226,32.492,-100.316,0,57,0,0,1,1,0,3,1,1,0,1,0,0,9,33,9,37,10,32,14,0,0,2,0,1
48,482344,2,1,1,0,1,1,2,439,2420,14,9,2016,4,11,35,1,2,1,1,7,I-20,,126,32.661,-97.269,0,14,0,1,19,1,0,2,1,1,0,1,0,0,99,98,99,98,88,88,0,0,0,1,0,1
48,482346,7,7,0,0,0,7,7,201,3280,15,9,2016,5,6,33,1,2,3,98,2,US-6,,105,29.786,-95.645,0,12,6,0,1,1,0,1,3,1,0,1,0,0,6,34,6,45,7,21,0,0,0,1,0,0
48,482348,1,1,0,0,0,2,2,265,0,15,9,2016,5,10,25,0,1,4,98,2,US-83,,18,30.268,-99.721,0,1,0,0,1,1,0,4,1,1,0,1,0,0,10,47,11,28,12,41,0,0,0,1,0,0
48,482349,1,1,0,1,1,1,1,13,0,16,9,2016,6,20,41,0,1,4,98,3,SR-97,,17,28.935,-98.521,0,8,0,0,1,1,0,1,2,1,0,1,0,0,20,41,20,54,21,11,0,0,0,1,0,2
48,482350,1,1,0,0,0,1,1,113,1730,16,9,2016,6,2,9,1,2,1,1,1,I-635 LBJ FWY,,49,32.917,-96.743,0,52,0,1,19,1,0,8,3,1,0,1,0,0,99,99,99,99,99,99,0,0,0,1,0,1
48,482360,2,2,0,0,0,3,3,231,0,17,9,2016,7,9,35,1,1,3,98,2,US-69,,234,33.085,-96.047,0,12,6,0,8,1,0,1,1,1,0,1,0,0,99,99,99,99,99,99,0,0,0,1,0,0
48,482367,2,2,0,0,0,2,2,29,6090,20,9,2016,3,3,40,1,2,2,98,2,US-281,,237,29.465,-98.474,0,12,7,1,18,1,0,1,3,1,0,1,0,0,99,98,99,98,88,88,0,0,0,1,0,0
48,482372,1,1,0,1,1,1,1,89,7290,5,9,2016,2,18,44,1,1,1,1,1,I-10,,45,29.692,-96.776,0,8,0,0,1,1,0,1,1,10,0,10,0,0,99,98,99,98,88,88,0,0,0,1,0,1
48,482376,1,1,0,1,1,1,1,29,6090,19,9,2016,2,8,22,1,2,1,1,1,I-10,,34,29.401,-98.454,0,8,0,0,1,1,0,1,1,1,0,1,0,0,99,98,99,98,88,88,0,0,0,1,0,1
48,482380,1,1,0,0,0,1,1,215,0,22,9,2016,5,0,15,1,1,3,98,2,US-281,,32,26.57,-98.013,0,1,0,0,1,1,0,3,2,1,0,1,0,0,99,98,99,98,88,88,0,0,0,1,1,0
48,482381,1,1,0,0,0,3,3,227,640,2,7,2016,7,0,23,1,2,1,1,7,I-20,,285,32.266,-101.42,0,58,0,0,1,1,0,4,2,1,0,1,0,0,0,22,0,32,1,2,0,0,0,1,0,1
48,482383,2,2,0,0,0,2,2,71,4728,6,8,2016,7,3,0,0,1,4,98,3,SR-146,FM3360 EAGLE DR,7,29.876,-94.894,0,12,6,0,2,3,0,1,3,1,0,1,0,0,3,3,3,17,3,56,0,0,0,1,0,2
48,482385,1,1,0,0,0,1,1,453,330,19,8,2016,6,20,24,1,2,1,1,7,I-35,,147,30.224,-97.746,0,33,0,0,1,1,0,4,1,10,0,10,0,0,99,98,99,98,88,88,0,0,0,1,0,1
48,482391,2,2,0,0,0,3,3,301,0,7,9,2016,4,18,5,0,1,5,98,3,SR-302,,195,31.778,-103.342,0,12,2,0,1,1,0,1,1,2,0,2,0,0,99,99,99,99,99,99,0,0,0,1,0,2
48,482392,2,2,0,0,0,2,2,497,0,8,9,2016,5,7,10,0,1,4,98,3,SR-114,,361,33.065,-97.514,0,12,2,0,1,1,0,1,1,1,0,1,0,0,7,20,7,36,8,20,0,0,0,1,0,2
48,482396,2,2,0,0,0,3,3,353,0,14,9,2016,4,15,58,1,1,3,98,2,US-84,,91,32.456,-100.533,0,12,2,0,1,1,0,1,1,2,0,2,0,0,15,50,15,57,16,27,0,0,0,1,1,0
48,482397,2,2,0,0,0,2,2,471,0,14,9,2016,4,2,20,1,1,1,1,1,I-45,,212,30.768,-95.637,0,12,1,0,1,1,0,1,2,1,0,1,0,0,2,23,2,36,3,15,0,0,0,1,0,1
48,482399,2,2,0,0,0,3,3,133,0,15,9,2016,5,2,12,1,1,1,1,1,I-20,,53,32.474,-98.626,0,57,0,1,19,1,0,3,2,10,0,10,0,0,2,24,3,23,4,30,0,0,0,1,0,1
48,482402,3,1,2,2,3,1,2,169,0,16,9,2016,6,20,20,1,1,3,98,2,US-84,,245,33.115,-101.276,0,14,0,0,1,1,0,2,5,10,0,10,0,0,20,40,21,21,21,53,14,23,0,1,0,0
48,482405,1,1,0,0,0,1,1,159,4760,17,9,2016,7,7,3,0,1,4,98,3,SR-37,,4,33.18,-95.233,0,33,0,0,1,1,0,4,4,1,0,1,0,0,99,99,99,99,99,99,0,0,0,1,0,1
48,482407,1,1,0,0,0,3,3,201,0,18,9,2016,1,3,13,1,2,3,98,3,SR-6,,152,29.719,-95.644,0,46,0,0,1,1,0,4,3,1,0,1,0,0,99,99,99,99,99,99,0,0,0,1,1,2
48,482409,1,1,0,0,0,2,2,231,0,18,9,2016,1,14,50,1,1,1,1,1,I-30,,249,33.132,-95.938,0,43,0,1,19,1,0,10,1,1,0,1,0,0,99,99,99,99,99,99,0,0,0,1,0,1
48,482415,2,2,0,0,0,3,3,183,0,19,9,2016,2,7,9,0,1,4,98,3,SR-135,SPOKANE ST,147,32.462,-94.94,0,12,6,0,3,3,0,1,1,1,0,1,0,0,7,10,7,39,8,11,0,0,0,1,0,1
48,482416,2,2,0,0,0,3,3,183,0,19,9,2016,2,15,23,1,2,3,98,2,US-259,CR-TRYON RD,99,32.58,-94.736,0,12,6,0,2,2,0,1,1,1,0,1,0,0,99,99,99,99,99,99,0,0,0,1,0,0
48,482418,2,2,0,0,0,2,2,55,0,20,9,2016,3,15,23,0,1,4,98,3,SR-80,OLD BASTROP HWY,15,29.867,-97.89,0,12,2,0,1,1,0,1,1,1,0,1,0,0,99,99,99,99,99,99,0,0,0,1,0,2
48,482419,3,3,0,0,0,4,4,67,0,20,9,2016,3,11,59,0,1,4,98,3,SR-49,,190,32.882,-94.54,0,12,1,0,1,1,1,1,1,1,0,1,0,0,12,7,12,26,13,45,0,0,0,1,0,1
48,482423,2,2,0,0,0,2,2,223,0,21,9,2016,4,5,28,1,1,1,1,7,I-30,,70,33.126,-95.743,0,12,1,0,1,1,0,1,2,1,0,1,0,0,99,98,99,98,88,88,0,0,0,1,0,1
48,482426,2,2,0,0,0,2,2,35,0,22,9,2016,5,8,50,1,1,3,98,3,SR-6,,121,31.965,-97.8,0,12,1,0,1,1,1,1,1,1,0,1,0,0,8,59,9,8,9,43,0,0,0,1,0,2
48,482428,1,1,0,0,0,1,1,143,0,22,9,2016,5,0,28,0,1,4,98,2,US-281,,166,32.298,-98.189,0,38,0,0,1,1,0,5,2,1,0,1,0,0,99,98,99,98,88,88,0,0,0,1,1,0
48,482431,1,1,0,0,0,1,1,455,0,22,9,2016,5,18,30,0,1,4,98,2,US-287,,191,31.014,-95.023,0,1,0,0,1,1,0,4,1,1,0,1,0,0,99,99,99,99,99,99,0,0,0,1,0,0