STATE,ST_CASE,VE_TOTAL,VE_FORMS,PVH_INVL,PEDS,PERNOTMVIT,PERMVIT,PERSONS,COUNTY,CITY,DAY,MONTH,YEAR,DAY_WEEK,HOUR,MINUTE,NHS,RUR_URB,FUNC_SYS,RD_OWNER,ROUTE,TWAY_ID,TWAY_ID2,MILEPT,LATITUDE,LONGITUD,SP_JUR,HARM_EV,MAN_COLL,RELJCT1,RELJCT2,TYP_INT,WRK_ZONE,REL_ROAD,LGT_COND,WEATHER1,WEATHER2,WEATHER,SCH_BUS,RAIL,NOT_HOUR,NOT_MIN,ARR_HOUR,ARR_MIN,HOSP_HR,HOSP_MN,CF1,CF2,CF3,FATALS,DRUNK_DR,RANK
48,482434,2,2,0,0,0,2,2,499,0,23,9,2016,6,6,25,0,1,4,98,2,US-80,,28,32.674,-95.526,0,12,6,0,8,1,0,1,4,1,0,1,0,0,99,98,99,98,88,88,0,0,0,1,0,1
48,482437,1,1,0,0,0,1,1,223,0,25,9,2016,1,18,12,0,1,4,98,3,SR-154,,122,32.992,-95.596,0,42,0,0,1,1,0,4,1,10,0,10,0,0,99,98,99,98,88,88,0,0,0,1,0,2
48,482440,1,1,0,1,1,1,1,39,4306,27,9,2016,3,20,6,1,2,2,98,3,SR-288,,68,29.502,-95.389,0,8,0,0,1,1,0,1,2,1,0,1,0,0,99,99,99,99,99,99,0,0,0,1,0,1
48,482447,2,2,0,0,0,2,2,173,0,29,8,2016,2,19,3,1,1,3,98,3,SR-158,,144,31.863,-101.558,0,12,6,0,1,1,0,1,5,2,0,2,0,0,99,99,99,99,99,99,0,0,0,1,0,2
48,482449,2,2,0,0,0,4,4,119,1530,11,9,2016,1,12,30,1,1,3,98,3,SR-24,FM64,96,33.376,-95.702,0,1,0,0,2,2,0,1,1,1,0,1,0,0,12,32,12,35,13,13,0,0,0,2,0,2
48,482450,2,2,0,0,0,3,3,39,0,13,9,2016,3,6,35,1,1,3,98,3,SR-36,,98,29.192,-95.681,0,12,2,0,1,1,0,1,4,10,0,10,0,0,7,2,7,26,8,11,0,0,0,2,0,1
48,482453,2,2,0,0,0,2,2,291,0,14,9,2016,4,5,12,0,1,4,98,2,US-90,,312,30.022,-94.521,0,12,2,0,1,1,0,1,2,1,0,1,0,0,99,98,99,98,88,88,0,0,0,1,0,0
48,482462,1,1,0,0,0,1,1,135,0,21,9,2016,4,19,10,1,2,1,1,1,I-20,,326,31.817,-102.389,0,1,0,0,1,1,1,10,3,1,0,1,0,0,99,98,99,98,88,88,0,0,0,1,1,1
48,482463,1,1,0,0,0,1,1,163,0,21,9,2016,4,14,59,1,1,1,1,1,I-35,,242,28.836,-99.114,0,1,0,0,1,1,0,10,1,10,0,10,0,0,99,98,99,98,88,88,0,0,0,1,0,1
48,482473,1,1,0,0,0,2,2,265,0,26,9,2016,2,7,30,0,1,4,98,2,US-83,,127,30.141,-99.72,0,42,0,0,1,1,0,4,4,2,0,2,0,0,7,58,8,37,9,43,0,0,0,1,0,0
48,482476,1,1,0,0,0,1,1,351,0,27,9,2016,3,18,40,0,1,5,98,3,SR-87,,45,30.577,-93.786,0,59,0,0,1,1,0,4,5,1,0,1,0,0,99,99,99,99,99,99,0,0,0,1,0,1
48,482479,2,2,0,0,0,3,3,5,0,30,9,2016,6,17,6,1,1,3,98,3,SR-103,,68,31.344,-94.608,0,12,2,0,1,1,0,1,1,1,0,1,0,0,99,99,99,99,99,99,0,0,0,1,0,2
48,482480,1,1,0,1,1,1,1,29,6090,30,9,2016,6,4,47,1,2,2,98,2,US-281,,206,29.508,-98.477,0,8,0,1,18,1,1,1,3,1,0,1,0,0,99,98,99,98,88,88,0,0,0,1,0,0
48,482481,2,2,0,0,0,4,4,71,0,30,9,2016,6,6,15,1,1,1,1,1,I-10,,93,29.836,-94.554,0,12,1,0,1,1,0,1,2,1,0,1,0,0,6,27,7,1,7,33,23,0,0,2,0,1
48,482498,1,1,0,2,2,1,1,303,0,30,9,2016,6,4,30,1,1,3,98,2,US-62,,411,33.667,-101.58,0,8,0,0,1,1,0,1,2,10,0,10,0,0,99,98,99,98,88,88,0,0,0,2,0,0
48,482506,2,2,0,0,0,5,5,113,2590,11,9,2016,1,2,25,1,2,1,1,1,I-635 LBJ FWY,,9,32.878,-96.688,0,12,1,0,1,1,0,1,3,1,0,1,0,0,99,99,99,99,99,99,0,0,0,2,0,2
48,482516,2,2,0,1,1,2,2,209,6170,28,9,2016,4,2,1,1,2,1,1,1,I-35,,37,29.84,-97.972,0,12,1,0,1,1,0,1,2,1,0,1,0,0,2,1,2,14,2,58,23,15,0,1,1,1
48,482526,4,4,0,1,1,4,4,201,3280,30,9,2016,6,6,0,1,2,1,1,1,I-45 NORTH FWY,,311,29.857,-95.401,0,8,0,0,1,1,0,1,3,1,0,1,0,0,99,98,99,98,88,88,0,0,0,1,0,0
48,482528,1,1,0,0,0,1,1,231,0,30,9,2016,6,14,48,0,1,4,98,3,SR-34,,45,32.93,-96.121,0,3,0,0,1,1,0,4,1,1,0,1,0,0,14,49,15,12,15,42,0,0,0,1,0,2
48,482530,4,4,0,0,0,4,4,239,0,1,10,2016,7,16,22,1,1,3,98,2,US-59,,168,28.934,-96.734,0,12,2,0,1,1,0,1,1,1,0,1,0,0,99,98,99,98,88,88,0,0,0,2,0,0
48,482534,2,2,0,0,0,3,3,285,0,2,10,2016,1,18,8,0,1,4,98,2,US-77,FM532,46,29.289,-96.969,0,12,6,0,2,2,0,1,1,1,0,1,0,0,99,99,99,99,99,99,0,0,0,2,0,0
48,482541,1,1,0,0,0,1,1,397,5910,5,10,2016,4,7,0,1,1,1,1,1,I-30,,59,32.912,-96.447,0,25,0,0,1,1,1,3,2,1,0,1,0,0,99,98,99,98,88,88,0,0,0,1,1,1
48,482543,1,1,0,0,0,1,1,115,0,6,10,2016,5,16,16,1,1,3,98,2,US-87,,85,32.861,-101.887,0,1,0,0,1,1,0,4,1,1,0,1,0,0,16,17,16,28,16,54,0,0,0,1,0,1
48,482545,2,2,0,0,0,3,3,353,6720,6,10,2016,5,17,20,1,2,1,1,1,I-20,,165,32.453,-100.392,0,12,7,0,5,1,0,1,1,10,0,10,0,0,17,20,17,24,17,46,0,0,0,1,0,1
48,482547,2,2,0,0,0,2,2,29,6090,7,10,2016,6,21,9,1,2,1,1,7,I-35,,357,29.546,-98.368,0,12,6,0,8,1,0,1,3,10,0,10,0,0,99,98,99,98,88,88,0,0,0,1,1,1
48,482553,2,2,0,0,0,3,3,187,6290,8,10,2016,7,17,47,1,1,3,98,2,US-90,FM 725,210,29.555,-98.029,0,12,6,0,2,2,0,1,1,1,0,1,0,0,99,99,99,99,99,99,0,0,0,1,0,0
48,482559,1,1,0,1,1,1,1,423,7070,10,10,2016,2,15,56,1,2,3,98,2,US-271,OLD GLADEWATER HWY,101,32.381,-95.279,0,8,0,0,3,3,0,1,1,1,0,1,0,0,99,98,99,98,88,88,0,0,0,1,0,0
48,482561,3,3,0,0,0,3,3,227,0,15,8,2016,2,14,57,1,1,1,1,1,I-20,,393,32.302,-101.252,0,12,8,0,1,1,0,1,1,1,0,1,0,0,14,28,14,43,15,51,0,0,0,1,1,1
48,482564,1,1,0,0,0,1,1,37,0,16,9,2016,6,2,0,0,1,5,98,2,US-259,,218,33.385,-94.68,0,59,0,0,1,1,0,4,2,10,0,10,0,0,99,98,99,98,88,88,0,0,0,1,1,0
48,482565,1,1,0,0,0,1,1,355,1550,22,9,2016,5,2,38,1,2,1,1,1,I-37,,163,27.886,-97.626,0,52,0,0,1,1,0,10,2,1,0,1,0,0,99,98,99,98,88,88,0,0,0,1,0,1
48,482566,1,1,0,0,0,1,1,37,0,26,9,2016,2,20,15,1,1,1,1,1,I-30,,78,33.385,-94.602,0,21,0,1,19,1,0,10,2,1,0,1,0,0,99,98,99,98,88,88,0,0,0,1,0,1
48,482568,2,2,0,0,0,2,2,349,0,4,10,2016,3,14,23,0,1,4,98,3,SR-14,,63,31.848,-96.447,0,12,8,0,1,1,0,1,1,1,0,1,0,0,99,98,99,98,88,88,0,0,0,1,0,2
48,482571,4,4,0,0,0,6,6,267,0,6,10,2016,5,23,3,1,1,1,1,1,I-10,,162,30.522,-99.877,0,12,1,0,1,1,0,1,2,1,0,1,0,0,99,99,99,99,99,99,26,0,0,1,0,1
48,482572,1,1,0,0,0,1,1,289,0,6,10,2016,5,18,45,1,1,1,1,1,I-45,,120,31.264,-95.988,0,1,0,0,1,1,0,1,5,1,0,1,0,0,99,98,99,98,88,88,0,0,0,1,0,1
48,482575,1,1,0,1,1,1,1,61,0,7,10,2016,6,22,45,1,1,3,98,3,SR-100,,212,26.081,-97.257,0,8,0,0,1,1,0,1,3,10,0,10,0,0,99,98,99,98,88,88,0,0,0,1,0,1
48,482577,1,1,0,0,0,1,1,29,6090,8,10,2016,7,3,23,1,2,1,1,1,I-10,,66,29.429,-98.416,0,24,0,0,1,1,0,4,3,1,0,1,0,0,99,98,99,98,88,88,0,0,0,1,1,1
48,482580,2,2,0,0,0,2,2,27,6810,10,10,2016,2,13,49,1,2,1,1,1,I-35,,216,31.093,-97.378,0,12,1,0,1,1,1,1,1,1,0,1,0,0,99,98,99,98,88,88,0,0,0,1,0,1
48,482586,1,1,0,0,0,1,1,139,7270,14,10,2016,6,11,25,1,2,1,1,7,I-35,,279,32.474,-96.836,0,21,0,0,1,1,1,5,1,10,0,10,0,0,99,99,99,99,99,99,0,0,0,1,0,1
48,482587,1,1,0,0,0,1,1,141,2190,15,10,2016,7,10,42,1,2,1,1,1,I-10,,249,31.781,-106.416,0,25,0,0,1,1,0,3,1,1,0,1,0,0,10,43,10,52,11,3,0,0,0,1,1,1
48,482590,2,1,1,2,2,1,1,139,0,3,10,2016,2,19,0,1,2,1,1,1,I-35,,180,32.341,-96.856,0,8,0,0,1,1,1,4,1,1,0,1,0,0,99,99,99,99,99,99,0,0,0,2,0,1
48,482591,1,1,0,0,0,1,1,1,0,4,10,2016,3,8,58,1,1,3,98,2,US-79,,88,31.784,-95.608,0,1,0,0,1,1,0,4,1,1,0,1,0,0,99,98,99,98,88,88,0,0,0,1,1,0
48,482596,2,2,0,0,0,3,3,365,1200,15,10,2016,7,0,55,1,2,3,98,2,US-59,FORSYTHE ST,6,32.148,-94.324,0,12,6,0,2,2,0,1,3,1,0,1,0,0,99,98,99,98,88,88,0,0,0,2,1,0
48,482607,1,1,0,0,0,3,3,5,0,10,10,2016,2,13,50,1,1,3,98,2,US-59,,139,31.138,-94.809,0,43,0,0,1,1,0,3,1,1,0,1,0,0,99,99,99,99,99,99,0,0,0,1,0,0
48,482608,2,2,0,0,0,2,2,37,0,10,10,2016,2,17,13,0,1,6,98,2,US-259,FM 1701,69,33.513,-94.638,0,12,2,0,2,3,0,1,1,1,0,1,0,0,99,99,99,99,99,99,0,0,0,1,0,0
48,482612,1,1,0,1,1,2,2,361,0,11,10,2016,3,20,30,1,1,1,1,1,I-10,,123,30.131,-93.911,0,8,0,1,20,1,1,1,2,1,0,1,0,0,99,98,99,98,88,88,0,0,0,1,0,1
48,482613,3,3,0,0,0,6,6,29,6090,12,10,2016,4,11,27,1,2,1,1,1,I-35,,168,29.351,-98.534,0,12,1,1,18,1,0,1,1,1,0,1,0,0,99,99,99,99,99,99,14,23,0,1,0,1
48,482615,3,3,0,0,0,4,4,441,0,13,10,2016,5,7,43,1,1,1,1,1,I-20,,46,32.483,-100.09,0,57,0,0,1,1,0,3,4,10,0,10,0,0,99,99,99,99,99,99,0,0,0,1,0,1
48,482616,1,1,0,0,0,3,3,201,3280,14,10,2016,6,1,16,1,2,1,1,1,I-45 NORTH FWY,,354,29.912,-95.413,0,52,0,1,19,1,0,10,3,10,0,10,0,0,1,15,1,19,1,47,0,0,0,1,0,0
48,482619,1,1,0,0,0,2,2,201,3890,15,10,2016,7,21,5,1,2,2,98,3,SR-146,,97,29.688,-95.03,0,20,0,1,19,1,0,3,3,1,0,1,0,0,99,98,99,98,88,88,0,0,0,1,1,2
48,482620,1,1,0,0,0,2,2,207,0,15,10,2016,7,20,5,0,1,4,98,2,US-380,,40,33.188,-99.926,0,11,0,0,1,1,0,1,2,1,0,1,0,0,99,99,99,99,99,99,0,0,0,1,0,0
48,482624,1,1,0,0,0,1,1,399,0,16,10,2016,1,14,48,1,1,3,98,2,US-83,,132,31.904,-99.963,0,35,0,0,1,1,0,4,1,1,0,1,0,0,99,98,99,98,88,88,0,0,0,1,0,0
48,482625,2,2,0,0,0,3,3,113,1730,17,10,2016,2,23,45,1,2,2,98,2,US-75 CENTRAL EXPY,,143,32.797,-96.793,0,12,2,1,18,1,0,1,3,1,0,1,0,0,99,99,99,99,99,99,0,0,0,2,1,1
48,482634,2,2,0,0,0,3,3,223,0,10,10,2016,2,6,43,1,1,3,98,3,SR-19,,114,33.19,-95.588,0,12,2,0,1,1,0,1,2,10,0,10,1,0,6,46,6,55,7,9,0,0,0,2,0,2
48,482636,3,3,0,0,0,3,3,289,0,15,10,2016,7,10,55,0,1,4,98,3,SR-75,,119,31.337,-95.994,0,12,2,0,1,1,0,1,1,1,0,1,0,0,10,55,11,14,11,47,14,0,0,1,0,1
48,482637,3,3,0,0,0,7,7,27,570,17,10,2016,2,9,7,1,1,3,98,2,US-190,,235,31.056,-97.533,0,12,1,0,1,1,0,1,1,1,0,1,0,0,99,98,99,98,88,88,19,0,0,1,0,0
48,482639,2,2,0,0,0,2,2,135,5030,4,9,2016,1,14,0,1,2,1,1,1,I-20,,352,31.829,-102.35,0,12,7,0,1,1,0,1,1,1,0,1,0,0,14,1,14,6,14,17,0,0,0,1,0,1
48,482644,2,2,0,0,0,3,3,209,0,1,10,2016,7,21,17,1,1,3,98,2,US-290,,144,30.196,-98.005,0,12,6,0,1,1,0,1,3,1,0,1,0,0,99,99,99,99,99,99,0,0,0,1,0,1
48,482646,1,1,0,0,0,1,1,289,3939,3,10,2016,2,9,11,1,1,1,1,7,I-45,,44,31.151,-95.984,0,35,0,0,1,1,0,4,1,1,0,1,0,0,9,16,9,24,10,20,0,0,0,1,0,1
48,482653,1,1,0,0,0,1,1,331,0,9,10,2016,1,13,35,1,1,3,98,2,US-79,,66,30.78,-96.728,0,34,0,0,1,1,0,4,1,1,0,1,0,0,99,98,99,98,88,88,0,0,0,1,0,0
48,482656,1,1,0,0,0,1,1,39,0,12,10,2016,4,21,44,0,1,4,98,3,SR-35,OLD FM524,562,29.083,-95.751,0,46,0,0,3,2,0,4,3,1,0,1,0,0,99,99,99,99,99,99,0,0,0,1,0,1
48,482660,1,1,0,0,0,1,1,499,0,15,10,2016,7,23,43,0,1,4,98,3,SR-11,,24,32.953,-95.263,0,1,0,0,1,1,0,4,2,1,0,1,0,0,99,98,99,98,88,88,0,0,0,1,1,2
48,482664,2,2,0,0,0,2,2,117,0,17,10,2016,2,9,40,0,2,4,98,2,US-385,,245,34.842,-102.405,0,12,1,0,1,1,1,1,1,1,0,1,0,0,99,99,99,99,99,99,0,0,0,1,0,0
48,482665,2,2,0,0,0,2,2,221,0,17,10,2016,2,8,55,0,1,5,98,3,SR-144,FM2425,92,32.332,-97.755,0,12,6,0,2,2,0,1,1,1,0,1,0,0,99,99,99,99,99,99,0,0,0,1,0,2
48,482669,2,2,0,0,0,3,3,241,0,18,10,2016,3,13,0,0,1,4,98,2,US-190,,84,30.885,-94.068,0,12,2,0,1,1,0,1,1,1,0,1,0,0,99,99,99,99,99,99,0,0,0,1,0,0
48,482670,2,2,0,0,0,2,2,183,0,19,10,2016,4,1,22,1,1,1,1,1,I-20,,93,32.435,-94.823,0,12,1,0,1,1,0,1,2,1,0,1,0,0,99,98,99,98,88,88,0,0,0,1,0,1
48,482672,1,1,0,0,0,1,1,113,1730,20,10,2016,5,4,15,1,2,1,1,7,I-635 LBJ FWY,,135,32.91,-96.887,0,18,0,0,5,1,0,8,3,1,0,1,0,0,99,99,99,99,99,99,0,0,0,1,0,1
48,482676,3,3,0,0,0,3,3,325,0,21,10,2016,6,4,50,0,1,4,98,3,SR-16,,14,29.662,-98.824,0,12,2,0,1,1,0,1,2,1,0,1,0,0,99,99,99,99,99,99,0,0,0,1,1,2
48,482677,1,1,0,0,0,1,1,419,0,21,10,2016,6,14,11,0,1,4,98,3,SR-87,,214,31.78,-94.108,0,53,0,0,1,1,0,4,1,1,0,1,0,0,99,99,99,99,99,99,0,0,0,1,0,1
48,482678,1,1,0,0,0,1,1,491,5990,21,10,2016,6,13,46,1,2,1,1,1,I-35,,62,30.573,-97.693,0,52,0,0,1,1,0,4,1,1,0,1,0,0,99,98,99,98,88,88,0,0,0,1,0,1
48,482679,3,2,1,1,2,2,3,113,3420,22,10,2016,7,10,32,1,2,1,1,1,I-635 LBJ FWY,,27,32.91,-96.935,0,14,0,0,5,1,0,8,1,1,0,1,0,0,11,4,11,9,11,33,15,0,0,1,1,1
48,482680,1,1,0,0,0,2,2,183,0,22,10,2016,7,9,7,0,1,4,98,2,US-259,,71,32.614,-94.757,0,1,0,0,1,1,0,1,1,1,0,1,0,0,9,7,9,18,9,33,0,0,0,1,0,0
48,482694,2,2,0,0,0,5,5,365,0,26,9,2016,2,7,2,1,1,3,98,2,US-59,,33,32.277,-94.35,0,12,1,0,1,1,0,1,4,1,0,1,0,0,7,6,7,20,8,4,23,0,0,1,0,0
48,482700,2,2,0,0,0,2,2,121,4960,9,10,2016,1,2,56,1,2,1,1,7,I-35,SR-114,30,33.026,-97.273,0,12,6,1,2,2,0,1,2,1,0,1,0,0,99,98,99,98,88,88,0,0,0,1,1,1
48,482709,2,2,0,0,0,2,2,105,0,17,10,2016,2,21,11,1,1,1,1,1,I-10,,109,30.738,-101.655,0,12,1,0,1,1,0,1,2,1,0,1,0,0,99,98,99,98,88,88,0,0,0,1,0,1
48,482711,1,1,0,0,0,1,1,39,0,18,10,2016,3,5,44,1,1,3,98,3,SR-288,,262,29.237,-95.454,0,42,0,0,1,1,0,4,2,10,0,10,0,0,99,99,99,99,99,99,0,0,0,1,0,1
48,482714,1,1,0,0,0,2,2,457,0,18,10,2016,3,5,50,1,1,3,98,2,US-69,,19,30.646,-94.4,0,34,0,0,1,1,0,4,2,5,0,5,0,0,5,48,6,0,6,34,0,0,0,1,0,0
48,482717,1,1,0,0,0,1,1,453,330,19,10,2016,4,2,23,1,2,1,1,1,I-35,,152,30.232,-97.742,0,24,0,0,1,1,0,4,3,1,0,1,0,0,99,98,99,98,88,88,0,0,0,1,0,1
48,482718,2,2,0,0,0,3,3,111,0,20,10,2016,5,6,29,1,1,3,98,2,US-54,,12,36.143,-102.393,0,12,2,0,1,1,0,1,2,1,0,1,0,0,99,98,99,98,88,88,0,0,0,1,0,0
48,482720,2,2,0,1,1,2,2,201,3280,20,10,2016,5,23,35,1,2,1,1,1,I-45 NORTH FWY,,255,29.779,-95.368,0,8,0,1,18,1,0,1,3,1,0,1,0,0,99,98,99,98,88,88,0,0,0,1,0,0
48,482722,1,1,0,0,0,1,1,439,260,20,10,2016,5,5,20,1,2,1,1,1,I-20,US-287,25,32.671,-97.209,0,1,0,1,5,1,0,4,2,10,0,10,0,0,5,20,5,27,5,49,0,0,0,1,0,1
48,482723,2,2,0,0,0,2,2,459,0,20,10,2016,5,8,26,1,1,3,98,2,US-271,,51,32.842,-94.952,0,12,6,0,1,1,0,1,1,2,0,2,0,0,8,31,8,39,9,38,0,0,0,1,0,0
48,482729,1,1,0,0,0,2,2,367,9997,21,10,2016,6,11,5,1,1,1,1,1,I-20,,253,32.755,-97.698,0,1,0,1,18,1,0,1,1,1,0,1,0,0,99,99,99,99,99,99,0,0,0,1,0,1
48,482730,3,3,0,0,0,8,8,399,0,21,10,2016,6,20,6,1,1,3,98,2,US-83,,190,31.816,-99.936,0,12,8,0,1,1,0,1,2,1,0,1,0,0,20,23,20,46,21,25,0,0,0,1,0,0
48,482731,4,4,0,0,0,7,7,477,1287,21,10,2016,6,17,25,1,1,3,98,2,US-290,FM 1155,264,30.135,-96.257,0,12,6,0,2,2,0,1,1,1,0,1,0,0,17,27,17,37,18,28,0,0,0,1,0,1
48,482734,2,2,0,0,0,1,1,167,3850,22,10,2016,7,0,8,1,2,1,1,1,I-45,,15,29.342,-94.947,0,12,1,0,1,1,0,1,2,1,0,1,0,0,99,98,99,98,88,88,19,0,0,1,1,1
48,482735,2,2,0,0,0,2,2,199,0,22,10,2016,7,14,17,1,1,3,98,2,US-69,,33,30.335,-94.271,0,12,2,0,1,1,0,1,1,1,0,1,0,0,99,98,99,98,88,88,0,0,0,2,0,0
48,482738,1,1,0,1,1,1,1,201,3280,22,10,2016,7,22,50,1,2,1,1,1,I-45 NORTH FWY,,262,29.789,-95.372,0,8,0,1,18,1,0,1,2,1,0,1,0,0,99,98,99,98,88,88,0,0,0,1,0,0
48,482740,2,1,1,0,1,1,2,29,0,23,10,2016,1,2,21,1,1,1,1,1,I-37,,77,29.21,-98.416,0,14,0,0,1,1,0,2,2,1,0,1,0,0,99,98,99,98,88,88,0,0,0,1,0,1
48,482743,2,2,0,0,0,2,2,89,0,24,10,2016,2,7,40,1,1,4,98,3,SR-71,,83,29.75,-96.604,0,12,2,0,1,1,0,1,1,1,0,1,0,0,7,47,8,8,8,52,0,0,0,1,0,2
48,482746,2,2,0,0,0,2,2,201,3320,24,10,2016,2,16,36,1,2,1,1,7,I-59,FM 1960,14,30.005,-95.268,0,12,7,1,3,2,0,1,1,1,0,1,0,0,99,98,99,98,88,88,0,0,0,1,0,1
48,482747,2,2,0,0,0,3,3,257,6830,24,10,2016,2,9,39,1,2,1,1,1,I-20,,72,32.696,-96.256,0,1,0,0,1,1,0,3,1,1,0,1,0,0,99,98,99,98,88,88,0,0,0,3,0,1
48,482750,1,1,0,0,0,1,1,47,0,25,10,2016,3,16,19,1,1,3,98,2,US-281,,161,27.03,-98.14,0,1,0,0,1,1,0,3,1,1,0,1,0,0,16,26,16,58,17,50,0,0,0,1,0,0
48,482753,1,1,0,0,0,2,2,89,0,26,10,2016,4,7,37,1,1,1,1,1,I-10,,235,29.716,-96.466,0,52,0,0,1,1,0,4,1,10,0,10,0,0,7,35,7,51,8,41,0,0,0,1,0,1
48,482755,1,1,0,0,0,1,1,329,4560,26,10,2016,4,12,5,1,2,1,1,7,I-20,,130,31.969,-102.091,0,43,0,0,1,1,0,4,1,1,0,1,0,0,99,98,99,98,88,88,0,0,0,1,0,1
48,482763,2,2,0,0,0,2,2,395,0,28,10,2016,6,12,54,1,1,3,98,2,US-190,,103,30.776,-96.491,0,1,0,0,1,1,0,1,1,1,0,1,0,0,99,99,99,99,99,99,0,0,0,1,0,0
48,482766,1,1,0,0,0,1,1,441,0,29,10,2016,7,22,46,1,1,1,1,1,I-20,,46,32.481,-100.082,0,1,0,0,1,1,0,1,2,1,0,1,0,0,99,98,99,98,88,88,0,0,0,1,0,1
48,482782,2,2,0,0,0,3,3,175,0,13,10,2016,5,13,7,1,1,3,98,2,US-59,,101,28.679,-97.326,0,12,1,0,1,1,0,1,1,1,0,1,0,0,99,99,99,99,99,99,0,0,0,1,0,0
48,482783,2,2,0,0,0,2,2,455,0,21,10,2016,6,13,5,0,1,4,98,3,SR-19,,132,30.889,-95.376,0,12,1,0,1,1,0,1,1,1,0,1,0,0,99,99,99,99,99,99,0,0,0,1,0,2
48,482784,2,2,0,0,0,3,3,65,0,24,10,2016,2,20,50,1,1,1,1,1,I-40,,20,35.221,-101.592,0,12,2,0,1,1,0,1,2,1,0,1,0,0,20,51,21,15,99,99,0,0,0,1,0,1
48,482790,1,1,0,0,0,1,1,225,0,29,10,2016,7,13,10,0,1,4,98,2,US-287,,274,31.474,-95.466,0,1,0,0,1,1,0,4,1,1,0,1,0,0,99,99,99,99,99,99,0,0,0,1,0,0
48,482791,2,2,0,0,0,2,2,453,330,12,6,2016,1,1,53,1,2,1,1,1,I-35,,151,30.23,-97.743,0,12,1,0,1,1,0,1,3,1,0,1,0,0,1,53,2,1,2,14,19,0,0,1,1,1
48,482792,2,2,0,0,0,2,2,39,130,29,9,2016,5,21,34,0,2,3,98,3,SR-6,1/2 ST,127,29.432,-95.252,0,12,6,0,2,3,0,1,3,1,0,1,0,0,21,40,21,54,22,25,23,0,0,1,0,2
48,482793,2,1,1,0,1,3,4,355,1550,2,10,2016,1,5,31,1,2,1,1,1,I-37,,126,27.852,-97.588,0,14,0,0,1,1,0,2,3,10,0,10,0,0,5,32,5,41,5,46,0,0,0,1,0,1
48,482803,1,1,0,0,0,1,1,147,0,23,10,2016,1,17,40,0,1,5,98,3,SR-11,,106,33.471,-96.208,0,42,0,0,1,1,0,4,6,1,0,1,0,0,99,98,99,98,88,88,0,0,0,1,1,2
48,482808,2,2,0,0,0,2,2,343,5090,25,10,2016,3,13,43,0,1,4,98,2,US-259,US-67,88,33.181,-94.733,0,12,6,0,2,2,0,1,1,1,0,1,0,0,99,99,99,99,99,99,0,0,0,1,0,0
48,482809,2,2,0,0,0,3,3,83,7105,26,10,2016,4,17,34,1,1,3,98,2,US-67,1ST ST,143,31.754,-99.551,0,12,6,0,2,2,0,1,1,1,0,1,0,0,17,38,18,17,18,40,0,0,0,1,0,0
48,482813,3,2,1,0,1,4,5,339,1510,26,10,2016,4,11,6,1,1,3,98,3,SR-105,,170,30.342,-95.546,0,12,1,0,1,1,2,1,1,1,0,1,0,0,99,99,99,99,99,99,0,0,0,1,0,2
48,482815,1,1,0,0,0,1,1,113,1730,27,10,2016,5,19,57,1,2,2,98,7,US-75 CENTRAL EXPY,,58,32.919,-96.766,0,31,0,1,19,1,0,4,3,1,0,1,0,0,99,98,99,98,88,88,0,0,0,1,1,1
48,482817,2,2,0,0,0,3,3,267,0,27,10,2016,5,14,30,1,1,3,98,2,US-290,,104,30.298,-99.387,0,12,2,0,1,1,0,1,1,1,0,1,0,0,99,98,99,98,88,88,0,0,0,3,0,1
48,482818,2,2,0,0,0,3,3,375,0,27,10,2016,5,6,27,1,1,3,98,2,US-87,,237,35.44,-101.865,0,12,2,0,1,1,0,1,2,1,0,1,0,0,99,99,99,99,99,99,0,0,0,2,0,1
48,482819,2,2,0,0,0,3,3,443,0,27,10,2016,5,22,30,1,1,3,98,2,US-90,,144,30.111,-102.376,0,12,2,0,1,1,0,2,2,1,0,1,0,0,99,98,99,98,88,88,0,0,0,1,1,0
48,482823,1,1,0,0,0,1,1,231,0,28,10,2016,6,13,38,1,1,3,98,3,SR-24,,57,33.174,-95.938,0,32,0,0,1,1,0,4,1,1,0,1,0,0,99,98,99,98,88,88,0,0,0,1,0,2
48,482826,2,2,0,1,1,2,2,201,3280,29,10,2016,7,22,33,1,2,1,1,7,I-45,CROSSTIMBERST ST,289,29.829,-95.381,0,8,0,1,3,2,0,1,3,1,0,1,0,0,22,34,22,42,23,11,0,0,0,1,1,1
48,482834,2,2,0,0,0,6,6,423,0,30,10,2016,1,17,35,1,1,1,1,1,I-20,,161,32.462,-95.324,0,12,7,0,1,1,0,1,1,1,0,1,0,0,99,99,99,99,99,99,0,0,0,2,0,1
48,482835,2,2,0,0,0,3,3,149,0,31,10,2016,2,20,32,1,1,1,1,1,I-10,,169,29.69,-96.935,0,12,2,0,1,1,0,1,2,1,0,1,0,0,99,98,99,98,88,88,0,0,0,3,0,1
48,482836,1,1,0,0,0,1,1,239,0,31,10,2016,2,15,19,0,1,5,98,3,SR-111,,143,29.03,-96.666,0,58,0,0,1,1,0,4,1,1,0,1,0,0,99,98,99,98,88,88,0,0,0,1,0,1