STATE,ST_CASE,VE_TOTAL,VE_FORMS,PVH_INVL,PEDS,PERNOTMVIT,PERMVIT,PERSONS,COUNTY,CITY,DAY,MONTH,YEAR,DAY_WEEK,HOUR,MINUTE,NHS,RUR_URB,FUNC_SYS,RD_OWNER,ROUTE,TWAY_ID,TWAY_ID2,MILEPT,LATITUDE,LONGITUD,SP_JUR,HARM_EV,MAN_COLL,RELJCT1,RELJCT2,TYP_INT,WRK_ZONE,REL_ROAD,LGT_COND,WEATHER1,WEATHER2,WEATHER,SCH_BUS,RAIL,NOT_HOUR,NOT_MIN,ARR_HOUR,ARR_MIN,HOSP_HR,HOSP_MN,CF1,CF2,CF3,FATALS,DRUNK_DR,RANK
48,482837,1,1,0,0,0,1,1,451,0,31,10,2016,2,17,49,0,1,4,98,2,US-67,,93,31.562,-100.272,0,1,0,0,1,1,0,1,1,1,0,1,0,0,99,98,99,98,88,88,0,0,0,1,0,0
48,482838,2,2,0,0,0,2,2,1,0,1,11,2016,3,12,45,1,1,3,98,2,US-79,,8,31.891,-95.434,0,12,6,0,1,1,0,2,1,10,0,10,0,0,99,99,99,99,99,99,0,0,0,1,0,0
48,482839,1,1,0,0,0,1,1,71,0,1,11,2016,3,23,1,1,1,1,1,1,I-10,,70,29.831,-94.8,0,20,0,1,5,1,0,8,3,1,0,1,0,0,99,98,99,98,88,88,0,0,0,1,0,1
48,482841,2,2,0,0,0,2,2,359,0,1,11,2016,3,7,43,0,1,4,98,2,US-385,,268,35.305,-102.383,0,12,6,0,1,1,0,1,4,1,0,1,0,0,99,98,99,98,88,88,0,0,0,2,0,0
48,482843,1,1,0,0,0,1,1,59,0,2,11,2016,4,22,39,1,1,1,1,1,I-20,,292,32.379,-99.142,0,1,0,0,1,1,0,10,2,10,0,10,0,0,99,98,99,98,88,88,0,0,0,1,1,1
48,482845,2,2,0,0,0,2,2,373,0,2,11,2016,4,7,5,1,1,3,98,2,US-59,,20,31.098,-94.813,0,12,1,0,1,1,0,1,4,1,0,1,0,0,7,15,7,37,8,24,0,0,0,1,0,0
48,482846,1,1,0,0,0,1,1,457,0,2,11,2016,4,14,0,1,1,3,98,2,US-69,,55,30.706,-94.408,0,42,0,0,1,1,0,4,1,1,0,1,0,0,99,99,99,99,99,99,0,0,0,1,0,0
48,482848,2,2,0,0,0,3,3,503,0,2,11,2016,4,12,23,0,1,4,98,3,SR-67,,71,33.093,-98.611,0,12,2,0,8,1,0,1,1,10,0,10,0,0,99,99,99,99,99,99,0,0,0,1,0,2
48,482851,2,2,0,0,0,2,2,293,0,3,11,2016,5,7,5,0,1,4,98,2,US-84,,93,31.656,-96.729,0,12,2,0,1,1,0,1,2,2,0,2,0,0,99,98,99,98,88,88,0,0,0,2,0,0
48,482852,2,2,0,0,0,4,4,353,6720,3,11,2016,5,8,6,1,2,1,1,1,I-20,,167,32.455,-100.389,0,12,2,0,1,1,0,1,1,2,0,2,0,0,8,16,8,20,9,11,0,0,0,2,0,1
48,482857,2,2,0,0,0,3,3,143,0,5,11,2016,7,7,10,0,1,4,98,2,US-281,,59,32.444,-98.138,0,12,6,0,1,1,0,1,2,2,0,2,0,0,7,12,7,31,8,8,0,0,0,1,0,0
48,482860,1,1,0,1,1,1,1,453,330,5,11,2016,7,7,20,1,2,2,98,7,US-290,,16,30.236,-97.833,0,9,0,0,1,1,0,1,3,10,0,10,0,0,99,98,99,98,88,88,0,0,0,1,0,1
48,482863,2,2,0,0,0,2,2,201,3280,6,11,2016,1,1,30,1,2,1,1,1,I-10,,57,29.777,-95.413,0,12,2,0,1,1,0,1,3,10,0,10,0,0,1,44,1,55,2,13,0,0,0,1,1,1
48,482864,1,1,0,0,0,1,1,245,0,6,11,2016,1,14,28,1,2,3,1,1,I-10,,67,29.921,-94.282,0,57,0,0,1,1,0,3,1,1,0,1,0,0,99,98,99,98,88,88,0,0,0,1,0,1
48,482865,1,1,0,1,1,1,1,467,0,6,11,2016,1,4,26,1,1,1,1,1,I-20,,247,32.515,-95.686,0,8,0,0,1,1,0,1,3,1,0,1,0,0,99,98,99,98,88,88,0,0,0,1,0,1
48,482872,1,1,0,1,1,1,1,113,6685,27,10,2016,5,22,0,1,2,2,98,2,US-80,,68,32.785,-96.564,0,8,0,0,1,1,0,1,2,1,0,1,0,0,99,98,99,98,88,88,0,0,0,1,0,1
48,482879,1,1,0,0,0,2,2,85,2320,18,10,2016,3,20,50,0,1,4,98,3,SR-78,CR-550,211,33.11,-96.411,0,5,0,0,2,3,0,1,2,1,0,1,0,0,99,99,99,99,99,99,0,0,0,1,0,1
48,482882,2,2,0,0,0,2,2,305,0,27,10,2016,5,16,20,1,1,3,98,2,US-87,CR-2,17,33.371,-101.806,0,12,6,0,2,3,0,1,1,1,0,1,0,0,16,20,16,42,16,52,0,0,0,1,0,1
48,482883,2,2,0,0,0,2,2,107,5620,28,10,2016,6,12,53,1,1,3,98,2,US-82,,111,33.674,-101.389,0,12,6,0,8,1,0,1,1,1,0,1,0,0,13,8,13,33,13,59,0,0,0,1,0,0
48,482887,1,1,0,0,0,2,2,249,0,29,10,2016,7,17,59,1,1,3,98,2,US-281,,135,27.862,-98.086,0,38,0,0,1,1,0,5,1,1,0,1,0,0,18,33,18,43,19,12,0,0,0,1,0,0
48,482891,2,2,0,0,0,2,2,185,0,31,10,2016,2,9,20,1,1,3,98,3,SR-6,FM 2,114,30.274,-96.042,0,12,6,0,2,2,0,1,1,5,0,5,0,0,99,98,99,98,88,88,0,0,0,1,0,2
48,482892,1,1,0,0,0,1,1,453,0,2,11,2016,4,2,43,1,2,1,1,7,I-35,,16,30.46,-97.667,0,32,0,0,1,1,0,4,2,2,0,2,0,0,99,98,99,98,88,88,0,0,0,1,0,1
48,482895,1,1,0,0,0,2,2,267,0,3,11,2016,5,15,10,1,1,1,1,1,I-10,,153,30.39,-99.618,0,1,0,0,1,1,0,1,1,2,0,2,0,0,15,12,15,30,16,45,0,0,0,1,0,1
48,482896,1,1,0,0,0,1,1,93,0,4,11,2016,6,12,25,1,1,3,98,2,US-67,,117,31.852,-98.754,0,30,0,0,1,1,0,4,1,1,0,1,0,0,12,28,12,41,13,20,0,0,0,1,0,0
48,482899,2,2,0,0,0,3,3,165,0,5,11,2016,7,22,17,0,1,4,98,2,US-180,,285,32.711,-102.596,0,12,6,0,8,1,0,1,2,10,0,10,0,0,22,17,22,23,22,50,0,0,0,1,1,0
48,482906,3,3,0,0,0,3,3,419,0,6,11,2016,1,16,24,0,1,4,98,3,SR-7,,8,31.666,-94.383,0,12,6,0,1,1,0,1,1,10,0,10,0,0,99,99,99,99,99,99,0,0,0,1,0,2
48,482908,1,1,0,0,0,1,1,333,0,7,11,2016,2,15,41,0,1,4,98,2,US-84,,106,31.464,-98.474,0,35,0,0,1,1,0,4,1,10,0,10,0,0,99,98,99,98,88,88,0,0,0,1,0,0
48,482911,1,1,0,0,0,4,4,201,3280,8,11,2016,3,10,16,1,2,1,1,1,I-45 NORTH FWY,,364,29.933,-95.412,0,25,0,0,1,1,0,3,1,10,0,10,0,0,10,19,10,34,11,2,0,0,0,1,0,0
48,482916,2,2,0,0,0,2,2,347,0,11,11,2016,6,18,38,1,1,3,98,2,US-59,,37,31.808,-94.52,0,12,2,0,1,1,0,1,2,1,0,1,0,0,99,98,99,98,88,88,0,0,0,1,1,0
48,482919,1,1,0,0,0,1,1,139,7270,12,11,2016,7,18,24,1,2,2,98,2,US-287,,431,32.406,-96.824,0,1,0,0,1,1,0,4,2,1,0,1,0,0,99,98,99,98,88,88,0,0,0,1,1,0
48,482920,3,3,0,0,0,3,3,29,6090,13,11,2016,1,5,23,1,2,2,98,2,US-281,,245,29.458,-98.482,0,12,2,1,18,1,0,1,3,10,0,10,0,0,99,99,99,99,99,99,0,0,0,1,0,0
48,482923,1,1,0,1,1,2,2,141,2190,13,11,2016,1,23,6,1,2,1,1,1,I-10,,282,31.765,-106.366,0,8,0,0,1,1,0,1,3,1,0,1,0,0,99,98,99,98,88,88,0,0,0,1,0,1
48,482924,2,2,0,0,0,3,3,471,0,14,11,2016,2,8,21,1,1,1,1,1,I-45,,306,30.867,-95.755,0,12,1,0,1,1,0,1,1,1,0,1,0,0,8,32,8,50,9,58,19,27,0,1,0,1
48,482926,1,1,0,0,0,1,1,113,1730,13,10,2016,5,15,45,1,2,1,1,1,I-35,,257,32.87,-96.898,0,1,0,1,18,1,0,1,1,1,0,1,0,0,99,99,99,99,99,99,0,0,0,1,0,1
48,482928,2,2,0,0,0,3,3,113,3350,19,10,2016,4,14,30,1,2,1,1,1,I-45,,62,32.633,-96.7,0,12,1,1,18,1,0,1,1,1,0,1,0,0,99,99,99,99,99,99,0,0,0,1,0,1
48,482934,1,1,0,0,0,1,1,233,0,4,11,2016,6,5,28,0,1,4,98,3,SR-152,,25,35.665,-101.352,0,24,0,0,1,1,0,4,2,1,0,1,0,0,99,98,99,98,88,88,0,0,0,1,0,1
48,482941,2,2,0,0,0,3,3,475,0,22,10,2016,7,0,47,1,2,1,1,1,I-20,I-20 RAMP,277,31.406,-103.551,0,12,6,1,2,4,0,1,2,1,0,1,0,0,0,49,0,56,1,22,0,0,0,1,1,1
48,482944,2,2,0,0,0,3,3,401,4740,31,10,2016,2,10,40,1,1,3,98,2,US-259,ANGELINA,183,31.915,-94.681,0,12,11,0,2,2,0,1,1,1,0,1,0,0,99,99,99,99,99,99,0,0,0,1,0,0
48,482945,2,2,0,0,0,3,3,299,0,1,11,2016,3,20,20,0,1,4,98,3,SR-71,,209,30.546,-98.459,0,12,2,0,1,1,0,1,2,1,0,1,0,0,20,28,20,39,21,40,0,0,0,1,1,2
48,482946,1,1,0,0,0,1,1,91,0,2,11,2016,4,2,45,1,1,3,98,2,US-281,,122,29.837,-98.411,0,32,0,0,1,1,0,4,7,10,0,10,0,0,99,98,99,98,88,88,0,0,0,1,1,0
48,482947,1,1,0,0,0,1,1,309,7210,3,11,2016,5,3,3,1,2,3,98,3,SR-6,,239,31.548,-97.074,0,1,0,0,1,1,1,1,2,10,0,10,0,0,99,98,99,98,88,88,19,0,0,1,0,2
48,482949,2,2,0,0,0,8,8,287,0,6,11,2016,1,17,55,1,1,3,98,2,US-290,,64,30.185,-96.957,0,12,1,0,1,1,0,1,2,2,0,2,0,0,18,0,18,16,19,7,0,0,0,1,0,1
48,482955,2,2,0,0,0,3,3,453,0,7,11,2016,2,3,14,1,1,3,98,3,SR-71,,23,30.189,-97.578,0,12,2,0,1,1,0,1,2,5,0,5,0,0,3,14,3,24,4,5,0,0,0,1,0,2
48,482958,2,2,0,0,0,2,2,231,0,9,11,2016,4,20,0,0,1,4,98,3,SR-11,,324,33.27,-95.92,0,12,1,0,1,1,0,1,2,1,0,1,0,0,99,98,99,98,88,88,0,0,0,1,0,2
48,482959,1,1,0,0,0,2,2,267,0,9,11,2016,4,3,54,1,1,1,1,1,I-10,,165,30.38,-99.61,0,24,0,0,1,1,0,4,2,2,0,2,0,0,99,98,99,98,88,88,0,0,0,1,0,1
48,482960,2,2,0,0,0,2,2,267,0,9,11,2016,4,12,30,1,1,1,1,1,I-10,,99,30.43,-99.696,0,12,6,0,1,1,0,1,1,2,0,2,0,0,99,99,99,99,99,99,0,0,0,1,0,1
48,482961,2,2,0,0,0,2,2,325,0,9,11,2016,4,10,17,0,1,4,98,3,SR-173,CR-548/ELSTONE RD,241,29.299,-99.096,0,12,6,0,2,2,0,1,1,10,0,10,0,0,10,21,10,27,11,19,0,0,0,1,1,2
48,482964,1,1,0,0,0,1,1,213,1284,10,11,2016,5,18,58,1,1,3,98,3,SR-31,,421,32.314,-95.454,0,59,0,0,1,1,0,4,2,1,0,1,0,0,99,98,99,98,88,88,0,0,0,1,0,2
48,482966,1,1,0,0,0,1,1,161,0,11,11,2016,6,18,15,1,1,1,1,1,I-45,,269,31.835,-96.286,0,1,0,0,1,1,0,4,2,1,0,1,0,0,99,98,99,98,88,88,0,0,0,1,0,1
48,482967,3,3,0,0,0,3,3,181,0,11,11,2016,6,6,58,0,1,4,98,2,US-377,,54,33.797,-96.875,0,59,0,0,1,1,0,4,1,1,0,1,0,0,99,98,99,98,88,88,0,0,0,1,0,0
48,482976,5,5,0,0,0,6,6,231,0,14,11,2016,2,15,20,1,1,1,1,1,I-30,,29,32.992,-96.252,0,12,1,0,1,1,0,1,1,1,0,1,0,0,15,22,15,35,16,10,0,0,0,1,0,1
48,482977,1,1,0,0,0,1,1,289,0,14,11,2016,2,18,55,0,1,4,98,3,SR-7,,20,31.265,-95.945,0,5,0,0,1,1,0,1,2,1,0,1,0,0,99,99,99,99,99,99,0,0,0,1,0,2
48,482982,2,2,0,1,1,2,2,453,330,16,11,2016,4,5,51,1,2,1,1,1,I-35,,208,30.306,-97.713,0,8,0,0,1,1,0,1,3,1,0,1,0,0,99,98,99,98,88,88,0,0,0,1,0,1
48,482983,1,1,0,1,1,1,1,21,2160,17,11,2016,5,19,17,1,2,3,98,2,US-290,,24,30.339,-97.375,0,8,0,0,1,1,0,1,2,1,0,1,0,0,99,98,99,98,88,88,0,0,0,1,0,1
48,482984,2,2,0,0,0,2,2,71,9997,17,11,2016,5,15,4,1,2,3,98,3,SR-146,,70,29.788,-94.911,0,32,0,0,1,1,0,4,1,1,0,1,0,0,15,7,15,14,88,88,20,0,0,1,1,2
48,482986,1,1,0,1,1,1,1,27,570,18,11,2016,6,18,15,1,2,1,1,7,I-35,,145,31.038,-97.472,0,9,0,0,1,1,0,1,2,1,0,1,0,0,18,15,18,22,18,38,0,0,0,1,0,1
48,482990,2,2,0,0,0,2,2,209,3760,23,11,2016,4,23,45,1,2,1,1,7,I-35,CR-122 BEBEE RD,183,30.02,-97.855,0,12,6,0,3,3,0,1,2,1,0,1,0,0,99,98,99,98,88,88,0,0,0,1,1,1
48,482996,2,2,0,0,0,3,3,435,0,17,11,2016,5,0,57,1,1,1,1,1,I-10,,28,30.617,-100.754,0,12,6,0,1,1,0,1,2,1,0,1,0,0,99,99,99,99,99,99,0,0,0,1,0,1
48,482997,2,2,0,0,0,2,2,497,0,21,11,2016,2,19,22,1,1,3,98,2,US-81,,103,33.33,-97.67,0,12,6,0,1,1,0,1,2,1,0,1,0,0,99,98,99,98,88,88,0,0,0,1,0,0
48,483003,1,1,0,1,1,2,2,29,6090,20,8,2016,7,23,4,1,2,3,98,2,US-87,PECAN VALLEY,8,29.398,-98.433,0,8,0,0,2,2,0,1,3,2,0,2,0,0,99,99,99,99,99,99,0,0,0,1,0,1
48,483012,2,2,0,0,0,3,3,231,0,14,11,2016,2,14,18,1,1,1,1,1,I-30,,47,33.007,-96.226,0,12,1,0,1,1,0,1,1,1,0,1,0,0,99,98,99,98,88,88,0,0,0,1,1,1
48,483014,1,1,0,0,0,1,1,201,3280,15,11,2016,3,17,0,1,2,3,98,3,SR-6,,130,29.75,-95.645,0,53,0,0,1,1,0,4,1,1,0,1,0,0,99,98,99,98,88,88,0,0,0,1,0,2
48,483019,1,1,0,0,0,3,3,141,2190,17,11,2016,5,2,56,1,2,1,1,1,I-10,,73,31.895,-106.583,0,31,0,0,1,1,0,4,3,1,0,1,0,0,99,99,99,99,99,99,0,0,0,1,0,1
48,483023,1,1,0,1,1,3,3,113,2590,19,11,2016,7,22,54,1,2,1,1,1,I-635 LBJ FWY,,5,32.877,-96.686,0,8,0,0,1,1,0,1,3,1,0,1,0,0,99,99,99,99,99,99,0,0,0,1,0,1
48,483025,3,3,0,1,1,3,3,459,0,19,11,2016,7,22,59,0,1,4,98,2,US-271,,177,32.65,-94.934,0,12,6,0,1,1,0,1,2,1,0,1,0,0,99,99,99,99,99,99,14,15,19,1,0,0
48,483029,1,1,0,0,0,1,1,115,0,21,11,2016,2,10,22,0,1,4,98,3,SR-137,,311,32.564,-101.906,0,1,0,0,1,1,0,4,1,1,0,1,0,0,10,24,10,37,88,88,0,0,0,1,0,1
48,483036,1,1,0,0,0,1,1,29,6090,22,10,2016,7,0,36,1,2,1,1,1,I-35,,218,29.418,-98.502,0,25,0,0,1,1,0,3,3,1,0,1,0,0,99,98,99,98,88,88,0,0,0,1,0,1
48,483041,2,2,0,1,1,3,3,13,0,9,11,2016,4,3,28,1,1,1,1,1,I-37,,134,28.777,-98.309,0,12,11,0,1,1,0,1,2,2,0,2,0,0,3,28,3,50,88,88,19,0,0,1,0,1
48,483042,2,2,0,0,0,2,2,363,4630,10,11,2016,5,5,45,0,2,3,98,2,US-180,GARRET MORRIS PKWY,376,32.811,-98.083,0,12,2,0,2,2,0,1,3,1,0,1,0,0,5,50,6,14,6,52,0,0,0,1,0,0
48,483043,2,1,1,1,1,1,1,471,0,10,11,2016,5,4,30,1,1,1,1,1,I-45,,253,30.801,-95.684,0,14,0,0,1,1,0,2,2,1,0,1,0,0,4,33,4,49,5,50,0,0,0,1,0,1
48,483044,1,1,0,0,0,1,1,453,330,11,11,2016,6,20,25,1,2,1,1,7,I-35,,243,30.106,-97.81,0,1,0,0,1,1,0,1,2,1,0,1,0,0,99,99,99,99,99,99,0,0,0,1,0,1
48,483048,1,1,0,1,1,1,1,339,0,14,11,2016,2,18,40,1,1,3,98,3,SR-105,,126,30.365,-95.616,0,8,0,0,1,1,0,1,2,1,0,1,0,0,99,98,99,98,88,88,0,0,0,1,0,2
48,483050,2,2,0,0,0,5,5,503,0,14,11,2016,2,5,40,1,1,3,98,3,SR-114,,5,33.302,-98.623,0,12,2,0,1,1,0,2,2,5,0,5,0,0,5,40,6,10,7,0,0,0,0,1,0,2
48,483051,2,2,0,0,0,2,2,467,0,15,11,2016,3,12,52,0,1,5,98,3,SR-64,CR-3406,37,32.65,-95.967,0,12,1,0,3,4,0,1,1,1,0,1,0,0,99,98,99,98,88,88,0,0,0,1,0,2
48,483055,2,2,0,0,0,4,4,495,0,16,11,2016,4,17,0,0,1,5,98,3,SR-302,,128,31.794,-103.282,0,12,6,0,1,1,0,1,5,1,0,1,0,0,99,99,99,99,99,99,0,0,0,1,0,2
48,483060,2,2,0,0,0,6,6,475,0,17,11,2016,5,10,40,1,2,1,1,1,I-20,,294,31.576,-102.939,0,12,6,0,1,1,0,1,1,1,0,1,0,0,10,44,10,50,11,17,0,0,0,2,0,1
48,483061,1,1,0,0,0,1,1,177,0,18,11,2016,6,3,3,1,1,1,1,1,I-10,,91,29.692,-97.231,0,24,0,0,1,1,1,4,2,10,0,10,0,0,99,98,99,98,88,88,0,0,0,1,0,1
48,483062,3,3,0,0,0,3,3,177,0,18,11,2016,6,15,31,1,1,1,1,1,I-10,,20,29.665,-97.35,0,12,1,0,1,1,0,1,1,1,0,1,0,0,99,99,99,99,99,99,28,0,0,1,0,1
48,483065,1,1,0,1,1,1,1,309,0,18,11,2016,6,5,47,1,1,3,98,3,SR-31,,127,31.695,-96.952,0,8,0,0,1,1,0,2,2,1,0,1,0,0,99,98,99,98,88,88,19,0,0,1,0,2
48,483066,3,3,0,0,0,8,8,365,0,18,11,2016,6,13,30,1,1,3,98,2,US-79,,93,32.308,-94.157,0,12,6,0,1,1,0,1,1,2,0,2,0,0,99,99,99,99,99,99,0,0,0,1,0,0
48,483071,1,1,0,0,0,1,1,271,0,19,11,2016,7,20,34,0,1,3,98,2,US-277,,109,29.12,-100.654,0,23,0,0,1,1,0,4,2,1,0,1,0,0,99,98,99,98,88,88,0,0,0,1,1,0
48,483072,2,2,0,0,0,2,2,339,0,19,11,2016,7,1,10,1,1,3,98,3,SR-105,,116,30.371,-95.631,0,12,1,0,1,1,0,1,2,1,0,1,0,0,99,98,99,98,88,88,0,0,0,1,1,2
48,483073,1,1,0,0,0,1,1,181,0,20,11,2016,1,8,0,1,1,3,98,2,US-82,,135,33.671,-96.715,0,1,0,0,1,1,0,4,1,1,0,1,0,0,99,98,99,98,88,88,0,0,0,1,0,0
48,483078,1,1,0,0,0,2,2,309,0,21,11,2016,2,17,34,1,1,1,1,1,I-35,,92,31.818,-97.098,0,39,0,0,1,1,0,4,3,1,0,1,0,0,99,99,99,99,99,99,0,0,0,1,0,1
48,483083,2,2,0,0,0,2,2,145,0,22,11,2016,3,18,5,1,1,3,98,3,SR-6,,5,31.45,-96.925,0,12,6,0,1,1,0,1,2,10,0,10,0,0,99,99,99,99,99,99,0,0,0,1,0,2
48,483085,1,1,0,0,0,1,1,405,0,22,11,2016,3,14,50,0,1,4,98,3,SR-21,,29,31.508,-94.253,0,35,0,0,1,1,0,4,1,10,0,10,0,0,99,98,99,98,88,88,0,0,0,1,1,2
48,483091,1,1,0,1,1,3,3,113,387,24,11,2016,5,19,43,1,2,1,1,1,I-20,,16,32.703,-96.601,0,8,0,1,18,1,0,1,2,1,0,1,0,0,99,98,99,98,88,88,0,0,0,1,0,1
48,483093,1,1,0,1,1,2,2,141,0,24,11,2016,5,5,39,1,1,1,1,1,I-10,,469,31.56,-106.163,0,8,0,0,1,1,0,1,2,1,0,1,0,0,5,50,6,7,6,23,0,0,0,1,0,1
48,483096,1,1,0,1,1,1,1,453,330,24,11,2016,5,18,37,1,2,1,1,1,I-35,,225,30.33,-97.705,0,8,0,0,1,1,0,1,5,10,0,10,0,0,18,39,18,46,19,22,0,0,0,1,0,1
48,483103,2,2,0,0,0,4,4,99,0,26,11,2016,7,2,41,0,1,4,98,3,SR-36,,342,31.274,-97.518,0,12,2,0,1,1,0,1,2,1,0,1,0,0,99,99,99,99,99,99,0,0,0,1,1,1
48,483106,1,1,0,0,0,1,1,201,0,26,11,2016,7,17,43,1,2,1,1,7,I-45,BARREN SPRINGS DR,405,29.99,-95.424,0,30,0,0,3,3,0,10,2,1,0,1,0,0,99,99,99,99,88,88,0,0,0,1,1,1
48,483107,1,1,0,0,0,1,1,363,0,26,11,2016,7,23,10,1,1,1,1,1,I-20,,183,32.617,-98.098,0,34,0,1,19,1,0,10,2,1,0,1,0,0,99,98,99,98,88,88,20,0,0,1,1,1
48,483113,1,1,0,0,0,1,1,281,0,27,11,2016,1,15,42,1,1,3,98,2,US-190,,34,31.059,-98.139,0,35,0,0,1,1,0,4,1,10,0,10,0,0,99,99,99,99,99,99,0,0,0,1,0,0
48,483115,2,2,0,0,0,2,2,177,0,28,11,2016,2,2,24,1,1,3,98,2,US-183,,64,29.571,-97.512,0,12,6,0,1,1,0,1,2,1,0,1,0,0,99,99,99,99,99,99,0,0,0,1,1,0
48,483121,1,1,0,0,0,1,1,181,1830,30,11,2016,4,23,25,1,2,2,98,7,US-75,,69,33.778,-96.585,0,33,0,0,1,1,1,8,3,1,0,1,0,0,99,98,99,98,88,88,0,0,0,1,0,0
48,483125,2,2,0,0,0,3,3,147,760,1,12,2016,5,16,0,1,2,3,98,2,US-82,THOMAS L HAYES BLVD,5,33.604,-96.166,0,12,6,0,2,2,0,1,1,1,0,1,0,0,99,99,99,99,99,99,0,0,0,1,0,0
48,483126,1,1,0,1,1,1,1,91,4870,2,12,2016,6,8,16,1,2,1,1,1,I-35,,151,29.739,-98.066,0,8,0,0,1,1,0,1,1,10,0,10,0,0,99,98,99,98,88,88,0,0,0,1,0,1
48,483127,2,2,0,0,0,5,5,93,0,2,12,2016,6,15,40,0,1,5,98,3,SR-16,FM2861,111,31.962,-98.562,0,12,1,0,2,3,0,1,1,2,0,2,0,0,15,43,15,53,16,8,0,0,0,1,0,2
48,483136,2,2,0,0,0,2,2,187,6290,4,12,2016,1,16,25,1,2,1,1,7,I-10,NEW BRAUNFELS,134,29.587,-97.988,0,12,2,0,2,3,0,1,2,2,0,2,0,0,99,99,99,99,99,99,0,0,0,1,0,1
48,483138,1,1,0,0,0,1,1,139,2240,5,12,2016,2,8,22,1,2,1,1,1,I-45,,41,32.297,-96.568,0,21,0,1,19,1,0,4,1,10,0,10,0,0,99,98,99,98,88,88,0,0,0,1,0,1
48,483141,2,2,0,0,0,3,3,409,0,6,12,2016,3,13,0,1,1,3,98,2,US-77,FM 1944,141,27.971,-97.563,0,12,6,0,2,3,0,1,1,1,0,1,0,0,99,99,99,99,99,99,0,0,0,1,0,0
48,483144,2,2,0,0,0,3,3,503,2770,21,9,2016,4,6,27,0,1,4,98,2,US-380,CLIFF DR,63,33.117,-98.569,0,12,1,0,3,2,0,1,3,1,0,1,0,0,6,27,6,35,6,50,0,0,0,1,0,0
48,483146,1,1,0,0,0,1,1,133,0,19,11,2016,7,6,50,0,1,3,98,2,US-183,,60,32.184,-98.96,0,42,0,0,1,1,0,4,2,1,0,1,0,0,99,98,99,98,88,88,0,0,0,1,0,0
48,483147,2,2,0,0,0,3,3,9,0,20,11,2016,1,16,32,1,1,3,98,2,US-82,,53,33.751,-98.872,0,12,2,0,1,1,1,1,1,1,0,1,0,0,16,31,16,49,17,46,0,0,0,1,1,0
48,483149,2,2,0,0,0,2,2,81,0,21,11,2016,2,16,42,0,1,4,98,2,US-277,,27,31.964,-100.277,0,12,2,0,1,1,0,1,1,1,0,1,0,0,17,4,17,20,19,0,0,0,0,1,0,0
48,483152,1,1,0,1,1,2,2,149,0,23,11,2016,4,20,51,0,1,4,98,2,US-77,,225,29.782,-96.91,0,8,0,0,1,1,0,1,2,1,0,1,0,0,99,98,99,98,88,88,0,0,0,1,0,0
48,483153,2,2,0,0,0,6,6,303,0,23,11,2016,4,13,41,1,1,3,98,2,US-87,FM 41,108,33.414,-101.825,0,12,6,0,2,2,0,1,1,1,0,1,0,0,13,40,13,51,14,19,0,0,0,1,0,1
48,483155,2,2,0,0,0,3,3,287,0,24,11,2016,5,21,21,0,1,6,98,3,SR-21,FM 1624,365,30.272,-96.966,0,12,6,0,2,2,0,1,2,1,0,1,0,0,21,9,21,25,22,19,0,0,0,1,0,2
48,483157,2,2,0,0,0,2,2,71,0,25,11,2016,6,5,15,1,1,1,1,1,I-10,,131,29.831,-94.494,0,12,1,0,1,1,0,1,2,1,0,1,0,0,5,25,6,0,6,37,0,0,0,1,0,1
48,483160,1,1,0,0,0,1,1,363,0,26,11,2016,7,6,24,0,1,4,98,2,US-281,,175,32.76,-98.105,0,42,0,0,1,1,0,4,2,1,0,1,0,0,99,98,99,98,88,88,0,0,0,1,0,0
48,483164,2,2,0,0,0,2,2,21,0,28,11,2016,2,5,1,1,1,3,98,2,US-290,,235,30.2,-97.077,0,12,2,0,1,1,0,1,2,10,0,10,0,0,5,15,5,39,6,29,0,0,0,1,0,1
48,483168,1,1,0,0,0,1,1,231,0,29,11,2016,3,5,42,0,1,4,98,3,SR-34,,20,32.962,-96.109,0,32,0,0,1,1,0,4,2,1,0,1,0,0,99,99,99,99,99,99,0,0,0,1,0,2
48,483171,2,2,0,0,0,2,2,373,0,29,11,2016,3,12,45,0,1,4,98,2,US-190,,31,30.709,-94.902,0,12,2,0,1,1,0,1,1,1,0,1,0,0,99,99,99,99,99,99,0,0,0,1,0,0
48,483172,2,2,0,0,0,4,4,401,0,29,11,2016,3,7,36,0,1,4,98,3,SR-64,,12,32.194,-94.966,0,12,6,0,1,1,0,1,1,1,0,1,0,0,7,45,7,59,8,44,0,0,0,2,0,2
48,483177,2,2,0,0,0,2,2,439,2850,30,11,2016,4,8,12,1,2,2,98,3,SR-121,,12,32.96,-97.039,0,12,6,1,20,1,0,1,1,1,0,1,0,0,8,15,8,30,8,46,0,0,0,1,0,2
48,483178,1,1,0,1,1,1,1,71,0,1,12,2016,5,5,50,1,1,1,1,7,I-10,,180,29.827,-94.41,0,8,0,0,1,1,0,1,2,1,0,1,0,0,99,98,99,98,88,88,0,0,0,1,0,1