STATE,ST_CASE,VE_TOTAL,VE_FORMS,PVH_INVL,PEDS,PERNOTMVIT,PERMVIT,PERSONS,COUNTY,CITY,DAY,MONTH,YEAR,DAY_WEEK,HOUR,MINUTE,NHS,RUR_URB,FUNC_SYS,RD_OWNER,ROUTE,TWAY_ID,TWAY_ID2,MILEPT,LATITUDE,LONGITUD,SP_JUR,HARM_EV,MAN_COLL,RELJCT1,RELJCT2,TYP_INT,WRK_ZONE,REL_ROAD,LGT_COND,WEATHER1,WEATHER2,WEATHER,SCH_BUS,RAIL,NOT_HOUR,NOT_MIN,ARR_HOUR,ARR_MIN,HOSP_HR,HOSP_MN,CF1,CF2,CF3,FATALS,DRUNK_DR,RANK
48,483181,1,1,0,1,1,1,1,37,0,2,12,2016,6,17,55,1,2,3,98,2,US-82,,67,33.447,-94.164,0,8,0,0,1,1,0,1,2,10,0,10,0,0,99,98,99,98,88,88,0,0,0,1,0,0
48,483183,2,2,0,0,0,2,2,395,0,2,12,2016,6,23,0,1,1,3,98,2,US-79,FM 1644,41,30.835,-96.64,0,12,6,0,2,3,0,1,2,2,0,2,0,0,99,99,99,99,99,99,0,0,0,1,1,0
48,483184,3,3,0,1,1,3,3,439,2450,2,12,2016,6,5,21,1,2,1,1,1,I-30,,192,32.733,-97.396,0,8,0,1,20,1,0,1,3,1,0,1,0,0,88,88,88,88,88,88,0,0,0,1,0,1
48,483185,1,1,0,2,2,1,1,29,6090,4,12,2016,1,0,38,1,2,1,1,1,I-10,,67,29.657,-98.626,0,8,0,0,1,1,0,3,2,1,0,1,0,0,99,99,99,99,99,99,19,0,0,1,0,1
48,483188,1,1,0,1,1,1,1,201,3280,24,7,2016,1,10,23,1,2,1,1,7,US-59,,55,29.82,-95.336,0,8,0,0,1,1,0,1,2,1,0,1,0,0,99,98,99,98,88,88,0,0,0,1,0,0
48,483189,2,2,0,0,0,2,2,225,0,30,10,2016,1,16,33,1,1,3,98,3,SR-71,,91,31.391,-95.068,0,12,8,0,1,1,0,1,1,1,0,1,0,0,99,99,99,99,99,99,0,0,0,1,0,2
48,483194,2,2,0,0,0,2,2,339,4999,21,11,2016,2,1,35,1,2,1,1,1,I-45,,30,30.179,-95.452,0,12,1,0,1,1,0,1,2,10,0,10,0,0,99,99,99,99,99,99,0,0,0,1,1,1
48,483196,2,2,0,1,1,2,2,453,330,23,11,2016,4,3,36,1,2,1,1,1,I-35,,34,30.146,-97.794,0,8,0,0,1,1,0,1,2,10,0,10,0,0,99,98,99,98,88,88,0,0,0,1,0,1
48,483197,2,2,0,0,0,3,3,187,0,26,11,2016,7,0,50,1,1,4,98,3,SR-123,,55,29.729,-97.956,0,12,2,0,1,1,0,1,2,1,0,1,0,0,99,98,99,98,88,88,0,0,0,3,1,2
48,483199,2,2,0,0,0,4,4,491,0,27,11,2016,1,21,53,0,1,4,98,3,SR-95,,129,30.629,-97.431,0,12,6,0,8,1,0,1,3,1,0,1,0,0,21,55,21,58,22,38,0,0,0,1,0,1
48,483200,2,2,0,0,0,2,2,479,0,28,11,2016,2,6,55,1,1,3,98,7,US-83,SR-255,282,27.821,-99.466,0,12,6,0,2,2,0,1,4,1,0,1,0,0,99,98,99,98,88,88,0,0,0,1,0,0
48,483201,1,1,0,0,0,1,1,187,0,29,11,2016,3,5,30,0,1,5,98,2,US-90,,177,29.656,-97.739,0,42,0,0,1,1,0,4,2,10,0,10,0,0,99,98,99,98,88,88,0,0,0,1,0,0
48,483204,2,2,0,0,0,2,2,361,885,28,11,2016,2,9,0,1,2,3,98,3,SR-73,,90,30.035,-93.831,0,12,6,0,8,1,0,1,1,10,0,10,0,0,99,99,99,99,99,99,0,0,0,1,0,2
48,483206,4,4,0,0,0,13,13,227,0,2,12,2016,6,22,41,1,2,1,1,1,I-20,,218,32.234,-101.525,0,12,1,0,1,1,0,1,2,2,0,2,1,0,22,15,22,25,23,8,0,0,0,1,1,1
48,483208,3,3,0,0,0,9,9,171,0,3,12,2016,7,11,51,1,1,3,98,2,US-290,,58,30.225,-98.797,0,12,7,0,1,1,0,1,1,2,0,2,0,0,12,7,12,13,12,40,0,0,0,4,0,1
48,483210,2,2,0,0,0,4,4,423,0,3,12,2016,7,17,5,0,1,4,98,3,SR-31,,253,32.373,-95.033,0,12,2,0,1,1,1,1,2,2,0,2,0,0,99,99,99,99,99,99,0,0,0,2,0,2
48,483213,1,1,0,0,0,1,1,177,0,4,12,2016,1,19,48,0,1,5,98,3,SR-80,,110,29.486,-97.711,0,38,0,0,1,1,0,5,2,2,0,2,0,0,99,98,99,98,88,88,0,0,0,1,1,2
48,483215,1,1,0,0,0,1,1,377,0,10,12,2016,7,11,30,1,1,3,98,2,US-67,,376,30.307,-103.803,0,1,0,0,1,1,0,4,1,1,0,1,0,0,99,98,99,98,88,88,0,0,0,1,0,0
48,483221,2,2,0,0,0,2,2,469,0,5,12,2016,2,17,52,1,2,3,98,2,US-77,,47,28.833,-97.06,0,25,0,0,1,1,1,4,2,10,0,10,0,0,99,98,99,98,88,88,0,0,0,1,0,0
48,483226,1,1,0,0,0,3,3,497,0,7,12,2016,4,5,32,1,1,3,98,2,US-81,,78,33.153,-97.512,0,35,0,0,1,1,0,3,2,1,0,1,0,0,5,32,5,40,6,14,0,0,0,1,1,0
48,483229,2,1,1,0,0,1,1,273,0,9,12,2016,6,12,50,1,1,3,98,2,US-77,,9,27.545,-97.821,0,18,0,0,1,1,1,2,1,10,0,10,0,0,99,98,99,98,88,88,0,0,0,1,0,0
48,483230,2,2,0,0,0,3,3,439,2450,9,12,2016,6,23,25,1,2,1,1,1,I-820,,297,32.755,-97.216,0,12,1,0,1,1,0,1,3,1,0,1,0,0,99,99,99,99,88,88,0,0,0,1,1,1
48,483232,2,2,0,0,0,2,2,225,2840,10,12,2016,7,13,7,0,1,4,98,2,US-287,FM 228,252,31.506,-95.476,0,12,6,0,2,2,0,1,1,10,0,10,0,0,99,99,99,99,99,99,0,0,0,1,0,0
48,483240,2,2,0,0,0,3,3,297,0,12,12,2016,2,1,16,1,1,3,98,2,US-59,,76,28.342,-97.98,0,12,6,0,1,1,0,1,2,5,0,5,0,0,99,99,99,99,99,99,0,0,0,1,0,0
48,483246,5,5,0,0,0,9,9,159,0,20,11,2016,1,18,15,1,1,1,1,1,I-30,,79,33.163,-95.171,0,12,1,0,1,1,1,1,1,1,0,1,0,0,99,99,99,99,99,99,3,0,0,2,0,1
48,483248,1,1,0,0,0,1,1,137,0,22,11,2016,3,15,31,0,1,5,98,3,SR-41,,91,30.079,-99.974,0,38,0,0,1,1,0,5,1,10,0,10,0,0,99,98,99,98,88,88,0,0,0,1,0,1
48,483251,3,3,0,0,0,5,5,31,0,28,11,2016,2,8,15,1,1,3,98,3,SR-71,,15,30.426,-98.134,0,12,2,0,1,1,0,1,1,1,0,1,0,0,8,19,8,40,9,15,0,0,0,2,1,2
48,483255,1,1,0,1,1,1,1,453,330,29,11,2016,3,12,39,1,2,1,1,1,I-35,,154,30.234,-97.741,0,8,0,0,1,1,0,1,1,1,0,1,0,0,99,98,99,98,88,88,0,0,0,1,0,1
48,483256,2,2,0,0,0,2,2,109,0,30,11,2016,4,23,8,1,1,3,98,2,US-62,,69,31.877,-104.823,0,12,6,0,1,1,0,1,2,1,0,1,0,0,99,99,99,99,99,99,0,0,0,1,1,0
48,483259,2,2,0,0,0,2,2,351,0,4,12,2016,1,12,37,0,1,5,98,3,SR-87,,11,30.261,-93.775,0,12,2,0,1,1,0,1,1,2,0,2,0,0,99,99,99,99,99,99,0,0,0,1,0,1
48,483261,2,2,0,0,0,4,4,21,0,5,12,2016,2,17,8,1,1,3,98,3,SR-71,,71,30.128,-97.444,0,12,6,0,7,1,0,1,1,2,0,2,0,0,99,99,99,99,99,99,0,0,0,1,0,2
48,483263,3,3,0,0,0,6,6,423,0,6,12,2016,3,17,55,0,1,4,98,3,SR-64,,197,32.206,-95.012,0,12,1,0,8,1,0,1,2,2,0,2,0,0,99,99,99,99,99,99,0,0,0,1,0,2
48,483264,2,2,0,0,0,3,3,505,7660,7,12,2016,4,17,34,0,1,3,98,2,US-83,DAVIS LN,343,26.864,-99.251,0,12,6,0,2,3,0,1,1,1,0,1,0,0,99,98,99,98,88,88,0,0,0,1,0,0
48,483265,2,2,0,0,0,2,2,9,0,8,12,2016,5,11,30,0,1,4,98,2,US-281,,259,33.479,-98.446,0,12,7,0,8,1,1,1,1,10,0,10,0,0,99,98,99,98,88,88,14,0,0,1,0,0
48,483267,1,1,0,0,0,1,1,253,0,8,12,2016,5,11,41,0,1,4,98,2,US-83,,82,32.863,-100.065,0,38,0,0,1,1,0,5,1,1,0,1,0,0,99,98,99,98,88,88,0,0,0,1,0,0
48,483268,1,1,0,0,0,4,4,465,0,8,12,2016,5,1,50,0,1,5,98,3,SR-163,,37,30.159,-101.11,0,1,0,0,1,1,0,4,2,10,0,10,0,0,2,45,3,16,5,15,0,0,0,1,1,2
48,483272,2,2,0,0,0,3,3,183,3680,11,12,2016,1,0,53,1,2,3,98,3,SR-31,,60,32.395,-94.886,0,12,2,0,1,1,0,1,2,10,0,10,0,0,0,55,1,5,1,33,0,0,0,1,1,2
48,483275,1,1,0,1,1,1,1,19,0,12,12,2016,2,6,25,0,1,4,98,3,SR-16,,179,29.666,-98.828,0,8,0,0,1,1,0,1,2,5,0,5,0,0,99,98,99,98,88,88,19,0,0,1,0,2
48,483277,2,2,0,0,0,3,3,51,0,12,12,2016,2,13,45,1,1,3,98,3,SR-21,FM 50,230,30.623,-96.545,0,12,6,0,2,3,0,1,1,1,0,1,0,0,99,99,99,99,99,99,0,0,0,2,0,2
48,483280,1,1,0,0,0,1,1,407,0,12,12,2016,2,22,35,0,1,4,98,2,US-190,,65,30.743,-95.25,0,53,0,0,1,1,0,4,2,1,0,1,0,0,99,98,99,98,88,88,0,0,0,1,0,0
48,483282,1,1,0,0,0,1,1,303,0,13,12,2016,3,21,25,1,1,3,98,2,US-84,,80,33.701,-102.012,0,1,0,0,1,1,0,3,2,1,0,1,0,0,21,24,21,29,22,33,0,0,0,1,0,0
48,483283,1,1,0,0,0,1,1,245,0,14,12,2016,4,22,35,0,1,5,98,3,SR-124,,34,29.879,-94.284,0,52,0,0,1,1,0,4,2,1,0,1,0,0,99,98,99,98,88,88,0,0,0,1,1,1
48,483296,1,1,0,0,0,1,1,245,0,30,10,2016,1,12,5,1,1,1,1,1,I-10,,141,30.002,-94.193,0,44,0,0,1,1,1,1,1,1,0,1,0,0,99,99,99,99,99,99,3,0,0,1,0,1
48,483297,2,2,0,0,0,3,3,317,0,19,11,2016,7,0,5,1,1,1,1,1,I-20,,109,32.147,-101.743,0,12,1,0,1,1,0,1,2,1,0,1,0,0,99,99,99,99,99,99,0,0,0,2,0,1
48,483300,2,2,0,0,0,3,3,167,3920,4,12,2016,1,12,59,1,2,3,98,3,SR-3,,18,29.511,-95.098,0,12,2,0,1,1,0,1,1,2,0,2,0,0,99,99,99,99,99,99,0,0,0,1,0,2
48,483302,2,2,0,0,0,2,2,29,6090,7,12,2016,4,7,20,1,2,1,1,7,I-10,,115,29.45,-98.348,0,24,0,0,1,1,0,4,4,10,0,10,0,0,99,98,99,98,88,88,0,0,0,1,0,1
48,483306,2,2,0,0,0,3,3,17,0,10,12,2016,7,5,13,0,1,4,98,2,US-70,FM 3269,144,34.234,-102.671,0,12,6,0,2,2,0,1,2,1,0,1,0,0,5,37,5,50,6,57,0,0,0,1,0,0
48,483309,1,1,0,0,0,1,1,401,0,12,12,2016,2,18,28,1,1,3,98,2,US-259,,45,32.307,-94.867,0,1,0,0,1,1,0,1,2,1,0,1,0,0,99,99,99,99,99,99,0,0,0,1,1,0
48,483310,2,2,0,0,0,2,2,161,0,13,12,2016,3,5,39,1,1,1,1,1,I-45,,76,31.579,-96.148,0,12,7,0,1,1,0,1,2,5,0,5,0,0,5,48,6,0,99,99,0,0,0,1,0,1
48,483318,2,2,0,0,0,3,3,483,0,16,12,2016,6,18,13,1,1,1,1,7,I-40,,129,35.227,-100.312,0,12,8,0,1,1,0,1,2,10,0,10,0,0,99,99,99,99,99,99,0,0,0,1,0,1
48,483324,1,1,0,0,0,4,4,225,0,18,12,2016,1,3,15,0,1,4,98,2,US-287,,220,31.549,-95.486,0,1,0,0,1,1,0,1,2,1,0,1,0,0,3,33,3,58,4,20,0,0,0,1,1,0
48,483325,1,1,0,0,0,2,2,351,0,18,12,2016,1,17,15,0,1,5,98,3,SR-87,,67,31.102,-93.734,0,42,0,0,1,1,0,4,1,1,0,1,0,0,99,99,99,99,99,99,0,0,0,1,0,1
48,483327,1,1,0,0,0,3,3,453,330,18,12,2016,1,5,8,1,2,3,98,3,SR-71,,199,30.251,-97.897,0,42,0,0,1,1,0,4,2,1,0,1,0,0,99,99,99,99,88,88,0,0,0,1,0,2
48,483328,1,1,0,1,1,1,1,29,6090,19,12,2016,2,21,28,1,2,1,1,1,I-35,,270,29.441,-98.439,0,8,0,1,18,1,0,1,3,1,0,1,0,0,99,98,99,98,88,88,0,0,0,1,0,1
48,483329,1,1,0,1,1,1,1,201,3280,19,12,2016,2,3,0,1,2,1,1,1,I-45,,220,29.743,-95.36,0,8,0,1,20,1,0,1,3,1,0,1,0,0,3,44,3,56,4,27,0,0,0,1,0,1
48,483331,1,1,0,0,0,6,6,209,3760,20,12,2016,3,5,33,1,2,1,1,1,I-35,,151,29.977,-97.874,0,34,0,1,5,1,0,10,2,10,0,10,0,0,5,37,5,47,7,17,0,0,0,1,0,1
48,483332,3,3,0,0,0,3,3,231,2860,20,12,2016,3,21,29,1,2,1,1,1,I-30,,144,33.101,-96.104,0,25,0,0,1,1,0,3,3,1,0,1,0,0,99,98,99,98,88,88,0,0,0,1,0,1
48,483334,1,1,0,0,0,2,2,343,0,20,12,2016,3,16,28,1,1,1,1,1,I-30,,56,33.297,-94.72,0,1,0,0,1,1,0,3,1,1,0,1,0,0,99,98,99,98,88,88,0,0,0,2,0,1
48,483339,2,2,0,0,0,22,22,225,0,21,12,2016,4,21,2,0,1,4,98,3,SR-19,,344,31.094,-95.431,0,12,2,0,1,1,0,1,2,1,0,1,0,0,21,12,21,35,22,38,0,0,0,1,0,2
48,483341,1,1,0,0,0,1,1,459,0,21,12,2016,4,11,57,0,1,4,98,2,US-271,,235,32.571,-94.92,0,1,0,0,1,1,0,4,1,1,0,1,0,0,12,7,12,17,12,52,0,0,0,1,0,0
48,483343,1,1,0,0,0,1,1,45,0,23,12,2016,6,17,45,0,1,5,98,3,SR-86,,133,34.46,-101.239,0,1,0,0,1,1,0,4,3,1,0,1,0,0,17,58,18,6,19,5,0,0,0,1,1,1
48,483354,1,1,0,0,0,1,1,439,3347,26,12,2016,2,2,48,1,2,1,1,1,I-820,,238,32.832,-97.208,0,1,0,1,20,1,0,1,3,1,0,1,0,0,99,98,99,98,88,88,0,0,0,1,0,1
48,483356,2,2,0,0,0,4,4,317,6580,16,11,2016,4,11,45,1,1,1,1,7,I-20,SR-137/LAMESA HWY,65,32.138,-101.806,0,12,6,0,2,2,0,1,1,1,0,1,0,0,11,47,11,49,12,37,0,0,0,1,0,1
48,483357,3,3,0,0,0,7,7,209,1986,8,12,2016,5,18,46,1,1,3,98,2,US-290,OLD HWY 290,85,30.196,-98.104,0,12,6,0,2,4,0,1,2,1,0,1,0,0,99,98,99,98,88,88,0,0,0,2,0,1
48,483360,1,1,0,0,0,1,1,479,0,17,12,2016,7,8,55,1,1,1,1,1,I-35,,39,27.712,-99.451,0,1,0,0,1,1,0,3,7,2,0,2,0,0,99,98,99,98,88,88,0,0,0,1,0,1
48,483364,2,2,0,1,1,2,2,201,3280,22,12,2016,5,19,24,1,2,1,1,7,I-69,,59,29.825,-95.336,0,8,0,0,1,1,0,1,3,1,0,1,0,0,19,24,19,28,19,47,0,0,0,1,0,0
48,483367,1,1,0,0,0,1,1,231,0,1,10,2016,7,22,56,0,1,4,98,3,SR-34,,100,32.855,-96.15,0,53,0,0,1,1,0,4,2,1,0,1,0,0,99,99,99,99,99,99,0,0,0,1,1,2
48,483368,2,2,0,0,0,2,2,361,0,11,11,2016,6,4,29,1,2,1,1,1,I-10,,199,30.119,-93.789,0,12,1,0,1,1,0,1,3,1,0,1,0,0,99,99,99,99,99,99,0,0,0,1,0,1
48,483371,2,2,0,0,0,3,3,497,0,5,12,2016,2,14,40,0,1,3,98,2,US-81,CR-1591,35,33.404,-97.736,1,12,6,0,2,2,0,1,1,2,0,2,0,0,14,36,14,50,16,1,0,0,0,1,0,0
48,483372,2,2,0,0,0,2,2,457,0,6,12,2016,3,15,16,0,1,4,98,2,US-190,,88,30.834,-94.295,0,12,1,0,8,1,0,1,1,10,0,10,0,0,15,19,15,26,16,0,0,0,0,1,0,0
48,483375,1,1,0,1,1,1,1,167,3220,15,12,2016,5,18,1,1,2,3,98,3,SR-6,,115,29.349,-95.019,0,8,0,0,1,1,0,1,3,1,0,1,0,0,18,3,18,9,18,34,0,0,0,1,0,2
48,483378,2,2,0,0,0,6,6,487,0,17,12,2016,7,3,26,1,1,3,98,2,US-287,,306,34.071,-99.011,0,12,1,0,1,1,0,1,2,1,0,1,0,0,99,99,99,99,99,99,0,0,0,1,1,0
48,483386,2,2,0,0,0,4,4,187,1325,24,12,2016,7,4,43,1,1,1,1,1,I-10,,54,29.532,-98.103,0,57,0,0,1,1,0,3,2,2,0,2,0,0,4,25,4,33,5,32,0,0,0,3,1,1
48,483389,1,1,0,0,0,3,3,121,1840,25,12,2016,1,16,18,1,2,1,1,1,I-35,,151,33.233,-97.175,0,35,0,1,5,1,0,10,1,10,0,10,0,0,99,99,99,99,99,99,0,0,0,1,0,1
48,483392,1,1,0,0,0,1,1,209,0,27,12,2016,3,0,58,1,2,1,1,1,I-35,,2,29.803,-98.013,0,25,0,0,1,1,0,3,2,10,0,10,0,0,99,98,99,98,88,88,0,0,0,1,0,1
48,483395,3,3,0,0,0,9,9,139,2598,28,12,2016,4,13,35,1,1,1,1,1,I-45,,113,32.373,-96.644,0,12,7,0,1,1,0,1,1,1,0,1,0,0,13,56,14,0,14,47,0,0,0,1,0,1
48,483403,2,2,0,0,0,2,2,439,2450,1,7,2016,6,2,53,1,2,1,1,1,I-820,,98,32.798,-97.442,0,12,7,1,18,1,0,1,3,10,0,10,0,0,2,54,3,1,3,50,0,0,0,1,0,1
48,483407,2,2,0,0,0,2,2,179,0,16,12,2016,6,1,8,1,1,1,1,1,I-40,,13,35.183,-100.972,0,12,2,0,1,1,0,1,2,5,0,5,0,0,99,99,99,99,99,99,0,0,0,1,0,1
48,483408,2,2,0,0,0,6,6,15,0,17,12,2016,7,10,40,1,1,3,98,3,SR-36,FM 331,27,29.84,-96.171,0,12,6,0,2,2,0,1,1,1,0,1,0,0,11,9,11,34,12,8,0,0,0,2,0,1
48,483411,2,2,0,0,0,3,3,179,0,18,12,2016,1,0,14,1,1,1,1,1,I-40,,147,35.227,-100.596,0,12,2,0,1,1,0,1,2,1,0,1,0,0,99,98,99,98,88,88,0,0,0,1,0,1
48,483412,1,1,0,0,0,1,1,245,0,20,12,2016,3,5,30,1,1,1,1,1,I-10,,54,29.91,-94.295,0,35,0,0,1,1,0,4,2,1,0,1,0,0,99,99,99,99,99,99,0,0,0,1,0,1
48,483413,2,2,0,0,0,2,2,185,175,22,12,2016,5,12,35,0,1,4,98,3,SR-90,,272,30.484,-95.994,0,12,2,0,1,1,0,1,1,1,0,1,0,0,99,98,99,98,88,88,0,0,0,1,1,2
48,483415,2,2,0,0,0,2,2,281,0,24,12,2016,7,3,59,1,1,3,98,2,US-281,,233,31.117,-98.193,0,12,2,0,1,1,0,2,2,10,0,10,0,0,99,98,99,98,88,88,0,0,0,1,0,0
48,483427,1,1,0,0,0,1,1,161,0,31,12,2016,7,12,22,0,1,5,98,3,SR-75,,65,31.63,-96.152,0,42,0,0,1,1,0,4,1,1,0,1,0,0,99,98,99,98,88,88,0,0,0,1,0,1
48,483429,2,2,0,0,0,5,5,287,0,31,12,2016,7,10,16,1,1,4,98,2,US-77,,329,30.087,-96.915,0,12,6,0,1,1,0,4,1,2,0,2,0,0,10,16,10,26,11,42,0,0,0,2,0,0
48,483435,1,1,0,1,1,2,2,453,330,14,9,2016,4,12,53,1,2,1,1,7,I-35,,215,30.316,-97.707,0,8,0,0,1,1,0,1,1,10,0,10,0,0,12,53,12,57,13,14,0,0,0,1,0,1
48,483438,1,1,0,0,0,3,3,229,0,20,11,2016,1,18,30,1,1,1,1,1,I-10,,466,31.169,-105.335,0,57,0,0,1,1,0,3,2,1,0,1,0,0,99,99,99,99,99,99,0,0,0,1,0,1
48,483445,1,1,0,0,0,1,1,473,910,20,12,2016,3,15,5,1,1,1,1,1,I-10,,43,29.779,-95.96,0,52,0,0,1,1,0,4,1,1,0,1,0,0,99,99,99,99,99,99,0,0,0,1,0,1
48,483447,1,1,0,1,1,1,1,477,1287,23,12,2016,6,22,10,1,1,3,98,2,US-290,,264,30.135,-96.258,0,8,0,0,1,1,0,1,2,10,0,10,0,0,99,98,99,98,88,88,0,0,0,1,0,1
48,483454,4,4,0,0,0,8,8,331,4578,30,12,2016,6,18,15,1,1,3,98,2,US-79,,42,30.705,-96.876,0,12,2,0,1,1,0,1,2,10,0,10,0,0,18,44,19,23,20,4,0,0,0,1,0,0
48,483457,1,1,0,1,1,2,2,113,4530,31,12,2016,7,1,10,1,2,1,1,7,I-30,,250,32.828,-96.622,0,8,0,0,1,1,0,1,2,10,0,10,0,0,1,11,1,20,1,40,0,0,0,1,0,1
48,483459,1,1,0,0,0,1,1,139,0,31,12,2016,7,22,0,0,2,4,98,3,SR-34,,6,32.414,-96.472,0,53,0,0,1,1,0,4,1,1,0,1,0,0,99,98,99,98,88,88,0,0,0,1,1,2
48,483465,1,1,0,0,0,3,3,227,0,19,12,2016,2,15,30,1,2,1,1,7,I-20,US-87,242,32.228,-101.545,0,24,0,0,3,3,0,4,1,1,0,1,0,0,15,46,15,51,15,59,0,0,0,1,0,1
48,483467,1,1,0,0,0,1,1,237,0,26,12,2016,2,6,0,0,1,5,98,3,SR-59,,143,33.299,-98.074,0,42,0,0,1,1,0,4,2,1,0,1,0,0,99,98,99,98,88,88,0,0,0,1,0,2
48,483468,1,1,0,1,1,1,1,157,0,28,12,2016,4,1,38,1,2,1,1,2,US-59,,89,29.557,-95.713,0,8,0,1,18,1,1,1,2,5,0,5,0,0,99,98,99,98,88,88,19,0,0,1,0,0
48,483471,2,2,0,0,0,3,3,453,330,22,11,2016,3,19,32,1,2,2,98,2,US-290,,75,30.339,-97.593,0,12,1,1,18,1,0,1,3,10,0,10,0,0,99,98,99,98,88,88,0,0,0,2,0,1
48,483474,2,2,0,0,0,7,7,139,9997,27,10,2016,5,14,33,1,2,2,98,2,US-287,SR-360,14,32.524,-97.086,0,12,1,0,2,3,0,1,1,1,0,1,0,0,14,44,15,1,15,33,0,0,0,1,0,0
48,483475,2,2,0,0,0,2,2,453,330,7,12,2016,4,8,22,1,2,2,98,7,SR-71,SR-130,454,30.195,-97.624,0,12,6,1,2,2,1,1,1,10,0,10,0,0,8,23,8,28,9,4,0,0,0,1,0,2
48,483476,1,1,0,0,0,4,4,481,0,26,12,2016,2,12,5,1,2,3,98,2,US-59,,143,29.406,-96.066,0,42,0,0,1,1,0,4,1,10,0,10,0,0,12,8,12,19,13,9,0,0,0,1,0,0
48,483477,4,4,0,0,0,5,5,453,330,13,10,2016,5,8,39,1,2,2,98,2,US-290,,22,30.236,-97.827,0,12,1,1,20,1,0,1,1,10,0,10,0,0,8,28,8,36,8,56,0,0,0,1,0,1
48,483479,1,1,0,1,1,1,1,351,4900,26,11,2016,7,19,34,1,1,3,98,2,US-190,DAVISON ST,34,30.822,-93.733,0,8,0,0,1,1,0,1,2,1,0,1,0,0,99,99,99,99,99,99,0,0,0,1,0,0
48,483487,3,3,0,0,0,5,5,113,4530,24,12,2016,7,6,56,1,2,1,1,1,I-20,,33,32.704,-96.572,0,12,1,1,18,1,0,1,2,5,0,5,0,0,99,99,99,99,99,99,0,0,0,1,0,1
48,483491,2,2,0,2,2,3,3,397,6010,2,12,2016,6,20,39,1,1,1,1,1,I-30,,108,32.94,-96.373,0,8,0,0,1,1,0,1,2,2,0,2,0,0,99,99,99,99,99,99,23,0,0,1,0,1
48,483500,3,1,2,1,1,1,1,239,2120,1,11,2016,3,12,36,1,2,3,98,2,US-59,,107,28.984,-96.655,0,14,0,0,1,1,0,3,1,2,0,2,0,0,99,99,99,99,99,99,15,23,0,1,0,0
48,483501,2,2,0,0,0,2,2,215,114,2,12,2016,6,3,0,1,2,3,98,3,SR-107,,481,26.274,-98.316,0,12,99,0,1,1,0,1,3,1,0,1,0,0,99,98,99,98,88,88,0,0,0,1,1,2
48,483502,2,2,0,0,0,3,3,31,670,17,12,2016,7,0,34,1,1,3,98,2,US-281,,289,30.09,-98.422,0,12,2,0,1,1,0,1,2,1,0,1,0,0,99,99,99,99,99,99,0,0,0,1,1,0
48,483503,2,2,0,0,0,3,3,181,7450,21,12,2016,4,0,55,1,1,3,98,2,US-82,,345,33.67,-96.911,0,12,6,0,8,1,0,1,3,1,0,1,0,0,99,99,99,99,99,99,0,0,0,1,0,0
49,490002,1,1,0,0,0,1,1,17,0,1,1,2016,6,13,0,0,1,4,1,3,SR-12,,623,37.736,-111.545,0,31,0,0,1,1,0,4,1,10,0,10,0,0,13,5,13,15,99,99,0,0,0,1,0,2
49,490004,2,2,0,0,0,5,5,45,0,3,1,2016,1,5,30,1,1,1,1,1,I-80,,549,40.761,-113.006,0,12,1,0,1,1,0,1,2,10,0,10,0,0,5,36,6,19,99,99,0,0,0,1,1,0
49,490005,2,2,0,0,0,2,2,23,0,4,1,2016,2,8,18,1,1,3,1,3,SR-28,,212,39.402,-111.928,0,31,0,0,1,1,0,4,1,1,0,1,0,0,8,21,8,25,9,5,0,0,0,1,0,2
49,490006,1,1,0,1,1,1,1,11,910,11,1,2016,2,6,57,1,2,3,1,3,SR-126,,34,41.091,-112.003,0,15,0,0,1,1,0,1,2,10,0,10,0,0,6,57,7,1,7,15,0,0,0,1,0,2
49,490008,1,1,0,1,1,1,1,53,0,13,1,2016,4,19,45,1,1,3,1,3,SR-18,,185,37.314,-113.677,0,8,0,0,1,1,0,1,2,1,0,1,0,0,19,45,19,58,88,88,0,0,0,1,0,2
49,490009,1,1,0,0,0,1,1,11,260,14,1,2016,5,9,5,1,2,1,1,1,I-15,,3359,41.121,-112.02,0,35,0,0,1,1,0,4,1,4,0,4,0,0,9,7,9,19,10,8,0,0,0,1,0,1
49,490011,2,2,0,0,0,2,2,11,210,1,2,2016,2,16,40,0,2,4,1,3,SR-105,I-15,4,40.922,-111.892,0,12,6,1,5,1,0,1,1,1,0,1,0,0,16,51,16,55,17,48,0,0,0,1,0,2
49,490014,2,2,0,0,0,3,3,49,1500,28,1,2016,5,9,44,1,2,3,4,2,US-89,SR-114,3446,40.359,-111.741,0,12,6,0,2,2,0,1,1,1,0,1,0,0,9,44,9,48,10,23,0,0,0,1,0,0
49,490015,1,1,0,0,0,1,1,3,0,30,1,2016,7,1,25,0,1,4,1,3,SR-38,,21,41.485,-112.017,0,1,0,0,1,1,0,4,2,2,0,2,0,0,1,27,1,36,1,59,0,0,0,1,1,2