STATE,ST_CASE,VE_TOTAL,VE_FORMS,PVH_INVL,PEDS,PERNOTMVIT,PERMVIT,PERSONS,COUNTY,CITY,DAY,MONTH,YEAR,DAY_WEEK,HOUR,MINUTE,NHS,RUR_URB,FUNC_SYS,RD_OWNER,ROUTE,TWAY_ID,TWAY_ID2,MILEPT,LATITUDE,LONGITUD,SP_JUR,HARM_EV,MAN_COLL,RELJCT1,RELJCT2,TYP_INT,WRK_ZONE,REL_ROAD,LGT_COND,WEATHER1,WEATHER2,WEATHER,SCH_BUS,RAIL,NOT_HOUR,NOT_MIN,ARR_HOUR,ARR_MIN,HOSP_HR,HOSP_MN,CF1,CF2,CF3,FATALS,DRUNK_DR,RANK
49,490016,3,3,0,0,0,5,5,37,0,2,2,2016,3,20,35,1,1,3,1,2,US-191,,1130,38.426,-109.428,0,12,8,0,1,1,0,1,2,1,0,1,0,0,20,37,20,52,99,99,14,0,0,1,0,0
49,490017,2,2,0,0,0,2,2,35,124,5,2,2016,6,13,59,0,2,3,4,3,SR-68,,372,40.451,-111.937,0,12,2,0,1,1,0,1,1,1,0,1,0,0,14,3,14,22,15,5,0,0,0,1,0,2
49,490019,2,2,0,0,0,3,3,11,260,22,2,2016,2,23,28,0,2,4,4,3,SR-107,1000 W,20,41.118,-112.045,0,12,6,0,2,2,0,1,3,1,0,1,0,0,23,28,23,35,88,88,0,0,0,3,1,2
49,490021,3,3,0,0,0,3,3,19,0,25,2,2016,5,19,25,1,2,3,1,2,US-191,,1222,38.504,-109.479,0,12,8,0,1,1,0,1,2,1,0,1,0,0,19,27,19,32,99,99,0,0,0,1,0,0
49,490022,1,1,0,0,0,3,3,27,0,4,2,2016,5,23,38,0,1,4,1,3,SR-257,,379,38.841,-112.845,0,11,0,0,1,1,0,1,2,10,0,10,0,0,23,47,0,25,1,17,0,0,0,1,0,1
49,490023,1,1,0,0,0,1,1,17,0,8,3,2016,3,13,30,0,1,4,1,3,SR-12,,329,37.592,-111.93,0,1,0,0,1,1,0,2,1,1,0,1,0,0,13,52,14,18,88,88,0,0,0,1,0,2
49,490024,1,1,0,0,0,1,1,49,40,14,2,2016,1,10,42,1,2,1,1,1,I-15,,2774,40.364,-111.79,0,25,0,0,1,1,0,3,1,10,0,10,0,0,10,24,10,39,88,88,0,0,0,1,0,1
49,490025,1,1,0,0,0,2,2,51,0,18,2,2016,5,16,10,1,1,3,1,2,US-40,,431,40.224,-111.107,0,35,0,0,1,1,0,4,1,4,0,4,0,0,16,12,16,42,17,21,0,0,0,1,0,0
49,490029,3,3,0,0,0,9,9,15,0,20,3,2016,1,14,40,1,1,3,1,2,US-6,,2731,39.444,-110.468,0,12,8,0,1,1,0,1,1,1,0,1,0,0,14,48,15,10,99,99,0,0,0,1,0,0
49,490031,1,1,0,1,1,1,1,3,2120,27,2,2016,7,19,1,1,2,3,1,2,US-89,,4289,41.424,-112.036,0,8,0,0,1,1,0,1,3,1,0,1,0,0,19,2,19,6,20,6,0,0,0,1,0,0
49,490032,1,1,0,0,0,3,3,21,0,26,3,2016,7,6,57,1,1,1,1,1,I-15,,925,38.018,-112.717,0,1,0,0,1,1,0,4,4,4,0,4,0,0,6,50,7,26,8,0,0,0,0,1,0,1
49,490033,2,2,0,0,0,2,2,35,2113,20,3,2016,1,16,18,0,1,3,1,3,SR-85,6200 S,176,40.639,-112.045,0,12,6,0,2,2,0,1,1,1,0,1,0,0,16,20,16,24,99,99,0,0,0,1,0,1
49,490034,2,2,0,0,0,2,2,39,75,29,3,2016,3,2,30,1,1,3,1,2,US-89,,2351,39.064,-111.821,0,12,8,0,1,1,0,1,2,2,0,2,0,0,1,53,2,10,2,33,0,0,0,1,1,0
49,490036,1,1,0,1,1,1,1,35,2100,16,2,2016,3,19,18,0,2,3,1,3,SR-68,,0,40.624,-111.939,0,15,0,0,1,1,0,1,3,1,0,1,0,0,19,18,19,24,99,99,0,0,0,1,0,2
49,490039,2,2,0,0,0,2,2,43,0,28,3,2016,2,19,51,1,2,1,1,1,I-80,,1462,40.725,-111.538,0,12,2,0,1,1,0,1,5,2,0,2,0,0,19,51,20,7,20,25,0,0,0,1,1,0
49,490040,1,1,0,1,1,1,1,35,2113,6,4,2016,4,22,17,0,2,3,1,3,SR-68,,0,40.706,-111.939,0,8,0,0,1,1,0,1,2,1,0,1,0,0,22,17,22,26,99,99,0,0,0,1,0,2
49,490043,1,1,0,0,0,1,1,53,410,9,4,2016,7,7,43,0,2,4,1,3,SR-18,,42,37.541,-113.682,0,38,0,0,1,1,0,4,1,2,0,2,0,0,7,36,7,42,88,88,0,0,0,1,0,2
49,490045,1,1,0,0,0,1,1,57,1350,20,3,2016,1,0,56,0,2,3,1,3,SR-53,,0,41.223,-112,0,1,0,0,1,1,0,4,3,1,0,1,0,0,0,59,1,8,99,99,0,0,0,1,1,2
49,490047,1,1,0,0,0,1,1,25,0,12,4,2016,3,5,45,1,1,3,1,2,US-89,,255,37.189,-112.658,0,24,0,0,1,1,0,4,2,1,0,1,0,0,6,5,6,36,88,88,0,0,0,1,1,0
49,490048,4,4,0,0,0,6,6,53,0,12,4,2016,3,20,54,0,1,3,1,3,SR-59,,35,37.009,-113.012,0,12,1,0,1,1,0,1,2,1,0,1,0,0,20,57,21,0,99,99,0,0,0,1,0,2
49,490052,1,1,0,0,0,2,2,21,0,22,4,2016,6,16,8,1,1,1,1,1,I-15,,475,37.529,-113.208,0,1,0,0,1,1,0,4,1,6,0,6,0,0,16,12,16,27,16,45,0,0,0,1,0,1
49,490053,2,2,0,0,0,3,3,49,1840,23,4,2016,7,3,40,1,2,1,1,1,I-15,,2565,40.106,-111.68,0,24,0,0,1,1,0,4,2,10,0,10,0,0,3,36,3,43,99,99,0,0,0,1,0,1
49,490054,2,2,0,0,0,6,6,49,1560,15,4,2016,6,19,37,0,2,3,1,3,SR-114,,0,40.234,-111.686,0,12,6,1,5,1,0,1,3,10,0,10,0,0,19,42,19,48,20,8,0,0,0,1,0,2
49,490055,2,2,0,0,0,4,4,45,0,22,4,2016,6,5,10,1,1,1,1,1,I-80,,235,40.733,-113.577,0,12,1,0,1,1,0,1,2,10,0,10,0,0,5,24,5,53,88,88,0,0,0,1,0,0
49,490059,1,1,0,0,0,2,2,11,2090,8,2,2016,2,22,50,1,2,1,1,1,I-15,,3160,40.888,-111.897,0,1,0,1,5,1,0,4,6,1,0,1,0,0,22,50,22,55,99,99,0,0,0,1,0,1
49,490067,2,1,1,0,0,1,1,11,210,1,5,2016,1,5,35,1,2,1,1,1,I-15,,3203,40.925,-111.891,0,14,0,0,1,1,0,2,3,6,0,6,0,0,5,42,5,46,88,88,0,0,0,1,0,1
49,490068,1,1,0,0,0,1,1,45,0,30,4,2016,7,17,5,1,1,1,1,1,I-80,,740,40.752,-112.719,0,38,0,0,1,1,0,4,1,10,0,10,0,0,17,7,18,10,88,88,0,0,0,1,0,0
49,490069,1,1,0,0,0,1,1,49,0,3,5,2016,3,17,30,1,2,3,1,2,US-6,,1460,39.962,-112.099,0,38,0,0,1,1,0,4,1,1,0,1,0,0,17,47,17,56,88,88,0,0,0,1,0,0
49,490071,2,2,0,0,0,6,6,19,0,14,5,2016,7,13,41,1,1,3,1,2,US-191,ARCHES NATIONAL PARK,1303,38.611,-109.608,0,12,6,0,2,3,0,1,1,1,0,1,0,0,13,44,13,51,14,9,0,0,0,1,0,0
49,490073,1,1,0,0,0,5,5,41,0,12,5,2016,5,8,50,1,1,1,1,1,I-70,,828,38.779,-111.484,0,31,0,0,1,1,0,4,1,1,0,1,0,0,9,0,9,25,99,99,0,0,0,4,0,1
49,490074,2,2,0,0,0,2,2,49,1460,16,5,2016,2,13,46,1,2,1,1,1,I-15,,2504,40.049,-111.739,0,12,1,0,1,1,0,1,1,2,0,2,0,0,88,88,88,88,88,88,0,0,0,1,0,1
49,490078,3,3,0,0,0,6,6,11,860,8,5,2016,1,8,57,1,2,1,1,1,I-15,,3291,41.043,-111.955,0,12,6,0,1,1,0,1,1,2,0,2,0,0,8,59,9,2,99,99,0,0,0,1,0,1
49,490080,2,2,0,0,0,2,2,11,460,13,5,2016,6,23,23,0,2,4,4,3,SR-106,PARK LANE,0,40.991,-111.894,0,12,6,0,2,2,0,1,3,1,0,1,0,0,23,25,23,30,88,88,0,0,0,1,0,2
49,490083,1,1,0,0,0,2,2,53,0,22,5,2016,1,3,40,0,1,3,1,3,SR-18,,172,37.303,-113.669,0,1,0,0,1,1,0,4,2,1,0,1,0,0,3,43,3,50,88,88,0,0,0,1,0,2
49,490088,1,1,0,0,0,1,1,35,2113,5,5,2016,5,12,20,0,2,3,1,3,SR-201,,113,40.726,-112.035,0,38,0,0,1,1,0,4,1,10,0,10,0,0,12,25,12,30,99,99,0,0,0,1,0,2
49,490089,4,4,0,0,0,4,4,49,1560,12,5,2016,5,15,27,1,2,3,1,2,US-89,1720 NORTH,0,40.257,-111.673,0,12,6,0,2,2,0,1,1,1,0,1,0,0,99,99,99,99,99,99,0,0,0,1,0,0
49,490090,1,1,0,1,1,2,2,3,0,25,5,2016,4,13,40,1,1,1,1,1,I-15,,3997,41.999,-112.198,0,8,0,0,1,1,0,3,1,2,0,2,0,0,13,45,13,56,88,88,19,0,0,1,0,1
49,490091,1,1,0,0,0,5,5,45,0,31,5,2016,3,22,30,0,1,3,1,3,SR-73,,30,40.365,-112.342,0,1,0,0,1,1,0,4,2,1,0,1,0,0,22,36,22,53,1,12,0,0,0,1,0,2
49,490092,1,1,0,0,0,1,1,35,344,13,5,2016,6,13,57,1,2,1,1,1,I-15,,2915,40.5,-111.891,0,5,0,0,1,1,1,1,1,1,0,1,0,0,13,56,14,8,14,25,0,0,0,1,0,1
49,490093,3,3,0,0,0,7,7,47,2010,27,5,2016,6,13,49,1,1,3,1,2,US-40,MCCOY FLATS ROAD,1379,40.391,-109.596,0,12,1,0,2,3,0,1,1,1,0,1,0,0,13,51,13,57,14,23,0,0,0,1,0,0
49,490094,3,1,2,2,2,1,1,35,1020,1,6,2016,4,13,0,0,1,3,1,3,SR-201,,42,40.719,-112.148,0,8,0,0,1,1,0,2,1,1,0,1,0,0,13,6,13,22,13,48,14,23,0,2,0,2
49,490096,1,1,0,1,1,1,1,13,0,3,6,2016,6,5,21,0,1,4,1,3,SR-191,,2849,40.068,-110.513,0,8,0,0,1,1,0,1,4,10,0,10,0,0,5,35,5,45,6,41,0,0,0,1,0,0
49,490097,1,1,0,0,0,1,1,53,2020,5,6,2016,1,23,5,0,1,3,1,3,SR-9,,195,37.196,-113.157,0,35,0,0,1,1,0,4,2,1,0,1,0,0,23,7,23,26,88,88,0,0,0,1,0,2
49,490098,2,2,0,0,0,3,3,39,450,8,6,2016,4,13,32,1,1,3,1,2,US-89,,2849,39.641,-111.449,0,12,6,0,1,1,0,1,1,10,0,10,0,0,13,44,14,0,14,15,0,0,0,1,0,0
49,490099,1,1,0,0,0,4,4,3,730,9,6,2016,5,5,18,1,1,1,1,1,I-84,,261,41.82,-112.417,0,1,0,0,1,1,0,3,4,10,0,10,0,0,5,21,5,38,99,99,0,0,0,1,0,1
49,490100,1,1,0,0,0,1,1,43,0,10,6,2016,6,16,46,1,1,1,1,1,I-80,,1736,41.073,-111.26,0,20,0,0,1,1,0,3,1,10,0,10,0,0,16,46,16,57,88,88,0,0,0,1,0,0
49,490101,1,1,0,0,0,1,1,3,0,10,6,2016,6,19,50,1,1,1,1,1,I-15,,3707,41.609,-112.083,0,1,0,0,1,1,0,3,1,10,0,10,0,0,19,55,20,4,20,5,0,0,0,1,0,1
49,490102,2,2,0,0,0,3,3,49,0,12,6,2016,1,5,39,0,1,4,1,3,SR-68,,100,40.106,-111.959,0,12,7,0,1,1,0,1,2,10,0,10,0,0,99,99,99,99,99,99,0,0,0,1,0,2
49,490103,3,2,1,0,0,2,2,57,1350,15,6,2016,4,1,41,0,2,3,1,3,SR-204,22ND ST,0,41.227,-111.979,0,12,6,0,2,2,0,1,3,1,0,1,0,0,1,44,1,48,2,13,0,0,0,1,0,2
49,490104,2,2,0,0,0,4,4,49,970,15,6,2016,4,19,35,0,2,3,1,3,SR-114,200 SOUTH,0,40.334,-111.739,0,12,6,0,2,2,0,1,1,1,0,1,0,0,99,99,99,99,99,99,0,0,0,1,0,2
49,490105,1,1,0,0,0,8,8,3,0,18,6,2016,7,21,22,1,1,1,1,1,I-84,,152,41.903,-112.582,0,1,0,0,1,1,0,1,5,1,0,1,0,0,21,39,21,42,99,99,0,0,0,1,0,1
49,490107,2,2,0,0,0,2,2,35,2100,18,6,2016,7,8,32,0,2,3,1,3,SR-68,,0,40.623,-111.939,0,12,1,0,1,1,0,1,1,1,0,1,0,0,8,33,8,36,99,99,0,0,0,1,0,2
49,490111,1,1,0,0,0,1,1,35,1700,28,6,2016,3,21,7,0,2,3,1,3,SR-210,,0,40.586,-111.792,0,42,0,0,1,1,0,4,5,1,0,1,0,0,21,8,21,18,99,99,0,0,0,1,1,2
49,490112,1,1,0,0,0,3,3,15,0,29,6,2016,4,13,54,1,1,1,1,1,I-70,,1363,38.894,-110.617,0,35,0,0,1,1,0,4,1,1,0,1,0,0,13,55,14,23,15,54,0,0,0,3,0,1
49,490114,1,1,0,0,0,1,1,11,1830,11,5,2016,4,17,47,1,2,1,1,1,I-84,,846,41.15,-111.969,0,21,0,0,1,1,0,3,1,1,0,1,0,0,17,48,17,56,88,88,0,0,0,1,0,1
49,490115,2,1,1,0,2,1,3,35,1240,6,6,2016,2,14,35,1,2,1,1,1,I-15,,3012,40.668,-111.901,0,14,0,0,1,1,0,6,1,1,0,1,0,0,14,37,14,44,99,99,0,0,0,1,0,1
49,490116,1,1,0,0,0,8,8,27,0,9,6,2016,5,11,42,1,1,1,1,1,I-15,,1744,39.027,-112.301,0,1,0,0,1,1,0,1,1,10,0,10,0,0,11,45,11,57,12,31,0,0,0,1,0,1
49,490117,2,2,0,0,0,2,2,35,2100,1,7,2016,6,14,4,1,2,3,1,3,SR-68,,0,40.631,-111.939,0,12,6,0,1,1,0,1,1,1,0,1,0,0,14,4,14,10,99,99,0,0,0,1,1,2
49,490118,4,4,0,0,0,10,10,15,0,1,7,2016,6,20,47,1,1,3,1,2,US-6,,2984,38.99,-110.247,0,72,0,0,1,1,1,1,5,10,0,10,0,0,20,47,20,57,22,8,14,0,0,1,0,0
49,490119,2,2,0,0,0,4,4,51,0,3,7,2016,1,13,25,1,1,3,1,2,US-40,,454,40.189,-111.071,0,12,2,0,1,1,0,1,1,10,0,10,0,0,13,31,14,28,15,16,0,0,0,1,0,0
49,490123,2,2,0,0,0,4,4,27,0,30,6,2016,5,14,45,1,1,1,1,1,I-15,,1803,39.169,-112.215,0,12,2,0,1,1,0,1,1,10,0,10,0,0,14,50,15,3,16,0,0,0,0,1,0,1
49,490124,2,2,0,0,0,6,6,41,0,6,7,2016,4,17,24,1,1,1,1,1,I-70,,624,38.924,-111.771,0,12,7,0,1,1,0,1,1,1,0,1,0,0,17,32,17,38,18,22,0,0,0,1,0,0
49,490128,1,1,0,0,0,1,1,41,0,16,6,2016,5,18,5,1,1,1,1,1,I-70,,859,38.757,-111.44,0,1,0,0,1,1,0,2,1,1,0,1,0,0,18,9,18,41,19,0,0,0,0,1,0,0
49,490129,1,1,0,0,0,2,2,35,1820,28,6,2016,3,12,1,1,2,3,1,2,US-89,,0,40.693,-111.888,0,30,0,0,1,1,0,4,1,1,0,1,0,0,12,1,12,5,88,88,0,0,0,1,0,0
49,490131,4,4,0,0,0,7,7,49,0,15,7,2016,6,14,15,1,1,3,1,2,US-6,,2212,39.816,-110.939,0,12,8,0,1,1,0,1,1,1,0,1,0,0,14,20,14,41,99,99,0,0,0,1,0,0
49,490132,2,2,0,0,0,2,2,35,865,20,7,2016,4,6,29,1,2,3,1,3,SR-173,SR-172,0,40.653,-112.025,0,12,6,0,2,2,0,1,1,1,0,1,0,0,99,99,99,99,99,99,0,0,0,1,0,2
49,490136,1,1,0,0,0,3,3,57,1650,31,5,2016,3,19,42,1,2,1,1,1,I-15,,3379,41.156,-112.025,0,1,0,0,1,1,0,1,1,1,0,1,0,0,19,42,19,47,19,59,0,0,0,2,1,1
49,490138,1,1,0,0,0,1,1,45,2015,22,7,2016,6,13,8,0,1,5,1,3,SR-36,,300,40.215,-112.406,0,1,0,0,1,1,0,1,1,1,0,1,0,0,13,21,13,39,14,29,0,0,0,1,1,1
49,490139,1,1,0,0,0,1,1,5,0,24,7,2016,1,13,12,1,1,3,1,2,US-89,,4780,41.787,-111.643,0,24,0,0,1,1,0,4,1,1,0,1,0,0,13,11,13,32,88,88,0,0,0,1,0,0
49,490140,1,1,0,0,0,5,5,3,0,25,7,2016,2,7,35,1,1,1,1,1,I-84,,129,41.917,-112.621,0,1,0,0,1,1,0,3,1,1,0,1,0,0,7,37,7,52,99,99,0,0,0,2,0,1
49,490142,2,2,0,0,0,3,3,19,0,27,7,2016,4,18,30,1,1,1,1,1,I-70,,1984,38.94,-109.52,0,12,6,0,1,1,0,1,1,1,0,1,0,0,18,35,19,17,88,88,0,0,0,1,0,0
49,490144,2,2,0,0,0,6,6,23,0,30,7,2016,7,18,25,0,1,4,1,3,SR-132,,399,39.715,-111.725,0,12,2,0,1,1,0,1,1,10,0,10,0,0,18,26,18,35,21,12,0,0,0,1,0,1
49,490145,1,1,0,0,0,3,3,3,0,1,8,2016,2,13,21,1,1,1,1,1,I-84,,151,41.901,-112.58,0,1,0,0,1,1,0,3,1,1,0,1,0,0,13,23,13,40,14,13,0,0,0,1,0,1
49,490146,3,3,0,0,0,5,5,11,1900,3,8,2016,4,21,50,0,2,3,1,3,SR-126,2300 NORTH,0,41.147,-112.026,0,12,2,0,2,3,0,1,3,1,0,1,0,0,21,51,21,55,99,99,0,0,0,2,0,2
49,490150,2,2,0,0,0,6,6,35,2113,2,7,2016,7,2,19,1,2,3,1,3,SR-171,,0,40.697,-111.936,0,12,1,0,1,1,0,1,3,1,0,1,0,0,2,22,2,26,88,88,0,0,0,1,1,1
49,490151,1,1,0,0,0,1,1,29,1210,25,7,2016,2,17,38,0,1,5,1,3,SR-65,,135,40.853,-111.594,0,35,0,0,1,1,0,4,1,1,0,1,0,0,88,88,88,88,88,88,0,0,0,1,0,0
49,490152,2,2,0,0,0,2,2,49,1560,29,7,2016,6,14,13,1,2,3,4,2,US-89,800 SOUTH,0,40.223,-111.642,0,12,6,0,2,3,0,1,1,1,0,1,0,0,14,16,14,19,14,42,0,0,0,1,0,0
49,490154,1,1,0,0,0,3,3,35,1700,14,6,2016,3,20,8,1,2,1,1,1,I-80,,1135,40.771,-112.016,0,26,0,0,1,1,0,4,1,1,0,1,0,0,20,7,20,16,20,35,0,0,0,1,0,0
49,490157,1,1,0,0,0,1,1,25,0,5,8,2016,6,0,0,0,1,3,1,3,SR-9,,561,37.22,-112.698,0,35,0,0,1,1,0,4,2,1,0,1,0,0,9,10,9,25,99,99,0,0,0,1,0,2
49,490161,2,2,0,0,0,3,3,49,366,17,8,2016,4,1,54,1,2,3,1,3,SR-73,,0,40.381,-111.973,0,12,2,0,1,1,0,1,2,1,0,1,0,0,1,54,2,3,88,88,0,0,0,2,0,2
49,490162,3,3,0,0,0,3,3,35,1700,29,7,2016,6,7,35,1,2,1,1,1,I-15,,3069,40.75,-111.909,0,12,9,0,1,1,0,1,1,10,0,10,0,0,7,39,7,49,88,88,0,0,0,1,0,1
49,490163,2,2,0,0,0,2,2,35,1700,25,8,2016,5,7,35,1,2,3,4,3,SR-68,1900 SOUTH,0,40.729,-111.939,0,12,2,0,3,3,0,1,1,10,0,10,0,0,7,36,7,42,7,48,0,0,0,1,0,2
49,490168,3,3,0,0,0,4,4,35,1240,29,7,2016,6,11,12,0,2,3,4,3,SR-173,700 WEST,0,40.654,-111.91,0,12,6,0,2,2,0,1,1,1,0,1,0,0,11,15,11,18,99,99,0,0,0,1,0,2
49,490169,2,2,0,0,0,3,3,23,0,5,8,2016,6,13,45,0,2,3,1,3,SR-28,FOUR MILE ROAD,378,39.671,-111.847,0,12,2,0,2,3,0,1,1,10,0,10,0,0,13,50,13,56,14,13,0,0,0,1,0,2
49,490170,1,1,0,0,0,1,1,43,0,12,8,2016,6,14,1,0,2,6,1,2,US-40,,26,40.723,-111.491,0,35,0,0,1,1,0,4,1,1,0,1,0,0,14,2,14,7,88,88,0,0,0,1,1,0
49,490172,1,1,0,0,0,1,1,51,0,22,8,2016,2,20,41,1,1,2,1,2,US-40,,113,40.587,-111.437,0,1,0,0,1,1,0,3,2,1,0,1,0,0,20,41,20,51,21,19,0,0,0,1,0,0
49,490174,2,2,0,0,0,4,4,53,0,10,9,2016,7,3,50,1,1,1,1,1,I-15,,346,37.392,-113.244,0,12,1,0,1,1,0,1,2,1,0,1,0,0,3,50,4,4,88,88,0,0,0,2,1,1
49,490176,1,1,0,0,0,1,1,21,0,12,9,2016,2,13,19,1,1,1,1,1,I-15,,460,37.538,-113.205,0,1,0,0,1,1,0,3,1,1,0,1,0,0,13,25,13,37,88,88,0,0,0,1,0,1
49,490178,1,1,0,1,1,3,3,35,2113,6,9,2016,3,20,32,0,2,3,1,3,SR-171,,0,40.697,-112.002,0,8,0,0,1,1,0,1,2,1,0,1,0,0,20,32,20,36,99,99,0,0,0,1,0,1
49,490179,1,1,0,0,0,5,5,45,0,7,9,2016,4,19,2,1,1,1,1,1,I-80,,439,40.726,-113.172,0,1,0,0,1,1,0,4,5,1,0,1,0,0,19,5,19,40,21,59,0,0,0,1,0,0
49,490180,1,1,0,1,1,1,1,35,1700,14,9,2016,4,21,51,0,2,3,1,3,SR-71,2700 SOUTH,0,40.713,-111.871,0,8,0,0,2,2,0,1,3,10,0,10,0,0,21,52,21,56,88,88,0,0,0,1,0,2
49,490181,2,2,0,0,0,3,3,49,940,15,9,2016,5,17,51,1,2,3,1,2,US-89,500 EAST,0,40.394,-111.841,0,12,6,0,2,2,0,1,1,1,0,1,0,0,17,52,17,55,99,99,0,0,0,1,0,0
49,490184,1,1,0,0,0,1,1,39,630,20,9,2016,3,16,57,1,1,3,1,2,US-89,,2432,39.16,-111.784,0,35,0,0,1,1,0,4,1,1,0,1,0,0,16,59,17,11,17,20,0,0,0,1,0,0
49,490186,1,1,0,1,1,1,1,11,1320,26,9,2016,2,16,44,1,2,3,1,2,US-89,,0,40.856,-111.9,0,8,0,0,1,1,0,1,1,1,0,1,0,0,16,44,16,46,99,99,0,0,0,1,1,0
49,490187,3,3,0,0,0,4,4,57,1650,28,9,2016,4,19,31,0,2,3,4,3,SR-108,3100 WEST,0,41.185,-112.055,0,12,2,0,2,3,0,1,5,1,0,1,0,0,19,38,19,47,20,10,0,0,0,1,0,1
49,490189,2,2,0,0,0,6,6,49,1460,5,9,2016,2,13,57,0,2,4,1,3,SR-178,1270 WEST,0,40.031,-111.754,0,12,6,0,2,2,0,1,1,1,0,1,0,0,99,99,99,99,99,99,0,0,0,1,1,0
49,490192,1,1,0,0,0,1,1,39,0,15,9,2016,5,11,15,1,1,3,1,2,US-89,,2825,39.591,-111.449,0,57,0,0,1,1,0,4,1,1,0,1,0,0,11,15,11,23,99,99,0,0,0,1,0,0
49,490194,3,3,0,0,0,5,5,5,1550,22,9,2016,5,19,1,0,2,4,1,3,SR-165,1700 SOUTH,97,41.703,-111.835,0,12,6,0,2,2,0,1,1,10,0,10,0,0,19,3,19,7,99,99,0,0,0,2,0,2
49,490196,1,1,0,0,0,4,4,41,0,6,10,2016,5,15,40,1,1,1,1,1,I-70,,339,38.71,-112.137,0,1,0,0,1,1,0,1,1,1,0,1,0,0,15,46,15,58,16,17,0,0,0,1,0,0
49,490200,2,2,0,0,0,3,3,49,0,2,10,2016,1,9,33,1,1,3,1,2,US-6,,1955,39.978,-111.348,0,12,8,0,1,1,0,1,1,10,0,10,0,0,9,33,9,52,88,88,0,0,0,1,1,0
49,490201,1,1,0,0,0,1,1,45,0,3,10,2016,2,18,50,1,1,1,1,1,I-80,,820,40.675,-112.401,0,31,0,0,1,1,0,4,1,1,0,1,0,0,18,52,19,7,88,88,0,0,0,1,0,0
49,490204,1,1,0,0,0,1,1,7,0,23,10,2016,1,13,0,1,1,3,1,2,US-191,,2562,39.536,-110.596,0,1,0,0,1,1,0,5,1,1,0,1,0,0,13,3,13,23,88,88,0,0,0,1,1,0
49,490205,2,2,0,0,0,2,2,11,1320,23,10,2016,1,7,19,1,2,3,4,2,US-89,CENTER ST,0,40.842,-111.91,0,12,6,1,2,2,1,1,3,1,0,1,0,0,7,19,7,23,88,88,0,0,0,1,0,0
49,490206,2,2,0,0,0,2,2,45,1940,19,10,2016,4,14,25,0,2,3,1,3,SR-3,2400 NORTH,0,40.573,-112.295,0,12,6,0,2,2,0,1,1,1,0,1,0,0,99,99,99,99,99,99,0,0,0,1,0,2
49,490207,1,1,0,1,1,3,3,35,2113,15,10,2016,7,21,27,0,2,3,4,3,SR-171,DECKER LAKE DRIVE,0,40.697,-111.947,0,8,0,1,2,2,0,1,3,1,0,1,0,0,99,99,99,99,99,99,0,0,0,1,0,1
49,490208,2,2,0,0,0,5,5,57,9997,27,9,2016,3,12,48,0,2,3,1,3,SR-126,4000 NORTH,0,41.336,-112.037,0,12,1,0,2,3,0,1,1,1,0,1,0,0,12,54,13,1,13,40,0,0,0,1,0,2
49,490209,2,2,0,0,0,4,4,53,760,17,9,2016,7,14,18,0,2,3,1,3,SR-9,,0,37.162,-113.442,0,12,6,0,1,1,0,1,1,1,0,1,0,0,14,18,14,22,99,99,0,0,0,1,0,2
49,490210,1,1,0,0,0,1,1,5,1290,11,10,2016,3,14,28,0,2,4,1,3,SR-165,3100 SOUTH,0,41.672,-111.833,0,1,0,0,2,3,0,1,1,1,0,1,0,0,14,29,14,35,14,52,0,0,0,1,0,2
49,490211,1,1,0,0,0,1,1,31,0,5,10,2016,4,2,19,1,1,3,1,2,US-89,,1688,38.303,-112.224,0,26,0,0,1,1,0,4,2,1,0,1,0,0,2,32,2,50,99,99,0,0,0,1,1,0
49,490213,2,2,0,0,0,5,5,57,1067,29,10,2016,7,19,7,0,2,5,1,3,SR-39,1200 WEST,0,41.245,-112.009,0,12,6,0,2,2,0,1,5,1,0,1,0,0,19,11,19,18,19,42,0,0,0,1,0,2
49,490214,1,1,0,0,0,1,1,37,45,25,8,2016,5,13,45,0,1,4,1,3,SR-162,,261,37.238,-109.229,0,1,0,0,1,1,0,99,9,99,0,99,0,0,99,99,99,99,88,88,0,0,0,1,0,2
49,490215,1,1,0,0,0,1,1,51,0,13,10,2016,5,15,37,0,1,5,1,3,SR-35,,191,40.492,-111.034,0,59,0,0,1,1,0,4,1,10,0,10,0,0,15,54,16,13,88,88,0,0,0,1,0,1
49,490216,2,1,1,0,1,2,3,45,0,21,10,2016,6,5,15,1,1,1,1,1,I-80,,1006,40.715,-112.239,0,25,0,1,5,1,0,4,2,1,0,1,0,0,5,28,5,31,6,3,0,0,0,1,1,0
49,490219,2,2,0,0,0,2,2,49,1840,25,10,2016,3,10,30,1,1,3,1,2,US-6,,1788,40.078,-111.583,0,12,2,0,1,1,0,1,1,1,0,1,0,0,10,30,10,37,11,26,0,0,0,1,0,0
49,490220,1,1,0,0,0,2,2,15,620,26,10,2016,4,20,32,1,1,1,1,1,I-70,,1621,38.928,-109.887,0,1,0,0,1,1,0,3,2,1,0,1,0,0,20,32,20,44,99,99,0,0,0,1,0,0
49,490221,2,2,0,0,0,2,2,57,1350,3,11,2016,5,14,19,0,2,3,1,3,SR-204,SR-79,0,41.208,-111.979,0,12,7,1,2,2,0,1,1,1,0,1,1,0,14,19,14,23,99,99,0,0,0,1,0,2
49,490223,1,1,0,1,1,4,4,45,1940,25,10,2016,3,20,22,0,2,3,4,3,SR-36,,0,40.54,-112.298,0,8,0,0,1,1,0,1,2,1,0,1,0,0,20,26,20,42,21,24,0,0,0,1,0,1