STATE,ST_CASE,VE_TOTAL,VE_FORMS,PVH_INVL,PEDS,PERNOTMVIT,PERMVIT,PERSONS,COUNTY,CITY,DAY,MONTH,YEAR,DAY_WEEK,HOUR,MINUTE,NHS,RUR_URB,FUNC_SYS,RD_OWNER,ROUTE,TWAY_ID,TWAY_ID2,MILEPT,LATITUDE,LONGITUD,SP_JUR,HARM_EV,MAN_COLL,RELJCT1,RELJCT2,TYP_INT,WRK_ZONE,REL_ROAD,LGT_COND,WEATHER1,WEATHER2,WEATHER,SCH_BUS,RAIL,NOT_HOUR,NOT_MIN,ARR_HOUR,ARR_MIN,HOSP_HR,HOSP_MN,CF1,CF2,CF3,FATALS,DRUNK_DR,RANK
49,490225,1,1,0,0,0,1,1,35,2113,20,10,2016,5,3,35,1,2,3,1,3,SR-201,,107,40.726,-112.026,0,25,0,0,1,1,0,3,2,1,0,1,0,0,3,44,3,49,88,88,0,0,0,1,1,2
49,490227,2,2,0,0,0,3,3,45,0,19,10,2016,4,3,3,1,1,1,1,1,I-80,,774,40.773,-112.8,0,52,0,0,1,1,0,3,2,10,0,10,0,0,3,10,3,26,4,29,14,0,0,2,0,0
49,490230,3,3,0,0,0,3,3,57,1350,29,10,2016,7,14,26,0,2,3,4,3,SR-39,,0,41.244,-111.968,0,12,6,0,8,1,0,1,1,1,0,1,0,0,14,28,14,34,14,47,0,0,0,1,1,2
49,490235,1,1,0,1,1,1,1,35,2113,23,7,2016,7,22,47,1,2,1,1,1,I-215,,165,40.682,-111.951,0,8,0,0,1,1,1,1,2,1,0,1,0,0,22,49,22,53,88,88,0,0,0,1,0,1
49,490236,1,1,0,1,1,2,2,3,560,18,11,2016,6,20,39,0,2,6,1,3,SR-13,,232,41.741,-112.144,0,8,0,0,1,1,0,1,2,1,0,1,0,0,20,39,21,51,99,99,0,0,0,1,0,2
49,490237,2,2,0,0,0,3,3,11,910,25,11,2016,6,19,19,1,2,3,1,3,SR-126,REID AVE,0,41.082,-111.992,0,12,6,0,2,3,0,1,3,1,0,1,0,0,19,27,19,33,20,20,0,0,0,1,0,2
49,490238,1,1,0,0,0,4,4,45,0,25,7,2016,2,2,9,1,1,1,1,1,I-80,,770,40.745,-112.644,0,43,0,0,1,1,0,4,2,1,0,1,0,0,2,13,2,30,3,30,0,0,0,1,1,0
49,490240,2,2,0,0,0,4,4,49,1560,25,11,2016,6,16,13,1,2,3,4,2,US-89,CALIFORNIA AVE,0,40.205,-111.626,0,12,6,0,3,3,0,1,1,1,0,1,0,0,16,13,16,19,99,99,0,0,0,1,0,0
49,490241,1,1,0,0,0,5,5,45,0,26,11,2016,7,3,5,1,1,1,1,1,I-80,,589,40.783,-112.965,0,1,0,0,1,1,0,4,2,10,0,10,0,0,3,29,4,0,99,99,0,0,0,2,1,0
49,490249,1,1,0,0,0,2,2,17,1410,18,11,2016,6,15,40,0,1,5,1,3,SR-143,,318,37.775,-112.444,0,31,0,0,1,1,0,4,1,1,0,1,0,0,15,49,16,9,99,99,0,0,0,1,1,2
49,490250,1,1,0,0,0,3,3,45,0,19,11,2016,7,9,57,1,1,1,1,1,I-80,,473,40.726,-113.219,0,31,0,0,1,1,0,4,1,1,0,1,0,0,10,2,10,42,12,18,0,0,0,1,0,0
49,490251,1,1,0,1,1,1,1,57,1650,19,11,2016,7,1,2,0,2,4,1,3,SR-108,SR-97,0,41.162,-112.064,0,8,0,0,3,2,0,1,2,1,0,1,0,0,1,3,1,7,99,99,0,0,0,1,0,1
49,490252,1,1,0,0,0,4,4,45,0,26,11,2016,7,4,3,1,1,1,1,1,I-80,,697,40.693,-112.467,0,1,0,0,1,1,0,1,2,10,0,10,0,0,99,99,99,99,99,99,0,0,0,1,1,0
49,490254,1,1,0,0,0,2,2,23,0,17,12,2016,7,17,3,1,1,1,1,1,I-15,,2196,39.491,-111.972,0,1,0,0,1,1,0,1,1,1,0,1,0,0,17,4,17,11,99,99,20,0,0,1,1,1
49,490256,2,2,0,1,1,2,2,35,1240,18,11,2016,6,6,41,1,2,1,1,1,I-15,,3009,40.662,-111.901,0,8,0,0,1,1,0,1,4,1,0,1,0,0,6,43,6,48,99,99,0,0,0,1,0,1
49,490261,5,5,0,0,0,11,11,27,0,17,12,2016,7,12,9,1,1,1,1,1,I-15,,1404,38.638,-112.609,0,12,1,0,1,1,0,1,1,10,0,10,0,0,12,11,12,34,99,99,0,0,0,1,0,1
49,490262,1,1,0,0,0,3,3,37,0,17,12,2016,7,17,45,1,1,3,1,2,US-191,,319,38.329,-109.43,0,31,0,0,1,1,0,4,2,1,0,1,0,0,17,42,18,8,18,46,0,0,0,1,1,0
49,490264,3,3,0,0,0,8,8,35,0,25,12,2016,1,15,27,1,1,3,1,3,SR-201,,24,40.727,-112.19,0,12,8,0,1,1,0,1,1,10,0,10,0,0,15,27,15,41,99,99,0,0,0,1,0,2
49,490266,1,1,0,1,1,1,1,35,1924,20,12,2016,3,21,35,1,2,3,1,3,SR-68,,0,40.681,-111.939,0,8,0,0,1,1,0,1,3,1,0,1,0,0,21,35,21,39,99,99,0,0,0,1,0,2
50,500001,1,1,0,0,0,1,1,23,350,13,1,2016,4,7,20,1,1,3,1,2,US-2,,8,44.363,-72.308,0,1,0,0,1,1,0,4,1,4,0,4,0,0,7,21,99,97,99,97,0,0,0,1,0,0
50,500002,2,2,0,0,0,3,3,1,106,20,1,2016,4,15,15,0,1,5,1,3,SR-125,,34,43.991,-73.346,0,12,2,0,1,1,0,1,1,1,0,1,0,0,15,21,15,33,16,10,0,0,0,1,0,2
50,500008,2,2,0,0,0,2,2,23,130,7,3,2016,2,13,33,1,1,3,1,2,US-2,,3,44.364,-72.318,0,12,6,0,1,1,0,1,1,10,0,10,0,0,13,34,13,45,88,88,0,0,0,1,0,0
50,500009,1,1,0,1,1,1,1,1,360,11,3,2016,6,8,26,1,2,3,1,2,US-7,,7,43.967,-73.117,0,8,0,0,1,1,3,2,1,10,0,10,0,0,8,27,8,34,88,88,0,0,0,1,0,0
50,500010,1,1,0,0,0,1,1,7,370,16,3,2016,4,16,55,0,2,4,1,2,US-2,,14,44.625,-73.229,0,42,0,0,1,1,0,4,1,10,0,10,0,0,16,55,17,8,17,42,0,0,0,1,0,0
50,500013,1,1,0,1,1,4,4,7,370,9,4,2016,7,22,0,1,2,4,1,2,US-2,,13,44.625,-73.231,0,8,0,0,1,1,0,1,2,10,0,10,0,0,22,0,22,15,88,88,0,0,0,1,0,0
50,500016,1,1,0,0,0,1,1,13,20,24,4,2016,1,15,0,1,1,3,1,3,SR-78,,13,44.972,-73.257,0,1,0,0,1,1,0,4,1,1,0,1,0,0,15,1,15,10,15,49,0,0,0,1,0,1
50,500017,3,3,0,0,0,4,4,25,9997,26,4,2016,3,15,29,0,1,4,1,3,SR-30,,4,42.903,-72.601,0,12,1,0,1,1,0,1,1,10,0,10,0,0,15,33,15,41,16,15,0,0,0,1,0,1
50,500018,2,2,0,0,0,2,2,23,187,11,5,2016,4,13,29,0,1,4,1,3,SR-14,,2,44.239,-72.489,0,12,6,0,8,1,0,1,1,1,0,1,0,0,13,30,13,38,14,29,0,0,0,1,0,2
50,500019,2,2,0,0,0,2,2,9,9997,18,5,2016,4,15,57,0,1,4,1,3,SR-105,,44,44.816,-71.878,0,1,0,0,1,1,0,1,1,1,0,1,0,0,16,0,16,8,88,88,0,0,0,1,0,2
50,500020,1,1,0,0,0,1,1,7,200,21,5,2016,7,9,29,0,2,4,3,3,SR-15,,15,44.495,-73.122,0,33,0,0,8,1,0,4,1,1,0,1,0,0,9,29,9,34,9,50,0,0,0,1,0,0
50,500021,1,1,0,0,0,4,4,19,9997,29,5,2016,1,16,40,0,1,4,1,3,SR-105,,9,44.898,-72.061,0,42,0,0,1,1,0,4,1,1,0,1,0,0,16,46,17,0,17,28,0,0,0,2,1,2
50,500024,3,3,0,0,0,5,5,7,199,31,5,2016,3,20,56,0,2,5,1,3,SR-128,,34,44.547,-73.034,0,12,6,0,8,1,0,1,5,1,0,1,0,0,20,59,21,18,21,43,0,0,0,1,1,1
50,500026,1,1,0,2,2,1,1,27,630,9,6,2016,5,22,1,0,1,4,1,3,SR-11,,43,43.301,-72.484,0,8,0,0,1,1,0,1,2,1,0,1,0,0,22,0,22,3,22,34,0,0,0,1,0,2
50,500029,1,1,0,0,0,2,2,11,218,5,7,2016,3,23,13,0,1,5,1,2,US-7,,74,44.779,-73.106,0,32,0,0,1,1,0,4,2,1,0,1,0,0,23,13,23,17,23,52,0,0,0,1,1,0
50,500030,3,3,0,0,0,5,5,3,70,15,7,2016,6,16,44,1,2,3,1,2,US-7,,21,42.866,-73.197,0,12,8,0,1,1,0,1,1,10,0,10,0,0,17,40,17,45,19,10,0,0,0,1,0,0
50,500032,1,1,0,0,0,1,1,3,70,4,8,2016,5,16,28,1,1,3,1,3,SR-9,,66,42.883,-73.153,0,42,0,0,1,1,0,4,2,1,0,1,0,0,16,28,16,35,88,88,0,0,0,1,1,2
50,500033,2,2,0,0,0,3,3,13,625,5,8,2016,6,14,46,1,1,4,1,2,US-2,,23,44.649,-73.316,0,12,2,0,1,1,0,1,1,1,0,1,0,0,14,39,14,42,15,53,0,0,0,1,1,0
50,500042,1,1,0,0,0,1,1,3,795,30,9,2016,6,10,22,1,1,3,1,3,SR-9,DOVE DR.,67,42.895,-73.059,0,1,0,0,3,3,0,4,1,10,0,10,0,0,10,22,10,34,88,88,0,0,0,1,0,2
50,500043,1,1,0,0,0,1,1,25,342,3,10,2016,2,22,13,1,1,3,1,3,SR-9,,80,42.878,-72.682,0,42,0,0,1,1,0,4,2,12,0,12,0,0,22,17,22,27,88,88,0,0,0,1,0,2
50,500045,1,1,0,1,1,2,2,11,243,14,10,2016,6,17,15,0,1,5,1,2,US-7,,13,44.952,-73.113,0,9,0,0,1,1,0,1,1,1,0,1,0,0,17,15,17,27,88,88,0,0,0,1,0,0
50,500046,2,2,0,0,0,2,2,7,149,3,11,2016,5,1,36,1,1,3,1,2,US-7,,61,44.349,-73.24,0,12,8,0,1,1,0,1,2,10,0,10,0,0,1,33,1,39,88,88,0,0,0,1,1,0
50,500048,2,2,0,0,0,2,2,21,151,21,11,2016,2,12,52,1,1,3,1,2,US-7,SR-78,47,43.561,-72.964,0,12,6,0,2,2,0,1,1,4,0,4,0,0,12,52,12,56,13,27,0,0,0,1,1,0
50,500052,1,1,0,0,0,1,1,7,246,10,12,2016,7,10,37,0,1,4,1,3,SR-116,,60,44.349,-73.118,0,1,0,0,1,1,0,4,1,1,0,1,0,0,10,38,99,97,99,97,0,0,0,1,0,1
50,500054,1,1,0,0,0,1,1,1,402,14,12,2016,4,5,38,0,1,4,3,3,SR-17,,56,44.125,-73.138,0,42,0,0,1,1,0,4,4,1,0,1,0,0,5,38,5,56,88,88,0,0,0,1,0,2
50,500056,2,2,0,0,0,3,3,21,90,28,12,2016,4,14,27,1,1,3,1,2,US-7,,8,43.768,-73.051,0,12,2,0,1,1,0,1,1,10,0,10,0,0,14,29,14,31,15,15,0,0,0,2,0,0
50,500057,1,1,0,0,0,1,1,1,162,29,12,2016,5,13,30,0,1,5,1,3,SR-74,,20,43.952,-73.222,0,42,0,0,1,1,0,4,1,4,0,4,0,0,13,33,13,43,14,52,0,0,0,1,0,2
51,510001,3,3,0,0,0,3,3,61,0,3,1,2016,1,15,27,0,1,3,98,2,US-29,RT-651,1717,38.536,-77.816,0,12,1,0,3,2,0,1,1,98,0,98,0,0,15,27,15,31,16,56,0,0,0,1,0,0
51,510005,1,1,0,1,1,1,1,73,0,7,1,2016,5,15,15,0,1,4,98,3,SR-33,COUNTY LINE RD,479,37.558,-76.661,0,8,0,0,3,2,0,1,1,98,0,98,0,0,99,99,99,99,99,99,0,0,0,1,0,1
51,510006,2,2,0,0,0,2,2,179,0,7,1,2016,5,8,48,1,2,1,1,1,I-95,,1437,38.462,-77.409,0,24,0,0,1,1,0,4,1,2,0,2,0,0,13,44,13,48,88,88,0,0,0,1,0,1
51,510008,1,1,0,0,0,1,1,197,0,9,1,2016,7,1,21,1,1,3,4,2,US-21,,89,36.942,-81.094,0,33,0,0,1,1,0,4,3,2,0,2,0,0,99,99,99,99,88,88,0,0,0,1,0,0
51,510011,2,2,0,0,0,6,6,5,0,10,1,2016,1,9,30,1,1,3,98,2,US-220,,1274,37.823,-79.987,0,12,8,0,1,1,0,1,1,98,0,98,0,0,99,99,99,99,99,99,0,0,0,1,1,0
51,510012,2,2,0,0,0,2,2,41,0,8,1,2016,6,20,36,0,2,2,98,3,SR-288,,163,37.471,-77.652,0,12,6,0,1,1,0,1,2,2,0,2,0,0,20,34,20,43,88,88,0,0,0,1,1,1
51,510013,1,1,0,0,0,1,1,75,0,10,1,2016,1,15,30,1,1,1,1,1,I-64,,1672,37.72,-77.78,0,42,0,0,1,1,0,4,1,98,0,98,0,0,15,29,15,39,88,88,0,0,0,1,0,1
51,510014,1,1,0,1,1,1,1,81,0,11,1,2016,2,17,58,1,1,1,1,1,I-95,,121,36.716,-77.539,0,8,0,0,1,1,0,1,2,98,0,98,0,0,18,1,18,10,88,88,0,0,0,1,0,1
51,510016,2,2,0,0,0,5,5,760,2060,12,1,2016,3,19,25,1,2,3,4,3,SR-161,,75,37.54,-77.48,0,12,2,0,1,1,0,1,3,98,0,98,0,0,19,57,20,5,20,29,0,0,0,1,0,1
51,510017,2,2,0,0,0,2,2,41,0,15,1,2016,6,6,45,0,2,2,1,3,SR-150,,32,37.471,-77.511,0,12,1,0,1,1,0,1,2,98,0,98,1,0,6,42,6,51,7,20,19,0,0,1,0,0
51,510018,1,1,0,0,0,1,1,149,0,2,1,2016,7,12,7,0,1,4,98,3,SR-10,,302,37.283,-77.209,0,24,0,0,1,1,0,4,1,98,0,98,0,0,12,18,12,52,88,88,0,0,0,1,0,2
51,510019,1,1,0,0,0,2,2,183,0,17,1,2016,1,11,20,0,1,5,98,3,SR-31,,10,36.981,-76.972,0,42,0,0,1,1,0,4,1,4,0,4,0,0,23,9,23,15,88,88,0,0,0,1,0,2
51,510022,1,1,0,0,0,1,1,550,468,22,1,2016,6,14,25,0,1,3,4,2,US-17,,25,36.719,-76.351,0,42,0,0,1,1,0,4,1,4,0,4,0,0,14,25,14,35,88,88,0,0,0,1,0,1
51,510023,1,1,0,1,1,1,1,177,0,26,1,2016,3,19,35,0,2,98,3,2,US-1,,1428,38.241,-77.499,0,8,0,0,1,1,0,1,2,98,0,98,0,0,19,45,19,56,88,88,0,0,0,1,0,1
51,510024,3,3,0,0,0,4,4,19,0,20,1,2016,4,17,50,0,1,4,98,3,SR-122,,306,37.283,-79.553,0,12,6,0,1,1,0,1,2,4,0,4,0,0,18,9,18,47,19,25,0,0,0,1,0,2
51,510025,1,1,0,0,0,1,1,810,2540,23,1,2016,7,15,42,0,1,3,98,2,US-60,,2977,36.913,-76.008,0,42,0,0,1,1,0,4,1,4,0,4,0,0,99,99,99,99,88,88,0,0,0,1,0,0
51,510026,1,1,0,0,0,1,1,570,620,30,1,2016,7,4,55,1,2,1,1,1,I-95,,1,37.259,-77.399,0,42,0,0,5,1,0,8,3,98,0,98,0,0,5,0,5,7,88,88,0,0,0,1,1,1
51,510029,1,1,0,0,0,1,1,143,0,30,1,2016,7,22,30,0,1,4,98,3,SR-40,,621,36.954,-79.41,0,38,0,0,1,1,0,5,2,98,0,98,0,0,23,24,23,35,88,88,0,0,0,1,1,0
51,510030,2,2,0,0,0,3,3,175,0,3,2,2016,4,17,12,0,1,4,1,2,US-58,,25,36.712,-77.065,0,12,2,0,1,1,0,1,1,2,0,2,0,0,17,12,17,29,18,0,0,0,0,1,0,0
51,510031,2,2,0,0,0,2,2,810,2540,23,1,2016,7,7,19,1,2,1,1,1,I-64,,2877,36.809,-76.195,0,12,6,0,1,1,0,1,1,2,0,2,0,0,7,20,7,26,7,28,0,0,0,1,1,1
51,510034,2,2,0,0,0,2,2,89,0,6,2,2016,7,21,50,1,1,3,98,2,US-58,,70,36.691,-79.827,0,12,1,0,1,1,0,1,2,98,0,98,0,0,21,50,22,4,22,19,0,0,0,1,1,0
51,510035,2,2,0,0,0,4,4,165,0,2,2,2016,3,16,0,0,1,4,98,3,SR-211,,6,38.631,-78.765,0,12,6,0,4,1,0,1,1,98,0,98,0,0,16,8,16,15,17,2,0,0,0,1,1,2
51,510036,1,1,0,0,0,1,1,660,1190,5,2,2016,6,5,11,1,2,1,1,1,I-81,,2459,38.421,-78.882,0,1,0,0,1,1,0,4,2,98,0,98,0,0,5,11,5,19,88,88,0,0,0,1,0,0
51,510042,1,1,0,1,1,1,1,87,0,13,2,2016,7,2,25,0,2,4,1,2,US-1,,1011,37.651,-77.46,0,8,0,0,1,1,0,1,2,98,0,98,0,0,99,99,99,99,88,88,0,0,0,1,0,1
51,510044,1,1,0,1,1,1,1,770,2100,11,2,2016,5,20,14,0,2,3,4,2,US-460,,1550,37.283,-79.931,0,8,0,0,1,1,0,1,3,98,0,98,0,0,20,14,20,19,20,32,0,0,0,1,0,0
51,510049,2,1,1,4,4,1,1,41,0,15,2,2016,2,18,0,0,2,2,98,3,SR-288,,174,37.482,-77.663,0,14,0,0,1,1,0,3,2,3,0,3,0,0,17,26,18,6,18,51,15,23,0,1,0,1
51,510053,2,1,1,0,1,1,2,1,0,18,2,2016,5,23,30,0,1,3,98,2,US-13,RT-648,1190,37.707,-75.698,0,14,0,0,2,2,0,1,2,98,0,98,0,0,23,25,23,32,88,88,19,0,0,1,0,0
51,510056,1,1,0,0,0,1,1,149,0,19,2,2016,6,23,14,1,1,1,1,1,I-295,,518,37.173,-77.34,0,42,0,0,1,1,0,4,2,98,0,98,0,0,23,23,23,35,88,88,0,0,0,1,1,2
51,510057,2,2,0,0,0,3,3,600,900,11,1,2016,2,17,53,0,2,3,4,2,US-29,,2372,38.865,-77.275,0,5,0,0,1,1,0,1,3,98,0,98,0,0,17,57,17,59,18,21,0,0,0,1,1,0
51,510058,2,2,0,0,0,3,3,67,0,22,1,2016,6,10,20,0,1,3,98,2,US-220,,433,37.055,-79.882,0,12,1,0,1,1,0,1,1,4,0,4,0,0,99,99,99,99,99,99,0,0,0,1,0,0
51,510059,2,2,0,0,0,2,2,29,0,5,2,2016,6,15,27,0,1,4,1,3,SR-20,,137,37.723,-78.501,0,12,2,0,1,1,0,1,1,98,0,98,0,0,99,99,99,99,99,99,0,0,0,1,1,2
51,510061,1,1,0,1,1,1,1,760,2060,20,2,2016,7,12,30,1,2,3,4,2,US-60,,1889,37.523,-77.453,0,8,0,0,1,1,0,1,1,98,0,98,0,0,12,33,12,39,88,88,0,0,0,1,1,0
51,510063,2,2,0,0,0,2,2,67,0,31,1,2016,1,16,20,0,1,5,98,3,SR-40,RIDGEFIELD LN,202,36.923,-80.054,0,12,1,0,2,3,0,1,1,98,0,98,0,0,16,23,16,29,16,55,0,0,0,1,0,0
51,510065,1,1,0,0,0,1,1,41,0,20,2,2016,7,5,6,0,2,2,98,3,SR-150,,73,37.493,-77.521,0,25,0,0,1,1,0,3,2,98,0,98,0,0,5,2,5,9,5,18,0,0,0,1,0,0
51,510067,1,1,0,0,0,1,1,143,0,23,2,2016,3,18,0,0,1,3,98,2,US-58,ROUTE 985,3045,36.581,-79.279,0,42,0,0,7,1,0,4,2,98,0,98,0,0,18,2,18,12,18,45,0,0,0,1,0,0
51,510068,1,1,0,1,1,2,2,171,0,25,2,2016,5,20,28,0,1,5,1,2,US-11,,3102,38.986,-78.382,0,8,0,0,1,1,0,1,2,98,0,98,0,0,20,23,20,30,88,88,19,0,0,1,0,0
51,510075,2,2,0,0,0,2,2,163,0,1,3,2016,3,6,6,1,1,3,1,1,I-64,,448,37.893,-79.566,0,12,1,0,1,1,0,1,2,98,0,98,0,0,6,9,6,27,7,55,0,0,0,1,0,1
51,510078,1,1,0,2,2,1,1,111,0,6,3,2016,1,4,31,0,1,5,98,3,SR-49,,514,37.012,-78.221,0,8,0,0,1,1,0,1,2,5,0,5,0,0,4,33,4,44,88,88,0,0,0,2,0,1
51,510079,1,1,0,0,0,2,2,83,0,6,3,2016,1,22,52,1,1,3,98,2,US-460,,3347,37.09,-77.17,0,42,0,0,1,1,0,4,2,98,0,98,0,0,99,99,99,99,99,99,0,0,0,1,0,0
51,510081,1,1,0,0,0,1,1,97,0,7,3,2016,2,17,19,1,1,3,1,2,US-360,,1700,37.807,-77.04,0,42,0,0,1,1,0,4,1,98,0,98,0,0,17,20,17,42,88,88,0,0,0,1,0,0
51,510083,1,1,0,0,0,1,1,121,0,6,1,2016,4,16,0,1,2,2,98,2,US-460,,1219,37.152,-80.405,0,21,0,0,1,1,0,3,1,98,0,98,0,0,99,99,99,99,88,88,0,0,0,1,0,0
51,510088,1,1,0,0,0,1,1,165,0,9,3,2016,4,21,40,0,1,5,98,3,SR-257,,38,38.431,-79.069,0,34,0,0,1,1,0,4,2,98,0,98,0,0,21,36,21,44,88,88,0,0,0,1,0,1
51,510089,1,1,0,0,0,1,1,650,1180,27,2,2016,7,21,56,1,2,3,98,2,US-258,CHERRY ACRES,593,37.043,-76.342,0,34,0,0,3,2,0,4,3,98,0,98,0,0,88,88,88,88,88,88,0,0,0,1,0,0
51,510090,2,2,0,0,0,4,4,820,2610,25,2,2016,5,17,14,0,2,4,98,2,US-250,VEDETTE AVE,676,38.077,-78.916,0,12,1,0,3,3,0,1,1,98,0,98,0,0,17,14,17,18,17,45,0,0,0,1,0,0
51,510091,1,1,0,0,0,1,1,87,0,12,3,2016,7,21,18,1,2,1,1,1,I-64,,1957,37.53,-77.368,0,42,0,0,1,1,0,4,2,98,0,98,0,0,21,15,21,23,88,88,0,0,0,1,1,1
51,510098,1,1,0,0,0,1,1,49,0,8,3,2016,3,4,0,0,1,4,1,3,SR-45,,148,37.47,-78.281,0,42,0,0,1,1,0,4,2,98,0,98,0,0,4,9,4,19,88,88,0,0,0,1,0,0
51,510101,2,2,0,0,0,2,2,107,0,15,2,2016,2,19,7,1,1,3,98,3,SR-7,,330,39.139,-77.604,0,12,1,0,1,1,0,1,2,3,0,3,0,0,18,56,19,3,88,88,0,0,0,1,0,2
51,510102,2,2,0,0,0,4,4,107,0,14,3,2016,2,0,27,1,2,3,98,3,SR-7,CEDAR DRIVE,492,39.018,-77.378,0,12,6,0,2,2,0,1,2,2,0,2,0,0,0,38,0,45,99,99,0,0,0,1,0,2
51,510103,1,1,0,0,0,2,2,195,0,8,3,2016,3,9,0,0,1,5,98,3,SR-72,,273,36.9,-82.463,0,59,0,0,1,1,0,4,1,98,0,98,0,0,99,99,99,99,99,99,0,0,0,1,0,2
51,510110,1,1,0,0,0,2,2,53,0,19,3,2016,7,6,0,1,1,1,1,1,I-85,,435,36.985,-77.698,0,34,0,0,1,1,0,3,2,98,0,98,0,0,99,99,99,99,88,88,0,0,0,1,0,1
51,510111,1,1,0,0,0,1,1,147,0,25,3,2016,6,3,25,1,1,3,1,2,US-360,,764,37.635,-78.22,0,1,0,0,1,1,0,1,2,98,0,98,0,0,99,99,99,99,88,88,0,0,0,1,1,0
51,510112,1,1,0,1,1,1,1,650,1180,1,2,2016,2,18,24,0,2,4,4,2,US-258,,649,37.044,-76.358,0,8,0,0,1,1,0,1,3,98,0,98,0,0,17,25,17,33,88,88,0,0,0,1,0,0
51,510113,3,3,0,0,0,3,3,3,0,15,3,2016,3,15,52,0,1,4,98,2,US-250,,903,38.054,-78.567,0,12,2,0,1,1,0,1,1,98,0,98,0,0,15,52,15,56,17,21,0,0,0,1,1,0
51,510114,1,1,0,0,0,1,1,550,468,18,2,2016,5,6,30,1,2,1,1,1,I-64,,2927,36.759,-76.274,0,5,0,1,18,1,0,1,1,98,0,98,0,0,6,41,6,51,7,21,0,0,0,1,0,1
51,510116,1,1,0,0,0,3,3,159,0,7,3,2016,2,8,14,1,1,3,1,2,US-360,,2007,37.949,-76.618,0,53,0,0,1,1,0,4,1,98,0,98,0,0,8,12,8,20,88,88,0,0,0,3,0,1
51,510120,1,1,0,1,1,1,1,93,0,23,3,2016,4,20,15,1,1,3,1,2,US-258,,444,36.976,-76.645,0,8,0,0,1,1,0,1,2,98,0,98,0,0,20,6,20,10,20,35,0,0,0,1,0,0
51,510121,1,1,0,0,0,1,1,15,0,26,3,2016,7,15,20,0,1,4,1,2,US-250,WINDWARD DRIVE,635,38.105,-78.98,0,46,0,0,3,3,0,4,1,98,0,98,0,0,15,22,15,25,15,58,0,0,0,1,0,0
51,510122,2,2,0,0,0,2,2,35,0,25,3,2016,6,13,31,0,1,4,1,2,US-58,,2070,36.756,-80.666,0,12,2,0,1,1,0,1,1,98,0,98,0,0,13,30,13,36,14,18,0,0,0,1,1,0
51,510128,1,1,0,0,0,3,3,57,0,29,3,2016,3,17,48,1,1,3,1,2,US-17,,1357,38.014,-76.993,0,42,0,0,1,1,0,4,1,98,0,98,0,0,17,48,17,57,99,99,20,0,0,1,1,1
51,510129,1,1,0,1,1,1,1,59,0,4,1,2016,2,20,30,1,2,1,1,1,I-95,,1695,38.773,-77.182,0,8,0,0,1,1,0,1,2,98,0,98,0,0,99,99,99,99,99,99,0,0,0,1,0,1
51,510130,1,1,0,1,1,1,1,730,1910,24,2,2016,4,18,7,0,2,3,4,3,SR-36,NASH,165,37.239,-77.368,0,8,0,0,3,2,0,1,2,2,0,2,0,0,18,11,18,14,99,99,0,0,0,1,0,1
51,510131,1,1,0,0,0,1,1,191,0,26,3,2016,7,20,46,0,1,5,1,3,SR-75,,55,36.651,-81.985,0,30,0,0,1,1,0,4,2,98,0,98,0,0,21,50,21,58,88,88,0,0,0,1,0,1
51,510133,2,2,0,0,0,3,3,89,0,27,2,2016,7,18,20,0,1,4,98,3,SR-87,RT-750,9,36.553,-79.819,0,12,2,0,2,3,0,1,2,98,0,98,0,0,18,20,18,24,19,9,0,0,0,1,0,1
51,510134,1,1,0,1,1,5,5,41,0,12,3,2016,7,19,2,1,2,3,1,2,US-60,,1841,37.501,-77.529,0,8,0,0,1,1,0,1,3,98,0,98,0,0,99,99,99,99,99,99,0,0,0,1,0,0
51,510135,2,2,0,0,0,2,2,29,0,24,3,2016,5,5,30,0,1,98,1,3,SR-24,,832,37.465,-78.668,0,11,0,0,1,1,0,1,2,98,0,98,0,0,5,25,5,44,88,88,14,0,0,1,0,2
51,510136,1,1,0,0,0,1,1,700,1720,23,2,2016,3,1,37,0,2,3,4,3,SR-143,41ST STREET,90,36.992,-76.427,0,30,0,0,1,1,0,4,3,2,0,2,0,0,1,38,1,43,88,88,0,0,0,1,1,2
51,510137,2,1,1,0,0,1,1,550,468,23,3,2016,4,0,1,1,1,1,1,2,US-58,,4797,36.776,-76.445,0,14,0,0,1,1,0,4,3,98,0,98,0,0,0,3,0,15,0,46,0,0,0,1,1,0
51,510141,1,1,0,1,1,1,1,760,2060,6,3,2016,1,0,21,0,2,98,4,3,SR-10,EAST 34TH STREET,2,37.504,-77.465,0,8,0,0,2,2,0,1,3,98,0,98,0,0,0,17,0,20,0,46,0,0,0,1,0,2
51,510142,1,1,0,1,1,1,1,175,0,28,2,2016,1,19,38,0,1,3,1,2,US-58,,4295,36.702,-77.248,0,8,0,0,1,1,0,1,2,98,0,98,0,0,19,38,19,48,88,88,0,0,0,1,0,0
51,510144,2,1,1,2,3,1,2,550,468,4,4,2016,2,4,34,0,2,98,98,2,US-13,,376,36.773,-76.2,0,8,0,0,1,1,0,1,2,98,0,98,0,0,4,41,4,52,5,28,23,0,0,1,0,0