STATE,ST_CASE,VE_TOTAL,VE_FORMS,PVH_INVL,PEDS,PERNOTMVIT,PERMVIT,PERSONS,COUNTY,CITY,DAY,MONTH,YEAR,DAY_WEEK,HOUR,MINUTE,NHS,RUR_URB,FUNC_SYS,RD_OWNER,ROUTE,TWAY_ID,TWAY_ID2,MILEPT,LATITUDE,LONGITUD,SP_JUR,HARM_EV,MAN_COLL,RELJCT1,RELJCT2,TYP_INT,WRK_ZONE,REL_ROAD,LGT_COND,WEATHER1,WEATHER2,WEATHER,SCH_BUS,RAIL,NOT_HOUR,NOT_MIN,ARR_HOUR,ARR_MIN,HOSP_HR,HOSP_MN,CF1,CF2,CF3,FATALS,DRUNK_DR,RANK
51,510147,1,1,0,0,0,1,1,199,0,7,4,2016,5,16,54,1,1,1,1,1,I-64,,2433,37.247,-76.639,0,52,0,0,1,1,0,3,1,98,0,98,0,0,16,56,17,0,88,88,0,0,0,1,1,1
51,510149,1,1,0,0,0,1,1,760,2060,12,4,2016,3,18,8,0,2,98,98,2,US-1,,945,37.562,-77.443,0,19,0,0,1,1,0,3,1,98,0,98,0,0,99,99,99,99,88,88,0,0,0,1,1,1
51,510151,1,1,0,0,0,2,2,41,0,12,4,2016,3,19,33,1,1,3,1,2,US-360,,1181,37.395,-77.778,0,42,0,0,1,1,0,4,1,98,0,98,0,0,19,34,19,44,99,99,0,0,0,1,0,0
51,510152,1,1,0,0,0,1,1,183,0,10,3,2016,5,17,11,0,1,5,1,2,US-301,,276,36.898,-77.4,0,24,0,0,1,1,0,4,1,98,0,98,0,0,17,9,17,11,88,88,0,0,0,1,1,0
51,510153,2,2,0,0,0,5,5,131,0,31,3,2016,5,8,32,0,1,98,1,2,US-13,RT-617,987,37.458,-75.87,0,12,6,0,2,2,0,1,1,98,0,98,0,0,9,29,9,38,88,88,0,0,0,1,0,0
51,510156,1,1,0,0,0,2,2,31,0,15,4,2016,6,5,25,0,1,3,98,2,US-460,,2115,37.381,-79.05,0,35,0,0,1,1,0,3,2,98,0,98,0,0,99,99,99,99,99,99,0,0,0,1,0,0
51,510158,2,2,0,0,0,2,2,41,0,29,3,2016,3,14,1,1,2,1,1,1,I-95,,610,37.346,-77.405,0,12,6,0,1,1,4,1,1,98,0,98,0,0,99,99,99,99,99,99,0,0,0,1,0,1
51,510161,2,2,0,1,1,2,2,33,0,12,4,2016,3,23,20,1,1,1,1,1,I-95,,1082,37.982,-77.493,0,8,0,0,1,1,0,1,2,98,0,98,0,0,99,99,99,99,99,99,0,0,0,1,0,1
51,510162,1,1,0,0,0,1,1,3,0,12,4,2016,3,19,36,0,1,98,98,2,US-250,SHADWELL RD,1027,38.011,-78.386,0,42,0,0,3,3,0,4,5,98,0,98,0,0,99,99,99,99,88,88,0,0,0,1,0,0
51,510163,2,2,0,0,0,2,2,29,0,17,4,2016,1,8,49,0,1,4,98,3,SR-20,,30,37.582,-78.5,0,12,2,0,1,1,0,1,1,98,0,98,0,0,8,53,9,3,11,40,0,0,0,1,1,2
51,510165,1,1,0,0,0,1,1,199,0,17,4,2016,1,21,0,1,2,3,98,3,SR-134,ROUTE 1659,111,37.113,-76.444,0,46,0,0,3,2,0,3,2,98,0,98,0,0,20,58,21,0,88,88,0,0,0,1,0,1
51,510170,1,1,0,0,0,1,1,35,0,24,4,2016,1,16,15,1,1,1,1,1,I-77,,181,36.775,-80.815,0,42,0,0,1,1,0,3,1,98,0,98,0,0,99,99,99,99,99,99,0,0,0,1,0,0
51,510171,2,2,0,0,0,2,2,37,0,20,4,2016,4,13,24,0,1,5,1,3,SR-47,,511,37.134,-78.689,0,12,6,0,1,1,0,1,1,98,0,98,0,0,99,99,99,99,88,88,0,0,0,1,0,2
51,510173,1,1,0,1,1,1,1,87,0,22,4,2016,6,1,11,1,2,1,1,1,I-95,,7,37.673,-77.494,0,8,0,0,1,1,0,1,2,98,0,98,0,0,1,40,1,47,2,8,0,0,0,1,0,1
51,510174,1,1,0,0,0,2,2,3,0,26,4,2016,3,13,11,0,1,4,98,3,SR-20,HARRIS CREEK RD,269,37.886,-78.549,0,42,0,0,1,1,0,4,1,98,0,98,0,0,13,11,13,21,14,9,0,0,0,1,0,2
51,510179,2,2,0,0,0,3,3,700,1720,18,4,2016,2,14,56,0,2,98,98,2,US-17,WARWICKSHIRE CT,522,37.035,-76.454,0,12,6,0,2,2,0,1,1,98,0,98,0,0,14,56,14,59,15,31,0,0,0,1,1,1
51,510182,2,2,0,0,0,2,2,173,0,30,4,2016,7,18,50,0,1,5,1,3,SR-107,,28,36.829,-81.707,0,12,2,0,1,1,0,1,1,98,0,98,0,0,18,57,19,2,21,9,0,0,0,1,0,2
51,510183,3,3,0,0,0,4,4,510,40,2,5,2016,2,1,40,1,2,1,1,1,I-495,,1744,38.803,-77.107,0,12,2,0,1,1,0,1,3,2,0,2,0,0,10,41,11,21,12,35,14,0,0,1,0,1
51,510185,2,2,0,0,0,3,3,165,0,27,4,2016,4,23,20,0,2,4,1,2,US-33,,180,38.455,-78.94,0,1,0,0,1,1,0,1,2,98,0,98,0,0,23,21,23,36,0,14,0,0,0,1,0,0
51,510188,1,1,0,0,0,1,1,95,0,2,5,2016,2,6,30,1,1,1,1,1,I-64,,2468,37.216,-76.595,0,34,0,0,1,1,0,4,4,98,0,98,0,0,6,42,6,48,88,88,0,0,0,1,0,1
51,510189,1,1,0,1,1,1,1,87,0,3,5,2016,3,22,23,0,2,4,99,3,SR-33,,54,37.547,-77.363,0,8,0,0,1,1,0,1,2,98,0,98,0,0,99,99,99,99,99,99,0,0,0,1,0,1
51,510193,2,2,0,0,0,3,3,41,0,5,5,2016,5,23,11,1,2,2,98,3,SR-10,,172,37.355,-77.408,0,12,2,1,18,1,0,1,2,2,0,2,0,0,23,11,23,31,23,58,0,0,0,1,1,2
51,510194,2,2,0,0,0,2,2,760,2060,7,5,2016,7,16,36,1,2,98,98,1,I-95,,691,37.46,-77.426,0,12,7,0,1,1,0,1,1,98,0,98,0,0,16,35,16,43,17,5,0,0,0,1,0,1
51,510195,1,1,0,0,0,2,2,177,0,7,5,2016,7,1,31,1,1,98,98,3,SR-3,,214,38.318,-77.689,0,42,0,0,1,1,0,4,2,98,0,98,0,0,1,32,1,41,2,20,0,0,0,1,0,2
51,510196,2,2,0,0,0,5,5,760,2060,10,5,2016,3,16,48,1,2,3,98,2,US-360,COALTER ST,1417,37.544,-77.423,0,12,6,0,2,3,0,1,1,98,0,98,0,0,16,48,16,52,17,42,0,0,0,1,0,0
51,510198,1,1,0,0,0,2,2,9,0,3,5,2016,3,0,15,1,1,3,1,2,US-29,,966,37.654,-78.963,0,1,0,0,1,1,0,3,2,2,0,2,0,0,99,99,99,99,99,99,0,0,0,1,1,0
51,510204,1,1,0,0,0,6,6,85,0,23,4,2016,7,22,37,0,1,4,1,3,SR-156,,551,37.588,-77.284,0,42,0,0,1,1,0,4,2,98,0,98,0,0,22,46,23,6,0,32,0,0,0,2,1,2
51,510205,2,2,0,0,0,3,3,1,0,17,4,2016,1,1,9,1,1,3,1,2,US-13,,1258,37.772,-75.612,0,12,2,0,1,1,0,1,2,98,0,98,0,0,99,99,99,99,88,88,0,0,0,2,1,0
51,510207,1,1,0,0,0,1,1,109,0,11,5,2016,4,12,35,0,1,4,98,2,US-522,,213,37.812,-77.868,0,42,0,0,1,1,0,4,1,2,0,2,0,0,12,38,12,45,13,27,0,0,0,1,1,0
51,510208,1,1,0,2,2,2,2,1,0,9,5,2016,2,21,0,1,1,3,1,2,US-13,,1210,37.726,-75.672,0,8,0,0,1,1,0,1,2,98,0,98,0,0,21,11,21,17,99,99,0,0,0,1,0,0
51,510209,2,2,0,0,0,2,2,710,1760,8,4,2016,6,18,34,0,2,98,98,2,US-460,TIDEWATER DR,4060,36.947,-76.258,0,12,6,1,2,10,0,1,1,98,0,98,0,0,18,34,18,37,19,9,0,0,0,1,0,0
51,510210,1,1,0,1,1,1,1,600,900,3,4,2016,1,19,57,0,2,98,98,2,US-50,,735,38.865,-77.269,0,8,0,0,1,1,0,1,3,98,0,98,0,0,20,0,20,3,20,13,0,0,0,1,0,2
51,510212,1,1,0,0,0,1,1,53,0,15,5,2016,1,4,23,0,1,5,1,2,US-1,,588,37.121,-77.55,0,42,0,0,1,1,0,4,2,98,0,98,0,0,4,22,4,32,88,88,0,0,0,1,1,1
51,510213,1,1,0,0,0,1,1,167,0,21,5,2016,7,5,30,1,1,3,1,2,US-19,,299,36.857,-82.113,0,42,0,0,1,1,0,4,1,98,0,98,0,0,5,36,5,40,88,88,0,0,0,1,0,0
51,510214,1,1,0,1,1,1,1,67,0,17,4,2016,1,20,36,1,1,3,1,2,US-220,,422,37.042,-79.875,0,8,0,0,1,1,0,1,2,98,0,98,0,0,20,38,20,44,88,88,19,0,0,1,0,0
51,510216,2,2,0,0,0,3,3,163,0,22,4,2016,6,17,45,1,1,1,1,1,I-81,,28,37.849,-79.362,0,12,7,0,1,1,0,1,1,2,0,2,0,0,99,99,99,99,99,99,0,0,0,1,0,0
51,510218,1,1,0,0,0,1,1,25,0,19,5,2016,5,0,35,0,1,3,1,2,US-58,RT-641,3969,36.781,-77.797,0,59,0,0,3,3,0,4,2,98,0,98,0,0,99,99,99,99,88,88,0,0,0,1,0,0
51,510219,1,1,0,1,1,1,1,660,1190,2,5,2016,2,20,38,0,2,4,4,2,US-11,,2590,38.404,-78.91,0,8,0,0,1,1,0,1,3,98,0,98,0,0,20,38,20,42,88,88,0,0,0,1,0,0
51,510220,1,1,0,1,1,1,1,760,2060,23,4,2016,7,1,3,1,2,3,98,2,US-1,CUMBERLAND ST,931,37.543,-77.449,0,8,0,0,2,2,0,1,3,2,0,2,0,0,99,99,99,99,88,88,0,0,0,1,0,1
51,510222,4,4,0,0,0,6,6,93,0,19,5,2016,5,8,0,1,2,3,1,2,US-258,RT-17,518,36.941,-76.537,0,12,1,0,2,10,0,1,1,98,0,98,0,0,8,3,8,8,8,35,0,0,0,1,1,0
51,510227,1,1,0,1,1,1,1,179,0,24,5,2016,3,3,46,0,2,4,1,2,US-17,VIOLAS LN,13,38.334,-77.481,0,8,0,0,3,2,0,1,2,98,0,98,0,0,7,43,7,50,88,88,0,0,0,1,1,1
51,510228,2,2,0,0,0,3,3,131,0,22,5,2016,1,11,40,0,1,3,1,2,US-13,,997,37.474,-75.859,0,1,0,0,1,1,0,1,1,98,0,98,0,0,11,42,11,55,99,99,0,0,0,1,0,0
51,510230,1,1,0,0,0,1,1,9,0,27,5,2016,6,0,36,1,2,3,1,3,SR-163,EARLY DRIVE,55,37.423,-79.132,0,24,0,0,3,4,0,4,2,98,0,98,0,0,99,99,99,99,88,88,20,0,0,1,1,2
51,510232,1,1,0,0,0,1,1,680,1490,21,5,2016,7,22,9,1,1,2,1,2,US-460,,2409,37.365,-79.159,0,24,0,0,1,1,0,4,2,2,0,2,0,0,22,9,22,18,22,45,0,0,0,1,0,0
51,510233,1,1,0,0,0,1,1,143,0,30,5,2016,2,7,3,0,1,5,1,3,SR-57,,699,36.818,-79.245,0,34,0,0,1,1,0,4,1,98,0,98,0,0,7,10,7,16,88,88,0,0,0,1,0,2
51,510234,1,1,0,0,0,2,2,187,0,25,4,2016,2,19,0,0,1,5,98,3,SR-55,,343,38.913,-78.101,0,32,0,0,1,1,0,4,1,98,0,98,0,0,19,0,19,8,19,43,0,0,0,1,0,2
51,510237,2,2,0,0,0,3,3,3,0,15,5,2016,1,20,58,0,1,5,98,3,SR-20,,536,38.159,-78.308,0,12,2,0,1,1,0,1,2,98,0,98,0,0,99,99,99,99,88,88,0,0,0,1,1,2
51,510238,2,2,0,0,0,4,4,810,2540,16,5,2016,2,18,52,0,2,3,4,2,US-13,PLEASURE HOUSE RD,542,36.899,-76.138,0,12,1,0,2,2,0,1,1,98,0,98,0,0,18,57,19,10,19,34,0,0,0,1,0,0
51,510239,1,1,0,0,0,1,1,199,0,27,5,2016,6,14,24,1,1,1,1,1,I-64,,2435,37.248,-76.639,0,52,0,0,1,1,0,3,1,98,0,98,0,0,14,29,14,37,14,50,0,0,0,1,1,1
51,510240,1,1,0,0,0,1,1,145,0,5,4,2016,3,20,25,1,1,3,1,2,US-60,RT-13,1626,37.518,-77.806,0,35,0,0,3,3,0,4,2,98,0,98,0,0,99,99,99,99,88,88,0,0,0,1,0,0
51,510242,1,1,0,0,0,1,1,11,0,4,6,2016,7,21,33,0,1,4,1,3,SR-26,,120,37.521,-78.838,0,35,0,0,1,1,0,4,2,98,0,98,0,0,21,33,21,58,88,88,0,0,0,1,1,1
51,510244,1,1,0,1,1,1,1,53,0,5,6,2016,1,0,50,0,1,4,1,2,US-1,,652,37.189,-77.477,0,8,0,0,1,1,0,1,2,2,0,2,0,0,99,99,99,99,88,88,0,0,0,1,0,1
51,510247,1,1,0,0,0,1,1,83,0,5,6,2016,1,20,27,0,1,3,1,2,US-360,,359,36.749,-78.84,0,53,0,0,1,1,0,4,2,98,0,98,0,0,20,29,20,35,88,88,0,0,0,1,0,0
51,510248,2,2,0,0,0,2,2,61,0,2,5,2016,2,6,34,0,1,3,1,2,US-29,MARSH RD,1782,38.629,-77.8,0,12,6,0,2,2,0,1,4,5,0,5,0,0,6,34,6,45,88,88,0,0,0,1,0,0
51,510249,1,1,0,0,0,1,1,161,0,6,6,2016,2,8,10,1,2,1,1,1,I-81,,1384,37.299,-80.082,0,5,0,0,1,1,0,1,1,98,0,98,0,0,8,10,8,18,88,88,0,0,0,1,0,0
51,510250,2,2,0,0,0,2,2,89,0,31,5,2016,3,13,58,0,1,4,1,2,US-58,RT-695,2555,36.62,-80.007,0,12,6,0,2,2,0,1,1,98,0,98,0,0,14,1,14,14,14,43,0,0,0,1,0,0
51,510251,1,1,0,0,0,1,1,87,0,12,6,2016,1,3,50,0,1,4,1,3,SR-5,,64,37.451,-77.366,0,34,0,0,1,1,0,4,6,98,0,98,0,0,99,99,99,99,88,88,0,0,0,1,1,1
51,510252,2,2,0,0,0,2,2,67,0,13,6,2016,2,18,30,0,1,3,1,2,US-220,RT-19,357,36.952,-79.882,0,12,6,0,2,3,0,1,1,98,0,98,0,0,18,43,18,57,19,25,0,0,0,1,0,0
51,510255,2,2,0,0,0,2,2,153,0,1,6,2016,4,15,46,0,2,3,1,2,US-29,LAKE MANASSAS DR,2162,38.787,-77.647,0,12,6,0,2,3,0,1,1,98,0,98,0,0,99,99,99,99,88,88,0,0,0,1,0,0
51,510259,1,1,0,0,0,4,4,23,0,28,4,2016,5,21,46,0,1,3,98,2,US-220,,1042,37.44,-79.48,0,34,0,0,1,1,0,4,2,2,0,2,0,0,21,24,21,42,22,30,5,0,0,1,0,0
51,510262,2,2,0,0,0,3,3,115,0,18,6,2016,7,12,30,0,1,4,1,3,SR-198,,1416,37.491,-76.429,0,12,2,0,1,1,0,1,1,98,0,98,0,0,14,31,14,43,88,88,0,0,0,1,0,1
51,510263,1,1,0,1,1,1,1,73,0,15,6,2016,4,5,20,1,1,3,1,2,US-17,,794,37.388,-76.532,0,8,0,0,1,1,0,1,2,98,0,98,0,0,99,99,99,99,99,99,0,0,0,1,0,1
51,510264,1,1,0,1,1,1,1,59,0,18,5,2016,4,15,40,1,2,3,1,3,SR-7,GLEN CARLYN DRIVE,664,38.855,-77.138,0,8,0,0,3,2,0,1,1,98,0,98,0,0,15,40,15,44,88,88,0,0,0,1,0,2
51,510268,1,1,0,0,0,1,1,183,0,9,5,2016,2,17,0,0,1,4,1,3,SR-40,,2090,36.942,-77.179,0,42,0,0,1,1,0,4,1,98,0,98,0,0,16,44,17,9,18,7,0,0,0,1,0,0
51,510271,2,2,0,0,0,2,2,81,0,26,5,2016,5,16,31,0,1,4,1,2,US-301,,135,36.731,-77.521,0,12,6,0,7,1,0,1,1,98,0,98,0,0,16,32,16,40,16,58,0,0,0,1,0,0
51,510274,3,3,0,0,0,6,6,710,1760,24,4,2016,1,0,10,0,2,3,4,3,SR-166,SEWELLS POINT RD,945,36.868,-76.229,0,12,1,0,2,2,0,1,3,98,0,98,0,0,99,99,99,99,99,99,0,0,0,1,1,1
51,510275,2,2,0,0,0,3,3,187,0,31,5,2016,3,17,35,0,1,4,1,2,US-522,,11141,38.886,-78.168,0,12,6,0,1,1,0,1,1,98,0,98,0,0,17,37,17,46,99,99,0,0,0,1,0,0
51,510277,1,1,0,0,0,1,1,25,0,9,6,2016,5,4,57,0,1,3,1,2,US-58,,3842,36.713,-77.988,0,35,0,0,1,1,0,4,2,98,0,98,0,0,99,99,99,99,88,88,0,0,0,1,0,0
51,510279,2,2,0,0,0,2,2,187,0,4,6,2016,7,7,47,0,1,4,1,2,US-522,SHADOWS DR,1220,38.984,-78.182,0,12,1,0,2,2,0,1,1,98,0,98,0,0,7,51,7,53,88,88,0,0,0,1,0,0
51,510280,2,2,0,0,0,2,2,31,0,9,6,2016,5,0,15,0,1,5,1,2,US-29,,39,37.115,-79.281,0,12,6,0,4,1,0,1,3,98,0,98,0,0,0,10,0,15,88,88,0,0,0,1,1,0
51,510281,1,1,0,0,0,1,1,105,0,14,6,2016,3,11,15,0,1,4,1,3,SR-58,,99999,36.739,-83.061,0,34,0,0,1,1,0,4,1,98,0,98,0,0,11,9,11,16,99,99,0,0,0,1,0,1
51,510282,1,1,0,0,0,1,1,11,0,19,6,2016,1,10,57,0,1,3,1,2,US-460,,2311,37.307,-78.752,0,42,0,0,1,1,0,4,1,98,0,98,0,0,11,5,11,12,88,88,0,0,0,1,0,0
51,510287,2,2,0,0,0,2,2,91,0,23,6,2016,5,5,50,0,1,4,1,2,US-220,,1774,38.388,-79.601,0,12,2,0,1,1,0,1,4,2,0,2,0,0,5,50,5,50,8,7,0,0,0,1,0,0
51,510288,2,2,0,0,0,3,3,147,0,22,6,2016,4,15,5,0,1,3,1,2,US-460,RT -606,2642,37.235,-78.242,0,12,6,0,2,3,0,1,1,98,0,98,0,0,15,10,15,21,99,99,0,0,0,2,0,0
51,510291,1,1,0,0,0,1,1,195,0,18,6,2016,7,17,3,0,1,3,1,2,US-23,,27,37.034,-82.598,0,35,0,0,1,1,0,3,1,98,0,98,0,0,99,99,99,99,99,99,0,0,0,1,1,0
51,510292,2,2,0,0,0,4,4,143,0,22,6,2016,4,14,17,0,1,3,1,2,US-29,RT-642,437,37.065,-79.342,0,12,6,0,2,2,0,1,1,98,0,98,0,0,14,27,14,35,99,99,0,0,0,1,1,0
51,510295,3,3,0,0,0,4,4,89,0,22,6,2016,4,16,32,1,1,3,1,2,US-220,COMMONWEALTH BLVD,65,36.696,-79.898,0,12,2,0,2,2,0,1,1,98,0,98,0,0,16,30,16,34,17,15,0,0,0,2,0,0
51,510296,2,2,0,0,0,2,2,59,0,21,4,2016,5,8,34,0,2,3,1,3,SR-28,,306,38.846,-77.432,0,12,7,1,17,1,0,1,1,98,0,98,0,0,8,34,8,39,88,88,0,0,0,1,0,2
51,510297,2,2,0,0,0,4,4,19,0,11,6,2016,7,13,45,0,1,4,1,3,SR-122,,302,37.277,-79.553,0,12,2,0,1,1,0,1,1,98,0,98,0,0,13,56,14,9,14,58,0,0,0,1,0,2
51,510298,2,2,0,0,0,17,17,33,0,18,6,2016,7,0,35,1,1,1,1,1,I-95,,1115,38.033,-77.499,0,12,6,0,1,1,0,1,2,98,0,98,0,0,0,44,0,48,99,99,0,0,0,6,0,1
51,510299,2,2,0,0,0,2,2,15,0,26,6,2016,1,4,55,1,1,1,1,1,I-81,,2153,38.043,-79.123,0,12,6,0,1,1,0,1,2,98,0,98,0,0,5,3,5,10,88,88,0,0,0,1,1,0
51,510300,1,1,0,0,0,1,1,109,0,26,6,2016,1,18,50,0,1,4,1,2,US-33,,989,37.885,-77.838,0,38,0,0,1,1,0,5,1,98,0,98,0,0,18,54,19,9,88,88,0,0,0,1,1,0
51,510302,4,4,0,0,0,4,4,43,0,29,6,2016,4,8,20,0,1,4,1,2,US-522,ROUTE-1434,1261,39.039,-78.15,0,12,6,0,2,3,0,1,1,98,0,98,0,0,8,35,8,42,9,21,0,0,0,1,0,0
51,510303,1,1,0,0,0,3,3,810,2540,27,6,2016,2,1,10,0,1,3,4,2,US-60,,2946,36.916,-76.057,0,59,0,0,1,1,0,4,2,98,0,98,0,0,1,13,1,21,2,3,0,0,0,1,0,0
51,510304,2,2,0,0,0,4,4,660,1190,31,5,2016,3,9,25,1,2,1,1,1,I-81,,2481,38.437,-78.853,0,12,6,0,1,1,0,1,1,98,0,98,0,0,9,30,9,53,10,25,0,0,0,1,0,0
51,510306,4,4,0,1,1,4,4,700,1720,17,6,2016,6,21,25,1,2,3,1,3,SR-143,MASON DRIVE,227,37.167,-76.542,1,8,0,0,3,3,0,1,3,98,0,98,0,0,21,25,21,31,88,88,0,0,0,1,0,2
51,510308,1,1,0,0,0,1,1,183,0,3,7,2016,1,8,37,0,1,3,1,2,US-460,,3367,37.071,-77.143,0,42,0,0,1,1,0,4,1,2,0,2,0,0,99,99,99,99,88,88,0,0,0,1,0,0
51,510310,1,1,0,0,0,1,1,71,0,8,6,2016,4,20,16,0,1,4,1,3,SR-100,,447,37.274,-80.741,0,24,0,0,1,1,0,4,1,98,0,98,0,0,7,54,8,21,9,3,0,0,0,1,0,1
51,510313,3,3,0,0,0,3,3,23,0,7,7,2016,5,12,3,0,1,3,1,2,US-220,RT-1126,805,37.438,-79.903,0,12,6,0,3,2,0,1,1,98,0,98,0,0,11,58,12,2,12,39,0,0,0,1,0,0
51,510314,1,1,0,0,0,3,3,1,0,30,5,2016,2,20,36,0,1,3,1,2,US-13,NOCKS LAND,1370,37.922,-75.549,0,30,0,0,3,2,0,4,2,2,0,2,0,0,20,30,20,33,21,29,0,0,0,2,0,0
51,510315,2,2,0,0,0,2,2,117,0,5,6,2016,1,22,40,0,1,5,99,2,US-1,,86,36.667,-78.214,0,12,2,0,1,1,0,1,2,98,0,98,0,0,22,45,22,53,88,88,0,0,0,1,0,1
51,510317,1,1,0,0,0,1,1,3,0,4,7,2016,2,17,25,1,1,1,1,1,I-64,,1166,38.022,-78.563,0,1,0,0,1,1,0,3,1,98,0,98,0,0,99,99,99,99,88,88,0,0,0,1,0,1
51,510318,1,1,0,0,0,2,2,550,468,3,7,2016,1,15,20,1,1,2,1,2,US-58,,4804,36.782,-76.431,0,34,0,0,1,1,0,4,1,98,0,98,0,0,99,99,99,99,88,88,0,0,0,2,0,0
51,510321,1,1,0,1,1,1,1,810,2540,9,7,2016,7,0,2,0,2,3,4,2,US-60,PLEASURE HOUSE RD,2902,36.904,-76.135,0,8,0,0,2,2,0,1,3,98,0,98,0,0,0,5,0,5,88,88,0,0,0,1,1,0
51,510322,1,1,0,2,2,1,1,15,0,12,7,2016,3,15,33,0,1,5,1,2,US-11,STUARTS DRAFT HWY,2275,38.022,-79.14,0,8,0,0,1,1,2,1,1,98,0,98,0,0,15,35,15,42,88,88,0,0,0,2,0,0
51,510324,1,1,0,0,0,1,1,53,0,15,7,2016,6,2,40,1,1,1,1,1,I-85,,493,37.043,-77.623,0,1,0,0,1,1,0,3,2,98,0,98,0,0,99,99,99,99,88,88,0,0,0,1,0,1
51,510325,2,2,0,0,0,5,5,167,0,16,7,2016,7,14,30,0,1,3,1,2,US-19,,284,36.844,-82.133,0,12,1,0,1,1,0,1,1,98,0,98,0,0,14,27,14,36,15,6,0,0,0,1,0,0
51,510326,3,3,0,0,0,3,3,179,0,16,7,2016,7,9,6,0,1,4,1,3,SR-3,,412,38.254,-77.361,0,12,2,0,1,1,0,1,1,98,0,98,0,0,13,17,13,21,88,88,20,0,0,1,0,2
51,510327,2,2,0,0,0,3,3,710,1760,20,6,2016,2,13,59,0,2,4,99,2,US-460,PATROL RD,4040,36.928,-76.268,0,12,6,0,2,2,0,1,1,98,0,98,0,0,99,99,99,99,99,99,0,0,0,1,0,0
51,510328,1,1,0,0,0,1,1,183,0,19,7,2016,3,6,13,0,1,4,1,3,SR-35,,0,36.9,-77.151,0,42,0,0,1,1,0,4,4,98,0,98,0,0,99,99,99,99,88,88,0,0,0,1,0,1
51,510330,2,2,0,0,0,2,2,650,1180,17,6,2016,6,10,22,0,2,4,4,3,SR-152,EXECUTIVE DR,40,37.046,-76.396,0,12,2,0,2,2,0,1,1,98,0,98,0,0,99,99,99,99,99,99,0,0,0,1,0,1
51,510332,1,1,0,1,1,1,1,770,2100,22,6,2016,4,22,2,1,2,1,1,1,I-580,,14,37.288,-79.939,0,8,0,0,1,1,4,1,2,98,0,98,0,0,21,59,22,3,22,28,19,0,0,1,0,2
51,510334,1,1,0,1,1,1,1,87,0,25,6,2016,7,0,35,0,1,4,1,3,SR-33,PLEASANT STREET,59,37.55,-77.354,0,8,0,0,3,3,0,1,2,98,0,98,0,0,0,35,0,42,1,12,0,0,0,1,0,1
51,510340,1,1,0,0,0,1,1,15,0,15,7,2016,6,7,16,1,1,1,1,1,I-81,,2068,37.946,-79.215,0,24,0,0,1,1,0,4,1,98,0,98,0,0,7,19,7,35,88,88,0,0,0,1,0,0
51,510341,1,1,0,1,1,1,1,197,0,15,7,2016,6,22,45,1,1,1,1,1,I-77,,289,36.909,-80.885,0,8,0,0,1,1,0,1,2,98,0,98,0,0,99,99,99,99,88,88,0,0,0,1,0,0
51,510343,1,1,0,1,1,1,1,660,1190,21,7,2016,5,21,8,0,2,4,4,2,US-11,,2635,38.458,-78.861,0,8,0,0,1,1,0,1,3,98,0,98,0,0,21,8,21,13,21,41,0,0,0,1,0,0
51,510344,2,2,0,0,0,3,3,75,0,4,6,2016,7,10,59,0,1,5,1,2,US-250,FAIRGROUND RD,1422,37.71,-77.802,0,12,6,0,2,3,0,1,1,98,0,98,0,0,11,1,12,0,12,27,0,0,0,1,0,0
51,510345,1,1,0,0,0,3,3,15,0,22,7,2016,6,19,40,1,1,1,1,1,I-81,,2081,37.961,-79.202,0,34,0,0,1,1,0,4,1,98,0,98,0,0,19,52,20,7,20,11,0,0,0,1,1,0
51,510346,2,2,0,1,1,2,2,101,0,20,7,2016,4,18,25,1,1,3,1,2,US-360,,1647,37.752,-77.129,0,9,0,0,1,1,0,1,1,98,0,98,0,0,18,25,18,40,99,99,0,0,0,1,0,0
51,510347,2,2,0,0,0,2,2,67,0,20,7,2016,4,12,33,0,1,3,1,2,US-220,,421,37.041,-79.875,0,12,2,0,1,1,0,1,1,98,0,98,0,0,12,35,12,54,13,5,0,0,0,2,0,0
51,510349,1,1,0,0,0,2,2,730,1910,28,6,2016,3,0,47,1,2,1,1,1,I-95,,0,37.217,-77.386,0,59,0,1,5,1,0,3,2,98,0,98,0,0,0,48,0,51,1,16,20,0,0,1,1,1
51,510351,1,1,0,0,0,1,1,181,0,25,7,2016,2,7,43,0,1,4,1,3,SR-40,,2262,37.133,-77.02,0,38,0,0,1,1,0,5,1,98,0,98,0,0,7,46,7,58,99,99,0,0,0,1,0,0
51,510352,3,3,0,0,0,4,4,710,1760,9,6,2016,5,13,54,0,2,4,4,3,SR-165,I-64,374,36.917,-76.268,0,12,6,0,2,3,0,1,1,98,0,98,1,0,14,2,14,6,99,99,0,0,0,1,0,2
51,510354,4,4,0,0,0,7,7,600,900,22,6,2016,4,13,28,0,2,3,4,2,US-29,JERMANTOWN RD,2340,38.852,-77.332,0,12,6,0,2,2,0,1,1,98,0,98,0,0,13,27,13,31,14,14,14,0,0,1,0,0
51,510355,1,1,0,0,0,3,3,5,0,27,7,2016,4,11,35,0,1,7,1,3,SR-18,,190,37.731,-80.035,0,53,0,0,1,1,0,4,1,98,0,98,0,0,11,36,11,55,12,22,0,0,0,1,0,2