STATE,ST_CASE,VE_TOTAL,VE_FORMS,PVH_INVL,PEDS,PERNOTMVIT,PERMVIT,PERSONS,COUNTY,CITY,DAY,MONTH,YEAR,DAY_WEEK,HOUR,MINUTE,NHS,RUR_URB,FUNC_SYS,RD_OWNER,ROUTE,TWAY_ID,TWAY_ID2,MILEPT,LATITUDE,LONGITUD,SP_JUR,HARM_EV,MAN_COLL,RELJCT1,RELJCT2,TYP_INT,WRK_ZONE,REL_ROAD,LGT_COND,WEATHER1,WEATHER2,WEATHER,SCH_BUS,RAIL,NOT_HOUR,NOT_MIN,ARR_HOUR,ARR_MIN,HOSP_HR,HOSP_MN,CF1,CF2,CF3,FATALS,DRUNK_DR,RANK
51,510358,1,1,0,0,0,1,1,107,0,31,7,2016,1,10,45,0,2,3,1,3,SR-7,,420,39.076,-77.49,0,42,0,0,1,1,0,3,1,98,0,98,0,0,10,49,11,4,11,15,0,0,0,1,0,2
51,510359,1,1,0,1,1,1,1,770,2100,17,6,2016,6,9,48,0,2,3,4,2,US-460,,1548,37.282,-79.932,0,8,0,0,1,1,0,1,1,98,0,98,0,0,14,38,14,41,15,3,0,0,0,1,0,0
51,510360,1,1,0,0,0,1,1,69,0,27,6,2016,2,11,30,0,2,3,1,3,SR-7,RT-656,32,39.188,-78.113,0,24,0,0,3,2,0,4,1,98,0,98,0,0,11,43,11,47,12,10,0,0,0,1,0,2
51,510361,1,1,0,1,1,1,1,137,0,28,7,2016,5,21,22,0,1,5,3,3,SR-20,,1,38.245,-78.113,0,8,0,0,1,1,0,1,3,2,0,2,0,0,99,99,99,99,99,99,0,0,0,1,0,2
51,510362,1,1,0,0,0,2,2,127,0,1,8,2016,2,18,14,1,1,1,1,1,I-64,,2163,37.492,-76.997,0,24,0,0,1,1,0,3,1,98,0,98,0,0,99,99,18,22,99,99,0,0,0,1,0,1
51,510369,2,2,0,1,1,2,2,770,2100,2,7,2016,7,2,11,0,2,3,4,2,US-11,CHATHAM STREET,1538,37.298,-79.939,0,8,0,0,3,98,0,1,3,98,0,98,0,0,2,11,2,15,88,88,0,0,0,1,1,0
51,510370,1,1,0,0,0,1,1,185,0,17,7,2016,1,18,15,0,1,3,1,2,US-19,,739,37.151,-81.483,0,1,0,0,1,1,0,1,1,98,0,98,0,0,18,21,18,26,18,40,0,0,0,1,0,0
51,510375,3,3,0,0,0,3,3,191,0,16,8,2016,3,17,56,0,1,5,1,3,SR-75,,21,36.616,-82.019,0,12,1,0,1,1,0,1,1,98,0,98,0,0,18,0,18,15,99,99,0,0,0,1,0,1
51,510377,1,1,0,0,0,2,2,21,0,17,8,2016,4,5,10,1,1,1,1,1,I-77,,508,37.075,-81.127,0,23,0,0,1,1,0,3,2,98,0,98,0,0,6,8,6,11,6,43,0,0,0,1,0,0
51,510380,2,2,0,0,0,2,2,17,0,14,8,2016,1,13,15,0,1,4,1,2,US-220,,1627,38.213,-79.715,0,12,2,0,1,1,0,1,1,98,0,98,0,0,13,20,13,44,14,25,0,0,0,1,1,0
51,510383,1,1,0,1,1,1,1,103,0,13,8,2016,7,21,23,0,1,4,1,3,SR-200,,90,37.744,-76.363,0,8,0,0,1,1,0,1,2,98,0,98,0,0,99,99,21,30,88,88,0,0,0,1,0,1
51,510384,2,2,0,0,0,2,2,117,0,8,7,2016,6,15,17,0,1,3,1,2,US-58,,3550,36.653,-78.467,0,12,2,0,1,1,0,1,1,98,0,98,0,0,99,99,99,99,88,88,0,0,0,2,1,0
51,510386,1,1,0,0,0,1,1,95,0,19,7,2016,3,16,50,1,1,1,1,1,I-64,,2323,37.377,-76.756,0,35,0,0,1,1,0,3,1,98,0,98,0,0,99,99,99,99,88,88,0,0,0,1,0,1
51,510389,2,2,0,0,0,2,2,41,0,2,8,2016,3,23,30,1,2,1,1,1,I-295,,380,37.344,-77.336,0,1,0,0,1,1,0,4,2,98,0,98,0,0,23,34,23,46,88,88,0,0,0,1,2,2
51,510391,2,2,0,0,0,3,3,61,0,4,8,2016,5,20,31,0,1,3,1,2,US-29,RT-880,1825,38.686,-77.787,0,12,7,0,3,2,0,1,5,98,0,98,0,0,20,31,20,38,20,52,20,0,0,1,0,0
51,510393,2,2,0,0,0,2,2,7,0,5,8,2016,6,15,49,0,1,3,1,2,US-360,MAPLEWOOD RD,996,37.313,-78.064,0,12,6,0,2,2,0,1,1,98,0,98,0,0,99,99,99,99,88,88,0,0,0,1,0,0
51,510394,1,1,0,0,0,1,1,183,0,7,8,2016,1,14,44,1,1,1,1,1,I-95,,269,36.883,-77.403,0,1,0,0,1,1,0,1,1,98,0,98,0,0,99,99,99,99,88,88,0,0,0,1,0,1
51,510395,1,1,0,1,1,1,1,135,0,3,8,2016,4,22,12,0,1,3,1,2,US-460,,2763,37.147,-78.087,0,9,0,0,1,1,0,1,2,98,0,98,0,0,99,99,99,99,88,88,0,0,0,1,0,0
51,510397,2,2,0,0,0,7,7,85,0,28,7,2016,5,8,10,1,1,1,1,1,I-95,,917,37.755,-77.458,0,1,0,0,1,1,0,3,1,98,0,98,0,0,8,14,8,22,9,5,0,0,0,1,0,1
51,510399,1,1,0,0,0,1,1,61,0,14,8,2016,1,2,20,0,1,3,1,2,US-17,,2079,38.609,-77.789,0,24,0,0,5,1,0,4,2,98,0,98,0,0,2,30,2,39,88,88,0,0,0,1,1,1
51,510402,1,1,0,0,0,1,1,31,0,17,8,2016,4,22,40,0,1,3,1,2,US-29,,566,37.187,-79.204,0,42,0,0,1,1,0,4,2,98,0,98,0,0,99,99,99,99,88,88,0,0,0,1,1,0
51,510405,1,1,0,0,0,1,1,183,0,22,8,2016,2,10,58,0,1,3,1,2,US-460,,3351,37.086,-77.164,0,42,0,0,1,1,0,4,1,98,0,98,0,0,99,99,99,99,88,88,0,0,0,1,0,0
51,510407,2,2,0,0,0,2,2,630,1020,23,8,2016,3,2,50,1,2,1,1,1,I-95,,1301,38.292,-77.507,0,12,1,1,18,1,2,1,2,98,0,98,0,0,99,99,99,99,88,88,0,0,0,1,1,1
51,510408,2,2,0,0,0,2,2,121,500,23,8,2016,3,19,17,1,2,1,1,3,SR-8,I-81 RAMP,0,37.117,-80.422,0,12,6,1,2,3,0,1,1,98,0,98,0,0,19,17,19,38,20,7,0,0,0,1,0,2
51,510409,2,2,0,0,0,2,2,197,0,21,8,2016,1,11,27,1,1,1,1,1,I-81,,405,36.957,-81.057,0,12,7,1,5,1,0,1,1,98,0,98,0,0,11,39,12,7,12,49,0,0,0,1,0,0
51,510410,8,8,0,0,0,16,16,197,0,21,8,2016,1,13,0,1,1,1,1,1,I-81,,642,36.925,-81.214,0,12,1,0,1,1,0,1,1,2,0,2,0,0,13,21,13,30,14,5,19,0,0,1,0,0
51,510412,1,1,0,0,0,2,2,83,0,20,8,2016,7,15,39,0,1,4,1,2,US-360,THOMPSON STORE RD,229,36.767,-79.117,0,59,0,0,3,4,0,4,1,98,0,98,0,0,15,56,15,59,16,49,0,0,0,1,1,0
51,510413,1,1,0,0,0,2,2,89,0,28,8,2016,1,0,50,0,1,3,1,2,US-58,,2558,36.62,-80.001,1,34,0,0,1,1,0,4,2,98,0,98,0,0,0,51,1,3,1,37,0,0,0,1,0,0
51,510414,1,1,0,0,0,1,1,700,1720,29,7,2016,6,20,23,1,2,1,1,1,I-64,,2539,37.132,-76.523,0,34,0,0,1,1,0,4,5,98,0,98,0,0,99,99,99,99,88,88,0,0,0,1,0,1
51,510415,1,1,0,0,0,2,2,59,0,7,8,2016,1,14,30,1,2,1,1,1,I-495,,529,38.825,-77.221,0,26,0,0,1,1,0,3,1,98,0,98,0,0,14,29,14,35,14,57,0,0,0,1,0,1
51,510417,2,2,0,0,0,4,4,36,0,20,8,2016,7,16,45,0,1,4,1,3,SR-156,,251,37.333,-77.226,0,12,2,0,1,1,0,1,1,98,0,98,0,0,99,99,99,99,99,99,0,0,0,1,0,2
51,510418,1,1,0,0,0,2,2,53,0,24,8,2016,4,1,42,0,1,3,1,2,US-460,,3001,37.16,-77.694,0,1,0,0,1,1,0,3,2,98,0,98,0,0,99,99,99,99,99,99,0,0,0,1,1,0
51,510419,1,1,0,0,0,1,1,69,0,27,8,2016,7,21,0,0,1,4,1,2,US-50,INDEPENDENCE DR,202,39.141,-78.124,0,1,0,0,3,3,0,4,2,98,0,98,0,0,21,4,21,9,88,88,0,0,0,1,1,2
51,510420,3,3,0,0,0,3,3,177,0,31,8,2016,4,2,37,1,2,1,1,1,I-95,,1292,38.279,-77.512,0,12,1,0,1,1,0,1,2,98,0,98,0,0,2,37,2,45,99,99,0,0,0,1,0,1
51,510421,2,2,0,0,0,5,5,159,0,28,8,2016,1,2,37,0,1,4,1,3,SR-3,,880,37.987,-76.733,0,12,2,0,1,1,0,1,2,98,0,98,0,0,2,57,3,12,3,52,0,0,0,1,1,2
51,510422,3,3,0,0,0,3,3,700,1720,31,8,2016,4,16,5,0,1,3,1,2,US-17,,475,36.989,-76.485,1,12,1,0,1,1,0,1,1,98,0,98,0,0,99,99,99,99,99,99,0,0,0,1,0,1
51,510425,3,3,0,0,0,5,5,89,0,3,9,2016,7,23,38,0,1,3,1,2,US-220,RT- 58 BYPASS,66,36.622,-79.86,0,12,1,0,3,2,0,1,2,98,0,98,0,0,23,38,23,43,88,88,14,0,0,1,1,0
51,510426,1,1,0,0,0,1,1,121,0,3,9,2016,7,11,30,1,1,1,1,1,I-81,,1147,37.115,-80.43,0,35,0,0,1,1,0,3,1,98,0,98,0,0,99,99,99,99,88,88,0,0,0,1,1,0
51,510434,3,3,0,0,0,4,4,41,0,4,9,2016,1,0,45,1,2,1,1,1,I-95,,6016,37.337,-77.404,0,12,1,0,1,1,0,1,2,98,0,98,0,0,0,49,0,57,1,52,0,0,0,1,1,1
51,510438,2,2,0,0,0,2,2,77,0,23,7,2016,7,17,30,0,1,4,1,2,US-58,,1440,36.609,-81.577,0,12,2,0,1,1,0,1,1,98,0,98,0,0,17,16,17,24,18,17,0,0,0,1,1,0
51,510443,2,2,0,0,0,3,3,710,1760,12,8,2016,6,0,48,0,2,4,4,3,SR-165,MAJOR AVE,392,36.916,-76.299,0,12,6,0,2,3,0,1,3,98,0,98,0,0,0,48,1,1,1,25,0,0,0,1,1,2
51,510444,2,2,0,0,0,4,4,155,0,18,9,2016,1,12,58,1,1,1,1,1,I-81,,943,37.025,-80.73,0,12,7,1,18,1,0,1,1,98,0,98,0,0,99,99,99,99,99,99,0,0,0,1,0,0
51,510445,1,1,0,1,1,1,1,59,0,22,8,2016,2,19,10,0,2,3,1,2,US-29,,2384,38.872,-77.258,0,8,0,0,1,1,0,1,1,98,0,98,0,0,19,21,19,22,19,30,0,0,0,1,0,0
51,510446,2,1,1,0,0,1,1,740,1970,9,6,2016,5,18,54,0,2,3,4,2,US-17,,259,36.809,-76.318,0,33,0,0,1,1,0,4,1,98,0,98,0,0,99,99,99,99,99,99,0,0,0,1,0,1
51,510447,1,1,0,0,0,1,1,770,2100,28,7,2016,5,19,34,1,2,2,1,2,US-220,,627,37.26,-79.942,0,24,0,0,1,1,0,4,1,2,0,2,0,0,99,99,99,99,99,99,0,0,0,1,1,0
51,510449,1,1,0,0,0,1,1,33,0,16,8,2016,3,6,30,0,1,5,1,2,US-1,,1312,38.078,-77.523,0,59,0,0,1,1,0,4,1,98,0,98,0,0,99,99,99,99,99,99,0,0,0,1,0,1
51,510451,1,1,0,0,0,1,1,35,0,25,8,2016,5,9,18,1,1,1,1,1,I-77,,0,36.577,-80.744,0,24,0,1,5,1,0,10,1,98,0,98,0,0,9,19,9,37,88,88,0,0,0,1,0,0
51,510452,2,2,0,0,0,2,2,25,0,3,9,2016,7,17,20,0,1,3,1,2,US-58,RT-644,3881,36.724,-77.925,0,12,6,0,2,2,0,1,1,98,0,98,0,0,17,7,17,18,18,11,0,0,0,1,0,0
51,510454,4,4,0,0,0,4,4,35,0,14,9,2016,4,15,40,1,2,1,1,1,I-77,,226,36.823,-80.852,0,12,1,0,1,1,0,1,1,98,0,98,0,0,99,99,99,99,88,88,0,0,0,1,0,0
51,510455,2,2,0,0,0,3,3,19,0,20,9,2016,3,5,57,0,1,4,1,3,SR-24,,101,37.272,-79.781,0,12,6,0,1,1,0,1,2,98,0,98,0,0,6,0,6,4,88,88,0,0,0,2,0,2
51,510458,1,1,0,0,0,2,2,69,0,23,9,2016,6,12,58,1,2,1,1,1,I-81,,3153,39.177,-78.146,0,1,0,0,1,1,0,3,1,98,0,98,0,0,13,1,13,9,13,26,0,0,0,1,0,0
51,510460,2,2,0,0,0,6,6,800,2390,11,9,2016,1,14,11,1,2,2,4,2,US-58,,4738,36.766,-76.542,0,12,6,0,1,1,0,1,1,98,0,98,0,0,14,15,14,25,14,52,0,0,0,1,0,0
51,510461,1,1,0,0,0,1,1,41,0,13,9,2016,3,20,40,0,2,5,1,4,CR-611,,8,37.406,-77.487,0,32,0,0,1,1,0,4,2,98,0,98,0,0,20,41,20,46,21,15,0,0,0,1,0,2
51,510463,1,1,0,1,1,1,1,550,468,13,9,2016,3,20,18,0,2,4,4,2,US-13,,329,36.785,-76.413,0,9,0,0,1,1,0,1,3,98,0,98,0,0,20,20,20,23,21,14,0,0,0,1,0,0
51,510464,2,2,0,0,0,2,2,700,1720,7,9,2016,4,21,41,0,2,3,4,3,SR-143,INDUSTRIAL PARK DR,226,37.165,-76.541,0,12,6,0,2,98,0,1,3,98,0,98,0,0,21,42,21,46,88,88,0,0,0,1,0,2
51,510466,1,1,0,0,0,2,2,87,0,17,9,2016,7,0,30,1,1,1,1,1,I-295,,0,37.553,-77.289,0,59,0,0,1,1,0,4,2,98,0,98,0,0,0,52,1,5,1,31,0,0,0,1,0,2
51,510468,1,1,0,0,0,1,1,163,0,3,10,2016,2,11,40,0,1,4,1,2,US-60,,670,37.733,-79.318,0,1,0,0,1,1,4,1,1,98,0,98,0,0,99,99,99,99,88,88,0,0,0,1,0,0
51,510471,2,2,0,0,0,4,4,760,2060,26,9,2016,2,4,0,1,2,1,1,1,I-95,,703,37.476,-77.43,0,12,1,0,1,1,0,1,2,98,0,98,0,0,99,99,99,99,99,99,0,0,0,1,0,1
51,510474,1,1,0,0,0,1,1,191,0,26,8,2016,6,17,45,0,1,4,1,2,US-58,,1346,36.656,-81.671,0,24,0,0,1,1,0,4,1,98,0,98,0,0,18,0,18,19,19,28,0,0,0,1,0,0
51,510475,2,2,0,0,0,7,7,59,0,29,8,2016,2,2,12,1,2,1,1,1,I-495,,515,38.845,-77.22,0,12,1,0,1,1,0,1,3,98,0,98,0,0,2,17,2,27,2,47,0,0,0,1,1,1
51,510477,1,1,0,0,0,3,3,131,0,31,8,2016,4,23,27,0,1,5,1,3,SR-183,,49,37.537,-75.86,0,34,0,0,1,1,0,4,2,98,0,98,0,0,23,31,23,42,0,21,0,0,0,1,0,2
51,510481,1,1,0,0,0,3,3,87,0,12,9,2016,2,17,15,0,1,4,1,3,SR-156,,331,37.413,-77.249,0,42,0,0,1,1,0,4,1,98,0,98,0,0,99,99,99,99,99,99,0,0,0,2,1,2
51,510482,2,2,0,0,0,2,2,127,0,13,9,2016,3,13,30,0,1,5,1,3,SR-249,N COURTHOUSE RD,103,37.524,-77.009,0,12,6,0,2,2,0,1,1,98,0,98,0,0,99,99,99,99,99,99,0,0,0,1,0,2
51,510483,2,2,0,0,0,2,2,700,1720,28,8,2016,1,4,36,0,2,3,4,3,SR-143,,160,37.082,-76.48,0,12,2,0,1,1,0,1,3,98,0,98,0,0,99,99,99,99,99,99,0,0,0,1,1,2
51,510485,1,1,0,1,1,1,1,59,0,30,8,2016,3,6,17,0,2,3,1,2,US-1,,1861,38.732,-77.103,0,8,0,0,1,1,0,1,4,98,0,98,0,0,6,17,6,22,7,3,0,0,0,1,0,1
51,510488,1,1,0,1,1,2,2,173,0,26,9,2016,2,22,20,0,1,4,1,2,US-11,,424,36.82,-81.552,0,8,0,0,1,1,0,1,2,2,0,2,0,0,22,18,22,23,99,99,0,0,0,1,0,0
51,510489,2,2,0,0,0,2,2,3,0,28,9,2016,4,3,30,1,1,1,1,1,I-64,,1282,38.007,-78.366,0,12,1,0,1,1,0,1,2,2,0,2,0,0,99,99,99,99,88,88,0,0,0,1,0,1
51,510490,2,2,0,0,0,6,6,9,0,25,9,2016,1,14,17,0,1,3,1,2,US-29,PATRICK HENRY HWY,928,37.621,-79.014,0,12,6,0,2,2,0,1,1,98,0,98,0,0,14,17,14,24,15,4,0,0,0,1,0,0
51,510491,1,1,0,1,1,1,1,165,0,30,9,2016,6,14,0,0,1,5,1,3,SR-257,,91,38.409,-78.988,0,9,0,0,1,1,0,1,1,2,0,2,0,0,99,99,99,99,99,99,0,0,0,1,0,1
51,510493,3,3,0,0,0,3,3,137,0,6,10,2016,5,18,20,0,1,4,1,2,US-33,RT-738,669,38.171,-78.278,0,12,1,0,3,2,0,1,1,98,0,98,0,0,99,99,99,99,88,88,0,0,0,1,0,0
51,510494,1,1,0,1,1,1,1,700,1720,19,9,2016,2,21,40,0,2,3,1,2,US-17,,5,37.055,-76.463,0,8,0,0,1,1,0,1,3,2,0,2,0,0,21,42,21,46,88,88,0,0,0,1,0,1
51,510499,2,2,0,0,0,2,2,105,0,5,9,2016,2,17,50,0,1,4,1,2,US-58,OLD RT-58,141,36.779,-82.927,0,12,6,0,2,2,0,1,1,98,0,98,0,0,17,59,18,5,99,99,0,0,0,1,0,0
51,510500,2,2,0,0,0,2,2,710,1760,1,9,2016,5,6,11,0,2,3,4,3,SR-166,BALLENTINE BLVD,97,36.86,-76.25,0,12,6,0,2,2,0,1,3,98,0,98,0,0,6,11,6,17,88,88,0,0,0,1,0,1
51,510501,2,2,0,0,0,3,3,61,0,11,10,2016,3,14,10,0,2,3,1,2,US-29,RT-693,2110,38.76,-77.737,0,12,6,0,2,2,0,1,1,98,0,98,0,0,99,99,99,99,99,99,0,0,0,1,0,0
51,510503,2,2,0,0,0,6,6,9,0,11,10,2016,3,7,20,0,1,4,1,3,SR-151,FLETCHERS LEVEL RD,15,37.642,-79.022,0,12,6,0,4,1,0,1,1,98,0,98,0,0,7,22,7,45,8,25,0,0,0,1,0,2
51,510504,2,2,0,0,0,2,2,710,1760,20,9,2016,3,20,5,0,2,4,4,3,SR-247,VIMY RIDGE RD,25,36.877,-76.262,0,12,6,0,2,2,0,1,3,2,0,2,0,0,20,5,20,9,20,27,0,0,0,1,2,1
51,510506,2,2,0,0,0,2,2,27,0,12,10,2016,4,16,30,0,1,3,1,2,US-460,,82,37.308,-82.146,0,12,6,0,8,1,0,1,1,98,0,98,0,0,17,6,99,99,18,9,0,0,0,1,0,0
51,510508,1,1,0,1,1,1,1,165,0,16,10,2016,1,2,15,1,1,1,1,1,I-81,,2535,38.501,-78.793,0,8,0,0,1,1,0,1,2,98,0,98,0,0,99,99,99,99,88,88,0,0,0,1,0,0
51,510510,1,1,0,1,1,2,2,800,2390,24,9,2016,7,0,37,0,2,4,4,2,US-58,,15,36.731,-76.606,0,8,0,0,1,1,0,1,2,98,0,98,0,0,99,99,99,99,88,88,0,0,0,1,0,0
51,510514,2,2,0,0,0,2,2,185,0,17,10,2016,2,17,20,0,1,3,1,2,US-460,,655,37.112,-81.614,0,12,1,0,7,1,0,1,1,98,0,98,0,0,99,99,99,99,99,99,0,0,0,1,0,0
51,510516,1,1,0,0,0,1,1,550,468,6,10,2016,5,6,0,1,2,1,1,1,I-64,,2999,36.779,-76.388,0,42,0,0,1,1,0,4,4,98,0,98,0,0,99,99,99,99,99,99,0,0,0,1,0,1
51,510518,1,1,0,0,0,1,1,69,0,21,10,2016,6,5,30,1,1,3,1,2,US-50,,105,39.206,-78.261,0,35,0,0,1,1,0,4,2,98,0,98,0,0,99,99,99,99,99,99,0,0,0,1,0,2
51,510520,2,2,0,0,0,6,6,15,0,16,10,2016,1,13,30,0,2,4,1,2,US-11,RT-262,2360,38.123,-79.065,0,12,6,0,2,2,0,1,1,98,0,98,0,0,99,99,99,99,99,99,0,0,0,1,0,0
51,510521,2,2,0,0,0,2,2,117,0,16,9,2016,6,21,44,1,1,1,1,1,I-85,,121,36.708,-78.116,0,12,1,0,1,1,0,1,2,98,0,98,0,0,99,99,99,99,99,99,0,0,0,1,1,1
51,510522,3,3,0,0,0,3,3,67,0,26,10,2016,4,6,30,0,1,3,1,2,US-220,,438,37.061,-79.885,0,12,2,0,1,1,0,1,1,98,0,98,0,0,99,99,99,99,99,99,0,0,0,1,0,0
51,510524,1,1,0,1,1,1,1,700,1720,13,10,2016,5,22,31,0,2,4,4,2,US-60,,255,37.128,-76.536,0,8,0,0,1,1,0,1,3,98,0,98,0,0,99,99,99,99,99,99,0,0,0,1,0,0
51,510526,1,1,0,0,0,1,1,41,0,8,10,2016,7,1,45,0,2,2,1,3,SR-10,,226,37.326,-77.318,0,39,0,0,1,1,0,5,2,98,0,98,0,0,99,99,99,99,88,88,0,0,0,1,1,2
51,510527,2,2,0,0,0,2,2,15,0,11,10,2016,3,8,17,0,1,5,1,2,US-11,,2323,38.081,-79.097,0,12,2,0,1,1,0,1,1,98,0,98,0,0,99,99,99,99,99,99,0,0,0,2,0,0
51,510528,1,1,0,0,0,3,3,81,0,12,10,2016,4,22,0,1,1,1,1,1,I-95,,140,36.737,-77.519,0,42,0,0,1,1,0,4,2,98,0,98,0,0,22,20,99,99,22,52,0,0,0,1,0,1
51,510530,2,2,0,0,0,2,2,550,468,9,10,2016,1,2,8,1,2,1,1,1,I-64,,2993,36.777,-76.379,0,12,1,0,1,1,0,1,3,2,0,2,0,0,99,99,99,99,99,99,0,0,0,1,1,1
51,510531,2,2,0,0,0,2,2,83,0,19,10,2016,4,7,15,0,1,3,1,2,US-360,,400,36.792,-78.798,0,12,2,0,1,1,0,1,1,98,0,98,0,0,99,99,99,99,88,88,0,0,0,1,0,0
51,510532,1,1,0,1,1,1,1,67,0,18,10,2016,3,19,42,0,1,4,1,3,SR-40,,408,36.991,-79.766,0,8,0,0,1,1,0,1,2,98,0,98,0,0,99,99,99,99,88,88,0,0,0,1,0,0
51,510533,1,1,0,0,0,1,1,69,0,18,10,2016,3,14,46,0,1,3,1,2,US-522,,1455,39.267,-78.239,0,1,0,0,1,1,0,4,1,98,0,98,0,0,99,99,99,99,88,88,0,0,0,1,0,0
51,510534,1,1,0,1,1,1,1,99,0,19,10,2016,4,12,20,0,1,4,1,3,SR-3,,459,38.256,-77.284,0,8,0,0,1,1,0,4,1,98,0,98,0,0,99,99,99,99,88,88,0,0,0,1,0,2
51,510535,1,1,0,0,0,1,1,133,0,20,10,2016,5,18,38,1,1,3,1,2,US-360,,2035,37.958,-76.573,0,42,0,0,1,1,0,4,5,98,0,98,0,0,99,99,99,99,88,88,0,0,0,1,0,0
51,510536,1,1,0,0,0,2,2,165,0,11,10,2016,3,9,55,1,1,1,1,1,I-81,,2608,38.592,-78.727,0,35,0,0,1,1,0,3,1,98,0,98,0,0,99,99,99,99,99,99,0,0,0,1,0,0
51,510537,1,1,0,0,0,1,1,107,0,22,10,2016,7,2,2,0,1,4,1,2,US-50,,493,38.976,-77.698,0,42,0,0,1,1,0,4,2,98,0,98,0,0,99,99,99,99,99,99,0,0,0,1,1,2
51,510541,2,2,0,0,0,2,2,69,0,25,10,2016,3,15,0,1,1,1,1,1,I-81,,3247,39.293,-78.083,0,12,1,1,18,1,0,1,1,98,0,98,0,0,99,99,99,99,99,99,0,0,0,1,0,0
51,510542,1,1,0,1,1,1,1,87,0,27,10,2016,5,6,50,0,2,4,1,3,SR-157,WESTRIDGE RD,10,37.607,-77.586,0,8,0,0,2,2,0,1,2,98,0,98,0,0,99,99,99,99,99,99,0,0,0,1,0,2
51,510543,2,2,0,0,0,4,4,127,0,23,10,2016,1,15,30,1,1,1,1,1,I-64,,2130,37.5,-77.056,0,12,1,0,1,1,0,1,1,98,0,98,0,0,99,99,99,99,88,88,0,0,0,1,0,1
51,510544,1,1,0,0,0,1,1,83,0,28,10,2016,6,15,30,0,1,3,1,2,US-58,,3332,36.672,-78.812,0,1,0,0,1,1,0,1,1,98,0,98,0,0,15,39,15,51,88,88,0,0,0,1,0,0
51,510546,3,3,0,0,0,5,5,171,0,28,10,2016,6,15,38,1,1,1,1,1,I-81,,2869,38.907,-78.502,0,12,1,0,1,1,0,1,1,98,0,98,0,0,15,35,15,38,16,24,0,0,0,1,0,0
51,510548,1,1,0,0,0,1,1,173,0,30,10,2016,1,13,30,1,1,1,1,1,I-81,,478,36.845,-81.49,0,34,0,0,1,1,0,3,1,98,0,98,0,0,99,99,99,99,99,99,0,0,0,1,0,0
51,510549,1,1,0,0,0,1,1,59,0,30,10,2016,1,14,25,1,2,1,1,1,I-95,,1631,38.69,-77.227,0,25,0,0,1,1,0,3,1,98,0,98,0,0,14,29,14,39,15,18,0,0,0,1,0,1
51,510550,1,1,0,0,0,1,1,103,0,30,10,2016,1,1,33,0,1,5,1,3,SR-201,,12,37.758,-76.536,0,24,0,0,1,1,0,4,2,98,0,98,0,0,1,32,1,46,88,88,0,0,0,1,1,2
51,510552,2,1,1,0,1,1,2,107,0,1,11,2016,3,12,52,0,2,3,1,3,SR-7,,333,39.138,-77.6,0,14,0,0,1,1,0,2,1,98,0,98,0,0,99,99,99,99,99,99,23,0,0,1,0,2
51,510553,3,3,0,0,0,3,3,95,0,28,10,2016,6,2,40,1,1,1,1,1,I-64,,2277,37.42,-76.818,0,12,8,0,1,1,0,1,2,98,0,98,0,0,99,99,99,99,88,88,0,0,0,1,1,1
51,510555,1,1,0,1,1,1,1,95,0,24,10,2016,2,9,47,0,1,4,1,3,SR-30,,569,37.419,-76.822,0,9,0,0,1,1,0,1,1,98,0,98,0,0,99,99,99,99,99,99,0,0,0,1,0,1
51,510557,1,1,0,0,0,1,1,163,0,3,11,2016,5,11,15,0,1,5,1,2,US-11,,1903,37.635,-79.544,0,30,0,0,1,1,0,4,1,98,0,98,0,0,11,15,11,24,88,88,0,0,0,1,0,0
51,510558,2,2,0,0,0,6,6,103,0,4,11,2016,6,12,30,0,1,4,1,3,SR-3,RIVER RD,1055,37.83,-76.576,0,12,2,0,2,3,0,1,1,98,0,98,0,0,12,35,12,50,13,45,0,0,0,1,0,2
51,510559,1,1,0,0,0,4,4,171,0,5,11,2016,7,15,43,1,1,1,1,1,I-81,,270,38.71,-78.658,0,35,0,0,1,1,0,3,1,98,0,98,0,0,99,99,99,99,99,99,0,0,0,1,0,0
51,510560,1,1,0,0,0,2,2,25,0,6,11,2016,1,3,10,0,1,3,1,2,US-58,,3841,36.71,-77.994,0,32,0,0,1,1,0,3,2,98,0,98,0,0,99,99,99,99,99,99,0,0,0,1,0,0
51,510563,1,1,0,0,0,1,1,191,0,9,11,2016,4,15,40,0,1,4,1,2,US-58,,1400,36.621,-81.638,0,59,0,0,1,1,0,4,1,98,0,98,0,0,99,99,99,99,88,88,0,0,0,1,0,0
51,510564,1,1,0,1,1,1,1,810,2540,11,11,2016,6,15,1,1,2,3,4,2,US-58,,5015,36.843,-76.117,0,8,0,0,1,1,0,1,1,98,0,98,0,0,15,2,99,99,15,34,0,0,0,1,0,0
51,510565,2,2,0,0,0,2,2,179,0,12,11,2016,7,13,13,1,1,1,1,1,I-95,,1371,38.381,-77.454,0,24,0,0,1,1,0,3,1,98,0,98,0,0,99,99,99,99,88,88,0,0,0,1,0,1
51,510566,3,3,0,0,0,3,3,59,0,21,10,2016,6,5,58,0,2,3,1,3,SR-28,,351,38.904,-77.435,0,12,1,0,1,1,4,1,2,98,0,98,0,0,6,10,6,17,6,51,19,23,0,1,0,2