STATE,ST_CASE,VE_TOTAL,VE_FORMS,PVH_INVL,PEDS,PERNOTMVIT,PERMVIT,PERSONS,COUNTY,CITY,DAY,MONTH,YEAR,DAY_WEEK,HOUR,MINUTE,NHS,RUR_URB,FUNC_SYS,RD_OWNER,ROUTE,TWAY_ID,TWAY_ID2,MILEPT,LATITUDE,LONGITUD,SP_JUR,HARM_EV,MAN_COLL,RELJCT1,RELJCT2,TYP_INT,WRK_ZONE,REL_ROAD,LGT_COND,WEATHER1,WEATHER2,WEATHER,SCH_BUS,RAIL,NOT_HOUR,NOT_MIN,ARR_HOUR,ARR_MIN,HOSP_HR,HOSP_MN,CF1,CF2,CF3,FATALS,DRUNK_DR,RANK
51,510567,1,1,0,0,0,1,1,19,0,10,11,2016,5,5,15,0,1,4,1,3,SR-122,,237,37.203,-79.583,0,19,0,0,1,1,0,5,2,98,0,98,0,0,99,99,99,99,88,88,0,0,0,1,0,2
51,510568,1,1,0,0,0,1,1,87,0,28,8,2016,1,18,8,0,2,3,1,3,SR-73,ABERDEEN ST,1,37.636,-77.456,0,46,0,0,3,2,0,4,1,98,0,98,0,0,18,8,18,12,88,88,0,0,0,1,0,2
51,510569,1,1,0,0,0,1,1,143,0,2,11,2016,4,22,3,0,1,4,1,3,SR-41,RT-360,24,36.616,-79.361,0,1,0,0,3,3,0,4,2,98,0,98,0,0,99,99,99,99,88,88,0,0,0,1,0,1
51,510570,1,1,0,0,0,4,4,165,0,1,11,2016,3,19,45,0,1,7,1,3,SR-225,,1,38.441,-79.121,0,42,0,0,1,1,0,4,2,98,0,98,0,0,99,99,99,99,99,99,0,0,0,2,1,2
51,510573,1,1,0,0,0,1,1,83,0,11,11,2016,6,22,40,0,1,3,1,2,US-360,,414,36.8,-78.775,0,32,0,0,1,1,0,4,2,98,0,98,0,0,22,54,99,99,23,41,0,0,0,1,0,0
51,510574,4,4,0,0,0,6,6,121,0,12,11,2016,7,8,55,1,1,1,1,1,I-81,,1283,37.232,-80.239,0,12,1,0,1,1,0,1,1,98,0,98,0,0,8,54,9,7,10,33,0,0,0,1,0,0
51,510577,4,4,0,0,0,6,6,153,0,13,11,2016,1,15,12,1,1,1,1,1,I-95,,1503,38.543,-77.346,0,12,7,0,1,1,0,1,1,98,0,98,0,0,15,12,15,35,16,39,0,0,0,1,0,1
51,510578,2,2,0,0,0,2,2,199,0,15,11,2016,3,17,15,0,2,5,1,3,SR-173,,85,37.199,-76.46,0,12,2,0,1,1,0,1,5,98,0,98,0,0,99,99,99,99,99,99,0,0,0,1,0,2
51,510580,1,1,0,1,1,1,1,840,2640,17,11,2016,5,14,47,1,2,3,4,2,US-11,BROOKFIELD DR,3265,39.142,-78.19,0,8,0,0,2,2,0,1,1,98,0,98,0,0,14,49,99,99,15,11,0,0,0,1,0,0
51,510581,1,1,0,0,0,1,1,87,0,20,11,2016,1,7,10,1,2,1,1,1,I-295,,0,37.659,-77.466,0,34,0,1,5,1,0,4,4,98,0,98,0,0,99,99,99,99,88,88,0,0,0,1,0,2
51,510584,4,4,0,0,0,4,4,59,0,18,10,2016,3,15,52,0,2,3,1,3,SR-7,TOWLSTON RD,569,38.951,-77.264,0,12,6,0,2,2,0,1,1,98,0,98,0,0,99,99,99,99,99,99,14,0,0,1,0,2
51,510585,1,1,0,1,1,1,1,510,40,3,10,2016,2,19,12,0,1,4,98,2,US-501,STEVENSON AVE,99999,38.813,-77.14,0,8,0,0,3,3,0,1,3,98,0,98,0,0,99,99,99,99,99,99,0,0,0,1,0,0
51,510588,1,1,0,0,0,3,3,53,0,5,11,2016,7,10,17,1,1,1,1,1,I-85,,404,36.946,-77.727,0,42,0,0,1,1,0,3,1,98,0,98,0,0,99,99,99,99,99,99,0,0,0,1,0,1
51,510589,2,2,0,0,0,2,2,41,0,7,11,2016,2,13,12,0,2,4,1,3,SR-145,,10,37.376,-77.484,0,12,2,0,1,1,0,1,1,98,0,98,0,0,13,14,13,21,13,56,0,0,0,1,1,1
51,510590,1,1,0,0,0,1,1,41,0,9,11,2016,4,22,30,0,1,3,1,2,US-360,,1162,37.382,-77.804,0,42,0,0,1,1,0,3,2,98,0,98,0,0,99,99,99,99,88,88,0,0,0,1,0,0
51,510593,2,2,0,0,0,6,6,131,0,12,11,2016,7,12,40,0,1,3,1,2,US-13,CAPEVILLE DR,796,37.207,-75.966,0,12,6,0,2,2,0,1,1,98,0,98,0,0,99,99,99,99,88,88,0,0,0,4,0,1
51,510595,2,2,0,0,0,4,4,89,0,12,11,2016,7,19,21,0,1,4,1,3,SR-57,,152,36.761,-80.017,0,12,2,0,1,1,0,1,2,98,0,98,0,0,19,21,19,42,99,99,0,0,0,1,0,2
51,510596,2,2,0,0,0,2,2,35,0,11,11,2016,6,7,45,0,1,5,1,2,US-52,SKYVIEW DR,104,36.693,-80.694,0,12,6,0,2,3,0,1,1,98,0,98,0,0,7,49,7,57,99,99,0,0,0,1,0,0
51,510597,1,1,0,1,1,2,2,73,0,11,11,2016,6,17,15,0,1,3,1,2,US-17,,820,37.421,-76.546,0,8,0,0,1,1,0,1,2,98,0,98,0,0,17,27,99,99,99,99,0,0,0,1,0,1
51,510598,2,2,0,0,0,2,2,15,0,14,11,2016,2,18,50,1,2,1,1,1,I-81,,2280,38.191,-78.997,0,12,6,0,1,1,0,1,2,2,0,2,0,0,18,52,99,99,20,5,0,0,0,1,0,0
51,510600,1,1,0,0,0,1,1,165,0,16,11,2016,4,14,45,0,1,4,1,2,US-33,,37,38.579,-79.116,0,1,0,0,1,1,0,1,1,98,0,98,0,0,99,99,99,99,99,99,0,0,0,1,0,0
51,510604,1,1,0,0,0,1,1,195,0,20,11,2016,1,8,23,0,1,3,1,2,US-23,,453,36.967,-82.597,0,34,0,0,1,1,0,4,1,98,0,98,0,0,99,99,99,99,88,88,0,0,0,1,0,0
51,510607,1,1,0,1,1,2,2,33,0,20,11,2016,1,20,38,0,1,5,1,2,US-1,,1323,38.093,-77.527,0,8,0,0,1,1,0,1,2,98,0,98,0,0,99,99,99,99,88,88,0,0,0,1,0,1
51,510611,2,2,0,0,0,4,4,29,0,27,11,2016,1,5,35,0,1,4,1,2,US-15,,790,37.506,-78.48,0,12,2,0,1,1,0,1,2,98,0,98,0,0,5,44,6,26,7,19,0,0,0,1,0,0
51,510612,2,2,0,0,0,7,7,31,0,25,11,2016,6,17,15,0,1,4,1,2,US-501,,527,37.184,-79.082,0,12,2,0,1,1,0,1,2,98,0,98,0,0,17,32,17,59,18,45,0,0,0,1,1,0
51,510613,1,1,0,0,0,2,2,161,0,14,11,2016,2,23,48,0,1,4,1,2,US-221,,816,37.142,-80.119,0,59,0,0,1,1,0,4,2,98,0,98,0,0,99,99,99,99,99,99,0,0,0,1,1,0
51,510616,2,2,0,0,0,3,3,153,0,28,11,2016,2,9,48,0,2,3,1,2,US-29,HEATHCOTE BLVD,2193,38.801,-77.594,0,12,1,1,3,2,0,1,1,98,0,98,0,0,99,99,99,99,88,88,0,0,0,2,0,0
51,510617,1,1,0,0,0,1,1,199,0,29,11,2016,3,19,38,1,1,1,1,1,I-64,,2371,37.325,-76.7,0,1,0,0,1,1,0,3,2,98,0,98,0,0,99,99,99,99,88,88,0,0,0,1,0,1
51,510620,2,2,0,0,0,2,2,760,2060,4,12,2016,1,2,20,1,2,3,4,2,US-1,TERMINAL AVE,889,37.483,-77.445,0,12,1,0,3,2,0,1,3,98,0,98,0,0,99,99,99,99,88,88,0,0,0,1,0,1
51,510622,2,2,0,0,0,6,6,61,0,25,11,2016,6,9,3,0,1,3,1,2,US-15,,1718,38.537,-77.815,0,12,1,0,1,1,0,1,1,98,0,98,0,0,99,99,99,99,99,99,0,0,0,1,0,0
51,510623,1,1,0,0,0,3,3,163,0,4,12,2016,1,3,55,1,1,1,1,1,I-81,,2050,37.927,-79.236,0,35,0,0,1,1,0,3,3,98,0,98,0,0,4,13,4,32,5,20,0,0,0,1,1,0
51,510624,1,1,0,0,0,1,1,183,0,6,12,2016,3,20,30,0,1,3,1,2,US-460,,3483,36.966,-76.979,0,34,0,0,1,1,0,4,2,2,0,2,0,0,20,54,21,3,88,88,0,0,0,1,0,0
51,510626,2,2,0,0,0,2,2,99,0,7,12,2016,4,17,58,0,1,4,1,3,SR-3,,597,38.199,-77.085,0,12,6,0,1,1,0,1,2,98,0,98,0,0,99,99,99,99,99,99,0,0,0,1,0,2
51,510630,1,1,0,0,0,1,1,41,0,9,12,2016,6,4,50,0,2,2,1,3,SR-76,,45,37.468,-77.584,0,59,0,0,1,1,0,3,2,98,0,98,0,0,99,99,99,99,88,88,0,0,0,1,1,2
51,510631,2,2,0,0,0,3,3,800,2390,2,12,2016,6,17,53,1,2,2,4,2,US-58,,4740,36.759,-76.533,0,12,6,0,1,1,0,1,2,98,0,98,0,0,99,99,99,99,99,99,0,0,0,2,0,0
51,510632,1,1,0,0,0,1,1,29,0,10,12,2016,7,23,0,0,1,4,1,3,SR-20,,172,37.77,-78.49,0,42,0,0,1,1,0,4,2,98,0,98,0,0,99,99,99,99,88,88,0,0,0,1,1,2
51,510635,1,1,0,1,1,1,1,590,720,7,10,2016,6,13,25,0,1,3,4,2,US-58,,46,36.593,-79.464,0,8,0,0,1,1,0,1,1,2,0,2,0,0,99,99,99,99,88,88,0,0,0,1,0,0
51,510636,2,2,0,0,0,2,2,83,0,23,10,2016,1,22,29,0,1,4,1,2,US-501,,99999,36.582,-78.896,0,12,1,0,1,1,0,1,2,98,0,98,0,0,99,99,99,99,88,88,20,0,0,1,0,0
51,510637,2,2,0,0,0,3,3,53,0,21,10,2016,6,6,1,1,1,1,1,1,I-85,,545,37.091,-77.554,0,1,0,0,1,1,0,4,2,98,0,98,0,0,99,99,99,99,99,99,14,0,0,1,0,1
51,510638,1,1,0,1,1,1,1,540,440,18,11,2016,6,18,10,1,2,3,4,3,SR-20,,376,38.016,-78.475,0,8,0,0,1,1,0,1,2,98,0,98,0,0,99,99,99,99,99,99,0,0,0,1,0,2
51,510639,1,1,0,1,1,1,1,700,1720,18,10,2016,3,19,36,0,2,3,98,2,US-17,,505,37.022,-76.446,0,8,0,0,1,1,0,1,3,98,0,98,0,0,99,99,99,99,88,88,0,0,0,1,0,1
51,510640,2,2,0,0,0,2,2,127,0,31,10,2016,2,23,40,1,1,1,1,1,I-64,,2195,37.484,-76.941,0,12,2,0,1,1,0,1,2,98,0,98,0,0,99,99,99,99,99,99,0,0,0,1,1,1
51,510641,2,2,0,0,0,2,2,770,2100,2,11,2016,4,21,1,0,2,3,1,3,SR-101,,24,37.312,-79.969,0,12,1,0,1,1,0,1,3,98,0,98,0,0,21,1,21,7,88,88,0,0,0,1,0,2
51,510642,2,2,0,0,0,2,2,33,0,3,11,2016,5,23,6,1,1,1,1,1,I-95,,101,37.967,-77.49,0,12,6,0,1,1,0,1,2,2,0,2,0,0,99,99,99,99,88,88,23,19,0,1,0,1
51,510645,1,1,0,1,1,1,1,63,0,9,12,2016,6,11,50,0,1,4,1,2,US-221,RT-8,591,36.911,-80.32,0,8,0,0,2,2,0,1,1,98,0,98,0,0,11,47,11,51,99,99,0,0,0,1,0,0
51,510646,1,1,0,0,0,1,1,61,0,11,12,2016,1,21,15,0,1,3,1,2,US-17,,365,38.775,-77.824,0,1,0,0,1,1,0,3,2,98,0,98,0,0,21,21,99,99,22,20,0,0,0,1,0,1
51,510647,1,1,0,0,0,1,1,37,0,11,12,2016,1,20,0,0,1,5,1,3,SR-47,,477,37.106,-78.643,0,42,0,0,1,1,0,4,2,98,0,98,0,0,20,5,99,99,88,88,0,0,0,1,1,2
51,510648,3,2,1,1,1,4,4,59,0,1,12,2016,5,22,14,1,2,1,1,1,I-495,,15,38.796,-77.189,0,8,0,0,1,1,0,1,3,98,0,98,0,0,22,21,22,29,99,99,23,0,0,1,0,1
51,510649,1,1,0,0,0,4,4,171,0,16,12,2016,6,18,2,1,1,1,1,1,I-81,,2809,38.839,-78.563,0,34,0,0,1,1,0,3,2,98,0,98,0,0,99,99,99,99,99,99,0,0,0,1,0,0
51,510650,1,1,0,0,0,2,2,730,1910,17,12,2016,7,17,55,1,2,1,1,1,I-85,,675,37.209,-77.406,0,42,0,0,1,1,0,5,2,98,0,98,0,0,99,99,99,99,99,99,0,0,0,1,1,1
51,510653,1,1,0,0,0,1,1,36,0,17,12,2016,7,21,12,0,1,5,1,3,SR-155,,35,37.39,-77.054,0,42,0,0,1,1,0,4,2,98,0,98,0,0,21,9,99,99,88,88,0,0,0,1,1,1
51,510658,1,1,0,0,0,2,2,3,0,16,12,2016,6,4,1,0,1,4,1,2,US-250,,833,38.051,-78.69,0,42,0,0,1,1,0,4,2,98,0,98,0,0,4,9,4,10,5,13,0,0,0,1,0,0
51,510660,2,2,0,0,0,3,3,177,0,15,12,2016,5,20,30,1,2,1,1,1,I-95,,1287,38.273,-77.513,0,12,1,0,1,1,0,1,2,98,0,98,0,0,99,99,99,99,99,99,0,0,0,1,1,1
51,510661,3,3,0,0,0,4,4,550,468,15,12,2016,5,18,3,1,2,1,1,1,I-64,,4,36.781,-76.241,0,12,1,0,1,1,0,1,3,98,0,98,0,0,99,99,99,99,99,99,0,0,0,1,0,1
51,510662,3,3,0,0,0,4,4,177,0,17,12,2016,7,11,58,1,2,1,1,1,I-95,,1263,38.241,-77.5,0,12,7,1,18,1,0,1,1,98,0,98,0,0,99,99,99,99,99,99,0,0,0,1,0,1
51,510664,1,1,0,0,0,1,1,85,0,22,12,2016,5,11,54,1,1,1,1,1,I-295,,213,37.562,-77.298,0,42,0,0,1,1,0,3,1,98,0,98,0,0,11,56,99,99,12,38,0,0,0,1,0,2
51,510665,1,1,0,1,1,1,1,199,0,22,12,2016,5,16,45,0,2,3,99,3,SR-134,LONG GREEN BOULEVARD,15,37.114,-76.444,0,8,0,0,3,2,0,1,1,98,0,98,0,0,99,99,99,99,88,88,0,0,0,1,0,1
51,510668,2,2,0,0,0,5,5,135,0,21,12,2016,4,16,5,0,1,4,1,2,US-460,,98,37.104,-77.962,0,12,2,0,1,1,0,1,1,98,0,98,0,0,16,8,99,99,17,9,0,0,0,1,0,0
51,510670,1,1,0,1,1,1,1,153,0,26,12,2016,2,4,10,1,2,1,1,1,I-95,,1590,38.663,-77.277,0,8,0,0,1,1,0,1,3,98,0,98,0,0,99,99,99,99,88,88,0,0,0,1,0,1
51,510674,2,2,0,0,0,2,2,171,0,9,12,2016,6,16,30,0,1,5,1,2,US-11,,2965,38.836,-78.543,0,12,1,0,1,1,0,1,1,98,0,98,0,0,99,99,99,99,99,99,0,0,0,1,0,0
51,510675,2,2,0,0,0,5,5,23,0,30,12,2016,6,11,41,0,2,3,1,2,US-460,RT-658,1615,37.343,-79.849,0,12,6,0,2,3,0,1,1,98,0,98,0,0,99,99,99,99,99,99,0,0,0,1,0,0
51,510676,1,1,0,1,1,1,1,760,2060,14,12,2016,4,17,36,0,2,3,4,2,US-60,,1358,37.489,-77.493,0,8,0,0,1,1,0,1,3,98,0,98,0,0,99,99,99,99,88,88,0,0,0,1,0,0
51,510681,1,1,0,0,0,1,1,3,0,25,12,2016,1,19,52,0,1,5,1,3,SR-6,,316,37.818,-78.577,0,11,0,0,1,1,0,1,2,2,0,2,0,0,20,39,99,99,88,88,0,0,0,1,1,2
51,510682,2,2,0,0,0,4,4,131,0,20,12,2016,3,22,0,0,1,3,1,2,US-13,SIDING ROAD,799,37.211,-75.966,0,12,6,0,2,3,0,1,2,98,0,98,0,0,21,23,21,57,22,13,0,0,0,2,0,0
51,510683,1,1,0,0,0,1,1,197,0,22,12,2016,5,20,20,0,1,4,1,2,US-21,,197,36.794,-81.185,0,42,0,0,1,1,0,4,2,98,0,98,0,0,20,25,99,99,88,88,0,0,0,1,1,0
51,510685,1,1,0,0,0,1,1,163,0,27,12,2016,3,16,0,0,1,5,1,3,SR-39,,436,37.947,-79.46,0,1,0,0,1,1,0,4,1,98,0,98,0,0,99,99,99,99,88,88,0,0,0,1,0,2
51,510686,1,1,0,0,0,1,1,85,0,19,12,2016,2,23,23,0,1,4,1,2,US-33,,1096,37.829,-77.709,0,42,0,0,1,1,0,4,2,98,0,98,0,0,23,24,99,99,88,88,0,0,0,1,0,0
51,510687,1,1,0,1,1,1,1,19,0,29,12,2016,5,16,43,0,1,4,1,3,SR-122,,206,37.176,-79.626,0,8,0,0,1,1,0,1,1,98,0,98,0,0,99,99,99,99,88,88,0,0,0,1,0,2
51,510688,1,1,0,0,0,2,2,161,0,17,12,2016,7,7,45,1,2,1,1,1,I-81,,1324,37.257,-80.175,0,35,0,0,1,1,0,4,1,3,0,3,0,0,99,99,99,99,99,99,0,0,0,1,0,0
51,510689,2,2,0,0,0,5,5,195,0,23,12,2016,6,14,52,0,1,3,1,2,US-58,,476,36.942,-82.454,0,12,6,0,1,1,0,1,1,98,0,98,0,0,14,56,99,99,15,36,20,0,0,1,0,0
51,510690,1,1,0,1,1,1,1,59,0,17,12,2016,7,5,15,1,2,1,1,1,I-495,,76,38.869,-77.22,0,8,0,0,1,1,0,1,3,4,0,4,0,0,99,99,99,99,99,99,0,0,0,1,0,1
51,510692,1,1,0,0,0,1,1,143,0,26,12,2016,2,19,45,0,1,4,1,3,SR-40,,579,36.945,-79.484,0,34,0,0,1,1,0,4,2,98,0,98,0,0,99,99,99,99,88,88,0,0,0,1,1,0
51,510693,2,1,1,0,0,1,1,87,0,17,12,2016,7,13,56,1,2,1,1,1,I-64,,1806,37.632,-77.569,0,14,0,0,1,1,0,4,1,98,0,98,0,0,13,44,13,50,14,10,0,0,0,1,0,1
51,510696,2,2,0,0,0,4,4,81,0,31,12,2016,7,13,23,0,1,3,1,2,US-58,,41,36.707,-77.562,0,12,1,0,1,1,0,1,1,98,0,98,0,0,13,10,99,99,14,10,0,0,0,1,0,0
51,510697,3,3,0,0,0,4,4,810,2540,30,12,2016,6,10,12,0,2,4,4,3,SR-165,,211,36.762,-76.07,0,12,1,0,1,1,0,1,1,98,0,98,0,0,10,14,99,99,10,58,0,0,0,1,0,2
51,510698,1,1,0,0,0,2,2,187,1040,29,2,2016,2,0,23,1,1,3,1,2,US-522,,1153,38.899,-78.182,0,42,0,0,1,1,0,4,2,98,0,98,0,0,0,33,1,10,1,37,0,0,0,1,0,0
51,510699,1,1,0,0,0,1,1,161,0,28,12,2016,4,18,38,0,1,4,1,2,US-221,,841,37.177,-80.11,0,39,0,0,1,1,0,5,2,98,0,98,0,0,99,99,99,99,88,88,0,0,0,1,0,0
51,510700,2,2,0,0,0,2,2,97,0,25,12,2016,1,15,0,0,1,4,1,3,SR-14,JONESTOWN ROAD,354,37.499,-76.675,0,12,2,0,2,4,0,1,1,98,0,98,0,0,14,58,99,99,15,28,0,0,0,1,0,2
51,510704,2,2,0,0,0,3,3,153,0,5,11,2016,7,2,1,1,2,1,1,1,I-95,,1581,38.644,-77.287,0,12,6,1,18,1,0,1,3,98,0,98,0,0,2,3,2,12,99,99,0,0,0,1,1,1
51,510707,1,1,0,1,1,1,1,59,0,12,11,2016,7,19,30,0,2,3,1,2,US-1,,1910,38.789,-77.065,0,8,0,0,1,1,0,1,3,98,0,98,0,0,99,99,99,99,99,99,0,0,0,1,0,1
51,510709,2,2,0,0,0,2,2,41,0,27,12,2016,3,0,45,0,2,2,1,3,SR-288,,19,37.381,-77.435,0,12,6,0,1,1,0,1,2,98,0,98,0,0,99,99,99,99,99,99,0,0,0,1,1,1
51,510710,1,1,0,1,1,1,1,590,720,30,12,2016,6,20,16,1,1,3,4,3,SR-86,HUGHES ST,19,36.568,-79.405,0,8,0,0,3,2,0,1,3,98,0,98,0,0,99,99,99,99,99,99,0,0,0,1,0,1
51,510712,1,1,0,0,0,1,1,0,0,29,12,2016,5,13,30,0,1,4,1,3,SR-58,,6,37.176,-79.626,0,30,0,0,1,1,0,4,1,98,0,98,0,0,99,99,99,99,88,88,0,0,0,1,0,1
51,510713,2,2,0,0,0,2,2,107,0,12,12,2016,2,14,55,0,1,3,1,3,SR-7,,217,39.125,-77.8,0,12,6,0,8,1,0,1,1,98,0,98,0,0,99,99,99,99,99,99,0,0,0,1,0,2
51,510714,1,1,0,0,0,1,1,550,468,31,12,2016,7,21,4,1,2,1,1,1,I-64,,2918,36.768,-76.262,0,25,0,0,1,1,0,3,3,98,0,98,0,0,99,99,99,99,99,99,0,0,0,1,0,1
51,510716,1,1,0,0,0,1,1,710,1760,26,11,2016,7,1,19,1,2,3,99,2,US-460,,4014,36.886,-76.281,0,33,0,0,1,1,0,4,3,98,0,98,0,0,99,99,99,99,88,88,0,0,0,1,0,0
51,510717,1,1,0,0,0,5,5,25,0,31,12,2016,7,21,50,1,1,1,1,1,I-85,,338,36.881,-77.816,0,24,0,0,1,1,0,4,2,98,0,98,0,0,99,99,99,99,99,99,0,0,0,1,0,1
51,510721,2,2,0,0,0,2,2,153,0,20,12,2016,3,15,28,0,2,4,1,3,SR-28,VINT HILL RD,183,38.725,-77.553,0,12,6,0,2,2,4,1,1,98,0,98,0,0,99,99,99,99,99,99,0,0,0,1,0,2
51,510722,1,1,0,0,0,1,1,700,1720,15,10,2016,7,20,18,0,2,4,4,3,SR-173,OLD DENBIGH BLVD,38,37.149,-76.51,0,33,0,0,3,2,0,4,3,98,0,98,0,0,99,99,99,99,99,99,0,0,0,1,1,2
51,510726,1,1,0,1,1,1,1,800,2390,25,12,2016,1,17,20,0,1,3,4,2,US-13,,117,36.665,-76.634,0,8,0,0,1,1,0,1,5,98,0,98,0,0,99,99,99,99,99,99,0,0,0,1,0,0
51,510728,2,2,0,0,0,2,2,85,0,25,9,2016,1,7,46,0,1,4,1,2,US-33,,1190,37.721,-77.577,0,12,2,0,1,1,0,1,1,98,0,98,0,0,99,99,99,99,88,88,0,0,0,1,1,0
53,530006,1,1,0,0,0,1,1,11,2370,6,1,2016,4,7,34,1,2,1,1,1,I-5,,2,45.66,-122.665,0,38,0,1,5,1,0,4,4,1,0,1,0,0,99,98,99,98,88,88,0,0,0,1,1,1
53,530007,2,2,0,0,0,2,2,33,0,6,1,2016,4,7,25,0,2,3,1,3,SR-169,,202,47.462,-122.099,0,12,2,0,1,1,0,1,1,98,0,98,0,0,99,98,99,98,99,98,0,0,0,1,0,2
53,530008,1,1,0,0,0,1,1,53,0,8,1,2016,6,22,10,1,2,1,1,1,I-5,,1386,47.243,-122.336,0,52,0,0,1,1,0,4,3,5,0,5,0,0,99,98,99,98,88,88,0,0,0,1,1,1
53,530010,2,2,0,0,0,3,3,61,0,9,1,2016,7,16,56,0,1,5,1,3,SR-9,252ND ST NE,314,48.225,-122.143,0,12,6,0,2,3,0,1,5,1,0,1,0,0,99,98,99,98,99,98,0,0,0,1,0,2
53,530015,1,1,0,1,1,3,3,27,10,16,1,2016,7,7,43,1,2,3,1,2,US-101,G ST,834,46.976,-123.814,0,8,0,0,3,2,0,1,1,10,0,10,0,0,99,99,99,99,99,99,0,0,0,1,0,0
53,530022,1,1,0,1,1,1,1,61,690,27,1,2016,4,20,3,0,2,3,4,6,BROADWAY,,0,47.989,-122.201,0,8,0,0,1,1,0,1,3,2,0,2,0,0,88,88,88,88,88,88,0,0,0,1,0,2
53,530027,2,2,0,0,0,3,3,41,0,5,2,2016,6,16,54,0,1,4,1,3,SR-6,,490,46.644,-123.018,0,12,6,0,1,1,0,1,5,2,0,2,0,0,99,98,99,98,99,98,0,0,0,2,1,2
53,530039,2,2,0,0,0,2,2,53,1124,14,2,2016,1,11,46,1,2,3,1,1,I-5,BRIDGEPORT WAY SW,1,47.146,-122.504,0,12,6,1,2,2,0,1,1,10,0,10,0,0,88,88,88,88,88,88,0,0,0,1,0,1
53,530044,3,3,0,0,0,4,4,33,0,23,2,2016,3,5,40,0,1,3,1,3,SR-169,,32,47.25,-121.99,0,12,7,0,1,1,0,1,2,1,0,1,0,0,99,99,99,99,99,99,0,0,0,1,0,2
53,530045,1,1,0,1,1,1,1,63,22,23,2,2016,3,18,27,1,2,3,1,2,US-2,,2715,47.643,-117.548,0,8,0,0,1,1,0,1,3,98,0,98,0,0,99,99,99,99,88,88,0,0,0,1,0,0
53,530047,1,1,0,1,1,1,1,33,1030,24,2,2016,4,19,33,0,2,3,1,3,SR-99,,107,47.38,-122.298,0,8,0,0,1,1,0,1,3,1,0,1,0,0,99,98,99,98,88,88,0,0,0,1,0,2
53,530050,1,1,0,0,0,4,4,53,747,27,2,2016,7,0,27,1,2,1,1,1,I-5,,1360,47.241,-122.389,0,30,0,0,1,1,0,4,3,2,0,2,0,0,99,98,99,98,99,98,0,0,0,2,1,1
53,530052,2,2,0,0,0,2,2,33,2310,28,2,2016,1,1,9,1,2,1,1,1,I-5,,1565,47.489,-122.265,0,12,2,0,1,1,0,1,3,1,0,1,0,0,99,98,99,98,99,98,0,0,0,1,1,1
53,530053,2,1,1,2,3,1,2,33,100,29,2,2016,2,8,25,0,2,2,1,3,SR-18,,63,47.298,-122.184,0,14,0,0,1,1,0,2,1,10,0,10,0,0,99,98,99,98,99,98,23,0,0,1,0,2
53,530054,2,2,0,0,0,3,3,27,10,29,2,2016,2,18,40,1,2,3,1,2,US-101,BOONE,827,46.971,-123.802,0,12,6,0,2,2,0,1,3,2,0,2,0,0,99,98,99,98,99,98,0,0,0,1,1,1
53,530058,1,1,0,0,0,1,1,53,0,10,3,2016,5,19,52,0,2,4,1,3,SR-165,,183,47.124,-122.05,0,32,0,0,1,1,0,4,2,1,0,1,0,0,99,98,99,98,88,88,0,0,0,1,1,2
53,530062,1,1,0,0,0,2,2,57,0,14,3,2016,2,7,8,1,1,1,1,1,I-5,,2346,48.535,-122.354,0,1,0,0,1,1,0,4,4,2,0,2,0,0,99,98,99,98,99,98,0,0,0,1,0,1
53,530068,3,1,2,1,1,1,1,33,0,11,3,2016,6,15,51,0,2,2,1,3,SR-18,,161,47.393,-122.049,0,14,0,0,1,1,0,2,1,2,0,2,0,0,99,98,99,98,99,98,23,0,0,1,0,2
53,530071,2,2,0,0,0,2,2,33,0,15,3,2016,3,8,30,1,1,2,1,2,US-2,,609,47.72,-121.132,0,12,6,0,1,1,0,1,1,10,0,10,0,0,99,98,99,98,99,98,0,0,0,1,0,0
53,530074,1,1,0,1,1,1,1,33,1958,28,2,2016,1,3,34,1,2,1,1,1,I-5,,1492,47.405,-122.293,0,8,0,0,1,1,0,1,3,1,0,1,0,0,99,98,99,98,88,88,0,0,0,1,0,1
53,530075,2,1,1,0,1,1,2,61,690,29,2,2016,2,2,56,1,2,1,1,1,I-5,,1901,47.926,-122.203,0,25,0,0,1,1,0,3,3,10,0,10,0,0,99,98,99,98,88,88,0,0,0,1,1,1
53,530078,2,2,0,1,1,2,2,11,0,14,3,2016,2,23,22,1,2,1,1,1,I-5,,34,45.664,-122.667,0,8,0,0,1,1,0,1,3,2,0,2,0,0,99,98,99,98,88,88,0,0,0,1,1,1
53,530081,1,1,0,1,1,2,2,53,2230,16,2,2016,3,22,46,0,2,3,1,3,SR-7,,533,47.169,-122.434,0,8,0,0,1,1,0,1,3,98,0,98,0,0,99,99,99,99,88,88,0,0,0,1,0,2
53,530082,2,2,0,0,0,3,3,27,1230,20,3,2016,1,13,0,0,1,2,1,3,SR-8,SR-108,60,47.045,-123.263,0,12,6,0,2,2,0,1,1,2,0,2,0,0,99,98,99,98,99,98,0,0,0,1,0,2