STATE,ST_CASE,VE_TOTAL,VE_FORMS,PVH_INVL,PEDS,PERNOTMVIT,PERMVIT,PERSONS,COUNTY,CITY,DAY,MONTH,YEAR,DAY_WEEK,HOUR,MINUTE,NHS,RUR_URB,FUNC_SYS,RD_OWNER,ROUTE,TWAY_ID,TWAY_ID2,MILEPT,LATITUDE,LONGITUD,SP_JUR,HARM_EV,MAN_COLL,RELJCT1,RELJCT2,TYP_INT,WRK_ZONE,REL_ROAD,LGT_COND,WEATHER1,WEATHER2,WEATHER,SCH_BUS,RAIL,NOT_HOUR,NOT_MIN,ARR_HOUR,ARR_MIN,HOSP_HR,HOSP_MN,CF1,CF2,CF3,FATALS,DRUNK_DR,RANK
53,530087,2,2,0,0,0,3,3,37,0,26,3,2016,7,2,26,1,1,1,1,1,I-82,,169,46.773,-120.376,0,12,1,0,1,1,0,1,2,1,0,1,0,0,99,99,99,99,99,99,0,0,0,1,1,1
53,530094,3,3,0,0,0,5,5,53,1124,29,3,2016,3,16,34,1,2,1,1,1,I-5,,1265,47.155,-122.491,0,12,1,0,1,1,0,1,1,1,0,1,0,0,99,98,99,98,99,98,28,0,0,1,0,1
53,530106,5,4,1,0,0,7,7,53,0,9,4,2016,7,2,48,1,2,1,1,1,I-5,,1222,47.116,-122.561,0,14,0,0,1,1,0,2,2,1,0,1,0,0,99,98,99,98,88,88,23,0,0,1,2,1
53,530112,1,1,0,0,0,1,1,33,109,2,4,2016,7,18,16,1,2,1,1,1,I-90,,0,47.58,-122.18,0,1,0,1,5,1,0,1,1,1,0,1,0,0,99,98,99,98,88,88,19,0,0,1,0,0
53,530114,3,3,0,0,0,6,6,53,0,15,4,2016,6,16,11,0,2,2,1,3,SR-167,,72,47.203,-122.281,0,12,1,0,1,1,0,1,1,1,0,1,0,0,99,98,99,98,99,98,0,0,0,1,0,2
53,530116,1,1,0,0,0,1,1,45,0,17,4,2016,1,21,35,0,1,4,1,3,SR-302,,27,47.371,-122.813,0,1,0,0,1,1,0,4,2,1,0,1,0,0,99,98,99,98,88,88,0,0,0,1,1,2
53,530117,3,3,0,0,0,6,6,25,0,18,4,2016,2,20,0,0,1,2,1,3,SR-28,,269,47.241,-119.984,0,12,2,0,1,1,0,1,2,1,0,1,0,0,99,98,99,98,99,98,0,0,0,1,1,2
53,530119,1,1,0,0,0,3,3,5,0,19,4,2016,3,22,25,1,2,1,1,1,I-82,,1,46.211,-119.737,0,1,0,0,1,1,0,4,2,1,0,1,0,0,99,98,99,98,99,98,0,0,0,1,0,0
53,530120,2,2,0,0,0,2,2,61,690,19,4,2016,3,13,55,0,2,3,1,3,SR-99,CENTER RD,461,47.891,-122.257,0,12,6,0,2,2,0,1,1,1,0,1,0,0,99,98,99,98,88,88,0,0,0,1,0,2
53,530121,1,1,0,1,1,1,1,61,690,19,4,2016,3,20,44,0,2,3,1,3,SR-99,PECKS,99999,47.942,-122.218,0,8,0,0,3,3,0,1,3,1,0,1,0,0,99,98,99,98,88,88,0,0,0,1,0,2
53,530127,1,1,0,0,0,2,2,37,0,26,4,2016,3,3,50,1,1,1,1,1,I-90,,721,47.218,-121.135,0,30,0,0,1,1,0,4,3,1,0,1,0,0,99,99,99,99,99,99,0,0,0,1,0,0
53,530132,2,2,0,0,0,8,8,27,1230,1,5,2016,1,18,35,0,1,2,1,3,SR-8,SR-108,60,47.054,-123.287,0,12,6,0,2,3,0,1,1,1,0,1,0,0,99,99,99,99,99,99,0,0,0,1,0,2
53,530137,1,1,0,0,0,1,1,47,0,8,5,2016,1,15,10,0,1,4,1,3,SR-155,,553,48.251,-119.139,3,42,0,0,1,1,0,4,1,1,0,1,0,0,99,98,99,98,99,98,0,0,0,1,0,1
53,530140,1,1,0,0,0,1,1,59,0,8,5,2016,1,1,43,0,1,3,1,3,SR-14,,231,45.566,-122.219,0,42,0,0,1,1,0,4,2,1,0,1,0,0,99,98,99,98,99,98,0,0,0,1,0,2
53,530142,1,1,0,0,0,1,1,19,0,7,5,2016,7,11,45,1,1,3,1,2,US-395,,2524,48.711,-118.129,0,24,0,0,1,1,0,4,1,1,0,1,0,0,99,98,99,98,88,88,0,0,0,1,0,0
53,530146,2,2,0,0,0,5,5,63,0,14,5,2016,7,15,55,0,1,5,1,3,SR-291,,101,47.784,-117.529,0,12,2,0,1,1,0,1,1,10,0,10,0,0,99,99,99,99,99,99,0,0,0,1,0,2
53,530152,1,1,0,0,0,2,2,19,0,1,5,2016,1,99,99,1,1,3,1,2,US-395,,2616,48.828,-118.173,0,17,0,0,1,1,0,4,9,99,0,99,0,0,88,88,88,88,88,88,0,0,0,2,0,0
53,530158,1,1,0,0,0,1,1,37,0,20,5,2016,6,9,14,1,1,1,1,1,I-90,,867,47.162,-120.851,0,18,0,0,1,1,0,3,1,1,0,1,0,0,99,98,99,98,88,88,0,0,0,1,0,0
53,530159,2,1,1,0,0,1,1,73,0,21,5,2016,7,12,35,1,1,1,1,1,I-5,,2,48.651,-122.367,0,14,0,9,5,1,0,2,1,2,0,2,0,0,99,98,99,98,88,88,0,0,0,1,0,1
53,530160,2,2,0,0,0,3,3,61,1120,21,5,2016,7,0,15,0,2,2,1,3,SR-9,20TH ST SE,140,48.013,-122.108,0,12,6,0,2,2,0,1,3,1,0,1,0,0,99,98,99,98,99,98,0,0,0,1,1,2
53,530162,1,1,0,0,0,1,1,5,0,29,5,2016,1,2,45,0,1,5,1,3,SR-225,,37,46.282,-119.494,0,38,0,0,1,1,0,4,2,1,0,1,0,0,99,98,99,98,99,98,0,0,0,1,1,2
53,530167,1,1,0,0,0,1,1,67,0,31,5,2016,3,14,35,1,1,1,1,1,I-5,,864,46.774,-122.998,0,24,0,0,1,1,0,4,1,1,0,1,0,0,99,98,99,98,99,98,0,0,0,1,0,1
53,530176,3,3,0,0,0,4,4,35,0,20,5,2016,6,15,50,0,2,2,1,3,SR-16,,1,47.526,-122.699,0,12,1,1,20,1,0,1,1,10,0,10,0,0,99,98,99,98,99,98,0,0,0,1,0,2
53,530177,1,1,0,0,0,1,1,33,0,28,5,2016,7,16,12,1,1,3,1,2,US-2,,435,47.75,-121.453,0,42,0,0,1,1,0,4,1,1,0,1,0,0,99,98,99,98,88,88,0,0,0,1,0,0
53,530178,1,1,0,1,1,1,1,73,110,3,6,2016,6,9,9,1,2,1,1,1,I-5,,2535,48.748,-122.465,0,9,0,0,1,1,0,1,1,1,0,1,0,0,99,98,99,98,99,98,0,0,0,1,0,1
53,530181,3,3,0,0,0,3,3,33,1050,6,6,2016,2,10,34,1,2,1,1,1,I-405,,203,47.71,-122.183,0,12,1,0,1,1,0,1,1,1,0,1,0,0,88,88,88,88,88,88,28,0,0,1,0,2
53,530194,1,1,0,1,1,1,1,65,0,19,6,2016,1,23,20,1,1,3,1,2,US-395,,2111,48.265,-117.715,0,9,0,0,1,1,0,1,2,1,0,1,0,0,99,98,99,98,88,88,0,0,0,1,1,0
53,530202,2,2,0,0,0,4,4,63,0,18,6,2016,7,20,0,1,2,3,1,2,US-395,HASTINGS RD,1712,47.766,-117.405,0,12,6,0,8,1,0,1,1,1,0,1,0,0,99,98,99,98,99,98,0,0,0,1,1,0
53,530203,1,1,0,0,0,2,2,1,0,24,6,2016,6,21,43,1,1,1,1,1,I-90,,2203,47.129,-118.347,0,1,0,0,1,1,0,3,2,5,0,5,0,0,99,98,99,98,99,98,0,0,0,1,0,0
53,530208,2,2,0,0,0,2,2,5,0,29,6,2016,4,20,36,0,1,4,1,3,SR-14,,1777,45.949,-119.399,0,12,2,0,1,1,0,1,1,1,0,1,0,0,99,98,99,98,88,88,0,0,0,1,1,2
53,530209,1,1,0,0,0,1,1,47,0,24,6,2016,6,12,11,0,1,4,1,3,SR-20,,1712,48.601,-120.56,0,1,0,0,1,1,0,4,1,10,0,10,0,0,99,98,99,98,99,98,0,0,0,1,0,2
53,530211,1,1,0,0,0,1,1,25,0,23,6,2016,5,6,0,1,1,1,1,1,I-90,,1783,47.098,-119.233,0,1,0,0,1,1,0,1,1,1,0,1,0,0,99,98,99,98,88,88,0,0,0,1,0,0
53,530214,3,3,0,0,0,3,3,33,1830,21,6,2016,3,5,0,0,2,3,1,3,SR-169,152 AVE SE,221,47.465,-122.137,0,12,6,0,3,2,0,1,4,10,0,10,0,0,99,99,99,99,88,88,0,0,0,1,0,2
53,530216,1,1,0,0,0,1,1,77,2590,27,6,2016,2,22,0,1,2,1,1,1,I-82,,317,46.622,-120.499,0,1,0,0,1,1,0,4,7,1,0,1,0,0,99,98,99,98,88,88,0,0,0,1,0,0
53,530217,2,2,0,0,0,2,2,61,0,17,6,2016,6,6,25,0,2,2,1,3,SR-9,,126,47.957,-122.102,0,12,6,0,1,1,0,1,1,1,0,1,0,0,99,98,99,98,88,88,0,0,0,1,0,2
53,530218,5,5,0,0,0,7,7,33,0,5,2,2016,6,6,19,1,1,1,1,1,I-90,,500,47.429,-121.427,0,35,0,0,1,1,0,4,2,10,0,10,0,0,99,98,99,98,99,98,0,0,0,2,0,0
53,530221,1,1,0,0,0,3,3,5,0,20,3,2016,1,15,0,1,1,1,1,1,I-82,,848,46.219,-119.717,0,1,0,0,1,1,0,4,1,1,0,1,0,0,99,98,99,98,99,98,0,0,0,1,0,0
53,530223,1,1,0,1,1,1,1,63,2110,2,5,2016,2,23,8,0,2,3,1,2,US-2,,2794,47.662,-117.411,0,9,0,0,1,1,0,4,3,1,0,1,0,0,99,98,99,98,99,98,0,0,0,1,0,0
53,530226,2,2,0,0,0,3,3,33,109,13,6,2016,2,0,30,1,2,1,1,1,I-90,,88,47.58,-122.161,0,1,0,0,1,1,1,1,3,1,0,1,0,0,99,98,99,98,99,98,0,0,0,1,0,0
53,530228,2,2,0,0,0,2,2,45,0,28,6,2016,3,13,46,0,1,4,1,3,SR-108,,45,47.091,-123.229,0,11,0,0,1,1,0,1,1,1,0,1,0,0,99,99,99,99,99,99,0,0,0,1,0,1
53,530229,1,1,0,0,0,2,2,77,0,18,6,2016,7,8,40,1,1,1,1,1,I-82,,287,46.646,-120.506,0,1,0,0,1,1,0,3,1,2,0,2,0,0,99,99,99,99,99,99,0,0,0,1,0,0
53,530230,12,12,0,0,0,17,17,67,1102,14,6,2016,3,17,45,1,2,1,1,1,I-5,,1119,47.063,-122.768,0,12,1,0,1,1,0,1,1,10,0,10,0,0,99,98,99,98,99,98,14,0,0,2,0,1
53,530234,2,2,0,0,0,3,3,49,0,3,7,2016,1,14,11,1,1,5,1,2,US-101,,123,46.318,-124.045,0,12,2,0,1,1,0,1,1,1,0,1,0,0,99,99,99,99,99,99,0,0,0,2,1,1
53,530237,2,2,0,0,0,7,7,1,1630,6,7,2016,4,17,5,0,2,3,1,3,SR-26,S 1ST AVE,407,46.812,-119.174,0,12,6,0,2,3,0,1,1,1,0,1,0,0,99,99,99,99,99,99,0,0,0,1,0,1
53,530238,1,1,0,0,0,4,4,37,0,6,7,2016,4,13,25,1,1,1,1,1,I-82,,112,46.845,-120.381,0,1,0,0,1,1,0,4,1,1,0,1,0,0,99,99,99,99,99,99,0,0,0,1,0,0
53,530239,2,2,0,0,0,2,2,67,0,7,7,2016,5,0,25,1,2,1,1,1,I-5,,1136,47.067,-122.733,0,12,1,0,1,1,0,1,2,1,0,1,0,0,99,98,99,98,88,88,0,0,0,1,1,1
53,530240,6,1,5,0,0,1,1,33,170,8,7,2016,6,21,16,1,2,1,1,1,I-405,,2,47.758,-122.184,0,25,0,1,5,1,0,4,5,1,0,1,0,0,99,98,99,98,88,88,0,0,0,1,1,2
53,530241,4,4,0,0,0,12,12,37,0,10,7,2016,1,12,42,1,1,1,1,1,I-90,,744,47.207,-121.09,0,12,1,0,1,1,0,1,1,10,0,10,0,0,99,99,99,99,99,99,0,0,0,1,0,0
53,530242,1,1,0,0,0,1,1,37,0,10,7,2016,1,13,13,0,1,5,1,3,SR-821,,61,46.747,-120.456,0,41,0,0,1,1,0,4,1,1,0,1,0,0,99,98,99,98,88,88,0,0,0,1,0,1
53,530244,1,1,0,0,0,6,6,37,0,12,7,2016,3,6,50,1,2,1,1,1,I-82,,35,46.924,-120.496,0,24,0,0,1,1,0,4,1,2,0,2,0,0,99,99,99,99,99,99,0,0,0,1,1,1
53,530245,1,1,0,1,1,1,1,11,2370,13,7,2016,4,23,28,1,2,1,1,1,I-5,,7,45.627,-122.668,0,8,0,0,1,1,0,1,3,1,0,1,0,0,99,98,99,98,88,88,0,0,0,1,1,1
53,530248,3,3,0,0,0,3,3,53,0,15,7,2016,6,22,50,0,2,3,1,3,SR-167,66TH AVE E,37,47.214,-122.342,3,12,8,0,2,2,0,1,3,1,0,1,0,0,99,98,99,98,88,88,0,0,0,1,1,2
53,530249,1,1,0,0,0,1,1,7,0,16,7,2016,7,14,41,0,1,4,1,3,SR-20,,1579,48.505,-120.728,0,1,0,0,1,1,0,4,1,1,0,1,0,0,99,98,99,98,88,88,0,0,0,1,0,2
53,530250,3,3,0,0,0,9,9,41,0,16,7,2016,7,12,55,1,1,1,1,1,I-5,,696,46.568,-122.878,0,12,1,0,1,1,0,1,1,10,0,10,0,0,99,99,99,99,99,99,0,0,0,2,0,1
53,530251,1,1,0,0,0,1,1,43,0,17,7,2016,1,18,46,1,1,1,1,1,I-90,,2525,47.404,-117.83,0,1,0,0,1,1,0,4,1,1,0,1,0,0,99,98,99,98,88,88,0,0,0,1,0,0
53,530252,2,2,0,0,0,2,2,5,0,18,7,2016,2,19,0,0,1,4,1,3,SR-14,SR-221,1672,45.937,-119.603,0,12,6,0,2,3,0,1,1,1,0,1,0,0,99,98,99,98,88,88,0,0,0,1,0,2
53,530257,2,2,0,0,0,2,2,33,1264,7,6,2016,3,17,25,0,2,3,1,3,SR-169,WITTE RD SE,139,47.39,-122.045,0,12,6,0,2,2,0,1,1,1,0,1,0,0,99,98,99,98,99,98,0,0,0,1,0,2
53,530261,2,2,0,0,0,2,2,37,0,24,7,2016,1,18,26,1,1,1,1,1,I-90,,553,47.369,-121.374,0,12,2,0,1,1,0,1,1,1,0,1,0,0,99,99,99,99,99,99,0,0,0,2,0,0
53,530264,1,1,0,0,0,2,2,9,0,20,7,2016,4,16,25,1,2,3,1,2,US-101,PINE ST,2460,48.108,-123.452,0,42,0,0,3,3,0,4,1,1,0,1,0,0,99,98,99,98,99,98,0,0,0,1,1,1
53,530270,1,1,0,0,0,3,3,37,0,19,7,2016,3,22,5,1,1,1,1,1,I-90,,890,47.147,-120.816,0,1,0,0,1,1,0,4,2,1,0,1,0,0,99,98,99,98,99,98,0,0,0,1,0,0
53,530272,1,1,0,1,1,1,1,31,0,27,7,2016,4,23,40,1,1,3,1,2,US-101,,3045,47.706,-122.895,0,8,0,0,1,1,0,1,2,1,0,1,0,0,99,98,99,98,88,88,0,0,0,1,0,0
53,530273,2,2,0,0,0,4,4,25,0,29,7,2016,6,22,47,0,1,2,1,3,SR-28,,282,47.238,-119.966,0,12,6,0,1,1,0,1,2,1,0,1,0,0,99,99,99,99,99,99,0,0,0,1,0,2
53,530274,1,1,0,0,0,1,1,37,0,30,7,2016,7,17,22,1,1,1,1,1,I-90,,1191,46.957,-120.309,0,1,0,0,1,1,0,2,1,1,0,1,0,0,88,88,88,88,88,88,0,0,0,1,0,0
53,530283,1,1,0,1,1,1,1,11,0,1,8,2016,2,2,25,1,2,1,1,1,I-5,,111,45.774,-122.67,0,9,0,0,1,1,0,1,2,1,0,1,0,0,99,98,99,98,88,88,0,0,0,1,0,1
53,530286,2,2,0,0,0,2,2,37,0,3,8,2016,4,7,45,1,1,1,1,1,I-90,,868,47.161,-120.861,0,1,0,0,1,1,0,3,1,1,0,1,0,0,99,98,99,98,88,88,0,0,0,1,0,0
53,530288,1,1,0,0,0,1,1,41,0,4,8,2016,5,12,38,1,1,3,1,2,US-12,,1386,46.687,-121.579,0,24,0,0,1,1,0,4,1,1,0,1,0,0,99,98,99,98,88,88,0,0,0,1,0,0
53,530290,1,1,0,0,0,1,1,21,0,6,8,2016,7,2,33,1,1,2,1,2,US-395,,476,46.501,-119.015,0,1,0,0,1,1,0,4,2,1,0,1,0,0,99,98,99,98,88,88,0,0,0,1,0,0
53,530291,2,2,0,0,0,2,2,53,1124,6,8,2016,7,3,18,1,2,1,1,1,I-5,,1229,47.12,-122.554,0,12,6,0,1,1,0,1,3,1,0,1,0,0,99,98,99,98,88,88,0,0,0,1,0,1
53,530293,2,2,0,0,0,4,4,1,0,8,8,2016,2,16,31,0,1,5,1,3,SR-24,HATTON RD,762,46.768,-119.176,0,12,6,0,2,2,0,1,1,1,0,1,0,0,99,99,99,99,99,99,0,0,0,1,0,2
53,530295,2,2,0,0,0,4,4,53,2230,11,8,2016,5,16,50,0,2,2,1,3,SR-16,,13,47.235,-122.483,0,12,1,0,1,1,0,1,1,1,0,1,0,0,99,98,99,98,88,88,0,0,0,1,0,2
53,530296,1,1,0,0,0,1,1,69,0,14,8,2016,1,16,20,0,1,3,1,3,SR-4,,256,46.312,-123.485,0,30,0,0,1,1,0,4,1,1,0,1,0,0,99,98,99,98,88,88,0,0,0,1,1,2
53,530298,2,2,0,0,0,3,3,71,0,12,8,2016,6,10,55,1,1,3,1,2,US-12,,3120,46.07,-118.768,0,12,2,0,1,1,0,1,1,1,0,1,0,0,99,98,99,98,99,98,0,0,0,1,0,0
53,530302,1,1,0,0,0,1,1,59,0,12,8,2016,6,14,10,0,1,3,1,3,SR-14,,243,45.572,-122.201,0,1,0,0,1,1,0,1,1,1,0,1,0,0,99,98,99,98,99,98,0,0,0,1,0,2
53,530307,1,1,0,0,0,1,1,25,0,21,8,2016,1,8,6,1,1,1,1,1,I-90,,1859,47.086,-119.049,0,1,0,0,1,1,0,1,1,1,0,1,0,0,99,98,99,98,88,88,0,0,0,1,0,0
53,530310,2,2,0,0,0,3,3,73,0,22,8,2016,2,15,53,1,2,1,1,1,I-5,,2676,48.908,-122.622,0,1,0,0,1,1,0,3,1,1,0,1,0,0,99,98,99,98,99,98,0,0,0,1,0,1
53,530313,2,2,0,0,0,2,2,61,690,11,8,2016,5,4,57,1,2,1,1,1,I-5,,1906,47.934,-122.197,0,12,1,0,1,1,0,1,2,1,0,1,0,0,99,98,99,98,88,88,0,0,0,1,0,1
53,530316,2,2,0,0,0,4,4,77,2590,13,8,2016,7,16,19,1,2,2,1,2,US-12,,2017,46.625,-120.528,0,12,1,0,1,1,0,1,1,1,0,1,0,0,99,98,99,98,99,98,27,0,0,2,0,0
53,530319,3,3,0,0,0,9,9,33,735,18,8,2016,5,12,56,1,2,1,1,1,I-5,,1416,47.283,-122.309,0,12,1,0,1,1,0,1,1,10,0,10,0,0,99,98,99,98,99,98,0,0,0,1,0,1
53,530321,2,2,0,0,0,4,4,33,0,31,8,2016,4,11,57,1,1,1,1,1,I-90,,459,47.395,-121.476,0,12,1,0,1,1,2,1,1,1,0,1,0,0,99,98,99,98,99,98,0,0,0,1,0,0
53,530326,2,2,0,0,0,2,2,25,0,4,8,2016,5,15,18,0,1,3,1,3,SR-17,BASELINE E RD,422,47.087,-119.23,0,12,6,0,2,3,0,1,1,1,0,1,0,0,99,98,99,98,99,98,0,0,0,1,0,2
53,530328,1,1,0,0,0,1,1,53,2230,28,8,2016,1,2,30,0,2,3,1,3,SR-16,S SPRAGUE AVE,0,47.235,-122.466,0,25,0,1,3,3,0,4,3,1,0,1,0,0,99,98,99,98,88,88,0,0,0,1,1,2
53,530332,1,1,0,1,1,1,1,9,1700,31,8,2016,4,22,34,0,2,3,1,2,US-101,E 3RD ST,2473,48.117,-123.433,0,8,0,0,3,3,0,1,3,10,0,10,0,0,99,98,99,98,99,98,0,0,0,1,1,1
53,530338,2,2,0,0,0,2,2,53,0,1,9,2016,5,6,50,0,2,4,1,3,SR-162,,162,47.139,-122.075,0,24,0,0,1,1,0,4,1,1,0,1,0,0,99,98,99,98,99,98,0,0,0,1,0,2
53,530339,3,3,0,0,0,5,5,63,1165,1,9,2016,5,8,24,1,2,1,1,1,I-90,,2939,47.673,-117.109,0,12,7,0,1,1,0,1,1,1,0,1,0,0,99,98,99,98,99,98,0,0,0,1,0,0
53,530342,1,1,0,0,0,1,1,77,0,5,9,2016,2,10,22,1,1,1,1,1,I-82,,229,46.712,-120.432,0,17,0,0,1,1,0,3,1,1,0,1,0,0,99,98,99,98,88,88,0,0,0,1,0,0
53,530348,3,3,0,0,0,3,3,25,0,10,9,2016,7,13,27,0,1,4,1,3,SR-28,,552,47.36,-119.51,0,12,6,0,8,1,0,1,1,1,0,1,0,0,99,98,99,98,99,98,0,0,0,1,0,2
53,530349,1,1,0,0,0,2,2,53,0,11,9,2016,1,1,35,0,1,4,1,3,SR-7,,389,46.978,-122.358,0,34,0,0,1,1,0,4,2,1,0,1,0,0,99,98,99,98,99,98,0,0,0,1,1,2
53,530351,1,1,0,1,1,1,1,33,1960,12,9,2016,2,4,45,1,2,1,1,1,I-5,,2,47.657,-122.322,0,8,0,1,5,1,0,8,3,1,0,1,0,0,99,98,99,98,99,98,0,0,0,1,1,1
53,530354,1,1,0,0,0,1,1,33,1960,10,9,2016,7,19,13,0,2,2,1,3,SR-99,,1,47.572,-122.34,0,25,0,1,5,1,0,4,5,1,0,1,0,0,99,98,99,98,99,98,0,0,0,1,1,2
53,530355,1,1,0,1,1,1,1,25,1390,13,9,2016,3,20,25,0,2,2,1,3,SR-17,,429,47.095,-119.24,0,8,0,0,1,1,0,1,3,1,0,1,0,0,99,98,99,98,88,88,0,0,0,1,0,2
53,530357,2,2,0,0,0,3,3,9,0,16,9,2016,6,20,25,1,1,3,1,2,US-101,,2388,48.065,-123.577,0,12,2,0,1,1,0,1,3,99,0,99,0,0,99,99,99,99,99,99,0,0,0,1,1,1
53,530359,1,1,0,0,0,1,1,65,0,17,9,2016,7,1,40,1,1,3,1,2,US-395,,2170,48.313,-117.802,0,30,0,0,1,1,0,4,2,1,0,1,0,0,99,98,99,98,88,88,0,0,0,1,1,0
53,530365,3,3,0,0,0,7,7,9,0,16,9,2016,6,9,17,1,1,3,1,2,US-101,,2426,48.101,-123.522,0,12,1,0,1,1,0,1,1,1,0,1,0,0,99,98,99,98,99,98,0,0,0,1,0,0
53,530367,1,1,0,0,0,1,1,33,1500,10,9,2016,7,4,55,1,2,1,1,1,I-90,,287,47.474,-121.774,0,52,0,0,1,1,0,3,2,1,0,1,0,0,99,99,99,99,88,88,0,0,0,1,0,0
53,530368,1,1,0,0,0,1,1,7,320,4,9,2016,1,12,46,0,2,5,1,3,SR-150,ELDORADO DR,50,47.859,-120.068,0,1,0,0,3,3,0,1,1,1,0,1,0,0,99,99,99,99,99,99,0,0,0,1,0,0
53,530370,1,1,0,1,1,2,2,49,0,10,9,2016,7,23,16,1,1,4,1,2,US-101,,23,46.246,-123.909,0,8,0,0,1,1,0,1,2,1,0,1,0,0,99,98,99,98,88,88,0,0,0,1,0,0
53,530371,1,1,0,1,1,3,3,53,0,24,9,2016,7,13,12,0,2,3,1,3,SR-7,180TH ST,481,47.094,-122.435,0,8,0,0,2,3,0,1,1,1,0,1,0,0,99,98,99,98,88,88,0,0,0,1,0,2
53,530372,2,2,0,0,0,5,5,57,0,24,9,2016,7,20,54,1,1,1,1,1,I-5,,2317,48.488,-122.336,0,1,0,0,1,1,0,1,3,2,0,2,0,0,99,98,99,98,88,88,0,0,0,1,1,1
53,530373,2,2,0,0,0,2,2,71,0,26,9,2016,2,1,41,0,1,3,1,2,US-12,,3032,46.065,-118.908,0,12,2,0,1,1,0,1,2,1,0,1,0,0,99,98,99,98,88,88,0,0,0,1,0,0
53,530376,3,3,0,0,0,6,6,33,475,13,9,2016,3,21,57,0,2,2,1,3,SR-18,,117,47.358,-122.121,0,12,2,0,1,1,0,1,2,1,0,1,0,0,99,98,99,98,99,98,0,0,0,1,0,2
53,530378,1,1,0,0,0,1,1,33,1960,28,9,2016,4,7,48,1,2,1,1,1,I-5,,1660,47.611,-122.331,0,1,0,0,1,1,0,1,1,1,0,1,0,0,99,98,99,98,88,88,0,0,0,1,0,1
53,530380,2,2,0,0,0,3,3,53,0,30,9,2016,6,17,3,0,2,3,1,3,SR-7,,455,47.063,-122.408,0,12,6,0,8,1,0,1,1,1,0,1,0,0,99,98,99,98,88,88,0,0,0,1,0,2
53,530390,2,2,0,0,0,5,5,39,0,1,10,2016,7,11,42,0,1,3,1,3,SR-14,,933,45.663,-120.96,0,1,0,0,1,1,0,1,1,1,0,1,0,0,99,98,99,98,88,88,0,0,0,1,1,2
53,530391,1,1,0,0,0,1,1,75,0,3,10,2016,2,1,0,0,1,3,1,3,SR-26,,1254,46.833,-117.501,0,42,0,0,1,1,0,4,2,1,0,1,0,0,99,98,99,98,88,88,0,0,0,1,1,1
53,530395,1,1,0,0,0,1,1,37,0,7,10,2016,6,1,9,1,1,1,1,1,I-90,,2,46.971,-120.517,0,59,0,1,5,1,0,4,3,1,0,1,0,0,99,98,99,98,88,88,0,0,0,1,1,0
53,530400,1,1,0,0,0,1,1,33,1960,13,10,2016,5,22,12,1,2,1,1,1,I-5,,19,47.624,-122.328,0,25,0,0,1,1,1,3,3,2,0,2,0,0,99,98,99,98,88,88,0,0,0,1,0,1
53,530401,1,1,0,0,0,1,1,15,0,15,10,2016,7,17,56,1,1,1,1,1,I-5,,438,46.204,-122.892,0,42,0,0,1,1,0,4,1,2,0,2,0,0,99,98,99,98,99,98,0,0,0,1,0,1
53,530407,2,2,0,0,0,6,6,5,0,20,10,2016,5,10,51,1,2,1,1,1,I-82,,780,46.241,-119.832,0,12,7,0,1,1,0,1,1,1,0,1,0,0,99,98,99,98,88,88,0,0,0,1,0,0
53,530408,4,1,3,1,3,1,3,53,1124,21,10,2016,6,2,13,1,2,1,1,1,I-5,,1265,47.164,-122.479,0,14,0,0,1,1,0,1,2,1,0,1,0,0,99,98,99,98,88,88,19,0,0,1,1,1
53,530421,1,1,0,1,1,1,1,27,0,30,10,2016,1,2,15,0,1,4,1,3,SR-109,,70,47.014,-124.009,0,8,0,0,1,1,0,1,2,1,0,1,0,0,99,98,99,98,88,88,0,0,0,1,0,2
53,530423,2,2,0,0,0,3,3,37,0,31,10,2016,2,3,10,1,1,1,1,1,I-90,,963,47.078,-120.722,0,12,2,0,1,1,0,1,2,2,0,2,0,0,99,99,99,99,99,99,0,0,0,2,0,0
53,530426,1,1,0,0,0,3,3,65,0,30,10,2016,1,19,1,0,1,5,1,3,SR-291,,239,47.88,-117.706,0,35,0,0,1,1,0,4,2,2,0,2,0,0,99,98,99,98,99,98,0,0,0,1,0,2
53,530431,5,5,0,1,1,7,7,53,747,4,11,2016,6,6,47,1,2,1,1,1,I-5,,1359,47.242,-122.392,0,8,0,0,1,1,0,1,3,1,0,1,0,0,99,98,99,98,88,88,0,0,0,1,0,1
53,530432,3,3,0,0,0,3,3,77,0,4,11,2016,6,15,51,0,1,3,1,2,US-12,,1874,46.738,-120.735,0,12,1,0,4,1,0,1,1,1,0,1,0,0,99,98,99,98,99,98,0,0,0,1,1,0
53,530436,3,3,0,0,0,4,4,53,2230,10,11,2016,5,18,34,0,2,2,1,3,SR-16,,53,47.265,-122.547,0,12,1,0,1,1,0,1,3,1,0,1,0,0,99,98,99,98,88,88,0,0,0,1,0,2
53,530439,2,2,0,0,0,2,2,35,180,14,11,2016,2,17,4,0,2,3,1,3,SR-3,SUNNYSLOPE RD SW,326,47.516,-122.735,0,12,6,0,2,3,0,1,3,1,0,1,0,0,99,98,99,98,88,88,0,0,0,1,0,2
53,530454,2,2,0,0,0,2,2,53,0,27,11,2016,1,0,38,0,2,4,1,3,SR-162,133RD ST CT E,41,47.135,-122.238,0,12,2,0,3,3,0,1,3,2,0,2,0,0,99,98,99,98,88,88,0,0,0,1,1,2