STATE,ST_CASE,VE_TOTAL,VE_FORMS,PVH_INVL,PEDS,PERNOTMVIT,PERMVIT,PERSONS,COUNTY,CITY,DAY,MONTH,YEAR,DAY_WEEK,HOUR,MINUTE,NHS,RUR_URB,FUNC_SYS,RD_OWNER,ROUTE,TWAY_ID,TWAY_ID2,MILEPT,LATITUDE,LONGITUD,SP_JUR,HARM_EV,MAN_COLL,RELJCT1,RELJCT2,TYP_INT,WRK_ZONE,REL_ROAD,LGT_COND,WEATHER1,WEATHER2,WEATHER,SCH_BUS,RAIL,NOT_HOUR,NOT_MIN,ARR_HOUR,ARR_MIN,HOSP_HR,HOSP_MN,CF1,CF2,CF3,FATALS,DRUNK_DR,RANK
53,530456,1,1,0,0,0,1,1,7,0,18,11,2016,6,6,30,1,1,3,1,2,US-2,,786,47.786,-120.847,0,1,0,0,1,1,0,4,2,99,0,99,0,0,99,98,99,98,88,88,0,0,0,1,1,0
53,530458,2,2,0,0,0,2,2,27,0,28,11,2016,2,7,20,0,1,4,1,3,SR-109,,63,46.994,-124,0,12,2,0,1,1,0,1,1,2,0,2,0,0,99,99,99,99,99,99,0,0,0,1,0,2
53,530460,1,1,0,0,0,1,1,51,0,30,11,2016,4,13,33,0,1,4,1,3,SR-211,,132,48.277,-117.285,0,1,0,0,1,1,0,4,1,10,0,10,0,0,99,98,99,98,88,88,0,0,0,1,0,2
53,530461,2,2,0,2,2,2,2,17,0,29,11,2016,3,17,26,0,2,3,1,3,SR-28,S TYEE AVE,86,47.381,-120.215,0,8,0,0,2,3,0,1,2,1,0,1,0,0,99,98,99,98,99,98,0,0,0,1,0,2
53,530465,1,1,0,0,0,1,1,41,0,19,11,2016,7,0,36,1,1,3,1,2,US-12,,1290,46.584,-121.688,0,42,0,0,1,1,0,4,2,1,0,1,0,0,99,98,99,98,88,88,0,0,0,1,0,0
53,530468,3,3,0,0,0,5,5,15,1010,19,11,2016,7,18,57,1,2,1,1,1,I-5,,354,46.092,-122.871,0,12,1,0,1,1,0,1,2,10,0,10,0,0,99,98,99,98,99,98,19,0,0,1,0,1
53,530476,1,1,0,0,0,2,2,47,0,18,6,2016,7,23,39,0,1,4,1,3,SR-155,,414,48.143,-118.977,3,1,0,0,1,1,0,4,2,10,0,10,0,0,23,31,23,48,99,99,0,0,0,2,1,1
53,530478,2,2,0,0,0,2,2,25,0,3,12,2016,7,6,50,0,1,3,1,3,SR-28,,309,47.233,-119.872,0,12,2,0,1,1,0,1,2,1,0,1,0,0,99,99,99,99,99,99,0,0,0,1,1,2
53,530485,1,1,0,0,0,1,1,31,0,3,12,2016,7,21,54,0,1,2,1,3,SR-104,,51,47.916,-122.793,0,42,0,0,1,1,0,4,2,2,0,2,0,0,99,98,99,98,88,88,0,0,0,1,1,2
53,530486,1,1,0,1,1,1,1,61,1215,6,12,2016,3,9,42,0,2,3,1,3,SR-99,,409,47.826,-122.311,0,8,0,0,4,1,0,1,1,1,0,1,0,0,99,99,99,99,99,99,0,0,0,1,0,2
53,530494,1,1,0,0,0,1,1,57,0,18,12,2016,1,6,18,0,1,2,1,3,SR-20,,533,48.447,-122.461,0,1,0,0,1,1,0,4,2,4,0,4,0,0,99,98,99,98,88,88,0,0,0,1,0,2
53,530495,3,3,0,0,0,6,6,63,0,8,12,2016,5,15,23,0,1,5,1,3,SR-291,,95,47.78,-117.541,0,12,2,0,1,1,0,1,1,1,0,1,0,0,99,98,99,98,99,98,0,0,0,1,1,2
53,530497,1,1,0,1,1,1,1,67,0,27,11,2016,1,9,14,1,2,3,1,2,US-12,,450,46.802,-123.027,0,8,0,0,1,1,0,2,9,99,0,99,0,0,99,98,99,98,88,88,0,0,0,1,0,0
53,530502,3,3,0,0,0,6,6,17,0,19,12,2016,2,8,15,0,2,3,1,3,SR-28,,95,47.378,-120.196,0,12,6,0,1,1,0,1,1,10,0,10,0,0,99,99,99,99,99,99,0,0,0,2,0,2
53,530506,2,2,0,0,0,2,2,33,1830,16,12,2016,6,14,9,0,2,3,1,3,SR-169,CEDAR RIVER PARK DR,250,47.481,-122.193,0,12,7,0,3,3,0,1,1,1,0,1,0,0,99,98,99,98,99,98,0,0,0,1,0,2
53,530507,2,2,0,0,0,6,6,63,22,23,12,2016,6,13,52,1,2,3,1,2,US-2,,2692,47.643,-117.603,0,33,0,0,1,1,0,4,1,4,0,4,0,0,99,98,99,98,99,98,0,0,0,1,0,0
53,530508,1,1,0,0,0,2,2,45,0,18,12,2016,1,18,25,0,1,3,1,3,SR-3,,219,47.395,-122.829,0,42,0,0,1,1,0,4,2,1,0,1,0,0,99,98,99,98,99,98,0,0,0,1,0,2
53,530509,1,1,0,0,0,3,3,73,0,30,12,2016,6,1,29,0,1,5,1,3,SR-9,,705,48.7,-122.197,0,1,0,0,1,1,0,4,2,1,0,1,0,0,99,98,99,98,99,98,0,0,0,1,1,2
53,530510,1,1,0,1,1,1,1,33,1958,27,12,2016,3,6,31,0,2,3,1,3,SR-99,,165,47.414,-122.297,0,8,0,0,1,1,0,1,3,2,0,2,0,0,99,98,99,98,99,98,0,0,0,1,0,2
53,530512,2,2,0,0,0,2,2,75,0,27,12,2016,3,9,6,0,1,3,1,3,SR-26,,1267,46.833,-117.51,0,12,1,0,1,1,0,1,1,10,0,10,0,0,99,98,99,98,88,88,0,0,0,1,0,1
53,530514,1,1,0,1,1,1,1,53,2230,15,12,2016,5,19,25,0,2,3,1,3,SR-7,98TH ST,532,47.169,-122.434,0,8,0,0,1,1,0,1,3,1,0,1,0,0,99,98,99,98,99,98,0,0,0,1,0,2
53,530515,3,3,0,0,0,4,4,63,2110,23,12,2016,6,16,45,0,2,3,1,3,SR-291,G ST,23,47.715,-117.46,0,12,6,0,2,3,0,1,3,4,0,4,0,0,99,99,99,99,99,99,0,0,0,1,0,2
53,530516,1,1,0,0,0,1,1,47,0,29,12,2016,5,4,47,0,1,4,1,3,SR-20,`,2267,48.333,-119.681,0,34,0,0,1,1,0,4,2,4,0,4,0,0,99,99,99,99,99,99,0,0,0,1,0,2
53,530518,2,2,0,0,0,2,2,61,0,22,12,2016,5,15,26,0,1,4,1,3,SR-92,,34,48.042,-122.043,0,24,0,0,1,1,0,4,1,1,0,1,0,0,99,98,99,98,99,98,0,0,0,1,0,2
54,540001,1,1,0,0,0,1,1,5,650,1,1,2016,6,10,54,1,1,3,1,2,US-119,,115,38.109,-81.849,0,1,0,0,1,1,0,4,1,10,0,10,0,0,10,54,11,4,12,38,0,0,0,1,0,0
54,540002,1,1,0,0,0,1,1,7,0,2,1,2016,7,0,1,1,1,1,1,1,I-79,,815,38.832,-80.667,0,24,0,0,1,1,0,4,2,10,0,10,0,0,0,1,0,10,88,88,0,0,0,1,0,0
54,540003,1,1,0,0,0,1,1,3,0,2,1,2016,7,1,10,1,2,1,1,1,I-81,,230,39.58,-77.868,0,1,0,0,1,1,0,3,2,1,0,1,0,0,1,12,1,20,88,88,0,0,0,1,1,0
54,540005,2,2,0,0,0,2,2,95,2440,4,1,2016,2,14,9,1,1,3,1,3,SR-2,,96,39.553,-81.006,0,24,0,0,1,1,0,4,1,4,0,4,0,0,99,99,99,99,88,88,0,0,0,1,0,2
54,540006,1,1,0,1,1,2,2,3,1660,4,1,2016,2,22,0,0,2,4,1,3,SR-45,,178,39.452,-77.887,0,8,0,0,1,1,0,1,2,1,0,1,0,0,88,88,88,88,88,88,0,0,0,1,0,0
54,540007,3,3,0,0,0,5,5,11,1270,5,1,2016,3,19,32,1,2,1,1,1,I-64,,135,38.4,-82.379,0,24,0,0,1,1,0,4,2,1,0,1,0,0,19,35,19,42,20,3,0,0,0,1,0,1
54,540008,1,1,0,0,0,1,1,29,530,2,1,2016,7,3,25,1,2,3,1,2,US-30,,5,40.621,-80.563,0,20,0,1,19,1,0,10,2,1,0,1,0,0,99,99,99,99,88,88,0,0,0,1,1,0
54,540009,1,1,0,0,0,1,1,1,0,6,1,2016,4,8,5,0,1,5,1,3,SR-92,,135,39.101,-79.927,1,42,0,0,1,1,0,4,1,1,0,1,0,0,99,99,99,99,88,88,0,0,0,1,1,2
54,540010,1,1,0,1,1,1,1,55,261,7,1,2016,5,20,7,1,2,3,1,2,US-52,,74,37.31,-81.259,0,8,0,0,1,1,0,1,2,1,0,1,0,0,88,88,88,88,88,88,0,0,0,1,1,0
54,540011,2,2,0,0,0,2,2,57,1895,7,1,2016,5,8,7,1,1,3,1,2,US-50,,105,39.368,-79.031,0,12,2,0,1,1,0,1,1,1,0,1,1,0,99,99,99,99,88,88,0,0,0,1,0,2
54,540012,2,2,0,0,0,3,3,99,1350,8,1,2016,6,14,39,1,1,3,1,2,US-52,,272,38.346,-82.593,0,12,1,0,1,1,3,1,1,2,0,2,0,0,14,40,14,51,99,99,0,0,0,1,0,0
54,540014,1,1,0,1,1,2,2,67,2570,11,1,2016,2,21,20,1,1,3,1,2,US-19,,124,38.292,-80.832,0,8,0,0,1,1,0,1,2,1,0,1,0,0,21,23,21,27,21,34,0,0,0,1,0,0
54,540018,1,1,0,0,0,1,1,7,2580,19,1,2016,3,12,0,1,1,1,1,1,I-79,,640,38.67,-80.728,0,24,0,0,1,1,0,4,1,1,0,1,0,0,99,99,99,99,99,99,0,0,0,1,0,0
54,540019,2,2,0,0,0,2,2,61,1840,22,1,2016,6,10,29,1,2,3,1,2,US-19,,124,39.665,-80.012,0,12,2,0,1,1,0,1,1,1,0,1,0,0,99,99,99,99,99,99,20,0,0,1,0,0
54,540020,1,1,0,0,0,1,1,47,2442,26,1,2016,3,21,0,0,1,5,1,3,SR-103,,56,37.343,-81.492,0,1,0,0,1,1,0,4,2,2,0,2,0,0,21,4,21,24,22,30,0,0,0,1,1,2
54,540021,1,1,0,0,0,1,1,33,0,30,1,2016,7,14,39,0,1,7,1,4,CR-6,,47,39.379,-80.354,0,42,0,0,1,1,0,4,1,1,0,1,0,0,99,99,99,99,99,99,0,0,0,1,0,2
54,540022,2,2,0,0,0,2,2,97,1514,2,2,2016,3,15,31,1,2,2,1,2,US-33,,80,39.013,-80.309,0,12,2,0,1,1,0,1,1,1,0,1,0,0,15,46,15,58,99,99,0,0,0,1,0,0
54,540023,1,1,0,0,0,1,1,67,0,4,2,2016,5,15,0,0,1,4,1,3,SR-20,,13,38.098,-80.7,0,24,0,0,1,1,0,4,1,1,0,1,0,0,99,99,99,99,88,88,0,0,0,1,1,2
54,540024,4,4,0,0,0,5,5,107,2686,5,2,2016,6,18,37,1,2,3,1,2,US-50,PROGRESS RIDGE RD,184,39.244,-81.365,0,12,6,0,2,3,0,1,2,10,0,10,0,0,18,42,19,2,19,32,14,0,0,1,0,2
54,540026,1,1,0,0,0,1,1,79,2591,16,2,2016,3,12,36,1,2,1,1,1,I-64,,390,38.457,-81.942,0,25,0,0,1,1,0,3,1,1,0,1,0,0,12,43,12,52,13,19,0,0,0,1,0,1
54,540028,1,1,0,0,0,1,1,23,2401,11,2,2016,5,11,30,1,1,3,1,3,SR-93,,103,39.244,-79.136,0,34,0,0,1,1,0,4,1,8,0,8,0,0,88,88,88,88,88,88,0,0,0,1,0,0
54,540030,1,1,0,0,0,1,1,49,1080,15,2,2016,2,15,0,0,1,5,1,4,CR-21,,25,39.554,-80.185,0,43,0,0,1,1,0,4,1,2,0,2,0,0,99,99,99,99,88,88,0,0,0,1,0,2
54,540032,2,2,0,0,0,3,3,39,480,23,2,2016,3,21,12,0,2,4,1,3,SR-61,,250,38.332,-81.617,0,12,2,0,1,1,0,1,1,10,0,10,0,0,21,13,21,19,21,51,0,0,0,1,1,2
54,540033,2,2,0,0,0,2,2,67,249,25,2,2016,5,16,5,1,1,3,1,2,US-19,,615,38.514,-80.734,0,12,1,0,1,1,0,1,1,10,0,10,0,0,16,10,16,34,88,88,0,0,0,1,0,0
54,540034,2,2,0,0,0,5,5,41,2688,25,2,2016,5,15,40,1,1,1,1,1,I-79,,855,38.916,-80.573,0,12,2,0,1,1,0,1,1,4,0,4,0,0,16,8,16,17,17,6,0,0,0,3,0,0
54,540035,2,2,0,0,0,3,3,5,650,25,2,2016,5,8,39,1,1,3,1,2,US-119,RAMSEY RD,133,38.094,-81.837,0,12,6,0,2,4,0,1,1,4,0,4,0,0,8,41,8,43,9,5,0,0,0,1,0,0
54,540036,3,3,0,0,0,5,5,65,205,26,2,2016,6,16,5,1,1,3,1,3,SR-9,,260,39.627,-78.182,0,12,1,0,1,1,0,1,1,1,0,1,0,0,99,99,99,99,99,99,0,0,0,1,0,2
54,540037,2,2,0,0,0,3,3,81,170,26,2,2016,6,23,52,0,2,4,1,3,SR-16,RURAL ACRES DR,190,37.794,-81.184,0,12,6,0,2,4,0,1,3,1,0,1,0,0,99,99,99,99,99,99,0,0,0,2,0,2
54,540038,1,1,0,0,0,4,4,95,2440,5,2,2016,6,16,9,1,1,3,1,3,SR-2,NORTH WELLS ST,101,39.567,-80.991,0,24,0,0,1,1,0,4,1,1,0,1,0,0,16,29,16,29,16,47,0,0,0,1,1,2
54,540040,1,1,0,0,0,1,1,39,480,5,3,2016,7,1,55,1,2,1,1,1,I-77,,1020,38.363,-81.62,0,25,0,0,1,1,0,3,3,10,0,10,0,0,1,59,2,8,2,21,0,0,0,1,1,0
54,540041,2,2,0,0,0,3,3,11,1760,6,3,2016,1,21,24,1,2,1,1,1,I-64,,300,38.427,-82.098,0,12,6,0,1,1,0,1,2,1,0,1,0,0,21,29,21,43,22,10,0,0,0,1,1,1
54,540042,2,2,0,0,0,5,5,57,2863,7,3,2016,2,16,37,0,1,4,1,3,SR-28,SHERWOOD DR,95,39.573,-78.792,0,12,1,0,2,3,0,1,1,1,0,1,0,0,16,39,16,44,17,19,0,0,0,1,0,2
54,540043,2,2,0,0,0,4,4,67,1871,13,3,2016,1,18,22,1,1,3,1,2,US-19,MT LOOKOUT RD,14,38.159,-80.905,0,12,6,0,2,4,0,1,1,2,0,2,0,0,99,99,99,99,99,99,0,0,0,1,0,0
54,540044,1,1,0,0,0,1,1,3,1307,14,3,2016,2,0,43,0,2,4,1,2,US-11,,43,39.35,-78.046,0,17,0,0,1,1,0,4,2,2,0,2,0,0,0,43,0,49,88,88,0,0,0,1,1,0
54,540045,1,1,0,0,0,3,3,47,0,15,3,2016,3,21,0,0,1,5,1,4,CR-9,,46,37.262,-81.661,0,1,0,0,1,1,0,4,2,1,0,1,0,0,99,99,99,99,99,99,0,0,0,1,0,2
54,540047,2,2,0,0,0,5,5,61,1840,20,3,2016,1,21,12,1,1,3,1,1,I-79,,1590,39.718,-80.061,0,12,7,0,1,1,0,1,3,1,0,1,0,0,21,15,21,24,21,41,0,0,0,1,0,0
54,540048,2,2,0,0,0,2,2,87,2510,22,3,2016,3,10,48,0,1,4,1,2,US-33,,123,38.799,-81.345,0,12,2,0,1,1,0,1,1,1,0,1,0,0,99,99,99,99,99,99,0,0,0,1,0,0
54,540049,1,1,0,0,0,1,1,77,2640,27,3,2016,1,21,40,0,1,5,1,3,SR-26,,70,39.419,-79.757,0,24,0,0,1,1,0,4,2,1,0,1,0,0,21,53,21,55,22,24,0,0,0,1,0,1
54,540050,2,2,0,0,0,9,9,81,0,28,3,2016,2,1,12,1,2,1,1,1,I-77,,340,37.687,-81.128,0,12,2,0,1,1,0,1,2,10,0,10,0,0,1,28,1,47,2,1,0,0,0,4,1,1
54,540051,1,1,0,0,0,1,1,67,612,28,3,2016,2,16,20,0,1,5,1,3,SR-55,,118,38.333,-80.658,0,43,0,0,1,1,0,5,1,1,0,1,0,0,16,27,16,30,88,88,0,0,0,1,0,2
54,540052,1,1,0,0,0,1,1,59,2662,29,3,2016,3,10,4,1,1,3,1,3,SR-80,,90,37.663,-81.859,0,24,0,0,1,1,0,4,1,1,0,1,0,0,10,7,10,15,88,88,0,0,0,1,0,2
54,540054,1,1,0,0,0,2,2,45,1510,30,3,2016,4,17,48,0,1,5,1,4,CR-16,,100,37.797,-81.715,0,1,0,0,1,1,0,1,1,1,0,1,0,0,99,99,99,99,99,99,0,0,0,1,0,2
54,540058,1,1,0,0,0,1,1,41,1311,5,4,2016,3,14,35,1,1,1,1,1,I-79,,1050,39.106,-80.392,0,1,0,1,5,1,0,4,1,1,0,1,0,0,99,99,99,99,88,88,0,0,0,1,0,0
54,540060,1,1,0,0,0,2,2,7,0,20,4,2016,4,15,40,1,1,1,1,1,I-79,,560,38.613,-80.773,0,31,0,0,1,1,0,4,1,1,0,1,0,0,99,99,99,99,99,99,0,0,0,1,0,0
54,540063,1,1,0,1,1,1,1,39,1205,6,4,2016,4,22,50,0,2,4,1,3,SR-94,,48,38.229,-81.586,0,8,0,0,1,1,0,1,2,1,0,1,0,0,88,88,88,88,88,88,0,0,0,1,0,2
54,540065,1,1,0,0,0,5,5,71,0,29,4,2016,6,18,20,0,1,4,1,2,US-220,,6,38.684,-79.323,0,42,0,0,1,1,0,4,1,10,0,10,0,0,18,22,18,33,19,1,0,0,0,1,0,0
54,540066,1,1,0,1,1,2,2,19,1436,30,4,2016,7,3,20,1,1,3,1,2,US-19,,177,38.088,-81.055,0,8,0,0,1,1,0,1,2,1,0,1,0,0,3,23,3,30,88,88,0,0,0,1,0,0
54,540067,2,2,0,0,0,2,2,37,2420,14,4,2016,5,16,26,0,1,6,1,3,SR-45,,13,39.431,-77.805,0,1,0,0,1,1,0,1,1,1,0,1,0,0,17,26,17,55,88,88,19,0,0,1,0,0
54,540068,2,2,0,0,0,2,2,35,2310,28,4,2016,5,17,35,0,1,5,1,4,CR-21,SHABLIN RUN RD,136,38.72,-81.671,0,12,6,0,2,3,0,1,1,1,0,1,0,0,99,99,99,99,99,99,0,0,0,1,0,2
54,540069,2,2,0,0,0,2,2,33,540,18,4,2016,2,7,31,1,2,3,1,2,US-50,,148,39.286,-80.347,0,12,1,0,1,1,0,1,1,1,0,1,0,0,99,99,99,99,99,99,0,0,0,1,0,2
54,540070,2,1,1,0,0,1,1,95,0,18,4,2016,2,23,16,1,1,3,1,3,SR-2,,65,39.516,-81.06,0,35,0,0,1,1,0,4,2,1,0,1,0,0,99,99,99,99,99,99,0,0,0,1,1,2
54,540071,1,1,0,0,0,3,3,3,1660,1,5,2016,1,6,28,1,2,1,1,1,I-81,,195,39.538,-77.916,0,42,0,0,1,1,0,4,4,2,0,2,0,0,99,99,99,99,99,99,0,0,0,1,0,0
54,540072,1,1,0,0,0,1,1,51,0,8,5,2016,1,14,10,1,1,3,1,3,SR-2,,132,39.767,-80.861,0,24,0,0,1,1,0,4,1,1,0,1,0,0,99,99,99,99,88,88,0,0,0,1,1,2
54,540073,1,1,0,1,1,1,1,69,0,11,5,2016,4,5,6,1,2,1,1,1,I-70,,75,40.045,-80.605,0,8,0,0,1,1,0,1,2,5,0,5,0,0,99,99,99,99,88,88,0,0,0,1,0,0
54,540074,1,1,0,0,0,1,1,19,2450,13,5,2016,6,22,28,0,1,4,1,2,US-60,,10,38.172,-81.304,0,24,0,0,1,1,0,4,3,10,0,10,0,0,23,52,23,59,88,88,0,0,0,1,0,0
54,540075,1,1,0,0,0,3,3,61,1840,19,5,2016,5,15,14,1,2,3,1,2,US-19,,98,39.633,-79.978,0,24,0,0,1,1,0,4,1,1,0,1,0,0,99,99,99,99,99,99,20,0,0,1,0,0
54,540076,1,1,0,0,0,1,1,47,1326,24,5,2016,3,4,20,1,1,3,1,3,SR-83,,33,37.336,-81.857,0,24,0,0,1,1,0,4,2,1,0,1,0,0,99,99,99,99,88,88,0,0,0,1,1,2
54,540077,1,1,0,0,0,1,1,65,0,26,5,2016,5,15,15,1,1,3,1,2,US-522,,14,39.463,-78.312,0,24,0,0,1,1,0,4,1,1,0,1,0,0,88,88,88,88,88,88,0,0,0,1,0,0
54,540079,2,2,0,0,0,2,2,79,1280,10,5,2016,3,18,14,0,1,5,1,2,US-60,,56,38.419,-82.031,0,12,2,0,1,1,0,1,1,1,0,1,0,0,18,17,18,28,18,42,0,0,0,1,0,0
54,540080,1,1,0,1,1,2,2,25,1470,31,5,2016,3,23,7,1,1,1,1,1,I-64,,1625,37.86,-80.525,0,8,0,0,1,1,0,1,2,10,0,10,0,0,99,99,99,99,99,99,0,0,0,1,0,1
54,540081,2,2,0,0,0,2,2,1,1781,4,5,2016,4,15,47,0,1,5,1,3,SR-92,,173,39.18,-79.911,0,12,2,0,1,1,0,1,1,1,0,1,0,0,99,99,99,99,99,99,0,0,0,1,0,2
54,540082,2,2,0,0,0,2,2,61,1840,25,5,2016,4,9,45,0,2,4,1,2,US-119,I-68,102,39.582,-79.953,0,12,6,0,2,3,0,1,1,1,0,1,0,0,10,9,10,22,10,28,0,0,0,1,0,0
54,540083,1,1,0,0,0,1,1,27,2444,29,5,2016,1,20,37,0,1,5,1,3,SR-29,,229,39.367,-78.54,0,34,0,0,1,1,0,4,5,10,2,2,0,0,20,41,20,48,21,22,0,0,0,1,1,2
54,540085,2,2,0,0,0,2,2,67,612,28,5,2016,7,5,5,0,1,5,1,3,SR-55,,120,38.304,-80.651,0,12,6,0,1,1,0,1,2,1,0,1,0,0,99,99,99,99,99,99,0,0,0,1,1,2
54,540086,1,1,0,0,0,1,1,77,1690,1,6,2016,4,0,1,0,1,7,1,4,CR-21,,12,39.575,-79.774,0,1,0,0,1,1,0,4,2,1,0,1,0,0,15,6,17,6,88,88,0,0,0,1,1,2
54,540087,1,1,0,0,0,1,1,5,2647,2,6,2016,5,1,0,0,1,4,1,3,SR-85,,304,38.036,-81.781,0,23,0,0,1,1,0,4,3,1,0,1,0,0,1,7,1,8,88,88,0,0,0,1,0,1
54,540088,1,1,0,0,0,1,1,55,393,4,6,2016,7,10,16,0,1,6,1,4,CR-3,,36,37.493,-81.09,0,35,0,0,1,1,0,4,1,1,0,1,0,0,10,27,10,45,88,88,0,0,0,1,0,2
54,540089,1,1,0,0,0,2,2,39,560,5,6,2016,1,4,57,0,2,6,1,3,SR-4,,79,38.506,-81.249,0,18,0,0,1,1,0,1,2,2,0,2,0,0,5,0,5,30,7,3,0,0,0,1,1,2
54,540090,1,1,0,0,0,1,1,11,1760,7,6,2016,3,6,43,1,2,1,1,1,I-64,,248,38.44,-82.143,0,57,0,0,1,1,0,3,1,1,0,1,0,0,6,43,6,57,88,88,0,0,0,1,0,1
54,540091,1,1,0,0,0,3,3,3,1660,12,6,2016,1,16,0,1,1,1,1,1,I-81,,100,39.434,-77.994,0,1,0,0,1,1,0,4,1,1,0,1,0,0,15,46,15,53,16,12,0,0,0,2,1,0
54,540092,1,1,0,0,0,1,1,11,0,13,6,2016,2,14,27,1,2,1,1,1,I-64,,100,38.392,-82.426,0,57,0,0,1,1,0,3,1,1,0,1,0,0,99,99,99,99,88,88,0,0,0,1,0,1
54,540094,1,1,0,0,0,1,1,95,0,17,6,2016,6,17,45,0,1,5,1,4,CR-11,,51,39.528,-80.821,0,42,0,0,1,1,0,4,1,1,0,1,0,0,88,88,88,88,88,88,0,0,0,1,1,2
54,540095,1,1,0,0,0,2,2,83,285,18,6,2016,7,3,35,1,2,3,1,2,US-33,,81,38.909,-79.703,0,35,0,0,1,1,0,4,2,1,0,1,0,0,3,42,3,51,4,46,0,0,0,1,0,0
54,540097,1,1,0,0,0,2,2,33,1960,26,6,2016,1,11,55,0,2,4,1,3,SR-20,,127,39.27,-80.327,0,11,0,0,1,1,0,1,1,1,0,1,0,0,12,6,12,21,13,10,0,0,0,1,0,2
54,540098,1,1,0,0,0,1,1,39,814,28,6,2016,3,23,26,1,1,1,1,1,I-79,,110,38.482,-81.462,0,1,0,0,1,1,0,1,2,1,0,1,0,0,23,29,23,40,88,88,0,0,0,1,0,0
54,540102,2,2,0,0,0,3,3,17,0,1,6,2016,4,13,9,1,1,3,1,2,US-50,SALEM RD,187,39.298,-80.598,0,12,6,0,2,2,0,1,1,1,0,1,0,0,99,99,99,99,99,99,0,0,0,1,0,2
54,540103,2,2,0,0,0,2,2,11,1458,21,6,2016,3,8,45,1,1,3,1,3,SR-2,FRAZIERS LN,135,38.569,-82.282,0,12,6,0,2,2,0,1,1,10,0,10,0,0,99,99,99,99,88,88,0,0,0,1,0,2
54,540104,1,1,0,1,1,1,1,39,2412,23,6,2016,5,1,40,1,1,3,1,1,I-77,,780,38.175,-81.454,0,8,0,0,1,1,0,2,2,1,0,1,0,0,99,99,99,99,88,88,23,0,0,1,0,0
54,540105,2,2,0,0,0,2,2,39,619,25,6,2016,7,15,0,0,2,4,1,3,SR-62,,72,38.423,-81.801,0,12,2,0,1,1,0,1,1,1,0,1,0,0,15,7,15,12,15,48,0,0,0,1,0,0
54,540107,1,1,0,1,1,1,1,39,480,2,7,2016,7,12,36,0,2,4,1,2,US-60,DOOLEY LN,148,38.375,-81.665,0,8,0,0,2,3,0,1,1,1,0,1,0,0,12,40,12,42,88,88,0,0,0,1,0,0
54,540110,2,2,0,0,0,5,5,39,64,4,7,2016,2,1,31,1,2,3,1,2,US-119,CR-11,77,38.278,-81.775,0,12,6,0,2,2,0,1,2,10,0,10,0,0,99,99,99,99,99,99,0,0,0,1,0,0
54,540111,1,1,0,0,0,2,2,53,0,6,7,2016,4,16,47,1,1,3,1,3,SR-2,,15,38.921,-81.818,0,1,0,0,1,1,0,4,1,1,0,1,0,0,99,99,99,99,99,96,0,0,0,1,0,2
54,540114,1,1,0,0,0,1,1,83,1359,8,7,2016,6,23,50,0,1,3,1,2,US-33,,385,38.992,-79.835,0,1,0,0,1,1,0,3,2,10,0,10,0,0,99,99,99,99,88,88,0,0,0,1,1,0
54,540115,2,2,0,0,0,4,4,27,2522,20,7,2016,4,18,0,0,1,4,1,3,SR-28,,224,39.429,-78.714,0,12,2,0,1,1,0,1,1,1,0,1,0,0,99,99,99,99,99,99,0,0,0,1,0,2
54,540116,1,1,0,0,0,1,1,39,480,23,7,2016,7,15,43,1,2,1,1,1,I-77,,1010,38.355,-81.631,0,25,0,0,1,1,0,3,1,1,0,1,0,0,88,88,88,88,88,88,0,0,0,1,1,0
54,540117,1,1,0,0,0,1,1,77,2350,29,7,2016,6,5,21,0,1,4,1,2,US-50,,141,39.292,-79.635,0,35,0,0,1,1,0,4,2,2,0,2,0,0,99,99,99,99,88,88,0,0,0,1,0,2
54,540118,1,1,0,0,0,1,1,71,950,31,7,2016,1,5,30,0,1,4,1,4,CR-12,,10,38.683,-79.246,0,35,0,0,1,1,0,4,2,1,0,1,0,0,88,88,88,88,88,88,0,0,0,1,1,2
54,540119,2,2,0,0,0,3,3,5,2644,21,7,2016,5,11,50,1,1,3,1,2,US-119,SIX MILE CREEK RD,49,37.995,-81.9,0,12,6,0,2,3,0,1,1,1,0,1,0,0,11,55,12,6,88,88,0,0,0,1,0,0
54,540121,1,1,0,0,0,2,2,1,2682,12,7,2016,3,21,15,0,1,4,1,3,SR-20,,20,39.102,-80.206,0,11,0,0,1,1,0,1,2,1,0,1,0,0,99,99,99,99,99,99,0,0,0,1,0,2
54,540122,2,2,0,0,0,2,2,101,600,19,7,2016,3,9,13,0,1,5,1,3,SR-20,,76,38.41,-80.557,0,12,6,0,8,1,0,1,1,1,0,1,0,0,9,18,9,30,9,43,0,0,0,1,0,2
54,540123,1,1,0,0,0,1,1,49,0,21,7,2016,5,0,45,1,2,1,1,1,I-79,,1390,39.489,-80.09,0,1,0,1,5,1,0,4,2,1,0,1,0,0,99,99,99,99,88,88,0,0,0,1,1,0
54,540124,2,2,0,0,0,4,4,61,1840,29,7,2016,6,20,40,0,2,6,1,2,US-19,LITTLE INDIAN CREEK RD,85,39.605,-80.069,0,12,6,0,2,2,0,1,5,1,0,1,0,0,99,99,99,99,99,99,0,0,0,1,0,0
54,540125,2,2,0,0,0,3,3,85,820,28,7,2016,5,13,37,0,1,5,1,3,SR-16,,223,39.316,-81.082,0,12,6,0,1,1,0,1,1,2,0,2,0,0,99,99,99,99,88,88,0,0,0,2,0,2