STATE,ST_CASE,VE_TOTAL,VE_FORMS,PVH_INVL,PEDS,PERNOTMVIT,PERMVIT,PERSONS,COUNTY,CITY,DAY,MONTH,YEAR,DAY_WEEK,HOUR,MINUTE,NHS,RUR_URB,FUNC_SYS,RD_OWNER,ROUTE,TWAY_ID,TWAY_ID2,MILEPT,LATITUDE,LONGITUD,SP_JUR,HARM_EV,MAN_COLL,RELJCT1,RELJCT2,TYP_INT,WRK_ZONE,REL_ROAD,LGT_COND,WEATHER1,WEATHER2,WEATHER,SCH_BUS,RAIL,NOT_HOUR,NOT_MIN,ARR_HOUR,ARR_MIN,HOSP_HR,HOSP_MN,CF1,CF2,CF3,FATALS,DRUNK_DR,RANK
54,540126,1,1,0,0,0,1,1,55,260,2,8,2016,3,6,13,0,2,5,1,3,SR-123,,97,37.286,-81.216,0,35,0,0,1,1,0,4,1,1,0,1,0,0,99,99,99,99,88,88,0,0,0,1,1,2
54,540127,1,1,0,0,0,2,2,101,693,3,8,2016,4,11,28,0,1,5,1,3,SR-15,,84,38.515,-80.441,0,16,0,0,1,1,0,1,1,1,0,1,0,0,99,99,99,99,99,99,0,0,0,1,0,0
54,540129,1,1,0,0,0,1,1,25,2462,9,8,2016,3,6,0,1,1,3,1,1,I-64,,1510,37.867,-80.707,0,50,0,0,1,1,0,1,4,1,0,1,0,0,99,99,99,99,88,88,0,0,0,1,0,1
54,540131,1,1,0,0,0,1,1,3,1660,10,8,2016,4,20,37,0,2,4,1,2,US-11,,124,39.457,-77.97,0,30,0,0,1,1,0,4,3,1,0,1,0,0,20,41,20,48,21,11,0,0,0,1,1,0
54,540132,1,1,0,0,0,3,3,31,1830,11,8,2016,5,10,56,0,1,4,1,2,US-220,,98,39.014,-79,0,35,0,0,1,1,0,4,1,1,0,1,0,0,10,57,11,7,13,3,19,0,0,1,0,0
54,540133,1,1,0,1,1,2,2,3,1307,13,8,2016,7,22,50,0,1,4,1,2,US-11,,124,39.367,-78.031,0,8,0,0,1,1,0,1,2,1,0,1,0,0,88,88,88,88,88,88,20,0,0,1,0,0
54,540134,1,1,0,0,0,1,1,87,75,13,8,2016,7,6,49,1,1,1,1,1,I-79,,290,38.586,-81.197,0,1,0,0,1,1,0,1,1,10,0,10,0,0,99,99,99,99,88,88,0,0,0,1,0,0
54,540135,1,1,0,0,0,1,1,21,1946,13,8,2016,7,22,0,0,1,4,1,2,US-33,,65,38.851,-80.939,0,11,0,0,1,1,0,1,2,1,0,1,0,0,99,99,99,99,99,99,0,0,0,1,0,0
54,540140,1,1,0,0,0,1,1,99,0,22,8,2016,2,19,15,1,1,3,1,2,US-52,,272,38.128,-82.582,0,43,0,0,1,1,0,4,1,1,0,1,0,0,99,99,99,99,88,88,0,0,0,1,0,0
54,540142,1,1,0,0,0,1,1,11,130,24,8,2016,4,12,2,1,2,1,1,1,I-64,,180,38.417,-82.282,0,35,0,0,1,1,0,4,1,1,0,1,0,0,12,2,12,10,12,35,0,0,0,1,0,1
54,540143,1,1,0,0,0,1,1,49,840,24,8,2016,4,21,42,0,2,4,1,2,US-19,,108,39.494,-80.143,0,1,0,0,1,1,0,1,1,1,0,1,0,0,99,99,99,99,99,99,0,0,0,1,1,0
54,540144,1,1,0,0,0,1,1,81,170,25,8,2016,5,22,8,1,2,1,1,1,I-64,,1230,37.759,-81.213,0,50,0,0,1,1,0,3,2,10,0,10,0,0,88,88,88,88,88,88,0,0,0,1,0,1
54,540145,1,1,0,0,0,1,1,33,0,25,8,2016,5,15,0,0,1,4,1,3,SR-20,,297,39.374,-80.348,0,35,0,0,1,1,0,4,1,1,0,1,0,0,99,99,99,99,88,88,0,0,0,1,0,2
54,540146,1,1,0,0,0,5,5,3,1660,27,8,2016,7,15,40,1,2,1,1,1,I-81,,132,39.471,-77.988,0,42,0,0,1,1,0,4,1,1,0,1,0,0,99,99,99,99,99,99,0,0,0,1,0,0
54,540149,2,2,0,0,0,2,2,39,1205,10,8,2016,4,17,46,0,1,5,1,3,SR-94,,11,38.183,-81.629,0,12,2,0,1,1,0,1,1,1,0,1,0,0,99,99,99,99,99,99,0,0,0,1,1,2
54,540150,2,2,0,0,0,6,6,61,2800,15,8,2016,2,17,35,1,2,3,1,1,I-79,,1550,39.652,-80.009,0,12,7,0,1,1,0,1,1,1,0,1,0,0,99,99,99,99,99,99,0,0,0,1,0,0
54,540153,1,1,0,0,0,1,1,107,185,3,9,2016,7,0,1,0,1,5,1,3,SR-68,,26,39.147,-81.72,0,32,0,0,1,1,0,4,2,1,0,1,0,0,0,3,0,14,88,88,0,0,0,1,1,2
54,540154,1,1,0,0,0,1,1,27,410,11,9,2016,1,3,40,0,1,4,1,2,US-50,,24,39.291,-78.401,0,32,0,0,1,1,0,4,2,1,0,1,0,0,99,99,99,99,88,88,0,0,0,1,1,2
54,540155,1,1,0,0,0,1,1,7,0,14,9,2016,4,9,16,1,1,1,1,1,I-79,,545,38.61,-80.828,0,1,0,0,1,1,0,3,1,1,0,1,0,0,9,16,99,99,99,99,0,0,0,1,0,0
54,540157,1,1,0,0,0,2,2,23,106,16,9,2016,6,10,50,0,1,5,1,4,CR-5,,81,39.078,-79.111,0,42,0,0,1,1,0,4,1,1,0,1,0,0,10,6,11,1,99,96,0,0,0,2,0,2
54,540159,1,1,0,0,0,1,1,79,0,23,9,2016,6,17,2,0,1,5,1,4,CR-19,HURRICANE CREEK RD,59,38.444,-82.02,0,42,0,0,1,1,0,4,1,1,0,1,0,0,99,99,99,99,99,99,0,0,0,1,0,2
54,540161,1,1,0,0,0,2,2,1,1781,24,9,2016,7,16,26,0,1,5,1,3,SR-38,,60,39.176,-79.914,0,34,0,0,1,1,0,4,1,1,0,1,0,0,99,99,99,99,88,88,0,0,0,2,0,2
54,540162,1,1,0,0,0,1,1,99,1350,24,9,2016,7,21,4,0,2,4,1,3,SR-75,,3,38.36,-82.566,0,42,0,0,1,1,0,4,2,1,0,1,0,0,88,88,88,88,88,88,0,0,0,1,1,1
54,540163,1,1,0,1,1,2,2,39,814,24,9,2016,7,22,15,0,2,4,1,2,US-119,GIVENS PARK RD,295,38.438,-81.489,0,9,0,0,2,3,0,1,2,1,0,1,0,0,22,16,22,30,88,88,16,0,0,1,0,0
54,540164,1,1,0,0,0,1,1,83,810,24,9,2016,7,15,6,0,1,5,1,4,CR-21,GEORGETOWN RD,98,38.915,-79.866,0,1,0,0,1,1,0,1,1,1,0,1,0,0,15,14,15,45,15,45,0,0,0,1,0,2
54,540165,1,1,0,0,0,1,1,49,840,26,9,2016,2,5,0,0,2,4,1,2,US-19,,106,39.49,-80.142,0,19,0,0,1,1,0,4,2,1,0,1,0,0,99,99,99,99,88,88,0,0,0,1,1,0
54,540166,1,1,0,0,0,3,3,25,1470,30,9,2016,6,9,38,1,1,1,1,1,I-64,,1655,37.859,-80.518,0,35,0,0,1,1,0,4,1,2,0,2,0,0,99,99,99,99,99,99,0,0,0,1,0,1
54,540167,4,4,0,0,0,2,2,61,1840,9,8,2016,3,4,0,1,2,1,1,1,I-79,,1500,39.614,-79.991,0,12,1,0,1,1,0,1,2,1,0,1,0,0,4,5,4,12,88,88,0,0,0,1,0,0
54,540168,6,6,0,0,0,10,10,79,2402,16,8,2016,3,15,5,1,2,3,1,1,I-64,,415,38.456,-81.886,0,12,2,0,1,1,0,1,1,1,0,1,0,0,15,12,15,37,15,39,0,0,0,1,0,1
54,540169,2,2,0,0,0,2,2,41,2322,19,8,2016,6,21,50,1,1,2,1,1,I-79,,865,38.939,-80.542,0,51,0,0,1,1,0,1,2,2,0,2,0,0,99,99,99,99,88,88,0,0,0,1,0,0
54,540170,2,2,0,0,0,3,3,109,571,20,8,2016,7,16,35,0,1,4,1,3,SR-97,CR-6/2,21,37.59,-81.77,0,12,6,0,2,3,0,1,1,1,0,1,0,0,16,52,17,20,18,0,0,0,0,1,0,2
54,540171,2,2,0,0,0,2,2,5,650,26,8,2016,6,6,31,1,1,3,1,2,US-119,,130,38.071,-81.844,0,12,1,0,1,1,0,1,4,5,0,5,0,0,99,99,99,99,99,99,0,0,0,1,0,0
54,540172,1,1,0,0,0,1,1,53,1465,3,7,2016,1,0,18,0,1,7,1,4,CR-6,,0,38.963,-81.981,0,42,0,0,1,1,0,4,2,1,0,1,0,0,99,99,99,99,99,99,0,0,0,1,0,2
54,540173,1,1,0,1,1,1,1,33,0,4,7,2016,2,3,40,1,2,3,1,2,US-50,,85,39.297,-80.205,0,8,0,0,1,1,0,1,2,10,0,10,0,0,99,99,99,99,88,88,0,0,0,1,1,2
54,540175,2,2,0,0,0,8,8,33,320,9,9,2016,6,18,15,1,2,1,1,1,I-79,,1230,39.32,-80.245,0,12,2,0,1,1,0,1,1,1,0,1,0,0,99,99,99,99,99,99,0,0,0,3,0,0
54,540176,2,2,0,0,0,3,3,65,0,16,9,2016,6,16,35,1,1,3,1,3,SR-9,FAIRFAX ST,276,39.624,-78.206,0,12,6,0,2,2,0,1,1,1,0,1,0,0,16,41,16,46,18,56,0,0,0,1,1,2
54,540177,2,2,0,0,0,2,2,33,2390,17,9,2016,7,10,59,1,1,3,1,2,US-50,,41,39.288,-80.525,0,12,6,0,1,1,0,1,1,2,0,2,0,0,11,7,11,14,88,88,0,0,0,1,0,2
54,540178,2,2,0,0,0,2,2,21,0,19,9,2016,2,14,35,0,1,5,1,3,SR-5,,128,38.935,-80.836,0,12,6,0,1,1,0,1,1,1,0,1,0,0,99,99,99,99,99,99,0,0,0,1,0,1
54,540179,2,2,0,0,0,2,2,11,130,23,9,2016,6,17,52,1,2,1,1,1,I-64,,145,38.417,-82.345,0,12,1,0,1,1,0,1,1,1,0,1,0,0,17,56,18,17,18,27,0,0,0,1,0,1
54,540180,2,2,0,0,0,2,2,99,1270,24,9,2016,7,18,6,0,2,4,1,3,SR-75,,61,38.327,-82.486,0,12,2,0,1,1,0,1,1,1,0,1,0,0,99,99,99,99,88,88,0,0,0,1,1,1
54,540181,2,2,0,0,0,3,3,107,2040,26,9,2016,2,19,49,1,2,3,1,3,SR-95,RAYON DR,55,39.237,-81.527,0,12,6,0,2,2,0,1,3,10,0,10,0,0,99,99,99,99,99,99,0,0,0,1,0,1
54,540182,2,2,0,0,0,2,2,3,1307,27,9,2016,3,6,3,1,2,1,1,1,I-81,,80,39.411,-78.02,0,12,6,0,1,1,0,1,2,1,0,1,0,0,99,99,99,99,99,99,0,0,0,1,0,0
54,540183,4,2,2,0,0,2,2,53,2150,28,9,2016,4,14,17,1,1,3,1,3,SR-2,JERICHO RD,256,38.848,-82.077,0,12,6,0,2,4,0,1,1,1,0,1,0,0,99,99,99,99,99,99,0,0,0,1,0,2
54,540184,2,2,0,0,0,3,3,45,245,28,9,2016,4,7,0,0,1,4,1,3,SR-10,LIMESTONE BRANCH RD,6,38.008,-82.046,0,12,6,0,2,3,0,1,1,1,0,1,0,0,99,99,99,99,99,99,0,0,0,1,0,2
54,540185,4,4,0,0,0,4,4,69,0,29,9,2016,5,21,37,1,2,1,1,1,I-70,,90,40.061,-80.593,0,12,6,0,1,1,0,1,2,2,0,2,0,0,99,99,99,99,99,99,0,0,0,1,0,0
54,540186,1,1,0,0,0,1,1,77,2350,18,9,2016,1,11,21,0,1,4,1,2,US-50,,184,39.291,-79.633,0,1,0,0,1,1,0,1,1,1,0,1,0,0,99,99,99,99,88,88,0,0,0,1,0,2
54,540187,1,1,0,0,0,1,1,21,1050,2,10,2016,1,9,30,0,1,4,1,2,US-33,,160,38.921,-80.867,0,42,0,0,1,1,0,4,1,1,0,1,0,0,99,99,99,99,88,88,0,0,0,1,1,0
54,540188,1,1,0,0,0,1,1,65,0,4,10,2016,3,5,5,1,1,3,1,3,SR-9,,256,39.63,-78.226,0,30,0,0,1,1,0,4,3,1,0,1,0,0,99,99,99,99,99,99,0,0,0,1,0,2
54,540189,1,1,0,0,0,2,2,43,1742,7,10,2016,6,14,0,0,1,4,1,3,SR-10,,190,38.328,-82.227,0,30,0,0,1,1,0,4,1,1,0,1,0,0,14,7,15,20,16,15,0,0,0,1,0,2
54,540191,1,1,0,0,0,2,2,61,1840,14,10,2016,6,21,22,1,2,3,1,1,I-81,,10,39.583,-79.958,0,1,0,1,5,1,0,4,3,1,0,1,0,0,21,25,21,37,22,30,0,0,0,1,0,0
54,540192,1,1,0,0,0,1,1,25,1470,26,10,2016,4,13,25,1,2,1,1,1,I-64,,1715,37.807,-80.407,0,1,0,0,1,1,0,3,1,1,0,1,0,0,99,99,99,99,88,88,0,0,0,1,0,1
54,540193,1,1,0,0,0,2,2,25,2840,30,10,2016,1,15,55,1,1,1,1,1,I-64,,1740,37.773,-80.376,0,23,0,0,1,1,0,3,1,1,0,1,0,0,99,99,99,99,99,99,0,0,0,1,1,1
54,540196,1,1,0,1,1,1,1,39,480,21,10,2016,6,22,37,0,2,4,1,2,US-60,LEE ST,168,38.356,-81.639,0,8,0,0,2,2,0,1,2,10,0,10,0,0,99,99,99,99,99,99,0,0,0,1,0,0
54,540198,1,1,0,0,0,1,1,1,1781,26,10,2016,4,0,40,0,1,5,1,3,SR-38,,60,39.176,-79.926,0,1,0,0,1,1,0,1,2,1,0,1,0,0,0,40,0,45,88,88,0,0,0,1,1,2
54,540199,1,1,0,1,1,3,3,19,1970,27,10,2016,5,22,0,1,2,3,1,2,US-19,,90,37.998,-81.143,0,8,0,0,5,1,0,1,2,10,0,10,0,0,99,99,99,99,88,88,0,0,0,1,0,0
54,540201,2,2,0,0,0,4,4,39,1205,7,10,2016,6,15,54,0,2,4,1,3,SR-94,,48,38.211,-81.606,0,12,2,0,1,1,0,1,1,1,0,1,0,0,16,2,16,20,16,39,0,0,0,2,1,2
54,540202,2,2,0,0,0,4,4,107,665,12,10,2016,4,9,20,0,2,6,1,3,SR-47,,75,39.212,-81.495,0,12,2,0,1,1,0,1,1,1,0,1,0,0,9,30,9,32,10,8,0,0,0,1,0,2
54,540203,1,1,0,0,0,1,1,77,2590,28,5,2016,7,16,40,0,1,4,1,3,SR-7,,238,39.442,-79.535,0,1,0,0,8,1,0,1,1,1,0,1,0,0,99,99,99,99,88,88,0,0,0,1,1,2
54,540204,1,1,0,0,0,1,1,85,0,3,10,2016,2,16,15,0,1,5,1,4,CR-17,,73,39.206,-81.158,0,1,0,0,1,1,0,4,7,1,0,1,0,0,99,99,99,99,88,88,0,0,0,1,1,2
54,540205,2,2,0,0,0,2,2,55,260,4,10,2016,3,8,50,0,2,6,1,3,SR-123,,51,37.286,-81.216,0,12,2,0,1,1,0,1,1,1,0,1,0,0,8,55,8,59,88,88,0,0,0,1,0,2
54,540206,2,2,0,0,0,3,3,41,1242,12,10,2016,4,15,30,1,2,3,1,2,US-33,GEORGETOWN RD,228,39,-80.383,0,12,6,0,7,1,0,1,1,1,0,1,0,0,99,99,99,99,99,99,0,0,0,1,0,0
54,540207,2,2,0,0,0,3,3,49,2843,13,10,2016,5,14,25,0,2,4,1,2,US-250,CR-73,29,39.429,-80.188,0,12,6,0,2,2,0,1,1,2,0,2,0,0,99,99,99,99,99,99,0,0,0,2,1,0
54,540208,4,4,0,0,0,4,4,37,1345,16,10,2016,1,2,33,0,1,5,1,3,SR-51,,4,39.317,-77.984,0,12,2,0,1,1,0,1,2,1,0,1,0,0,99,99,99,99,99,99,14,0,0,2,1,2
54,540209,2,2,0,0,0,4,4,35,2394,16,10,2016,1,16,19,0,1,5,1,4,CR-21,CR-58,274,38.896,-81.669,0,12,6,0,2,4,0,1,1,1,0,1,0,0,99,99,99,99,99,99,0,0,0,1,0,2
54,540210,2,2,0,0,0,2,2,37,2418,26,10,2016,4,7,38,0,2,6,1,4,CR-17,CR-22,41,39.338,-77.833,0,12,6,0,2,3,0,1,1,1,0,1,0,0,7,40,7,46,8,22,0,0,0,1,0,2
54,540212,12,12,0,0,0,12,12,3,1660,16,6,2016,5,16,50,1,2,1,1,1,I-81,,175,39.508,-77.939,0,12,6,0,1,1,0,1,1,2,0,2,0,0,16,55,17,5,17,35,19,0,0,1,0,0
54,540213,1,1,0,0,0,1,1,81,1550,2,11,2016,4,12,16,1,2,1,1,1,I-77,,420,37.763,-81.214,0,24,0,1,5,1,0,4,1,1,0,1,0,0,99,99,99,99,88,88,0,0,0,1,0,0
54,540214,1,1,0,0,0,3,3,3,1660,13,11,2016,1,18,33,1,1,3,1,1,I-81,,175,39.507,-77.939,0,7,0,0,1,1,0,1,2,1,0,1,0,0,99,99,99,99,99,99,0,0,0,1,0,0
54,540215,1,1,0,1,1,1,1,107,2715,15,11,2016,3,17,55,0,2,4,1,3,SR-68,,122,39.246,-81.622,0,8,0,0,1,1,0,1,2,10,0,10,0,0,17,57,18,4,18,28,0,0,0,1,0,2
54,540216,1,1,0,0,0,1,1,47,640,15,11,2016,3,23,40,0,1,4,1,3,SR-16,,76,37.278,-81.628,0,1,0,0,1,1,0,4,2,1,0,1,0,0,23,50,23,58,0,35,0,0,0,1,0,2
54,540221,2,2,0,0,0,3,3,27,2330,2,11,2016,4,13,47,0,1,4,1,2,US-50,,85,39.333,-78.743,0,12,6,0,1,1,0,1,1,1,0,1,0,0,99,99,99,99,88,88,0,0,0,1,0,2
54,540223,2,2,0,0,0,2,2,49,0,4,11,2016,6,23,11,0,2,4,1,2,US-250,,84,39.488,-80.149,0,12,2,0,1,1,0,1,2,1,0,1,0,0,23,11,23,14,23,41,0,0,0,1,1,0
54,540224,2,2,0,0,0,4,4,87,2510,18,11,2016,6,15,3,0,1,4,1,2,US-33,,123,38.798,-81.345,0,12,2,0,1,1,0,1,1,1,0,1,0,0,99,99,99,99,99,99,0,0,0,1,0,0
54,540225,2,2,0,0,0,2,2,37,2230,19,11,2016,7,14,13,1,2,3,1,3,SR-9,,44,39.361,-77.865,0,12,2,0,1,1,0,1,1,10,0,10,0,0,88,88,88,88,88,88,0,0,0,1,0,2
54,540227,2,2,0,0,0,2,2,25,1470,27,11,2016,1,12,42,0,2,4,1,2,US-60,,320,37.794,-80.427,0,12,2,0,1,1,0,1,1,1,0,1,0,0,99,99,99,99,99,99,0,0,0,1,0,0
54,540228,2,2,0,0,0,4,4,11,0,2,12,2016,6,13,18,1,2,3,1,3,SR-2,,90,38.585,-82.254,0,12,2,0,1,1,0,1,1,1,0,1,0,0,13,21,13,39,99,99,0,0,0,1,0,2
54,540229,1,1,0,1,1,1,1,81,170,4,12,2016,1,19,0,0,2,4,1,3,SR-16,,175,37.789,-81.185,0,15,0,0,1,1,0,1,3,2,0,2,0,0,19,5,19,9,19,36,20,0,0,1,0,2
54,540230,1,1,0,1,1,1,1,81,170,4,12,2016,1,22,0,0,2,6,1,3,SR-16,,165,37.766,-81.203,0,8,0,0,1,1,0,1,2,2,0,2,0,0,99,99,99,99,88,88,0,0,0,1,0,2
54,540231,1,1,0,0,0,1,1,99,940,4,12,2016,1,4,55,1,1,3,1,2,US-52,,291,38.082,-82.547,0,24,0,0,1,1,0,4,2,1,0,1,0,0,99,98,99,98,88,88,0,0,0,1,1,0
54,540232,1,1,0,0,0,1,1,55,2180,7,12,2016,4,1,35,0,2,4,1,2,US-19,,128,37.365,-81.103,0,39,0,0,1,1,0,4,3,1,0,1,0,0,1,40,1,45,88,88,0,0,0,1,1,0
54,540234,1,1,0,0,0,1,1,27,2414,10,12,2016,7,11,2,0,1,4,1,2,US-50,,134,39.315,-78.689,0,35,0,0,1,1,0,4,1,1,0,1,0,0,11,2,11,7,11,34,0,0,0,1,0,2
54,540236,1,1,0,0,0,1,1,69,0,12,12,2016,2,18,46,0,1,5,1,2,US-40,,131,40.102,-80.527,0,35,0,0,1,1,0,4,2,1,0,1,0,0,18,47,18,57,19,35,0,0,0,1,1,0
54,540237,2,1,1,1,1,1,1,97,340,5,12,2016,2,9,20,1,1,3,1,2,US-33,,105,38.996,-80.246,0,14,0,0,1,1,0,4,1,1,0,1,0,0,9,26,9,34,9,50,23,0,0,1,0,0
54,540238,2,2,0,0,0,2,2,41,1311,5,12,2016,2,18,50,0,1,5,1,2,US-19,,316,39.105,-80.408,0,12,2,0,1,1,0,1,2,1,0,1,0,0,99,99,99,99,99,99,0,0,0,1,1,0
54,540240,1,1,0,0,0,2,2,55,1980,14,12,2016,4,18,29,1,1,3,1,2,US-460,,225,37.339,-80.971,0,1,0,0,1,1,0,3,2,1,0,1,0,0,18,29,18,42,20,6,0,0,0,1,0,0
54,540241,2,2,0,0,0,4,4,67,2570,15,12,2016,5,12,16,0,1,5,1,3,SR-41,,202,38.281,-80.851,0,12,2,0,1,1,0,1,1,1,0,1,0,0,12,26,12,34,99,99,0,0,0,1,0,1
54,540242,1,1,0,1,1,1,1,55,260,17,12,2016,7,17,34,1,2,3,1,2,US-52,,148,37.266,-81.242,0,8,0,0,1,1,0,1,2,2,0,2,0,0,99,99,99,99,99,99,0,0,0,1,0,0
54,540243,2,1,1,1,1,7,7,107,2040,17,12,2016,7,1,35,1,1,1,1,1,I-77,,1780,39.3,-81.491,0,1,0,0,1,1,0,4,2,3,0,3,0,0,1,37,1,48,2,35,19,0,0,1,1,0
54,540244,1,1,0,0,0,1,1,81,2470,21,12,2016,4,13,20,0,2,4,1,3,SR-16,,111,37.708,-81.257,0,42,0,0,1,1,0,5,1,1,0,1,0,0,99,99,99,99,88,88,0,0,0,1,0,2
54,540246,1,1,0,1,1,3,3,41,2790,22,12,2016,5,19,45,1,1,1,1,1,I-79,,990,39.018,-80.441,0,8,0,0,1,1,0,1,2,1,0,1,0,0,19,46,99,99,88,88,0,0,0,1,0,0
54,540249,1,1,0,0,0,1,1,71,950,26,12,2016,2,0,0,0,1,6,1,2,US-33,,328,38.652,-79.324,0,38,0,0,1,1,0,4,2,10,0,10,0,0,99,99,99,99,88,88,0,0,0,1,0,0
54,540250,1,1,0,0,0,3,3,15,241,27,12,2016,3,15,29,0,1,5,1,4,CR-16,,122,38.397,-81.115,0,1,0,0,1,1,0,1,1,1,0,1,0,0,99,99,99,99,99,99,0,0,0,2,0,2
54,540251,1,1,0,0,0,1,1,67,199,28,12,2016,4,9,23,0,1,5,1,3,SR-16,,13,38.281,-81.192,0,38,0,0,1,1,0,4,1,1,0,1,0,0,99,99,99,99,88,88,0,0,0,1,0,2
54,540252,2,2,0,0,0,3,3,43,2760,31,12,2016,7,18,12,0,1,6,1,3,SR-10,,285,38.264,-82.205,0,12,2,0,1,1,0,1,2,2,0,2,0,0,18,25,18,36,18,55,0,0,0,1,0,2
54,540253,2,2,0,0,0,2,2,81,170,15,12,2016,5,16,34,0,2,4,1,2,US-19,INDUSTRIAL DR,186,37.811,-81.186,0,12,6,0,2,2,0,1,1,1,0,1,0,0,99,99,99,99,99,99,0,0,0,1,0,0
55,550001,1,1,0,0,0,1,1,25,0,2,1,2016,7,99,99,0,1,4,1,3,SR-113,,99998,43.253,-89.52,0,26,0,0,1,1,0,3,2,1,0,1,0,0,6,27,6,40,7,31,0,0,0,1,1,1
55,550002,1,1,0,0,0,1,1,95,0,3,1,2016,1,99,99,0,1,4,1,3,SR-48,,99998,45.569,-92.17,0,34,0,0,1,1,0,4,9,10,0,10,0,0,8,42,9,5,88,88,0,0,0,1,1,1
55,550004,2,2,0,0,0,5,5,25,0,7,1,2016,5,9,42,1,1,3,1,2,US-14,,99998,43.095,-89.612,0,12,2,0,1,1,0,1,1,10,0,10,0,0,99,99,99,99,99,99,0,0,0,1,0,0
55,550006,2,2,0,0,0,2,2,53,0,9,1,2016,7,13,35,1,1,1,1,1,I-94,,99998,44.481,-91.114,0,12,1,0,1,1,0,1,1,4,0,4,0,0,13,39,13,53,88,88,99,99,99,1,1,0
55,550007,1,1,0,0,0,1,1,33,0,12,1,2016,3,3,50,1,1,1,1,1,I-94,,99998,44.857,-91.659,0,24,0,0,1,1,0,3,2,10,0,10,0,0,99,99,99,99,88,88,0,0,0,1,0,0
55,550008,2,2,0,0,0,3,3,45,0,4,1,2016,2,6,30,1,1,3,1,3,SR-11,,99998,42.588,-89.431,0,12,8,0,1,1,0,1,2,1,0,1,0,0,6,31,6,46,99,99,0,0,0,1,0,2
55,550011,2,2,0,0,0,2,2,65,0,14,1,2016,5,17,20,0,1,4,1,3,SR-81,,9,100,1000,0,12,1,0,1,1,0,1,5,10,0,10,0,0,17,23,17,40,18,26,0,0,0,1,0,2
55,550016,2,2,0,0,0,5,5,127,0,23,1,2016,7,19,50,0,1,4,1,3,SR-120,,99998,42.683,-88.405,0,12,2,0,1,1,0,1,3,10,0,10,0,0,99,99,99,99,99,99,0,0,0,3,1,1
55,550017,3,3,0,0,0,4,4,35,0,17,1,2016,1,18,2,0,1,4,1,2,US-12,,99998,44.785,-91.354,0,12,6,0,1,1,0,1,2,1,0,1,0,0,99,99,99,99,99,99,0,0,0,1,1,0
55,550028,1,1,0,0,0,1,1,127,0,4,2,2016,5,21,5,0,1,4,1,3,SR-59,,99998,42.806,-88.766,0,30,0,0,1,1,0,4,2,10,0,10,0,0,99,99,99,99,88,88,0,0,0,1,1,2
55,550031,2,2,0,1,1,5,5,133,5060,4,2,2016,5,17,54,1,2,3,1,3,SR-59,SR-164 / SUNSET DR E,99998,42.987,-88.207,0,8,0,0,3,2,0,1,2,10,0,10,0,0,17,54,99,99,99,99,0,0,0,1,0,2
55,550032,2,2,0,0,0,2,2,111,310,10,2,2016,4,12,38,0,1,3,1,3,SR-33,,99998,43.475,-89.713,0,12,6,0,1,1,0,1,1,1,0,1,0,0,99,99,99,99,88,88,0,0,0,1,0,1
55,550033,2,2,0,0,0,4,4,79,715,5,2,2016,6,20,30,0,2,3,1,3,SR-57,,99998,43.176,-87.962,0,12,2,1,18,1,0,1,2,10,0,10,0,0,99,99,99,99,99,99,0,0,0,1,1,2
55,550035,2,2,0,0,0,3,3,19,0,4,2,2016,5,8,35,1,1,3,1,3,SR-29,CR-P,99998,44.944,-90.496,0,12,6,0,2,2,0,1,1,1,0,1,0,0,8,40,8,49,10,12,0,0,0,1,0,2
55,550037,1,1,0,0,0,1,1,105,0,13,2,2016,7,8,16,0,1,5,3,5,RIVER RD,,0,42.621,-89.065,0,34,0,0,1,1,0,4,1,1,0,1,0,0,8,24,8,31,88,88,0,0,0,1,1,0
55,550039,1,1,0,0,0,5,5,25,0,14,2,2016,1,13,55,1,1,3,1,2,US-18,,99998,43.006,-89.771,0,1,0,0,1,1,0,4,1,4,0,4,0,0,13,59,14,8,14,45,0,0,0,1,0,1
55,550041,2,2,0,0,0,3,3,79,715,13,2,2016,7,23,59,1,2,3,1,3,SR-100,60TH ST N,0,43.178,-87.985,0,12,6,0,2,2,0,1,2,1,0,1,0,0,23,59,99,99,99,99,0,0,0,1,1,1
55,550042,2,1,1,1,1,1,1,131,5170,15,2,2016,2,12,37,1,2,2,1,2,US-45,CHESTNUT ST,99998,43.421,-88.207,0,8,0,0,1,1,0,2,1,10,0,10,0,0,12,40,12,44,88,88,23,0,0,1,0,0
55,550044,2,2,0,0,0,2,2,105,0,18,2,2016,5,6,22,1,1,3,1,2,US-14,,99998,42.658,-88.89,0,12,2,0,1,1,0,1,4,10,0,10,0,0,6,22,6,39,99,99,0,0,0,1,0,0
55,550054,2,2,0,0,0,2,2,79,3100,26,2,2016,6,1,1,0,2,3,1,3,SR-145,I-43 RAMP,99998,43.05,-87.926,0,12,6,1,2,2,0,1,3,10,0,10,0,0,99,99,99,99,99,99,0,0,0,1,0,1
55,550055,1,1,0,0,0,1,1,95,0,27,2,2016,7,3,4,0,1,4,1,3,SR-46,,99998,45.261,-92.37,0,42,0,0,1,1,0,5,2,1,0,1,0,0,3,6,3,15,88,88,0,0,0,1,1,1