STATE,ST_CASE,VE_TOTAL,VE_FORMS,PVH_INVL,PEDS,PERNOTMVIT,PERMVIT,PERSONS,COUNTY,CITY,DAY,MONTH,YEAR,DAY_WEEK,HOUR,MINUTE,NHS,RUR_URB,FUNC_SYS,RD_OWNER,ROUTE,TWAY_ID,TWAY_ID2,MILEPT,LATITUDE,LONGITUD,SP_JUR,HARM_EV,MAN_COLL,RELJCT1,RELJCT2,TYP_INT,WRK_ZONE,REL_ROAD,LGT_COND,WEATHER1,WEATHER2,WEATHER,SCH_BUS,RAIL,NOT_HOUR,NOT_MIN,ARR_HOUR,ARR_MIN,HOSP_HR,HOSP_MN,CF1,CF2,CF3,FATALS,DRUNK_DR,RANK
55,550061,1,1,0,0,0,2,2,81,0,5,2,2016,6,8,25,1,1,1,1,1,I-94,,99998,44.003,-90.479,0,50,0,0,1,1,0,1,1,1,0,1,0,0,99,99,99,99,99,99,0,0,0,1,0,0
55,550063,1,1,0,0,0,1,1,109,4140,29,2,2016,2,99,99,1,2,3,1,3,SR-35,,99998,44.871,-92.61,0,34,0,0,1,1,0,4,9,99,0,99,0,0,10,55,11,2,88,88,0,0,0,1,0,1
55,550065,1,1,0,0,0,1,1,25,3220,20,2,2016,7,13,25,0,2,4,1,3,SR-78,,99998,42.993,-89.743,0,51,0,0,1,1,0,4,1,1,0,1,0,0,99,99,99,99,99,99,0,0,0,1,0,1
55,550071,2,2,0,0,0,4,4,105,0,5,3,2016,7,2,15,0,1,4,1,2,US-51,,99998,42.803,-89.066,0,12,6,0,1,1,0,1,2,4,0,4,0,0,2,15,2,30,99,99,0,0,0,1,1,0
55,550072,3,3,0,0,0,4,4,131,0,6,3,2016,1,15,16,1,1,3,1,3,SR-33,,99998,43.427,-88.316,0,12,2,0,1,1,0,1,1,1,0,1,0,0,15,16,15,27,16,7,0,0,0,1,1,1
55,550077,1,1,0,0,0,1,1,67,0,12,3,2016,7,7,20,1,1,3,1,2,US-45,,99998,45.034,-89.173,0,34,0,0,1,1,0,4,1,1,0,1,0,0,99,99,99,99,88,88,0,0,0,1,0,0
55,550078,1,1,0,0,0,1,1,93,0,12,3,2016,7,2,45,0,1,3,1,2,US-63,825TH ST,99998,44.586,-92.545,0,1,0,0,3,3,0,5,2,99,0,99,0,0,88,88,88,88,88,88,0,0,0,1,1,0
55,550082,1,1,0,0,0,1,1,33,0,18,3,2016,6,15,10,0,1,5,1,3,SR-79,280TH ST,99998,45.078,-92.036,0,42,0,0,3,3,0,5,1,1,0,1,0,0,15,18,15,24,88,88,0,0,0,1,1,1
55,550086,2,2,0,0,0,2,2,21,0,15,3,2016,3,3,33,0,1,4,1,3,SR-16,CR-A,99998,43.401,-89.145,0,12,6,0,2,2,0,1,2,5,0,5,0,0,3,34,3,49,99,99,0,0,0,1,0,2
55,550087,2,2,0,0,0,3,3,131,0,24,3,2016,5,11,10,1,1,3,1,2,US-41,,99998,43.375,-88.302,0,12,6,0,1,1,0,1,1,3,12,3,0,0,11,16,11,24,99,99,0,0,0,2,0,0
55,550089,2,2,0,0,0,2,2,25,2780,24,3,2016,5,18,22,1,2,2,1,3,SR-30,,99998,43.107,-89.316,0,12,2,1,18,1,0,1,1,10,0,10,0,0,18,24,18,28,18,48,0,0,0,1,1,1
55,550091,2,2,0,0,0,5,5,23,0,17,3,2016,5,18,24,1,1,3,1,2,US-18,,99998,43.015,-91.103,0,12,6,0,1,1,0,1,1,1,0,1,0,0,18,27,18,35,99,99,0,0,0,1,1,1
55,550097,2,2,0,0,0,3,3,1,0,31,3,2016,5,17,0,1,1,3,1,3,SR-21,,99998,44.048,-90.003,0,12,2,0,1,1,0,1,1,10,0,10,0,0,17,2,17,18,17,58,0,0,0,1,0,2
55,550098,1,1,0,0,0,2,2,25,0,18,3,2016,6,8,23,1,1,3,1,2,US-12,,99998,43.192,-89.572,0,34,0,0,1,1,0,4,1,10,0,10,0,0,8,26,8,35,99,99,26,0,0,1,0,0
55,550099,1,1,0,1,1,1,1,81,4830,28,3,2016,2,4,15,1,2,3,1,3,SR-21,VANDERVORT ST,99998,44.02,-90.494,0,8,0,0,2,2,0,1,2,10,0,10,0,0,4,18,99,99,88,88,0,0,0,1,0,2
55,550103,2,2,0,0,0,2,2,21,0,1,4,2016,6,9,30,0,1,4,1,3,SR-60,,99998,43.301,-89.597,0,12,6,0,1,1,0,1,1,1,0,1,0,0,9,33,9,41,99,99,0,0,0,1,0,2
55,550110,1,1,0,0,0,1,1,23,0,1,4,2016,6,16,14,0,1,3,1,3,SR-27,,99998,43.055,-91.116,0,52,0,0,1,1,0,4,1,1,0,1,0,0,16,16,16,21,99,99,0,0,0,1,0,2
55,550112,1,1,0,0,0,1,1,19,0,9,4,2016,7,22,52,1,1,3,1,3,SR-29,,99998,44.949,-90.695,0,49,0,0,1,1,0,1,2,1,0,1,0,0,23,1,23,19,88,88,0,0,0,1,0,2
55,550114,2,2,0,0,0,2,2,39,0,7,4,2016,5,7,25,1,1,3,1,3,SR-23,,99998,43.784,-88.369,0,12,6,0,1,1,0,1,1,4,0,4,0,0,7,26,7,32,99,99,0,0,0,1,0,0
55,550115,3,3,0,0,0,4,4,139,0,13,4,2016,4,15,50,0,1,4,1,3,SR-76,KELLETT RD,99998,44.137,-88.544,0,12,1,0,2,3,0,1,1,1,0,1,0,0,15,51,15,59,16,30,0,0,0,1,0,2
55,550116,2,2,0,0,0,2,2,43,0,14,4,2016,5,8,19,1,1,3,1,2,US-18,,99998,42.974,-90.603,0,12,8,0,1,1,0,1,1,1,0,1,0,0,8,22,8,36,9,1,0,0,0,1,0,1
55,550122,5,5,0,0,0,8,8,73,0,2,4,2016,7,11,43,1,1,2,1,3,SR-29,,99998,44.944,-89.802,0,12,7,0,1,1,0,1,1,4,11,4,0,0,11,46,11,58,12,15,19,23,0,1,0,2
55,550127,1,1,0,0,0,3,3,139,0,18,4,2016,2,2,30,1,1,3,1,2,US-45,,99998,44.152,-88.664,0,34,0,0,1,1,0,4,2,10,0,10,0,0,2,59,3,10,99,99,0,0,0,1,0,0
55,550128,2,2,0,0,0,2,2,101,795,18,4,2016,2,13,47,1,2,3,1,3,SR-32,SIX MILE RD,99998,42.813,-87.834,0,12,6,0,2,2,0,1,1,1,0,1,0,0,99,99,99,99,99,99,0,0,0,1,0,2
55,550130,1,1,0,0,0,1,1,25,2780,22,4,2016,6,19,59,0,2,3,1,2,US-51,US-151,99998,43.117,-89.325,0,33,0,0,3,2,0,4,3,1,0,1,0,0,19,59,20,2,99,99,0,0,0,1,1,0
55,550132,2,2,0,0,0,6,6,17,0,23,4,2016,7,21,46,0,1,4,1,3,SR-40,,99998,45.12,-91.469,0,12,6,0,1,1,0,1,2,10,0,10,0,0,99,99,99,99,99,99,0,0,0,1,0,0
55,550133,1,1,0,0,0,5,5,111,0,19,4,2016,3,6,52,0,1,4,1,3,SR-33,,99998,43.481,-89.642,0,30,0,0,1,1,0,4,1,10,0,10,0,0,6,45,6,57,7,38,0,0,0,1,0,1
55,550134,1,1,0,0,0,2,2,21,0,28,4,2016,5,7,19,0,1,4,1,2,US-51,,99998,43.318,-89.325,0,34,0,0,1,1,0,4,1,2,0,2,0,0,7,19,7,31,99,99,0,0,0,1,0,0
55,550140,1,1,0,0,0,2,2,93,0,15,4,2016,6,20,43,0,1,4,1,3,SR-35,,99998,44.605,-92.542,0,34,0,0,1,1,0,4,2,1,0,1,0,0,20,46,20,53,99,99,0,0,0,1,1,1
55,550143,3,3,0,0,0,5,5,105,0,31,1,2016,1,12,35,0,1,3,1,2,US-51,,99998,42.538,-89.036,0,12,1,0,8,1,0,1,1,2,0,2,0,0,99,99,99,99,99,99,0,0,0,1,0,0
55,550146,2,2,0,0,0,4,4,133,0,2,5,2016,2,15,27,0,1,2,1,3,SR-16,,99998,43.106,-88.362,0,34,0,0,1,1,0,4,1,1,0,1,0,0,15,27,15,33,99,99,0,0,0,1,0,2
55,550147,1,1,0,0,0,2,2,87,0,4,5,2016,4,16,56,0,1,3,1,3,SR-15,,99998,44.326,-88.59,0,34,0,0,1,1,0,4,1,10,0,10,0,0,99,99,99,99,99,99,19,0,0,1,0,0
55,550148,2,2,0,0,0,2,2,59,0,5,5,2016,5,17,1,0,1,3,1,2,US-45,CR-KR,99998,42.67,-88.052,0,12,6,0,2,2,0,1,1,1,0,1,0,0,18,24,99,99,99,99,0,0,0,1,1,0
55,550150,2,2,0,0,0,4,4,43,0,8,5,2016,1,0,46,0,1,4,1,3,SR-80,SR-81,99998,42.667,-90.436,0,12,6,0,2,2,0,1,2,1,0,1,0,0,0,52,99,99,99,99,0,0,0,2,1,2
55,550154,3,3,0,0,0,4,4,27,0,4,5,2016,4,17,0,0,1,5,1,3,SR-89,DALMAN RD,99998,43.212,-88.99,0,12,6,0,2,2,0,1,1,1,0,1,0,0,99,99,99,99,99,99,0,0,0,1,0,1
55,550155,1,1,0,0,0,1,1,63,3560,10,5,2016,3,4,0,1,2,1,1,1,I-90,,99998,43.871,-91.152,0,1,0,0,1,1,0,3,2,2,0,2,0,0,99,99,99,99,88,88,0,0,0,1,1,0
55,550163,2,2,0,0,0,2,2,133,3240,15,5,2016,1,18,52,0,2,3,1,3,SR-83,BLACK BEAR BLVD,99998,42.88,-88.341,0,12,6,0,2,3,0,1,1,10,0,10,0,0,18,52,19,0,19,44,0,0,0,1,1,2
55,550167,2,2,0,0,0,3,3,105,0,22,5,2016,1,15,35,0,1,3,1,2,US-14,,99998,42.82,-89.3,0,12,6,0,1,1,0,1,1,1,0,1,0,0,99,99,99,99,99,99,0,0,0,2,2,0
55,550169,1,1,0,0,0,1,1,3,0,24,5,2016,3,0,26,1,1,3,1,2,US-2,,99998,46.609,-90.799,0,42,0,0,1,1,0,5,2,2,0,2,0,0,0,36,0,46,88,88,0,0,0,1,0,0
55,550172,1,1,0,0,0,1,1,59,0,25,5,2016,4,11,39,1,1,1,1,1,I-94,,99998,42.617,-87.952,0,34,0,1,19,1,0,8,1,1,0,1,0,0,11,40,11,48,88,88,0,0,0,1,1,0
55,550175,2,2,0,0,0,2,2,95,0,27,5,2016,6,8,58,0,1,4,1,3,SR-46,120TH AVE,99998,45.381,-92.357,0,12,1,0,3,2,0,1,1,2,0,2,0,0,8,58,9,9,99,99,0,0,0,1,0,1
55,550177,2,2,0,0,0,3,3,93,0,30,5,2016,2,18,10,0,1,4,1,2,US-10,450TH AVE,0,44.703,-92.414,0,12,2,0,2,2,0,1,1,1,0,1,0,0,18,11,18,20,19,3,0,0,0,2,2,0
55,550178,2,2,0,0,0,4,4,21,0,30,5,2016,2,19,19,0,1,4,1,3,SR-33,,99998,43.57,-89.316,0,12,2,0,1,1,0,1,1,1,0,1,0,0,19,19,19,31,20,25,0,0,0,2,1,1
55,550179,1,1,0,1,1,1,1,101,0,31,5,2016,3,3,4,1,1,3,1,3,SR-11,,99998,42.691,-87.986,0,8,0,0,1,1,0,1,2,10,0,10,0,0,3,12,3,17,4,0,23,0,0,1,0,2
55,550188,2,2,0,0,0,3,3,57,0,30,5,2016,2,15,35,0,1,3,1,3,SR-58,,99998,43.933,-90.072,0,12,6,0,8,1,0,1,1,1,0,1,0,0,99,99,99,99,99,99,0,0,0,1,0,1
55,550193,2,2,0,0,0,8,8,109,0,4,6,2016,7,18,9,1,1,1,1,1,I-94,,99998,44.941,-92.391,0,12,1,0,1,1,0,1,1,1,0,1,0,0,99,99,99,99,99,99,0,0,0,1,1,0
55,550194,1,1,0,0,0,1,1,93,0,5,6,2016,1,13,1,0,1,4,1,3,SR-35,,99998,44.713,-92.669,0,24,0,0,1,1,0,4,1,1,0,1,0,0,13,6,13,18,88,88,0,0,0,1,0,1
55,550196,2,2,0,0,0,5,5,139,0,5,6,2016,1,20,32,1,1,3,1,2,US-45,,99998,44.17,-88.665,0,12,1,0,1,1,0,1,5,1,0,1,0,0,99,99,99,99,99,99,0,0,0,1,0,0
55,550199,3,3,0,0,0,3,3,73,0,6,6,2016,2,15,18,0,1,3,1,3,SR-97,,99998,44.753,-90.079,0,12,1,0,8,1,0,1,1,10,0,10,0,0,15,25,15,35,15,57,0,0,0,1,0,2
55,550205,3,3,0,0,0,3,3,93,1570,1,6,2016,4,12,43,0,1,4,1,3,SR-65,CROSS TOWN RD,99998,44.75,-92.487,0,12,6,0,2,2,0,1,1,1,0,1,0,0,99,99,99,99,99,99,0,0,0,1,0,0
55,550210,2,2,0,0,0,2,2,111,0,11,6,2016,7,17,5,0,1,3,3,3,SR-23,,99998,43.533,-89.958,0,12,6,0,8,1,0,1,1,1,0,1,0,0,17,12,17,18,99,99,0,0,0,1,1,0
55,550214,2,2,0,0,0,3,3,105,0,19,6,2016,1,12,48,0,1,4,1,3,SR-59,,99998,42.827,-89.017,0,12,2,0,1,1,0,1,1,1,0,1,0,0,12,49,13,0,13,44,0,0,0,1,0,2
55,550215,1,1,0,0,0,1,1,11,0,20,6,2016,2,16,4,0,1,5,1,3,SR-121,,99998,44.458,-91.581,0,34,0,0,1,1,0,4,1,1,0,1,0,0,16,4,16,19,88,88,0,0,0,1,0,2
55,550216,2,2,0,0,0,3,3,25,0,5,6,2016,1,0,50,0,1,3,1,2,US-51,I-90 RAMP,99998,43.179,-89.324,0,12,1,1,3,3,0,1,3,10,0,10,0,0,0,54,1,2,1,34,0,0,0,1,0,0
55,550218,1,1,0,1,1,1,1,61,0,21,6,2016,3,5,27,0,1,4,1,3,SR-54,,99998,44.6,-87.499,0,9,0,0,1,1,0,1,4,1,0,1,0,0,5,31,5,39,88,88,0,0,0,1,0,2
55,550222,1,1,0,1,1,1,1,25,2780,22,6,2016,4,14,31,1,2,2,1,3,SR-30,,99998,43.106,-89.309,0,8,0,0,1,1,0,1,1,1,0,1,0,0,99,99,99,99,88,88,0,0,0,1,0,1
55,550232,2,2,0,0,0,2,2,81,0,21,6,2016,3,13,20,0,1,3,1,3,SR-27,SR-33,99998,43.742,-90.794,0,12,6,0,2,2,0,1,1,1,0,1,0,0,13,24,13,30,99,99,0,0,0,1,0,2
55,550233,1,1,0,0,0,1,1,93,0,29,6,2016,4,15,30,0,1,4,1,3,SR-35,,99998,44.586,-92.381,0,34,0,0,1,1,0,4,1,10,0,10,0,0,88,88,88,88,88,88,0,0,0,1,0,1
55,550234,3,3,0,0,0,4,4,115,0,30,6,2016,5,18,28,0,1,3,1,3,SR-47,,99998,44.639,-88.445,0,12,2,0,1,1,0,1,1,10,0,10,0,0,99,99,99,99,99,99,14,0,0,1,0,2
55,550242,1,1,0,0,0,1,1,83,0,27,6,2016,2,0,15,0,1,4,1,3,SR-32,,99998,45.132,-88.437,0,34,0,0,1,1,0,4,3,1,0,1,0,0,0,17,0,33,88,88,0,0,0,1,1,2
55,550244,1,1,0,0,0,2,2,35,0,1,7,2016,6,16,45,0,1,4,1,3,SR-85,,99998,44.756,-91.581,0,34,0,0,1,1,0,4,1,1,0,1,0,0,16,52,16,58,17,50,0,0,0,2,0,1
55,550249,2,2,0,0,0,7,7,81,0,4,7,2016,2,7,38,0,1,3,1,3,SR-27,,99998,44.06,-90.862,0,12,2,0,1,1,0,1,1,10,0,10,0,0,7,41,7,48,99,99,0,0,0,1,0,2
55,550250,2,2,0,0,0,3,3,27,0,4,7,2016,2,17,33,0,1,4,1,3,SR-33,,99998,43.558,-88.964,0,12,6,0,1,1,0,1,1,1,0,1,0,0,99,99,99,99,99,99,0,0,0,1,0,1
55,550251,2,2,0,0,0,2,2,111,0,4,7,2016,2,18,45,1,1,3,1,2,US-12,,99998,43.413,-89.772,0,11,0,0,1,1,0,1,1,1,0,1,0,0,18,54,19,1,99,99,14,0,0,1,0,0
55,550254,2,2,0,0,0,3,3,137,0,7,7,2016,5,9,52,1,1,3,1,3,SR-21,,99998,44.055,-89.166,0,12,2,0,1,1,0,1,1,10,0,10,0,0,9,52,10,1,11,19,0,0,0,1,0,2
55,550256,2,2,0,0,0,2,2,101,0,8,7,2016,6,10,23,1,1,3,1,3,SR-11,SR-83,99998,42.658,-88.26,0,12,6,0,2,2,0,1,1,1,0,1,0,0,10,25,10,30,88,88,0,0,0,1,0,2
55,550257,1,1,0,0,0,1,1,59,0,8,7,2016,6,17,35,1,1,3,1,3,SR-50,,99998,42.568,-88.15,0,34,0,0,1,1,0,4,1,1,0,1,0,0,17,51,18,9,99,99,0,0,0,1,0,0
55,550263,1,1,0,0,0,1,1,123,0,12,7,2016,3,15,30,0,1,4,1,3,SR-82,,99998,43.465,-91.012,0,35,0,0,1,1,0,4,1,1,0,1,0,0,15,34,15,51,99,99,0,0,0,1,0,2
55,550266,2,2,0,0,0,3,3,43,0,14,7,2016,5,14,15,1,1,3,1,2,US-61,,99998,42.763,-90.682,0,12,2,0,1,1,0,1,1,1,0,1,0,0,99,99,99,99,99,99,0,0,0,1,0,0
55,550270,2,2,0,0,0,5,5,51,0,16,7,2016,7,19,46,1,1,3,1,2,US-2,,99998,46.466,-90.193,0,12,6,0,7,1,0,1,1,1,0,1,0,0,19,46,19,51,99,99,0,0,0,1,0,0
55,550271,1,1,0,1,1,1,1,25,0,15,7,2016,6,9,4,1,1,3,1,2,US-14,,99998,43.102,-89.633,0,9,0,0,1,1,0,2,1,10,0,10,0,0,9,7,9,13,9,48,0,0,0,1,0,0
55,550276,3,2,1,0,0,2,2,131,0,19,7,2016,3,14,33,0,1,4,1,3,SR-60,,99998,43.323,-88.08,0,12,2,0,1,1,0,1,1,1,0,1,0,0,14,37,14,41,99,99,0,0,0,1,0,2
55,550277,2,2,0,0,0,3,3,133,0,19,7,2016,3,17,30,1,1,1,1,1,I-94,,99998,43.05,-88.312,0,12,2,0,1,1,0,1,1,1,0,1,0,0,17,32,99,99,99,99,0,0,0,1,0,0
55,550278,2,2,0,0,0,3,3,55,0,13,7,2016,4,23,39,1,1,1,1,1,I-94,,99998,43.086,-88.687,0,12,2,0,1,1,1,1,2,1,0,1,0,0,99,99,99,99,99,99,3,0,0,1,1,0
55,550279,2,2,0,0,0,3,3,117,0,22,7,2016,6,14,40,1,1,3,1,3,SR-23,CR-TT,99998,43.752,-87.85,0,12,6,0,2,2,0,1,1,1,0,1,0,0,14,47,14,50,15,38,0,0,0,1,0,0
55,550282,2,2,0,0,0,2,2,93,0,24,7,2016,1,16,13,0,1,4,1,2,US-10,,99998,44.731,-92.57,0,12,1,0,8,1,0,1,1,1,0,1,0,0,16,15,16,21,16,59,0,0,0,1,2,0
55,550285,1,1,0,0,0,1,1,81,0,26,7,2016,3,19,42,0,1,4,1,3,SR-71,,99998,43.872,-90.72,0,32,0,0,1,1,0,4,1,1,0,1,0,0,19,44,19,52,88,88,0,0,0,1,1,2
55,550287,1,1,0,0,0,8,8,55,0,8,7,2016,6,7,15,0,1,4,1,3,SR-106,,99998,42.931,-88.719,0,34,0,0,1,1,0,4,1,1,0,1,0,0,99,99,99,99,99,99,0,0,0,1,0,2
55,550288,3,3,0,0,0,4,4,79,3100,11,7,2016,2,14,56,1,2,1,1,1,I-94,,99998,42.934,-87.935,0,12,6,1,18,1,0,1,1,10,0,10,0,0,15,9,15,13,15,50,0,0,0,1,0,0
55,550290,2,2,0,0,0,3,3,9,0,29,7,2016,6,13,9,1,1,3,1,3,SR-57,CR-K,99998,44.575,-87.875,0,12,6,0,2,2,0,1,1,10,0,10,0,0,99,99,99,99,99,99,0,0,0,1,0,2
55,550294,3,3,0,0,0,6,6,25,0,27,7,2016,4,7,42,0,1,3,1,2,US-14,,99998,42.888,-89.35,0,12,2,0,1,1,0,1,1,1,0,1,0,0,7,46,8,0,8,34,0,0,0,2,0,0
55,550295,2,2,0,0,0,2,2,105,2320,30,7,2016,7,20,19,0,2,3,1,2,US-14,CR-A,99998,42.7,-88.954,0,12,6,0,2,2,0,1,1,1,0,1,0,0,20,20,20,21,88,88,0,0,0,1,1,0
55,550296,1,1,0,0,0,1,1,33,0,26,7,2016,3,12,51,0,1,5,1,3,SR-170,,99998,45.009,-91.738,0,1,0,0,1,1,0,4,1,1,0,1,0,0,12,51,13,1,13,38,0,0,0,1,0,2
55,550305,2,2,0,0,0,2,2,115,0,4,8,2016,5,6,3,0,1,4,1,3,SR-117,CR-E,99998,44.781,-88.448,0,12,6,0,2,2,0,1,1,1,0,1,0,0,6,5,6,16,6,55,0,0,0,1,1,2
55,550311,3,3,0,0,0,6,6,57,0,7,8,2016,1,10,20,1,1,1,1,1,I-90,,99998,43.767,-89.99,0,12,7,0,1,1,0,1,1,10,0,10,0,0,99,99,99,99,99,99,0,0,0,2,0,0
55,550315,2,2,0,0,0,2,2,21,0,10,8,2016,4,8,19,0,1,5,1,3,SR-60,CR-C,99998,43.34,-89.245,0,12,6,0,2,2,0,1,1,1,0,1,0,0,99,99,99,99,88,88,0,0,0,1,0,2
55,550316,2,2,0,0,0,2,2,23,0,10,8,2016,4,12,56,1,1,3,1,2,US-61,WHEATVILLE RD   ROTH RD,99998,43.27,-90.736,0,12,2,0,2,2,0,1,1,1,0,1,0,0,12,59,13,16,13,40,0,0,0,1,0,0
55,550317,1,1,0,0,0,1,1,41,0,8,8,2016,2,1,25,0,1,4,1,3,SR-32,,99998,45.438,-88.639,0,53,0,0,1,1,0,4,3,1,0,1,0,0,1,20,1,33,99,99,0,0,0,1,1,2
55,550318,2,2,0,0,0,2,2,55,0,11,8,2016,5,16,55,1,1,3,1,2,US-12,TRI COUNTY RD,99998,42.843,-88.781,0,12,6,0,2,2,0,1,1,10,0,10,0,0,16,59,17,12,88,88,0,0,0,1,0,0
55,550321,1,1,0,0,0,1,1,21,0,14,8,2016,1,1,17,0,1,4,1,3,SR-60,,99998,43.302,-89.595,0,53,0,0,1,1,0,4,2,1,0,1,0,0,1,32,1,41,88,88,0,0,0,1,0,2
55,550327,2,1,1,0,0,1,1,103,0,11,8,2016,5,17,7,0,1,4,1,3,SR-56,,99998,43.408,-90.418,0,19,0,0,1,1,0,5,1,10,0,10,0,0,88,88,88,88,88,88,0,0,0,1,0,2
55,550331,2,2,0,0,0,2,2,21,0,18,8,2016,5,9,54,0,1,5,1,3,SR-60,CR-C,99998,43.34,-89.245,0,12,6,0,2,2,0,1,1,1,0,1,0,0,9,54,10,0,88,88,0,0,0,1,0,2
55,550341,2,2,0,0,0,2,2,53,2170,30,8,2016,3,15,49,0,2,4,1,3,SR-95,,99998,44.381,-91.029,0,12,6,0,1,1,0,1,1,1,0,1,0,0,99,99,99,99,99,99,0,0,0,1,0,1
55,550343,2,2,0,0,0,2,2,79,3100,21,8,2016,1,6,40,0,2,3,4,3,SR-38,GRANGE AVE W,99998,42.948,-87.91,0,12,6,0,2,2,0,1,1,1,0,1,0,0,6,40,6,49,7,37,0,0,0,1,0,2
55,550344,3,3,0,0,0,4,4,105,2320,31,8,2016,4,15,1,1,2,3,1,3,SR-11,MIDLAND RD,99998,42.671,-88.977,0,12,6,0,2,2,0,1,1,1,0,1,0,0,99,99,99,99,99,99,0,0,0,1,0,2
55,550349,1,1,0,1,1,1,1,127,0,16,8,2016,3,23,25,1,1,3,1,3,SR-50,,99998,42.585,-88.491,0,8,0,0,1,1,0,1,2,1,0,1,0,0,99,99,99,99,99,99,0,0,0,1,0,0
55,550355,1,1,0,0,0,1,1,85,0,27,2,2016,7,4,13,1,1,3,1,2,US-45,,0,45.837,-89.189,0,30,0,0,1,1,0,4,3,1,0,1,0,0,99,99,99,99,88,88,0,0,0,1,1,0
55,550356,1,1,0,0,0,2,2,133,708,3,7,2016,1,0,59,0,2,3,1,3,SR-59,,99998,43.017,-88.145,0,5,0,0,1,1,0,1,2,1,0,1,0,0,1,3,1,9,1,31,0,0,0,1,0,2
55,550357,1,1,0,1,1,1,1,79,3100,16,8,2016,3,19,5,1,2,3,1,3,SR-145,23RD ST N,99998,43.063,-87.941,0,8,0,0,2,2,0,1,1,1,0,1,0,0,99,99,99,99,88,88,0,0,0,1,0,1
55,550361,1,1,0,0,0,2,2,51,0,5,9,2016,2,7,55,1,1,3,1,2,US-51,,99998,46.197,-90.143,0,34,0,0,1,1,0,4,1,10,0,10,0,0,99,99,99,99,99,99,0,0,0,1,0,0
55,550364,3,3,0,0,0,3,3,133,0,8,9,2016,5,16,56,0,1,4,1,3,SR-59,,99998,42.915,-88.444,0,12,2,0,1,1,0,1,1,1,0,1,0,0,16,58,17,7,88,88,0,0,0,1,1,2
55,550365,1,1,0,1,1,1,1,79,3100,9,9,2016,6,7,25,0,2,3,1,3,SR-57,ST PAUL AVE W,99998,43.035,-87.948,0,8,0,0,2,2,0,1,1,1,0,1,0,0,7,33,7,36,8,3,0,0,0,1,0,2
55,550366,1,1,0,0,0,1,1,141,0,10,9,2016,7,12,13,0,1,4,1,3,SR-173,,99998,44.322,-89.973,0,34,0,0,1,1,0,4,1,2,0,2,0,0,12,13,12,23,88,88,0,0,0,1,0,2
55,550369,1,1,0,0,0,1,1,49,0,5,9,2016,2,99,99,1,1,3,1,2,US-18,,99998,42.985,-90.013,0,1,0,0,1,1,0,4,2,1,0,1,0,0,6,22,99,99,88,88,0,0,0,1,0,1
55,550370,1,1,0,0,0,1,1,25,0,13,9,2016,3,12,50,1,1,2,1,2,US-12,FVNWFRC,99998,43.035,-89.438,0,18,0,0,5,1,1,1,1,10,0,10,0,0,12,52,12,59,13,24,3,0,0,1,0,0
55,550372,2,2,0,0,0,3,3,125,0,14,9,2016,4,15,16,0,1,4,1,3,SR-70,,99998,45.902,-89.399,0,12,2,0,1,1,0,1,1,1,0,1,0,0,15,19,15,31,16,18,0,0,0,3,0,2
55,550373,2,2,0,0,0,2,2,119,0,14,9,2016,4,18,46,0,2,4,1,3,SR-64,CRANE DR,99998,45.142,-90.311,0,12,2,0,2,2,0,1,1,1,0,1,0,0,18,47,18,55,88,88,0,0,0,1,0,2
55,550374,1,1,0,1,1,1,1,25,0,14,9,2016,4,20,11,1,1,3,1,2,US-12,CR-BN,99998,43.031,-89.15,0,8,0,0,3,2,0,1,2,1,0,1,0,0,99,99,99,99,88,88,0,0,0,1,0,0
55,550378,1,1,0,1,1,2,2,3,9997,1,10,2016,7,21,2,1,1,3,1,2,US-2,,99998,46.609,-90.794,3,8,0,0,1,1,0,1,2,10,0,10,0,0,21,0,99,99,88,88,23,0,0,1,0,0
55,550380,2,2,0,0,0,2,2,105,9997,6,10,2016,5,14,17,0,1,4,1,2,US-51,,99998,42.806,-89.071,0,12,2,0,1,1,0,1,1,10,0,10,0,0,99,99,99,99,99,99,0,0,0,1,1,0
55,550382,2,2,0,0,0,3,3,45,9997,4,10,2016,3,11,41,1,1,3,1,3,SR-11,,99998,42.588,-89.421,0,12,7,0,8,1,0,1,1,10,0,10,0,0,11,45,11,52,12,38,0,0,0,1,0,2
55,550385,2,2,0,0,0,3,3,105,3080,7,10,2016,6,22,50,1,1,3,1,3,SR-26,,99998,42.83,-88.925,0,12,2,0,1,1,0,1,2,10,0,10,0,0,22,50,23,2,23,37,0,0,0,2,1,1
55,550386,2,2,0,0,0,4,4,21,0,17,9,2016,7,10,6,0,1,5,1,3,SR-113,CR-V,99998,43.356,-89.583,0,12,2,0,2,2,0,1,1,1,0,1,0,0,10,15,99,99,99,99,0,0,0,1,0,1
55,550387,2,2,0,0,0,2,2,25,2780,8,10,2016,7,1,41,1,2,3,1,2,US-12,,99998,43.035,-89.433,0,12,2,0,1,1,0,1,3,10,0,10,0,0,1,41,1,48,3,9,0,0,0,1,1,0
55,550393,1,1,0,0,0,2,2,119,0,18,9,2016,1,9,30,0,1,4,1,3,SR-73,,99998,45.364,-90.823,0,35,0,0,1,1,0,4,1,1,0,1,0,0,9,37,10,1,99,99,0,0,0,1,0,2
55,550397,2,2,0,0,0,3,3,39,0,18,9,2016,1,15,16,1,2,3,1,3,SR-23,ROLLING MEADOWS DR,99998,43.785,-88.486,0,12,6,0,2,2,0,1,1,1,0,1,0,0,15,16,15,22,99,99,0,0,0,1,0,0