STATE,ST_CASE,VE_TOTAL,VE_FORMS,PVH_INVL,PEDS,PERNOTMVIT,PERMVIT,PERSONS,COUNTY,CITY,DAY,MONTH,YEAR,DAY_WEEK,HOUR,MINUTE,NHS,RUR_URB,FUNC_SYS,RD_OWNER,ROUTE,TWAY_ID,TWAY_ID2,MILEPT,LATITUDE,LONGITUD,SP_JUR,HARM_EV,MAN_COLL,RELJCT1,RELJCT2,TYP_INT,WRK_ZONE,REL_ROAD,LGT_COND,WEATHER1,WEATHER2,WEATHER,SCH_BUS,RAIL,NOT_HOUR,NOT_MIN,ARR_HOUR,ARR_MIN,HOSP_HR,HOSP_MN,CF1,CF2,CF3,FATALS,DRUNK_DR,RANK
55,550402,1,1,0,0,0,1,1,85,0,22,9,2016,5,18,52,0,1,4,1,3,SR-70,,99998,45.891,-90.034,0,1,0,0,1,1,0,6,5,10,0,10,0,0,18,52,99,99,88,88,0,0,0,1,1,2
55,550403,2,2,0,0,0,3,3,65,0,24,9,2016,7,1,59,1,1,3,1,3,SR-11,,99998,42.581,-90.096,0,12,2,0,1,1,0,1,3,10,0,10,0,0,1,59,2,13,99,99,0,0,0,1,1,2
55,550405,1,1,0,0,0,1,1,111,2515,28,9,2016,4,17,36,1,2,1,1,1,I-90,,99998,43.606,-89.81,0,1,0,0,1,1,0,1,1,10,0,10,0,0,17,36,17,45,99,99,0,0,0,1,1,0
55,550407,3,3,0,0,0,3,3,129,0,16,9,2016,6,14,54,1,1,3,1,3,SR-63,,99998,45.754,-91.916,0,12,8,0,1,1,0,1,1,10,0,10,0,0,15,0,99,99,99,99,0,0,0,1,0,2
55,550408,2,2,0,0,0,3,3,81,4830,30,9,2016,6,10,47,0,2,3,1,2,US-12,JULIE ST,99998,44.003,-90.505,0,12,6,0,2,2,0,1,1,1,0,1,0,0,10,48,10,49,11,14,0,0,0,1,1,0
55,550409,1,1,0,0,0,2,2,29,0,30,9,2016,6,10,25,1,1,3,1,3,SR-57,,99998,44.715,-87.682,0,1,0,0,1,1,0,3,1,10,0,10,0,0,10,27,10,44,11,13,0,0,0,1,0,2
55,550410,1,1,0,0,0,1,1,81,0,26,9,2016,2,12,10,0,1,4,1,3,SR-16,SR-71,99998,43.941,-90.785,0,33,0,0,3,6,0,4,1,1,0,1,0,0,99,99,99,99,99,99,0,0,0,1,0,2
55,550422,2,2,0,0,0,4,4,115,0,7,10,2016,6,19,57,1,1,3,1,3,SR-29,CR-U,99998,44.797,-88.776,0,12,6,0,2,2,0,1,2,10,0,10,0,0,99,99,99,99,99,99,0,0,0,1,0,2
55,550427,2,2,0,0,0,4,4,141,0,25,10,2016,3,15,34,1,1,3,1,3,SR-80,,99998,44.41,-90.13,0,12,2,0,1,1,0,1,1,10,0,10,0,0,15,34,99,99,99,99,0,0,0,2,1,2
55,550430,1,1,0,0,0,1,1,127,0,30,10,2016,1,7,27,1,1,3,1,2,US-14,,99998,42.632,-88.742,0,1,0,0,1,1,0,4,1,5,0,5,0,0,7,27,99,99,88,88,0,0,0,1,1,0
55,550431,1,1,0,0,0,1,1,57,0,31,10,2016,2,0,17,0,1,5,1,2,US-12,REST HAVEN RD,99998,43.684,-89.852,0,1,0,0,1,1,0,1,2,1,0,1,0,0,0,24,0,54,88,88,0,0,0,1,1,0
55,550433,1,1,0,0,0,2,2,127,0,31,10,2016,2,14,31,0,1,5,1,3,SR-11,,99980,42.661,-88.577,0,32,0,0,1,1,0,4,1,1,0,1,0,0,14,31,99,99,99,99,0,0,0,1,0,2
55,550434,1,1,0,0,0,1,1,109,0,21,10,2016,6,15,22,1,1,3,1,3,SR-35,,99998,44.918,-92.671,0,1,0,0,1,1,0,1,1,1,0,1,0,0,15,24,15,30,88,88,0,0,0,1,0,1
55,550438,2,2,0,0,0,2,2,127,0,4,10,2016,3,18,7,1,1,3,1,3,SR-50,ESATSIDE RD,99998,42.582,-88.316,0,12,6,0,2,3,0,1,1,1,0,1,0,0,99,99,99,99,99,99,0,0,0,1,0,0
55,550439,2,2,0,0,0,2,2,99,0,10,10,2016,2,23,5,1,1,3,1,3,SR-13,,99998,45.665,-90.391,0,12,2,0,1,1,0,1,2,10,0,10,0,0,23,7,23,16,88,88,20,0,0,2,0,2
55,550440,1,1,0,1,1,2,2,101,3224,9,10,2016,1,3,34,1,2,3,1,3,SR-32,,99998,42.688,-87.8,0,8,0,0,1,1,0,1,2,10,0,10,0,0,4,34,4,43,88,88,0,0,0,1,0,2
55,550441,2,2,0,0,0,2,2,123,0,9,10,2016,1,4,47,1,1,3,1,3,SR-35,,99998,43.689,-91.219,0,12,2,0,1,1,0,1,2,1,0,1,0,0,4,53,5,7,5,56,0,0,0,1,0,1
55,550446,3,3,0,0,0,6,6,25,0,2,11,2016,4,22,23,1,1,1,1,1,I-94,,99998,43.108,-89.105,0,12,2,0,1,1,0,1,2,10,0,10,0,0,99,99,99,99,99,99,0,0,0,4,0,1
55,550452,1,1,0,0,0,1,1,55,0,5,11,2016,7,99,99,0,1,3,1,3,SR-16,,99998,43.139,-88.575,0,34,0,0,1,1,0,4,2,1,0,1,0,0,8,8,8,22,88,88,0,0,0,1,1,2
55,550453,2,2,0,0,0,3,3,19,0,5,11,2016,7,12,57,0,1,3,1,2,US-10,,99998,44.554,-90.637,0,12,2,0,1,1,0,1,1,1,0,1,0,0,99,99,99,99,99,99,0,0,0,2,0,0
55,550455,1,1,0,0,0,6,6,21,0,7,11,2016,2,3,10,1,1,1,1,1,I-90,,99998,43.532,-89.575,0,1,0,0,1,1,0,4,2,1,0,1,0,0,99,99,99,99,99,99,0,0,0,1,0,0
55,550456,1,1,0,0,0,1,1,21,0,7,11,2016,2,15,4,0,1,4,1,3,SR-33,,99998,43.555,-89.383,0,11,0,0,1,1,0,1,1,10,0,10,0,0,15,6,15,14,99,99,0,0,0,1,0,1
55,550463,1,1,0,0,0,1,1,113,0,6,11,2016,1,14,0,0,1,4,1,3,SR-40,,99998,45.746,-91.225,0,34,0,0,1,1,0,4,1,1,0,1,0,0,14,10,99,99,99,96,0,0,0,1,1,0
55,550465,2,2,0,0,0,2,2,95,0,9,11,2016,4,21,14,0,1,4,1,3,SR-35,,99998,45.434,-92.549,0,12,2,0,1,1,0,1,2,1,0,1,0,0,21,15,21,24,21,59,0,0,0,2,0,1
55,550472,1,1,0,0,0,3,3,55,0,18,11,2016,6,2,34,0,1,2,1,3,SR-16,,99998,43.146,-88.546,0,31,0,0,1,1,0,3,2,10,0,10,0,0,2,35,2,51,3,28,0,0,0,1,1,2
55,550478,2,2,0,0,0,4,4,59,0,12,12,2016,2,23,15,1,1,1,1,1,I-94,,99998,42.612,-87.952,0,25,0,1,19,1,0,4,2,10,0,10,0,0,23,15,99,99,99,99,0,0,0,1,0,0
55,550479,1,1,0,1,1,2,2,101,0,15,12,2016,5,17,49,0,1,3,1,3,SR-20,53RD DR,99998,42.732,-87.983,0,8,0,0,2,3,0,1,2,10,0,10,0,0,17,50,18,1,88,88,0,0,0,1,0,2
55,550480,2,2,0,0,0,2,2,105,0,19,12,2016,2,15,25,0,1,3,1,2,US-14,,99998,42.73,-89.052,0,12,2,0,1,1,0,1,1,1,0,1,0,0,99,99,99,99,99,99,0,0,0,2,0,0
55,550482,3,3,0,0,0,5,5,33,0,23,12,2016,6,17,14,0,1,4,1,2,US-12,,99998,44.918,-91.949,0,12,11,0,1,1,0,1,2,10,0,10,0,0,17,16,17,25,18,1,0,0,0,1,1,0
55,550484,2,2,0,0,0,2,2,81,0,26,12,2016,2,8,15,0,1,4,1,3,SR-71,,99998,43.782,-90.346,0,12,6,0,1,1,0,1,1,1,0,1,0,0,8,19,8,45,9,28,0,0,0,1,0,2
55,550486,2,2,0,0,0,2,2,33,0,16,11,2016,4,8,35,0,1,4,1,3,SR-64,,0,45.129,-91.839,0,12,2,0,1,1,0,1,1,1,0,1,0,0,99,99,99,99,99,99,0,0,0,1,0,2
55,550487,2,2,0,0,0,2,2,119,0,14,11,2016,2,7,23,1,1,3,1,3,SR-13,CR-CORRECTION LN,0,45.17,-90.333,0,12,1,0,8,1,0,1,1,1,0,1,0,0,7,27,99,99,99,99,0,0,0,1,0,2
55,550489,2,2,0,0,0,3,3,15,0,24,12,2016,7,10,38,0,1,3,1,3,SR-32,FARO SPRINGS RD,99998,44.122,-88.164,0,12,6,0,2,2,0,1,1,10,0,10,0,0,10,39,10,39,11,22,0,0,0,1,0,2
55,550494,2,2,0,0,0,2,2,89,0,13,11,2016,1,10,57,1,1,3,1,3,SR-33,CR-I,0,43.396,-87.979,0,1,0,0,2,2,0,1,1,1,0,1,0,0,11,1,11,11,88,88,0,0,0,1,0,1
55,550496,2,2,0,0,0,4,4,49,0,8,12,2016,5,16,43,1,1,3,1,2,US-14,CR-DOVER LANE,99998,43.162,-89.839,0,12,1,0,3,3,0,1,5,10,0,10,0,0,16,47,16,58,99,99,0,0,0,1,0,0
55,550497,1,1,0,0,0,1,1,81,0,9,12,2016,6,11,36,1,1,1,1,1,I-90,,99998,43.943,-90.316,0,1,0,0,1,1,0,4,1,10,0,10,0,0,11,38,11,43,88,88,0,0,0,1,0,0
55,550502,4,4,0,0,0,5,5,109,0,12,12,2016,2,8,51,1,1,1,1,1,I-94,,99998,44.94,-92.399,0,12,99,0,1,1,0,1,1,1,0,1,0,0,8,50,8,55,99,99,0,0,0,1,0,0
55,550503,1,1,0,0,0,1,1,33,0,8,12,2016,5,6,3,1,1,1,1,1,I-94,,99998,44.917,-92.083,0,1,0,0,1,1,0,3,2,10,0,10,0,0,6,7,6,20,6,41,0,0,0,1,0,0
55,550507,2,2,0,0,0,3,3,117,0,16,11,2016,4,18,30,0,1,3,1,3,SR-57,CR-FF,99998,43.848,-87.942,0,12,6,0,2,2,0,1,2,10,0,10,0,0,99,99,99,99,99,99,0,0,0,2,1,2
55,550508,1,1,0,1,1,4,4,127,2520,27,12,2016,3,17,20,1,2,3,1,3,SR-120,SR-50,99998,42.593,-88.414,0,8,0,0,3,2,0,1,2,1,0,1,0,0,17,21,17,30,17,45,0,0,0,1,1,1
55,550513,1,1,0,1,1,1,1,25,2780,21,11,2016,2,2,16,1,2,2,1,2,US-12,,99998,43.053,-89.492,0,8,0,0,1,1,0,1,3,1,0,1,0,0,2,17,2,23,88,88,0,0,0,1,0,0
55,550529,1,1,0,0,0,1,1,113,0,23,11,2016,4,23,37,0,1,4,1,3,SR-27,,99998,46.055,-91.492,0,42,0,0,1,1,0,4,2,10,0,10,0,0,23,37,99,99,88,88,0,0,0,1,1,2
55,550537,2,2,0,1,1,1,1,101,3970,14,12,2016,4,9,49,0,2,3,1,3,SR-20,,99998,42.719,-87.833,0,8,0,0,1,1,0,1,1,10,0,10,0,0,99,99,99,99,99,99,0,0,0,1,0,2
55,550538,2,2,0,0,0,2,2,25,0,24,11,2016,5,19,31,0,1,3,1,3,SR-19,RP STH 19 TO USH 51,99998,43.195,-89.323,0,12,6,0,2,2,0,1,3,10,0,10,0,0,19,32,19,40,20,24,0,0,0,1,0,2
55,550539,2,2,0,0,0,2,2,29,737,23,11,2016,4,17,22,0,1,3,1,3,SR-57,CTH H,99998,44.749,-87.57,0,12,6,0,2,2,0,1,2,2,0,2,0,0,17,24,17,32,18,8,0,0,0,1,0,2
55,550540,2,2,0,0,0,3,3,21,0,27,11,2016,1,14,46,0,1,4,1,3,SR-33,,99998,43.52,-89.512,0,12,6,0,1,1,0,1,1,10,0,10,0,0,14,48,14,58,15,26,0,0,0,1,0,1
55,550544,2,2,0,0,0,2,2,111,0,21,12,2016,4,13,35,0,1,3,1,3,SR-33,,99998,43.531,-89.884,0,12,2,0,1,1,0,1,1,10,0,10,0,0,13,36,99,99,88,88,0,0,0,1,0,1
55,550545,1,1,0,0,0,1,1,111,0,31,12,2016,7,1,35,1,1,1,1,1,I-90,,99998,43.568,-89.765,0,24,0,0,1,1,0,4,2,10,0,10,0,0,1,37,1,44,88,88,0,0,0,1,0,0
55,550546,2,2,0,0,0,3,3,45,0,22,11,2016,3,12,55,0,1,3,1,3,SR-69,CR-C,99998,42.742,-89.599,0,12,6,0,2,2,0,1,1,10,0,10,0,0,12,59,13,13,99,99,0,0,0,1,0,2
56,560001,1,1,0,0,0,2,2,1,0,4,1,2016,2,3,55,1,1,1,1,1,I-80,,2840,41.492,-106.04,0,31,0,0,1,1,0,3,2,1,0,1,0,0,4,1,4,42,5,35,0,0,0,1,0,0
56,560002,2,2,0,0,0,3,3,21,0,10,1,2016,1,3,30,1,1,1,1,1,I-80,,3928,41.158,-104.228,0,12,1,0,1,1,0,1,2,1,0,1,0,0,3,34,4,0,4,55,0,0,0,1,1,0
56,560003,1,1,0,0,0,1,1,31,0,18,1,2016,2,11,0,1,1,1,1,1,I-25,,1194,42.596,-105.096,0,1,0,0,1,1,0,1,1,1,0,1,0,0,11,11,11,31,12,1,0,0,0,1,0,1
56,560006,1,1,0,0,0,1,1,31,0,1,2,2016,2,12,30,1,1,1,1,1,I-25,,640,41.86,-104.867,0,1,0,0,1,1,0,4,1,4,0,4,0,0,12,34,12,55,14,31,0,0,0,1,0,1
56,560008,2,2,0,0,0,2,2,23,0,18,2,2016,5,12,46,1,1,3,1,2,US-89,,920,42.823,-110.964,0,12,2,0,1,1,0,1,1,4,0,4,0,0,12,48,13,0,13,23,0,0,0,1,0,0
56,560009,1,1,0,0,0,1,1,21,0,6,3,2016,1,4,18,1,1,1,1,1,I-80,,3829,41.157,-104.416,0,1,0,0,1,1,0,4,4,1,0,1,0,0,6,3,6,24,88,88,0,0,0,1,0,0
56,560011,1,1,0,0,0,4,4,41,0,26,3,2016,7,7,36,1,1,1,1,1,I-80,,398,41.356,-110.339,0,1,0,0,1,1,0,3,1,4,0,4,0,0,7,39,8,0,9,0,0,0,0,1,0,0
56,560012,1,1,0,0,0,1,1,31,0,7,4,2016,5,14,55,1,1,1,1,1,I-25,,860,42.156,-104.999,0,24,0,0,1,1,0,4,1,1,0,1,0,0,15,0,15,8,88,88,0,0,0,1,0,1
56,560013,1,1,0,0,0,1,1,23,0,18,4,2016,2,9,38,1,1,3,1,3,SR-89,,509,42.292,-111.047,0,1,0,0,1,1,0,4,1,1,0,1,0,0,9,55,10,10,88,88,0,0,0,1,0,1
56,560014,9,9,0,0,0,13,13,7,0,24,4,2016,1,8,17,1,1,1,1,1,I-80,,2670,41.636,-106.287,0,12,9,0,1,1,0,1,1,4,11,4,0,0,8,22,8,50,10,37,19,0,0,1,0,0
56,560017,1,1,0,0,0,3,3,1,0,17,5,2016,3,2,30,1,1,3,1,2,US-287,,4134,41.129,-105.551,0,1,0,0,1,1,0,4,2,4,0,4,0,0,2,31,2,50,3,26,0,0,0,1,0,0
56,560018,1,1,0,0,0,1,1,5,0,20,5,2016,6,17,2,0,1,5,1,3,SR-50,,509,43.637,-105.786,0,1,0,0,1,1,0,4,1,1,0,1,0,0,99,99,99,99,88,88,0,0,0,1,0,0
56,560019,1,1,0,0,0,1,1,31,0,22,5,2016,1,9,51,1,1,1,1,1,I-25,,581,41.791,-104.792,0,31,0,0,1,1,0,3,1,1,0,1,0,0,9,55,10,14,88,88,0,0,0,1,1,1
56,560020,3,3,0,0,0,5,5,41,0,22,5,2016,1,15,53,0,1,4,1,3,SR-89,,37,41.315,-110.995,0,12,6,0,1,1,0,1,1,2,4,4,0,0,16,0,16,15,16,28,14,0,0,1,0,1
56,560021,2,1,1,0,1,1,2,41,0,23,5,2016,2,22,55,1,1,1,1,1,I-80,,130,41.273,-110.816,0,14,0,0,1,1,0,2,2,1,0,1,0,0,23,4,23,22,88,88,23,0,0,1,0,0
56,560022,1,1,0,0,0,2,2,7,0,25,5,2016,4,3,20,0,1,4,1,2,US-30,,2651,41.91,-106.328,0,1,0,0,1,1,0,4,2,10,0,10,0,0,5,53,6,10,99,99,0,0,0,1,1,0
56,560024,1,1,0,1,1,2,2,21,100,30,5,2016,2,16,53,1,2,3,1,2,US-30,POLK AVE,3660,41.15,-104.749,0,9,0,0,2,2,0,1,1,1,0,1,0,0,16,55,17,4,17,17,0,0,0,1,0,0
56,560026,1,1,0,0,0,3,3,5,0,7,6,2016,3,13,10,0,1,5,1,3,SR-50,,100,44.191,-105.61,0,31,0,0,1,1,0,4,1,1,0,1,0,0,13,10,13,21,13,44,0,0,0,1,0,0
56,560027,1,1,0,0,0,2,2,21,0,9,6,2016,5,19,5,1,1,1,1,1,I-25,,403,41.561,-104.882,0,1,0,0,1,1,0,3,1,1,0,1,0,0,19,13,19,38,99,99,0,0,0,1,0,1
56,560028,6,6,0,0,0,8,8,29,0,9,6,2016,5,12,15,1,1,3,1,2,US-14,,271,44.463,-109.521,0,12,8,0,1,1,0,1,1,1,0,1,0,0,12,17,12,41,13,13,0,0,0,3,0,0
56,560029,2,2,0,0,0,3,3,17,0,11,6,2016,7,12,40,1,1,3,1,2,US-20,,1235,43.534,-108.179,0,12,6,0,1,1,0,1,1,1,0,1,0,0,12,44,12,58,13,30,0,0,0,1,1,0
56,560030,1,1,0,0,0,2,2,33,0,12,6,2016,1,6,0,0,1,5,1,2,US-14,,330,44.585,-106.44,0,31,0,0,1,1,0,4,4,1,0,1,0,0,6,5,6,40,8,0,0,0,0,1,1,0
56,560033,3,3,0,0,0,5,5,25,90,17,6,2016,6,16,15,1,2,3,1,3,SR-257,ROBERTSON RD,73,42.849,-106.417,0,12,6,0,2,2,0,1,1,1,0,1,0,0,16,16,16,26,16,45,0,0,0,2,0,2
56,560034,1,1,0,0,0,1,1,33,0,17,6,2016,6,17,0,0,1,5,1,2,US-14,,554,44.696,-106.103,0,38,0,0,1,1,0,4,1,1,0,1,0,0,17,14,18,6,88,88,0,0,0,1,1,0
56,560037,1,1,0,0,0,3,3,37,0,28,6,2016,3,12,40,1,1,1,1,1,I-80,,970,41.543,-109.347,0,24,0,0,1,1,0,4,1,1,0,1,0,0,12,45,12,51,13,9,0,0,0,1,0,0
56,560041,3,1,2,2,2,1,1,19,0,11,7,2016,2,10,23,1,1,1,1,1,I-25,,2700,43.938,-106.645,0,14,0,0,1,1,0,2,1,1,0,1,0,0,10,38,10,59,11,39,23,0,0,1,0,1
56,560042,1,1,0,0,0,1,1,13,0,12,7,2016,3,12,44,1,1,3,1,2,US-20,,1135,43.409,-108.174,0,1,0,0,1,1,0,1,1,1,0,1,0,0,12,47,13,8,88,88,0,0,0,1,0,0
56,560045,1,1,0,0,0,2,2,1,0,14,7,2016,5,20,25,1,1,1,1,1,I-80,,3349,41.125,-105.309,0,31,0,0,1,1,0,3,5,1,0,1,0,0,20,28,21,15,21,43,0,0,0,1,0,0
56,560046,1,1,0,0,0,2,2,13,0,18,7,2016,2,18,45,0,1,5,1,3,SR-132,,125,43.099,-108.754,3,1,0,0,1,1,0,1,1,1,0,1,0,0,18,50,19,5,99,99,0,0,0,1,1,1
56,560047,1,1,0,0,0,2,2,21,0,22,7,2016,6,16,19,1,1,1,1,1,I-25,,430,41.596,-104.867,0,1,0,0,1,1,0,4,1,1,0,1,0,0,16,23,16,54,17,41,0,0,0,1,0,1
56,560048,1,1,0,0,0,1,1,7,0,22,7,2016,6,10,39,1,1,1,1,1,I-80,,2070,41.782,-107.354,0,1,0,0,1,1,0,3,1,1,0,1,0,0,99,99,99,99,99,99,0,0,0,1,0,0
56,560049,2,2,0,0,0,5,5,21,100,25,7,2016,2,9,3,1,2,1,1,1,I-25,,2,41.002,-104.906,0,12,6,0,7,1,0,1,1,1,0,1,0,0,9,3,9,15,88,88,0,0,0,1,0,1
56,560052,1,1,0,0,0,1,1,33,0,1,8,2016,2,6,0,1,1,1,1,1,I-90,,39,44.959,-107.254,0,38,0,0,1,1,0,4,4,1,0,1,0,0,15,46,16,7,88,88,0,0,0,1,0,0
56,560054,2,1,1,0,1,5,6,41,0,4,8,2016,5,19,45,1,1,1,1,1,I-80,,80,41.263,-110.897,0,14,0,0,1,1,0,7,1,1,0,1,0,0,20,4,20,12,20,41,0,0,0,3,1,1
56,560055,1,1,0,0,0,6,6,37,0,5,8,2016,6,20,11,1,1,1,1,1,I-80,,1080,41.596,-109.165,0,1,0,0,1,1,0,4,5,1,0,1,0,0,20,15,20,16,20,35,0,0,0,1,0,0
56,560056,2,2,0,0,0,5,5,23,0,6,8,2016,7,14,20,1,1,3,1,2,US-26,,1254,43.197,-110.891,0,12,6,0,1,1,0,1,1,1,0,1,0,0,14,33,14,54,16,21,0,0,0,2,0,0
56,560057,2,1,1,0,1,2,3,21,0,10,8,2016,4,3,56,1,1,1,1,1,I-80,,3541,41.111,-104.954,0,14,0,0,1,1,0,2,2,1,0,1,0,0,3,56,4,9,88,88,0,0,0,2,1,0
56,560058,1,1,0,0,0,1,1,11,0,9,8,2016,3,12,24,0,1,5,1,2,US-14,,1886,44.425,-104.603,0,31,0,0,1,1,0,4,1,1,0,1,0,0,12,24,12,49,88,88,0,0,0,1,0,0
56,560059,1,1,0,0,0,2,2,13,0,10,8,2016,4,16,20,1,1,3,1,2,US-26,,817,43.345,-109.246,3,43,0,0,1,1,0,4,1,1,0,1,0,0,16,20,16,52,18,40,0,0,0,1,0,0
56,560060,1,1,0,0,0,4,4,37,0,7,8,2016,1,9,45,1,1,3,1,2,US-30,,923,41.623,-110.006,0,1,0,0,1,1,0,4,1,1,0,1,0,0,10,8,10,38,11,29,0,0,0,1,0,0
56,560061,1,1,0,0,0,1,1,13,0,11,8,2016,5,13,13,0,1,5,1,3,SR-135,,244,42.694,-108.178,0,31,0,0,1,1,0,4,1,1,0,1,0,0,13,19,14,13,15,7,0,0,0,1,0,1
56,560062,1,1,0,0,0,1,1,41,0,12,8,2016,6,6,45,1,1,1,1,1,I-80,,480,41.391,-110.19,0,18,0,0,1,1,1,1,4,1,0,1,0,0,6,51,7,9,7,56,0,0,0,1,0,0
56,560064,2,2,0,0,0,2,2,37,0,16,8,2016,3,19,20,1,1,1,1,1,I-80,,1420,41.645,-108.565,0,12,1,0,1,1,0,1,1,1,0,1,0,0,19,22,19,54,88,88,0,0,0,1,0,0
56,560065,1,1,0,0,0,1,1,13,710,10,8,2016,4,17,45,1,2,3,1,2,US-26,,1325,43.025,-108.403,3,1,0,0,1,1,0,1,1,1,0,1,0,0,17,45,17,50,18,6,0,0,0,1,1,0
56,560067,1,1,0,0,0,1,1,37,0,24,8,2016,4,12,25,1,1,1,1,1,I-80,,928,41.528,-109.424,0,1,0,0,1,1,0,3,1,1,0,1,0,0,12,31,12,35,88,88,0,0,0,1,0,0
56,560068,2,2,0,0,0,3,3,21,100,24,8,2016,4,20,10,1,2,1,1,1,I-80,,3630,41.123,-104.78,0,12,1,0,1,1,0,1,2,1,0,1,0,0,99,99,99,99,99,99,0,0,0,1,1,0
56,560070,5,5,0,0,0,7,7,9,0,24,8,2016,4,15,0,0,1,5,1,2,US-20,,1760,42.857,-106.067,0,12,1,0,1,1,2,1,1,1,0,1,0,0,15,11,15,19,15,50,0,0,0,1,0,0
56,560072,1,1,0,0,0,1,1,33,0,2,9,2016,6,2,0,0,1,5,1,2,US-14,,120,44.644,-106.809,0,1,0,0,1,1,0,4,2,1,0,1,0,0,6,29,7,0,88,88,0,0,0,1,1,0
56,560073,2,2,0,0,0,4,4,31,0,6,9,2016,3,21,25,1,1,1,1,1,I-25,,967,42.29,-105.047,0,18,0,0,1,1,4,1,2,1,0,1,0,0,21,29,21,44,88,88,0,0,0,1,0,1
56,560074,1,1,0,0,0,2,2,31,0,11,9,2016,1,16,40,1,1,1,1,1,I-25,,680,41.901,-104.909,0,31,0,0,1,1,0,4,1,1,0,1,0,0,16,48,16,57,17,52,0,0,0,1,0,1
56,560075,1,1,0,0,0,3,3,27,0,14,9,2016,4,12,0,1,1,3,1,2,US-20,,535,42.699,-104.229,0,1,0,0,1,1,0,1,1,1,0,1,0,0,12,1,12,35,12,50,0,0,0,1,0,0
56,560077,1,1,0,0,0,1,1,7,0,18,9,2016,1,17,20,0,1,4,1,2,US-30,,2600,41.904,-106.425,0,1,0,0,1,1,0,4,1,1,0,1,0,0,17,25,17,35,88,88,0,0,0,1,1,0
56,560078,2,2,0,0,0,3,3,1,470,21,9,2016,4,14,0,1,2,1,1,1,I-80,,3152,41.291,-105.556,0,12,1,0,1,1,0,1,1,1,0,1,0,0,14,1,14,7,88,88,0,0,0,1,0,0
56,560079,2,2,0,0,0,2,2,33,0,22,9,2016,5,21,28,1,1,1,1,1,I-90,,380,44.609,-106.848,0,12,2,0,1,1,0,1,2,2,10,2,0,0,21,32,21,45,21,52,0,0,0,1,1,0
56,560080,1,1,0,0,0,1,1,37,0,29,9,2016,5,4,20,1,1,1,1,1,I-80,,930,41.527,-109.421,0,34,0,0,1,1,0,4,2,1,0,1,0,0,4,34,4,43,5,43,0,0,0,1,1,0
56,560081,2,2,0,0,0,3,3,9,0,29,9,2016,5,9,45,0,1,5,1,2,US-20,,1633,42.852,-105.835,0,12,8,0,1,1,0,1,1,1,0,1,0,0,9,48,9,51,10,41,0,0,0,1,0,0
56,560084,1,1,0,0,0,1,1,1,0,4,10,2016,3,5,8,1,1,1,1,1,I-80,,3263,41.198,-105.432,0,1,0,0,1,1,0,3,2,1,0,1,0,0,5,10,5,26,88,88,0,0,0,1,1,0
56,560086,1,1,0,0,0,1,1,23,0,9,10,2016,1,2,34,1,1,3,1,2,US-89,,822,42.685,-110.925,0,1,0,0,1,1,0,4,2,1,0,1,0,0,2,36,2,46,88,88,0,0,0,1,1,0
56,560088,1,1,0,0,0,1,1,13,0,23,10,2016,1,14,32,0,1,5,1,3,SR-132,,32,42.979,-108.769,3,1,0,0,1,1,0,1,1,1,0,1,0,0,14,36,14,57,15,45,0,0,0,1,1,1
56,560090,1,1,0,1,1,1,1,13,710,10,11,2016,5,6,22,1,2,3,4,2,US-26,E PARK AVE,1053,43.027,-108.381,0,8,0,0,2,2,0,1,1,1,0,1,0,0,6,23,6,35,7,1,0,0,0,1,0,0
56,560092,2,2,0,0,0,5,5,1,0,10,11,2016,5,23,4,1,1,3,1,2,US-287,,4132,41.132,-105.552,0,12,2,0,1,1,0,1,2,1,0,1,0,0,23,6,23,21,0,32,0,0,0,2,0,0
56,560093,1,1,0,0,0,2,2,19,0,20,11,2016,1,18,32,0,1,5,1,3,SR-190,,1007,43.711,-106.664,0,1,0,0,1,1,0,4,2,1,0,1,0,0,18,36,18,43,19,26,0,0,0,1,0,0
56,560094,2,2,0,0,0,5,5,21,100,24,11,2016,5,18,18,1,2,3,1,2,US-30,I-80 RAMP,3595,41.115,-104.859,0,12,6,1,5,1,0,1,3,1,0,1,0,0,18,23,18,29,18,46,0,0,0,1,0,0
56,560095,2,2,0,0,0,7,7,13,0,26,11,2016,7,0,16,0,1,5,1,3,SR-137,LEFT HAND DITCH RD,1025,42.983,-108.479,3,12,6,0,2,2,0,1,3,1,0,1,0,0,0,19,0,36,1,2,0,0,0,3,0,1
56,560097,2,2,0,0,0,4,4,27,0,19,11,2016,7,9,5,1,1,3,1,2,US-85,,1578,42.87,-104.407,0,12,2,0,1,1,0,1,1,1,0,1,0,0,9,9,9,26,9,49,0,0,0,1,0,0
56,560098,2,1,1,1,1,1,1,19,0,3,12,2016,7,2,54,1,1,1,1,1,I-25,,2760,44.023,-106.642,0,14,0,0,1,1,0,4,2,1,0,1,0,0,99,99,99,97,99,97,0,0,0,1,0,1
56,560099,1,1,0,0,0,1,1,7,0,4,12,2016,1,3,45,1,1,1,1,1,I-80,,2533,41.742,-106.494,0,1,0,0,1,1,0,4,2,4,11,4,0,0,4,27,4,49,88,88,0,0,0,1,0,0
56,560100,2,2,0,0,0,4,4,21,0,14,12,2016,4,13,25,1,1,1,1,1,I-80,,3947,41.151,-104.194,0,12,1,0,1,1,0,1,1,10,0,10,0,0,13,27,13,51,15,4,0,0,0,1,0,0