STATE,ST_CASE,VE_TOTAL,VE_FORMS,PVH_INVL,PEDS,PERNOTMVIT,PERMVIT,PERSONS,COUNTY,CITY,DAY,MONTH,YEAR,DAY_WEEK,HOUR,MINUTE,NHS,RUR_URB,FUNC_SYS,RD_OWNER,ROUTE,TWAY_ID,TWAY_ID2,MILEPT,LATITUDE,LONGITUD,SP_JUR,HARM_EV,MAN_COLL,RELJCT1,RELJCT2,TYP_INT,WRK_ZONE,REL_ROAD,LGT_COND,WEATHER1,WEATHER2,WEATHER,SCH_BUS,RAIL,NOT_HOUR,NOT_MIN,ARR_HOUR,ARR_MIN,HOSP_HR,HOSP_MN,CF1,CF2,CF3,FATALS,DRUNK_DR,RANK
32,320122,1,1,0,0,0,2,2,31,0,21,7,2015,3,22,0,1,2,1,1,1,I-80,,106,39.525,-119.859,0,59,0,1,5,1,0,4,3,1,0,1,0,0,22,0,22,4,99,99,0,0,0,1,1,0
32,320124,1,1,0,0,0,1,1,33,0,28,7,2015,3,14,45,1,1,3,1,2,US-93,,3461,39.681,-114.754,0,31,0,0,1,1,0,4,1,1,0,1,0,0,14,58,15,24,88,88,0,0,0,1,0,0
32,320125,1,1,0,0,0,1,1,3,0,15,8,2015,7,6,10,1,1,1,1,1,I-15,,1037,36.769,-114.315,0,31,0,0,1,1,0,4,1,1,0,1,0,0,99,99,99,99,88,88,0,0,0,1,1,1
32,320126,1,1,0,0,0,3,3,31,0,2,8,2015,1,18,48,1,2,1,1,1,I-80,,110,39.526,-119.858,0,31,0,0,1,1,0,3,1,1,0,1,0,0,18,47,18,52,99,99,0,0,0,1,0,0
32,320127,1,1,0,0,0,2,2,3,0,16,8,2015,1,1,5,1,1,3,1,2,US-95,,930,36.332,-115.316,0,31,0,0,1,1,0,4,2,1,0,1,0,0,1,6,1,32,1,56,0,0,0,1,1,0
32,320131,1,1,0,0,0,1,1,3,0,28,4,2015,3,16,51,1,2,3,3,3,SR-582 BOULDER HWY,MISSOURI AVE,99998,36.097,-115.046,0,46,0,0,3,2,0,3,1,1,0,1,0,0,16,51,99,99,88,88,0,0,0,1,0,2
32,320132,1,1,0,1,1,1,1,3,0,20,8,2015,5,15,2,1,2,3,3,3,SR-582 BOULDER HWY,,99998,36.139,-115.094,0,8,0,0,1,1,0,1,1,1,0,1,0,0,15,6,15,7,15,48,0,0,0,1,0,2
32,320138,1,1,0,1,1,4,4,5,0,26,9,2015,7,20,36,1,1,3,1,2,US-395,EDDY ST,99998,38.941,-119.748,0,8,0,0,3,2,0,1,3,1,0,1,0,0,20,45,20,43,21,37,0,0,0,1,0,0
32,320144,2,2,0,0,0,5,5,3,0,24,5,2015,1,23,30,1,2,3,1,3,SR-582 BOULDER HWY,SANDHILL RD,99998,36.138,-115.093,0,12,1,0,3,3,0,1,3,10,0,10,0,0,99,99,99,99,99,99,0,0,0,1,1,2
32,320147,2,2,0,0,0,3,3,5,0,13,6,2015,7,20,0,1,1,3,1,2,US-50,,99999,38.988,-119.949,0,12,2,0,1,1,0,1,2,1,0,1,0,0,20,4,20,6,99,99,0,0,0,1,0,2
32,320155,1,1,0,1,1,1,1,3,0,6,11,2015,6,17,38,1,2,3,1,3,SR-582 BOULDER HWY,DALHART AVE,99998,36.142,-115.097,0,8,0,0,3,2,0,1,3,1,0,1,0,0,17,40,17,44,18,3,0,0,0,1,0,2
32,320156,1,1,0,1,1,1,1,15,0,26,10,2015,2,6,30,1,1,1,1,1,I-80,,2451,40.668,-116.724,0,8,0,0,1,1,0,1,2,1,0,1,0,0,99,99,99,99,88,88,0,0,0,1,0,0
32,320157,2,2,0,0,0,3,3,7,0,3,10,2015,7,19,15,1,1,3,1,2,US-93,,4675,41.266,-114.828,0,12,1,0,1,1,1,1,2,10,0,10,0,0,99,99,99,99,99,99,0,0,0,1,0,0
32,320164,1,1,0,1,1,1,1,3,0,14,10,2015,4,1,0,1,1,3,1,2,US-93,,541,36.401,-114.917,0,8,0,0,1,1,0,99,2,1,0,1,0,0,99,99,99,99,88,88,0,0,0,1,0,0
32,320167,1,1,0,0,0,2,2,19,0,14,10,2015,4,22,5,1,1,2,1,2,US-50,,425,39.304,-119.514,0,11,0,0,1,1,0,1,2,1,0,1,0,0,22,6,22,30,22,52,0,0,0,1,0,2
32,320169,1,1,0,0,0,1,1,3,0,14,11,2015,7,8,27,1,1,1,1,1,I-15,,160,35.848,-115.269,0,25,0,0,1,1,0,3,1,1,0,1,0,0,8,28,8,40,88,88,0,0,0,1,1,1
32,320171,1,1,0,1,1,3,3,3,0,21,11,2015,7,20,40,1,1,1,1,1,I-15,,901,36.658,-114.577,0,8,0,0,1,1,0,1,2,1,0,1,0,0,99,99,99,99,88,88,0,0,0,1,0,1
32,320172,1,1,0,0,0,1,1,31,0,13,8,2015,5,8,17,1,1,1,1,1,I-80,,370,39.589,-119.396,0,31,0,0,1,1,0,4,1,1,0,1,0,0,8,16,8,39,88,88,0,0,0,1,0,0
32,320174,1,1,0,0,0,1,1,13,0,15,11,2015,1,6,30,1,1,3,1,2,US-95,,6101,41.436,-117.791,0,1,0,0,1,1,0,4,2,1,0,1,0,0,99,99,99,99,88,88,0,0,0,1,1,0
32,320183,1,1,0,0,0,2,2,9,0,30,11,2015,2,0,37,1,1,3,1,2,US-6,,640,38.137,-117.506,0,35,0,0,1,1,0,4,2,1,0,1,0,0,99,99,99,99,88,88,0,0,0,2,0,0
32,320203,1,1,0,1,1,1,1,3,0,26,9,2015,7,23,46,1,2,2,1,3,SR-582 BOULDER HWY,SR-593 TROPICANA AVE,99998,36.101,-115.051,0,8,0,0,3,2,0,1,3,1,0,1,0,0,23,48,23,52,0,11,0,0,0,1,0,2
32,320235,1,1,0,0,0,7,7,1,0,17,10,2015,7,16,55,1,1,3,1,2,US-50,,1203,39.286,-118.162,0,31,0,0,1,1,0,4,1,10,0,10,0,0,16,58,17,24,99,99,0,0,0,3,1,2
32,320243,1,1,0,1,1,2,2,3,0,3,12,2015,5,17,31,1,2,3,1,3,SR-582 BOULDER HWY,,99998,36.089,-115.038,0,8,0,0,1,1,0,1,2,1,0,1,0,0,17,31,99,99,88,88,0,0,0,1,0,2
32,320248,2,2,0,0,0,4,4,3,0,11,12,2015,6,19,27,1,1,3,1,2,US-95,,314,35.864,-114.929,0,12,1,0,1,1,0,1,2,10,0,10,0,0,99,99,99,99,99,99,0,0,0,1,0,0
32,320251,3,3,0,0,0,3,3,31,0,24,10,2015,7,23,30,1,2,1,1,1,I-80,,99998,39.534,-119.752,0,12,7,0,1,1,0,2,3,1,0,1,0,0,23,34,23,38,88,88,14,0,0,1,1,0
32,320252,1,1,0,0,0,1,1,1,0,4,10,2015,1,8,30,1,1,3,1,2,US-50,ROBERSON LN,99998,39.487,-118.876,0,33,0,1,3,2,0,3,1,10,0,10,0,0,99,99,99,99,99,99,0,0,0,1,0,2
32,320253,1,1,0,0,0,1,1,33,0,29,11,2015,1,18,50,1,1,3,1,2,US-6,,2353,39.212,-114.981,0,24,0,0,1,1,0,4,2,1,0,1,0,0,18,57,19,9,88,88,0,0,0,1,0,0
32,320256,1,1,0,0,0,2,2,3,120,31,12,2015,5,22,8,1,2,1,1,1,I-15,,99998,36.245,-115.097,0,25,0,1,19,1,0,3,3,1,0,1,0,0,99,99,99,99,88,88,0,0,0,2,1,1
32,320257,2,2,0,0,0,2,2,31,0,11,7,2015,7,12,6,1,2,2,1,2,US-395,,380,39.663,-119.992,0,12,99,0,1,1,0,1,1,10,0,10,0,0,12,5,12,26,12,39,0,0,0,1,0,0
32,320265,2,2,0,0,0,3,3,31,0,18,12,2015,6,4,40,1,2,1,1,1,I-80,,961,39.516,-119.923,0,12,2,1,18,1,0,1,3,1,0,1,0,0,99,99,99,99,99,99,0,0,0,1,0,0
32,320275,1,1,0,1,1,1,1,3,0,11,12,2015,6,19,38,1,2,3,1,3,SR-582 BOULDER HWY,,99998,36.122,-115.075,0,8,0,0,1,1,0,1,3,10,0,10,0,0,19,38,99,99,88,88,0,0,0,1,0,2
32,320277,3,3,0,0,0,3,3,3,0,27,12,2015,1,16,5,1,2,3,1,2,US-95,,99998,35.766,-114.951,0,1,0,0,1,1,0,1,5,1,0,1,0,0,99,99,99,99,99,99,14,0,0,1,1,0
32,320295,2,2,0,0,0,5,5,13,0,19,10,2015,2,13,5,1,1,3,1,2,US-95,,6071,41.264,-117.689,0,12,2,0,1,1,0,1,1,2,10,2,0,0,13,8,13,32,14,53,0,0,0,3,1,0
32,320297,2,2,0,0,0,5,5,27,0,22,12,2015,3,13,13,1,1,1,1,1,I-80,,950,40.077,-118.628,0,12,7,0,1,1,0,1,1,10,0,10,0,0,99,99,99,99,99,99,0,0,0,1,1,0
4,40022,2,2,0,0,0,3,3,15,0,26,1,2016,3,13,26,1,1,3,1,3,SR-68,,111,35.206,-114.403,0,12,1,0,1,1,0,1,1,1,0,1,0,0,13,35,13,42,14,28,23,0,0,1,0,2
4,40041,2,2,0,0,0,2,2,15,0,8,2,2016,2,23,26,1,2,3,1,3,SR-95,CAMP MOHAVE RD,1283,35.026,-114.598,0,12,2,0,3,2,0,1,2,1,0,1,0,0,23,28,23,34,23,53,0,0,0,1,1,1
4,40058,1,1,0,0,0,1,1,12,0,22,2,2016,2,20,21,1,1,1,1,1,I-10,,58,33.624,-114.434,0,21,0,1,19,1,0,3,2,1,0,1,0,0,20,37,20,56,22,36,0,0,0,1,0,1
4,40175,1,1,0,0,0,2,2,15,0,8,4,2016,6,23,25,1,1,1,1,1,I-15,,23,36.829,-114.011,0,1,0,0,1,1,0,4,2,10,0,10,0,0,23,27,23,41,99,99,0,0,0,1,0,1
4,40179,2,2,0,0,0,3,3,12,0,10,4,2016,1,0,2,1,1,3,1,3,SR-95,,467,34.256,-114.146,0,12,6,0,8,1,0,1,2,1,0,1,0,0,0,2,0,14,99,99,0,0,0,1,1,1
4,40196,2,2,0,0,0,4,4,15,0,21,4,2016,5,12,2,1,1,3,1,2,US-93,CR-25 PIERCE FERRY RD,430,35.534,-114.355,0,12,6,0,2,3,0,1,1,1,0,1,0,0,12,3,12,11,13,0,0,0,0,2,0,0
4,40252,1,1,0,0,0,1,1,12,0,3,4,2016,1,99,99,1,1,3,1,3,SR-95,MOHAVE RD,338,34.137,-114.281,3,99,99,0,99,99,0,99,1,98,0,98,0,0,11,40,11,40,12,45,0,0,0,1,0,1
4,40285,1,1,0,2,2,1,1,12,0,5,5,2016,5,22,25,1,1,3,1,3,SR-95,,365,34.161,-114.263,3,8,0,0,1,1,0,1,2,1,0,1,0,0,22,23,22,27,99,99,0,0,0,1,0,1
4,40287,1,1,0,0,0,3,3,15,0,8,5,2016,1,5,29,1,1,1,1,1,I-15,,7,36.821,-114.038,0,1,0,0,1,1,1,4,4,10,0,10,0,0,5,30,5,41,6,2,0,0,0,1,0,1
4,40378,1,1,0,0,0,1,1,27,0,25,6,2016,7,6,29,1,2,3,1,2,US-95,,311,32.699,-114.488,0,43,0,0,1,1,0,4,1,1,0,1,0,0,6,28,6,38,7,19,0,0,0,1,0,0
4,40390,3,3,0,0,0,7,7,15,0,27,6,2016,2,4,48,1,1,1,1,1,I-40,,166,34.759,-114.211,0,12,1,0,1,1,0,1,2,1,0,1,0,0,4,50,5,0,7,5,27,19,0,1,0,1
4,40436,1,1,0,0,0,4,4,12,0,11,7,2016,2,6,45,1,1,3,1,2,US-95,,599,33.037,-114.289,0,1,0,0,1,1,0,1,1,1,0,1,0,0,6,51,7,24,8,30,0,0,0,1,0,0
4,40441,2,2,0,0,0,6,6,15,0,11,7,2016,2,22,54,1,1,3,1,2,US-93,WILLOW BEACH RD,159,35.864,-114.603,0,12,6,0,2,2,0,1,2,1,0,1,0,0,22,54,23,15,0,40,0,0,0,1,0,0
4,40445,2,2,0,0,0,2,2,27,0,15,7,2016,6,3,7,1,2,3,1,2,US-95,,421,32.797,-114.381,0,12,2,0,1,1,0,1,2,1,0,1,0,0,3,10,3,24,88,88,0,0,0,1,0,0
4,40452,1,1,0,0,0,3,3,15,0,21,7,2016,5,20,8,1,1,3,1,2,US-93,,221,35.798,-114.533,0,42,0,0,1,1,0,4,5,1,0,1,0,0,20,12,20,36,21,51,0,0,0,1,0,0
4,40456,2,2,0,0,0,8,8,15,0,24,7,2016,1,13,40,1,1,3,1,2,US-93,CR-PIERCE FERRY RD,430,35.534,-114.355,0,12,6,0,2,2,0,1,1,1,0,1,0,0,13,38,14,20,88,88,0,0,0,4,0,0
4,40458,1,1,0,0,0,8,8,15,0,25,7,2016,2,13,10,1,1,1,1,1,I-40,,123,34.731,-114.276,0,1,0,0,1,1,0,3,1,1,0,1,0,0,13,11,13,34,99,99,0,0,0,1,0,1
4,40465,2,2,0,0,0,9,9,15,0,30,7,2016,7,16,5,1,1,3,1,2,US-93,,280,35.722,-114.486,0,12,6,0,7,1,0,1,1,1,0,1,0,0,16,7,16,25,17,32,0,0,0,3,0,0
4,40497,1,1,0,0,0,4,4,15,0,9,8,2016,3,11,9,1,1,3,1,3,SR-95,,1227,34.946,-114.598,3,1,0,0,1,1,0,1,1,1,0,1,0,0,11,9,11,19,11,36,0,0,0,2,1,1
4,40503,1,1,0,0,0,1,1,15,0,14,8,2016,1,11,14,1,1,3,1,3,SR-95,,533,34.304,-114.095,0,1,0,0,1,1,0,4,1,1,0,1,0,0,11,16,11,26,88,88,0,0,0,1,0,1
4,40511,1,1,0,0,0,1,1,15,0,23,8,2016,3,16,57,1,1,3,1,2,US-93,,325,35.663,-114.452,0,1,0,0,1,1,0,4,1,1,0,1,0,0,16,57,17,19,88,88,0,0,0,1,0,0
4,40537,1,1,0,0,0,1,1,12,0,25,6,2016,7,13,56,0,1,5,1,3,SR-72,,89,33.984,-114.066,0,38,0,0,1,1,0,4,1,1,0,1,0,0,13,56,14,18,16,0,0,0,0,1,0,2
4,40578,3,3,0,0,0,5,5,15,59,30,9,2016,6,16,48,1,2,3,1,3,SR-95,WOLF CT,1296,35.042,-114.591,0,12,7,0,2,3,0,1,1,1,0,1,0,0,16,49,16,54,16,58,0,0,0,2,1,1
4,40582,2,2,0,0,0,3,3,12,0,24,9,2016,7,13,12,1,1,3,1,3,SR-95,,261,34.029,-114.257,3,12,6,0,1,1,0,1,1,1,0,1,0,0,13,12,13,12,88,88,0,0,0,2,0,1
4,40676,2,2,0,0,0,3,3,15,0,22,10,2016,7,17,32,1,1,3,1,3,SR-95,,870,34.652,-114.319,0,12,2,0,1,1,0,1,1,1,0,1,0,0,17,34,17,47,88,88,0,0,0,3,0,1
4,40721,1,1,0,0,0,2,2,15,0,9,11,2016,4,5,30,1,1,3,1,2,US-93,,372,35.608,-114.407,0,1,0,0,1,1,0,4,2,1,0,1,0,0,5,30,5,50,99,99,0,0,0,1,0,0
4,40781,2,2,0,0,0,4,4,15,0,30,11,2016,4,12,22,1,1,3,1,3,SR-95,,1185,34.884,-114.598,3,12,2,0,1,1,0,1,1,1,0,1,0,0,12,22,12,28,13,20,0,0,0,4,0,1
4,40803,1,1,0,1,1,1,1,15,59,1,12,2016,5,22,52,1,2,3,1,3,SR-95,,1325,35.082,-114.597,0,8,0,0,1,1,0,1,3,10,0,10,0,0,22,58,23,0,23,17,0,0,0,1,0,1
4,40823,1,1,0,0,0,1,1,15,0,22,12,2016,5,9,8,1,1,3,1,2,US-93,,212,35.809,-114.542,0,43,0,0,1,1,0,3,1,2,0,2,0,0,9,12,9,47,88,88,0,0,0,1,0,0
6,60001,1,1,0,0,0,2,2,79,0,1,1,2016,6,8,10,1,1,2,98,3,SR-41,,494,35.78,-120.21,0,33,0,0,1,1,0,4,1,1,0,1,0,0,99,99,99,99,99,99,0,0,0,1,0,1
6,60003,2,2,0,0,0,3,3,37,1980,3,1,2016,1,15,30,0,2,3,98,6,WESTERN AVE,OAKWOOD AVE,0,34.078,-118.309,0,12,6,0,2,3,0,1,1,1,0,1,0,0,99,99,99,99,99,99,0,0,0,2,1,2
6,60010,1,1,0,1,1,1,1,103,0,8,1,2016,6,5,28,1,1,3,1,3,SR-99,,212,40.149,-122.139,0,11,0,0,1,1,0,1,2,10,0,10,0,0,99,99,99,99,88,88,0,0,0,1,1,2
6,60012,1,1,0,0,0,1,1,65,410,10,1,2016,1,8,45,1,2,1,1,1,I-10,,1497,33.607,-114.649,0,1,0,0,1,1,0,3,1,10,0,10,0,0,99,99,99,99,88,88,0,0,0,1,0,1
6,60027,1,1,0,0,0,1,1,107,0,5,1,2016,3,1,20,0,1,2,98,3,SR-137,,270,36.211,-119.142,0,42,0,0,1,1,0,4,2,10,0,10,0,0,99,99,99,99,88,88,0,0,0,1,0,1
6,60029,2,2,0,0,0,3,3,87,4100,9,1,2016,7,0,33,0,2,3,98,3,SR-152,MAIN ST,0,36.912,-121.758,0,12,6,0,2,2,0,1,3,10,0,10,0,0,99,99,99,99,99,99,0,0,0,1,2,1
6,60030,1,1,0,0,0,1,1,29,0,12,1,2016,3,6,40,0,1,2,98,3,SR-178,,38,35.383,-118.97,0,1,0,0,1,1,0,4,4,1,0,1,0,0,99,99,99,99,99,99,0,0,0,1,0,0
6,60032,3,3,0,0,0,7,7,71,681,15,1,2016,6,7,20,1,2,2,98,3,SR-71,,62,33.944,-117.671,0,12,1,0,1,1,0,1,1,1,0,1,0,0,99,99,99,99,99,99,0,0,0,1,0,2
6,60035,2,2,0,0,0,3,3,83,0,18,1,2016,2,11,27,0,1,3,98,3,SR-154,,7,34.681,-120.154,0,12,2,0,1,1,0,1,1,2,0,2,0,0,99,99,99,99,88,88,0,0,0,1,0,2
6,60036,2,2,0,0,0,5,5,73,0,3,1,2016,1,10,40,0,1,2,98,3,SR-78,,717,33.112,-116.446,0,41,0,0,1,1,0,4,1,1,0,1,0,0,99,99,99,99,88,88,14,0,0,1,0,1
6,60037,1,1,0,0,0,3,3,25,0,18,1,2016,2,99,99,1,1,1,1,1,I-8,,661,32.709,-115.084,0,43,0,0,1,1,0,4,2,10,0,10,0,0,99,99,99,99,99,99,0,0,0,1,0,0
6,60039,1,1,0,1,1,2,2,107,2880,20,1,2016,4,17,38,1,2,2,98,3,SR-65,PIONEER AVE,209,36.091,-119.04,0,9,0,0,2,3,0,1,2,1,0,1,0,0,99,99,99,99,99,99,0,0,0,1,0,0
6,60045,1,1,0,0,0,3,3,47,0,6,1,2016,4,15,40,0,1,2,98,3,SR-165,,254,37.27,-120.851,0,1,0,0,1,1,0,2,1,2,0,2,0,0,99,99,99,99,99,99,0,0,0,1,0,2
6,60049,3,3,0,0,0,5,5,53,0,6,1,2016,4,18,40,0,1,2,98,3,SR-68,HITCHCOCK ROAD,192,36.645,-121.664,0,12,2,0,2,3,1,1,2,10,0,10,0,0,99,99,99,99,99,99,0,0,0,1,0,2
6,60053,2,2,0,0,0,3,3,13,3400,22,1,2016,6,22,26,1,2,1,1,1,I-680,,9,37.727,-121.943,0,5,0,0,1,1,0,1,2,2,0,2,0,0,99,99,99,99,88,88,14,0,0,1,0,1
6,60061,3,3,0,0,0,4,4,7,0,27,1,2016,4,17,47,1,1,3,1,3,SR-70,,1,39.308,-121.595,0,12,2,0,1,1,0,1,2,1,0,1,0,0,99,99,99,99,99,99,14,0,0,1,0,1
6,60071,2,2,0,0,0,5,5,73,1200,6,1,2016,4,23,0,1,1,1,1,1,I-15,,295,33.101,-117.091,0,12,1,0,1,1,0,1,2,2,0,2,0,0,99,99,99,99,99,99,0,0,0,1,1,1
6,60072,1,1,0,0,0,1,1,73,710,1,1,2016,6,99,99,1,2,1,1,1,I-5,,71,32.619,-117.092,0,59,0,0,1,1,0,4,2,1,0,1,0,0,99,99,99,99,88,88,0,0,0,1,1,1
6,60073,1,1,0,1,1,2,2,19,1370,22,1,2016,6,0,38,1,2,2,98,3,SR-41,,263,36.777,-119.785,0,8,0,1,18,1,0,1,2,1,0,1,0,0,99,99,99,99,99,99,0,0,0,1,0,1
6,60075,1,1,0,0,0,1,1,85,3340,3,2,2016,4,1,35,0,2,2,98,3,SR-85,,16,37.241,-121.798,0,38,0,0,1,1,0,4,3,1,0,1,0,0,99,99,99,99,99,99,0,0,0,1,0,1
6,60077,3,3,0,0,0,7,7,7,660,26,1,2016,3,20,40,1,2,3,1,3,SR-99,,318,39.73,-121.812,0,12,1,0,1,1,1,1,2,10,0,10,0,0,99,99,99,99,99,99,0,0,0,1,1,2
6,60081,1,1,0,0,0,4,4,71,0,1,2,2016,2,23,0,0,1,2,98,3,SR-2,,30,34.362,-117.604,0,35,0,0,1,1,0,4,2,1,0,1,0,0,99,99,99,99,99,99,0,0,0,1,1,2
6,60082,1,1,0,0,0,1,1,65,290,2,2,2016,3,0,1,1,2,1,1,1,I-10,,64,33.936,-116.995,0,59,0,0,1,1,0,4,3,1,0,1,0,0,99,99,99,99,99,99,0,0,0,1,0,1
6,60084,1,1,0,0,0,2,2,81,0,10,1,2016,1,21,30,0,1,3,1,3,SR-35,,187,37.448,-122.335,0,53,0,0,1,1,0,4,2,10,0,10,0,0,99,99,99,99,99,99,0,0,0,2,0,1
6,60085,1,1,0,0,0,3,3,105,0,13,1,2016,4,12,15,0,1,2,1,3,SR-3,,143,40.583,-123.071,0,42,0,0,1,1,0,4,1,10,2,2,0,0,99,99,99,99,99,99,0,0,0,1,0,2
6,60086,1,1,0,0,0,1,1,73,0,19,2,2016,6,16,35,0,1,2,98,3,SR-94,,601,32.647,-116.36,0,43,0,0,1,1,0,4,1,1,0,1,0,0,99,99,99,99,88,88,0,0,0,1,0,2
6,60087,2,2,0,0,0,4,4,25,0,14,1,2016,5,17,14,1,1,2,1,3,SR-86,LACK RD,290,33.037,-115.647,0,12,6,0,2,2,0,1,5,1,0,1,0,0,99,99,99,99,99,99,0,0,0,2,0,1
6,60088,1,1,0,0,0,1,1,71,0,20,2,2016,7,11,5,1,1,1,1,1,I-40,,1313,34.881,-114.771,0,52,0,0,1,1,0,4,1,1,0,1,0,0,99,99,99,99,88,88,0,0,0,1,0,1
6,60095,2,2,0,0,0,3,3,73,3260,23,1,2016,7,21,20,0,2,2,1,3,SR-163,,31,32.755,-117.159,0,1,0,0,1,1,0,1,3,10,0,10,0,0,99,99,99,99,88,88,14,0,0,1,1,2
6,60098,1,1,0,0,0,1,1,113,0,27,1,2016,4,14,52,0,1,2,1,3,SR-116,,297,38.685,-121.991,0,30,0,0,1,1,0,4,1,1,0,1,0,0,99,99,99,99,88,88,0,0,0,1,0,1
6,60099,1,1,0,0,0,1,1,25,0,14,2,2016,1,12,5,0,1,2,98,3,SR-78,,249,32.975,-115.339,0,35,0,0,1,1,0,4,1,1,0,1,0,0,99,99,99,99,99,99,0,0,0,1,0,1
6,60102,2,2,0,0,0,3,3,29,0,17,1,2016,1,19,59,1,1,2,1,3,SR-58,,662,35.321,-118.794,0,12,7,0,1,1,0,1,2,10,0,10,0,0,99,99,99,99,88,88,0,0,0,1,1,1
6,60103,1,1,0,0,0,1,1,73,1200,1,1,2016,6,99,99,0,2,2,1,3,SR-78,,167,33.128,-117.102,0,1,0,0,1,1,0,4,2,1,0,1,0,0,99,99,99,99,88,88,0,0,0,1,0,1
6,60104,1,1,0,0,0,1,1,67,3150,16,1,2016,7,2,50,1,2,1,1,1,I-5,,232,38.577,-121.508,0,25,0,0,1,1,0,3,3,2,0,2,0,0,99,99,99,99,88,88,0,0,0,1,0,1
6,60105,1,1,0,1,1,2,2,73,3260,7,1,2016,5,22,32,1,2,1,1,1,I-5,,192,32.75,-117.196,0,8,0,0,1,1,0,1,2,1,0,1,0,0,99,99,99,99,88,88,0,0,0,1,0,1
6,60110,1,1,0,1,1,1,1,71,0,2,2,2016,3,22,40,0,1,2,98,3,SR-18,,779,34.451,-117.028,0,8,0,0,1,1,0,1,2,1,0,1,0,0,99,99,99,99,88,88,0,0,0,1,0,2
6,60113,4,4,0,0,0,9,9,29,0,16,1,2016,7,18,10,1,1,2,1,3,SR-46,,442,35.601,-119.453,0,12,2,0,1,1,0,1,2,1,0,1,0,0,99,99,99,99,99,99,14,0,0,2,2,2
6,60123,1,1,0,1,1,1,1,37,1970,3,2,2016,4,22,46,0,2,3,1,3,SR-1,LOMA AVE,0,33.79,-118.15,0,8,0,0,2,3,0,1,3,1,0,1,0,0,99,99,99,99,88,88,0,0,0,1,0,1
6,60126,3,3,0,0,0,5,5,95,1260,5,2,2016,6,14,12,1,2,1,1,1,I-680,,98,38.18,-122.133,0,12,1,1,18,1,0,1,1,1,0,1,0,0,99,99,99,99,88,88,28,0,0,1,0,1
6,60127,4,4,0,0,0,7,7,103,0,5,2,2016,6,12,55,1,1,1,1,1,I-5,,383,40.322,-122.281,0,12,1,0,1,1,0,1,1,1,0,1,0,0,99,99,99,99,99,99,0,0,0,1,0,1
6,60128,1,1,0,0,0,1,1,111,4027,2,2,2016,3,23,36,1,2,2,1,2,US-101,,272,34.259,-119.251,0,25,0,0,1,1,0,3,2,1,0,1,0,0,99,99,99,99,99,99,0,0,0,1,0,0
6,60129,1,1,0,1,1,2,2,61,3080,8,2,2016,2,0,15,1,2,1,1,1,I-80,,54,38.781,-121.231,0,8,0,0,1,1,0,1,2,1,0,1,0,0,99,99,99,99,88,88,0,0,0,1,0,0
6,60130,2,2,0,0,0,4,4,97,0,7,1,2016,5,14,0,0,1,2,98,3,SR-1,,403,38.585,-123.337,0,12,2,0,1,1,0,1,1,10,0,10,0,0,99,99,99,99,99,99,0,0,0,1,1,1
6,60131,2,2,0,0,0,2,2,65,9997,10,2,2016,4,9,10,1,2,1,1,1,I-15,,503,34.004,-117.55,0,1,0,0,1,1,0,1,1,10,0,10,0,0,99,99,99,99,99,99,14,0,0,1,0,1
6,60138,3,3,0,1,1,3,3,71,680,8,2,2016,2,0,35,1,2,2,1,3,SR-60,,27,34.03,-117.684,0,8,0,0,1,1,0,1,3,1,0,1,0,0,99,99,99,99,88,88,0,0,0,1,0,2
6,60139,1,1,0,0,0,2,2,23,0,11,1,2016,2,10,30,0,1,4,1,3,SR-96,,300,41.251,-123.644,0,1,0,0,1,1,0,4,1,10,0,10,0,0,99,99,99,99,88,88,0,0,0,1,0,2
6,60141,1,1,0,0,0,1,1,73,0,6,2,2016,7,10,0,0,1,2,1,3,SR-67,,39,32.855,-116.948,0,43,0,1,19,1,0,8,1,1,0,1,0,0,99,99,99,99,99,99,0,0,0,1,0,2
6,60142,2,2,0,0,0,2,2,73,0,8,2,2016,2,5,15,1,2,1,1,1,I-8,,290,32.839,-116.771,0,12,1,0,1,1,0,1,2,1,0,1,0,0,99,99,99,99,88,88,0,0,0,1,0,0
6,60145,1,1,0,0,0,1,1,27,0,20,2,2016,7,12,30,0,1,2,1,3,SR-190,,709,36.423,-117.266,1,5,0,0,1,1,0,2,1,1,0,1,0,0,99,99,99,99,99,99,0,0,0,1,0,0
6,60146,3,3,0,0,0,4,4,37,0,12,2,2016,6,19,12,1,1,2,1,3,SR-138,,90,34.783,-118.654,0,12,2,0,1,1,0,1,2,1,0,1,0,0,99,99,99,99,99,99,0,0,0,1,0,1
6,60148,1,1,0,0,0,2,2,71,2960,25,2,2016,5,6,23,1,2,1,1,1,I-10,,287,34.067,-117.22,0,42,0,1,19,1,0,4,4,1,0,1,0,0,99,99,99,99,88,88,0,0,0,2,0,1
6,60150,1,1,0,0,0,2,2,113,0,28,2,2016,1,14,40,0,1,2,1,3,SR-16,,287,38.688,-122.008,0,1,0,0,1,1,0,1,1,1,0,1,0,0,99,99,99,99,99,99,0,0,0,1,0,2
6,60151,1,1,0,0,0,1,1,77,3770,7,2,2016,1,3,7,1,2,1,1,1,I-5,,255,37.938,-121.297,0,42,0,0,5,1,0,4,2,1,0,1,0,0,99,99,99,99,88,88,0,0,0,1,1,1