STATE,ST_CASE,VE_TOTAL,VE_FORMS,PVH_INVL,PEDS,PERNOTMVIT,PERMVIT,PERSONS,COUNTY,CITY,DAY,MONTH,YEAR,DAY_WEEK,HOUR,MINUTE,NHS,RUR_URB,FUNC_SYS,RD_OWNER,ROUTE,TWAY_ID,TWAY_ID2,MILEPT,LATITUDE,LONGITUD,SP_JUR,HARM_EV,MAN_COLL,RELJCT1,RELJCT2,TYP_INT,WRK_ZONE,REL_ROAD,LGT_COND,WEATHER1,WEATHER2,WEATHER,SCH_BUS,RAIL,NOT_HOUR,NOT_MIN,ARR_HOUR,ARR_MIN,HOSP_HR,HOSP_MN,CF1,CF2,CF3,FATALS,DRUNK_DR,RANK
6,60154,1,1,0,0,0,2,2,77,0,29,2,2016,2,0,7,1,1,1,1,1,I-580,,59,37.652,-121.425,0,1,0,0,1,1,0,3,2,1,0,1,0,0,99,99,99,99,99,99,0,0,0,1,0,2
6,60159,1,1,0,1,1,1,1,71,2550,4,3,2016,6,22,54,1,2,1,1,1,I-10,,53,34.087,-117.649,0,8,0,0,1,1,0,1,3,1,0,1,0,0,99,99,99,99,99,99,0,0,0,1,0,1
6,60161,1,1,0,1,1,1,1,71,1603,1,2,2016,2,4,5,1,2,1,1,1,I-15,,304,34.383,-117.416,0,8,0,1,18,1,0,1,3,10,0,10,0,0,99,99,99,99,88,88,19,0,0,1,0,1
6,60167,2,2,0,1,1,5,5,37,2870,18,1,2016,2,21,11,1,2,1,1,1,I-10,,406,34.068,-117.835,0,8,0,0,1,1,0,1,2,10,0,10,0,0,99,99,99,99,88,88,23,0,0,1,0,1
6,60169,2,2,0,0,0,3,3,71,0,4,3,2016,6,11,8,0,1,2,1,3,SR-18,,154,34.226,-117.305,0,12,2,0,1,1,0,1,1,1,0,1,0,0,99,99,99,99,88,88,0,0,0,1,0,2
6,60173,1,1,0,1,1,2,2,19,0,4,3,2016,6,23,20,0,1,2,1,3,SR-180,,331,36.734,-120.233,0,8,0,0,1,1,0,1,2,10,0,10,0,0,99,99,99,99,88,88,0,0,0,1,0,1
6,60177,2,2,0,0,0,3,3,37,0,10,2,2016,4,18,50,1,1,2,1,3,SR-138,60TH ST,331,34.777,-118.237,0,12,6,0,2,2,0,1,2,1,0,1,0,0,99,99,99,99,99,99,0,0,0,1,1,1
6,60178,1,1,0,1,1,1,1,71,790,29,1,2016,6,3,5,1,2,1,1,1,I-10,,236,34.065,-117.308,0,8,0,0,1,1,0,1,2,1,0,1,0,0,99,99,99,99,88,88,0,0,0,1,0,1
6,60181,1,1,0,1,1,1,1,73,3260,12,2,2016,6,18,23,1,2,2,1,3,SR-94,,50,32.718,-117.086,0,8,0,1,20,1,0,1,3,1,0,1,0,0,99,99,99,99,99,99,0,0,0,1,0,2
6,60183,2,2,0,0,0,4,4,53,0,29,1,2016,6,17,24,0,1,2,1,3,SR-183,,27,36.69,-121.687,0,12,2,0,1,1,0,1,5,10,0,10,0,0,99,99,99,99,99,99,0,0,0,1,0,2
6,60191,3,3,0,0,0,3,3,65,0,10,2,2016,4,1,48,1,1,1,1,1,I-10,,1220,33.647,-115.124,0,12,1,0,1,1,0,1,2,1,0,1,0,0,99,99,99,99,88,88,0,0,0,1,0,1
6,60197,1,1,0,0,0,1,1,99,0,24,1,2016,1,14,28,1,1,2,1,3,SR-99,,176,37.654,-121.025,0,25,0,0,1,1,0,3,1,1,0,1,0,0,99,99,99,99,99,99,0,0,0,1,0,2
6,60199,6,6,0,0,0,6,6,59,2199,2,3,2016,4,17,55,1,2,1,1,1,I-5,,146,33.571,-117.672,0,12,1,0,1,1,0,1,5,1,0,1,0,0,99,99,99,99,99,99,28,0,0,1,0,1
6,60201,1,1,0,1,1,1,1,77,0,10,2,2016,4,3,57,1,1,2,1,3,SR-99,,170,37.936,-121.234,0,8,0,0,1,1,1,1,2,1,0,1,0,0,99,99,99,99,88,88,0,0,0,1,0,2
6,60202,2,2,0,0,0,3,3,71,0,1,3,2016,3,2,45,1,1,1,1,1,I-40,,1134,34.825,-115.084,0,12,1,0,1,1,0,1,2,1,0,1,0,0,99,99,99,99,88,88,19,0,0,1,0,1
6,60204,1,1,0,0,0,9,9,71,0,20,2,2016,7,15,15,1,1,1,1,1,I-15,,500,34.638,-117.223,0,1,0,0,1,1,0,2,1,1,0,1,0,0,99,99,99,99,99,99,0,0,0,1,1,1
6,60205,3,3,0,0,0,4,4,85,3340,11,2,2016,5,6,5,1,2,2,1,2,US-101,,234,37.21,-121.723,0,24,0,0,1,1,0,3,2,1,0,1,0,0,99,99,99,99,99,99,0,0,0,1,1,1
6,60210,2,2,0,0,0,6,6,83,0,15,2,2016,2,13,20,1,1,2,1,2,US-101,CAT CANYON RD,726,34.757,-120.295,0,12,6,0,2,2,0,1,1,1,0,1,0,0,99,99,99,99,99,99,0,0,0,1,0,0
6,60212,1,1,0,0,0,1,1,111,0,7,2,2016,1,11,25,0,1,2,1,3,SR-33,,354,34.595,-119.316,0,1,0,0,1,1,0,2,1,1,0,1,0,0,99,99,99,99,88,88,0,0,0,1,0,1
6,60215,1,1,0,0,0,9,9,71,0,17,2,2016,4,9,5,1,1,2,1,2,US-395,,631,35.231,-117.608,0,1,0,0,1,1,0,2,1,10,0,10,0,0,99,99,99,99,99,99,0,0,0,2,0,0
6,60216,1,1,0,0,0,2,2,59,3558,2,2,2016,3,6,40,1,2,1,1,1,I-405,,234,33.775,-118.087,0,26,0,0,1,1,0,3,4,1,0,1,0,0,99,99,99,99,99,99,0,0,0,1,0,2
6,60219,1,1,0,0,0,3,3,23,0,27,2,2016,7,8,0,0,1,4,1,3,SR-96,,31,40.981,-123.639,0,42,0,0,1,1,0,4,1,10,0,10,0,0,99,99,99,99,99,99,0,0,0,1,0,2
6,60220,1,1,0,0,0,1,1,111,0,12,2,2016,6,9,0,0,1,2,1,3,SR-33,,365,34.599,-119.335,0,1,0,0,1,1,0,4,1,1,0,1,0,0,99,99,99,99,88,88,0,0,0,1,0,1
6,60221,1,1,0,0,0,1,1,1,1920,24,2,2016,4,14,52,1,2,1,1,1,I-580,,111,37.703,-121.751,0,1,0,0,1,1,0,1,1,1,0,1,0,0,99,99,99,99,88,88,0,0,0,1,0,2
6,60223,1,1,0,0,0,1,1,103,0,25,2,2016,5,16,0,1,1,1,1,1,I-5,,403,40.349,-122.282,0,42,0,0,1,1,0,4,1,1,0,1,0,0,99,99,99,99,88,88,0,0,0,1,0,1
6,60230,2,2,0,0,0,3,3,39,0,2,3,2016,4,23,48,0,1,2,1,3,SR-145,,128,36.988,-120.017,0,12,2,0,1,1,0,1,2,1,0,1,0,0,99,99,99,99,99,99,0,0,0,2,0,1
6,60233,1,1,0,0,0,4,4,25,0,9,1,2016,7,2,20,1,1,2,1,3,SR-86,,518,33.226,-115.922,0,1,0,0,1,1,0,3,2,1,0,1,0,0,99,99,99,99,99,99,0,0,0,2,1,1
6,60234,1,1,0,0,0,1,1,97,3490,2,3,2016,4,12,50,0,2,2,1,3,SR-12,,173,38.435,-122.693,0,24,0,0,1,1,0,4,1,10,0,10,0,0,99,99,99,99,88,88,0,0,0,1,0,2
6,60235,1,1,0,0,0,2,2,73,0,2,3,2016,4,10,26,1,1,2,1,3,SR-94,,105,32.753,-117.01,0,24,0,1,19,1,0,4,1,1,0,1,0,0,99,99,99,99,99,99,0,0,0,1,0,2
6,60236,1,1,0,1,1,4,4,61,0,27,2,2016,7,0,30,1,1,2,1,3,SR-49,,44,38.917,-121.08,0,8,0,0,1,1,0,1,2,1,0,1,0,0,99,99,99,99,99,99,0,0,0,1,0,1
6,60239,2,2,0,0,0,7,7,77,0,13,3,2016,1,23,22,0,1,2,1,3,SR-4,,10,37.89,-121.553,0,12,2,0,1,1,0,1,2,2,0,2,0,0,99,99,99,99,99,99,0,0,0,2,0,2
6,60243,2,2,0,0,0,2,2,1,0,8,3,2016,3,5,32,1,1,1,1,1,I-580,,11,37.739,-121.593,0,12,1,0,1,1,0,1,4,10,0,10,0,0,99,99,99,99,88,88,0,0,0,1,0,2
6,60244,1,1,0,1,1,2,2,29,0,4,3,2016,6,23,45,0,1,2,1,3,SR-155,,682,35.66,-118.475,0,8,0,0,1,1,0,1,2,10,0,10,0,0,99,99,99,99,99,99,0,0,0,1,0,1
6,60250,2,2,0,0,0,6,6,37,2700,24,3,2016,5,16,35,1,2,1,1,1,I-210,,294,34.148,-118.081,0,12,1,0,1,1,0,1,1,1,0,1,0,0,99,99,99,99,88,88,0,0,0,1,0,1
6,60257,1,1,0,0,0,3,3,37,1980,3,3,2016,5,13,35,1,2,2,1,3,SR-47,,23,33.751,-118.258,0,5,0,0,1,1,0,1,1,1,0,1,0,0,99,99,99,99,99,99,0,0,0,1,1,2
6,60260,2,1,1,0,2,1,3,71,2922,11,2,2016,5,22,6,1,2,2,1,3,SR-210,,63,34.135,-117.587,0,14,0,0,1,1,0,2,2,1,0,1,0,0,99,99,99,99,88,88,0,0,0,1,0,2
6,60261,2,2,0,0,0,8,8,53,0,21,3,2016,2,12,12,1,1,2,1,3,SR-1,,905,36.782,-121.779,0,12,2,0,1,1,0,1,1,10,0,10,0,0,99,99,99,99,99,99,0,0,0,2,0,1
6,60262,1,1,0,1,1,1,1,71,1305,12,2,2016,6,0,50,1,2,1,1,1,I-10,,120,34.066,-117.504,0,8,0,0,1,1,0,1,2,1,0,1,0,0,99,99,99,99,88,88,0,0,0,1,0,1
6,60266,2,2,0,0,0,5,5,107,0,20,2,2016,7,15,40,1,1,2,1,3,SR-99,,194,36.065,-119.314,0,59,0,1,5,1,0,8,1,1,0,1,0,0,99,99,99,99,99,99,0,0,0,1,0,2
6,60268,1,1,0,1,1,1,1,37,1980,5,3,2016,7,0,40,1,2,2,1,3,SR-170,,178,34.192,-118.402,0,8,0,0,1,1,0,1,3,10,0,10,0,0,99,99,99,99,99,99,0,0,0,1,0,2
6,60269,4,4,0,0,0,11,11,37,0,23,1,2016,7,17,45,1,1,2,1,3,SR-60,,197,33.994,-117.902,0,12,1,0,1,1,0,1,3,1,0,1,0,0,99,99,99,99,99,99,0,0,0,1,0,2
6,60273,2,2,0,0,0,4,4,53,0,28,2,2016,1,19,40,0,1,2,1,3,SR-198,,74,36.154,-120.916,0,12,2,0,1,1,0,1,2,1,0,1,0,0,99,99,99,99,99,99,0,0,0,1,2,1
6,60276,3,3,0,0,0,4,4,65,0,21,2,2016,1,8,40,0,1,2,1,3,SR-74,,88,33.645,-117.385,0,12,2,0,1,1,0,1,1,1,0,1,0,0,99,99,99,99,99,99,14,0,0,1,0,2
6,60283,1,1,0,0,0,1,1,87,0,22,2,2016,2,11,10,0,1,2,1,3,SR-1,,375,37.053,-122.243,0,35,0,0,1,1,0,4,1,1,0,1,0,0,99,99,99,99,88,88,0,0,0,1,0,1
6,60284,1,1,0,0,0,5,5,99,0,18,3,2016,6,15,59,0,1,2,1,3,SR-4,,47,37.945,-120.841,0,38,0,0,1,1,0,4,1,1,0,1,0,0,99,99,99,99,99,99,0,0,0,1,0,2
6,60285,1,1,0,0,0,1,1,83,0,29,2,2016,2,10,25,0,1,2,1,3,SR-166,,325,35.098,-120.12,0,33,0,0,1,1,0,4,1,1,0,1,0,0,99,99,99,99,88,88,0,0,0,1,0,1
6,60288,1,1,0,0,0,1,1,29,0,27,3,2016,1,9,47,1,1,2,1,3,SR-99,,156,35.311,-119.034,0,42,0,0,1,1,0,4,1,1,0,1,0,0,99,99,99,99,99,99,0,0,0,1,0,2
6,60289,1,1,0,0,0,2,2,65,2730,5,3,2016,7,17,5,1,2,1,1,1,I-215,,260,33.781,-117.213,0,30,0,0,1,1,0,4,1,10,0,10,0,0,99,99,99,99,88,88,0,0,0,2,0,1
6,60292,1,1,0,0,0,1,1,71,3210,13,3,2016,1,1,55,1,2,2,1,3,SR-210,,225,34.146,-117.309,0,24,0,0,1,1,0,3,2,10,0,10,0,0,99,99,99,99,88,88,0,0,0,1,0,2
6,60293,1,1,0,0,0,1,1,111,0,13,3,2016,1,12,10,0,1,2,1,3,SR-33,,527,34.736,-119.398,0,17,0,0,1,1,0,4,1,10,0,10,0,0,99,99,99,99,88,88,0,0,0,1,0,1
6,60294,1,1,0,0,0,1,1,37,1045,12,3,2016,7,1,25,1,2,1,1,1,I-605,,66,33.938,-118.097,0,33,0,1,19,1,0,4,3,1,0,1,0,0,99,99,99,99,99,99,0,0,0,1,1,2
6,60295,1,1,0,0,0,3,3,73,3260,12,3,2016,7,2,43,0,2,2,1,3,SR-52,,39,32.847,-117.176,0,23,0,1,19,1,0,3,3,1,0,1,0,0,99,99,99,99,99,99,0,0,0,1,1,0
6,60297,2,1,1,1,1,1,1,13,2770,28,2,2016,1,0,7,1,2,1,1,1,I-80,,89,38.001,-122.282,0,14,0,0,1,1,0,2,3,1,0,1,0,0,99,99,99,99,88,88,0,0,0,1,1,0
6,60303,1,1,0,0,0,3,3,37,2700,6,3,2016,1,6,57,1,2,1,1,1,I-210,,234,34.173,-118.159,0,33,0,0,1,1,0,4,1,2,0,2,0,0,99,99,99,99,99,99,0,0,0,1,0,1
6,60304,1,1,0,1,1,1,1,33,0,15,2,2016,2,18,18,0,1,3,1,3,SR-20,,136,39.123,-122.847,0,8,0,0,1,1,0,1,2,1,0,1,0,0,99,99,99,99,99,99,0,0,0,1,0,2
6,60310,5,5,0,0,0,6,6,61,0,11,3,2016,6,18,50,0,1,2,1,3,SR-89,,157,39.244,-120.211,0,12,6,0,1,1,0,1,2,98,0,98,0,0,99,99,99,99,99,99,0,0,0,1,0,1
6,60313,2,2,0,1,1,1,1,13,2090,16,1,2016,7,20,32,1,2,2,1,3,SR-4,,87,37.991,-122.128,0,12,6,0,1,1,0,1,2,2,0,2,0,0,99,99,99,99,99,99,19,0,0,1,1,2
6,60314,2,2,0,1,1,3,3,101,0,14,3,2016,2,3,50,0,1,2,1,3,SR-99,,289,39.116,-121.635,0,8,0,0,1,1,0,1,2,10,0,10,0,0,99,99,99,99,88,88,0,0,0,1,0,2
6,60322,1,1,0,0,0,1,1,73,3260,26,3,2016,7,21,7,1,1,1,1,1,I-5,,31,32.565,-117.073,0,33,0,0,1,1,0,4,3,1,0,1,0,0,99,99,99,99,88,88,0,0,0,1,0,1
6,60323,1,1,0,0,0,1,1,65,0,5,3,2016,7,4,6,1,1,1,1,1,I-10,,503,33.761,-116.305,0,24,0,0,1,1,0,4,3,1,0,1,0,0,99,99,99,99,99,99,0,0,0,1,1,1
6,60332,1,1,0,1,1,2,2,95,4020,1,2,2016,2,18,58,1,2,3,1,3,SR-29,,55,38.149,-122.255,0,8,0,0,1,1,0,1,3,10,0,10,0,0,99,99,99,99,88,88,0,0,0,1,0,2
6,60338,1,1,0,1,1,1,1,99,2200,5,2,2016,6,10,30,0,2,3,1,3,SR-132,D ST,150,37.634,-120.994,0,9,0,0,3,2,0,1,1,1,0,1,0,0,99,99,99,99,99,99,16,0,0,1,0,1
6,60341,3,3,0,0,0,4,4,37,3270,14,2,2016,1,15,45,0,2,2,1,3,SR-57,,103,34.101,-117.819,0,7,0,0,1,1,0,1,1,1,0,1,0,0,99,99,99,99,88,88,14,0,0,1,0,2
6,60342,2,2,0,0,0,2,2,65,1690,7,2,2016,1,7,9,1,2,1,1,1,I-10,,522,33.75,-116.274,0,18,0,0,1,1,1,5,1,1,0,1,0,0,99,99,99,99,88,88,19,23,0,1,0,1
6,60345,1,1,0,0,0,1,1,65,410,8,2,2016,2,5,40,1,2,1,1,1,I-10,,1514,33.607,-114.619,0,1,0,0,1,1,0,4,4,1,0,1,0,0,99,99,99,99,99,99,0,0,0,1,0,1
6,60347,2,2,0,1,1,1,1,37,1980,6,3,2016,1,6,3,1,2,1,1,1,I-10,,177,34.028,-118.23,0,12,1,0,1,1,0,1,4,10,2,2,0,0,99,99,99,99,88,88,19,14,0,1,0,1
6,60348,2,2,0,0,0,6,6,59,0,8,2,2016,2,21,10,0,1,2,1,3,SR-1,,122,33.564,-117.826,0,43,0,0,1,1,0,4,3,1,0,1,0,0,99,99,99,99,99,99,0,0,0,1,1,1
6,60350,1,1,0,0,0,2,2,65,0,10,2,2016,4,8,43,1,1,1,1,1,I-10,,1020,33.699,-115.468,0,24,0,0,1,1,0,3,1,1,0,1,0,0,99,99,99,99,99,99,0,0,0,1,0,1
6,60352,1,1,0,1,1,2,2,29,0,12,2,2016,6,2,15,1,1,2,1,3,SR-58,,594,35.352,-118.915,0,8,0,0,1,1,0,1,2,1,0,1,0,0,99,99,99,99,99,99,0,0,0,1,0,1
6,60353,2,2,0,0,0,4,4,53,0,26,3,2016,7,11,25,1,1,2,1,2,US-101,,469,36.251,-121.176,0,1,0,0,1,1,0,3,1,1,0,1,0,0,99,99,99,99,99,99,14,0,0,1,0,0
6,60354,2,1,1,0,0,1,1,65,850,31,1,2016,1,11,36,1,2,1,1,1,I-15,,325,33.785,-117.492,0,14,0,0,1,1,0,2,1,10,2,2,0,0,99,99,99,99,88,88,0,0,0,1,0,1
6,60360,1,1,0,0,0,1,1,65,0,2,4,2016,7,1,50,1,1,2,1,3,SR-79,,60,33.464,-116.916,0,1,0,0,1,1,0,4,2,1,0,1,0,0,99,99,99,99,99,99,0,0,0,1,1,1
6,60363,1,1,0,0,0,1,1,29,240,4,4,2016,2,2,40,1,2,2,1,3,SR-99,,214,35.32,-119.037,0,24,0,0,1,1,0,4,3,1,0,1,0,0,99,99,99,99,88,88,0,0,0,1,0,2
6,60364,1,1,0,0,0,1,1,37,1980,13,4,2016,4,19,45,1,2,1,1,1,I-5,,437,34.312,-118.487,0,33,0,0,1,1,0,4,3,1,0,1,0,0,99,99,99,99,99,99,0,0,0,1,0,1
6,60367,1,1,0,0,0,1,1,73,3260,4,4,2016,2,14,58,1,2,1,1,1,I-5,,138,32.699,-117.139,0,1,0,0,1,1,0,1,1,1,0,1,0,0,99,99,99,99,99,99,0,0,0,1,0,1
6,60380,1,1,0,0,0,1,1,53,0,19,3,2016,7,7,30,0,1,2,1,3,SR-198,,130,36.19,-120.837,0,38,0,0,1,1,0,5,1,1,0,1,0,0,99,99,99,99,88,88,0,0,0,1,0,1
6,60381,1,1,0,1,1,1,1,95,1260,1,1,2016,6,6,35,1,2,1,1,1,I-80,,124,38.212,-122.145,0,8,0,0,1,1,0,1,2,1,0,1,0,0,99,99,99,99,88,88,0,0,0,1,0,0
6,60383,2,2,0,1,1,2,2,67,0,4,1,2016,2,1,40,1,1,1,1,1,I-80,,62,38.641,-121.456,0,8,0,1,18,1,0,1,2,1,0,1,0,0,99,99,99,99,99,99,0,0,0,1,0,0
6,60384,3,3,0,0,0,11,11,73,0,21,2,2016,1,21,0,1,1,1,1,1,I-8,,469,32.791,-116.495,0,12,1,0,1,1,0,1,2,1,0,1,0,0,99,99,99,99,99,99,0,0,0,1,0,0
6,60386,3,3,0,0,0,3,3,65,0,17,3,2016,5,12,55,1,1,1,1,1,I-10,,732,33.675,-115.945,0,12,7,0,1,1,0,1,1,1,0,1,0,0,99,99,99,99,88,88,14,0,0,1,0,1
6,60387,2,2,0,0,0,4,4,37,1980,19,3,2016,7,7,55,1,2,2,1,2,US-101,,86,34.122,-118.34,0,12,1,0,1,1,0,1,1,10,0,10,0,0,99,99,99,99,88,88,28,0,0,1,0,0
6,60394,5,5,0,0,0,7,7,59,2199,25,3,2016,6,23,12,1,2,1,1,1,I-5,,137,33.557,-117.673,0,12,1,0,1,1,0,1,3,1,0,1,0,0,99,99,99,99,99,99,19,27,0,1,0,1
6,60395,1,1,0,0,0,2,2,71,0,17,1,2016,1,2,40,1,1,1,1,1,I-15,,265,34.299,-117.458,0,52,0,0,1,1,1,4,2,1,0,1,0,0,99,99,99,99,99,99,0,0,0,1,0,1
6,60397,2,2,0,0,0,3,3,77,0,26,1,2016,3,11,45,1,1,1,1,1,I-5,,482,38.241,-121.442,0,12,7,0,1,1,0,1,1,1,0,1,0,0,99,99,99,99,99,99,0,0,0,1,0,1
6,60399,2,2,0,0,0,2,2,59,450,3,2,2016,4,3,7,1,2,2,1,3,SR-57,,181,33.884,-117.88,0,12,1,0,1,1,0,1,2,1,0,1,0,0,99,99,99,99,88,88,0,0,0,1,0,2
6,60402,1,1,0,0,0,2,2,97,0,14,2,2016,1,1,45,0,1,2,1,3,SR-1,,89,38.318,-123.03,0,42,0,0,1,1,0,4,2,1,0,1,0,0,99,99,99,99,88,88,0,0,0,2,1,1
6,60404,1,1,0,1,1,2,2,37,1110,14,2,2016,1,4,10,1,2,1,1,1,I-10,,283,34.071,-118.048,0,8,0,0,1,1,0,1,3,1,0,1,0,0,99,99,99,99,88,88,0,0,0,1,0,1
6,60408,3,3,0,0,0,5,5,31,0,28,1,2016,5,17,50,0,1,2,1,3,SR-43,IDAHO AVE,144,36.27,-119.601,0,12,6,0,2,2,0,1,2,1,0,1,0,0,99,99,99,99,99,99,0,0,0,1,0,2
6,60415,1,1,0,0,0,1,1,73,0,24,1,2016,1,13,55,1,1,2,1,3,SR-94,,274,32.653,-116.79,0,24,0,0,1,1,0,4,1,1,0,1,0,0,99,99,99,99,99,99,0,0,0,1,0,2
6,60420,2,2,0,1,1,3,3,75,3290,24,2,2016,4,22,54,1,2,1,1,1,I-280,,31,37.732,-122.43,0,8,0,0,1,1,0,1,2,10,0,10,0,0,99,99,99,99,88,88,0,0,0,1,0,1
6,60422,1,1,0,1,1,1,1,79,150,9,4,2016,7,2,40,1,2,2,1,2,US-101,,148,35.13,-120.608,0,8,0,0,1,1,0,1,2,1,0,1,0,0,99,99,99,99,88,88,0,0,0,1,0,0
6,60424,1,1,0,0,0,7,7,31,0,21,2,2016,1,0,50,1,1,1,1,1,I-5,,6,35.798,-119.788,0,1,0,0,1,1,0,1,2,1,0,1,0,0,99,99,99,99,99,99,0,0,0,4,0,1
6,60425,2,2,0,0,0,3,3,43,0,5,4,2016,3,13,0,1,1,2,1,3,SR-140,,355,37.622,-119.955,0,12,2,0,1,1,0,1,1,1,0,1,0,0,99,99,99,99,99,99,0,0,0,2,1,1
6,60429,1,1,0,1,1,2,2,37,1980,31,3,2016,5,23,7,1,1,1,1,1,I-605,,165,34.026,-118.039,0,8,0,0,1,1,0,1,3,1,0,1,0,0,99,99,99,99,99,99,0,0,0,1,0,2
6,60431,1,1,0,1,1,2,2,65,0,12,3,2016,7,18,20,0,1,2,1,3,SR-74,,444,33.748,-116.906,0,8,0,0,1,1,0,1,2,1,0,1,0,0,99,99,99,99,88,88,0,0,0,1,0,2
6,60437,1,1,0,0,0,1,1,79,0,7,4,2016,5,0,12,1,1,2,1,2,US-101,,525,35.566,-120.702,0,33,0,0,1,1,0,4,3,1,0,1,0,0,99,99,99,99,88,88,0,0,0,1,1,1
6,60439,1,1,0,0,0,2,2,61,0,26,3,2016,7,6,35,1,1,1,1,1,I-80,,285,39.033,-120.976,0,42,0,0,1,1,0,4,1,1,0,1,0,0,99,99,99,99,99,99,0,0,0,1,0,0
6,60442,1,1,0,0,0,1,1,71,3210,22,2,2016,2,3,19,1,2,2,1,3,SR-210,,219,34.146,-117.317,0,24,0,0,1,1,0,4,3,1,0,1,0,0,99,99,99,99,88,88,0,0,0,1,1,2
6,60443,1,1,0,0,0,1,1,23,0,25,2,2016,5,2,50,1,1,3,1,2,US-101,,192,40.198,-123.776,0,35,0,0,1,1,0,4,2,1,0,1,0,0,99,99,99,99,88,88,0,0,0,1,1,1
6,60450,2,2,0,0,0,2,2,113,0,1,3,2016,3,23,37,1,1,1,1,1,I-5,,206,38.828,-121.913,0,12,2,0,1,1,0,1,2,1,0,1,0,0,99,99,99,99,88,88,0,0,0,2,1,1
6,60455,2,2,0,0,0,2,2,31,0,22,4,2016,6,21,25,0,1,2,1,3,SR-43,WHITLEY AVE,15,36.098,-119.546,0,12,6,1,2,2,0,1,3,1,0,1,0,0,99,99,99,99,99,99,0,0,0,1,0,2
6,60457,1,1,0,0,0,1,1,71,0,15,3,2016,3,22,35,1,1,1,1,1,I-215,,134,34.185,-117.352,0,24,0,0,1,1,0,3,2,1,0,1,0,0,99,99,99,99,99,99,0,0,0,1,1,1
6,60458,1,1,0,0,0,1,1,73,0,20,3,2016,1,11,28,0,1,2,1,3,SR-78,,567,33.078,-116.62,0,42,0,0,1,1,0,4,1,1,0,1,0,0,99,99,99,99,99,99,0,0,0,1,0,1
6,60460,1,1,0,0,0,1,1,71,0,23,3,2016,4,22,0,0,1,3,1,3,SR-2,,20,34.357,-117.621,0,1,0,0,1,1,0,4,2,1,0,1,0,0,99,99,99,99,99,99,0,0,0,1,0,2
6,60462,2,2,0,0,0,3,3,115,0,24,4,2016,1,12,57,1,1,2,1,3,SR-70,,209,39.236,-121.6,0,12,6,0,1,1,0,1,1,1,0,1,0,0,99,99,99,99,99,99,0,0,0,1,1,2
6,60463,2,2,0,0,0,3,3,45,0,17,3,2016,5,11,25,1,1,2,1,2,US-101,SR-1,1056,39.868,-123.714,0,12,6,0,2,3,0,1,1,1,0,1,0,0,99,99,99,99,99,99,0,0,0,1,0,0
6,60464,9,9,0,0,0,14,14,81,0,9,4,2016,7,3,45,1,1,2,1,2,US-101,,198,37.623,-122.401,0,12,7,0,1,1,0,1,2,2,0,2,0,0,99,99,99,99,99,99,19,27,0,1,2,1
6,60468,3,3,0,0,0,4,4,73,0,26,2,2016,6,20,5,1,1,1,1,1,I-5,,71,33.35,-117.521,0,12,1,0,1,1,0,1,2,1,0,1,0,0,99,99,99,99,88,88,14,0,0,1,1,1
6,60469,2,2,0,0,0,2,2,63,0,22,4,2016,6,17,50,0,1,2,1,3,SR-70,,929,39.8,-120.165,0,12,2,0,1,1,0,1,1,10,4,4,0,0,99,99,99,99,99,99,0,0,0,1,1,2
6,60471,2,2,0,0,0,2,2,65,750,22,3,2016,3,13,59,1,2,2,1,3,SR-86,AVE 52,191,33.674,-116.148,0,12,1,0,3,2,0,1,1,1,0,1,0,0,99,99,99,99,99,99,0,0,0,1,0,1
6,60472,1,1,0,0,0,1,1,37,1430,6,3,2016,1,2,15,1,2,2,1,3,SR-134,,68,34.156,-118.261,0,33,0,0,1,1,0,4,2,2,10,2,0,0,99,99,99,99,99,99,0,0,0,1,0,1
6,60477,2,2,0,0,0,4,4,37,1970,6,3,2016,1,10,30,1,2,1,1,1,I-405,,55,33.814,-118.178,0,12,7,0,1,1,0,1,1,1,0,1,0,0,99,99,99,99,99,99,0,0,0,1,0,2
6,60480,1,1,0,0,0,1,1,71,0,9,3,2016,4,10,36,1,1,1,1,1,I-15,,980,34.972,-116.628,0,1,0,0,1,1,0,5,1,1,0,1,0,0,99,99,99,99,88,88,0,0,0,1,0,1
6,60482,2,2,0,0,0,3,3,37,1980,14,4,2016,5,21,45,1,2,3,1,3,SR-47,NAVY WAY,23,33.754,-118.252,0,12,6,0,2,3,0,1,3,1,0,1,0,0,99,99,99,99,99,99,0,0,0,1,0,2
6,60487,1,1,0,0,0,1,1,99,0,13,3,2016,1,21,50,1,1,2,1,3,SR-99,,239,37.722,-121.1,0,42,0,0,1,1,0,4,2,2,0,2,0,0,99,99,99,99,88,88,0,0,0,1,1,2
6,60492,2,2,0,0,0,2,2,113,0,10,3,2016,5,8,30,1,1,1,1,1,I-5,,209,38.83,-121.915,0,12,6,0,1,1,0,1,1,10,0,10,0,0,99,99,99,99,99,99,0,0,0,1,0,1
6,60496,2,2,0,0,0,6,6,1,0,11,3,2016,6,21,0,0,1,3,1,3,SR-84,,227,37.616,-121.814,0,12,2,0,1,1,0,1,2,2,0,2,0,0,99,99,99,99,99,99,0,0,0,1,0,2