STATE,ST_CASE,VE_TOTAL,VE_FORMS,PVH_INVL,PEDS,PERNOTMVIT,PERMVIT,PERSONS,COUNTY,CITY,DAY,MONTH,YEAR,DAY_WEEK,HOUR,MINUTE,NHS,RUR_URB,FUNC_SYS,RD_OWNER,ROUTE,TWAY_ID,TWAY_ID2,MILEPT,LATITUDE,LONGITUD,SP_JUR,HARM_EV,MAN_COLL,RELJCT1,RELJCT2,TYP_INT,WRK_ZONE,REL_ROAD,LGT_COND,WEATHER1,WEATHER2,WEATHER,SCH_BUS,RAIL,NOT_HOUR,NOT_MIN,ARR_HOUR,ARR_MIN,HOSP_HR,HOSP_MN,CF1,CF2,CF3,FATALS,DRUNK_DR,RANK
6,60497,2,2,0,0,0,2,2,85,0,16,4,2016,7,13,20,1,1,2,1,3,SR-152,,201,36.969,-121.413,0,12,2,0,1,1,0,1,1,1,0,1,0,0,99,99,99,99,88,88,0,0,0,1,0,1
6,60498,2,2,0,0,0,2,2,67,3150,12,2,2016,6,16,45,1,2,2,1,2,US-50,,4,38.56,-121.467,0,12,1,1,18,1,0,1,1,1,0,1,0,0,99,99,99,99,88,88,0,0,0,1,1,2
6,60502,1,1,0,0,0,2,2,83,0,12,3,2016,7,14,30,1,1,2,1,2,US-101,,99,34.422,-119.629,0,33,0,0,1,1,0,4,1,1,0,1,0,0,99,99,99,99,99,99,0,0,0,2,0,1
6,60504,1,1,0,0,0,4,4,95,1260,29,3,2016,3,9,48,1,2,1,1,1,I-80,,137,38.23,-122.116,0,18,0,0,1,1,0,1,1,1,0,1,0,0,99,99,99,99,99,99,0,0,0,1,0,0
6,60506,1,1,0,0,0,1,1,71,0,22,4,2016,6,3,50,1,1,1,1,1,I-40,,1361,34.891,-114.698,0,24,0,0,1,1,0,3,2,1,0,1,0,0,99,99,99,99,88,88,0,0,0,1,0,1
6,60511,3,3,0,0,0,3,3,37,0,30,3,2016,4,16,11,1,1,2,1,3,SR-60,,86,34.04,-118.08,0,12,6,1,5,1,0,1,1,2,0,2,0,0,99,99,99,99,88,88,0,0,0,1,0,2
6,60512,2,2,0,0,0,2,2,107,0,29,3,2016,3,8,57,0,1,2,1,3,SR-190,,163,36.051,-119.02,0,41,0,0,1,1,0,3,1,1,0,1,0,0,99,99,99,99,99,99,0,0,0,1,0,0
6,60514,3,3,0,0,0,8,8,67,3150,15,2,2016,2,0,45,1,2,2,1,3,SR-99,,234,38.546,-121.474,0,12,7,0,1,1,0,1,3,1,0,1,0,0,99,99,99,99,99,99,0,0,0,1,0,2
6,60515,2,2,0,0,0,3,3,71,0,16,4,2016,7,19,35,0,1,2,1,3,SR-18,HIGH RD,786,34.451,-117.033,0,12,6,1,2,3,0,1,1,1,0,1,0,0,99,99,99,99,99,99,0,0,0,1,0,2
6,60517,1,1,0,1,1,1,1,89,0,1,4,2016,6,18,25,0,1,3,1,3,SR-299,,748,40.882,-121.67,0,8,0,0,1,1,0,1,1,1,0,1,0,0,99,99,99,99,99,99,0,0,0,1,0,0
6,60518,1,1,0,1,1,1,1,85,3340,1,1,2016,6,20,22,1,2,1,1,1,I-680,,342,37.332,-121.846,0,8,0,1,20,1,0,1,3,1,0,1,0,0,99,99,99,99,88,88,0,0,0,1,0,1
6,60519,2,2,0,0,0,2,2,27,0,17,4,2016,1,15,15,1,1,2,1,2,US-395,MILL CREEK RD,1261,37.419,-118.556,0,12,6,0,2,2,0,1,1,1,0,1,0,0,99,99,99,99,88,88,0,0,0,1,0,0
6,60520,4,4,0,0,0,5,5,1,1364,18,4,2016,2,11,50,1,2,1,1,1,I-680,,30,37.499,-121.928,0,12,1,0,1,1,0,1,1,1,0,1,0,0,99,99,99,99,99,99,0,0,0,1,0,1
6,60521,2,2,0,0,0,2,2,7,0,7,4,2016,5,13,55,0,1,5,1,3,SR-162,FOREMAN CREEK RD,311,39.594,-121.445,0,12,6,1,2,3,0,1,1,1,0,1,0,0,99,99,99,99,88,88,0,0,0,1,0,2
6,60525,2,2,0,0,0,2,2,81,0,27,3,2016,1,18,55,0,1,3,1,3,SR-84,,74,37.313,-122.288,0,12,2,0,1,1,0,1,5,1,0,1,0,0,99,99,99,99,88,88,0,0,0,1,0,2
6,60528,2,2,0,0,0,3,3,65,0,16,3,2016,4,4,25,1,1,2,1,3,SR-86,,165,33.64,-116.131,0,12,1,0,1,1,0,1,2,1,0,1,0,0,99,99,99,99,99,99,0,0,0,1,0,1
6,60529,2,2,0,0,0,2,2,77,0,13,4,2016,4,20,25,1,1,1,1,1,I-5,,99,37.731,-121.343,0,12,2,0,1,1,0,1,2,1,0,1,0,0,99,99,99,99,99,99,0,0,0,1,1,1
6,60536,4,4,0,0,0,4,4,37,1980,20,4,2016,4,0,34,1,1,1,1,1,I-5,,378,34.249,-118.427,0,12,1,0,1,1,0,1,3,1,0,1,0,0,99,99,99,99,99,99,0,0,0,1,0,1
6,60537,2,2,0,0,0,6,6,65,1580,3,4,2016,1,1,35,0,2,3,1,3,SR-74,,438,33.748,-116.916,0,12,2,0,1,1,0,1,2,1,0,1,0,0,99,99,99,99,99,99,0,0,0,3,1,2
6,60539,1,1,0,0,0,2,2,99,2200,1,2,2016,2,9,42,0,2,3,1,3,SR-132,,156,37.637,-120.986,0,33,0,0,1,1,0,4,1,1,0,1,0,0,99,99,99,99,99,99,0,0,0,1,0,1
6,60540,2,2,0,1,1,3,3,73,560,6,4,2016,4,3,20,1,2,1,1,1,I-5,,473,33.126,-117.324,0,8,0,0,1,1,0,1,2,1,0,1,0,0,99,99,99,99,99,99,19,0,0,1,0,1
6,60541,3,1,2,2,6,1,5,13,975,13,3,2016,1,12,15,1,2,1,1,1,I-680,,59,37.801,-121.988,0,25,0,0,1,1,0,3,1,2,0,2,0,0,99,99,99,99,99,99,14,19,15,2,0,1
6,60542,1,1,0,0,0,3,3,115,0,13,2,2016,7,18,55,0,1,2,1,3,SR-49,,6,39.401,-121.079,0,42,0,0,1,1,0,4,2,1,0,1,0,0,99,99,99,99,99,99,0,0,0,1,1,1
6,60544,1,1,0,1,1,1,1,37,0,4,2,2016,5,19,20,1,1,2,1,3,SR-60,,23,34.032,-118.186,0,8,0,0,1,1,0,1,3,1,0,1,0,0,99,99,99,99,88,88,0,0,0,1,0,2
6,60547,1,1,0,0,0,5,5,71,0,29,3,2016,3,22,0,1,1,1,1,1,I-15,,1710,35.469,-115.537,0,43,0,0,1,1,0,4,2,1,0,1,0,0,99,99,99,99,99,99,0,0,0,1,0,1
6,60549,1,1,0,0,0,2,2,77,1865,9,4,2016,7,1,57,1,2,1,1,1,I-5,,139,37.779,-121.315,0,23,0,0,1,1,0,3,2,2,0,2,0,0,99,99,99,99,99,99,0,0,0,1,0,1
6,60550,1,1,0,0,0,1,1,17,0,30,4,2016,7,21,35,1,1,2,1,2,US-50,,229,38.737,-120.717,0,43,0,0,1,1,0,4,3,10,0,10,0,0,99,99,99,99,88,88,0,0,0,1,0,2
6,60552,1,1,0,0,0,1,1,13,820,17,2,2016,4,16,53,1,2,1,1,1,I-680,,190,37.963,-122.054,0,30,0,0,1,1,0,4,1,1,0,1,0,0,99,99,99,99,99,99,0,0,0,1,0,1
6,60553,1,1,0,0,0,2,2,65,0,17,3,2016,5,0,18,1,1,1,1,1,I-10,,1249,33.633,-115.078,0,1,0,0,1,1,0,4,2,1,0,1,0,0,99,99,99,99,88,88,0,0,0,1,1,1
6,60556,4,4,0,0,0,4,4,111,3860,4,3,2016,6,18,58,1,2,2,1,2,US-101,,13,34.163,-118.833,0,12,7,0,1,1,1,1,2,1,0,1,0,0,99,99,99,99,99,99,14,0,0,1,1,1
6,60559,1,1,0,0,0,4,4,29,0,5,3,2016,7,10,20,0,1,2,1,3,SR-178,,694,35.734,-118.127,0,35,0,0,1,1,0,4,1,1,0,1,0,0,99,99,99,99,99,99,0,0,0,2,0,0
6,60563,1,1,0,0,0,1,1,59,1713,23,3,2016,4,1,25,1,2,2,1,3,SR-133,,92,33.663,-117.755,0,20,0,1,19,1,0,3,3,1,0,1,0,0,99,99,99,99,88,88,0,0,0,1,1,2
6,60570,1,1,0,1,1,1,1,73,0,12,4,2016,3,22,10,1,1,1,1,1,I-8,,604,32.709,-116.377,0,8,0,0,1,1,0,2,2,5,0,5,0,0,99,99,99,99,99,96,0,0,0,1,0,0
6,60571,1,1,0,0,0,1,1,83,0,30,4,2016,7,5,36,0,1,2,2,3,SR-154,FOXEN CANYON RD,24,34.668,-120.122,0,18,0,1,2,2,0,1,2,1,0,1,0,0,99,99,99,99,99,99,0,0,0,1,0,2
6,60574,1,1,0,0,0,1,1,53,0,30,4,2016,7,4,45,1,1,2,1,2,US-101,,431,36.22,-121.169,0,1,0,0,1,1,0,1,2,1,0,1,0,0,99,99,99,99,88,88,0,0,0,1,0,0
6,60578,2,2,0,0,0,2,2,59,470,29,1,2016,6,2,18,1,1,2,1,3,SR-91,,16,33.856,-118.016,0,12,7,0,1,1,0,1,3,1,0,1,0,0,99,99,99,99,99,99,20,0,0,1,1,2
6,60579,2,1,1,0,1,1,2,1,3360,2,2,2016,3,20,28,1,1,1,1,1,I-880,,209,37.692,-122.14,0,14,0,0,1,1,0,2,2,1,0,1,0,0,99,99,99,99,99,99,23,0,0,1,1,2
6,60581,1,1,0,0,0,1,1,13,2090,13,3,2016,1,15,10,1,2,1,1,1,I-680,,251,38.033,-122.117,0,25,0,0,1,1,0,3,1,2,0,2,0,0,99,99,99,99,99,99,0,0,0,1,0,1
6,60582,2,2,0,0,0,2,2,107,0,1,3,2016,3,21,14,1,1,2,1,3,SR-99,,351,36.279,-119.373,0,12,1,0,1,1,0,1,2,1,0,1,0,0,99,99,99,99,99,99,0,0,0,1,1,2
6,60583,2,2,0,0,0,4,4,71,1305,19,3,2016,7,20,55,1,2,1,1,1,I-15,,106,34.161,-117.466,0,12,1,0,1,1,0,1,3,1,0,1,0,0,99,99,99,99,99,99,14,0,0,1,0,1
6,60587,3,3,0,1,1,4,4,75,3290,28,3,2016,2,6,15,1,2,1,1,1,I-280,,39,37.732,-122.414,0,8,0,0,1,1,0,1,2,10,0,10,0,0,99,99,99,99,88,88,0,0,0,1,0,1
6,60588,1,1,0,0,0,1,1,67,712,26,3,2016,7,5,58,1,2,1,1,1,I-80,,158,38.695,-121.322,0,24,0,0,1,1,0,4,2,1,0,1,0,0,99,99,99,99,99,99,0,0,0,1,1,0
6,60593,1,1,0,1,1,2,2,61,3110,31,3,2016,5,5,35,1,2,1,1,1,I-80,,26,38.752,-121.265,0,8,0,0,1,1,0,1,3,10,0,10,0,0,99,99,99,99,88,88,0,0,0,1,0,0
6,60599,1,1,0,0,0,1,1,29,0,8,5,2016,1,7,50,0,1,2,1,3,SR-43,,196,35.531,-119.309,0,42,0,0,1,1,0,4,1,1,0,1,0,0,99,99,99,99,88,88,0,0,0,1,0,2
6,60603,1,1,0,0,0,1,1,73,0,6,5,2016,6,6,0,1,1,1,1,1,I-8,,569,32.727,-116.429,0,24,0,0,1,1,0,4,4,2,10,2,0,0,99,99,99,99,88,88,0,0,0,1,0,0
6,60608,1,1,0,0,0,1,1,13,0,2,5,2016,2,2,33,1,2,1,1,1,I-680,,231,38.015,-122.093,0,25,0,0,1,1,0,4,2,1,0,1,0,0,99,99,99,99,99,99,0,0,0,1,0,1
6,60610,1,1,0,1,1,1,1,71,260,29,4,2016,6,20,31,1,2,1,1,1,I-15,,749,34.891,-117.001,0,8,0,0,1,1,0,1,2,1,0,1,0,0,99,99,99,99,88,88,0,0,0,1,0,1
6,60611,2,2,0,0,0,2,2,37,2054,1,5,2016,1,2,20,0,2,2,1,3,SR-1,,419,34.039,-118.598,0,12,2,0,1,1,0,1,3,1,0,1,0,0,99,99,99,99,88,88,0,0,0,1,2,1
6,60622,2,2,0,0,0,4,4,73,0,10,5,2016,3,12,35,0,1,2,1,3,SR-79,,458,33.377,-116.746,0,12,2,0,1,1,0,1,1,1,0,1,0,0,99,99,99,99,88,88,0,0,0,1,0,1
6,60634,1,1,0,0,0,1,1,45,0,13,5,2016,6,14,10,1,1,2,1,2,US-101,,568,39.532,-123.405,0,42,0,0,1,1,0,4,1,1,0,1,0,0,99,99,99,99,88,88,0,0,0,1,0,0
6,60636,2,2,0,0,0,5,5,39,0,20,5,2016,6,21,50,1,1,2,1,3,SR-41,,182,37.128,-119.736,0,12,1,0,1,1,0,1,2,1,0,1,0,0,99,99,99,99,99,99,0,0,0,1,1,1
6,60640,2,2,0,0,0,5,5,79,0,25,5,2016,4,14,20,0,1,2,1,3,SR-1,,672,35.714,-121.305,0,12,2,0,1,1,0,1,1,1,0,1,0,0,99,99,99,99,99,99,0,0,0,1,0,1
6,60643,2,2,0,0,0,2,2,1,1560,4,2,2016,5,6,0,1,2,1,1,1,I-880,,167,37.644,-122.093,0,12,1,0,1,1,0,1,2,1,0,1,0,0,99,99,99,99,88,88,14,0,0,1,0,2
6,60645,2,2,0,0,0,2,2,81,2140,6,4,2016,4,13,0,1,2,2,1,2,US-101,,54,37.488,-122.207,0,12,1,0,1,1,0,1,1,1,0,1,0,0,99,99,99,99,99,99,0,0,0,1,0,0
6,60647,1,1,0,0,0,4,4,65,850,22,4,2016,6,21,22,1,2,1,1,1,I-15,,408,33.87,-117.544,0,25,0,0,1,1,1,5,3,1,0,1,0,0,99,99,99,99,99,99,0,0,0,2,1,1
6,60649,3,3,0,0,0,6,6,37,1440,24,2,2016,4,9,35,1,2,1,1,1,I-210,,447,34.12,-117.82,0,12,1,0,1,1,0,1,1,1,0,1,0,0,99,99,99,99,99,99,28,0,0,2,0,1
6,60650,1,1,0,0,0,4,4,111,0,22,1,2016,6,1,10,0,1,2,1,3,SR-33,,160,34.49,-119.305,0,35,0,0,1,1,0,4,2,1,0,1,0,0,99,99,99,99,99,99,0,0,0,1,1,1
6,60652,1,1,0,0,0,1,1,65,0,8,4,2016,6,17,42,0,1,2,1,3,SR-74,,856,33.625,-116.404,0,1,0,0,1,1,0,5,1,10,0,10,0,0,99,99,99,99,88,88,0,0,0,1,0,2
6,60653,1,1,0,0,0,1,1,17,0,14,5,2016,7,17,47,1,1,2,1,2,US-50,,501,38.803,-120.122,0,5,0,0,1,1,0,1,1,10,0,10,0,0,99,99,99,99,88,88,0,0,0,1,0,2
6,60655,1,1,0,0,0,3,3,27,0,21,5,2016,7,15,35,1,1,2,1,2,US-395,,215,36.097,-117.965,0,1,0,0,1,1,0,3,1,1,0,1,0,0,99,99,99,99,99,99,0,0,0,1,1,0
6,60658,1,1,0,0,0,1,1,29,0,9,5,2016,2,21,40,0,1,2,1,3,SR-155,BROWNING ROAD,15,35.761,-119.223,0,30,0,0,3,2,0,4,3,1,0,1,0,0,99,99,99,99,99,99,0,0,0,1,1,1
6,60662,1,1,0,0,0,1,1,47,0,28,3,2016,2,16,34,0,1,2,1,3,SR-59,FREITAS AVE,66,37.179,-120.492,0,38,0,0,3,3,0,4,1,10,0,10,0,0,99,99,99,99,88,88,0,0,0,1,0,2
6,60663,2,2,0,0,0,6,6,73,0,21,2,2016,1,21,30,1,1,1,1,1,I-15,,396,33.235,-117.148,0,12,1,0,1,1,0,1,2,1,0,1,0,0,99,99,99,99,99,99,0,0,0,1,1,1
6,60664,1,1,0,0,0,1,1,59,1713,20,2,2016,7,3,57,0,2,2,1,3,SR-73,,224,33.631,-117.842,0,18,0,0,1,1,0,4,3,1,0,1,0,0,99,99,99,99,99,99,0,0,0,1,0,2
6,60667,2,2,0,0,0,4,4,47,0,13,2,2016,7,7,35,0,1,2,1,3,SR-59,,86,37.208,-120.488,0,12,6,0,4,1,0,1,1,5,0,5,0,0,99,99,99,99,99,99,0,0,0,2,0,2
6,60668,1,1,0,1,1,1,1,1,2480,22,3,2016,3,5,8,1,2,1,1,1,I-880,,329,37.802,-122.298,0,8,0,0,1,1,0,1,2,10,0,10,0,0,99,99,99,99,88,88,0,0,0,1,0,2
6,60669,1,1,0,0,0,3,3,15,0,13,3,2016,1,10,10,1,1,3,1,2,US-101,,4,41.471,-124.042,0,42,0,0,1,1,0,4,1,10,2,2,0,0,99,99,99,99,99,99,0,0,0,1,0,0
6,60671,1,1,0,1,1,1,1,23,0,16,4,2016,7,22,56,1,1,3,1,2,US-101,,745,40.754,-124.192,0,8,0,0,1,1,0,1,2,1,0,1,0,0,99,99,99,99,88,88,0,0,0,1,0,0
6,60672,2,2,0,0,0,2,2,23,0,13,5,2016,6,15,24,1,1,3,1,2,US-101,,424,40.421,-123.982,0,12,2,0,1,1,0,1,1,1,0,1,0,0,99,99,99,99,99,99,0,0,0,1,0,0
6,60674,2,2,0,0,0,2,2,89,0,5,5,2016,5,20,35,1,1,1,1,1,I-5,,288,40.768,-122.318,0,12,2,0,1,1,0,1,2,2,0,2,0,0,99,99,99,99,88,88,0,0,0,1,0,1
6,60676,1,1,0,0,0,1,1,103,0,16,6,2016,5,13,0,0,1,4,1,3,SR-36,,1027,40.26,-121.394,0,42,0,0,1,1,0,4,1,10,0,10,0,0,99,99,99,99,88,88,0,0,0,1,0,1
6,60679,2,2,0,0,0,2,2,45,0,21,5,2016,7,16,45,0,1,2,1,3,SR-20,,82,39.377,-123.688,0,12,6,0,1,1,0,1,1,1,0,1,0,0,99,99,99,99,88,88,0,0,0,1,1,2
6,60680,1,1,0,0,0,1,1,63,0,7,5,2016,7,20,17,0,1,2,1,3,SR-70,,472,39.933,-120.876,0,31,0,0,1,1,0,4,5,10,0,10,0,0,99,99,99,99,88,88,0,0,0,1,1,2
6,60681,1,1,0,2,2,1,1,61,0,3,4,2016,1,17,15,0,1,2,1,3,SR-49,,70,38.951,-121.1,0,8,0,0,1,1,0,2,1,1,0,1,0,0,99,99,99,99,99,99,19,0,0,2,1,1
6,60682,2,2,0,0,0,2,2,61,0,4,4,2016,2,12,23,1,1,1,1,1,I-80,,473,39.219,-120.773,0,12,1,0,1,1,0,1,1,1,0,1,0,0,99,99,99,99,99,99,0,0,0,1,0,0
6,60683,1,1,0,0,0,1,1,61,0,9,5,2016,2,15,30,1,1,1,1,1,I-80,,519,39.269,-120.72,0,59,0,0,1,1,0,4,1,10,0,10,0,0,99,99,99,99,88,88,0,0,0,1,0,0
6,60685,1,1,0,0,0,4,4,65,0,3,6,2016,6,20,30,0,1,2,1,3,SR-74,,856,33.625,-116.404,0,1,0,0,1,1,0,4,1,10,0,10,0,0,99,99,99,99,99,99,0,0,0,2,0,2
6,60688,1,1,0,0,0,1,1,57,0,18,4,2016,2,2,8,0,1,2,1,3,SR-20,,41,39.201,-121.214,0,31,0,0,1,1,0,4,2,1,0,1,0,0,99,99,99,99,88,88,0,0,0,1,0,2
6,60689,3,3,0,0,0,5,5,57,0,17,6,2016,6,9,30,1,1,2,1,3,SR-20,,233,39.287,-120.945,0,12,1,0,1,1,0,1,1,10,0,10,0,0,99,99,99,99,88,88,0,0,0,1,0,2
6,60690,1,1,0,0,0,1,1,7,660,19,6,2016,1,15,38,1,2,3,1,3,SR-99,,331,39.743,-121.828,0,1,0,0,1,1,0,3,1,1,0,1,0,0,99,99,99,99,99,99,0,0,0,1,0,2
6,60694,2,2,0,0,0,2,2,67,0,13,3,2016,1,6,0,1,1,1,1,1,I-80,,43,38.639,-121.49,0,12,6,0,1,1,1,1,3,10,2,2,0,0,99,99,99,99,88,88,0,0,0,1,0,0
6,60699,1,1,0,1,1,2,2,67,0,4,5,2016,4,1,19,1,1,1,1,1,I-5,,72,38.365,-121.475,0,8,0,0,1,1,0,1,2,1,0,1,0,0,99,99,99,99,88,88,19,0,0,1,0,1
6,60703,1,1,0,1,1,1,1,77,0,27,4,2016,4,13,17,1,1,3,1,3,SR-88,,134,38.151,-121.157,0,9,0,0,1,1,0,1,1,1,0,1,0,0,99,99,99,99,99,99,0,0,0,1,0,1
6,60708,1,1,0,1,1,2,2,113,0,2,4,2016,7,22,54,0,1,2,1,3,SR-16,,334,38.677,-121.933,0,8,0,0,1,1,0,1,2,1,0,1,0,0,99,99,99,99,88,88,0,0,0,1,0,2
6,60709,2,2,0,0,0,3,3,113,0,3,4,2016,1,15,5,0,1,2,1,3,SR-16,,34,38.545,-121.172,0,1,0,0,1,1,0,1,1,1,0,1,0,0,99,99,99,99,88,88,0,0,0,1,0,2
6,60711,1,1,0,0,0,3,3,113,4163,15,4,2016,6,2,0,1,2,2,1,2,US-50,,16,38.575,-121.542,0,33,0,0,1,1,0,4,2,1,0,1,0,0,99,99,99,99,99,99,0,0,0,1,1,2
6,60712,1,1,0,0,0,3,3,5,0,16,4,2016,7,23,10,1,1,2,1,3,SR-88,,631,38.639,-120.138,0,1,0,0,1,1,0,1,2,1,0,1,0,0,99,99,99,99,99,99,0,0,0,1,1,1
6,60713,5,5,0,0,0,5,5,13,0,21,4,2016,5,3,20,1,1,1,1,1,I-80,,126,38.043,-122.241,0,12,1,0,1,1,1,1,3,10,0,10,0,0,99,99,99,99,88,88,0,0,0,1,0,0
6,60714,1,1,0,0,0,1,1,13,110,12,6,2016,1,1,3,1,2,2,1,3,SR-4,,274,37.998,-121.815,0,24,0,0,1,1,0,4,2,1,0,1,0,0,99,99,99,99,88,88,0,0,0,1,1,2
6,60716,1,1,0,0,0,1,1,81,0,9,2,2016,3,99,99,0,1,3,1,3,SR-35,,91,37.372,-122.253,0,43,0,0,1,1,0,4,2,1,0,1,0,0,99,99,99,99,88,88,0,0,0,1,1,1
6,60718,2,2,0,0,0,2,2,81,0,26,3,2016,7,15,26,0,1,2,1,3,SR-1,,59,37.168,-122.362,0,12,6,0,8,1,0,1,1,1,0,1,0,0,99,99,99,99,99,99,0,0,0,1,0,1
6,60719,1,1,0,0,0,1,1,81,0,7,5,2016,7,11,55,0,1,3,1,3,SR-35,,29,37.314,-122.181,0,35,0,0,1,1,0,4,1,10,2,2,0,0,99,99,99,99,88,88,0,0,0,1,0,1
6,60720,1,1,0,0,0,1,1,81,0,19,5,2016,5,3,40,0,1,2,1,3,SR-35,,28,37.314,-122.181,0,42,0,0,1,1,0,4,2,10,0,10,0,0,99,99,99,99,88,88,0,0,0,1,1,1
6,60723,1,1,0,1,1,1,1,85,3340,21,2,2016,1,4,13,1,2,2,1,3,SR-87,,51,37.324,-121.892,0,8,0,0,1,1,0,1,2,10,0,10,0,0,99,99,99,99,88,88,0,0,0,1,0,1
6,60724,2,2,0,0,0,2,2,85,537,4,3,2016,6,17,48,0,2,2,1,3,SR-17,,121,37.291,-121.937,0,12,1,0,1,1,0,1,1,10,0,10,0,0,99,99,99,99,99,99,0,0,0,1,0,2
6,60725,1,1,0,0,0,1,1,85,0,16,3,2016,4,0,30,0,2,2,1,3,SR-9,,97,37.242,-122.003,0,42,0,0,1,1,0,3,3,1,0,1,0,0,99,99,99,99,88,88,0,0,0,1,1,2
6,60727,2,1,1,2,3,1,2,95,1260,26,3,2016,7,19,50,1,2,1,1,1,I-80,,143,38.23,-122.115,0,14,0,0,1,1,0,2,3,1,0,1,0,0,99,99,99,99,99,99,23,0,0,1,1,0
6,60730,2,2,0,0,0,3,3,13,975,22,4,2016,6,11,2,1,2,1,1,1,I-680,,62,37.803,-121.989,0,25,0,0,1,1,0,3,1,2,10,2,0,0,99,99,99,99,99,99,0,0,0,1,0,1
6,60732,2,2,0,0,0,2,2,29,0,14,5,2016,7,23,15,0,1,2,1,3,SR-119,,255,35.267,-119.122,0,12,1,0,1,1,0,1,2,1,0,1,0,0,99,99,99,99,99,99,0,0,0,1,1,2
6,60733,1,1,0,0,0,4,4,29,0,4,6,2016,7,2,5,1,1,2,1,3,SR-46,,460,35.601,-119.421,0,1,0,0,1,1,0,4,2,1,0,1,0,0,99,99,99,99,88,88,0,0,0,2,0,1
6,60735,2,2,0,0,0,3,3,29,0,14,5,2016,7,18,2,0,1,3,1,3,SR-119,,65,35.206,-119.411,0,12,1,0,1,1,0,1,1,1,0,1,0,0,99,99,99,99,88,88,0,0,0,1,1,2
6,60736,1,1,0,0,0,2,2,29,0,28,5,2016,7,17,30,0,1,2,1,3,SR-33,,717,35.762,-119.967,0,1,0,0,1,1,0,1,1,1,0,1,0,0,99,99,99,99,88,88,0,0,0,1,1,1
6,60737,1,1,0,0,0,2,2,29,0,10,5,2016,3,23,47,0,1,2,1,3,SR-166,,236,35.059,-118.987,0,21,0,0,1,1,0,4,2,1,0,1,0,0,99,99,99,99,99,99,0,0,0,1,0,1
6,60739,1,1,0,0,0,1,1,19,0,12,3,2016,7,18,14,1,1,2,1,3,SR-180,,664,36.736,-119.65,0,1,0,0,1,1,0,4,5,10,0,10,0,0,99,99,99,99,88,88,0,0,0,1,1,1
6,60742,2,2,0,0,0,3,3,19,1370,7,5,2016,7,23,30,0,1,2,1,3,SR-180,,381,36.735,-120.141,0,12,6,0,1,1,0,1,2,1,0,1,0,0,99,99,99,99,99,99,0,0,0,1,0,1
6,60751,1,1,0,0,0,1,1,43,0,16,5,2016,2,16,0,1,1,2,1,3,SR-140,,155,37.476,-120.04,0,42,0,0,1,1,0,4,1,1,0,1,0,0,99,99,99,99,88,88,0,0,0,1,0,1
6,60753,2,2,0,0,0,4,4,47,0,14,4,2016,5,14,0,0,1,2,1,3,SR-59,,106,37.238,-120.488,0,12,2,0,1,1,0,4,1,1,0,1,0,0,99,99,99,99,99,99,0,0,0,2,0,2
6,60754,3,3,0,0,0,4,4,19,0,21,6,2016,3,22,30,1,1,1,1,1,I-5,,613,36.793,-120.735,0,12,1,0,1,1,0,1,2,1,0,1,0,0,99,99,99,99,99,99,14,0,0,1,1,1
6,60755,1,1,0,0,0,4,4,47,0,26,6,2016,1,1,0,0,1,2,1,3,SR-165,,206,37.227,-120.852,0,35,0,0,1,1,0,4,2,1,0,1,0,0,99,99,99,99,99,99,0,0,0,1,1,2
6,60758,2,2,0,0,0,3,3,99,0,22,4,2016,6,16,43,1,1,1,1,1,I-5,,269,37.579,-121.319,0,12,7,0,1,1,0,1,1,1,0,1,0,0,99,99,99,99,99,99,0,0,0,1,0,1
6,60760,1,1,0,0,0,1,1,107,0,20,5,2016,6,0,18,0,1,2,1,3,SR-63,,155,36.434,-119.296,0,42,0,0,1,1,0,4,2,1,0,1,0,0,99,99,99,99,99,99,0,0,0,1,0,2
6,60761,1,1,0,1,1,1,1,107,0,24,5,2016,3,5,38,0,1,2,1,3,SR-201,,9,36.518,-119.522,0,9,0,0,1,1,0,1,4,10,0,10,0,0,99,99,99,99,88,88,0,0,0,1,0,2
6,60763,1,1,0,0,0,5,5,19,0,22,4,2016,6,16,30,1,1,1,1,1,I-5,,330,36.471,-120.427,0,1,0,0,1,1,0,3,1,1,0,1,0,0,99,99,99,99,99,99,0,0,0,2,0,1
6,60764,2,2,0,0,0,9,9,19,0,15,5,2016,1,18,45,1,1,3,1,3,SR-198,,271,36.254,-120.238,0,12,6,0,1,1,0,1,1,1,0,1,0,0,99,99,99,99,99,99,0,0,0,1,0,1
6,60767,1,1,0,1,1,1,1,37,30,10,4,2016,1,4,32,1,2,1,1,1,I-10,,239,34.071,-118.124,0,9,0,0,1,1,0,1,3,1,0,1,0,0,99,99,99,99,88,88,0,0,0,1,0,1
6,60770,3,3,0,0,0,3,3,37,0,23,2,2016,3,9,25,1,1,2,1,3,SR-126,CHIQUITO CYN RD,24,34.42,-118.657,0,12,6,0,2,3,0,1,1,1,0,1,0,0,99,99,99,99,99,99,0,0,0,2,0,2
6,60772,1,1,0,0,0,2,2,37,1840,15,4,2016,6,0,15,1,2,2,1,3,SR-14,,677,34.686,-118.168,0,1,0,0,1,1,0,1,2,6,0,6,0,0,99,99,99,99,99,99,0,0,0,1,1,2