STATE,ST_CASE,VE_TOTAL,VE_FORMS,PVH_INVL,PEDS,PERNOTMVIT,PERMVIT,PERSONS,COUNTY,CITY,DAY,MONTH,YEAR,DAY_WEEK,HOUR,MINUTE,NHS,RUR_URB,FUNC_SYS,RD_OWNER,ROUTE,TWAY_ID,TWAY_ID2,MILEPT,LATITUDE,LONGITUD,SP_JUR,HARM_EV,MAN_COLL,RELJCT1,RELJCT2,TYP_INT,WRK_ZONE,REL_ROAD,LGT_COND,WEATHER1,WEATHER2,WEATHER,SCH_BUS,RAIL,NOT_HOUR,NOT_MIN,ARR_HOUR,ARR_MIN,HOSP_HR,HOSP_MN,CF1,CF2,CF3,FATALS,DRUNK_DR,RANK
6,60777,1,1,0,0,0,4,4,37,0,20,6,2016,2,6,0,0,1,3,1,3,SR-2,,792,34.369,-117.663,0,43,0,0,1,1,0,4,1,1,0,1,0,0,99,99,99,99,99,99,0,0,0,1,0,2
6,60780,1,1,0,0,0,1,1,37,2458,21,5,2016,7,3,45,1,2,1,1,1,I-605,,85,33.925,-118.104,0,41,0,1,19,1,0,4,3,10,0,10,0,0,99,99,99,99,88,88,0,0,0,1,0,2
6,60781,2,2,0,0,0,2,2,37,0,2,6,2016,5,4,11,1,1,2,1,3,SR-60,,146,34.016,-117.985,0,12,1,0,1,1,0,1,3,1,0,1,0,0,99,99,99,99,88,88,0,0,0,1,0,2
6,60782,3,3,0,0,0,4,4,29,0,16,4,2016,7,12,50,0,1,2,1,3,SR-155,,670,35.674,-118.471,0,12,1,0,1,1,0,1,1,1,0,1,0,0,99,99,99,99,99,99,0,0,0,1,0,1
6,60783,2,2,0,0,0,2,2,37,1980,9,5,2016,2,2,50,1,2,1,1,1,I-5,,380,34.25,-118.428,0,12,1,0,1,1,0,1,3,1,0,1,0,0,99,99,99,99,99,99,14,0,0,1,0,1
6,60784,2,2,0,0,0,4,4,37,0,10,5,2016,3,11,35,9,1,3,1,3,SR-2,,99998,34.267,-118.162,0,12,2,0,1,1,0,1,1,1,0,1,0,0,99,99,99,99,99,99,0,0,0,1,0,2
6,60785,2,2,0,0,0,3,3,37,0,29,5,2016,1,13,43,0,1,2,1,3,SR-2,,464,34.29,-117.996,0,12,2,0,1,1,0,1,1,1,0,1,0,0,99,99,99,99,99,99,0,0,0,1,0,2
6,60789,1,1,0,1,1,1,1,37,1980,30,3,2016,4,6,0,1,2,1,1,1,I-10,,132,34.037,-118.301,0,8,0,0,1,1,0,1,2,1,0,1,0,0,99,99,99,99,99,99,19,0,0,1,0,1
6,60791,2,2,0,0,0,2,2,25,0,18,6,2016,7,7,10,0,1,2,1,3,SR-115,NORRISH RD,114,32.833,-115.406,0,12,1,0,2,2,0,1,1,1,0,1,0,0,99,99,99,99,88,88,0,0,0,1,0,2
6,60792,2,2,0,0,0,4,4,25,0,23,6,2016,5,11,8,0,1,2,1,3,SR-86,,31,32.731,-115.55,0,12,2,0,1,1,0,1,1,1,0,1,0,0,99,99,99,99,99,99,0,0,0,1,0,1
6,60793,1,1,0,0,0,4,4,65,0,27,2,2016,7,16,45,1,1,2,1,3,SR-111,,592,33.895,-116.618,0,1,0,0,1,1,0,4,1,1,0,1,0,0,99,99,99,99,99,99,0,0,0,1,0,1
6,60797,2,2,0,0,0,2,2,65,0,29,3,2016,3,12,27,0,2,3,1,3,SR-74,,55,33.744,-117.061,0,12,2,0,1,1,0,1,1,10,0,10,0,0,99,99,99,99,99,99,20,0,0,1,0,2
6,60798,3,3,0,0,0,5,5,65,0,15,5,2016,1,20,10,1,1,2,1,3,SR-79,SR-74,343,33.739,-117.076,0,12,2,0,2,2,0,1,3,10,0,10,0,0,99,99,99,99,99,99,0,0,0,1,0,1
6,60801,2,2,0,0,0,3,3,59,3420,8,2,2016,2,23,27,1,2,1,1,1,I-5,,308,33.743,-117.84,0,12,1,0,1,1,0,1,3,1,0,1,0,0,99,99,99,99,99,99,0,0,0,1,1,1
6,60802,1,1,0,0,0,1,1,73,0,21,5,2016,7,22,50,1,1,1,1,1,I-8,,700,32.661,-116.229,0,35,0,0,1,1,0,4,2,1,0,1,0,0,99,99,99,99,88,88,0,0,0,1,0,0
6,60803,1,1,0,0,0,1,1,73,0,23,5,2016,2,16,0,0,1,2,1,3,SR-78,,417,33.084,-116.794,0,1,0,0,1,1,0,4,1,1,0,1,0,0,99,99,99,99,88,88,0,0,0,1,1,1
6,60804,2,2,0,0,0,4,4,73,0,27,5,2016,6,16,10,1,1,2,1,3,SR-94,,312,32.624,-116.754,0,12,6,0,1,1,0,1,1,1,0,1,0,0,99,99,99,99,99,99,0,0,0,1,0,2
6,60805,1,1,0,0,0,1,1,73,0,15,6,2016,4,21,16,1,1,2,1,3,SR-94,,262,32.655,-116.806,0,38,0,0,1,1,0,4,2,1,0,1,0,0,99,99,99,99,88,88,0,0,0,1,1,2
6,60806,2,2,0,0,0,3,3,59,0,8,4,2016,6,16,50,0,1,2,1,3,SR-74,,144,33.594,-117.488,0,12,6,0,1,1,0,1,1,10,0,10,0,0,99,99,99,99,88,88,0,0,0,1,0,2
6,60809,2,2,0,0,0,3,3,79,0,20,5,2016,6,10,58,0,1,2,1,3,SR-166,,400,35.075,-120.003,0,12,2,0,1,1,0,1,1,10,0,10,0,0,99,99,99,99,99,99,0,0,0,1,0,1
6,60810,1,1,0,0,0,1,1,83,0,3,4,2016,1,23,35,1,1,2,1,2,US-101,,64,34.416,-119.568,0,42,0,0,1,1,0,4,2,1,0,1,0,0,99,99,99,99,88,88,0,0,0,1,1,1
6,60814,1,1,0,0,0,2,2,71,0,12,6,2016,1,14,30,0,1,2,1,3,SR-62,,1035,34.102,-114.911,0,1,0,0,1,1,0,4,1,1,0,1,0,0,99,99,99,99,99,99,0,0,0,1,0,0
6,60815,1,1,0,0,0,2,2,71,0,7,2,2016,1,11,0,1,1,1,1,1,I-15,,1147,35.084,-116.368,0,1,0,0,1,1,0,4,1,1,0,1,0,0,99,99,99,99,99,99,0,0,0,1,0,1
6,60817,1,1,0,0,0,1,1,65,3070,17,4,2016,1,18,18,1,2,1,1,1,I-215,,417,33.978,-117.338,0,24,0,0,1,1,0,4,1,1,0,1,0,0,99,99,99,99,88,88,0,0,0,1,0,1
6,60821,1,1,0,0,0,1,1,71,681,24,4,2016,1,21,30,1,2,2,1,3,SR-71,,22,33.997,-117.721,0,25,0,0,1,1,0,3,3,10,0,10,0,0,99,99,99,99,88,88,0,0,0,1,1,2
6,60822,2,2,0,0,0,4,4,71,2922,30,4,2016,7,13,0,1,2,2,1,3,SR-210,,85,34.137,-117.548,0,12,7,0,1,1,0,1,1,1,0,1,0,0,99,99,99,99,99,99,0,0,0,1,0,2
6,60824,4,4,0,0,0,5,5,71,0,11,3,2016,6,0,20,0,1,2,1,3,SR-138,,119,34.334,-117.521,0,12,2,0,1,1,1,1,2,1,0,1,0,0,99,99,99,99,99,99,0,0,0,1,0,1
6,60826,1,1,0,1,1,1,1,71,790,12,4,2016,3,4,10,1,2,1,1,1,I-10,,236,34.065,-117.308,0,8,0,0,1,1,0,1,3,1,0,1,0,0,99,99,99,99,88,88,0,0,0,1,0,1
6,60827,1,1,0,0,0,1,1,71,4290,27,4,2016,4,2,58,1,2,1,1,1,I-10,,386,34.011,-117.07,0,24,0,0,1,1,0,4,2,1,0,1,0,0,99,99,99,99,88,88,0,0,0,1,0,1
6,60830,2,2,0,0,0,4,4,71,0,29,5,2016,1,13,25,0,1,2,1,3,SR-138,,279,34.325,-117.426,0,12,8,0,1,1,0,1,1,1,0,1,0,0,99,99,99,99,88,88,0,0,0,1,0,1
6,60831,1,1,0,0,0,1,1,71,0,23,5,2016,2,6,15,0,1,2,1,3,SR-62,,529,34.116,-115.728,0,1,0,0,1,1,0,4,1,1,0,1,0,0,99,99,99,99,99,99,0,0,0,1,0,0
6,60832,1,1,0,1,1,2,2,1,2480,28,3,2016,2,21,32,1,2,1,1,1,I-880,,310,37.794,-122.264,0,8,0,0,1,1,0,1,2,1,0,1,0,0,99,99,99,99,88,88,0,0,0,1,0,2
6,60836,1,1,0,0,0,3,3,59,3960,5,5,2016,5,0,11,1,2,1,1,1,I-5,,302,33.739,-117.83,0,33,0,0,1,1,0,4,3,10,0,10,0,0,99,99,99,99,99,99,0,0,0,2,0,1
6,60838,1,1,0,0,0,1,1,45,0,29,3,2016,3,2,55,1,1,2,1,2,US-101,,634,39.609,-123.457,0,52,0,0,1,1,0,4,2,1,0,1,0,0,99,99,99,99,88,88,0,0,0,1,0,0
6,60839,1,1,0,0,0,1,1,33,0,14,4,2016,5,22,13,1,1,2,1,3,SR-29,,245,38.913,-122.684,0,42,0,0,1,1,0,4,2,10,0,10,0,0,99,99,99,99,99,99,0,0,0,1,0,2
6,60840,3,3,0,0,0,3,3,67,3150,20,4,2016,4,15,13,1,2,1,1,1,I-80,,49,38.64,-121.48,0,12,7,0,1,1,1,1,1,1,0,1,0,0,99,99,99,99,88,88,14,0,0,1,0,0
6,60841,2,1,1,1,4,1,4,95,0,1,5,2016,1,5,23,1,1,1,1,1,I-80,,225,38.318,-122.03,0,14,0,0,1,1,0,4,2,1,0,1,0,0,99,99,99,99,99,99,15,0,0,2,1,0
6,60843,1,1,0,0,0,1,1,47,2150,25,5,2016,4,20,29,1,2,2,1,3,SR-99,,139,37.295,-120.468,0,24,0,1,19,1,0,3,5,10,0,10,0,0,99,99,99,99,99,99,20,0,0,1,0,2
6,60844,1,1,0,0,0,6,6,29,0,20,6,2016,2,12,27,1,1,2,1,3,SR-14,,86,34.943,-118.162,0,1,0,0,1,1,0,2,1,1,0,1,0,0,99,99,99,99,99,99,0,0,0,1,0,2
6,60845,1,1,0,0,0,3,3,71,0,6,6,2016,2,16,28,1,1,2,1,2,US-95,,18,34.099,-114.496,0,1,0,0,1,1,0,2,1,1,0,1,0,0,99,99,99,99,99,99,0,0,0,1,0,0
6,60847,2,2,0,0,0,9,9,67,0,9,4,2016,7,17,35,1,1,2,1,3,SR-12,,24,38.146,-121.645,0,12,6,0,1,1,0,1,1,10,2,2,0,0,99,99,99,99,99,99,0,0,0,5,0,2
6,60849,2,2,0,0,0,2,2,65,0,19,5,2016,5,18,39,1,1,2,1,3,SR-62,,89,34.029,-116.588,0,24,0,0,1,1,0,4,1,1,0,1,0,0,99,99,99,99,99,99,0,0,0,1,0,0
6,60850,1,1,0,0,0,2,2,65,0,20,5,2016,6,4,0,1,1,1,1,1,I-10,,891,33.667,-115.672,0,1,0,0,1,1,0,4,2,1,0,1,0,0,99,99,99,99,99,99,0,0,0,2,0,1
6,60851,2,1,1,0,2,1,3,71,2960,24,5,2016,3,19,16,1,2,2,1,3,SR-210,,325,34.077,-117.201,0,14,0,0,1,1,0,2,2,1,0,1,0,0,99,99,99,99,88,88,14,0,0,2,0,2
6,60852,1,1,0,0,0,5,5,25,0,29,5,2016,1,8,25,1,1,1,1,1,I-8,,84,32.728,-116.053,0,1,0,0,1,1,0,4,1,1,0,1,0,0,99,99,99,99,99,99,0,0,0,1,0,0
6,60853,2,2,0,0,0,3,3,71,0,10,2,2016,4,4,7,1,1,1,1,1,I-15,,1385,35.281,-116.047,0,12,1,0,1,1,0,1,2,1,0,1,0,0,99,99,99,99,88,88,0,0,0,2,1,1
6,60854,1,1,0,0,0,1,1,71,0,6,6,2016,2,11,5,0,1,2,1,3,SR-247,,740,34.829,-117.027,0,35,0,0,1,1,0,4,1,1,0,1,0,0,99,99,99,99,88,88,0,0,0,1,0,1
6,60855,2,2,0,0,0,4,4,71,0,9,6,2016,5,5,28,1,1,2,1,2,US-395,,424,34.943,-117.528,0,12,2,0,1,1,0,2,4,1,0,1,0,0,99,99,99,99,99,99,0,0,0,1,0,0
6,60857,1,1,0,0,0,2,2,71,0,6,6,2016,2,18,45,1,1,1,1,1,I-15,,1665,35.465,-115.615,0,34,0,0,1,1,0,4,1,1,0,1,0,0,99,99,99,99,99,99,0,0,0,1,0,1
6,60860,3,3,0,0,0,7,7,79,0,15,4,2016,6,20,30,1,1,2,1,2,US-101,,337,35.331,-120.623,0,24,0,0,1,1,0,4,2,1,0,1,0,0,99,99,99,99,99,99,0,0,0,1,1,1
6,60865,1,1,0,0,0,6,6,23,0,16,6,2016,5,18,0,1,1,3,1,3,SR-299,,313,40.908,-123.707,0,35,0,0,1,1,0,4,1,10,0,10,0,0,99,99,99,99,99,99,0,0,0,1,0,0
6,60866,2,2,0,0,0,2,2,65,0,10,6,2016,6,9,30,1,1,2,1,3,SR-79,,332,33.838,-117.004,0,12,2,0,1,1,0,1,1,1,0,1,0,0,99,99,99,99,99,99,0,0,0,1,0,1
6,60867,3,3,0,0,0,9,9,53,0,4,6,2016,7,23,16,1,1,2,1,3,SR-1,,994,36.846,-121.771,0,12,2,0,1,1,0,1,2,1,0,1,0,0,99,99,99,99,99,99,0,0,0,2,0,1
6,60869,3,3,0,0,0,6,6,53,0,17,6,2016,6,4,10,0,1,2,1,3,SR-183,,47,36.709,-121.713,0,12,8,0,1,1,0,1,2,10,0,10,0,0,99,99,99,99,99,99,0,0,0,2,1,2
6,60870,1,1,0,0,0,1,1,45,0,3,3,2016,5,20,18,0,1,3,1,3,SR-162,,130,39.683,-123.354,0,35,0,0,1,1,0,4,2,10,0,10,0,0,99,99,99,99,88,88,0,0,0,1,1,2
6,60873,2,2,0,1,1,4,4,19,1370,7,5,2016,7,16,17,1,2,2,1,3,SR-99,,224,36.747,-119.822,0,8,0,0,1,1,0,1,1,1,0,1,0,0,99,99,99,99,88,88,0,0,0,1,0,2
6,60874,2,2,0,0,0,3,3,37,1716,18,1,2016,2,6,29,1,1,1,1,1,I-210,,383,34.129,-117.935,0,12,8,0,1,1,0,1,3,10,0,10,0,0,99,99,99,99,99,99,0,0,0,1,0,1
6,60876,2,2,0,0,0,2,2,37,1980,31,5,2016,3,15,52,1,2,1,1,1,I-10,,165,34.026,-118.25,0,1,0,0,1,1,0,1,1,1,0,1,0,0,99,99,99,99,88,88,14,0,0,1,0,1
6,60877,2,2,0,0,0,2,2,59,1713,1,6,2016,4,23,1,1,2,1,1,1,I-405,,41,33.664,-117.801,0,12,7,0,1,1,0,1,3,10,0,10,0,0,99,99,99,99,99,99,0,0,0,1,0,2
6,60878,1,1,0,0,0,1,1,53,0,7,6,2016,3,5,55,0,1,2,1,3,SR-1,,750,36.571,-121.913,0,42,0,0,1,1,0,4,4,10,0,10,0,0,99,99,99,99,88,88,0,0,0,1,0,1
6,60879,2,2,0,0,0,4,4,83,3430,10,3,2016,5,12,26,1,2,2,1,2,US-101,,130,34.42,-119.68,0,12,1,0,1,1,0,1,1,1,0,1,0,0,99,99,99,99,99,99,19,0,0,1,0,0
6,60880,1,1,0,0,0,1,1,111,0,26,6,2016,1,17,40,0,1,2,1,3,SR-33,,394,34.615,-119.372,0,1,0,0,1,1,0,1,1,1,0,1,0,0,99,99,99,99,99,99,0,0,0,1,0,1
6,60882,1,1,0,1,1,1,1,67,3150,4,6,2016,7,22,43,1,2,2,1,3,SR-99,,222,38.529,-121.469,0,8,0,0,1,1,0,1,2,1,0,1,0,0,99,99,99,99,88,88,0,0,0,1,0,2
6,60883,1,1,0,0,0,4,4,29,0,21,6,2016,3,7,5,1,1,1,1,1,I-5,,330,35.193,-119.146,0,1,0,0,1,1,0,4,1,1,0,1,0,0,99,99,99,99,99,99,0,0,0,1,0,1
6,60886,2,1,1,0,1,1,2,37,810,22,6,2016,4,3,50,1,2,2,1,3,SR-91,,97,33.874,-118.227,0,14,0,1,19,1,0,2,3,1,0,1,0,0,99,99,99,99,99,99,0,0,0,1,0,2
6,60888,1,1,0,0,0,2,2,79,0,21,6,2016,3,0,38,0,1,2,1,3,SR-41,,177,35.506,-120.647,0,18,0,0,1,1,0,4,2,1,0,1,0,0,99,99,99,99,99,99,0,0,0,1,0,1
6,60889,3,3,0,0,0,4,4,37,1015,16,6,2016,5,15,50,1,2,2,4,3,SR-60,,250,34.014,-117.819,0,12,1,0,1,1,0,1,1,1,0,1,0,0,99,99,99,99,99,99,14,0,0,1,0,2
6,60894,1,1,0,0,0,2,2,37,1970,27,6,2016,2,2,50,1,2,1,1,1,I-405,,78,33.827,-118.211,0,42,0,0,1,1,0,4,3,1,0,1,0,0,99,99,99,99,99,99,0,0,0,1,1,2
6,60901,1,1,0,0,0,1,1,93,0,8,6,2016,4,16,0,0,1,4,1,3,SR-96,,784,41.828,-122.963,0,35,0,0,1,1,0,4,1,1,0,1,0,0,99,99,99,99,88,88,0,0,0,1,0,2
6,60902,1,1,0,0,0,1,1,55,2330,25,5,2016,4,22,50,0,2,2,1,3,SR-29,,110,38.292,-122.302,0,24,0,0,1,1,0,3,2,1,0,1,0,0,99,99,99,99,99,99,0,0,0,1,0,2
6,60909,1,1,0,0,0,1,1,99,0,12,6,2016,1,2,33,1,1,2,1,3,SR-99,,218,37.7,-121.071,0,25,0,1,19,1,0,3,2,10,0,10,0,0,99,99,99,99,99,99,0,0,0,1,1,2
6,60915,1,1,0,1,1,1,1,93,0,29,6,2016,4,5,5,1,1,3,1,3,SR-89,,140,41.265,-121.933,0,8,0,0,1,1,0,1,2,1,0,1,0,0,99,99,99,99,88,88,0,0,0,1,0,1
6,60918,2,2,0,1,1,1,1,71,0,24,5,2016,3,22,5,1,1,1,1,1,I-15,,630,34.769,-117.146,0,12,7,0,1,1,0,1,2,1,0,1,0,0,99,99,99,99,88,88,0,0,0,1,0,1
6,60921,1,1,0,0,0,1,1,57,0,26,6,2016,1,13,10,1,1,2,1,3,SR-20,,239,39.291,-120.936,0,17,0,0,1,1,0,4,1,1,0,1,0,0,99,99,99,99,88,88,0,0,0,1,0,2
6,60923,2,2,0,0,0,3,3,37,2700,21,2,2016,1,1,7,1,2,2,1,3,SR-134,,128,34.145,-118.166,0,12,1,0,1,1,0,1,3,1,0,1,0,0,99,99,99,99,99,99,19,0,0,1,0,1
6,60925,1,1,0,0,0,1,1,1,0,27,6,2016,2,2,19,0,1,2,1,3,SR-49,,142,38.448,-120.862,0,43,0,0,1,1,0,4,2,1,0,1,0,0,99,99,99,99,88,88,0,0,0,1,0,1
6,60927,2,2,0,1,1,4,4,37,1980,12,6,2016,1,8,17,1,2,1,1,1,I-10,,109,34.035,-118.342,0,18,0,0,1,1,1,1,1,10,0,10,0,0,99,99,8,25,99,99,14,15,0,1,0,1
6,60929,2,2,0,0,0,2,2,1,2370,20,5,2016,6,21,25,1,2,2,1,3,SR-84,,57,37.558,-122.043,0,12,1,0,1,1,0,1,2,1,0,1,0,0,99,99,99,99,88,88,0,0,0,1,1,2
6,60932,3,3,0,0,0,9,9,19,0,16,5,2016,2,16,54,1,1,2,1,3,SR-99,,126,36.643,-119.702,0,12,1,0,1,1,0,1,1,1,0,1,0,0,99,99,99,99,99,99,0,0,0,1,0,2
6,60934,1,1,0,1,1,1,1,77,0,20,6,2016,2,19,46,0,1,2,1,3,SR-88,,15,37.999,-121.229,0,8,0,0,1,1,0,2,1,1,0,1,0,0,99,99,99,99,88,88,23,0,0,1,0,1
6,60936,2,2,0,0,0,2,2,19,0,18,5,2016,4,23,50,1,1,1,1,1,I-5,,45,36.13,-120.151,0,12,1,0,1,1,0,1,2,1,0,1,0,0,99,99,99,99,88,88,0,0,0,1,0,1
6,60937,2,2,0,0,0,3,3,45,0,22,6,2016,4,12,13,0,1,2,1,3,SR-20,,45,39.405,-123.734,0,12,8,0,1,1,0,1,1,1,0,1,0,0,99,99,99,99,99,99,0,0,0,1,0,2
6,60943,2,2,0,0,0,4,4,5,0,10,6,2016,6,0,28,0,1,2,1,3,SR-16,,26,38.472,-120.982,0,12,2,0,1,1,0,1,2,1,0,1,0,0,99,99,99,99,99,99,0,0,0,2,0,2
6,60944,2,2,0,0,0,2,2,53,0,19,4,2016,3,3,12,1,1,2,1,2,US-101,,486,36.273,-121.184,0,12,6,0,1,1,0,1,2,1,0,1,0,0,99,99,99,99,99,99,0,0,0,1,0,0
6,60946,1,1,0,0,0,1,1,23,0,14,5,2016,7,13,55,0,1,4,1,3,SR-36,,133,40.477,-123.963,0,59,0,0,1,1,0,4,1,10,0,10,0,0,99,99,99,99,88,88,0,0,0,1,1,1
6,60947,2,2,0,0,0,3,3,67,0,5,6,2016,1,0,43,1,1,2,1,3,SR-99,,210,38.512,-121.461,0,12,1,1,18,1,0,1,3,1,0,1,0,0,99,99,99,99,88,88,0,0,0,1,0,2
6,60949,1,1,0,0,0,3,3,99,0,24,6,2016,6,18,35,1,1,1,1,1,I-5,,150,37.458,-121.176,0,1,0,0,1,1,0,4,1,1,0,1,0,0,99,99,99,99,99,99,0,0,0,1,1,1
6,60951,1,1,0,0,0,1,1,65,4197,20,6,2016,2,2,6,1,2,1,1,1,I-15,,175,33.642,-117.284,0,39,0,0,1,1,0,4,2,1,0,1,0,0,99,99,99,99,88,88,0,0,0,1,0,1
6,60954,2,2,0,1,1,5,5,39,0,10,5,2016,3,1,7,1,1,2,1,3,SR-99,,130,36.988,-120.091,0,8,0,0,1,1,0,2,2,1,0,1,0,0,99,99,99,99,88,88,0,0,0,1,0,2
6,60955,4,2,2,0,2,2,4,67,3150,24,4,2016,1,17,34,1,2,2,1,2,US-50,,40,38.555,-121.403,0,14,0,0,1,1,0,2,1,1,0,1,0,0,99,99,99,99,99,99,14,0,0,1,1,2
6,60958,4,4,0,0,0,4,4,77,0,22,6,2016,4,6,2,0,1,2,1,3,SR-26,,200,38.092,-120.947,0,12,2,0,1,1,0,1,1,1,0,1,0,0,99,99,99,99,99,99,14,0,0,1,0,1
6,60959,1,1,0,0,0,2,2,115,0,27,6,2016,2,10,49,1,1,2,1,3,SR-20,,194,39.211,-121.317,0,1,0,0,1,1,0,1,1,1,0,1,0,0,99,99,99,99,99,99,0,0,0,1,0,2
6,60963,2,2,0,0,0,2,2,71,3000,18,6,2016,7,14,30,1,2,2,1,3,SR-210,,167,34.136,-117.405,0,12,6,0,1,1,0,1,1,1,0,1,0,0,99,99,99,99,99,99,0,0,0,1,1,2
6,60964,2,2,0,0,0,3,3,5,0,17,5,2016,3,11,5,0,1,2,1,3,SR-49,,130,38.432,-120.853,0,12,2,0,1,1,0,1,1,1,0,1,0,0,99,99,99,99,99,99,0,0,0,2,0,1
6,60965,1,1,0,0,0,1,1,85,0,20,4,2016,4,13,33,0,1,3,1,3,SR-17,,52,37.206,-121.991,0,24,0,0,1,1,0,4,1,10,0,10,0,0,99,99,99,99,88,88,0,0,0,1,0,2
6,60973,1,1,0,1,1,1,1,73,3260,11,4,2016,2,21,56,1,2,2,1,3,SR-94,,20,32.713,-117.139,0,8,0,0,1,1,0,1,2,1,0,1,0,0,99,99,99,99,88,88,0,0,0,1,0,2
6,60981,1,1,0,0,0,1,1,59,80,1,7,2016,6,0,0,1,2,2,1,3,SR-91,,84,33.851,-117.837,0,33,0,0,1,1,0,4,2,1,0,1,0,0,99,99,99,99,88,88,0,0,0,1,1,2
6,60983,1,1,0,0,0,1,1,47,0,4,7,2016,2,13,50,1,1,2,1,3,SR-152,,85,37.081,-121.092,0,24,0,0,1,1,0,3,1,6,0,6,0,0,99,99,99,99,88,88,0,0,0,1,0,1
6,60984,2,1,1,0,1,2,3,65,9997,2,7,2016,7,1,19,1,2,2,1,3,SR-60,,1,34.023,-117.557,0,1,0,1,19,1,0,4,3,1,0,1,0,0,99,99,99,99,99,99,0,0,0,1,0,2
6,60985,1,1,0,0,0,1,1,71,0,3,7,2016,1,99,99,1,1,3,1,3,SR-38,,527,34.262,-116.9,0,43,0,0,1,1,0,4,2,1,0,1,0,0,99,99,99,99,88,88,0,0,0,1,0,2
6,60986,2,2,0,0,0,7,7,71,0,1,7,2016,6,4,10,1,1,1,1,1,I-15,,1170,35.088,-116.322,0,24,0,0,1,1,0,4,2,1,0,1,0,0,99,99,99,99,99,99,0,0,0,1,0,1
6,60988,1,1,0,0,0,1,1,77,0,1,7,2016,6,11,55,0,1,2,1,3,SR-4,,78,37.918,-121.441,0,1,0,0,1,1,0,4,1,10,0,10,0,0,99,99,99,99,88,88,0,0,0,1,0,2
6,60990,1,1,0,0,0,1,1,37,3870,4,7,2016,2,3,5,1,2,1,1,1,I-405,,145,33.86,-118.31,0,25,0,0,1,1,0,3,3,1,0,1,0,0,99,99,99,99,88,88,0,0,0,1,0,2
6,60992,1,1,0,0,0,1,1,77,0,29,2,2016,2,23,7,1,1,2,1,3,SR-99,,377,38.231,-121.279,0,42,0,0,1,1,0,4,2,1,0,1,0,0,99,99,99,99,88,88,0,0,0,1,0,2
6,61000,2,1,1,1,1,3,3,71,0,12,7,2016,3,6,11,1,1,1,1,1,I-15,,510,34.633,-117.227,0,14,0,0,1,1,0,2,1,1,0,1,0,0,99,99,99,99,99,99,23,0,0,1,0,1
6,61003,2,2,0,0,0,3,3,97,3490,21,6,2016,3,17,30,1,2,2,1,2,US-101,,230,38.478,-122.732,0,12,1,0,1,1,0,1,1,1,0,1,0,0,99,99,99,99,99,99,0,0,0,1,0,0
6,61004,2,2,0,0,0,2,2,71,0,22,6,2016,4,5,33,1,1,1,1,1,I-15,,275,34.35,-117.446,0,12,1,0,1,1,0,1,4,1,0,1,0,0,99,99,5,46,88,88,0,0,0,1,0,1
6,61006,1,1,0,1,1,1,1,23,1220,18,2,2016,5,15,16,1,2,3,1,2,US-101,O ST,790,40.804,-124.156,0,8,0,0,3,2,0,1,1,10,0,10,0,0,99,99,99,99,99,99,0,0,0,1,0,0
6,61010,1,1,0,0,0,8,8,65,4197,18,6,2016,7,3,45,1,2,1,1,1,I-15,,131,33.591,-117.239,0,38,0,0,1,1,0,4,3,1,0,1,0,0,99,99,99,99,99,99,0,0,0,1,0,1
6,61011,3,3,0,0,0,3,3,95,0,26,5,2016,5,10,22,1,1,2,1,3,SR-12,,140,38.215,-121.884,0,12,2,0,1,1,0,2,1,1,0,1,0,0,99,99,99,99,99,99,14,0,0,1,0,2
6,61012,1,1,0,0,0,1,1,73,2510,16,6,2016,5,23,15,1,2,2,1,3,SR-78,,14,33.181,-117.329,0,35,0,1,19,1,0,4,2,1,0,1,0,0,99,99,99,99,88,88,0,0,0,1,1,1
6,61014,1,1,0,0,0,1,1,79,0,3,6,2016,6,2,55,1,1,2,1,2,US-101,,427,35.45,-120.64,0,35,0,0,1,1,0,4,3,1,0,1,0,0,99,99,99,99,88,88,0,0,0,1,1,1
6,61017,1,1,0,0,0,1,1,73,0,7,5,2016,7,6,54,1,1,1,1,1,I-5,,721,33.393,-117.592,0,1,0,0,1,1,0,3,1,10,0,10,0,0,99,99,99,99,88,88,0,0,0,1,0,1
6,61027,1,1,0,1,1,2,2,65,0,30,4,2016,7,20,15,0,2,2,1,3,SR-74,,238,33.761,-117.266,0,49,0,0,1,1,0,1,2,1,0,1,0,0,99,99,99,99,99,99,0,0,0,1,0,2
6,61028,1,1,0,0,0,1,1,59,2560,4,5,2016,4,11,12,1,2,2,1,3,SR-57,,173,33.788,-117.88,0,23,0,1,19,1,0,4,1,10,0,10,0,0,99,99,99,99,88,88,0,0,0,1,0,2
6,61035,1,1,0,1,1,1,1,73,2340,13,6,2016,2,4,15,1,1,1,1,1,I-5,,117,32.68,-117.11,0,8,0,0,1,1,0,1,2,10,0,10,0,0,99,99,99,99,88,88,0,0,0,1,0,1
6,61045,3,3,0,0,0,5,5,95,0,21,5,2016,7,18,48,0,1,2,1,3,SR-113,HAY RD,101,38.315,-121.823,0,12,2,0,2,3,0,1,1,1,0,1,0,0,99,99,99,99,88,88,14,0,0,2,1,2