STATE,ST_CASE,VE_TOTAL,VE_FORMS,PVH_INVL,PEDS,PERNOTMVIT,PERMVIT,PERSONS,COUNTY,CITY,DAY,MONTH,YEAR,DAY_WEEK,HOUR,MINUTE,NHS,RUR_URB,FUNC_SYS,RD_OWNER,ROUTE,TWAY_ID,TWAY_ID2,MILEPT,LATITUDE,LONGITUD,SP_JUR,HARM_EV,MAN_COLL,RELJCT1,RELJCT2,TYP_INT,WRK_ZONE,REL_ROAD,LGT_COND,WEATHER1,WEATHER2,WEATHER,SCH_BUS,RAIL,NOT_HOUR,NOT_MIN,ARR_HOUR,ARR_MIN,HOSP_HR,HOSP_MN,CF1,CF2,CF3,FATALS,DRUNK_DR,RANK
6,61046,2,2,0,0,0,2,2,73,0,19,6,2016,1,16,50,0,1,2,1,3,SR-78,,532,33.106,-116.656,0,1,0,0,1,1,0,1,1,1,0,1,0,0,99,99,99,99,99,99,14,0,0,1,1,1
6,61048,1,1,0,0,0,4,4,71,0,26,6,2016,1,23,15,1,1,1,1,1,I-15,,1347,35.239,-116.098,0,1,0,0,1,1,0,4,2,1,0,1,0,0,99,99,99,99,88,88,0,0,0,1,0,1
6,61055,1,1,0,0,0,2,2,21,0,20,6,2016,2,2,0,0,1,2,1,3,SR-162,,563,39.558,-122.364,0,1,0,0,1,1,0,4,2,1,0,1,0,0,99,99,99,99,88,88,0,0,0,1,0,2
6,61057,2,2,0,0,0,3,3,85,3340,5,6,2016,1,22,5,1,2,1,1,1,I-280,,3,37.336,-121.857,0,12,1,0,1,1,0,1,2,1,0,1,0,0,99,99,99,99,99,99,0,0,0,1,1,1
6,61061,3,3,0,0,0,3,3,67,3150,20,5,2016,6,19,42,0,2,4,4,6,BROADWAY,,0,38.547,-121.457,0,12,8,0,1,1,0,1,1,2,0,2,0,0,99,99,99,99,99,99,0,0,0,1,1,2
6,61063,2,2,0,0,0,5,5,73,560,29,4,2016,6,15,45,1,2,1,1,1,I-5,,455,33.101,-117.309,0,12,1,0,1,1,0,1,1,1,0,1,0,0,99,99,99,99,88,88,0,0,0,1,1,1
6,61064,1,1,0,1,1,1,1,39,0,26,5,2016,5,4,59,1,1,2,1,3,SR-99,,18,36.861,-119.955,0,8,0,0,1,1,0,1,2,1,0,1,0,0,99,99,99,99,88,88,19,0,0,1,0,2
6,61065,2,2,0,0,0,2,2,37,3270,16,4,2016,7,1,20,0,2,2,1,3,SR-57,,0,34.081,-117.817,0,12,1,0,1,1,0,1,3,1,0,1,0,0,88,88,88,88,88,88,0,0,0,1,0,2
6,61068,1,1,0,0,0,1,1,55,0,13,5,2016,6,11,55,0,1,2,1,3,SR-128,,289,38.461,-122.153,0,59,0,0,1,1,0,4,1,1,0,1,0,0,99,99,99,99,88,88,0,0,0,1,0,1
6,61069,1,1,0,0,0,1,1,81,0,26,4,2016,3,3,23,0,1,3,1,3,SR-1,,374,37.557,-122.513,0,35,0,0,1,1,0,4,2,10,0,10,0,0,99,99,99,99,88,88,0,0,0,1,0,1
6,61070,2,2,0,0,0,6,6,3,0,29,5,2016,1,12,30,1,1,2,1,3,SR-88,RED LAKE RD,74,38.702,-119.967,0,12,6,0,2,3,0,1,1,1,0,1,0,0,99,99,99,99,99,99,0,0,0,1,0,1
6,61071,1,1,0,0,0,1,1,1,2480,8,4,2016,6,23,53,1,2,1,1,1,I-580,,442,37.818,-122.252,0,35,0,0,1,1,0,4,2,2,0,2,0,0,99,99,99,99,88,88,0,0,0,1,1,2
6,61081,1,1,0,1,1,1,1,37,1980,27,2,2016,7,3,13,1,2,1,1,1,I-5,,253,34.134,-118.275,0,8,0,0,1,1,0,1,3,1,0,1,0,0,99,99,99,99,88,88,19,0,0,1,0,1
6,61082,2,2,0,0,0,6,6,29,0,19,6,2016,1,10,55,0,1,2,1,3,SR-33,,25,34.963,-119.446,0,12,6,0,1,1,0,1,1,1,0,1,0,0,99,99,99,99,99,99,0,0,0,1,0,1
6,61083,3,3,0,0,0,3,3,67,0,27,5,2016,6,22,21,0,1,2,1,3,SR-12,,0,38.127,-121.582,0,12,2,0,1,1,0,1,2,1,0,1,0,0,99,99,99,99,88,88,0,0,0,2,1,2
6,61084,1,1,0,0,0,1,1,83,3460,30,6,2016,5,2,40,1,2,2,1,2,US-101,,857,34.919,-120.418,0,38,0,0,1,1,0,4,3,1,0,1,0,0,99,99,99,99,88,88,0,0,0,1,1,1
6,61095,1,1,0,0,0,1,1,47,190,13,3,2016,1,99,99,1,2,2,1,3,SR-99,,215,37.34,-120.59,0,38,0,0,1,1,0,4,2,2,10,2,0,0,99,99,99,99,88,88,0,0,0,1,1,2
6,61097,1,1,0,1,1,1,1,37,1980,2,5,2016,2,23,53,1,2,1,1,1,I-10,,184,34.03,-118.215,0,8,0,1,5,1,0,1,2,1,0,1,0,0,99,99,99,99,88,88,0,0,0,1,0,1
6,61100,1,1,0,0,0,2,2,45,0,12,6,2016,1,13,30,1,1,2,1,2,US-101,,50,38.914,-123.055,0,1,0,0,1,1,0,4,1,1,0,1,0,0,99,99,99,99,99,99,0,0,0,1,0,0
6,61104,3,3,0,0,0,3,3,5,0,28,3,2016,2,22,56,0,1,2,1,3,SR-16,WELSH POND RD,58,38.458,-120.927,0,12,1,0,3,3,0,1,2,1,0,1,0,0,99,99,99,99,99,99,0,0,0,1,0,2
6,61109,1,1,0,1,1,3,3,31,0,29,6,2016,4,6,0,1,1,3,1,3,SR-41,RACINE AVE,180,36.007,-119.959,0,9,0,0,3,2,0,2,1,1,0,1,0,0,99,99,99,99,88,88,0,0,0,1,0,1
6,61111,1,1,0,1,1,2,2,27,0,8,7,2016,6,0,50,1,1,2,1,2,US-395,,1116,37.309,-118.383,0,9,0,0,1,1,0,1,2,1,0,1,0,0,99,99,99,99,99,99,0,0,0,1,0,0
6,61113,2,2,0,0,0,3,3,63,0,15,7,2016,6,13,16,0,1,2,1,3,SR-70,,398,39.976,-120.938,0,12,1,0,1,1,0,1,1,1,0,1,0,0,99,99,99,99,99,99,14,0,0,1,0,1
6,61115,2,2,0,0,0,4,4,33,0,30,6,2016,5,17,0,0,1,2,1,3,SR-29,,168,38.868,-122.623,0,12,6,0,1,1,0,1,1,1,0,1,0,0,99,99,99,99,99,99,0,0,0,1,0,2
6,61118,2,2,0,0,0,2,2,39,0,3,7,2016,1,14,49,1,1,2,1,3,SR-41,,443,37.444,-119.634,0,12,1,0,1,1,0,1,1,1,0,1,0,0,99,99,99,99,99,99,0,0,0,1,0,1
6,61123,1,1,0,0,0,1,1,71,4000,23,7,2016,7,12,35,1,2,2,1,3,SR-210,,16,34.134,-117.669,0,33,0,0,1,1,0,8,1,1,0,1,0,0,88,88,88,88,88,88,0,0,0,1,0,2
6,61124,1,1,0,0,0,1,1,109,0,16,7,2016,7,13,45,0,1,2,1,3,SR-108,,307,38.195,-120.008,0,31,0,0,1,1,0,4,1,1,0,1,0,0,99,99,99,99,88,88,0,0,0,1,0,1
6,61125,1,1,0,0,0,1,1,69,0,15,7,2016,6,6,45,1,1,2,1,2,US-101,,2,36.858,-121.626,0,42,0,0,1,1,0,4,1,10,0,10,0,0,99,99,99,99,88,88,0,0,0,1,0,0
6,61128,2,2,0,0,0,3,3,99,0,14,7,2016,5,22,45,0,1,2,1,3,SR-4,,16,37.945,-120.9,0,12,2,0,1,1,0,1,2,1,0,1,0,0,99,99,99,99,99,99,0,0,0,2,1,2
6,61130,4,4,0,0,0,4,4,13,4070,5,4,2016,3,12,38,1,2,1,1,1,I-680,,162,37.923,-122.061,0,12,6,0,1,1,0,1,1,1,0,1,0,0,99,99,99,99,99,99,14,0,0,1,0,1
6,61131,1,1,0,1,1,1,1,37,1980,24,6,2016,6,4,10,1,2,1,1,1,I-10,,124,34.037,-118.316,0,8,0,0,1,1,0,1,2,1,0,1,0,0,88,88,88,88,88,88,19,0,0,1,0,1
6,61134,2,2,0,0,0,2,2,65,0,3,6,2016,6,13,0,0,1,2,1,3,SR-74,,228,33.748,-117.276,0,12,2,0,1,1,0,1,1,1,0,1,0,0,99,99,99,99,88,88,0,0,0,1,0,2
6,61138,1,1,0,1,1,1,1,37,1980,27,5,2016,6,20,25,0,2,3,4,6,WESTERN AVE,,0,33.955,-118.309,0,8,0,0,1,1,0,1,3,10,0,10,0,0,99,99,99,99,88,88,0,0,0,1,0,2
6,61140,1,1,0,0,0,1,1,19,0,28,7,2016,5,16,59,0,1,2,2,3,SR-63,,78,36.723,-119.285,0,38,0,0,1,1,0,4,1,1,0,1,0,0,99,99,99,99,88,88,0,0,0,1,0,2
6,61141,2,2,0,0,0,2,2,109,0,30,7,2016,7,7,32,1,1,2,1,3,SR-120,,192,37.845,-120.384,0,12,7,0,1,1,0,1,1,1,0,1,0,0,99,99,99,99,88,88,0,0,0,1,0,1
6,61143,2,2,0,0,0,2,2,71,0,27,7,2016,4,9,17,1,1,1,1,1,I-40,,987,34.803,-115.339,0,12,6,0,1,1,1,1,1,1,0,1,0,0,99,99,99,99,88,88,0,0,0,1,0,1
6,61144,1,1,0,0,0,1,1,61,0,30,7,2016,7,19,30,1,1,3,1,3,SR-20,,429,39.31,-120.652,0,35,0,0,1,1,0,4,5,1,0,1,0,0,99,99,99,99,88,88,0,0,0,1,0,2
6,61145,1,1,0,0,0,1,1,45,0,19,7,2016,3,7,58,1,1,2,1,2,US-101,,157,39.034,-123.143,0,35,0,0,1,1,0,4,1,1,0,1,0,0,99,99,99,99,88,88,0,0,0,1,1,1
6,61147,2,2,0,0,0,4,4,81,0,16,4,2016,7,13,22,0,1,3,1,3,SR-84,,122,37.362,-122.261,0,1,0,0,1,1,0,1,1,1,0,1,0,0,99,99,99,99,99,99,0,0,0,1,0,2
6,61161,2,2,0,0,0,4,4,71,3210,6,8,2016,7,2,35,1,2,2,1,3,SR-210,,259,34.142,-117.25,0,12,1,0,1,1,0,1,2,1,0,1,0,0,99,99,99,99,99,99,0,0,0,1,1,2
6,61163,1,1,0,0,0,2,2,103,0,2,8,2016,3,12,30,0,1,4,1,3,SR-32,,187,40.273,-121.429,0,42,0,0,1,1,0,4,1,1,0,1,0,0,99,99,99,99,99,99,0,0,0,1,0,2
6,61165,1,1,0,0,0,1,1,73,3260,31,7,2016,1,7,35,1,2,1,1,1,I-5,,36,32.572,-117.079,0,38,0,0,1,1,0,4,1,1,0,1,0,0,99,99,99,99,99,99,0,0,0,1,1,1
6,61166,3,3,0,0,0,3,3,35,0,1,8,2016,2,18,4,1,1,2,1,2,US-395,,128,39.888,-120.02,0,12,2,0,1,1,0,1,1,1,0,1,0,0,99,99,99,99,88,88,0,0,0,1,0,0
6,61169,2,2,0,0,0,7,7,107,0,12,6,2016,1,15,40,1,1,2,1,3,SR-65,,309,36.211,-119.125,0,12,2,0,1,1,0,1,1,1,0,1,0,0,99,99,99,99,99,99,0,0,0,1,1,0
6,61170,1,1,0,1,1,2,2,37,1980,16,4,2016,7,21,34,1,2,2,1,2,US-101,,116,34.152,-118.375,0,8,0,0,1,1,0,1,3,1,0,1,0,0,99,99,99,99,88,88,0,0,0,1,0,0
6,61171,2,2,0,0,0,3,3,37,1980,14,5,2016,7,2,43,0,2,4,4,6,WESTERN AVE,76TH ST,0,33.971,-118.309,0,12,2,0,2,2,0,1,3,1,0,1,0,0,99,99,99,99,99,99,0,0,0,1,1,2
6,61181,2,2,0,0,0,3,3,11,0,18,5,2016,4,10,55,1,1,2,1,3,SR-20,,200,39.106,-122.316,0,24,0,0,1,1,0,4,1,1,0,1,0,0,99,99,99,99,99,99,0,0,0,1,0,2
6,61182,3,3,0,0,0,4,4,57,0,18,2,2016,5,18,10,0,1,2,1,3,SR-49,,204,39.284,-121.102,0,1,0,0,1,1,0,1,2,10,0,10,0,0,99,99,99,99,88,88,14,0,0,1,0,1
6,61183,5,1,4,0,1,1,2,99,3950,5,5,2016,5,9,56,1,2,2,1,3,SR-99,,20,37.476,-120.855,0,38,0,0,1,1,0,5,1,10,0,10,0,0,99,99,99,99,99,99,14,0,0,1,0,2
6,61184,2,2,0,0,0,7,7,107,0,17,7,2016,1,20,57,1,1,2,1,3,SR-198,SR-65,396,36.326,-119.135,0,12,6,0,2,2,0,1,3,1,0,1,0,0,99,99,99,99,99,99,0,0,0,1,0,1
6,61185,2,2,0,0,0,4,4,73,0,16,7,2016,7,20,26,1,1,1,1,1,I-15,,414,33.261,-117.158,0,12,7,0,1,1,0,1,2,1,0,1,0,0,99,99,99,99,88,88,0,0,0,2,0,1
6,61187,1,1,0,0,0,1,1,71,0,19,6,2016,1,15,10,0,1,3,1,3,SR-38,,501,34.266,-116.855,0,35,0,0,1,1,0,4,1,1,0,1,0,0,99,99,99,99,99,99,0,0,0,1,0,2
6,61192,4,1,3,0,0,1,1,113,980,7,7,2016,5,4,48,1,2,1,1,1,I-80,,5,38.543,-121.732,0,42,0,0,1,1,0,4,3,1,0,1,0,0,99,99,99,99,88,88,14,0,0,1,0,0
6,61193,5,5,0,0,0,13,13,37,2700,15,7,2016,6,16,50,1,2,1,1,1,I-210,,285,34.152,-118.095,0,12,1,0,1,1,0,1,1,1,0,1,0,0,99,99,99,99,99,99,0,0,0,2,0,1
6,61195,5,5,0,0,0,8,8,53,0,21,7,2016,5,14,55,0,1,2,1,3,SR-68,,171,36.623,-121.684,0,12,1,0,1,1,1,1,1,1,0,1,0,0,99,99,99,99,99,99,28,0,0,1,0,2
6,61198,1,1,0,0,0,4,4,7,0,22,7,2016,6,14,25,0,1,3,1,3,SR-32,,37,39.753,-121.927,0,35,0,0,1,1,0,4,1,1,0,1,0,0,99,99,99,99,99,99,0,0,0,1,0,2
6,61199,1,1,0,0,0,1,1,77,3770,25,4,2016,2,10,45,1,2,1,1,1,I-5,,265,37.948,-121.301,0,23,0,1,5,1,0,4,1,1,0,1,0,0,99,99,99,99,99,99,0,0,0,1,1,1
6,61204,1,1,0,0,0,1,1,55,0,29,5,2016,1,16,99,0,1,2,1,3,SR-29,,458,38.655,-122.599,0,35,0,0,1,1,0,4,1,1,0,1,0,0,99,99,99,99,99,99,0,0,0,1,0,2
6,61205,1,1,0,0,0,1,1,79,0,2,7,2016,7,2,37,1,1,2,1,2,US-101,,36,35.022,-120.469,0,1,0,0,1,1,0,2,2,10,0,10,0,0,99,99,99,99,88,88,0,0,0,1,1,1
6,61207,1,1,0,0,0,7,7,99,0,10,6,2016,6,1,0,1,1,1,1,1,I-5,,12,37.265,-121.093,0,1,0,0,1,1,0,4,2,1,0,1,0,0,99,99,99,99,99,99,0,0,0,1,0,1
6,61208,1,1,0,0,0,6,6,71,0,5,7,2016,3,13,45,0,1,2,1,3,SR-62,,1362,34.182,-114.398,0,1,0,0,1,1,0,1,1,1,0,1,0,0,99,99,99,99,99,99,0,0,0,1,0,0
6,61211,1,1,0,1,1,1,1,37,1980,24,6,2016,6,4,25,0,2,3,4,6,BROADWAY,79TH STREET,0,33.968,-118.278,0,8,0,0,3,2,0,1,3,1,0,1,0,0,99,99,99,99,88,88,0,0,0,1,0,2
6,61212,2,2,0,0,0,5,5,73,3260,24,6,2016,6,15,58,0,2,2,1,3,SR-78,,305,33.097,-117.022,0,1,0,0,1,1,0,1,1,1,0,1,0,0,99,99,99,99,88,88,0,0,0,1,0,1
6,61214,1,1,0,1,1,1,1,47,0,3,3,2016,5,20,0,0,1,3,1,3,SR-165,,279,37.327,-120.851,0,8,0,0,1,1,0,1,2,2,0,2,0,0,99,99,99,99,88,88,0,0,0,1,0,2
6,61216,6,6,0,0,0,8,8,37,1980,12,2,2016,6,10,14,1,2,2,1,3,SR-170,,150,34.16,-118.38,0,12,1,0,1,1,0,1,1,1,0,1,0,0,99,99,99,99,88,88,0,0,0,1,0,2
6,61217,1,1,0,1,1,1,1,87,0,20,2,2016,7,23,0,1,1,2,1,3,SR-1,,129,36.984,-121.952,0,8,0,0,1,1,0,1,2,1,0,1,0,0,99,99,99,97,99,97,0,0,0,1,0,1
6,61221,1,1,0,1,1,1,1,1,2480,6,5,2016,6,1,20,1,2,1,1,1,I-580,,368,37.755,-122.151,0,8,0,0,1,1,0,1,2,1,0,1,0,0,99,99,99,99,88,88,0,0,0,1,0,2
6,61223,1,1,0,0,0,1,1,111,3641,28,3,2016,2,10,5,1,1,2,1,3,SR-118,,262,34.282,-118.737,0,33,0,0,1,1,0,4,1,10,2,2,0,0,99,99,99,99,88,88,0,0,0,1,0,2
6,61224,1,1,0,0,0,2,2,19,0,6,8,2016,7,18,34,1,1,2,1,3,SR-180,,867,36.724,-119.303,0,35,0,0,1,1,0,4,1,1,0,1,0,0,99,99,99,99,88,88,0,0,0,2,0,1
6,61227,2,2,0,0,0,3,3,67,1108,27,5,2016,6,4,21,1,2,2,1,3,SR-99,,123,38.399,-121.382,0,12,1,0,1,1,0,1,3,1,0,1,0,0,99,99,99,99,99,99,0,0,0,2,0,2
6,61230,3,3,0,0,0,4,4,77,3770,29,5,2016,1,8,52,1,2,1,1,1,I-5,,353,38.056,-121.372,0,42,0,0,1,1,0,4,1,1,0,1,0,0,99,99,99,99,99,99,0,0,0,1,0,1
6,61233,3,3,0,0,0,3,3,13,3010,8,7,2016,6,14,42,1,2,1,1,1,I-80,,26,37.932,-122.325,0,12,1,0,1,1,0,1,1,1,0,1,0,0,99,99,99,99,99,99,0,0,0,1,0,0
6,61234,2,2,0,0,0,2,2,69,0,11,7,2016,2,20,55,1,1,3,1,3,SR-156,LUCY BROWN RD,44,36.841,-121.509,0,12,6,0,2,3,0,1,2,1,0,1,0,0,99,99,99,99,99,99,0,0,0,1,0,2
6,61242,2,2,0,0,0,2,2,77,0,30,6,2016,5,21,14,1,1,3,1,3,SR-12,,33,38.114,-121.523,0,12,2,0,1,1,1,1,2,1,0,1,0,0,99,99,99,99,99,99,0,0,0,1,0,2
6,61244,3,3,0,0,0,10,10,7,0,9,7,2016,7,13,27,1,1,3,1,3,SR-70,,19,39.334,-121.598,0,12,2,0,1,1,0,1,1,1,0,1,0,0,99,99,99,99,99,99,14,0,0,2,0,2
6,61245,1,1,0,0,0,2,2,61,0,7,7,2016,5,9,12,1,1,1,1,1,I-80,,648,39.305,-120.523,0,42,0,0,1,1,0,4,1,1,0,1,0,0,99,99,99,99,99,99,0,0,0,1,0,0
6,61246,3,3,0,0,0,5,5,19,0,5,7,2016,3,20,31,1,1,2,1,3,SR-99,,133,36.651,-119.711,0,12,2,0,1,1,0,1,5,1,0,1,0,0,99,99,99,99,99,99,0,0,0,1,0,2
6,61248,2,1,1,0,0,2,2,65,0,18,8,2016,5,5,55,1,1,1,1,1,I-10,,170,33.927,-116.816,0,14,0,0,1,1,0,4,4,1,0,1,0,0,99,99,99,99,99,99,0,0,0,1,0,1
6,61255,1,1,0,0,0,1,1,71,0,14,8,2016,1,13,0,1,1,2,1,3,SR-138,,337,34.26,-117.287,0,1,0,0,1,1,0,4,1,1,0,1,0,0,99,99,99,99,88,88,0,0,0,1,0,1
6,61256,2,2,0,0,0,2,2,47,0,18,8,2016,5,18,46,0,1,2,1,3,SR-140,WHITWORTH RD,32,37.246,-121.031,0,12,6,0,2,2,0,1,1,1,0,1,0,0,99,99,99,99,99,99,0,0,0,1,0,1
6,61257,2,2,0,0,0,2,2,19,0,22,8,2016,2,23,46,0,1,2,1,3,SR-33,,633,36.773,-120.395,0,12,2,0,1,1,0,1,2,1,0,1,0,0,99,99,99,99,99,99,0,0,0,1,0,1
6,61263,1,1,0,0,0,1,1,61,0,8,8,2016,2,11,38,1,1,1,1,1,I-80,,347,39.118,-120.942,0,25,0,0,1,1,0,3,1,1,0,1,0,0,99,99,99,99,88,88,0,0,0,1,0,0
6,61265,2,2,0,0,0,4,4,7,0,5,8,2016,6,16,25,0,1,4,1,3,SR-32,,301,39.955,-121.649,0,12,2,0,1,1,0,1,1,1,0,1,0,0,99,99,99,99,99,99,0,0,0,1,0,2
6,61267,2,2,0,1,1,2,2,77,0,25,6,2016,7,21,29,1,1,2,1,3,SR-88,,181,38.191,-121.086,0,8,0,0,1,1,0,1,3,1,0,1,0,0,99,99,99,99,88,88,0,0,0,1,0,1
6,61268,1,1,0,0,0,1,1,85,0,25,4,2016,2,9,4,1,1,1,1,1,I-280,,173,37.38,-122.151,0,25,0,0,1,1,0,3,1,1,0,1,0,0,99,99,99,99,88,88,0,0,0,1,0,1
6,61269,1,1,0,0,0,1,1,81,0,30,7,2016,7,11,25,0,1,3,1,3,SR-84,,103,37.335,-122.269,0,1,0,0,1,1,0,1,1,1,0,1,0,0,99,99,99,99,88,88,0,0,0,1,0,2
6,61270,1,1,0,0,0,1,1,1,20,9,6,2016,5,0,55,1,2,1,1,1,I-80,,77,37.893,-122.308,0,52,0,0,1,1,0,4,3,1,0,1,0,0,99,99,99,99,99,99,0,0,0,1,0,0
6,61271,2,2,0,0,0,3,3,29,0,2,8,2016,3,10,20,0,1,3,2,3,SR-99,MERLE HAGGARD DRIVE,0,35.441,-119.087,0,12,6,1,2,2,0,1,1,1,0,1,0,0,99,99,99,99,99,99,0,0,0,1,1,2
6,61272,1,1,0,0,0,2,2,109,0,18,8,2016,5,16,15,1,1,2,1,3,SR-120,,38,37.85,-120.585,0,34,0,0,1,1,0,4,1,1,0,1,0,0,99,99,99,99,99,99,0,0,0,1,0,1
6,61276,1,1,0,0,0,1,1,65,0,22,4,2016,6,14,1,1,1,1,1,1,I-10,,1016,33.701,-115.46,0,38,0,0,1,1,0,4,1,1,0,1,0,0,99,99,99,99,99,99,0,0,0,1,0,1
6,61277,1,1,0,0,0,1,1,73,3260,21,8,2016,1,3,10,1,2,1,1,1,I-5,,141,32.702,-117.143,0,24,0,1,19,1,0,4,3,1,0,1,0,0,99,99,99,99,88,88,0,0,0,1,1,1
6,61279,1,1,0,1,1,1,1,59,3420,11,8,2016,5,22,37,1,2,2,1,3,SR-55,,88,33.719,-117.841,0,8,0,0,1,1,0,1,3,1,0,1,0,0,99,99,99,99,88,88,0,0,0,1,0,2
6,61281,7,7,0,0,0,9,9,79,0,10,7,2016,1,13,0,0,1,2,1,3,SR-1,PICO AVE,541,35.615,-121.146,0,1,0,0,3,2,0,1,1,1,0,1,0,0,99,99,99,99,99,99,0,0,0,1,0,1
6,61290,1,1,0,0,0,7,7,19,0,8,8,2016,2,9,20,1,1,1,1,1,I-5,,555,36.719,-120.684,0,1,0,0,1,1,0,4,1,1,0,1,0,0,99,99,99,99,99,99,0,0,0,2,0,1
6,61291,1,1,0,0,0,1,1,65,0,27,7,2016,4,19,34,0,1,2,1,3,SR-74,,800,33.736,-116.818,0,1,0,0,1,1,0,4,5,1,0,1,0,0,99,99,99,99,88,88,0,0,0,1,0,2
6,61292,2,2,0,0,0,3,3,63,0,12,6,2016,1,20,12,0,1,2,1,3,SR-36,,41,40.261,-121.275,0,12,2,0,1,1,0,1,5,1,0,1,0,0,99,99,99,99,99,99,0,0,0,1,0,1
6,61295,3,1,2,2,2,1,1,29,0,7,7,2016,5,5,0,1,1,1,1,1,I-5,,172,35.001,-118.95,0,8,0,0,1,1,0,2,2,1,0,1,0,0,99,99,99,99,99,99,14,23,0,1,0,1
6,61296,1,1,0,0,0,1,1,37,1980,2,7,2016,7,0,55,1,2,2,1,3,SR-134,,51,34.155,-118.29,0,24,0,1,19,1,0,3,2,1,0,1,0,0,99,99,99,99,88,88,0,0,0,1,0,1
6,61297,1,1,0,1,1,1,1,37,1980,17,4,2016,1,2,53,1,2,2,1,2,US-101,,62,34.097,-118.314,0,8,0,1,18,1,0,1,3,1,0,1,0,0,99,99,99,99,88,88,0,0,0,1,0,0
6,61298,1,1,0,0,0,1,1,79,0,25,7,2016,2,4,35,1,1,2,1,2,US-101,,428,35.451,-120.64,0,33,0,0,1,1,0,4,3,1,0,1,0,0,99,99,99,99,88,88,0,0,0,1,0,0
6,61309,2,2,0,0,0,2,2,45,0,20,7,2016,4,11,53,1,1,2,1,2,US-101,,424,39.359,-123.317,0,54,11,0,1,1,0,1,1,1,0,1,0,0,99,99,99,99,99,99,14,0,0,1,0,0
6,61311,2,2,0,0,0,2,2,77,0,10,5,2016,3,6,20,1,1,2,1,3,SR-88,,167,38.181,-121.109,0,12,2,0,1,1,0,1,4,1,0,1,0,0,99,99,99,99,88,88,0,0,0,1,0,1
6,61314,2,1,1,0,0,1,1,95,0,3,8,2016,4,21,50,1,1,1,1,1,I-80,,417,38.51,-121.781,0,14,0,0,1,1,0,2,3,1,0,1,0,0,99,99,99,99,88,88,0,0,0,1,0,0
6,61318,5,5,0,0,0,9,9,45,0,14,4,2016,5,11,20,1,2,2,1,2,US-101,,421,39.355,-123.32,0,12,7,0,1,1,0,1,1,10,0,10,0,0,99,99,99,99,99,99,0,0,0,1,0,0
6,61325,1,1,0,0,0,2,2,55,0,2,8,2016,3,23,15,0,1,2,1,3,SR-128,TUBBS LANE,27,38.589,-122.607,0,39,0,0,3,3,0,4,2,1,0,1,0,0,99,99,99,99,99,99,0,0,0,1,1,1
6,61330,1,1,0,1,1,0,0,59,880,6,6,2016,2,16,40,1,2,1,1,1,I-405,,105,33.688,-117.903,0,8,0,0,1,1,0,2,1,1,0,1,0,0,99,99,99,99,88,88,0,0,0,1,0,2
6,61331,1,1,0,0,0,1,1,107,0,27,7,2016,4,14,35,1,1,2,1,3,SR-65,,254,36.149,-119.074,0,38,0,0,1,1,0,4,1,1,0,1,0,0,99,99,99,99,88,88,0,0,0,1,0,0
6,61332,2,2,0,1,1,3,3,73,0,25,7,2016,2,15,48,1,1,1,1,1,I-8,,226,32.85,-116.871,0,12,1,0,1,1,0,1,1,1,0,1,0,0,99,99,99,99,88,88,23,0,0,1,0,0
6,61333,1,1,0,0,0,1,1,111,0,9,6,2016,5,99,99,0,1,2,1,3,SR-1,,22,34.061,-118.98,0,35,0,0,1,1,0,4,2,10,0,10,0,0,99,99,99,99,88,88,0,0,0,1,1,1
6,61342,1,1,0,0,0,1,1,105,0,26,5,2016,5,16,5,0,1,2,1,3,SR-3,,607,40.992,-122.702,0,42,0,0,1,1,0,4,1,1,0,1,0,0,99,99,99,99,88,88,0,0,0,1,1,2
6,61343,1,1,0,0,0,2,2,89,0,9,8,2016,3,17,20,1,1,2,1,3,SR-299,,36,40.658,-122.699,0,1,0,0,1,1,0,1,1,1,0,1,0,0,99,99,99,99,99,99,0,0,0,1,0,0
6,61344,1,1,0,0,0,1,1,17,0,16,7,2016,7,12,36,1,1,2,1,2,US-50,,273,38.745,-120.645,0,24,0,0,1,1,0,4,1,1,0,1,0,0,99,99,99,99,88,88,0,0,0,1,0,2
6,61347,1,1,0,1,1,1,1,1,2480,28,7,2016,5,3,40,1,2,1,1,1,I-880,,260,37.747,-122.202,0,8,0,0,1,1,0,1,3,1,0,1,0,0,99,99,99,99,88,88,0,0,0,1,0,2
6,61348,4,4,0,0,0,11,11,71,2550,30,7,2016,7,12,50,1,2,1,1,1,I-10,,49,34.08,-117.628,0,12,1,0,1,1,0,1,1,1,0,1,0,0,99,99,99,99,88,88,28,0,0,1,0,1
6,61358,2,2,0,0,0,4,4,81,1530,26,2,2016,6,16,54,0,2,3,1,3,SR-1,,307,37.488,-122.45,0,12,2,0,1,1,0,1,1,10,0,10,0,0,99,99,99,99,99,99,0,0,0,1,1,1
6,61363,1,1,0,0,0,7,7,73,560,16,6,2016,5,0,30,1,2,1,1,1,I-5,,500,33.161,-117.341,0,1,0,0,1,1,0,1,3,10,0,10,0,0,99,99,99,99,99,99,0,0,0,1,0,1
6,61365,1,1,0,0,0,1,1,85,0,17,7,2016,1,17,34,1,1,1,1,1,I-280,,176,37.384,-122.152,0,35,0,0,1,1,0,4,1,1,0,1,0,0,99,99,99,99,88,88,0,0,0,1,0,1