STATE,ST_CASE,VE_TOTAL,VE_FORMS,PVH_INVL,PEDS,PERNOTMVIT,PERMVIT,PERSONS,COUNTY,CITY,DAY,MONTH,YEAR,DAY_WEEK,HOUR,MINUTE,NHS,RUR_URB,FUNC_SYS,RD_OWNER,ROUTE,TWAY_ID,TWAY_ID2,MILEPT,LATITUDE,LONGITUD,SP_JUR,HARM_EV,MAN_COLL,RELJCT1,RELJCT2,TYP_INT,WRK_ZONE,REL_ROAD,LGT_COND,WEATHER1,WEATHER2,WEATHER,SCH_BUS,RAIL,NOT_HOUR,NOT_MIN,ARR_HOUR,ARR_MIN,HOSP_HR,HOSP_MN,CF1,CF2,CF3,FATALS,DRUNK_DR,RANK
6,61366,1,1,0,0,0,3,3,65,0,1,5,2016,1,8,8,0,1,2,1,3,SR-74,,891,33.65,-116.395,0,35,0,0,1,1,0,4,1,1,0,1,0,0,99,99,99,99,99,99,0,0,0,1,0,2
6,61367,1,1,0,0,0,1,1,13,2790,17,7,2016,1,16,4,1,2,2,1,3,SR-4,,237,38.011,-121.864,0,41,0,0,1,1,0,4,1,1,0,1,0,0,99,99,99,99,88,88,0,0,0,1,1,2
6,61368,1,1,0,0,0,1,1,1,2480,2,7,2016,7,18,53,1,2,2,1,3,SR-24,,47,37.849,-122.235,0,42,11,0,1,1,0,4,1,1,0,1,0,0,99,99,99,99,88,88,0,0,0,1,1,2
6,61369,2,2,0,0,0,3,3,89,0,3,8,2016,4,14,40,1,1,2,1,3,SR-44,,132,40.533,-122.131,0,12,2,0,1,1,0,1,1,1,0,1,0,0,99,99,99,99,99,99,0,0,0,1,1,2
6,61370,1,1,0,0,0,1,1,17,0,3,6,2016,6,0,25,1,1,2,1,2,US-50,,92,38.667,-120.928,0,42,0,0,1,1,0,4,3,1,0,1,0,0,99,99,99,99,88,88,0,0,0,1,0,2
6,61372,1,1,0,0,0,1,1,29,240,21,8,2016,1,14,25,0,2,2,1,3,SR-178,,38,35.39,-118.981,0,35,0,0,1,1,0,4,1,1,0,1,0,0,99,99,99,99,88,88,0,0,0,1,0,0
6,61373,2,2,0,0,0,2,2,29,0,15,5,2016,1,16,12,0,1,2,1,3,SR-33,HUDSON RANCH RD,23,34.961,-119.448,0,12,6,0,2,3,0,1,1,1,0,1,0,0,99,99,99,99,99,99,0,0,0,1,0,1
6,61379,2,2,0,0,0,3,3,37,1980,1,6,2016,4,1,30,1,2,1,1,1,I-210,,18,34.324,-118.462,0,12,1,0,1,1,0,1,2,1,0,1,0,0,99,99,99,99,99,99,0,0,0,1,0,1
6,61382,1,1,0,0,0,1,1,77,0,30,5,2016,2,16,34,0,1,2,1,3,SR-26,,172,38.068,-120.991,0,1,0,0,1,1,0,2,1,1,0,1,0,0,99,99,99,99,88,88,0,0,0,1,1,1
6,61387,1,1,0,0,0,1,1,37,1970,24,7,2016,1,2,35,1,2,1,1,1,I-605,,6,33.815,-118.081,0,25,0,0,1,1,0,3,3,1,0,1,0,0,99,99,99,99,88,88,0,0,0,1,1,2
6,61388,2,2,0,0,0,5,5,59,2199,7,8,2016,1,17,50,1,2,1,1,1,I-5,,141,33.566,-117.672,0,12,7,0,1,1,0,1,1,1,0,1,0,0,99,99,99,99,99,99,0,0,0,1,0,1
6,61390,1,1,0,1,1,1,1,97,3490,4,2,2016,5,19,52,0,2,2,1,3,SR-12,,201,38.465,-122.653,0,8,0,0,1,1,0,1,3,1,0,1,0,0,99,99,99,99,88,88,19,0,0,1,0,2
6,61392,1,1,0,0,0,1,1,57,0,9,9,2016,6,12,33,1,1,2,1,3,SR-20,,155,39.244,-121.029,0,33,0,0,1,1,0,4,1,1,0,1,0,0,99,99,99,99,88,88,0,0,0,1,0,2
6,61393,2,2,0,0,0,4,4,77,0,9,8,2016,3,18,19,0,1,2,1,3,SR-26,,78,38.005,-121.134,0,12,2,0,1,1,0,1,1,1,0,1,0,0,99,99,99,99,99,99,0,0,0,1,0,1
6,61394,2,2,0,0,0,3,3,1,0,2,6,2016,5,16,34,1,1,1,1,1,I-880,,195,37.68,-122.123,0,12,7,0,1,1,0,1,1,1,0,1,0,0,99,99,99,99,88,88,0,0,0,1,0,2
6,61397,2,2,0,0,0,2,2,71,0,16,7,2016,7,17,0,0,1,2,1,3,SR-38,,246,34.173,-116.865,0,12,2,0,1,1,0,1,1,1,0,1,0,0,99,99,99,99,99,99,14,0,0,1,0,2
6,61403,2,2,0,0,0,2,2,7,0,2,8,2016,3,14,37,1,1,3,1,3,SR-99,MALLARD ESTATES RD,412,39.826,-121.928,0,12,2,0,3,3,0,2,1,1,0,1,0,0,99,99,99,99,88,88,28,0,0,1,0,2
6,61405,1,1,0,0,0,1,1,9,0,3,9,2016,7,2,43,0,1,2,1,3,SR-4,,99998,38.016,-120.644,0,42,0,0,1,1,1,4,2,1,0,1,0,0,99,99,99,99,88,88,0,0,0,1,0,2
6,61408,2,2,0,0,0,2,2,39,0,6,8,2016,7,15,24,1,1,3,1,3,SR-41,ROAD 426,358,37.333,-119.651,0,12,6,0,2,2,0,1,1,1,0,1,0,0,99,99,99,99,88,88,0,0,0,1,0,1
6,61409,1,1,0,0,0,1,1,107,0,11,8,2016,5,0,0,0,1,2,1,3,SR-201,,222,36.473,-119.152,0,38,0,0,1,1,0,4,2,1,0,1,0,0,99,99,99,99,88,88,0,0,0,1,0,2
6,61411,1,1,0,0,0,1,1,65,2730,12,8,2016,6,8,57,0,2,2,1,3,SR-74,,246,33.767,-117.258,0,59,0,0,1,1,0,4,1,1,0,1,0,0,99,99,99,99,99,99,0,0,0,1,0,2
6,61412,2,2,0,0,0,3,3,79,0,28,6,2016,3,4,48,1,1,2,1,2,US-101,WELLSONA RD,619,35.696,-120.697,0,12,6,0,2,2,0,1,3,1,0,1,0,0,99,99,99,99,99,99,0,0,0,1,0,0
6,61415,1,1,0,0,0,3,3,71,0,5,9,2016,2,5,0,1,1,1,1,1,I-40,,537,34.727,-116.089,0,1,0,0,1,1,0,4,2,1,0,1,0,0,99,99,99,99,88,88,0,0,0,1,0,1
6,61429,2,2,0,0,0,4,4,47,0,8,6,2016,4,4,55,1,1,2,1,3,SR-99,,178,37.316,-120.528,0,52,0,0,1,1,0,4,2,1,0,1,0,0,99,99,99,99,88,88,14,0,0,1,1,2
6,61432,2,2,0,0,0,2,2,53,0,28,6,2016,3,6,10,0,1,2,1,3,SR-183,SAN JON RD,36,36.703,-121.707,0,12,6,0,2,3,0,1,1,10,0,10,0,0,99,99,99,99,99,99,0,0,0,1,0,2
6,61436,2,2,0,0,0,2,2,25,0,3,3,2016,5,19,58,0,1,2,1,3,SR-111,SINCLAIR ROAD,361,33.177,-115.519,0,12,6,0,2,2,0,1,2,1,0,1,0,0,99,99,99,99,99,99,0,0,0,1,0,1
6,61440,1,1,0,0,0,2,2,113,0,4,6,2016,7,13,10,1,1,1,1,1,I-5,,8,38.673,-121.641,0,23,0,0,1,1,0,5,1,1,0,1,0,0,99,99,99,99,99,99,0,0,0,1,0,1
6,61441,1,1,0,0,0,1,1,5,0,23,8,2016,3,7,25,0,1,2,1,3,SR-16,SR-124,91,38.454,-120.873,0,33,0,1,5,1,0,8,1,1,0,1,0,0,99,99,99,99,88,88,0,0,0,1,0,2
6,61442,2,2,0,0,0,3,3,31,0,20,8,2016,7,17,57,1,1,2,1,3,SR-41,,379,36.256,-119.808,0,12,2,0,1,1,0,1,1,1,0,1,0,0,99,99,99,99,88,88,0,0,0,1,1,1
6,61445,1,1,0,0,0,1,1,87,0,5,6,2016,1,19,15,0,1,3,1,3,SR-1,,172,36.986,-122.024,0,39,0,1,19,1,0,4,1,1,0,1,0,0,99,99,99,99,88,88,0,0,0,1,0,1
6,61446,2,2,0,0,0,6,6,53,0,24,6,2016,6,18,34,1,1,2,1,2,US-101,ESPERANZA RD,788,36.59,-121.54,0,12,6,0,2,3,0,1,1,1,0,1,0,0,99,99,99,99,88,88,0,0,0,1,1,1
6,61448,2,2,0,0,0,2,2,111,0,22,7,2016,6,17,57,0,1,3,1,3,SR-150,,136,34.425,-119.3,0,24,0,0,1,1,0,4,1,1,0,1,0,0,99,99,99,99,99,99,0,0,0,1,0,0
6,61449,1,1,0,0,0,1,1,105,0,23,6,2016,5,10,31,1,1,2,1,3,SR-299,,562,40.67,-122.944,0,1,0,0,1,1,0,4,1,1,0,1,0,0,99,99,99,99,99,99,0,0,0,1,0,0
6,61450,1,1,0,0,0,2,2,65,0,6,7,2016,4,5,35,1,1,1,1,1,I-10,,292,33.916,-116.612,0,31,0,0,1,1,0,4,4,6,0,6,0,0,99,99,99,99,99,99,0,0,0,1,0,1
6,61452,2,2,0,0,0,3,3,65,0,16,6,2016,5,5,30,1,1,1,1,1,I-10,,1286,33.614,-115.012,0,12,2,0,1,1,0,1,4,1,0,1,0,0,99,99,99,99,88,88,0,0,0,2,1,1
6,61454,3,3,0,0,0,5,5,45,0,14,8,2016,1,20,39,1,2,1,1,2,US-101,,171,39.053,-123.156,0,12,6,0,1,1,0,1,2,1,0,1,0,0,99,99,99,99,99,99,0,0,0,2,0,1
6,61455,1,1,0,1,1,1,1,55,0,3,6,2016,6,17,36,1,1,2,1,3,SR-29,,50,38.227,-122.258,0,9,0,0,1,1,0,2,1,1,0,1,0,0,99,99,99,99,99,99,0,0,0,1,0,2
6,61456,1,1,0,0,0,1,1,73,710,7,9,2016,4,14,55,0,2,3,4,3,SR-125,,0,32.644,-116.97,0,1,0,1,19,1,0,3,1,1,0,1,0,0,99,99,99,99,99,99,0,0,0,1,0,2
6,61457,1,1,0,0,0,1,1,59,2560,27,8,2016,7,3,8,1,2,2,1,3,SR-57,,115,33.791,-117.88,0,30,0,0,1,1,0,4,3,10,0,10,0,0,88,88,88,88,88,88,0,0,0,1,0,2
6,61459,2,2,0,0,0,2,2,37,1980,14,2,2016,1,13,25,1,2,1,1,1,I-5,,261,34.146,-118.279,0,12,1,0,1,1,0,1,1,1,0,1,0,0,99,99,99,99,99,99,0,0,0,1,0,1
6,61461,3,3,0,0,0,9,9,3,0,24,7,2016,1,13,25,0,1,2,1,3,SR-89,,33,38.664,-119.64,0,12,8,0,1,1,0,1,1,1,0,1,0,0,99,99,99,99,99,99,0,0,0,2,0,1
6,61467,2,2,0,0,0,3,3,109,0,9,7,2016,7,9,47,0,1,2,1,3,SR-108,TWAIN HARTE DR,0,38.02,-120.247,0,12,2,0,2,2,0,1,1,1,0,1,0,0,99,99,99,99,99,99,0,0,0,1,0,1
6,61468,2,2,0,0,0,5,5,101,0,12,8,2016,6,17,0,0,1,3,1,3,SR-113,,14,38.822,-121.717,0,12,6,0,1,1,0,1,1,1,0,1,0,0,99,99,99,99,99,99,0,0,0,1,0,1
6,61469,1,1,0,0,0,3,3,1,1364,1,7,2016,6,19,38,1,2,1,1,1,I-880,,95,37.554,-122.029,0,1,0,0,1,1,0,2,1,1,0,1,0,0,99,99,99,99,99,99,0,0,0,1,0,2
6,61470,1,1,0,0,0,1,1,1,3360,27,7,2016,4,3,59,1,2,1,1,1,I-880,,235,37.718,-122.176,0,59,0,1,5,1,0,4,3,1,0,1,0,0,99,99,99,99,88,88,0,0,0,1,1,2
6,61471,1,1,0,1,1,1,1,99,0,12,7,2016,3,18,47,1,1,2,1,3,SR-99,,142,37.617,-120.989,0,8,0,0,1,1,0,1,1,1,0,1,0,0,99,99,99,99,88,88,0,0,0,1,0,2
6,61472,1,1,0,0,0,2,2,93,0,11,8,2016,5,21,20,1,1,3,1,3,SR-89,,131,41.267,-121.918,0,42,0,0,1,1,0,4,2,1,0,1,0,0,99,99,99,99,99,99,0,0,0,2,0,1
6,61474,1,1,0,0,0,3,3,3,0,23,8,2016,3,8,20,0,1,2,1,3,SR-1,,211,38.448,-123.114,0,3,0,0,1,1,0,4,1,10,2,2,0,0,99,99,99,99,88,88,0,0,0,2,0,1
6,61475,1,1,0,0,0,1,1,111,4027,3,7,2016,1,20,45,1,2,2,1,3,SR-126,,51,34.29,-119.155,0,33,0,1,19,1,0,4,3,1,0,1,0,0,99,99,99,99,88,88,0,0,0,1,1,2
6,61478,2,2,0,0,0,4,4,99,0,16,6,2016,5,21,55,0,1,2,1,3,SR-132,GEER RD,231,37.639,-120.848,0,12,6,0,2,2,0,1,3,1,0,1,0,0,99,99,99,99,99,99,0,0,0,1,0,1
6,61485,2,1,1,0,0,1,1,71,0,16,9,2016,6,7,10,1,1,1,1,1,I-10,,190,34.068,-117.384,0,33,0,0,1,1,0,2,1,1,0,1,0,0,88,88,88,88,88,88,23,0,0,1,0,1
6,61489,1,1,0,0,0,2,2,47,0,18,9,2016,1,5,8,1,1,1,1,1,I-5,,80,36.948,-120.863,0,31,0,0,1,1,0,4,2,1,0,1,0,0,99,99,99,99,99,99,0,0,0,1,1,1
6,61495,3,3,0,0,0,5,5,9,0,23,9,2016,6,7,10,0,1,2,1,3,SR-4,,51,37.956,-120.686,0,12,1,0,1,1,1,1,1,1,0,1,0,0,99,99,99,99,88,88,0,0,0,1,0,2
6,61496,2,2,0,0,0,3,3,77,0,17,9,2016,7,13,5,1,1,1,1,1,I-580,,71,37.663,-121.442,0,12,1,0,1,1,1,1,1,1,0,1,0,0,99,99,99,99,99,99,0,0,0,1,0,2
6,61498,1,1,0,0,0,1,1,47,0,18,9,2016,1,11,0,1,1,2,1,3,SR-152,,57,37.105,-121.131,0,1,0,0,1,1,0,4,1,1,0,1,0,0,99,99,99,99,88,88,0,0,0,1,0,1
6,61499,2,1,1,0,2,1,3,61,0,19,7,2016,3,15,30,1,1,1,1,1,I-80,,146,38.879,-121.121,0,14,0,0,1,1,0,2,1,1,0,1,0,0,99,99,99,99,88,88,0,0,0,1,0,0
6,61504,1,1,0,0,0,1,1,107,0,11,9,2016,1,2,30,0,1,2,1,3,SR-63,,248,36.562,-119.287,0,42,0,0,1,1,0,4,2,1,0,1,0,0,99,99,99,99,88,88,0,0,0,1,0,2
6,61505,4,4,0,0,0,4,4,37,230,13,8,2016,7,13,0,1,2,1,1,1,I-210,,384,34.13,-117.926,0,12,1,0,1,1,0,1,1,1,0,1,0,0,99,99,99,99,99,99,14,28,0,1,0,1
6,61508,1,1,0,1,1,3,3,95,4020,11,8,2016,5,23,7,0,2,3,1,3,SR-29,,8,38.085,-122.241,0,8,0,0,1,1,0,1,3,1,0,1,0,0,99,99,99,99,88,88,0,0,0,1,1,2
6,61511,2,2,0,0,0,3,3,71,0,16,5,2016,2,19,22,1,1,1,1,1,I-15,,606,34.757,-117.162,0,7,0,0,1,1,0,1,1,1,0,1,0,0,99,99,99,99,99,99,0,0,0,1,0,1
6,61512,3,3,0,0,0,4,4,19,0,16,7,2016,7,11,5,1,1,2,1,3,SR-180,,760,36.732,-119.476,0,12,8,0,1,1,0,1,1,1,0,1,0,0,99,99,99,99,99,99,0,0,0,1,0,1
6,61513,1,1,0,0,0,4,4,65,0,28,5,2016,7,14,48,1,1,1,1,1,I-10,,1042,33.71,-115.416,0,1,0,0,1,1,0,4,1,1,0,1,0,0,99,99,99,99,99,99,0,0,0,1,0,1
6,61514,2,2,0,0,0,2,2,113,4163,21,7,2016,5,8,4,1,2,2,1,2,US-50,,25,38.577,-121.526,0,25,0,0,1,1,0,3,1,1,0,1,0,0,99,99,99,99,99,99,14,0,0,1,0,2
6,61516,1,1,0,0,0,1,1,43,0,20,9,2016,3,16,55,0,1,2,1,3,SR-49,,51,37.463,-119.776,0,31,0,0,1,1,0,4,1,1,0,1,0,0,99,99,99,99,99,99,0,0,0,1,0,1
6,61517,2,2,0,0,0,2,2,47,0,30,3,2016,4,19,30,0,1,2,1,3,SR-140,,274,37.302,-120.652,0,12,2,0,1,1,0,1,5,1,0,1,0,0,99,99,99,99,99,99,0,0,0,1,1,1
6,61521,3,3,0,0,0,7,7,59,3558,15,8,2016,2,9,20,1,2,1,1,1,I-405,,229,33.774,-118.083,0,12,1,0,1,1,0,1,1,1,0,1,0,0,99,99,99,99,99,99,28,0,0,1,0,2
6,61523,2,2,0,0,0,23,23,85,3340,19,1,2016,3,6,37,1,2,2,1,2,US-101,,264,37.239,-121.764,0,20,0,0,1,1,0,3,3,2,0,2,0,0,99,99,99,99,99,99,14,0,0,2,0,1
6,61524,1,1,0,1,1,1,1,83,0,12,4,2016,3,22,32,1,1,2,1,2,US-101,,196,34.442,-119.781,0,8,0,0,1,1,0,1,2,1,0,1,0,0,99,99,99,99,99,99,0,0,0,1,0,0
6,61525,2,2,0,0,0,2,2,71,0,17,9,2016,7,15,20,1,1,1,1,1,I-40,,1104,34.82,-115.133,0,12,1,0,1,1,1,1,1,1,0,1,0,0,99,99,99,99,88,88,0,0,0,1,0,1
6,61526,2,1,1,0,1,1,2,71,2550,25,8,2016,5,3,12,1,2,1,1,1,I-10,,100,34.067,-117.543,0,14,0,0,1,1,0,2,3,1,0,1,0,0,99,99,99,99,88,88,0,0,0,1,0,1
6,61528,1,1,0,1,1,1,1,1,1364,23,4,2016,7,23,50,0,2,3,1,3,SR-84,,81,37.56,-122.011,0,8,0,0,1,1,1,1,2,1,0,1,0,0,99,99,99,99,99,99,0,0,0,1,0,2
6,61531,2,2,0,1,1,2,2,1,2480,14,5,2016,7,1,39,1,2,1,1,1,I-880,,314,37.797,-122.272,0,12,1,0,1,1,0,1,3,10,0,10,0,0,99,99,99,99,99,99,15,0,0,1,0,2
6,61533,1,1,0,0,0,1,1,65,9997,23,8,2016,3,10,10,1,2,2,1,3,SR-60,,83,34.008,-117.422,0,42,0,0,1,1,0,4,1,1,0,1,0,0,99,99,99,99,99,99,0,0,0,1,0,2
6,61545,3,3,0,0,0,4,4,61,0,15,8,2016,2,6,15,0,1,2,1,3,SR-65,,232,38.994,-121.397,0,12,2,0,1,1,0,1,4,1,0,1,0,0,99,99,99,99,99,99,0,0,0,1,0,0
6,61551,1,1,0,0,0,1,1,107,0,7,8,2016,1,0,56,1,1,2,1,3,SR-99,,41,35.848,-119.266,0,1,0,0,1,1,0,4,2,1,0,1,0,0,99,99,99,99,88,88,0,0,0,1,1,2
6,61554,2,2,0,0,0,2,2,111,0,29,6,2016,4,14,0,0,1,3,1,3,SR-34,,88,34.197,-119.099,0,12,2,0,1,1,0,2,1,1,0,1,0,0,99,99,99,99,99,99,0,0,0,1,0,2
6,61555,1,1,0,1,1,1,1,97,3490,20,5,2016,6,3,38,1,2,2,4,2,US-101,,250,38.499,-122.76,0,8,0,0,1,1,0,1,2,1,0,1,0,0,99,99,99,99,99,99,19,0,0,1,0,0
6,61557,2,2,0,0,0,5,5,37,0,19,6,2016,1,21,15,1,1,2,1,3,SR-138,,367,34.777,-118.173,0,12,6,0,1,1,0,1,3,1,0,1,0,0,99,99,99,99,99,99,0,0,0,3,2,1
6,61558,1,1,0,0,0,1,1,105,0,27,7,2016,4,20,30,0,1,2,1,3,SR-36,,261,40.412,-123.186,0,1,0,0,1,1,0,1,2,1,0,1,0,0,99,99,99,99,99,99,0,0,0,1,0,1
6,61561,1,1,0,0,0,1,1,3,0,11,9,2016,1,10,50,0,1,2,1,3,SR-89,,103,38.665,-119.727,0,35,0,0,1,1,0,4,1,1,0,1,0,0,99,99,99,99,99,99,0,0,0,1,0,1
6,61562,1,1,0,0,0,1,1,3,0,17,9,2016,7,15,25,0,1,2,1,3,SR-4,,275,38.618,-119.752,0,1,0,0,1,1,0,4,1,1,0,1,0,0,99,99,99,99,99,99,0,0,0,1,0,2
6,61565,2,2,0,0,0,5,5,31,0,18,9,2016,1,16,52,1,1,2,1,3,SR-41,,329,36.187,-119.83,0,12,2,0,1,1,0,1,1,1,0,1,0,0,99,99,99,99,99,99,0,0,0,1,1,1
6,61566,1,1,0,0,0,2,2,39,0,13,9,2016,3,13,28,1,1,2,1,3,SR-41,,304,37.276,-119.667,0,42,0,0,1,1,0,4,1,1,0,1,0,0,99,99,99,99,99,99,0,0,0,1,0,1
6,61567,1,1,0,0,0,1,1,39,0,2,9,2016,6,22,29,1,1,2,1,3,SR-41,,339,37.313,-119.656,0,42,0,0,1,1,0,4,2,1,0,1,0,0,99,99,99,99,99,99,0,0,0,1,0,1
6,61568,5,5,0,0,0,6,6,37,4120,27,5,2016,6,1,9,1,2,1,1,1,I-10,,376,34.072,-117.889,0,12,7,0,1,1,1,1,3,1,0,1,0,0,99,99,99,99,99,99,19,0,0,2,0,1
6,61571,2,2,0,0,0,4,4,29,0,15,8,2016,2,14,55,0,1,2,1,3,SR-178,,335,35.559,-118.6,0,12,2,0,1,1,0,1,1,1,0,1,0,0,99,99,99,99,99,99,0,0,0,3,0,1
6,61572,1,1,0,0,0,3,3,99,0,18,8,2016,5,20,28,1,1,2,1,3,SR-132,,22,37.641,-121.234,0,1,0,0,1,1,0,4,2,1,0,1,0,0,99,99,99,99,99,99,0,0,0,1,1,1
6,61573,2,2,0,0,0,3,3,65,0,4,9,2016,1,0,33,1,1,1,1,1,I-10,,290,33.913,-116.597,0,12,1,0,1,1,0,1,2,1,0,1,0,0,99,99,99,99,88,88,0,0,0,1,0,1
6,61577,2,2,0,0,0,3,3,59,3351,31,7,2016,1,1,52,1,2,1,1,1,I-5,,116,33.529,-117.672,0,12,2,0,1,1,0,1,3,1,0,1,0,0,99,99,99,99,99,99,0,0,0,1,0,1
6,61583,2,2,0,0,0,3,3,37,1980,2,8,2016,3,1,24,1,2,1,1,1,I-5,,218,34.094,-118.243,0,12,1,0,1,1,0,1,3,1,0,1,0,0,99,99,99,99,99,99,0,0,0,1,1,1
6,61585,1,1,0,0,0,2,2,71,1305,24,7,2016,1,0,12,1,2,2,1,3,SR-210,,120,34.137,-117.488,0,24,0,1,19,1,0,4,3,1,0,1,0,0,99,99,99,99,99,99,0,0,0,1,0,2
6,61588,1,1,0,0,0,1,1,105,0,14,7,2016,5,99,99,1,1,2,1,3,SR-299,,412,40.759,-123.067,0,39,0,0,1,1,0,4,1,1,0,1,0,0,99,99,99,99,88,88,0,0,0,1,0,0
6,61591,3,3,0,0,0,5,5,73,0,16,7,2016,7,15,20,1,1,2,1,3,SR-94,,386,32.598,-116.648,0,12,8,0,1,1,0,1,1,1,0,1,0,0,99,99,99,99,88,88,0,0,0,1,0,2
6,61592,1,1,0,0,0,1,1,71,0,30,8,2016,3,17,36,1,1,1,1,1,I-15,,774,34.907,-116.96,0,17,0,0,1,1,0,5,1,1,0,1,0,0,99,99,99,99,88,88,0,0,0,1,0,1
6,61594,3,3,0,0,0,4,4,77,0,20,8,2016,7,8,40,0,1,2,1,3,SR-4,,77,37.917,-121.443,0,12,2,0,1,1,0,1,1,1,0,1,0,0,99,99,99,99,99,99,14,0,0,1,0,2
6,61595,1,1,0,0,0,1,1,41,0,26,8,2016,6,17,55,1,1,3,1,2,US-101,,4,37.831,-122.48,0,26,0,0,1,1,0,4,1,10,0,10,0,0,99,99,99,99,88,88,0,0,0,1,1,1
6,61596,1,1,0,0,0,1,1,73,0,13,4,2016,4,23,20,1,1,1,1,1,I-5,,634,33.312,-117.481,0,24,0,0,1,1,0,3,2,1,0,1,0,0,99,99,99,99,88,88,0,0,0,1,0,1
6,61597,2,2,0,0,0,3,3,111,3641,18,6,2016,7,14,18,1,2,2,1,3,SR-118,,320,34.267,-118.643,0,12,6,0,1,1,0,1,1,1,0,1,0,0,99,99,99,99,88,88,0,0,0,1,0,2
6,61598,2,2,0,0,0,3,3,71,2550,20,8,2016,7,3,3,1,2,1,1,1,I-10,,0,34.081,-117.629,0,12,1,0,1,1,0,1,2,1,0,1,0,0,99,99,99,99,99,99,19,0,0,2,0,1
6,61601,3,3,0,0,0,4,4,77,2070,22,7,2016,6,21,48,1,2,2,1,3,SR-120,,25,37.785,-121.269,0,12,6,0,1,1,0,1,2,1,0,1,0,0,99,99,99,99,99,99,20,0,0,1,0,1
6,61603,1,1,0,0,0,1,1,37,0,20,6,2016,2,10,45,0,1,3,1,3,SR-39,,206,34.188,-117.87,0,43,0,0,1,1,0,4,1,1,0,1,0,0,99,99,99,99,88,88,0,0,0,1,0,2
6,61604,1,1,0,0,0,2,2,25,0,13,9,2016,3,16,14,0,1,2,1,3,SR-78,,364,32.981,-115.148,0,1,0,0,1,1,0,4,1,1,0,1,0,0,99,99,99,99,99,99,0,0,0,1,0,1
6,61605,3,3,0,0,0,4,4,65,0,11,8,2016,5,16,53,0,1,2,1,3,SR-60,,230,33.936,-117.113,0,24,0,0,1,1,0,4,1,1,0,1,0,0,99,99,99,99,88,88,0,0,0,1,0,2
6,61606,1,1,0,0,0,1,1,69,0,21,7,2016,5,5,27,1,1,2,1,2,US-101,,31,36.863,-121.579,0,34,0,0,1,1,0,4,4,1,0,1,0,0,99,99,99,99,88,88,0,0,0,1,0,0
6,61610,1,1,0,0,0,3,3,1,1560,5,7,2016,3,0,5,1,2,1,1,1,I-880,,171,37.65,-122.097,0,39,0,0,1,1,0,4,2,1,0,1,0,0,99,99,99,99,99,99,0,0,0,1,1,2
6,61612,2,2,0,0,0,2,2,17,0,9,8,2016,3,15,10,0,1,2,1,3,SR-193,,38,38.9,-120.954,0,12,2,0,1,1,0,1,1,1,0,1,0,0,99,99,99,99,99,99,0,0,0,1,0,2
6,61613,2,2,0,0,0,5,5,57,0,6,8,2016,7,14,51,1,1,2,1,3,SR-20,,451,39.32,-120.616,0,12,6,0,8,1,0,1,1,1,0,1,0,0,99,99,99,99,99,99,0,0,0,2,0,2
6,61615,4,4,0,0,0,5,5,67,3150,13,8,2016,7,2,7,1,2,1,1,1,I-80,,82,38.639,-121.419,0,18,0,0,1,1,2,5,3,1,0,1,0,0,99,99,99,99,99,99,14,0,0,1,1,0
6,61618,2,2,0,0,0,2,2,39,0,13,9,2016,3,7,5,0,1,2,1,3,SR-145,AVENUE 11,61,36.909,-120.056,0,12,2,0,3,2,0,1,1,1,0,1,0,0,7,7,99,99,88,88,14,0,0,1,0,1
6,61622,2,2,0,0,0,1,1,65,3070,26,6,2016,1,2,57,1,1,2,1,3,SR-91,,103,33.894,-117.501,0,12,6,0,1,1,0,1,2,1,0,1,0,0,99,99,99,99,88,88,19,0,0,1,0,2
6,61623,2,1,1,0,1,1,2,95,4010,29,8,2016,2,13,52,1,2,1,1,1,I-80,,303,38.392,-121.928,0,18,0,0,1,1,0,4,1,1,0,1,0,0,99,99,99,99,88,88,0,0,0,1,0,0
6,61624,1,1,0,0,0,2,2,1,0,14,8,2016,1,9,45,1,1,1,1,1,I-580,,69,37.721,-121.676,0,24,0,0,1,1,0,4,1,1,0,1,0,0,99,99,99,99,99,99,0,0,0,1,0,2
6,61625,1,1,0,0,0,1,1,53,0,28,8,2016,1,20,59,1,1,2,1,3,SR-1,,852,36.679,-121.808,0,23,0,1,19,1,0,3,5,1,0,1,0,0,99,99,99,99,88,88,0,0,0,1,1,1
6,61626,1,1,0,1,1,2,2,89,2950,19,3,2016,7,22,48,0,2,2,1,3,SR-273,,128,40.53,-122.384,0,8,0,0,1,1,0,1,2,1,0,1,0,0,99,99,99,99,88,88,0,0,0,1,0,2
6,61627,3,3,0,0,0,4,4,63,0,5,9,2016,2,15,53,0,1,2,1,3,SR-70,,608,39.845,-120.679,0,12,8,0,1,1,0,1,1,1,0,1,0,0,99,99,99,99,99,99,0,0,0,1,0,1
6,61629,4,4,0,0,0,5,5,65,0,15,9,2016,5,18,22,1,1,2,1,3,SR-79,,146,33.677,-117.085,0,12,1,0,1,1,0,1,1,1,0,1,0,0,99,99,99,99,99,99,14,0,0,1,0,1
6,61631,2,2,0,0,0,2,2,41,0,19,8,2016,6,1,11,1,1,2,1,2,US-101,,260,38.168,-122.582,0,12,2,0,1,1,0,1,2,1,0,1,0,0,99,99,99,99,99,99,19,0,0,1,0,0