STATE,ST_CASE,VE_TOTAL,VE_FORMS,PVH_INVL,PEDS,PERNOTMVIT,PERMVIT,PERSONS,COUNTY,CITY,DAY,MONTH,YEAR,DAY_WEEK,HOUR,MINUTE,NHS,RUR_URB,FUNC_SYS,RD_OWNER,ROUTE,TWAY_ID,TWAY_ID2,MILEPT,LATITUDE,LONGITUD,SP_JUR,HARM_EV,MAN_COLL,RELJCT1,RELJCT2,TYP_INT,WRK_ZONE,REL_ROAD,LGT_COND,WEATHER1,WEATHER2,WEATHER,SCH_BUS,RAIL,NOT_HOUR,NOT_MIN,ARR_HOUR,ARR_MIN,HOSP_HR,HOSP_MN,CF1,CF2,CF3,FATALS,DRUNK_DR,RANK
6,61632,2,2,0,0,0,5,5,107,0,23,9,2016,6,16,35,1,1,2,1,3,SR-65,,36,35.843,-119.054,0,12,2,0,1,1,0,1,1,1,0,1,0,0,99,99,99,99,99,99,0,0,0,4,0,0
6,61636,1,1,0,0,0,1,1,79,0,9,9,2016,6,16,15,0,1,2,1,3,SR-58,,96,35.436,-120.508,0,33,0,0,1,1,0,4,1,1,0,1,0,0,99,99,99,99,88,88,0,0,0,1,0,1
6,61639,1,1,0,0,0,1,1,13,3412,26,7,2016,3,13,30,1,2,1,1,1,I-680,,15,37.743,-121.955,0,42,0,0,1,1,0,4,1,1,0,1,0,0,99,99,99,99,99,99,0,0,0,1,1,1
6,61640,1,1,0,0,0,1,1,35,0,13,8,2016,7,21,10,1,1,2,1,2,US-395,,453,40.185,-120.393,0,11,0,0,1,1,0,1,2,1,0,1,0,0,99,99,99,99,88,88,4,0,0,1,0,0
6,61641,2,2,0,0,0,2,2,77,3770,11,8,2016,5,23,37,1,2,2,1,3,SR-4,,176,37.953,-121.272,0,24,0,0,1,1,1,3,2,1,0,1,0,0,99,99,99,99,99,99,0,0,0,1,1,2
6,61642,2,2,0,0,0,3,3,29,0,20,2,2016,7,0,57,1,1,1,1,1,I-5,,399,35.28,-119.238,0,12,6,0,1,1,0,1,2,1,0,1,0,0,99,99,99,99,99,99,0,0,0,1,0,1
6,61643,1,1,0,1,1,1,1,71,3210,11,7,2016,2,6,10,1,2,2,1,3,SR-210,,232,34.146,-117.297,0,8,0,0,1,1,0,1,4,1,0,1,0,0,99,99,99,99,99,99,0,0,0,1,0,2
6,61647,2,2,0,1,1,7,7,65,1690,18,9,2016,1,2,58,1,2,1,1,1,I-10,,572,33.723,-116.199,0,8,0,0,1,1,0,1,2,1,0,1,0,0,99,99,99,99,88,88,0,0,0,1,0,1
6,61648,1,1,0,0,0,1,1,113,0,3,6,2016,6,9,8,1,1,1,1,1,I-5,,289,38.923,-121.999,0,34,0,0,1,1,0,4,1,1,0,1,0,0,99,99,99,99,99,99,0,0,0,1,0,1
6,61651,2,2,0,0,0,3,3,37,2645,14,7,2016,5,9,37,1,2,2,1,3,SR-14,,637,34.627,-118.153,0,12,1,0,1,1,0,1,1,1,0,1,0,0,99,99,99,99,99,99,28,0,0,1,0,2
6,61653,2,2,0,0,0,3,3,37,2645,20,9,2016,3,3,30,1,2,2,1,3,SR-14,,642,34.64,-118.153,0,12,1,0,1,1,0,1,2,1,0,1,0,0,99,99,99,99,99,99,0,0,0,2,0,2
6,61654,1,1,0,1,1,2,2,65,0,8,10,2016,7,0,1,0,1,2,1,3,SR-74,LINCOLN AVE,456,33.748,-116.884,0,8,0,0,3,2,0,1,2,1,0,1,0,0,99,99,99,99,88,88,0,0,0,1,0,2
6,61655,5,5,0,0,0,6,6,83,0,13,9,2016,3,7,30,0,1,2,1,3,SR-166,,622,34.965,-119.722,0,12,8,0,1,1,0,1,1,1,0,1,0,0,99,99,99,99,88,88,0,0,0,1,0,1
6,61657,1,1,0,1,1,1,1,89,2950,4,4,2016,2,20,18,0,2,3,1,3,SR-273,LAKE BLVD,186,40.609,-122.377,0,8,0,0,3,2,0,1,5,1,0,1,0,0,99,99,99,99,88,88,0,0,0,1,0,2
6,61658,1,1,0,1,1,1,1,103,2940,12,8,2016,6,10,52,0,2,3,1,3,SR-99,,427,40.186,-122.212,0,9,0,0,1,1,0,1,1,1,0,1,0,0,99,99,99,99,99,99,0,0,0,1,0,2
6,61663,1,1,0,0,0,1,1,81,0,29,6,2016,4,12,25,1,1,1,1,1,I-280,,44,37.444,-122.257,0,33,0,0,1,1,0,4,1,1,0,1,0,0,99,99,99,99,99,99,0,0,0,1,0,1
6,61664,2,2,0,0,0,2,2,107,0,8,7,2016,6,12,41,0,1,2,1,3,SR-201,,177,36.486,-119.22,0,38,0,0,1,1,0,4,1,1,0,1,0,0,99,99,99,99,88,88,0,0,0,1,0,2
6,61666,2,2,0,0,0,3,3,111,0,28,7,2016,5,11,30,0,1,3,1,3,SR-150,CHUMASH RD,51,34.437,-119.144,0,12,1,0,2,3,0,1,1,1,0,1,0,0,99,99,99,99,99,99,14,0,0,1,0,0
6,61675,2,2,0,0,0,3,3,111,0,12,6,2016,1,1,30,1,1,2,1,3,SR-126,,309,34.406,-118.753,0,12,2,0,1,1,0,1,2,10,0,10,0,0,99,99,99,99,88,88,0,0,0,3,1,2
6,61678,1,1,0,1,1,1,1,77,3770,4,8,2016,5,5,0,1,2,1,1,1,I-5,,257,37.941,-121.298,0,8,0,0,1,1,1,1,3,1,0,1,0,0,99,99,99,99,88,88,0,0,0,1,0,1
6,61679,4,4,0,0,0,5,5,13,460,4,5,2016,4,15,13,0,2,2,1,3,SR-4,,342,37.943,-121.742,0,12,1,0,1,1,0,1,1,10,0,10,0,0,99,99,99,99,99,99,0,0,0,1,0,2
6,61681,4,4,0,0,0,8,8,39,0,18,6,2016,7,0,49,1,1,2,1,3,SR-41,,172,37.12,-119.74,0,12,2,0,1,1,0,1,2,1,0,1,0,0,99,99,99,99,99,99,0,0,0,1,1,1
6,61682,1,1,0,0,0,1,1,39,0,1,9,2016,5,22,13,1,1,2,1,3,SR-152,,64,37.084,-120.377,0,1,0,0,1,1,0,1,2,1,0,1,0,0,99,99,99,99,88,88,0,0,0,1,1,1
6,61685,2,2,0,0,0,4,4,37,639,14,8,2016,1,2,23,1,2,2,1,3,SR-91,,167,33.876,-118.104,0,12,1,0,1,1,0,1,3,1,0,1,0,0,99,99,99,99,99,99,0,0,0,1,1,2
6,61686,1,1,0,1,1,2,2,65,0,14,10,2016,6,18,45,0,2,3,1,3,SR-74,,450,33.748,-116.895,0,8,0,0,1,1,0,1,2,1,0,1,0,0,99,99,99,99,99,99,0,0,0,1,0,2
6,61687,2,2,0,0,0,2,2,79,0,17,9,2016,7,9,50,1,1,2,1,3,SR-41,,500,35.783,-120.201,0,12,2,0,1,1,0,1,1,1,0,1,0,0,99,99,99,99,99,99,0,0,0,1,0,1
6,61688,1,1,0,0,0,1,1,65,9999,27,9,2016,3,12,54,1,2,1,1,1,I-15,,520,34.029,-117.55,0,18,0,0,1,1,0,3,1,10,0,10,0,0,99,99,99,98,88,88,0,0,0,1,0,1
6,61690,1,1,0,1,1,1,1,71,2550,20,5,2016,6,7,48,0,2,3,1,3,SR-83,,85,34.049,-117.651,0,8,0,0,1,1,0,4,1,1,0,1,0,0,99,99,99,99,99,99,0,0,0,1,0,2
6,61695,4,4,0,0,0,5,5,95,0,19,8,2016,6,16,50,1,1,1,1,1,I-80,,382,38.52,-121.77,0,12,1,0,1,1,0,1,1,1,0,1,0,0,99,99,99,99,99,99,0,0,0,1,0,0
6,61701,4,2,2,0,0,2,2,29,240,9,9,2016,6,1,36,1,2,3,1,3,SR-58,MOHAWK ST,506,35.383,-119.065,0,12,6,0,2,2,0,1,3,1,0,1,0,0,99,99,99,99,99,99,14,0,0,2,1,1
6,61703,2,2,0,0,0,8,8,107,0,27,8,2016,7,18,5,0,1,2,1,3,SR-43,AVE 56,78,35.892,-119.405,0,12,6,0,2,2,0,1,1,1,0,1,0,0,99,99,99,99,99,99,0,0,0,1,0,2
6,61704,1,1,0,0,0,1,1,53,0,4,10,2016,3,16,40,0,1,2,1,3,SR-146,,71,36.424,-121.3,0,35,0,0,1,1,0,4,1,1,0,1,0,0,99,99,99,99,88,88,0,0,0,1,0,2
6,61705,1,1,0,2,2,2,2,71,4000,19,6,2016,1,3,0,1,2,2,1,3,SR-210,,7,34.131,-117.684,0,8,0,0,1,1,0,1,2,1,0,1,0,0,99,99,99,99,88,88,0,0,0,2,0,2
6,61708,1,1,0,0,0,1,1,73,3260,1,5,2016,1,4,44,1,2,1,1,1,I-8,,79,32.779,-117.07,0,20,0,0,1,1,0,3,2,10,0,10,0,0,99,99,99,99,88,88,0,0,0,1,1,1
6,61710,5,5,0,0,0,5,5,59,3960,8,8,2016,2,22,30,1,2,1,1,1,I-5,,275,33.719,-117.794,0,12,1,0,1,1,0,1,3,1,0,1,0,0,99,99,99,99,99,99,0,0,0,1,0,1
6,61711,1,1,0,1,1,1,1,71,2238,23,9,2016,6,23,57,1,2,1,1,1,I-10,,15,34.087,-117.685,0,8,0,0,1,1,0,1,3,1,0,1,0,0,99,99,99,99,88,88,0,0,0,1,0,1
6,61712,1,1,0,0,0,1,1,89,0,23,9,2016,6,14,30,0,1,2,1,3,SR-299,,450,40.747,-122.061,0,1,0,0,1,1,0,4,1,1,0,1,0,0,99,99,99,99,99,99,0,0,0,1,0,0
6,61716,6,6,0,0,0,8,8,77,3770,22,8,2016,2,14,28,1,2,2,1,3,SR-4,,187,37.959,-121.255,0,12,1,0,1,1,0,1,1,1,0,1,0,0,99,99,99,99,99,99,0,0,0,1,0,2
6,61723,1,1,0,1,1,1,1,29,0,11,10,2016,3,8,50,1,1,2,1,3,SR-178,,945,35.652,-117.778,0,9,0,0,1,1,0,2,1,1,0,1,0,0,99,99,99,99,99,99,0,0,0,1,0,0
6,61729,2,2,0,0,0,2,2,67,0,27,9,2016,3,19,53,0,1,2,1,3,SR-16,,53,38.534,-121.352,0,12,6,0,8,1,0,1,2,1,0,1,0,0,99,99,99,99,88,88,0,0,0,1,0,2
6,61733,2,2,0,0,0,2,2,37,1980,25,7,2016,2,4,9,1,2,2,1,3,SR-2,,161,34.114,-118.243,0,12,7,0,1,1,0,1,3,1,0,1,0,0,99,99,99,99,88,88,0,0,0,1,0,2
6,61735,2,2,0,0,0,2,2,71,0,13,8,2016,7,21,35,1,1,1,1,1,I-15,,153,34.21,-117.413,0,12,1,0,1,1,1,1,2,1,0,1,0,0,99,99,99,99,99,99,0,0,0,2,0,1
6,61743,1,1,0,0,0,2,2,77,0,3,7,2016,1,9,25,1,2,2,1,3,SR-99,,196,37.974,-121.248,0,24,0,0,1,1,0,4,1,1,0,1,0,0,99,99,99,99,99,99,0,0,0,1,0,2
6,61744,2,2,0,0,0,3,3,1,0,15,9,2016,5,7,58,0,1,2,1,3,SR-84,,205,37.606,-121.835,0,12,6,0,1,1,0,1,1,1,0,1,0,0,99,99,99,99,99,99,0,0,0,1,0,2
6,61746,1,1,0,0,0,1,1,71,1305,26,9,2016,2,22,40,1,2,1,1,1,I-15,,119,34.173,-117.451,0,24,0,0,1,1,0,4,3,1,0,1,0,0,99,99,99,99,88,88,0,0,0,1,0,1
6,61747,2,2,0,0,0,3,3,45,0,18,9,2016,1,10,59,0,1,2,1,3,SR-128,,112,39.157,-123.586,0,12,2,0,1,1,0,1,1,1,0,1,0,0,99,99,99,99,88,88,0,0,0,1,0,1
6,61748,1,1,0,1,1,1,1,57,0,12,3,2016,7,14,24,1,1,1,1,1,I-80,,50,39.338,-120.352,0,8,0,0,1,1,0,2,1,4,0,4,0,9999999,99,99,99,99,99,99,27,0,0,1,0,0
6,61749,2,2,0,0,0,3,3,39,0,25,5,2016,4,22,10,1,2,2,1,3,SR-99,,131,36.986,-120.089,0,12,7,0,1,1,0,1,2,1,0,1,0,0,99,99,99,99,88,88,0,0,0,3,1,2
6,61752,1,1,0,0,0,1,1,23,0,11,9,2016,1,11,30,0,1,4,1,3,SR-36,,386,40.481,-123.654,0,42,0,0,1,1,0,4,1,1,0,1,0,0,99,99,99,99,99,99,0,0,0,1,1,1
6,61753,3,3,0,0,0,4,4,85,2660,4,8,2016,5,9,15,1,2,2,1,2,US-101,,518,37.442,-122.116,0,12,7,0,1,1,0,1,1,10,0,10,0,0,99,99,99,99,88,88,14,0,0,1,0,0
6,61755,1,1,0,0,0,1,1,65,9997,31,8,2016,4,14,6,1,2,1,1,1,I-15,,520,34.03,-117.55,0,42,0,0,5,1,0,3,1,1,0,1,0,0,99,99,99,99,99,99,0,0,0,1,0,1
6,61756,3,3,0,0,0,4,4,71,0,15,8,2016,2,2,8,0,1,2,1,3,SR-138,,0,34.333,-117.521,0,12,2,0,1,1,1,1,2,1,0,1,0,0,99,99,99,99,99,99,0,0,0,1,0,1
6,61759,4,4,0,0,0,6,6,19,0,24,8,2016,4,17,30,0,1,2,1,3,SR-180,,444,36.735,-120.028,0,12,1,0,8,1,0,1,1,1,0,1,0,0,99,99,99,99,99,99,0,0,0,1,0,1
6,61761,2,2,0,0,0,2,2,111,0,21,8,2016,1,14,10,0,1,3,1,3,SR-150,,306,34.402,-119.081,0,12,2,0,1,1,0,1,1,1,0,1,0,0,99,99,99,99,99,99,0,0,0,1,1,0
6,61763,1,1,0,0,0,2,2,67,0,7,9,2016,4,19,41,1,1,2,1,3,SR-12,BRANNAN ISLAND RD,58,38.127,-121.582,0,58,0,0,3,3,0,4,1,1,0,1,0,0,99,99,99,99,88,88,0,0,0,1,1,2
6,61764,2,2,0,0,0,4,4,113,0,28,9,2016,4,16,50,0,1,3,1,3,SR-16,,396,38.678,-121.821,0,12,6,0,1,1,0,1,1,1,0,1,0,0,99,99,99,99,99,99,0,0,0,1,0,2
6,61765,3,3,0,0,0,3,3,95,0,19,9,2016,2,5,20,1,1,1,1,1,I-80,,331,38.417,-121.927,0,12,1,0,1,1,0,1,2,1,0,1,0,0,99,99,99,99,88,88,14,0,0,1,0,0
6,61766,3,3,0,0,0,3,3,37,1716,1,9,2016,5,6,30,1,2,1,1,1,I-605,,250,34.125,-117.965,0,12,7,0,1,1,0,1,1,1,0,1,0,0,99,99,99,99,88,88,28,14,0,1,0,2
6,61767,3,3,0,0,0,3,3,37,4120,11,9,2016,1,21,49,1,2,1,1,1,I-10,,381,34.072,-117.879,0,12,7,0,1,1,1,1,3,1,0,1,0,0,99,99,99,99,99,99,0,0,0,1,1,1
6,61769,2,1,1,0,1,1,2,73,3260,17,8,2016,4,20,40,1,2,2,1,3,SR-94,,67,32.728,-117.069,0,14,0,0,1,1,0,2,3,1,0,1,0,0,99,99,99,99,88,88,14,0,0,1,1,2
6,61770,1,1,0,0,0,3,3,61,0,5,7,2016,3,18,5,1,1,1,1,1,I-80,,458,39.205,-120.794,0,43,0,0,1,1,0,4,1,1,0,1,0,0,99,99,99,99,99,99,0,0,0,2,0,0
6,61771,2,2,0,0,0,4,4,81,2980,29,7,2016,6,20,25,1,2,2,1,2,US-101,,70,37.499,-122.239,0,12,7,0,1,1,0,1,5,1,0,1,0,0,99,99,99,99,99,99,0,0,0,1,0,0
6,61772,3,3,0,1,1,6,6,95,0,1,10,2016,7,21,55,1,1,1,1,1,I-80,,135,38.223,-122.129,0,8,0,1,18,1,0,1,2,1,0,1,0,0,99,99,99,99,88,88,0,0,0,1,0,0
6,61775,2,2,0,0,0,2,2,85,2000,23,8,2016,3,20,10,1,2,2,1,3,SR-17,,85,37.245,-121.963,0,12,1,0,1,1,0,1,2,1,0,1,0,0,99,99,99,99,99,99,0,0,0,1,1,2
6,61776,2,2,0,0,0,4,4,79,0,30,9,2016,6,20,42,1,1,2,1,2,US-101,WELLSONA RD,619,35.696,-120.697,0,12,6,0,2,2,0,1,3,1,0,1,0,0,99,99,99,99,99,99,0,0,0,1,1,1
6,61778,2,2,0,0,0,2,2,99,0,24,8,2016,4,5,35,1,1,2,1,3,SR-132,PARADISE RD,64,37.638,-121.159,0,12,6,0,2,2,0,1,3,1,0,1,0,0,99,99,99,99,88,88,0,0,0,1,0,1
6,61780,2,2,0,3,3,1,1,37,602,17,6,2016,6,0,58,1,2,1,1,1,I-405,,103,33.83,-118.254,0,25,0,0,1,1,0,3,2,10,0,10,0,0,99,99,99,99,99,99,23,0,0,3,0,2
6,61782,1,1,0,0,0,1,1,65,0,26,9,2016,2,5,5,1,1,1,1,1,I-10,,303,33.911,-116.592,0,38,0,0,1,1,0,4,2,1,0,1,0,0,99,99,99,99,99,99,0,0,0,1,0,1
6,61783,1,1,0,1,1,1,1,19,1370,7,9,2016,4,8,9,1,2,2,1,3,SR-41,,285,36.809,-119.785,0,8,0,0,1,1,0,1,1,1,0,1,0,0,99,99,99,99,88,88,0,0,0,1,0,1
6,61784,2,2,0,0,0,2,2,39,0,2,9,2016,6,17,25,1,1,2,1,3,SR-99,,166,37.022,-120.132,0,12,7,1,18,1,0,1,1,1,0,1,0,0,99,99,99,99,99,99,0,0,0,1,0,2
6,61785,2,2,0,0,0,2,2,19,0,27,7,2016,4,16,44,1,1,2,1,3,SR-198,,372,36.255,-120.059,0,12,2,0,1,1,0,1,1,1,0,1,0,0,99,99,99,99,99,99,0,0,0,1,0,1
6,61786,1,1,0,0,0,1,1,67,0,19,9,2016,2,17,52,0,1,2,1,3,SR-16,,142,38.492,-121.092,0,1,0,0,1,1,0,4,1,1,0,1,0,0,99,99,99,99,99,99,0,0,0,1,1,2
6,61789,1,1,0,0,0,1,1,83,0,27,8,2016,7,1,15,1,1,2,1,3,SR-1,,130,34.581,-120.381,0,42,0,0,1,1,0,4,2,1,0,1,0,0,99,99,99,99,88,88,0,0,0,1,0,1
6,61793,1,1,0,1,1,1,1,37,4120,18,5,2016,4,3,20,1,2,1,1,1,I-10,,349,34.072,-117.936,0,8,0,0,1,1,0,1,2,1,0,1,0,0,99,99,99,99,88,88,0,0,0,1,0,1
6,61794,2,2,0,0,0,2,2,67,0,22,9,2016,5,12,28,0,1,2,1,3,SR-16,,146,38.495,-121.186,0,12,2,0,1,1,0,1,1,1,0,1,0,0,99,99,99,99,99,99,0,0,0,1,0,2
6,61795,1,1,0,0,0,1,1,1,2840,19,9,2016,2,19,50,1,1,1,1,1,I-680,,140,37.621,-121.88,0,24,0,0,1,1,0,4,3,1,0,1,0,0,99,99,99,99,99,99,0,0,0,1,1,1
6,61796,3,3,0,0,0,5,5,47,0,20,9,2016,3,1,8,1,1,1,1,1,I-5,,239,37.132,-121.034,0,12,6,0,1,1,0,1,2,1,0,1,0,0,99,99,99,99,99,99,0,0,0,1,0,1
6,61799,1,1,0,0,0,1,1,1,2480,25,8,2016,5,5,40,1,2,1,1,1,I-880,,260,37.747,-122.202,0,24,0,0,1,1,0,4,2,1,0,1,0,0,99,99,99,99,88,88,0,0,0,1,0,2
6,61800,1,1,0,0,0,3,3,43,0,22,8,2016,2,15,15,1,1,2,1,3,SR-120,,420,37.837,-120.234,0,35,0,0,1,1,0,4,1,1,0,1,0,0,99,99,99,99,99,99,0,0,0,1,0,1
6,61801,2,2,0,0,0,2,2,19,0,4,10,2016,3,9,57,0,1,2,1,3,SR-180,SHASTA AVE,401,36.735,-120.105,0,12,6,0,2,2,0,1,1,1,0,1,0,0,99,99,99,99,99,99,0,0,0,1,0,1
6,61806,1,1,0,0,0,1,1,65,0,16,10,2016,1,12,9,0,1,2,1,3,SR-74,,915,33.664,-116.399,0,59,0,0,1,1,0,4,1,10,0,10,0,0,99,99,99,99,88,88,0,0,0,1,0,2
6,61807,2,2,0,0,0,2,2,9,0,21,10,2016,6,16,20,0,1,2,1,3,SR-4,MEKO DR,496,38.322,-120.252,0,12,6,0,2,3,0,1,1,1,0,1,0,0,99,99,99,99,99,99,0,0,0,1,0,2
6,61808,2,2,0,0,0,3,3,29,0,14,10,2016,6,19,42,1,2,2,1,3,SR-58,,549,35.352,-118.998,0,59,0,0,1,1,0,3,2,1,0,1,0,0,99,99,99,99,99,99,0,0,0,1,1,1
6,61809,3,2,1,0,0,3,3,65,3070,16,10,2016,1,2,47,1,2,1,1,1,I-215,,447,34.011,-117.345,0,12,6,0,1,1,0,1,3,1,0,1,0,0,99,99,99,99,99,99,23,0,0,1,1,1
6,61812,1,1,0,0,0,1,1,19,0,16,10,2016,1,11,15,0,1,2,1,3,SR-180,,248,36.748,-120.371,0,35,0,0,1,1,0,4,1,1,0,1,0,0,99,99,99,99,88,88,0,0,0,1,0,1
6,61814,1,1,0,1,1,1,1,29,0,21,10,2016,6,3,42,1,1,1,1,1,I-5,,134,34.985,-118.945,0,8,0,1,18,1,0,1,3,1,0,1,0,0,99,99,99,99,88,88,0,0,0,1,0,1
6,61815,1,1,0,0,0,1,1,79,0,23,10,2016,1,18,20,0,1,2,1,3,SR-166,SUEY CRK,135,35.003,-120.36,0,1,0,0,3,3,0,4,5,10,0,10,0,0,99,99,99,99,88,88,0,0,0,1,0,1
6,61816,2,2,0,0,0,2,2,29,0,19,10,2016,4,23,30,0,1,2,1,3,SR-58,,966,35.115,-118.376,0,12,2,0,1,1,0,1,2,1,0,1,0,0,99,99,99,99,88,88,0,0,0,1,1,1
6,61818,3,3,0,0,0,5,5,95,4020,29,9,2016,5,6,27,1,2,1,1,1,I-80,,40,38.116,-122.23,0,12,1,0,1,1,0,1,2,1,0,1,0,0,99,99,99,99,88,88,14,0,0,1,0,0
6,61819,1,1,0,0,0,2,2,73,3260,12,6,2016,1,13,0,1,2,1,1,1,I-15,,82,32.807,-117.114,0,32,0,0,1,1,0,4,1,1,0,1,0,0,99,99,99,99,99,99,17,0,0,1,0,1
6,61820,1,1,0,0,0,1,1,27,0,26,10,2016,4,15,30,0,1,2,1,3,SR-190,,1326,36.323,-116.558,0,1,0,0,1,1,0,1,1,1,0,1,0,0,99,99,99,99,99,99,0,0,0,1,0,0
6,61824,2,2,0,0,0,2,2,1,1364,28,8,2016,1,6,0,1,2,1,1,1,I-680,,60,37.536,-121.932,0,12,6,0,1,1,1,1,2,1,0,1,0,0,99,99,99,99,88,88,19,0,0,1,0,1
6,61825,2,2,0,0,0,3,3,37,0,14,7,2016,5,11,30,1,1,1,1,1,I-5,,629,34.529,-118.644,0,12,7,0,1,1,0,1,1,1,0,1,0,0,99,99,99,99,88,88,0,0,0,1,0,1
6,61826,2,2,0,0,0,4,4,29,0,8,10,2016,7,16,40,1,1,2,1,3,SR-178,,812,35.653,-118.009,0,12,2,0,1,1,0,1,1,1,0,1,0,0,99,99,99,99,88,88,0,0,0,2,1,1
6,61827,1,1,0,0,0,3,3,71,0,26,8,2016,6,11,25,1,1,1,1,1,I-15,,1316,35.196,-116.133,0,1,0,0,1,1,0,4,1,10,0,10,0,0,99,99,99,99,99,99,0,0,0,1,0,1
6,61829,2,2,0,0,0,2,2,99,0,27,9,2016,3,3,33,1,1,2,1,3,SR-132,PARADISE RD,64,37.638,-121.159,0,12,6,0,2,2,0,1,2,1,0,1,0,0,99,99,99,99,88,88,0,0,0,1,0,1
6,61831,3,3,0,0,0,6,6,71,0,5,9,2016,2,13,29,0,1,2,1,3,SR-138,,145,34.313,-117.486,0,25,0,0,1,1,1,4,1,1,0,1,0,0,99,99,99,99,99,99,0,0,0,2,0,1
6,61832,1,1,0,0,0,2,2,59,1660,22,7,2016,6,13,40,1,2,1,1,1,I-405,,163,33.73,-117.986,0,30,0,0,1,1,0,4,1,1,0,1,0,0,99,99,99,99,99,99,0,0,0,1,0,2
6,61833,2,2,0,0,0,2,2,85,0,2,8,2016,3,10,50,1,1,2,1,3,SR-152,FRAZIER LAKE ROAD,119,36.999,-121.525,0,12,6,0,2,3,0,1,1,1,0,1,0,0,99,99,99,99,99,99,0,0,0,1,0,1
6,61837,2,2,0,0,0,2,2,7,0,3,11,2016,5,11,18,0,1,3,1,3,SR-32,CR-MERIDIAN RD,42,39.753,-121.919,0,12,6,0,2,2,0,1,1,1,0,1,0,0,99,99,99,99,88,88,0,0,0,1,0,2
6,61840,1,1,0,0,0,1,1,37,0,16,10,2016,1,12,12,0,1,2,1,3,SR-2,,567,34.344,-117.911,0,42,0,0,1,1,0,4,1,1,0,1,0,0,99,99,99,99,88,88,0,0,0,1,0,2
6,61841,1,1,0,0,0,1,1,59,0,23,9,2016,6,19,25,0,1,2,1,3,SR-74,,158,33.593,-117.466,0,43,0,0,1,1,0,4,5,1,0,1,0,0,99,99,99,99,88,88,0,0,0,1,0,2
6,61842,3,3,0,0,0,3,3,59,0,6,10,2016,5,15,10,0,1,2,1,3,SR-74,,157,33.593,-117.469,0,12,8,0,1,1,0,1,1,1,0,1,0,0,99,99,99,99,88,88,14,0,0,1,0,2
6,61845,2,2,0,0,0,2,2,89,0,19,9,2016,2,7,0,0,1,2,1,3,SR-44,,67,40.559,-122.244,0,12,2,0,1,1,0,1,1,1,0,1,0,0,99,99,99,99,99,99,0,0,0,1,0,2
6,61847,2,2,0,0,0,2,2,37,1440,29,8,2016,2,5,10,1,2,1,1,1,I-210,,434,34.118,-117.846,0,1,0,0,1,1,0,1,4,1,0,1,0,0,99,99,99,99,99,99,14,0,0,1,0,1
6,61849,2,2,0,0,0,2,2,97,0,1,10,2016,7,16,15,0,1,3,1,3,SR-121,,91,38.246,-122.422,0,1,0,0,1,1,0,1,1,1,0,1,0,0,99,99,99,99,99,99,14,0,0,1,0,2
6,61850,1,1,0,0,0,1,1,13,0,2,10,2016,1,12,49,1,1,2,1,3,SR-4,,28,38.008,-122.221,0,24,0,0,1,1,0,3,1,2,0,2,0,0,99,99,99,99,88,88,0,0,0,1,0,2
6,61859,1,1,0,0,0,1,1,111,3860,8,7,2016,6,11,31,1,2,2,4,2,US-101,,92,34.2,-118.959,0,24,0,0,1,1,0,4,1,1,0,1,0,0,99,99,99,99,88,88,0,0,0,1,0,0
6,61860,3,3,0,0,0,7,7,25,0,4,11,2016,6,23,35,0,1,2,1,3,SR-78,,359,32.98,-115.156,0,12,8,0,1,1,0,1,2,1,0,1,0,0,99,99,99,99,88,88,0,0,0,1,0,1
6,61862,1,1,0,1,1,1,1,59,80,29,8,2016,2,21,45,0,2,2,1,3,SR-91,,157,33.871,-117.702,0,8,0,0,1,1,0,1,3,1,0,1,0,0,99,99,99,99,88,88,0,0,0,1,0,2
6,61863,1,1,0,0,0,4,4,95,0,18,9,2016,1,2,24,1,1,1,1,1,I-80,,420,38.511,-121.779,0,1,0,0,1,1,0,1,3,1,0,1,0,0,99,99,99,99,99,99,0,0,0,2,0,0
6,61866,2,2,0,0,0,5,5,65,0,29,10,2016,7,10,31,0,1,2,1,3,SR-74,,683,33.611,-116.624,0,12,2,0,8,1,0,2,1,1,0,1,0,0,99,99,99,99,99,99,0,0,0,1,0,2
6,61869,2,2,0,0,0,7,7,29,0,24,9,2016,7,12,33,1,1,1,1,1,I-5,,530,35.358,-119.341,0,1,0,0,1,1,0,1,1,1,0,1,0,0,99,99,99,99,99,99,0,0,0,1,0,1
6,61870,3,1,2,3,4,1,2,37,3870,11,9,2016,1,5,10,1,2,1,1,1,I-405,,160,33.867,-118.335,0,14,0,0,1,1,0,2,2,1,0,1,0,0,99,99,99,99,99,99,23,0,0,2,0,2
6,61873,1,1,0,0,0,2,2,65,0,23,10,2016,1,6,40,1,1,1,1,1,I-10,,804,33.661,-115.821,0,1,0,0,1,1,0,2,1,1,0,1,0,0,99,99,99,99,99,99,0,0,0,1,0,1
6,61877,2,2,0,1,1,2,2,73,2340,11,10,2016,3,23,34,1,2,1,1,1,I-5,,98,32.657,-117.107,0,8,0,0,1,1,0,1,3,10,0,10,0,0,99,99,99,99,88,88,0,0,0,1,0,1