STATE,ST_CASE,VE_TOTAL,VE_FORMS,PVH_INVL,PEDS,PERNOTMVIT,PERMVIT,PERSONS,COUNTY,CITY,DAY,MONTH,YEAR,DAY_WEEK,HOUR,MINUTE,NHS,RUR_URB,FUNC_SYS,RD_OWNER,ROUTE,TWAY_ID,TWAY_ID2,MILEPT,LATITUDE,LONGITUD,SP_JUR,HARM_EV,MAN_COLL,RELJCT1,RELJCT2,TYP_INT,WRK_ZONE,REL_ROAD,LGT_COND,WEATHER1,WEATHER2,WEATHER,SCH_BUS,RAIL,NOT_HOUR,NOT_MIN,ARR_HOUR,ARR_MIN,HOSP_HR,HOSP_MN,CF1,CF2,CF3,FATALS,DRUNK_DR,RANK
6,61878,2,2,0,1,1,2,2,65,2327,2,11,2016,4,20,50,1,2,1,1,1,I-15,,105,33.564,-117.206,0,8,0,0,1,1,0,1,3,1,0,1,0,0,99,99,99,99,88,88,0,0,0,1,0,1
6,61879,2,2,0,0,0,2,2,29,0,27,10,2016,5,0,6,1,1,2,1,3,SR-14,,563,35.582,-117.912,0,12,2,0,1,1,0,1,3,1,0,1,0,0,99,99,99,99,88,88,0,0,0,1,0,2
6,61880,2,1,1,0,0,1,1,71,790,14,9,2016,4,7,48,1,2,1,1,1,I-10,,209,34.069,-117.354,0,43,0,0,1,1,1,8,1,1,0,1,0,0,99,99,99,99,99,99,0,0,0,1,0,1
6,61881,3,3,0,0,0,4,4,111,0,16,9,2016,6,3,55,1,1,2,1,3,SR-126,,188,34.392,-118.957,0,12,6,0,1,1,0,1,2,1,0,1,0,0,99,99,99,99,99,99,0,0,0,1,0,2
6,61883,2,2,0,0,0,2,2,13,3412,28,4,2016,5,23,22,1,2,1,1,1,I-680,,23,37.752,-121.961,0,12,1,0,1,1,0,1,2,1,0,1,0,0,99,99,99,99,88,88,0,0,0,1,0,1
6,61884,1,1,0,0,0,1,1,19,3590,20,9,2016,3,6,21,1,2,2,1,3,SR-99,,64,36.576,-119.629,1,24,0,1,5,1,0,4,4,1,0,1,0,0,99,99,99,99,88,88,0,0,0,1,0,2
6,61885,2,2,0,0,0,3,3,65,0,23,10,2016,1,19,46,0,1,2,1,3,SR-177,,70,33.782,-115.319,0,43,0,0,1,1,0,4,2,10,0,10,0,0,99,99,99,99,99,99,0,0,0,1,0,2
6,61886,1,1,0,0,0,1,1,73,0,12,9,2016,2,15,50,1,1,1,1,1,I-5,,566,33.131,-117.327,0,24,0,0,1,1,0,4,1,1,0,1,0,0,99,99,99,99,99,99,0,0,0,1,0,1
6,61887,1,1,0,0,0,1,1,65,9999,6,11,2016,1,0,53,1,8,98,98,1,I-10,,99999,33.922,-116.745,9,38,0,0,1,1,0,5,2,1,0,1,0,0,99,99,99,99,88,88,0,0,0,1,0,1
6,61888,2,2,0,0,0,2,2,71,0,28,8,2016,1,14,34,1,1,2,1,3,SR-138,,210,34.323,-117.399,0,12,6,0,8,1,0,1,1,1,0,1,0,0,99,99,99,99,88,88,14,0,0,1,0,1
6,61889,2,1,1,0,5,1,6,71,1305,24,9,2016,7,19,5,1,2,2,1,3,SR-210,,134,34.137,-117.463,0,24,0,0,1,1,0,4,5,1,0,1,0,0,99,99,99,99,99,99,0,0,0,1,1,2
6,61890,1,1,0,0,0,1,1,19,0,4,11,2016,6,8,5,1,2,2,1,3,SR-41,,193,36.684,-119.786,0,38,0,0,1,1,0,4,1,1,0,1,0,0,99,99,99,99,99,99,0,0,0,1,0,1
6,61891,1,1,0,0,0,4,4,63,0,13,11,2016,1,7,25,0,1,2,1,3,SR-70,,399,39.975,-120.937,0,42,0,0,1,1,0,4,1,5,0,5,0,0,99,99,99,99,99,99,0,0,0,2,1,2
6,61892,2,2,0,0,0,3,3,71,0,2,11,2016,4,23,13,1,1,1,1,2,US-395,,241,34.688,-117.449,0,12,2,0,1,1,0,4,2,1,0,1,0,0,99,99,99,99,99,99,0,0,0,2,0,0
6,61895,1,1,0,0,0,2,2,71,0,6,11,2016,1,1,45,1,1,1,1,1,I-40,,99998,34.834,-116.738,0,38,0,0,1,1,0,3,2,1,0,1,0,0,99,99,99,99,99,99,0,0,0,1,0,1
6,61897,2,1,1,0,0,2,2,99,0,1,11,2016,3,21,0,1,2,2,1,3,SR-99,,177,37.656,-121.026,0,14,0,0,1,1,0,2,2,1,0,1,0,0,99,99,99,99,99,99,0,0,0,1,0,2
6,61898,1,1,0,0,0,1,1,85,3790,9,5,2016,2,16,40,0,2,2,1,3,SR-85,,200,37.353,-122.061,0,42,0,0,1,1,0,4,1,1,0,1,0,0,99,99,99,99,88,88,0,0,0,1,1,1
6,61899,2,2,0,0,0,2,2,71,2922,22,9,2016,5,11,13,1,2,1,1,1,I-15,,88,34.142,-117.49,0,12,7,1,17,1,0,1,1,1,0,1,0,0,99,99,99,99,99,99,0,0,0,1,0,1
6,61901,2,2,0,0,0,4,4,71,0,14,11,2016,2,16,12,1,1,1,1,1,I-15,,185,34.279,-117.452,0,12,7,0,1,1,0,1,1,1,0,1,0,0,99,99,99,99,99,99,0,0,0,1,0,1
6,61902,4,4,0,0,0,4,4,71,3210,19,11,2016,7,5,40,1,2,1,1,1,I-215,,67,34.101,-117.302,0,12,7,0,1,1,0,1,3,1,0,1,0,0,99,99,99,99,99,99,0,0,0,1,1,1
6,61905,1,1,0,0,0,2,2,37,1970,26,11,2016,7,1,3,1,2,1,1,1,I-605,,14,33.826,-118.082,0,25,0,0,1,1,0,3,3,1,0,1,0,0,99,99,99,99,88,88,0,0,0,1,1,2
6,61908,2,2,0,0,0,3,3,31,0,23,11,2016,4,6,30,1,1,2,1,3,SR-41,JACKSON AVENUE,378,36.255,-119.809,0,12,6,0,2,2,0,1,4,1,0,1,0,0,99,99,99,99,99,99,0,0,0,1,0,1
6,61909,2,2,0,0,0,2,2,37,2458,14,11,2016,2,22,11,1,2,1,1,1,I-605,,87,33.928,-118.103,0,12,1,0,1,1,0,1,3,1,0,1,0,0,99,99,99,99,88,88,23,0,0,1,0,2
6,61914,1,1,0,0,0,2,2,37,1430,20,11,2016,1,3,20,1,2,1,1,3,SR-2,,220,34.186,-118.218,0,25,0,0,1,1,0,3,2,10,0,10,0,0,99,99,99,99,99,99,0,0,0,1,1,2
6,61915,3,3,0,0,0,4,4,79,0,9,11,2016,4,14,25,0,1,2,1,3,SR-193,HOLLISTER AVE,222,35.331,-120.735,0,12,1,0,3,2,0,1,1,1,0,1,0,0,99,99,99,99,99,99,0,0,0,1,0,2
6,61918,2,2,0,0,0,3,3,29,0,18,11,2016,6,20,30,1,1,2,1,3,SR-58,,1411,35.007,-117.681,0,12,1,0,1,1,0,1,2,1,0,1,0,0,99,99,99,99,99,99,0,0,0,1,0,1
6,61920,1,1,0,0,0,1,1,75,3290,6,4,2016,4,23,20,1,2,1,1,2,US-101,,43,37.768,-122.406,0,23,0,0,1,1,0,4,3,1,0,1,0,0,99,99,99,99,88,88,0,0,0,1,1,1
6,61921,2,2,0,0,0,4,4,1,1560,9,8,2016,3,1,40,1,2,1,1,1,I-880,,144,37.616,-122.073,0,12,1,0,1,1,0,1,2,1,0,1,0,0,99,99,99,99,99,99,0,0,0,1,0,2
6,61922,1,1,0,0,0,2,2,65,0,24,10,2016,2,16,8,1,1,2,1,3,SR-86,,80,33.536,-116.1,0,1,0,0,1,1,0,4,1,10,0,10,0,0,99,99,99,99,99,99,0,0,0,1,0,1
6,61924,3,3,0,0,0,4,4,73,0,6,7,2016,4,12,23,0,1,2,1,3,SR-76,,312,33.312,-116.987,0,1,0,0,1,1,0,1,1,1,0,1,0,0,99,99,99,99,99,99,0,0,0,2,0,2
6,61925,1,1,0,0,0,1,1,73,0,15,9,2016,5,11,3,1,1,1,1,1,I-5,,560,33.23,-117.4,0,33,0,0,1,1,0,4,1,1,0,1,0,0,99,99,99,99,88,88,0,0,0,1,0,1
6,61927,2,2,0,0,0,2,2,89,0,26,9,2016,2,10,35,1,1,2,1,3,SR-299,,340,40.652,-122.218,0,12,2,0,1,1,0,2,1,1,0,1,0,0,99,99,99,99,99,99,0,0,0,1,0,0
6,61929,1,1,0,0,0,1,1,73,3260,5,10,2016,4,1,27,1,2,1,1,1,I-8,,53,32.778,-117.117,0,25,0,0,1,1,0,3,2,10,0,10,0,0,99,99,99,99,99,99,0,0,0,1,1,1
6,61930,2,2,0,0,0,3,3,65,0,21,11,2016,2,3,45,1,1,3,1,3,SR-74,,348,33.74,-117.068,0,12,1,0,1,1,0,1,2,2,0,2,0,0,99,99,99,99,99,99,0,0,0,1,0,2
6,61931,2,2,0,0,0,1,1,65,9997,28,8,2016,1,5,45,1,2,2,1,3,SR-60,,84,34.007,-117.42,0,12,2,0,1,1,0,1,2,1,0,1,0,0,99,99,99,99,88,88,0,0,0,1,1,2
6,61933,1,1,0,0,0,2,2,19,0,2,10,2016,1,12,18,1,1,2,1,3,SR-99,,110,36.626,-119.684,0,1,0,0,1,1,0,4,1,1,0,1,0,0,99,99,99,99,99,99,0,0,0,1,0,2
6,61934,2,2,0,0,0,2,2,37,0,7,10,2016,6,9,45,1,1,2,1,3,SR-138,110TH ST W,281,34.776,-118.326,0,12,6,0,2,2,0,1,1,1,0,1,0,0,99,99,99,99,88,88,0,0,0,1,0,1
6,61935,2,2,0,0,0,3,3,71,0,15,10,2016,7,1,21,1,1,1,1,1,I-15,,1433,35.324,-115.983,0,12,1,0,1,1,0,1,2,1,0,1,0,0,99,99,99,99,88,88,0,0,0,1,0,1
6,61937,2,2,0,0,0,5,5,31,0,1,10,2016,7,1,57,1,1,2,1,3,SR-198,,160,36.311,-119.704,0,12,1,0,1,1,0,1,2,1,0,1,0,0,99,99,99,99,99,99,0,0,0,1,1,1
6,61938,1,1,0,1,1,1,1,61,0,3,10,2016,2,19,55,0,2,3,1,3,SR-49,,58,38.935,-121.093,0,8,0,0,1,1,0,1,3,10,0,10,0,0,99,99,99,99,99,99,0,0,0,1,0,1
6,61939,1,1,0,0,0,1,1,23,0,21,11,2016,2,14,58,1,1,3,1,3,SR-299,,302,40.905,-123.757,0,1,0,0,1,1,0,4,1,10,0,10,0,0,99,99,99,99,99,99,0,0,0,1,0,0
6,61941,1,1,0,0,0,2,2,65,0,19,11,2016,7,6,32,1,1,1,1,1,I-10,,1003,33.696,-115.482,0,1,0,0,1,1,0,4,4,10,0,10,0,0,99,99,99,99,88,88,0,0,0,1,0,1
6,61942,1,1,0,0,0,3,3,65,0,21,11,2016,2,9,45,1,1,1,1,1,I-10,,732,33.675,-115.946,0,58,0,0,1,1,0,3,1,1,0,1,0,0,99,99,99,99,99,99,0,0,0,1,0,1
6,61943,2,2,0,1,1,2,2,73,2510,26,9,2016,2,15,4,1,2,1,1,1,I-5,,513,33.179,-117.353,0,25,0,0,1,1,0,3,1,10,0,10,0,0,99,99,99,99,99,99,0,0,0,1,0,1
6,61946,1,1,0,1,1,1,1,71,0,26,10,2016,4,19,25,1,1,1,1,1,I-15,,1447,35.336,-115.963,0,8,0,0,1,1,0,1,2,1,0,1,0,0,99,99,99,99,88,88,0,0,0,1,0,1
6,61947,3,3,0,1,1,3,3,65,0,12,7,2016,3,3,18,1,1,2,1,3,SR-79,,176,33.716,-117.077,0,9,0,0,1,1,0,1,2,1,0,1,0,0,99,99,99,99,88,88,0,0,0,1,0,1
6,61948,1,1,0,0,0,1,1,35,0,23,10,2016,1,15,10,1,1,2,1,2,US-395,,31,39.753,-120.039,0,1,0,0,1,1,0,3,1,10,0,10,0,0,99,99,99,99,99,99,0,0,0,1,1,0
6,61952,1,1,0,0,0,1,1,77,2070,22,10,2016,7,18,28,1,2,2,1,3,SR-99,,87,37.82,-121.215,0,38,0,0,1,1,0,4,3,1,0,1,0,0,99,99,99,99,88,88,0,0,0,1,0,2
6,61962,1,1,0,2,2,2,2,13,4070,18,10,2016,3,8,8,1,2,1,1,1,I-680,,142,37.896,-122.07,0,8,0,0,1,1,0,1,1,1,0,1,0,0,99,99,99,99,99,99,0,0,0,1,0,1
6,61963,3,3,0,0,0,4,4,71,2922,5,9,2016,2,19,50,1,2,1,1,1,I-15,,65,34.119,-117.517,0,12,1,0,1,1,0,1,2,1,0,1,0,0,99,99,99,99,99,99,0,0,0,1,0,1
6,61965,3,3,0,0,0,4,4,65,3070,1,9,2016,5,11,0,1,2,1,1,1,I-215,,372,33.928,-117.289,0,12,1,1,18,1,0,1,1,1,0,1,0,0,99,99,99,99,88,88,14,28,0,1,0,1
6,61966,3,3,0,0,0,4,4,45,0,16,7,2016,7,14,57,1,1,2,1,2,US-101,,971,39.905,-123.749,0,42,0,0,1,1,0,4,1,1,0,1,0,0,99,99,99,99,99,99,0,0,0,1,0,0
6,61969,5,5,0,0,0,6,6,73,3645,17,10,2016,2,23,19,1,2,1,1,1,I-5,,371,32.989,-117.255,0,5,0,0,1,1,0,1,2,1,0,1,0,0,99,99,99,99,88,88,14,0,0,1,0,1
6,61973,1,1,0,0,0,3,3,81,0,8,9,2016,5,14,0,0,1,2,1,3,SR-35,,36,37.318,-122.19,0,42,0,0,1,1,0,4,1,1,0,1,0,0,99,99,99,99,99,99,0,0,0,1,0,1
6,61974,2,2,0,0,0,2,2,73,1820,22,11,2016,3,17,50,1,2,1,1,1,I-8,,125,32.78,-117,0,1,0,0,1,1,0,1,3,1,0,1,0,0,99,99,99,99,99,99,0,0,0,1,0,0
6,61978,3,3,0,0,0,4,4,65,0,8,11,2016,3,14,0,1,1,3,1,3,SR-74,,317,33.743,-117.121,0,12,2,0,1,1,0,1,1,1,0,1,0,0,99,99,99,99,99,99,0,0,0,1,0,2
6,61983,1,1,0,0,0,1,1,53,0,25,10,2016,3,4,30,1,1,2,1,2,US-101,,652,36.455,-121.372,0,38,0,0,1,1,0,4,2,1,0,1,0,0,99,99,99,99,88,88,0,0,0,1,0,0
6,61984,1,1,0,0,0,1,1,53,0,9,12,2016,6,99,99,0,1,3,1,3,SR-68,,25,36.597,-121.922,0,42,0,0,1,1,0,4,4,1,0,1,0,0,99,99,99,99,88,88,0,0,0,1,1,2
6,61985,2,2,0,0,0,4,4,71,0,25,9,2016,1,2,57,1,1,1,1,1,I-15,,233,34.337,-117.483,0,20,0,0,1,1,0,3,2,1,0,1,0,0,99,99,99,99,99,99,0,0,0,1,1,1
6,61988,2,2,0,0,0,5,5,59,0,23,10,2016,1,7,36,0,1,3,2,3,SR-74,,33,33.523,-117.607,0,12,6,0,1,1,0,1,4,10,0,10,0,0,99,99,99,99,99,99,0,0,0,1,0,2
6,61989,2,2,0,0,0,2,2,83,0,25,10,2016,3,6,28,0,1,3,2,3,SR-166,,240,35.012,-120.125,0,12,2,0,1,1,0,1,2,1,0,1,0,0,99,99,99,99,99,99,0,0,0,1,1,1
6,61990,1,1,0,0,0,4,4,83,0,14,8,2016,1,1,58,1,1,2,1,2,US-101,,332,34.46,-119.998,0,1,0,0,1,1,0,3,2,1,0,1,0,0,99,99,99,99,99,99,0,0,0,1,0,0
6,61994,2,2,0,0,0,1,1,65,3070,8,12,2016,5,23,0,1,2,2,1,3,SR-91,,215,33.991,-117.359,0,12,6,1,18,1,0,1,3,1,0,1,0,0,99,99,99,99,88,88,23,0,0,1,0,2
6,61995,2,2,0,1,1,2,2,71,0,16,10,2016,1,2,34,1,1,1,1,1,I-15,,186,34.279,-117.452,0,8,0,0,1,1,0,1,2,2,5,2,0,0,99,99,99,99,88,88,19,0,0,1,0,1
6,61996,2,2,0,0,0,3,3,71,0,23,10,2016,1,5,2,0,1,2,1,3,SR-138,CENTOLA RD,99998,34.371,-117.544,0,12,2,0,1,1,1,1,2,10,0,10,0,0,99,99,99,99,99,99,0,0,0,1,0,1
6,61997,4,4,0,0,0,6,6,47,0,13,6,2016,2,12,42,1,1,2,1,3,SR-99,,315,37.403,-120.746,0,12,2,0,1,1,0,1,1,1,0,1,0,0,99,99,99,99,99,99,0,0,0,1,0,2
6,61999,2,1,1,1,4,3,6,73,3260,1,10,2016,7,1,11,1,2,2,1,3,SR-94,,20,32.713,-117.136,0,14,0,0,1,1,0,2,3,1,0,1,0,0,99,99,99,99,99,99,15,0,0,1,1,2
6,62002,3,3,0,0,0,3,3,71,2238,13,10,2016,5,3,1,1,2,1,1,1,I-10,,5,34.082,-117.701,0,12,2,1,18,1,0,1,3,1,0,1,0,0,99,99,99,99,99,99,0,0,0,1,1,1
6,62005,1,1,0,0,0,1,1,37,1980,26,10,2016,4,23,15,1,2,2,1,3,SR-118,,118,34.268,-118.438,0,24,0,1,19,1,0,8,3,1,0,1,0,0,99,99,99,99,88,88,0,0,0,1,0,2
6,62006,2,2,0,0,0,6,6,85,0,3,7,2016,1,14,30,0,1,2,1,3,SR-152,,52,37.014,-121.647,0,1,0,0,1,1,0,1,1,1,0,1,0,0,99,99,99,99,99,99,0,0,0,1,0,1
6,62009,1,1,0,1,1,1,1,67,0,9,8,2016,3,23,45,1,1,1,1,1,I-5,,93,38.386,-121.479,0,8,0,0,1,1,0,1,2,1,0,1,0,0,99,99,99,99,99,99,19,0,0,1,0,1
6,62010,1,1,0,0,0,1,1,77,2070,24,11,2016,5,8,18,1,2,2,1,3,SR-120,,50,37.783,-121.222,0,1,0,0,1,1,0,3,1,5,0,5,0,0,99,99,99,99,99,99,13,0,0,1,0,1
6,62012,3,3,0,0,0,4,4,47,0,7,9,2016,4,16,54,1,1,2,1,3,SR-99,,263,37.368,-120.668,0,12,7,0,1,1,0,1,1,1,0,1,0,0,99,99,99,99,88,88,0,0,0,2,0,2
6,62013,3,3,0,0,0,4,4,83,3430,11,7,2016,2,15,20,1,2,2,1,2,US-101,,114,34.421,-119.65,0,12,1,0,1,1,0,1,1,1,0,1,0,0,99,99,99,99,99,99,14,0,0,1,0,0
6,62014,1,1,0,0,0,1,1,77,0,16,10,2016,1,1,13,1,2,1,1,1,I-5,,198,37.859,-121.282,0,33,0,0,1,1,0,4,3,2,0,2,0,0,99,99,99,99,88,88,0,0,0,1,1,1
6,62015,1,1,0,0,0,1,1,37,0,17,10,2016,2,99,99,0,1,3,1,3,SR-39,,326,34.291,-117.838,0,35,0,0,1,1,0,4,2,5,0,5,0,0,99,99,99,99,88,88,0,0,0,1,0,2
6,62016,2,2,0,0,0,2,2,111,0,18,5,2016,4,7,5,1,1,2,1,3,SR-118,,136,34.27,-118.948,0,12,2,0,1,1,0,1,1,10,0,10,0,0,99,99,99,99,88,88,0,0,0,1,0,2
6,62017,2,2,0,0,0,2,2,37,1430,29,7,2016,6,2,55,1,2,1,1,1,I-5,,278,34.171,-118.305,0,12,1,0,1,1,0,1,3,1,0,1,0,0,99,99,99,99,99,99,0,0,0,1,0,1
6,62018,4,4,0,0,0,7,7,7,0,1,11,2016,3,16,32,1,1,1,1,3,SR-99,,410,39.823,-121.926,0,12,8,0,1,1,0,1,1,10,0,10,0,0,99,99,99,99,88,88,0,0,0,2,0,2
6,62029,1,1,0,0,0,1,1,61,0,9,9,2016,6,23,33,1,1,1,1,1,I-80,,316,39.077,-120.961,0,42,0,0,5,1,0,4,2,1,0,1,0,0,99,99,99,99,88,88,0,0,0,1,0,0
6,62030,2,2,0,0,0,2,2,111,0,10,9,2016,7,10,47,0,2,3,1,3,SR-34,,99,34.196,-119.08,0,12,6,0,1,1,0,1,1,1,0,1,0,0,99,99,99,99,88,88,0,0,0,1,0,2
6,62031,1,1,0,1,1,1,1,99,0,2,11,2016,4,22,5,1,2,2,1,3,SR-99,,134,37.611,-120.979,0,8,0,0,1,1,0,1,2,1,0,1,0,0,99,99,99,99,88,88,0,0,0,1,0,2
6,62032,1,1,0,0,0,1,1,99,0,3,11,2016,5,7,45,1,2,1,1,3,SR-99,,18,37.475,-120.852,0,33,0,0,1,1,0,4,1,1,0,1,0,0,99,99,99,99,99,99,0,0,0,1,0,2
6,62033,1,1,0,0,0,1,1,45,0,30,10,2016,1,3,0,1,1,1,1,2,US-101,,100,38.956,-123.108,0,42,0,0,1,1,0,5,2,2,10,2,0,0,99,99,99,99,88,88,18,0,0,1,1,1
6,62034,2,2,0,0,0,8,8,107,0,11,11,2016,6,23,12,1,1,2,1,3,SR-65,SR-198,396,36.326,-119.135,0,12,6,0,2,2,0,1,3,1,0,1,0,0,99,99,99,99,99,99,0,0,0,1,0,0
6,62036,2,2,0,0,0,2,2,37,1970,8,11,2016,3,15,35,1,2,1,1,1,I-405,,2,33.79,-118.098,0,1,0,0,1,1,0,1,1,1,0,1,0,0,99,99,99,99,88,88,14,0,0,1,0,2
6,62038,1,1,0,0,0,1,1,81,0,7,9,2016,4,12,26,9,1,3,1,3,SR-84,,99998,37.38,-122.265,0,1,0,0,1,1,0,4,1,1,0,1,0,0,99,99,99,99,88,88,0,0,0,1,0,2
6,62039,1,1,0,0,0,2,2,65,0,3,12,2016,7,5,2,1,1,1,1,1,I-10,,732,33.675,-115.945,0,24,0,0,1,1,0,3,2,6,0,6,0,0,99,99,99,99,88,88,0,0,0,2,1,1
6,62040,1,1,0,0,0,5,5,73,0,11,6,2016,7,9,13,0,1,2,1,3,SR-79,,267,33.191,-116.705,0,42,0,0,1,1,0,4,1,10,0,10,0,0,99,99,99,99,99,99,0,0,0,1,0,1
6,62042,1,1,0,0,0,17,17,39,0,24,9,2016,7,17,30,1,1,2,1,3,SR-41,,438,37.424,-119.637,0,42,0,0,1,1,0,4,1,1,0,1,0,0,99,99,99,99,99,99,0,0,0,1,0,1
6,62043,3,3,0,0,0,4,4,73,3260,20,9,2016,3,12,7,1,2,1,1,1,I-8,,31,32.766,-117.152,0,12,2,1,5,1,0,1,1,2,0,2,0,0,99,99,99,99,99,99,0,0,0,1,0,0
6,62044,1,1,0,0,0,1,1,71,2550,17,9,2016,7,3,50,1,2,1,1,1,I-15,,31,34.079,-117.545,0,1,0,1,19,1,0,8,3,1,0,1,0,0,99,99,99,99,88,88,0,0,0,1,0,1
6,62046,2,2,0,0,0,2,2,37,3445,21,9,2016,4,21,41,1,2,2,1,3,SR-14,,324,34.417,-118.441,0,1,0,0,1,1,0,1,2,1,0,1,0,0,99,99,99,99,88,88,14,19,0,1,0,2
6,62047,3,1,2,0,2,1,3,79,0,15,9,2016,5,2,20,1,1,2,1,2,US-101,,111,35.106,-120.553,0,14,0,0,1,1,0,2,2,1,0,1,0,0,99,99,99,99,88,88,14,0,0,1,1,1
6,62050,1,1,0,0,0,3,3,23,0,5,8,2016,6,22,20,1,1,3,1,2,US-101,,413,40.414,-123.966,0,18,0,0,1,1,0,1,2,1,0,1,0,0,99,99,99,99,88,88,0,0,0,1,0,0
6,62054,1,1,0,0,0,2,2,89,0,2,12,2016,6,16,10,0,1,2,1,3,SR-299,,328,40.648,-122.221,0,31,0,0,1,1,0,4,1,1,0,1,0,0,99,99,99,99,99,99,0,0,0,1,0,0
6,62060,2,2,0,0,0,2,2,77,1865,5,12,2016,2,0,19,1,2,1,1,1,I-5,,177,37.828,-121.29,0,12,7,0,1,1,1,1,3,1,0,1,0,0,99,99,99,99,99,99,0,0,0,1,1,1
6,62061,2,2,0,0,0,5,5,71,0,10,12,2016,7,1,30,0,1,4,1,3,SR-247,,247,34.37,-116.623,0,12,2,0,1,1,0,1,2,1,0,1,0,0,99,99,99,99,99,99,0,0,0,2,0,1
6,62064,1,1,0,0,0,1,1,79,9999,15,12,2016,5,19,43,1,1,2,1,3,SR-41,,475,35.772,-120.237,0,59,0,0,1,1,0,4,2,10,2,2,0,0,99,99,99,99,99,99,0,0,0,1,1,1
6,62066,2,1,1,1,1,1,1,85,3340,17,4,2016,1,16,14,1,2,2,1,2,US-101,,359,37.352,-121.864,0,14,0,0,1,1,0,4,1,1,0,1,0,0,99,99,99,99,88,88,0,0,0,1,0,0
6,62067,1,1,0,0,0,2,2,19,0,7,9,2016,4,7,33,1,1,1,1,1,I-5,,411,36.556,-120.522,0,18,0,0,1,1,1,4,1,1,0,1,0,0,99,99,99,99,99,99,0,0,0,1,1,1
6,62071,1,1,0,0,0,1,1,73,0,21,12,2016,4,23,50,1,2,1,1,1,I-8,,204,32.83,-116.899,0,24,0,0,1,1,4,4,2,2,10,2,0,0,99,99,99,99,88,88,0,0,0,1,0,0
6,62073,3,3,0,0,0,4,4,103,2940,24,12,2016,7,4,20,1,2,1,1,1,I-5,,282,40.201,-122.242,0,25,0,0,1,1,0,4,3,5,0,5,0,0,99,99,99,99,99,99,0,0,0,1,1,1
6,62074,1,1,0,0,0,1,1,49,0,11,12,2016,1,21,10,0,1,5,1,3,SR-299,,550,41.534,-120.224,0,58,0,0,1,1,0,4,2,10,0,10,0,0,99,99,99,99,88,88,0,0,0,1,1,0
6,62075,2,2,0,0,0,5,5,17,0,17,7,2016,1,14,40,1,1,2,1,2,US-50,WRIGHTS LAKE ROAD,539,38.785,-120.213,0,12,1,0,3,3,0,1,1,1,0,1,0,0,99,99,99,99,88,88,14,0,0,1,1,2
6,62078,1,1,0,0,0,4,4,73,0,4,11,2016,6,20,0,0,1,2,1,3,SR-79,,360,33.287,-116.644,0,59,0,0,1,1,0,4,2,1,0,1,0,0,99,99,99,99,99,99,0,0,0,1,1,1
6,62080,1,1,0,1,1,1,1,19,1370,13,11,2016,1,1,31,1,2,2,1,3,SR-41,,243,36.751,-119.776,0,8,0,0,1,1,0,1,3,1,0,1,0,0,99,99,99,99,88,88,0,0,0,1,0,1
6,62083,2,2,0,0,0,2,2,107,0,5,11,2016,7,14,25,1,1,2,1,3,SR-65,AVENUE 288,386,36.312,-119.135,0,12,6,0,2,2,0,1,1,1,0,1,0,0,99,99,99,99,99,99,0,0,0,1,0,0
6,62088,1,1,0,0,0,2,2,73,0,18,12,2016,1,13,25,0,1,2,1,3,SR-79,,99998,32.908,-116.579,0,42,0,0,1,1,0,4,1,1,0,1,0,0,99,99,99,99,99,99,0,0,0,1,0,1
6,62089,2,2,0,0,0,4,4,71,0,27,12,2016,3,21,20,1,1,2,1,3,SR-62,,26,34.061,-116.564,0,12,6,0,1,1,0,1,3,1,0,1,0,0,99,99,99,99,99,99,0,0,0,1,1,0
6,62090,3,3,0,1,1,4,4,59,1660,22,4,2016,6,22,34,0,2,3,1,3,SR-1,,257,33.667,-118.015,0,8,0,0,1,1,0,1,3,1,0,1,0,0,99,99,99,99,88,88,0,0,0,1,0,1
6,62092,1,1,0,0,0,1,1,93,0,23,9,2016,6,0,0,0,1,4,1,3,SR-3,,96,41.318,-122.81,0,39,0,0,1,1,0,4,2,1,0,1,0,0,99,99,99,99,88,88,0,0,0,1,0,2
6,62093,2,2,0,0,0,6,6,1,0,4,9,2016,1,1,22,1,1,1,1,1,I-880,,186,37.669,-122.109,0,12,6,1,18,1,0,1,3,10,0,10,0,0,99,99,99,99,99,99,0,0,0,2,0,2
6,62095,1,1,0,0,0,3,3,65,0,17,12,2016,7,8,49,1,1,1,1,1,I-10,,1040,33.707,-115.43,0,42,0,0,1,1,0,4,1,6,0,6,0,0,99,99,99,99,99,99,0,0,0,1,0,1
6,62099,1,1,0,2,2,1,1,37,2054,2,7,2016,7,17,22,0,2,2,1,3,SR-1,,589,34.04,-118.875,0,8,0,0,1,1,0,1,1,1,0,1,0,0,99,99,99,99,99,99,0,0,0,1,0,1
6,62100,2,2,0,0,0,3,3,9,0,26,11,2016,7,14,15,0,1,2,1,3,SR-12,,164,38.203,-120.724,0,35,0,0,1,1,0,4,1,10,2,2,0,0,99,99,99,99,99,99,0,0,0,1,0,2
6,62101,3,3,0,0,0,5,5,1,2480,15,7,2016,6,22,51,1,2,1,1,1,I-580,,431,37.807,-122.239,0,12,7,0,1,1,0,1,3,10,0,10,0,0,99,99,99,99,99,99,26,0,0,1,1,2