STATE,ST_CASE,VE_TOTAL,VE_FORMS,PVH_INVL,PEDS,PERNOTMVIT,PERMVIT,PERSONS,COUNTY,CITY,DAY,MONTH,YEAR,DAY_WEEK,HOUR,MINUTE,NHS,RUR_URB,FUNC_SYS,RD_OWNER,ROUTE,TWAY_ID,TWAY_ID2,MILEPT,LATITUDE,LONGITUD,SP_JUR,HARM_EV,MAN_COLL,RELJCT1,RELJCT2,TYP_INT,WRK_ZONE,REL_ROAD,LGT_COND,WEATHER1,WEATHER2,WEATHER,SCH_BUS,RAIL,NOT_HOUR,NOT_MIN,ARR_HOUR,ARR_MIN,HOSP_HR,HOSP_MN,CF1,CF2,CF3,FATALS,DRUNK_DR,RANK
6,62104,1,1,0,0,0,4,4,71,1605,2,10,2016,1,21,10,1,2,2,1,3,SR-210,,291,34.124,-117.201,0,43,0,0,1,1,0,4,2,1,0,1,0,0,99,99,99,99,99,99,0,0,0,1,1,2
6,62105,1,1,0,0,0,4,4,71,790,15,10,2016,7,20,57,1,2,1,1,1,I-10,,207,34.069,-117.359,0,24,0,0,1,1,0,3,3,1,0,1,0,0,99,99,99,99,99,99,0,0,0,1,0,1
6,62110,3,3,0,0,0,3,3,21,0,18,11,2016,6,4,1,1,1,1,1,1,I-5,,126,39.563,-122.214,0,12,1,0,1,1,0,1,2,1,0,1,0,0,99,99,99,99,99,99,19,27,0,1,0,1
6,62111,2,2,0,0,0,3,3,101,0,24,12,2016,7,9,50,0,1,4,1,3,SR-113,,40,38.854,-121.714,0,12,1,0,1,1,0,1,1,5,0,5,0,0,99,99,99,99,88,88,0,0,0,1,0,1
6,62112,1,1,0,0,0,1,1,1,2480,23,9,2016,6,2,15,0,2,2,1,3,SR-13,,46,32.788,-122.181,0,42,0,0,1,1,0,4,2,1,0,1,0,0,99,99,99,99,88,88,0,0,0,1,1,2
6,62114,1,1,0,1,1,1,1,73,3260,22,10,2016,7,6,10,1,2,1,1,1,I-8,,10,32.757,-117.228,0,38,0,0,1,1,0,5,2,1,0,1,0,0,99,99,99,99,99,99,0,0,0,1,0,0
6,62115,1,1,0,0,0,1,1,53,0,13,12,2016,3,16,10,0,1,3,1,3,SR-1,,683,36.464,-121.927,0,35,0,0,1,1,0,4,2,1,0,1,0,0,99,99,99,99,88,88,0,0,0,1,0,1
6,62117,2,2,0,0,0,3,3,19,1370,20,11,2016,1,18,40,1,2,2,1,3,SR-99,,194,36.72,-119.787,0,35,0,1,19,1,0,4,2,10,2,2,0,0,99,99,99,99,99,99,0,0,0,1,0,2
6,62120,3,3,0,0,0,5,5,65,9999,29,11,2016,3,5,48,1,1,2,1,3,SR-79,,360,33.884,-116.991,0,12,11,0,1,1,0,1,2,1,0,1,0,0,99,99,99,99,99,99,0,0,0,1,0,1
6,62121,1,1,0,0,0,2,2,37,2458,20,11,2016,1,2,44,1,2,1,1,1,I-605,,64,33.897,-118.105,0,39,0,0,1,1,0,4,3,10,0,10,0,0,99,99,99,99,99,99,0,0,0,1,1,2
6,62122,2,2,0,0,0,1,1,71,3000,29,11,2016,3,5,1,1,2,2,1,3,SR-210,,157,34.136,-117.423,0,12,11,1,18,1,0,1,3,1,0,1,0,0,99,99,99,99,99,99,19,0,0,1,0,2
6,62124,2,2,0,0,0,8,8,45,0,24,11,2016,5,18,40,1,1,2,1,2,US-101,CR-LAFRANCHI RD,99,38.958,-123.109,0,12,1,0,3,3,0,1,2,1,0,1,0,0,99,99,99,99,99,99,0,0,0,1,0,0
6,62129,2,2,0,1,1,2,2,67,3150,21,10,2016,6,22,16,1,2,1,1,1,I-5,,253,38.607,-121.508,0,8,0,0,1,1,0,1,2,1,0,1,0,0,99,99,99,99,88,88,0,0,0,1,0,1
6,62131,6,6,0,0,0,9,9,77,2070,3,10,2016,2,17,5,1,2,2,1,3,SR-120,,53,37.783,-121.216,0,12,1,0,1,1,0,1,1,10,0,10,0,0,99,99,99,99,99,99,28,0,0,1,0,1
6,62132,1,1,0,0,0,1,1,81,0,24,9,2016,7,22,50,0,1,2,1,3,SR-1,,375,37.558,-122.514,0,30,0,0,1,1,0,4,2,99,0,99,0,0,99,99,99,99,88,88,0,0,0,1,1,1
6,62134,1,1,0,1,1,4,4,65,9999,26,11,2016,7,18,22,9,8,98,98,9,SR-111,,99999,33.57,-116.078,9,8,0,0,1,1,0,1,2,1,0,1,0,0,99,99,99,99,88,88,0,0,0,1,0,1
6,62136,1,1,0,0,0,1,1,45,0,30,8,2016,3,19,30,1,1,2,1,2,US-101,,818,39.828,-123.573,0,42,0,0,1,1,0,4,5,1,0,1,0,0,88,88,88,88,88,88,0,0,0,1,1,1
6,62141,1,1,0,0,0,1,1,39,0,13,12,2016,3,4,49,1,1,2,1,3,SR-99,,170,37.021,-120.131,0,1,0,1,19,1,0,4,2,10,0,10,0,0,99,99,99,99,88,88,0,0,0,1,1,2
6,62142,2,2,0,0,0,5,5,37,155,9,7,2016,7,1,5,1,1,2,1,3,SR-91,,179,33.877,-118.086,0,12,11,0,1,1,0,1,2,1,0,1,0,0,99,99,99,99,99,99,23,0,0,3,0,2
6,62143,2,1,1,0,2,1,3,59,1380,4,9,2016,1,1,59,1,2,2,1,3,SR-57,,184,33.89,-117.881,0,14,0,0,1,1,0,2,3,1,0,1,0,0,99,99,99,99,99,99,0,0,0,1,1,2
6,62144,2,2,0,0,0,4,4,73,9999,25,11,2016,6,9,1,0,1,2,1,3,SR-76,SR-79,523,33.2,-116.71,0,12,6,1,2,3,0,1,1,1,0,1,0,0,99,99,99,99,88,88,0,0,0,1,0,2
6,62145,2,2,0,0,0,2,2,59,3960,6,10,2016,5,6,55,1,2,1,1,1,I-5,,278,33.72,-117.795,0,12,1,0,1,1,0,1,1,1,0,1,0,0,99,99,99,99,88,88,0,0,0,1,0,1
6,62146,2,2,0,0,0,8,8,79,0,5,9,2016,2,16,55,9,8,98,1,3,SR-166,,456,35.062,-119.973,0,12,6,0,1,1,0,1,1,1,0,1,0,0,99,99,99,99,99,99,0,0,0,2,1,1
6,62147,3,3,0,0,0,7,7,71,0,18,11,2016,6,17,35,1,1,2,1,3,SR-58,,50,34.994,-117.568,0,12,1,0,1,1,0,1,2,1,0,1,0,0,99,99,99,99,99,99,0,0,0,1,0,1
6,62151,3,3,0,0,0,5,5,59,3558,27,2,2016,7,20,20,1,2,1,1,1,I-405,,238,33.781,-118.09,0,12,7,0,1,1,0,1,3,1,0,1,0,0,99,99,99,99,99,99,0,0,0,1,0,2
6,62153,2,2,0,0,0,2,2,85,0,22,7,2016,6,11,45,0,1,3,1,3,SR-17,,16,37.162,-121.988,0,12,7,0,1,1,0,1,1,1,0,1,0,0,99,99,99,99,99,99,0,0,0,1,0,2
6,62156,3,3,0,0,0,3,3,37,0,28,4,2016,5,20,25,0,1,3,1,3,SR-1,,406,34.04,-118.576,0,12,6,0,8,1,0,1,3,1,0,1,0,0,99,99,99,99,88,88,14,0,0,1,1,1
6,62158,1,1,0,0,0,1,1,29,0,29,12,2016,5,16,4,0,1,2,1,3,SR-33,,224,35.171,-119.515,0,38,0,0,8,1,0,5,1,1,0,1,0,0,99,99,99,99,99,99,0,0,0,1,0,1
6,62159,2,2,0,0,0,3,3,59,80,19,11,2016,7,14,38,1,2,2,1,3,SR-57,,115,33.791,-117.88,0,54,11,0,1,1,0,1,1,1,0,1,0,0,99,99,99,99,88,88,14,0,0,1,0,2
6,62161,1,1,0,1,1,1,1,47,1990,10,2,2016,4,22,11,0,2,3,1,3,SR-165,WILLMOTT RD,96,37.069,-120.835,0,8,0,0,3,2,0,1,1,1,0,1,0,0,99,99,99,99,99,99,0,0,0,1,0,2
6,62162,1,1,0,0,0,1,1,107,0,22,8,2016,2,15,28,1,1,2,1,3,SR-99,,1,35.792,-119.252,0,31,0,1,19,1,0,4,1,1,0,1,0,0,99,99,99,99,88,88,0,0,0,1,1,2
6,62163,1,1,0,0,0,1,1,37,1980,28,8,2016,1,3,5,1,2,1,1,1,I-5,,343,34.226,-118.375,0,25,0,1,19,1,0,4,3,1,0,1,0,0,99,99,99,99,99,99,0,0,0,1,0,1
6,62164,1,1,0,0,0,3,3,37,0,31,7,2016,1,0,0,0,1,2,1,3,SR-2,,399,34.266,-118.084,0,35,0,0,1,1,0,4,2,1,0,1,0,0,99,99,99,99,88,88,0,0,0,3,0,2
6,62166,1,1,0,0,0,2,2,19,0,23,9,2016,6,13,30,0,1,2,1,3,SR-198,,58,36.123,-120.595,0,35,0,0,1,1,0,4,1,1,0,1,0,0,99,99,99,99,99,99,0,0,0,1,0,1
6,62168,2,2,0,0,0,2,2,61,0,13,10,2016,5,21,5,1,1,1,1,1,I-80,,350,39.122,-120.941,0,12,2,0,1,1,0,1,2,10,0,10,0,0,99,99,99,99,99,99,0,0,0,1,0,0
6,62169,2,2,0,0,0,2,2,29,0,27,11,2016,1,1,17,1,1,2,1,3,SR-46,,347,35.616,-119.615,0,12,2,0,1,1,0,1,2,10,0,10,0,0,99,99,99,99,99,99,0,0,0,1,0,1
6,62170,1,1,0,0,0,2,2,31,0,14,11,2016,2,23,26,1,1,2,1,3,SR-41,,31,35.836,-120.089,0,1,0,0,1,1,0,1,2,1,0,1,0,0,99,99,99,99,99,99,0,0,0,1,1,1
6,62179,1,1,0,0,0,1,1,89,0,14,10,2016,6,0,0,1,1,2,1,3,SR-44,DERSCH RD,190,40.514,-122.031,0,38,0,0,3,3,0,4,3,2,6,2,0,0,99,99,99,99,88,88,0,0,0,1,0,2
6,62181,3,3,0,0,0,3,3,37,1980,10,10,2016,2,18,33,1,2,1,1,1,I-5,,387,34.259,-118.437,0,1,0,0,1,1,0,1,2,1,0,1,0,0,99,99,99,99,88,88,14,28,0,1,0,1
6,62182,3,3,0,0,0,6,6,73,0,21,11,2016,2,13,8,0,1,2,1,3,SR-67,,175,32.999,-116.961,0,12,6,0,1,1,0,1,1,10,0,10,0,0,99,99,99,99,99,99,14,0,0,1,0,2
6,62183,1,1,0,0,0,4,4,21,0,13,11,2016,1,16,45,0,1,2,1,3,SR-162,,697,39.524,-122.134,0,1,0,0,1,1,0,4,1,1,0,1,0,0,99,99,99,99,99,99,0,0,0,2,0,2
6,62186,2,2,0,1,1,1,1,37,1980,22,10,2016,7,22,5,1,2,1,1,1,I-5,,366,34.236,-118.413,0,12,2,0,1,1,0,1,2,1,0,1,0,0,99,99,99,99,88,88,23,0,0,1,0,1
6,62187,1,1,0,0,0,2,2,35,0,10,12,2016,7,14,10,0,1,2,1,3,SR-36,,51,40.316,-120.977,0,42,0,0,1,1,0,4,1,2,10,2,0,0,99,99,99,99,88,88,0,0,0,1,0,1
6,62189,2,2,0,0,0,4,4,47,0,6,12,2016,3,16,24,1,1,2,1,3,SR-152,,129,37.057,-121.023,0,12,6,0,1,1,0,1,1,1,0,1,0,0,99,99,99,99,99,99,0,0,0,1,0,1
6,62193,2,2,0,0,0,2,2,37,1980,22,11,2016,3,19,56,1,2,2,1,3,SR-118,,83,34.275,-118.494,0,12,6,0,1,1,0,1,2,1,0,1,0,0,99,99,99,99,99,99,27,0,0,1,0,2
6,62196,1,1,0,0,0,2,2,97,0,9,10,2016,1,1,50,0,1,3,1,3,SR-1,,65,38.335,-122.99,0,42,0,0,1,1,0,4,2,1,0,1,0,0,99,99,99,99,99,99,0,0,0,1,0,1
6,62197,1,1,0,1,1,1,1,107,0,13,12,2016,3,6,13,0,2,2,1,3,SR-163,MILLER AVE,240,36.546,-119.287,0,8,0,0,2,2,0,1,2,1,0,1,0,0,99,99,99,99,88,88,0,0,0,1,0,2
6,62198,1,1,0,0,0,1,1,37,0,5,11,2016,7,18,47,1,1,3,2,3,SR-138,,59,34.77,-118.703,0,32,0,0,1,1,0,4,2,1,0,1,0,0,99,99,99,99,88,88,0,0,0,1,0,1
6,62200,3,3,0,0,0,6,6,37,1980,5,11,2016,7,18,37,1,2,2,2,3,SR-110,,247,34.07,-118.235,0,12,1,0,1,1,0,2,3,1,0,1,0,0,99,99,99,99,99,99,0,0,0,1,1,2
6,62201,2,2,0,0,0,2,2,111,4027,16,10,2016,1,13,40,1,2,2,1,3,SR-126,,9,34.27,-119.221,0,1,0,0,1,1,0,1,1,1,0,1,0,0,99,99,99,99,88,88,14,0,0,1,1,2
6,62202,1,1,0,0,0,3,3,99,0,21,10,2016,6,21,40,1,2,2,1,3,SR-99,,178,37.658,-121.026,0,35,0,0,1,1,0,4,2,1,0,1,0,0,99,99,99,99,99,99,0,0,0,1,0,2
6,62204,2,2,0,0,0,3,3,67,0,8,12,2016,5,5,10,1,1,1,1,1,I-5,,143,38.46,-121.495,0,12,6,0,1,1,0,1,2,2,5,2,0,0,99,99,99,99,88,88,19,0,0,1,0,1
6,62205,2,2,0,0,0,3,3,29,9999,7,11,2016,2,15,10,0,1,2,1,3,SR-43,SEVENTH STANDARD RD,122,35.442,-119.252,0,12,6,0,2,98,0,1,1,1,0,1,0,0,99,99,99,99,99,99,0,0,0,1,1,2
6,62215,2,2,0,0,0,2,2,101,0,19,12,2016,2,4,37,1,1,1,1,1,SR-20,,70,39.149,-121.791,0,12,2,0,1,1,0,1,2,1,0,1,0,0,99,99,99,99,99,99,0,0,0,1,0,2
6,62217,1,1,0,0,0,1,1,87,0,14,10,2016,6,17,32,0,2,3,1,3,SR-9,,172,37.181,-122.141,0,42,0,0,1,1,0,4,5,2,0,2,0,0,99,99,99,99,88,88,0,0,0,1,0,2
6,62218,2,1,1,1,1,1,1,1,2480,8,12,2016,5,18,24,1,2,1,1,1,I-880,,322,37.802,-122.284,0,8,0,0,1,1,0,3,3,10,2,2,0,0,99,99,99,99,99,99,14,23,0,1,0,2
6,62220,2,2,0,0,0,2,2,111,0,8,10,2016,7,19,50,0,1,3,1,3,SR-33,CREEK RD,0,34.386,-119.302,0,12,6,0,2,3,0,1,2,1,0,1,0,0,99,99,99,99,99,99,0,0,0,1,0,1
6,62221,1,1,0,0,0,2,2,111,9999,29,10,2016,7,14,45,0,1,2,1,3,SR-150,,20,34.393,-119.425,0,24,0,0,1,1,0,4,1,10,0,10,0,0,99,99,99,99,99,99,0,0,0,1,0,0
6,62223,1,1,0,0,0,1,1,71,0,19,12,2016,2,23,58,1,1,1,1,2,US-395,,231,34.68,-117.446,0,1,0,0,1,1,0,4,2,1,0,1,0,0,99,99,99,99,88,88,0,0,0,1,0,0
6,62227,1,1,0,0,0,1,1,111,0,11,12,2016,1,16,36,0,1,2,1,3,SR-1,,22,34.061,-118.979,0,58,0,0,1,1,0,4,5,10,0,10,0,0,99,99,99,99,88,88,0,0,0,1,0,1
6,62229,2,2,0,1,1,1,1,71,3210,29,10,2016,7,2,22,1,2,2,1,3,SR-210,,248,34.145,-117.268,0,24,0,0,1,1,0,3,3,1,0,1,0,0,99,99,99,99,99,98,19,23,0,1,0,2
6,62230,4,4,0,0,0,9,9,39,0,14,12,2016,4,14,50,1,1,2,1,3,SR-41,,137,37.069,-119.766,0,12,8,0,1,1,0,1,1,1,0,1,0,0,14,52,99,99,99,99,0,0,0,1,0,1
6,62231,1,1,0,0,0,1,1,33,0,1,10,2016,7,11,5,0,1,2,1,3,SR-20,,153,39.112,-122.819,0,59,0,0,1,1,0,4,1,1,0,1,0,0,99,99,99,99,88,88,0,0,0,1,0,2
6,62233,2,2,0,0,0,3,3,67,0,28,8,2016,1,22,50,1,1,2,1,3,SR-99,,341,38.692,-121.54,0,12,2,0,1,1,0,1,2,1,0,1,0,0,99,99,99,99,99,99,0,0,0,2,1,2
6,62234,2,2,0,0,0,2,2,39,9999,30,11,2016,4,2,6,1,1,2,1,3,SR-99,,226,37.084,-120.209,0,12,2,0,1,1,0,1,2,1,0,1,0,0,99,99,99,99,88,88,0,0,0,1,1,2
6,62235,2,2,0,0,0,3,3,37,0,25,9,2016,1,18,35,1,2,1,1,1,I-10,,399,34.068,-117.85,0,12,1,0,1,1,1,1,5,1,0,1,0,0,99,99,99,99,99,99,0,0,0,1,0,1
6,62236,1,1,0,1,1,1,1,37,2870,23,11,2016,4,2,35,1,2,1,1,1,I-10,,419,34.064,-117.815,0,8,0,0,1,1,1,1,2,10,0,10,0,0,99,99,99,99,88,88,0,0,0,1,0,1
6,62240,4,4,0,0,0,8,8,19,0,27,12,2016,3,12,49,1,1,1,1,1,I-5,,595,36.771,-120.719,0,12,1,0,1,1,0,1,1,1,0,1,0,0,99,99,99,99,88,88,27,0,0,1,0,1
6,62242,1,1,0,0,0,1,1,81,3390,16,12,2016,6,99,99,1,2,2,1,2,US-101,,122,37.553,-122.294,0,25,0,0,5,1,0,4,3,1,0,1,0,0,99,99,99,99,88,88,0,0,0,1,1,1
6,62244,1,1,0,0,0,2,2,93,0,30,10,2016,1,8,20,1,1,1,1,1,I-5,,402,41.659,-122.569,0,24,0,0,1,1,0,3,1,10,2,2,0,0,99,99,99,99,99,99,0,0,0,1,0,1
6,62245,1,1,0,0,0,1,1,33,1800,31,10,2016,2,0,0,1,2,2,1,3,SR-29,,417,39.035,-122.925,0,1,0,1,19,1,0,4,2,2,0,2,0,0,99,99,99,99,88,88,0,0,0,1,1,2
6,62246,1,1,0,0,0,2,2,47,0,7,5,2016,7,11,49,1,2,2,1,3,SR-99,,117,37.275,-120.437,0,21,0,0,1,1,0,4,1,10,0,10,0,0,99,99,99,99,99,99,0,0,0,1,0,2
6,62247,2,1,1,0,1,1,2,107,4050,13,11,2016,1,0,15,1,2,2,1,3,SR-198,,118,36.328,-119.261,0,14,0,1,19,1,0,4,2,1,0,1,0,0,99,99,99,99,99,99,0,0,0,1,1,1
6,62248,2,2,0,0,0,2,2,37,0,24,8,2016,4,5,25,1,1,2,1,3,SR-126,,2,34.407,-118.688,0,12,1,0,1,1,0,1,2,1,0,1,0,0,99,99,99,99,88,88,14,0,0,1,0,2
6,62250,4,4,0,0,0,5,5,59,3250,17,12,2016,7,13,14,1,1,1,1,1,I-5,,135,33.553,-117.673,0,54,11,0,1,1,0,1,1,1,0,1,0,0,99,99,99,99,99,99,14,0,0,1,0,1
6,62251,1,1,0,1,1,2,2,87,0,7,8,2016,1,21,25,0,1,2,1,3,SR-1,,296,37.019,-122.206,0,8,0,0,1,1,0,1,2,10,0,10,0,0,99,99,99,99,88,88,0,0,0,1,0,1
6,62257,2,2,0,0,0,5,5,63,0,24,12,2016,7,12,22,0,1,4,1,3,SR-70,,360,40.022,-120.962,0,12,2,0,1,1,0,1,1,10,0,10,0,0,99,99,99,99,99,99,0,0,0,1,0,1
6,62261,2,2,0,0,0,2,2,99,0,28,12,2016,4,23,35,0,1,2,1,3,SR-33,,251,37.608,-121.263,0,12,2,0,1,1,0,1,2,1,0,1,0,0,99,99,99,99,88,88,0,0,0,1,1,1
6,62262,3,3,0,0,0,5,5,37,1110,6,10,2016,5,17,30,1,2,1,1,1,I-10,,282,34.072,-118.051,0,12,7,0,1,1,0,1,1,1,0,1,0,0,99,99,99,99,99,99,0,0,0,1,0,1
6,62264,2,2,0,0,0,3,3,71,0,22,12,2016,5,12,38,1,1,1,1,2,US-95,,620,34.932,-114.794,0,12,2,0,1,1,0,2,1,2,0,2,0,0,99,99,99,99,88,88,0,0,0,3,0,0
6,62265,1,1,0,0,0,1,1,67,3150,17,12,2016,7,17,24,1,2,1,1,1,I-5,,289,38.654,-121.532,0,38,0,0,1,1,0,4,3,1,0,1,0,0,99,99,99,99,88,88,0,0,0,1,0,1
6,62266,2,2,0,0,0,3,3,33,9999,8,11,2016,3,12,17,9,8,98,98,9,SR-20,,99999,38.989,-122.542,9,12,2,0,1,1,0,1,1,1,0,1,0,0,99,99,99,99,99,99,0,0,0,1,0,2
6,62267,1,1,0,1,1,1,1,33,9999,12,11,2016,7,17,20,0,1,2,1,3,SR-20,POMO WAY,112,39.142,-122.883,0,8,0,0,2,3,0,1,5,10,0,10,0,0,99,99,99,99,88,88,0,0,0,1,0,2
6,62269,2,1,1,2,2,2,2,107,0,1,7,2016,6,9,28,1,1,2,1,3,SR-198,,176,36.326,-119.156,0,14,0,0,1,1,0,2,1,1,0,1,0,0,99,99,99,99,99,99,15,0,0,1,0,1
6,62271,2,2,0,1,1,1,1,37,804,6,7,2016,4,4,28,1,2,1,1,1,I-5,,110,33.988,-118.138,0,8,0,0,1,1,0,1,3,10,0,10,0,0,99,99,99,99,88,88,14,23,0,1,0,1
6,62278,2,1,1,0,0,1,1,13,975,19,12,2016,2,3,24,1,2,1,1,1,I-680,,90,37.837,-122.013,0,14,0,0,1,1,0,2,3,1,0,1,0,0,99,99,99,99,99,99,0,0,0,1,0,1
6,62279,1,1,0,0,0,2,2,37,0,23,12,2016,6,3,40,1,2,2,1,3,SR-60,,50,34.033,-118.145,0,24,0,0,1,1,0,4,2,10,0,10,0,0,99,99,99,99,99,99,0,0,0,1,1,2
6,62282,2,2,0,0,0,2,2,59,3960,13,12,2016,3,22,33,1,2,2,1,3,SR-55,,118,33.761,-117.831,0,12,7,0,1,1,0,1,3,1,0,1,0,0,99,99,99,99,99,99,0,0,0,1,0,2
6,62287,4,4,0,0,0,5,5,65,0,11,5,2016,4,11,12,1,1,1,1,1,I-10,,203,33.921,-116.758,0,12,1,0,1,1,0,1,1,1,0,1,0,0,99,99,99,99,99,99,0,0,0,1,0,1
6,62288,2,2,0,0,0,3,3,61,0,15,12,2016,5,13,15,0,1,2,1,3,SR-49,,81,38.966,-121.104,0,12,6,0,1,1,0,1,1,2,10,2,0,0,99,99,99,99,88,88,0,0,0,2,0,1
6,62290,1,1,0,1,1,1,1,73,3260,9,10,2016,1,3,19,1,2,1,1,1,I-8,,85,32.779,-117.063,0,8,0,0,1,1,0,1,2,1,0,1,0,0,99,99,99,99,88,88,0,0,0,1,0,0
6,62292,2,2,0,0,0,2,2,111,0,23,9,2016,6,23,24,1,1,2,1,2,US-101,,321,34.286,-119.324,0,12,2,0,1,1,0,1,2,1,0,1,0,0,99,99,99,99,99,99,0,0,0,1,0,0
6,62296,1,1,0,0,0,2,2,53,9999,5,11,2016,7,5,10,1,1,1,1,2,US-101,,730,36.525,-121.467,0,52,0,0,1,1,1,4,2,1,0,1,0,0,99,99,99,99,99,99,0,0,0,2,1,1
6,62299,1,1,0,0,0,2,2,19,0,16,12,2016,6,5,10,1,1,1,1,1,I-5,,215,36.349,-120.316,0,33,0,0,1,1,0,4,2,6,0,6,0,0,99,99,99,99,99,99,0,0,0,1,0,1
6,62300,2,2,0,0,0,4,4,19,9999,4,12,2016,1,20,30,0,1,2,1,3,SR-180,,266,36.733,-120.341,0,12,2,0,1,1,0,1,2,10,0,10,0,0,99,99,99,99,99,99,0,0,0,1,1,1
6,62301,2,2,0,0,0,2,2,87,0,26,10,2016,4,18,30,0,1,2,1,3,SR-1,,358,37.088,-122.273,0,12,2,0,1,1,0,1,2,1,0,1,0,0,99,99,99,99,88,88,0,0,0,1,1,1
6,62302,2,2,0,0,0,2,2,37,0,17,11,2016,5,20,45,1,1,3,1,3,SR-2,,273,34.23,-118.182,0,12,2,0,1,1,0,1,2,10,0,10,0,0,99,99,99,99,99,99,0,0,0,1,0,2
6,62305,1,1,0,0,0,2,2,37,1980,5,3,2016,7,4,0,1,2,2,1,3,SR-170,,182,34.2,-118.403,0,33,0,0,1,1,0,4,2,10,0,10,0,0,99,99,99,99,99,99,0,0,0,1,0,2
6,62306,3,3,0,0,0,3,3,83,600,28,9,2016,4,7,38,1,2,2,1,2,US-101,,43,34.404,-119.528,0,12,7,0,1,1,0,1,1,1,0,1,0,0,99,99,99,99,88,88,0,0,0,1,0,0
6,62312,1,1,0,0,0,1,1,37,1980,19,7,2016,3,2,45,1,2,1,1,1,I-5,,440,34.314,-118.488,0,33,0,0,1,1,0,4,3,1,0,1,0,0,99,99,99,99,88,88,0,0,0,1,0,1
6,62315,2,2,0,0,0,6,6,25,0,21,12,2016,4,18,12,0,8,98,98,3,SR-86,SR-78,92,32.999,-115.589,0,12,6,0,2,2,0,1,2,2,0,2,0,0,99,99,99,99,99,99,0,0,0,1,0,1
6,62316,2,2,0,0,0,4,4,111,0,5,7,2016,3,0,43,1,1,2,1,3,SR-126,,259,34.401,-118.837,0,12,7,0,1,1,0,1,2,1,0,1,0,0,99,99,99,99,88,88,0,0,0,1,0,2
6,62322,2,1,1,0,4,1,5,13,3412,9,9,2016,6,18,20,1,2,1,1,1,I-680,,13,37.737,-121.95,0,14,0,0,1,1,0,2,1,1,0,1,0,0,99,99,99,99,99,99,23,0,0,1,0,1
6,62325,1,1,0,0,0,1,1,85,0,7,9,2016,4,13,14,1,2,2,1,2,US-101,,303,37.284,-121.81,0,38,0,0,1,1,0,4,1,1,0,1,0,0,99,99,99,99,88,88,0,0,0,1,0,0
6,62328,1,1,0,1,1,1,1,81,3390,11,4,2016,2,1,37,0,2,3,1,3,SR-35,,253,37.629,-122.452,0,8,0,0,1,1,0,1,3,1,0,1,0,0,99,99,99,99,88,88,0,0,0,1,0,1
6,62330,1,1,0,0,0,4,4,65,0,20,10,2016,5,5,40,1,1,1,1,1,I-10,,911,33.67,-115.635,0,43,0,0,1,1,1,4,2,1,0,1,0,0,99,99,99,99,99,99,0,0,0,1,0,1
6,62331,2,2,0,0,0,4,4,21,9999,26,10,2016,4,13,0,0,1,1,1,3,SR-162,,730,39.522,-122.081,0,12,2,0,1,1,0,1,1,1,0,1,0,0,99,99,99,99,88,88,0,0,0,3,0,2
6,62332,1,1,0,0,0,1,1,111,0,18,9,2016,1,19,20,0,1,3,1,3,SR-23,,152,34.311,-118.879,0,11,0,0,1,1,0,1,2,1,0,1,0,0,99,99,99,99,99,99,0,0,0,1,0,0
6,62333,2,2,0,0,0,2,2,109,0,14,10,2016,6,19,33,0,1,2,1,3,SR-132,,42,37.679,-120.359,0,12,6,0,1,1,0,1,2,2,0,2,0,0,99,99,99,99,99,99,0,0,0,1,1,1
6,62336,1,1,0,0,0,1,1,37,0,10,12,2016,7,1,14,1,1,2,1,3,SR-14,,429,34.487,-118.287,0,33,0,0,1,1,0,4,2,1,0,1,0,0,99,99,99,99,88,88,0,0,0,1,0,2
6,62337,2,2,0,0,0,3,3,65,0,17,11,2016,5,4,3,1,8,98,98,1,I-10,,900,33.667,-115.661,0,12,6,0,1,1,0,1,2,6,0,6,0,0,99,99,99,99,88,88,14,0,0,1,0,1
6,62338,1,1,0,1,1,1,1,1,2480,8,11,2016,3,2,30,1,2,2,1,1,I-880,,272,37.762,-122.216,0,8,0,0,1,1,0,1,3,1,0,1,0,0,99,99,99,99,88,88,0,0,0,1,0,2
6,62339,2,2,0,0,0,3,3,47,0,23,12,2016,6,16,44,1,2,2,1,3,SR-99,,40,37.191,-120.334,0,12,6,0,1,1,0,1,2,10,2,2,0,0,99,99,99,99,99,99,0,0,0,1,0,2
6,62340,1,1,0,1,1,1,1,73,3260,30,10,2016,1,21,45,1,8,98,98,1,I-8,,99999,32.767,-117.148,9,8,0,0,1,1,0,1,2,1,0,1,0,0,99,99,99,99,88,88,0,0,0,1,0,0
6,62341,3,3,0,2,2,3,3,67,0,5,11,2016,7,22,45,1,1,1,1,1,I-80,,114,38.651,-121.371,0,12,7,0,1,1,0,1,2,1,0,1,0,0,99,99,99,99,99,99,23,0,0,1,0,0
6,62346,1,1,0,0,0,1,1,71,0,30,12,2016,6,6,20,1,1,1,1,1,I-15,,1329,35.22,-116.11,0,52,0,0,1,1,0,4,2,10,0,10,0,0,99,99,99,99,88,88,0,0,0,1,0,1