STATE,ST_CASE,VE_TOTAL,VE_FORMS,PVH_INVL,PEDS,PERNOTMVIT,PERMVIT,PERSONS,COUNTY,CITY,DAY,MONTH,YEAR,DAY_WEEK,HOUR,MINUTE,NHS,RUR_URB,FUNC_SYS,RD_OWNER,ROUTE,TWAY_ID,TWAY_ID2,MILEPT,LATITUDE,LONGITUD,SP_JUR,HARM_EV,MAN_COLL,RELJCT1,RELJCT2,TYP_INT,WRK_ZONE,REL_ROAD,LGT_COND,WEATHER1,WEATHER2,WEATHER,SCH_BUS,RAIL,NOT_HOUR,NOT_MIN,ARR_HOUR,ARR_MIN,HOSP_HR,HOSP_MN,CF1,CF2,CF3,FATALS,DRUNK_DR,RANK
6,62350,1,1,0,0,0,1,1,71,790,24,11,2016,5,3,3,1,2,1,1,1,I-10,,213,34.069,-117.347,0,42,0,0,1,1,0,4,2,1,0,1,0,0,99,99,99,99,88,88,0,0,0,1,0,1
6,62351,2,2,0,0,0,3,3,107,9999,1,12,2016,5,17,20,1,8,98,98,3,SR-65,AVENUE 237,321,36.22,-119.136,0,12,6,0,2,3,0,1,2,1,0,1,0,0,99,99,99,99,99,99,0,0,0,1,0,0
6,62352,1,1,0,0,0,1,1,85,9999,29,11,2016,3,0,45,1,1,1,1,2,US-101,,20,36.943,-121.553,0,32,0,0,1,1,0,4,2,1,0,1,0,0,99,99,99,99,88,88,0,0,0,1,1,1
6,62353,2,2,0,1,1,1,1,13,1779,26,11,2016,7,23,12,1,2,1,1,3,SR-4,,90,77.778,777.778,0,12,6,0,1,1,0,1,3,10,2,2,0,0,99,99,99,99,99,99,19,0,0,1,0,2
6,62355,2,2,0,0,0,3,3,71,9999,26,11,2016,7,6,50,1,8,98,98,3,SR-58,,120,34.963,-117.445,0,12,2,0,1,1,0,4,1,1,0,1,0,0,99,99,99,99,99,99,0,0,0,1,0,1
6,62356,1,1,0,1,1,1,1,37,3870,1,3,2016,3,2,15,0,2,3,1,3,SR-1,,170,33.815,-118.366,0,8,0,0,1,1,0,1,3,1,0,1,0,0,99,99,99,99,99,99,0,0,0,1,0,1
6,62362,3,3,0,0,0,4,4,37,1980,2,9,2016,6,22,56,1,2,1,1,1,I-10,,71,34.03,-118.405,0,12,1,0,1,1,0,1,3,1,0,1,0,0,99,99,99,99,99,99,0,0,0,1,1,1
6,62363,2,2,0,0,0,2,2,73,1820,11,12,2016,1,20,10,1,2,2,1,3,SR-94,,105,32.754,-117.011,0,12,7,0,1,1,0,1,2,1,0,1,0,0,99,99,99,99,88,88,0,0,0,1,0,2
6,62364,2,2,0,0,0,5,5,73,0,23,12,2016,6,17,10,0,8,98,98,3,SR-94,,370,32.595,-116.671,0,12,11,0,1,1,0,1,2,10,0,10,0,0,99,99,99,99,99,99,0,0,0,1,0,2
6,62365,2,2,0,0,0,3,3,85,3520,18,4,2016,2,14,10,0,1,4,1,3,SR-9,FRUITVALE AVE,90,37.246,-122.014,0,12,1,0,3,2,0,1,1,1,0,1,0,0,99,99,99,99,99,99,0,0,0,1,0,2
6,62371,2,2,0,0,0,3,3,93,9999,3,12,2016,7,18,42,1,1,1,1,1,I-5,,589,41.866,-122.565,0,12,2,0,1,1,0,1,2,1,0,1,0,0,99,99,99,99,99,99,0,0,0,1,1,1
6,62380,2,2,0,0,0,3,3,47,9999,9,12,2016,6,17,15,1,1,2,1,3,SR-152,,131,37.079,-121.088,0,12,11,0,1,1,0,1,2,1,0,1,0,0,99,99,99,99,99,99,0,0,0,1,0,1
6,62381,3,3,0,0,0,3,3,37,1980,10,4,2016,1,2,42,1,2,2,1,2,US-101,,144,34.157,-118.422,0,25,0,0,1,1,0,3,2,10,0,10,0,0,99,99,99,99,99,99,0,0,0,1,2,1
6,62384,2,2,0,0,0,3,3,71,0,1,11,2016,3,12,50,1,1,2,1,2,US-95,,730,35.069,-114.828,0,1,0,0,1,1,0,1,1,1,0,1,0,0,99,99,99,99,88,88,14,0,0,1,0,0
6,62389,2,2,0,0,0,2,2,59,80,3,10,2016,2,4,25,1,2,2,1,3,SR-91,,182,33.871,-117.684,0,25,0,0,1,1,0,4,2,1,0,1,0,0,99,99,99,99,88,88,0,0,0,1,0,2
6,62394,2,2,0,0,0,2,2,73,0,4,11,2016,6,22,11,1,2,1,1,1,I-5,,234,32.806,-117.215,0,12,2,0,1,1,0,1,2,10,5,5,0,0,99,99,99,99,99,99,0,0,0,1,1,1
6,62395,1,1,0,0,0,1,1,109,0,13,11,2016,1,7,47,1,1,1,1,3,SR-108,,90,38.008,-120.259,0,1,0,0,1,1,0,3,1,1,0,1,0,0,99,99,99,99,88,88,0,0,0,1,0,1
6,62396,1,1,0,1,1,2,2,73,3260,10,12,2016,7,23,15,1,2,1,1,1,I-15,,67,32.787,-117.114,0,8,0,1,5,1,0,1,3,10,0,10,0,0,99,99,99,99,99,99,0,0,0,1,1,1
6,62397,2,2,0,0,0,2,2,13,0,11,11,2016,6,6,0,1,2,2,1,3,SR-4,,35,38.008,-122.209,0,12,7,0,1,1,0,1,2,1,0,1,0,0,99,99,99,99,88,88,0,0,0,1,0,2
6,62398,2,2,0,1,1,4,4,81,0,14,11,2016,2,1,0,1,2,1,1,2,US-101,,197,37.631,-122.4,0,8,0,0,1,1,0,1,2,1,0,1,0,0,99,99,99,99,88,88,0,0,0,1,0,0
6,62400,2,2,0,0,0,2,2,59,880,6,11,2016,1,20,12,1,2,1,1,3,SR-55,,30,33.652,-117.908,0,12,1,0,1,1,0,1,3,1,0,1,0,0,99,99,99,99,88,88,0,0,0,1,0,2
6,62401,1,1,0,0,0,2,2,77,0,19,11,2016,7,17,4,0,1,2,1,3,SR-26,,158,38.06,-121.008,0,42,0,0,1,1,0,4,5,2,0,2,0,0,99,99,99,99,88,88,0,0,0,2,0,1
6,62404,2,2,0,0,0,2,2,85,2311,28,12,2016,4,15,59,1,2,4,1,2,US-101,,500,37.421,-122.093,0,12,1,0,1,1,0,1,1,1,0,1,0,0,99,99,99,99,88,88,0,0,0,1,0,0
6,62405,1,1,0,0,0,2,2,61,0,9,9,2016,6,14,40,1,1,1,1,1,I-80,,219,38.954,-121.038,0,24,0,0,1,1,0,4,1,1,0,1,0,0,99,99,99,99,99,99,0,0,0,1,0,0
6,62406,1,1,0,0,0,4,4,17,0,28,12,2016,4,0,1,1,1,2,1,2,US-50,,415,38.775,-120.419,0,17,0,0,1,1,0,4,2,1,0,1,0,0,99,99,99,99,99,99,0,0,0,1,0,2
6,62408,1,1,0,1,1,1,1,85,3340,1,10,2016,7,1,36,1,2,2,1,2,US-101,,332,37.321,-121.834,0,8,0,0,1,1,0,1,3,1,0,1,0,0,99,99,99,99,88,88,0,0,0,1,0,0
6,62436,2,2,0,0,0,4,4,59,80,14,8,2016,1,7,14,9,8,98,98,3,SR-91,,99999,33.854,-117.908,9,12,1,0,1,1,0,1,1,1,0,1,0,0,99,99,99,99,99,99,23,0,0,1,0,2
6,62438,1,1,0,0,0,1,1,71,0,30,12,2016,6,6,50,1,1,1,1,1,I-40,,1373,34.885,-116.677,0,1,0,0,1,1,0,4,1,10,0,10,0,0,88,88,88,88,88,88,0,0,0,1,0,1
6,62446,2,2,0,0,0,5,5,35,0,18,12,2016,1,2,18,1,1,2,1,2,US-395,,76,39.818,-120.035,0,12,2,0,1,1,0,1,2,1,0,1,0,0,99,99,99,99,99,99,0,0,0,4,1,0
6,62447,1,1,0,0,0,2,2,37,0,15,11,2016,3,0,45,1,1,1,1,1,I-5,,610,34.514,-118.637,0,1,0,0,1,1,0,4,2,1,0,1,0,0,99,99,99,99,99,99,0,0,0,1,0,1
6,62448,1,1,0,1,1,1,1,99,0,10,11,2016,5,4,45,0,1,2,1,3,SR-132,,421,37.634,-120.518,0,8,0,0,1,1,0,1,2,1,0,1,0,0,99,99,99,99,88,88,0,0,0,1,0,1
6,62450,2,2,0,0,0,2,2,71,681,13,11,2016,1,1,22,1,2,2,1,3,SR-71,,18,34.001,-117.724,0,12,1,0,1,1,0,1,2,10,0,10,0,0,88,88,88,88,88,88,0,0,0,1,1,2
6,62451,2,2,0,1,1,2,2,37,2260,2,11,2016,4,22,54,1,2,2,1,3,SR-60,,46,34.034,-118.147,0,8,0,0,1,1,0,1,3,1,0,1,0,0,99,99,99,99,88,88,0,0,0,1,0,2
6,62453,1,1,0,1,1,1,1,45,0,30,9,2016,6,13,37,1,1,2,1,2,US-101,,104,38.963,-123.114,0,9,0,0,1,1,0,2,1,1,0,1,0,0,99,99,99,99,99,99,0,0,0,1,0,0
6,62455,4,4,0,0,0,4,4,37,1980,6,10,2016,5,13,20,1,2,1,1,1,I-5,,233,34.109,-118.261,0,12,7,0,1,1,0,1,1,1,0,1,0,0,99,99,99,99,99,96,14,28,0,1,0,1
6,62456,2,2,0,0,0,6,6,71,0,21,12,2016,4,11,25,1,1,1,1,1,I-15,,1530,35.391,-115.837,0,12,7,0,1,1,0,1,1,10,0,10,0,0,99,99,99,99,99,99,0,0,0,1,0,1
6,62459,3,3,0,0,0,3,3,73,3260,2,11,2016,4,10,45,1,2,1,1,1,I-8,,49,32.775,-117.124,0,12,1,0,1,1,0,1,1,1,0,1,0,0,99,99,99,99,99,99,0,0,0,1,0,0
6,62480,2,2,0,0,0,2,2,59,3558,9,4,2016,7,14,10,1,2,1,1,1,I-405,,235,33.776,-118.089,0,12,7,1,18,1,0,1,1,10,0,10,0,0,99,99,99,99,99,99,0,0,0,1,0,2
6,62484,2,2,0,0,0,2,2,5,1710,25,7,2016,2,8,4,0,2,3,1,3,SR-104,,51,38.353,-120.933,0,12,2,0,1,1,0,1,1,1,0,1,0,0,99,99,99,99,99,99,0,0,0,1,0,2
6,62495,1,1,0,2,2,1,1,37,1980,21,7,2016,5,7,10,0,2,3,4,6,BROADWAY,59TH PL,0,33.986,-118.278,0,8,0,0,2,2,0,1,1,1,0,1,0,0,99,99,99,99,99,99,0,0,0,1,0,2
6,62505,1,1,0,1,1,1,1,37,1980,1,9,2016,5,22,47,0,2,3,1,3,SR-1,TEMESCAL CANYON RD,381,34.036,-118.536,0,9,0,0,3,3,0,1,3,1,0,1,0,0,99,99,99,99,88,88,0,0,0,1,0,1
6,62510,1,1,0,0,0,1,1,17,0,27,8,2016,7,23,45,0,1,3,1,3,SR-193,,116,38.904,-120.852,0,30,0,0,1,1,0,4,2,1,0,1,0,0,99,99,99,99,88,88,0,0,0,1,1,2
6,62511,1,1,0,0,0,2,2,59,80,22,10,2016,7,4,10,1,2,2,1,3,SR-57,,145,33.834,-117.876,0,24,0,0,1,1,0,4,3,1,0,1,0,0,99,99,99,99,99,99,0,0,0,1,1,2
6,62514,1,1,0,1,1,1,1,81,970,15,9,2016,5,20,53,0,2,3,4,3,SR-82,,0,37.707,-122.458,0,8,0,0,1,1,0,1,3,1,0,1,0,0,99,99,99,99,99,99,0,0,0,1,0,2
6,62529,1,1,0,1,1,1,1,37,1980,14,9,2016,4,5,30,0,2,5,4,6,WESTERN AVE,79TH ST,0,33.967,-118.309,0,8,0,0,3,2,0,1,3,1,0,1,0,0,99,99,99,99,88,88,0,0,0,1,0,2
6,62548,2,2,0,0,0,7,7,19,0,26,12,2016,2,10,52,1,1,1,1,1,I-5,,280,36.4,-120.362,0,12,6,0,1,1,0,1,1,1,0,1,0,0,99,99,99,99,99,99,0,0,0,1,0,1
6,62549,2,2,0,1,1,3,3,37,1980,3,12,2016,7,5,0,1,2,1,1,1,I-5,,380,34.252,-118.43,0,8,0,0,1,1,0,1,2,1,0,1,0,0,99,98,99,98,88,88,0,0,0,1,0,1
6,62550,1,1,0,0,0,1,1,97,0,21,11,2016,2,16,0,0,1,2,1,3,SR-1,,295,38.498,-123.206,0,1,0,0,1,1,0,4,1,1,0,1,0,0,99,99,99,99,88,88,0,0,0,1,0,1
6,62551,2,2,0,0,0,3,3,37,0,14,11,2016,2,18,23,1,1,2,1,3,SR-14,,718,34.745,-118.17,0,54,11,0,1,1,0,1,3,1,0,1,0,0,99,99,99,99,88,88,14,0,0,1,0,2
6,62552,3,3,0,0,0,4,4,111,0,22,11,2016,3,15,39,1,1,2,1,3,SR-126,,288,34.409,-118.788,0,12,7,0,1,1,0,1,1,1,0,1,0,0,99,99,99,99,99,99,0,0,0,1,0,2
6,62555,1,1,0,0,0,6,6,71,0,22,10,2016,7,22,48,1,1,1,1,1,I-15,,1013,34.997,-116.568,0,24,0,0,1,1,0,3,2,1,0,1,0,0,99,99,99,99,99,99,0,0,0,1,1,1
6,62570,2,2,0,0,0,3,3,73,1200,15,8,2016,2,7,30,1,2,1,1,1,I-15,,311,33.123,-117.104,0,12,7,0,1,1,0,1,1,1,0,1,0,0,99,99,99,99,99,99,0,0,0,1,0,1
6,62579,2,2,0,0,0,2,2,1,1560,31,7,2016,1,3,45,1,2,1,1,1,I-880,,178,37.659,-122.103,0,12,6,0,1,1,0,1,3,1,0,1,0,0,99,99,99,99,99,99,23,0,0,1,0,2
6,62580,7,7,0,1,1,11,11,1,3360,13,8,2016,7,23,25,1,8,98,98,1,I-880,,99999,37.697,-122.148,9,12,1,0,1,1,0,1,2,1,0,1,0,0,99,99,99,99,88,88,19,0,0,1,1,2
6,62582,1,1,0,1,1,2,2,59,1660,27,8,2016,7,2,30,0,1,3,1,3,SR-39,,50,33.72,-117.989,0,8,0,0,1,1,0,1,3,1,0,1,0,0,99,99,99,99,88,88,0,0,0,1,0,2
6,62596,1,1,0,0,0,1,1,37,0,15,9,2016,5,4,30,1,1,2,1,3,SR-91,,107,33.874,-118.209,0,38,0,0,1,1,0,4,2,1,0,1,0,0,99,99,99,99,88,88,0,0,0,1,0,2
6,62600,2,2,0,0,0,2,2,77,1190,20,8,2016,7,22,10,1,2,2,1,3,SR-120,BRENNAN RD,159,37.799,-121.015,0,12,6,0,2,2,0,1,2,1,0,1,0,0,99,99,99,99,88,88,0,0,0,1,0,1
6,62618,1,1,0,1,1,2,2,99,2200,21,9,2016,4,5,45,0,2,3,1,3,SR-108,,258,37.684,-120.994,0,8,0,0,1,1,0,1,3,1,0,1,0,0,99,99,99,99,99,99,0,0,0,1,0,1
6,62619,2,2,0,0,0,2,2,25,0,8,11,2016,3,5,40,0,1,2,1,3,SR-111,,301,33.091,-115.515,0,12,2,0,1,1,0,1,2,1,0,1,0,0,99,99,99,99,99,99,0,0,0,1,0,1
6,62620,2,2,0,0,0,2,2,5,0,1,10,2016,7,10,40,0,1,2,1,3,SR-16,,61,38.455,-120.923,0,12,2,0,1,1,0,1,1,1,0,1,0,0,99,99,99,99,88,88,0,0,0,1,0,2
6,62623,1,1,0,0,0,1,1,67,3150,16,10,2016,1,0,0,1,1,2,1,3,SR-99,,300,38.665,-121.539,0,42,0,0,1,1,0,4,2,2,0,2,0,0,99,99,99,99,88,88,0,0,0,1,1,2
6,62639,1,1,0,1,1,1,1,65,2650,6,10,2016,5,12,55,0,2,3,1,3,SR-111,VIA MIRALESTE,536,33.845,-116.541,0,8,0,0,3,2,0,1,1,1,0,1,0,0,99,99,99,99,99,99,0,0,0,1,0,1
6,62643,2,1,1,0,0,2,2,71,0,15,7,2016,6,2,9,1,1,1,1,1,I-15,,1283,35.181,-116.167,0,14,0,0,1,1,0,2,2,1,0,1,0,0,99,99,99,99,99,99,19,0,0,1,0,1
6,62648,2,1,1,0,0,5,5,37,1980,16,10,2016,1,1,10,0,2,3,4,6,WESTERN AVE,,0,33.726,-118.311,0,33,0,0,1,1,0,4,3,1,0,1,0,0,99,99,99,99,99,99,0,0,0,1,0,2
6,62654,1,1,0,1,1,1,1,37,1980,17,10,2016,2,6,15,0,2,4,4,6,BROADWAY,104TH STREET,0,33.942,-118.278,0,8,0,0,3,2,0,1,3,2,10,2,0,0,99,99,99,99,88,88,0,0,0,1,0,2
6,62655,1,1,0,0,0,1,1,37,1980,8,11,2016,3,20,15,0,2,3,4,6,WESTERN AVE,,0,33.73,-118.313,0,33,0,0,1,1,0,4,3,1,0,1,0,0,99,99,99,99,88,88,0,0,0,1,0,2
6,62670,1,1,0,1,1,1,1,7,660,7,12,2016,4,1,29,0,2,3,1,3,SR-32,,77,39.73,-121.857,0,8,0,0,1,1,0,6,3,1,0,1,0,0,99,99,99,99,88,88,0,0,0,1,1,2
6,62672,1,1,0,1,1,6,6,47,2150,20,8,2016,7,21,4,1,2,2,1,3,SR-99,,131,37.288,-120.456,0,8,0,0,1,1,0,1,3,1,0,1,0,0,99,99,99,99,88,88,0,0,0,1,0,2
6,62679,2,2,0,0,0,9,9,29,0,10,8,2016,4,4,55,1,1,2,1,3,SR-46,,452,35.601,-119.433,0,12,8,0,1,1,0,1,2,1,0,1,0,0,99,99,99,99,99,99,0,0,0,2,0,1
6,62681,3,2,1,0,0,3,3,107,4050,22,10,2016,7,18,7,0,2,3,1,3,SR-63,MURRAY,84,36.334,-119.293,0,12,6,0,2,2,0,1,1,1,0,1,0,0,99,99,99,99,99,99,14,0,0,1,0,2
6,62686,1,1,0,1,1,1,1,37,2870,31,10,2016,2,19,46,1,2,2,1,3,SR-71,,23,34.046,-117.774,0,8,0,0,1,1,0,1,3,1,0,1,0,0,99,99,99,99,99,99,0,0,0,1,0,2
6,62689,2,2,0,0,0,2,2,47,0,21,10,2016,6,18,0,0,1,3,2,3,SR-59,DICKENSON FERRY RD,131,37.274,-120.488,0,12,6,0,2,2,0,1,1,1,0,1,0,0,99,99,99,99,88,88,0,0,0,1,1,2
6,62690,1,1,0,1,1,1,1,37,2870,1,12,2016,5,23,10,1,2,1,1,1,I-10,,464,34.078,-117.741,0,8,0,0,1,1,0,1,2,1,0,1,0,0,99,99,99,99,88,88,0,0,0,1,0,1
6,62691,2,2,0,0,0,2,2,37,0,24,12,2016,7,19,41,0,1,2,1,3,SR-138,,735,34.465,-117.682,0,12,6,0,1,1,0,1,2,1,0,1,0,0,99,99,99,99,99,99,19,0,0,1,0,1
6,62693,1,1,0,0,0,1,1,29,0,21,12,2016,4,0,39,0,1,2,1,3,SR-99,,100,35.157,-119,0,38,0,0,1,1,0,4,2,1,0,1,0,0,99,99,99,99,88,88,0,0,0,1,0,2
6,62695,2,2,0,0,0,2,2,73,2340,28,11,2016,2,21,15,1,2,1,1,1,I-5,,94,32.65,-117.104,0,12,1,0,1,1,0,1,3,10,0,10,0,0,99,99,99,99,99,99,23,0,0,1,0,1
6,62697,2,2,0,1,1,6,6,37,1980,1,10,2016,7,0,9,0,2,3,4,6,WESTERN AVE,CAMBRIDGE ST,0,34.044,-118.309,0,8,0,0,2,3,0,1,3,1,0,1,0,0,99,99,99,99,88,88,0,0,0,1,0,2
6,62704,2,2,0,0,0,2,2,107,3920,3,11,2016,5,11,52,0,2,2,4,3,SR-137,DAYTON,170,36.211,-119.328,0,12,2,0,2,2,0,1,1,1,0,1,0,0,99,99,99,99,99,99,0,0,0,1,0,1
6,62714,2,1,1,1,1,1,1,1,2480,27,11,2016,1,2,30,1,2,1,1,1,I-880,,319,37.8,-122.28,0,8,0,0,1,1,0,2,2,2,10,2,0,0,99,99,99,99,88,88,5,23,19,1,0,2
6,62738,2,2,0,0,0,6,6,73,3260,10,9,2016,7,1,47,1,2,1,1,1,I-15,,173,32.937,-117.112,0,12,1,0,1,1,0,1,3,1,0,1,0,0,99,99,99,99,99,99,19,0,0,2,1,1
6,62740,1,1,0,1,1,1,1,81,1530,8,12,2016,5,17,35,0,2,3,1,3,SR-1,MIRAMONTES POINT RD,264,37.431,-122.427,0,8,0,0,3,2,0,1,3,2,0,2,0,0,99,99,99,99,88,88,0,0,0,1,0,1
6,62756,1,1,0,0,0,1,1,59,80,11,12,2016,1,1,38,1,2,2,1,3,SR-91,,108,33.854,-117.803,0,32,0,0,1,1,0,4,2,10,0,10,0,0,99,99,99,99,88,88,0,0,0,1,1,2
6,62762,1,1,0,1,1,1,1,65,2650,14,11,2016,2,18,12,0,1,3,1,3,SR-111,VIA MIRALESTE,536,33.845,-116.541,0,8,0,0,3,2,0,1,3,1,0,1,0,0,99,99,99,99,99,99,0,0,0,1,0,1
6,62808,2,1,1,0,0,1,1,95,4010,4,11,2016,6,1,24,1,2,1,1,1,I-80,,303,38.386,-121.937,0,14,0,0,1,1,0,2,3,1,0,1,0,0,99,99,99,99,99,99,0,0,0,1,1,0
6,62813,2,2,0,0,0,4,4,81,3390,10,12,2016,7,3,15,1,2,2,1,2,US-101,,129,37.565,-122.307,0,12,6,0,1,1,0,1,2,10,2,2,0,0,99,99,99,99,99,99,19,23,0,1,2,1
6,62814,2,1,1,0,1,1,2,77,3770,31,12,2016,7,20,31,1,2,1,1,1,I-5,,290,37.964,-121.336,0,14,0,0,1,1,0,2,2,1,0,1,0,0,99,99,99,99,88,88,0,0,0,1,0,1
6,62818,1,1,0,1,1,2,2,59,1790,8,12,2016,5,18,30,0,2,3,1,3,SR-90,,12,33.917,-117.957,0,8,0,0,1,1,0,1,3,1,0,1,0,0,99,99,99,99,88,88,0,0,0,1,0,1
6,62835,1,1,0,1,1,1,1,37,1980,8,11,2016,3,17,40,0,2,2,1,3,SR-90,,16,33.982,-118.432,0,8,0,1,18,1,0,1,5,1,0,1,0,0,99,99,99,99,99,99,0,0,0,1,0,1
6,62837,2,2,0,0,0,2,2,13,820,28,12,2016,4,19,57,1,2,2,1,3,SR-4,,160,38.012,-122.011,0,12,7,0,1,1,0,1,3,1,0,1,0,0,99,99,99,99,88,88,0,0,0,1,0,2
6,62838,1,1,0,0,0,1,1,71,0,25,8,2016,5,99,99,1,1,1,1,1,I-15,,1458,35.346,-115.946,0,34,0,0,1,1,0,4,2,1,0,1,0,0,99,99,99,99,88,88,0,0,0,1,0,1
6,62847,1,1,0,1,1,1,1,95,1260,20,9,2016,3,18,33,1,2,3,1,3,SR-12,BECK AVE,32,38.235,-122.066,0,9,0,0,2,2,0,1,1,1,0,1,0,0,99,99,99,99,88,88,0,0,0,1,0,2
6,62851,1,1,0,1,1,1,1,37,305,29,12,2016,5,19,14,0,2,3,1,3,SR-19,,80,33.905,-118.143,0,8,0,0,1,1,0,1,3,1,0,1,0,0,99,99,99,99,99,99,0,0,0,1,0,2
6,62852,1,1,0,0,0,1,1,59,80,28,8,2016,1,8,51,1,2,2,1,3,SR-57,,134,33.818,-117.876,0,39,0,1,19,1,0,4,1,1,0,1,0,0,99,99,99,99,99,99,0,0,0,1,0,2
6,62864,1,1,0,0,0,1,1,59,1380,5,8,2016,6,4,53,1,2,1,1,1,I-5,,421,33.858,-117.982,0,33,0,0,1,1,0,4,3,10,0,10,0,0,99,99,99,99,88,88,0,0,0,1,0,1
6,62871,1,1,0,1,1,1,1,71,115,6,3,2016,1,18,39,0,2,2,1,3,SR-18,,912,34.521,-117.214,0,8,0,0,1,1,0,1,2,1,0,1,0,0,99,99,99,99,88,88,0,0,0,1,0,2
6,62878,3,3,0,0,0,6,6,73,2904,20,8,2016,7,19,5,0,2,2,1,3,SR-67,,172,32.998,-116.964,0,12,8,0,1,1,0,1,1,1,0,1,0,0,99,99,99,99,99,99,0,0,0,1,1,2
6,62884,5,5,0,0,0,6,6,37,0,15,3,2016,3,17,58,1,2,2,1,3,SR-118,,21,34.276,-118.6,0,12,1,0,1,1,0,1,5,1,0,1,0,0,99,99,99,99,99,99,28,0,0,1,0,2
6,62885,1,1,0,1,1,1,1,71,3000,3,12,2016,7,20,54,1,2,2,1,3,SR-210,,190,34.136,-117.372,1,8,0,1,18,1,0,1,2,1,0,1,0,0,99,99,99,99,88,88,23,0,0,1,0,2
6,62886,1,1,0,0,0,1,1,83,0,20,10,2016,5,19,58,1,2,2,1,2,US-101,,57,34.414,-119.558,0,42,0,0,1,1,0,4,2,1,0,1,0,0,99,99,99,99,88,88,0,0,0,1,1,1
6,62892,1,1,0,1,1,1,1,37,2645,12,8,2016,6,22,13,1,2,3,1,3,SR-138,,454,34.58,-118.096,0,8,0,0,1,1,0,1,3,1,0,1,0,0,99,99,99,99,99,99,0,0,0,1,0,1
6,62903,1,1,0,1,1,1,1,17,3697,5,11,2016,7,22,40,1,2,2,1,2,US-50,,802,38.956,-119.944,0,8,0,0,1,1,0,1,3,1,0,1,0,0,99,99,99,99,88,88,0,0,0,1,0,2
6,62914,2,2,0,0,0,3,3,65,1801,23,10,2016,1,12,11,0,2,2,1,3,SR-74,,181,33.701,-117.328,0,12,6,0,1,1,0,1,1,2,0,2,0,0,99,99,99,99,99,99,0,0,0,1,0,2
6,62917,1,1,0,1,1,3,3,59,1660,28,6,2016,3,21,36,0,2,2,1,3,SR-39,NEWMAN AVE,39,33.705,-117.989,0,8,0,0,2,2,0,1,3,1,0,1,0,0,99,99,99,99,99,99,0,0,0,1,0,2
6,62936,1,1,0,1,1,1,1,83,3460,15,9,2016,5,5,45,1,2,3,1,3,SR-135,ORCHARD ST,167,34.966,-120.436,0,8,0,0,3,2,0,1,3,1,0,1,0,0,99,99,99,99,99,96,0,0,0,1,0,1
6,62948,1,1,0,1,1,2,2,69,3350,10,9,2016,7,23,47,1,2,2,1,3,SR-156,THE ALAMEDA,30,36.841,-121.534,0,8,0,0,2,2,0,1,3,10,0,10,0,0,99,99,99,99,88,88,0,0,0,1,0,2
6,62956,1,1,0,1,1,1,1,73,3260,10,7,2016,1,1,0,0,2,5,4,6,BROADWAY,BROADWAY CIR,0,32.716,-117.163,0,8,0,0,2,2,0,1,3,1,0,1,0,0,99,99,99,99,99,99,0,0,0,1,0,2
6,62958,1,1,0,1,1,1,1,83,3460,20,9,2016,3,16,17,1,2,3,1,2,US-101,INGER DR,140,34.927,-120.436,0,9,0,0,2,3,0,1,1,1,0,1,0,0,99,99,99,99,99,99,0,0,0,1,0,0
6,62966,1,1,0,1,1,1,1,47,1990,28,10,2016,6,20,17,1,2,3,1,3,SR-152,,199,37.057,-120.861,0,8,0,0,1,1,0,1,3,1,0,1,0,0,99,99,99,99,88,88,0,0,0,1,0,1
6,62969,2,2,0,1,1,4,4,47,1990,8,11,2016,3,19,20,1,2,3,1,3,SR-152,WEST I STREET,196,37.057,-120.865,0,12,6,0,2,2,0,1,3,1,0,1,0,0,99,99,99,99,88,88,0,0,0,1,0,1
6,62979,1,1,0,1,1,1,1,37,2060,6,2,2016,7,0,21,0,2,3,1,3,SR-1,KEATS ST,221,33.875,-118.396,0,9,0,0,2,3,0,1,3,1,0,1,0,0,99,99,99,99,99,99,0,0,0,1,1,1
6,62983,3,3,0,0,0,3,3,29,240,14,11,2016,2,4,35,0,2,3,1,3,SR-204,Q STREET,49,35.382,-119.011,0,12,6,0,2,2,0,1,3,1,0,1,0,0,99,99,99,99,99,99,20,0,0,1,1,2
6,62988,2,2,0,0,0,2,2,29,240,23,8,2016,3,0,48,0,2,2,1,3,SR-119,GOSFORD RD,273,35.267,-119.092,0,12,6,0,2,2,0,1,2,1,0,1,0,0,99,99,99,99,88,88,0,0,0,1,0,2
6,62998,2,2,0,1,1,4,4,71,115,29,1,2016,6,20,9,0,2,2,1,3,SR-18,,916,34.527,-117.222,0,8,0,0,1,1,0,1,2,1,0,1,0,0,99,99,99,99,88,88,0,0,0,1,0,2
6,63015,1,1,0,1,1,2,2,37,1550,16,9,2016,6,1,22,1,1,1,1,1,I-405,,200,33.913,-118.37,0,8,0,0,1,1,0,1,2,1,0,1,0,0,99,99,99,99,88,88,0,0,0,1,1,2