STATE,ST_CASE,VE_TOTAL,VE_FORMS,PVH_INVL,PEDS,PERNOTMVIT,PERMVIT,PERSONS,COUNTY,CITY,DAY,MONTH,YEAR,DAY_WEEK,HOUR,MINUTE,NHS,RUR_URB,FUNC_SYS,RD_OWNER,ROUTE,TWAY_ID,TWAY_ID2,MILEPT,LATITUDE,LONGITUD,SP_JUR,HARM_EV,MAN_COLL,RELJCT1,RELJCT2,TYP_INT,WRK_ZONE,REL_ROAD,LGT_COND,WEATHER1,WEATHER2,WEATHER,SCH_BUS,RAIL,NOT_HOUR,NOT_MIN,ARR_HOUR,ARR_MIN,HOSP_HR,HOSP_MN,CF1,CF2,CF3,FATALS,DRUNK_DR,RANK
6,63016,2,2,0,0,0,2,2,37,1980,4,6,2016,7,4,2,1,2,2,1,2,US-101,,121,34.155,-118.385,0,12,2,0,1,1,0,1,3,1,0,1,0,0,99,99,99,99,99,99,0,0,0,1,1,1
6,63021,1,1,0,1,1,2,2,29,4080,26,6,2016,1,20,45,1,2,3,4,3,SR-46,E ST,510,35.602,-119.335,0,8,0,0,2,3,0,1,3,1,0,1,0,0,99,99,99,99,88,88,0,0,0,1,0,1
6,63027,1,1,0,11,11,1,1,73,3260,15,10,2016,7,15,32,1,2,1,1,1,I-5,,138,32.7,-117.143,0,25,0,1,5,1,0,5,1,1,0,1,0,0,99,99,99,99,99,99,0,0,0,4,1,1
6,63028,2,1,1,1,1,1,1,71,790,16,12,2016,6,22,37,1,2,1,1,1,I-10,,220,34.068,-117.336,0,8,0,1,19,1,0,2,2,10,2,2,0,0,99,99,99,99,88,88,0,0,0,1,0,1
6,63048,1,1,0,1,1,2,2,25,0,9,8,2016,3,21,2,1,1,1,1,1,I-8,,779,32.716,-117.919,0,8,0,0,1,1,0,1,2,1,0,1,0,0,99,99,99,99,88,88,0,0,0,1,0,0
6,63049,2,2,0,0,0,4,4,81,0,17,9,2016,7,15,55,0,1,2,1,3,SR-1,PIGEON POINT RD,80,37.185,-122.39,0,12,6,0,2,2,0,1,1,10,0,10,0,0,99,99,99,99,88,88,0,0,0,2,0,1
6,63050,2,2,0,0,0,2,2,81,1065,16,9,2016,6,12,55,1,2,2,1,2,US-101,,13,37.464,-122.147,0,54,11,0,1,1,0,1,1,1,0,1,0,0,99,99,99,99,88,88,14,0,0,1,0,0
6,63060,1,1,0,1,1,2,2,71,680,5,7,2016,3,0,15,0,2,2,1,3,SR-83,,32,33.978,-117.651,0,8,0,0,1,1,0,1,2,1,0,1,0,0,99,99,99,99,88,88,0,0,0,1,1,2
6,63067,1,1,0,1,1,1,1,95,4020,12,9,2016,2,19,57,0,2,3,1,3,SR-29,REDWOOD ST,37,38.123,-122.255,0,8,0,0,2,2,0,1,3,1,0,1,0,0,99,99,99,99,99,99,0,0,0,1,0,2
6,63071,2,2,0,0,0,4,4,37,30,11,11,2016,6,11,50,1,2,1,1,1,I-10,,244,34.072,-118.116,0,12,1,0,1,1,0,1,1,1,0,1,0,0,99,99,99,99,99,99,0,0,0,1,0,1
6,63086,1,1,0,0,0,1,1,25,0,3,4,2016,1,19,37,1,1,1,1,1,I-8,,165,32.75,-115.914,0,42,0,0,1,1,0,3,2,1,0,1,0,0,99,99,99,99,99,99,0,0,0,1,0,0
6,63087,4,4,0,0,0,8,8,21,0,7,6,2016,3,15,22,1,1,1,1,1,I-5,,237,39.724,-122.206,0,12,1,0,1,1,1,1,1,1,0,1,0,0,99,99,99,99,99,99,0,0,0,1,0,1
6,63088,1,1,0,0,0,2,2,37,1980,19,12,2016,2,1,36,1,2,1,1,1,I-5,,182,34.053,-118.214,0,33,0,0,1,1,0,8,2,1,0,1,0,0,99,99,99,99,99,99,0,0,0,1,1,1
6,63089,1,1,0,1,1,2,2,71,2960,19,12,2016,2,1,37,1,2,1,1,1,I-10,,234,34.037,-117.15,0,8,0,0,1,1,0,1,2,1,0,1,0,0,99,99,99,99,88,88,23,19,0,1,0,1
6,63104,2,2,0,1,1,2,2,37,1808,26,11,2016,7,1,13,1,2,1,1,1,I-605,,12,33.824,-118.082,0,12,6,0,1,1,0,1,2,1,0,1,0,0,99,99,99,99,99,99,19,23,0,1,0,2
6,63120,1,1,0,1,1,1,1,67,0,21,12,2016,4,6,21,1,8,98,98,1,I-5,,99999,100,1000,9,8,0,1,19,1,0,3,2,1,0,1,0,0,99,99,99,99,88,88,23,19,0,1,0,1
6,63122,2,2,0,0,0,5,5,65,2116,31,7,2016,1,18,15,0,2,3,1,3,SR-74,,279,33.752,-117.185,0,12,6,0,8,1,0,1,1,1,0,1,0,0,99,99,99,99,99,99,0,0,0,1,0,2
6,63124,2,2,0,0,0,4,4,71,4040,16,6,2016,5,10,45,0,2,3,1,3,SR-18,DEL GADO RD,977,34.507,-117.343,0,12,2,0,2,2,0,1,1,1,0,1,0,0,99,99,99,99,88,88,0,0,0,1,1,2
6,63125,1,1,0,0,0,1,1,73,2510,11,6,2016,7,1,50,0,2,2,1,3,SR-76,,99998,33.202,-117.384,0,33,0,0,1,1,0,3,3,1,0,1,0,0,99,99,99,99,88,88,0,0,0,1,1,2
6,63128,1,1,0,1,1,1,1,73,2510,3,7,2016,1,23,11,0,2,2,1,3,SR-76,,540,33.203,-117.384,0,8,0,0,1,1,0,1,3,1,0,1,0,0,99,99,99,99,99,99,0,0,0,1,1,2
6,63129,1,1,0,0,0,1,1,81,1530,20,11,2016,1,0,55,0,2,3,1,3,SR-1,,270,37.439,-122.428,0,42,0,0,1,1,0,4,2,10,0,10,0,0,99,99,99,99,88,88,0,0,0,1,1,1
6,63131,2,1,1,0,0,2,2,85,3340,17,8,2016,4,1,50,1,2,2,1,2,US-101,,327,37.314,-121.826,0,14,0,0,1,1,0,2,3,1,0,1,0,0,99,99,99,99,99,99,0,0,0,1,0,0
6,63132,1,1,0,0,0,1,1,73,2510,3,6,2016,6,12,57,0,2,2,1,3,SR-76,,90,33.254,-117.254,0,25,0,0,1,1,0,3,1,1,0,1,0,0,99,99,99,99,88,88,0,0,0,1,1,2
6,63133,3,3,0,0,0,6,6,73,2510,28,8,2016,1,19,2,0,2,2,1,3,SR-76,OLD GROVE RD,49,33.233,-117.308,0,12,1,0,3,2,0,1,5,1,0,1,0,0,99,99,99,99,99,99,14,0,0,1,1,2
6,63155,2,2,0,0,0,3,3,85,3340,16,10,2016,1,1,5,1,2,2,1,2,US-101,,352,37.344,-121.856,0,12,1,1,18,1,0,1,2,10,0,10,0,0,99,99,99,99,99,99,23,0,0,1,0,0
6,63157,1,1,0,1,1,1,1,75,3290,13,10,2016,5,5,18,1,2,1,1,1,I-80,,39,37.769,-122.408,0,8,0,0,1,1,0,1,2,10,0,10,0,0,99,99,99,99,88,88,0,0,0,1,0,0
6,63179,3,3,0,0,0,7,7,1,2480,23,11,2016,4,22,2,1,2,1,1,1,I-580,,390,37.466,-122.103,0,12,7,0,1,1,0,1,3,1,0,1,0,0,99,99,99,99,88,88,0,0,0,1,0,2
6,63180,1,1,0,0,0,1,1,85,3340,23,11,2016,4,14,15,1,2,2,1,2,US-101,,389,37.368,-121.909,0,24,0,0,1,1,0,3,1,10,0,10,0,0,99,99,99,99,88,88,0,0,0,1,0,0
6,63181,3,3,0,0,0,5,5,87,0,5,9,2016,2,20,40,9,8,98,98,3,SR-1,,99999,36.962,-122.077,9,12,8,0,1,1,0,1,2,1,0,1,0,0,99,99,99,99,99,99,0,0,0,1,1,1
6,63186,1,1,0,1,1,3,3,59,1660,19,11,2016,7,19,21,0,2,3,1,3,SR-39,TAYLOR DR,34,33.698,-117.989,0,15,0,0,2,2,0,1,3,1,0,1,0,0,99,99,99,99,99,99,0,0,0,1,0,2
6,63189,3,3,0,0,0,3,3,107,4050,21,12,2016,4,21,34,0,2,3,1,3,SR-63,,98,36.351,-119.297,0,12,6,0,8,1,0,1,3,1,0,1,0,0,99,99,99,99,99,99,0,0,0,1,0,2
6,63196,1,1,0,1,1,3,3,71,3210,9,12,2016,6,20,45,1,2,2,1,3,SR-210,,219,34.145,-117.318,0,8,0,0,1,1,0,1,2,1,0,1,0,0,99,99,99,99,88,88,0,0,0,1,0,2
6,63210,1,1,0,1,1,2,2,33,1,11,10,2016,3,19,8,0,1,3,1,3,SR-20,MAIN ST,89,39.162,-122.912,0,8,0,0,2,2,0,1,3,1,0,1,0,0,99,99,99,99,88,88,0,0,0,1,0,2
6,63214,1,1,0,1,1,1,1,7,1490,29,12,2016,5,17,37,0,1,3,4,3,SR-99,,40,39.355,-121.688,0,8,0,0,1,1,0,1,2,1,0,1,0,0,99,99,99,99,88,88,0,0,0,1,0,2
6,63220,2,2,0,0,0,2,2,29,522,11,9,2016,1,0,11,1,2,2,1,3,SR-58,HYUNDAI KIA RD,1214,35.021,-118.027,0,12,1,0,2,2,0,1,2,1,0,1,0,0,99,99,99,99,88,88,0,0,0,1,0,1
6,63227,2,2,0,0,0,3,3,71,2550,16,12,2016,6,7,30,1,2,1,1,1,I-15,,20,34.061,-117.545,0,12,10,0,1,1,0,1,1,2,10,2,0,0,99,99,99,99,99,99,0,0,0,1,0,1
6,63228,4,4,0,0,0,6,6,37,1110,2,9,2016,6,15,10,1,2,1,1,1,I-10,,301,34.066,-118.018,0,25,0,0,1,1,0,3,1,1,0,1,0,0,99,99,99,99,88,88,14,28,0,1,0,1
6,63233,2,2,0,0,0,4,4,71,0,3,11,2016,5,16,15,1,1,2,1,3,SR-62,,48,34.08,-116.537,0,12,98,0,1,1,0,1,1,1,0,1,0,0,99,99,99,99,99,99,0,0,0,1,1,0
6,63235,1,1,0,1,1,2,2,25,1680,13,10,2016,5,19,39,0,2,3,1,3,SR-86,,98,32.833,-115.57,0,8,0,0,1,1,0,1,2,1,0,1,0,0,99,99,99,99,88,88,0,0,0,1,0,1
6,63236,2,2,0,0,0,3,3,37,0,23,11,2016,4,6,43,1,2,1,1,1,I-405,,310,34.049,-118.448,0,1,0,0,1,1,0,1,1,1,0,1,0,0,88,88,88,88,88,88,0,0,0,1,0,2
6,63237,1,1,0,0,0,2,2,33,0,26,11,2016,7,0,13,1,1,2,1,3,SR-29,,525,39.163,-122.921,0,59,0,0,1,1,0,4,3,2,10,2,0,0,88,88,88,88,88,88,0,0,0,2,1,2
6,63240,2,2,0,2,2,1,1,113,0,26,9,2016,2,2,40,1,1,1,1,1,I-80,,85,38.572,-121.592,0,12,7,0,1,1,0,1,2,1,0,1,0,0,99,99,99,99,99,99,18,23,0,1,0,0
6,63241,1,1,0,0,0,6,6,59,3558,22,10,2016,7,22,56,1,1,1,1,1,I-405,,0,33.776,-118.087,0,25,0,0,1,1,0,3,3,1,0,1,0,0,99,99,99,99,88,88,0,0,0,1,0,2
6,63242,1,1,0,1,1,1,1,67,3150,26,11,2016,7,23,58,1,2,1,1,1,I-80,,34,38.636,-121.497,0,8,0,0,1,1,0,1,3,2,0,2,0,0,99,99,99,99,88,88,0,0,0,1,0,0
6,63244,1,1,0,1,1,3,3,87,0,19,11,2016,7,19,40,0,2,2,1,3,SR-152,,169,36.933,-121.744,0,8,0,0,1,1,0,1,3,10,2,2,0,0,99,99,99,99,99,99,0,0,0,1,0,1
6,63245,2,1,1,0,2,2,4,71,0,3,8,2016,4,3,45,1,2,1,1,1,I-15,,0,35.465,-115.613,0,14,0,0,1,1,0,2,2,1,0,1,0,0,99,99,99,99,99,99,23,0,0,1,0,1
6,63258,3,3,0,0,0,6,6,73,3260,3,12,2016,7,5,18,1,2,1,1,1,I-5,,34,32.568,-117.076,0,12,2,0,1,1,0,1,2,1,0,1,0,0,99,99,99,99,99,99,0,0,0,1,0,1
6,63261,1,1,0,1,1,1,1,99,2470,3,8,2016,4,5,45,0,2,3,1,3,SR-108,STANISLAUS AVE,374,37.761,-120.86,0,8,0,0,3,2,0,1,3,1,0,1,0,0,99,99,99,99,88,88,0,0,0,1,0,1
6,63262,2,2,0,1,1,2,2,65,750,20,12,2016,3,23,25,0,2,2,1,3,SR-88,,991,33.674,-116.147,0,8,0,0,1,1,0,1,2,10,0,10,0,0,99,99,99,99,88,88,0,0,0,1,0,1
6,63283,1,1,0,1,1,1,1,65,2646,7,11,2016,2,17,9,9,8,98,98,9,SR-74,,99999,33.706,-116.396,9,8,0,0,1,1,0,1,5,1,0,1,0,0,99,99,99,99,99,99,0,0,0,1,0,2
6,63290,1,1,0,0,0,4,4,37,0,30,7,2016,7,7,50,1,8,98,98,1,I-405,,99999,33.934,-118.369,0,59,0,0,1,1,0,4,1,1,0,1,0,0,99,99,99,99,99,99,0,0,0,3,0,2
6,63306,1,1,0,1,1,1,1,47,1990,20,12,2016,3,22,8,0,8,98,98,3,SR-165,,0,37.077,-120.835,0,8,0,0,1,1,0,1,3,1,0,1,0,0,99,99,99,99,88,88,0,0,0,1,0,2
6,63328,1,1,0,1,1,1,1,17,0,28,12,2016,4,17,40,9,1,2,1,3,SR-49,,99999,38.891,-121.016,0,8,0,0,1,1,0,1,2,1,0,1,0,0,99,99,99,99,88,88,0,0,0,1,1,1
6,63336,1,1,0,0,0,1,1,73,0,16,12,2016,6,99,99,1,1,1,1,1,I-8,,99999,32.825,-116.613,0,59,0,0,1,1,0,4,2,10,2,2,0,0,99,99,99,99,88,88,0,0,0,1,0,0
6,63337,1,1,0,0,0,3,3,85,0,11,11,2016,6,15,10,0,1,2,1,3,SR-9,,46,37.248,-122.073,0,42,0,0,1,1,0,4,1,1,0,1,0,0,99,99,99,99,99,99,0,0,0,1,0,2
6,63341,2,2,0,0,0,5,5,37,2870,2,9,2016,6,23,49,9,8,98,98,9,SR-71,OLD POMONA RD,99999,100,1000,9,12,6,0,3,3,0,1,3,1,0,1,0,0,99,99,99,99,99,99,0,0,0,1,0,2
6,63345,5,5,0,0,0,6,6,19,0,6,5,2016,6,10,57,1,8,1,1,1,I-5,,99999,36.272,-120.255,0,12,1,0,1,1,0,1,1,10,0,10,0,0,99,99,99,99,99,99,0,0,0,1,0,1
6,63346,1,1,0,0,0,1,1,65,3070,26,9,2016,2,5,15,9,8,98,98,3,SR-91,,99999,33.975,-117.372,0,35,0,0,1,1,0,4,3,1,0,1,0,0,88,88,88,88,88,88,0,0,0,1,1,2
6,63347,5,5,0,1,1,7,7,1,20,14,11,2016,2,4,22,1,2,1,1,1,I-580,,476,37.892,-122.309,0,8,0,1,18,1,0,1,2,10,0,10,0,0,99,99,99,99,88,88,0,0,0,1,0,2
6,63348,2,2,0,1,1,3,3,37,30,19,12,2016,2,21,55,1,2,1,1,1,I-10,,239,34.071,-118.125,0,8,0,1,18,1,0,1,3,1,0,1,0,0,99,99,99,99,88,88,0,0,0,1,0,1
6,63349,1,1,0,3,3,1,1,37,1980,29,11,2016,3,18,5,1,2,1,1,1,I-405,,434,34.216,-118.473,0,33,0,0,1,1,0,4,2,1,0,1,0,0,99,99,99,99,99,99,0,0,0,1,0,2
6,63365,2,2,0,0,0,8,8,37,0,24,10,2016,2,1,50,1,2,1,1,1,I-605,,112,33.962,-118.086,0,12,1,0,1,1,0,1,2,10,0,10,0,0,99,99,99,99,99,99,0,0,0,1,0,2
6,63373,1,1,0,1,1,1,1,71,3970,25,5,2016,4,10,48,0,2,3,1,3,SR-62,,310,34.136,-115.969,0,31,0,0,1,1,0,4,1,1,0,1,0,0,99,99,99,99,88,88,0,0,0,1,0,0
6,63378,2,2,0,0,0,2,2,37,1970,10,8,2016,4,16,56,0,2,3,1,3,SR-1,LEMON AVENUE,56,33.79,-118.178,0,12,6,0,2,2,0,1,1,1,0,1,0,0,99,99,99,99,88,88,0,0,0,1,0,1
6,63380,1,1,0,1,1,2,2,89,2950,11,8,2016,5,8,27,1,2,3,1,3,SR-299,BOULDER DR,244,40.611,-122.37,0,9,0,0,3,2,0,1,1,1,0,1,0,0,99,99,99,99,99,99,0,0,0,1,0,0
32,320001,2,2,0,0,0,2,2,3,0,10,1,2016,1,1,48,1,1,1,1,1,I-15,,99998,36.385,-114.889,0,12,1,0,1,1,0,1,2,10,0,10,0,0,1,52,2,8,88,88,0,0,0,1,0,1
32,320007,1,1,0,0,0,1,1,31,170,1,2,2016,2,14,15,1,2,2,1,2,US-395,,706,39.556,-119.788,0,30,0,1,19,1,0,4,1,1,0,1,0,0,14,17,14,41,15,2,0,0,0,1,0,0
32,320016,3,3,0,0,0,7,7,3,0,24,1,2016,1,11,28,1,1,1,1,1,I-15,,730,36.515,-114.744,0,12,1,0,1,1,0,1,1,1,0,1,0,0,11,32,11,54,88,88,14,0,0,1,1,1
32,320027,3,3,0,0,0,5,5,3,0,26,2,2016,6,9,35,1,1,1,1,1,I-15,,900,36.651,-114.584,0,12,7,0,1,1,0,1,1,1,0,1,0,0,9,49,9,52,11,34,19,0,0,1,0,1
32,320031,2,2,0,0,0,4,4,3,0,5,3,2016,7,2,0,1,2,2,1,2,US-95,,939,36.356,-115.344,3,12,1,0,1,1,0,1,2,1,0,1,0,0,2,5,2,15,3,15,0,0,0,1,1,0
32,320033,1,1,0,0,0,2,2,3,0,26,2,2016,6,8,57,1,1,1,1,1,I-15,,894,36.666,-114.562,0,1,0,0,1,1,0,1,1,1,0,1,0,0,99,99,99,99,99,99,0,0,0,1,0,1
32,320046,1,1,0,0,0,1,1,3,0,2,4,2016,7,7,48,1,2,1,1,1,I-15,,99998,36.144,-115.171,0,7,0,0,1,1,0,1,1,1,0,1,0,0,7,51,7,54,8,12,0,0,0,1,0,1
32,320048,2,2,0,0,0,3,3,5,0,16,1,2016,7,21,40,1,1,3,1,2,US-50,,82,39.067,-119.941,0,12,6,0,1,1,0,1,2,1,0,1,0,0,21,44,21,56,22,27,0,0,0,1,0,2
32,320051,1,1,0,0,0,3,3,33,0,7,4,2016,5,17,17,1,1,3,1,2,US-50,,2962,39.409,-115.574,0,59,0,0,1,1,0,4,1,1,0,1,0,0,17,11,17,45,88,88,0,0,0,1,0,2
32,320053,1,1,0,1,1,2,2,3,110,24,2,2016,4,23,0,1,2,3,1,3,SR-582 BOULDER HWY,,99998,36.051,-114.995,0,8,0,0,1,1,0,1,3,10,0,10,0,0,23,4,23,8,88,88,0,0,0,1,0,2
32,320068,2,2,0,0,0,5,5,3,0,28,5,2016,7,21,55,1,1,1,1,1,I-15,,126,35.783,-115.327,0,12,1,0,1,1,0,1,3,1,0,1,0,0,22,7,22,23,22,45,0,0,0,1,0,1
32,320069,1,1,0,0,0,1,1,21,0,3,7,2016,1,6,45,1,1,3,1,2,US-95,,3701,38.525,-118.219,0,59,0,0,1,1,0,4,1,1,0,1,0,0,6,55,7,19,99,99,0,0,0,1,1,0
32,320070,1,1,0,0,0,4,4,21,0,29,4,2016,6,17,47,1,1,3,1,2,US-95,,3518,38.293,-118.102,0,1,0,0,1,1,0,4,1,10,0,10,0,0,99,99,99,99,99,99,0,0,0,1,0,0
32,320092,1,1,0,0,0,5,5,3,0,18,5,2016,4,16,30,1,1,1,1,1,I-15,,790,36.505,-114.757,0,31,0,0,1,1,0,3,1,1,0,1,0,0,16,44,17,11,17,42,0,0,0,1,0,1
32,320103,1,1,0,1,1,1,1,3,110,19,5,2016,5,23,54,1,2,3,1,3,SR-582 BOULDER HWY,,99998,36.062,-115.007,0,8,0,0,1,1,0,1,2,1,0,1,0,0,23,54,0,0,99,99,0,0,0,1,0,2
32,320104,1,1,0,0,0,6,6,21,0,7,5,2016,7,8,15,1,1,3,1,2,US-95,,4086,38.703,-118.767,0,1,0,0,1,1,0,4,1,2,10,2,0,0,8,18,8,30,99,99,0,0,0,1,0,0
32,320115,1,1,0,0,0,1,1,31,0,9,6,2016,5,20,30,1,1,1,1,1,I-80,,400,39.592,-119.369,0,24,0,1,19,1,0,4,5,1,0,1,0,0,20,33,20,53,88,88,0,0,0,1,1,0
32,320117,1,1,0,0,0,1,1,15,0,18,6,2016,7,10,15,1,1,3,1,2,US-50,,2007,39.486,-117.051,0,17,0,0,1,1,0,4,1,1,0,1,0,0,10,11,11,24,13,12,0,0,0,1,0,2
32,320129,2,2,0,0,0,5,5,21,0,7,7,2016,5,10,52,1,1,3,1,2,US-95,,4344,39.066,-118.785,0,12,2,0,1,1,0,1,1,1,0,1,0,0,10,58,11,28,12,6,0,0,0,1,0,0
32,320131,1,1,0,0,0,1,1,3,0,14,6,2016,3,11,45,1,1,1,1,1,I-15,,550,36.291,-115.004,0,1,0,0,1,1,0,4,1,1,0,1,0,0,11,51,11,59,12,33,0,0,0,1,0,1
32,320135,4,4,0,0,0,6,6,7,0,9,7,2016,7,12,29,1,1,2,1,2,US-93,,4684,41.285,-114.825,0,12,1,0,1,1,1,1,1,1,0,1,0,0,12,40,13,19,15,0,0,0,0,1,0,0
32,320151,2,2,0,0,0,2,2,3,0,23,5,2016,2,21,15,1,1,3,1,2,US-93,,740,36.688,-114.927,0,12,2,0,1,1,0,1,2,1,0,1,0,0,21,23,22,5,88,88,0,0,0,1,1,0
32,320155,1,1,0,0,0,1,1,3,0,26,7,2016,3,18,43,1,1,1,1,1,I-15,,1040,36.756,-114.379,0,1,0,0,1,1,0,4,1,1,0,1,0,0,99,99,99,99,88,88,0,0,0,1,1,1
32,320160,1,1,0,0,0,2,2,33,0,6,8,2016,7,8,57,1,1,3,1,2,US-50,,0,39.379,-115.905,0,31,0,0,1,1,0,4,1,1,0,1,0,0,99,99,99,99,99,99,0,0,0,1,0,2
32,320162,1,1,0,1,1,2,2,3,110,19,7,2016,3,23,11,1,2,3,1,3,SR-582 BOULDER HWY,KING ST,99998,36.055,-114.999,0,8,0,0,3,3,0,1,2,1,0,1,0,0,23,11,23,16,88,88,0,0,0,1,0,2
32,320170,1,1,0,1,1,1,1,1,0,15,9,2016,5,23,30,1,1,1,1,1,I-80,,656,39.917,-118.815,0,8,0,0,1,1,0,1,2,1,0,1,0,0,88,88,88,88,88,88,0,0,0,1,0,0
32,320172,1,1,0,0,0,3,3,5,0,16,10,2016,1,15,10,1,1,3,1,2,US-50,,57,38.978,-119.936,0,31,0,0,1,1,0,4,1,10,2,2,0,0,15,9,15,16,16,0,0,0,0,1,0,2
32,320173,1,1,0,0,0,3,3,33,0,17,10,2016,2,15,13,1,1,3,1,2,US-93,,166,38.904,-114.518,0,1,0,0,1,1,0,1,1,10,0,10,0,0,99,99,99,99,88,88,0,0,0,1,0,0
32,320182,1,1,0,0,0,5,5,3,0,7,8,2016,1,15,0,1,1,1,1,1,I-15,,763,36.497,-114.772,0,31,0,0,1,1,0,3,1,1,0,1,0,0,15,9,15,37,16,6,0,0,0,3,0,1
32,320185,2,1,1,0,2,2,4,31,0,17,9,2016,7,22,24,1,1,1,1,1,I-80,,99998,39.523,-119.865,0,14,0,1,5,1,0,2,3,1,0,1,0,0,99,99,99,99,99,99,23,0,0,2,1,0
32,320189,1,1,0,0,0,1,1,1,0,15,12,2016,5,17,45,1,1,3,1,2,US-50,,904,39.515,-117.756,0,11,0,0,1,1,0,1,2,2,0,2,0,0,99,99,99,99,88,88,0,0,0,1,0,2
32,320190,1,1,0,1,1,1,1,3,0,10,8,2016,4,23,19,1,2,3,1,3,SR-582 BOULDER HWY,SR-612 NELLIS BLVD,99998,36.113,-115.064,0,8,0,0,3,2,0,1,3,1,0,1,0,0,23,19,99,99,88,88,0,0,0,1,0,2
32,320192,1,1,0,0,0,4,4,3,120,11,8,2016,5,13,30,1,2,3,1,2,US-95,,99998,36.292,-115.281,0,20,0,0,1,1,0,3,1,1,0,1,0,0,13,36,13,46,14,4,0,0,0,1,0,0
32,320201,1,1,0,0,0,1,1,3,0,28,8,2016,1,6,7,1,1,1,1,1,I-15,,1024,36.749,-114.405,0,31,0,0,1,1,0,4,4,1,0,1,0,0,99,99,99,99,88,88,0,0,0,1,1,1
32,320202,1,1,0,1,1,1,1,3,0,28,8,2016,1,7,49,1,2,1,1,1,I-15,,380,36.116,-115.181,0,8,0,0,1,1,0,1,1,1,0,1,0,0,7,51,7,55,8,23,0,0,0,1,0,1
32,320203,2,2,0,0,0,3,3,3,0,1,9,2016,5,14,48,1,2,3,2,3,SR-582 BOULDER HWY,RUSSELL RD,99998,36.085,-115.033,0,12,6,0,2,2,0,1,1,1,0,1,0,0,14,48,14,52,15,12,0,0,0,1,0,2
32,320225,2,2,0,0,0,3,3,13,0,4,10,2016,3,18,54,1,1,3,1,2,US-95,,6342,41.547,-117.787,0,12,2,0,1,1,0,1,2,10,0,10,0,0,99,99,99,99,88,88,0,0,0,1,1,0
32,320234,1,1,0,0,0,1,1,1,0,3,12,2016,7,23,0,1,1,1,1,1,I-80,,680,39.814,-119.001,0,1,0,0,1,1,0,3,2,1,0,1,0,0,99,99,99,99,88,88,0,0,0,1,1,0
32,320236,1,1,0,0,0,1,1,27,0,8,11,2016,3,4,40,1,1,1,1,1,I-80,,1086,40.203,-118.428,0,1,0,0,1,1,0,3,2,1,0,1,0,0,99,99,99,99,88,88,0,0,0,1,0,0
32,320249,2,2,0,0,0,3,3,3,0,8,10,2016,7,6,23,1,2,1,1,1,I-215,,99998,36.024,-115.103,0,12,7,1,18,1,0,1,4,1,0,1,0,0,6,25,6,31,6,52,0,0,0,1,0,1
32,320256,2,2,0,0,0,3,3,3,0,22,10,2016,7,18,26,1,2,1,1,1,I-15,,350,36.073,-115.181,0,12,7,0,1,1,0,1,3,1,0,1,0,0,18,26,18,43,99,99,0,0,0,1,0,1
32,320261,1,1,0,1,1,1,1,3,0,6,11,2016,1,23,30,1,1,1,1,1,I-15,,72,35.721,-115.363,0,8,0,0,1,1,0,1,2,1,0,1,0,0,23,37,23,50,88,88,0,0,0,1,0,1
32,320262,1,1,0,1,1,1,1,3,120,13,11,2016,1,18,20,1,2,1,1,1,I-15,,476,36.233,-115.111,0,8,0,0,1,1,0,1,2,1,0,1,0,0,99,99,99,99,88,88,0,0,0,1,0,1
32,320263,1,1,0,0,0,1,1,3,0,18,9,2016,1,11,40,1,2,1,1,1,I-15,,480,36.232,-115.112,0,59,0,0,1,1,0,4,1,1,0,1,0,0,11,41,11,48,12,5,0,0,0,1,0,1
32,320273,2,2,0,0,0,2,2,3,0,25,10,2016,3,7,0,1,2,2,1,2,US-95,,485,35.881,-114.926,0,12,1,0,1,1,0,1,4,5,4,4,0,0,99,99,99,99,99,99,0,0,0,1,0,0
32,320278,1,1,0,1,1,1,1,3,0,29,9,2016,5,11,23,1,2,2,1,2,US-95,,99998,36.132,-115.089,0,8,0,1,18,1,0,1,1,1,0,1,0,0,11,23,99,99,88,88,0,0,0,1,0,0
32,320279,1,1,0,0,0,1,1,31,170,8,12,2016,5,22,13,1,2,1,1,1,I-580,,250,39.523,-119.783,0,24,0,1,19,1,0,4,3,10,0,10,0,0,22,12,22,16,22,58,0,0,0,1,1,2
32,320280,2,2,0,0,0,6,6,9,0,28,12,2016,4,14,14,1,1,3,1,2,US-95,,2778,37.892,-117.243,0,12,2,0,1,1,0,1,1,1,0,1,0,0,14,17,14,33,99,99,0,0,0,3,0,0
32,320299,2,2,0,0,0,2,2,3,0,12,12,2016,2,18,22,1,1,1,1,1,I-15,,1115,36.779,-114.256,0,12,1,0,1,1,0,1,2,1,0,1,0,0,99,99,99,99,88,88,0,0,0,1,1,1
41,410115,2,2,0,0,0,3,3,15,0,29,4,2016,6,16,45,1,1,3,1,2,US-101 (ODOT 9),,3610,41.958,-124.204,0,12,1,0,1,1,0,1,1,1,0,1,0,0,16,45,16,52,99,99,0,0,0,1,0,0